Timestamp;Open;High;Low;Close;Volume (BTC);Volume (Currency);Weighted Price
01.01.2017 00:00;0;0;0;0;0;0;0
01.01.2017 00:01;966.34;966.34;966.34;966.34;7.61;7353.85;966.34
01.01.2017 00:02;966.16;966.37;966.16;966.37;8.09;7814.88;966.31
01.01.2017 00:03;0;0;0;0;0;0;0
01.01.2017 00:04;0;0;0;0;0;0;0
01.01.2017 00:05;966.43;966.43;966.43;966.43;0.11;103.41;966.43
01.01.2017 00:06;966.58;966.58;966.58;966.58;0.33;320.65;966.58
01.01.2017 00:07;0;0;0;0;0;0;0
01.01.2017 00:08;0;0;0;0;0;0;0
01.01.2017 00:09;0;0;0;0;0;0;0
01.01.2017 00:10;966.57;966.57;966.57;966.57;0.7;672.31;966.57
01.01.2017 00:11;966.57;966.57;966.44;966.44;1.28;1241.35;966.48
01.01.2017 00:12;966.08;966.08;964.6;965.58;3.47;3351.12;965.29
01.01.2017 00:13;965.54;965.58;965.54;965.58;1.1;1066.14;965.56
01.01.2017 00:14;965.55;965.55;965.55;965.55;0.11;102.35;965.55
01.01.2017 00:15;965.59;966.57;965.59;966.57;20;19323.73;966.19
01.01.2017 00:16;966.22;966.22;965.56;965.56;0.36;343.39;965.98
01.01.2017 00:17;0;0;0;0;0;0;0
01.01.2017 00:18;965.56;965.56;965.55;965.55;0.35;338.81;965.56
01.01.2017 00:19;965.6;965.6;965.55;965.55;0.07;64.69;965.57
01.01.2017 00:20;0;0;0;0;0;0;0
01.01.2017 00:21;0;0;0;0;0;0;0
01.01.2017 00:22;966.34;966.54;966.34;966.54;0.18;171.07;966.51
01.01.2017 00:23;966.54;966.54;966.54;966.54;0.03;31.93;966.54
01.01.2017 00:24;966.54;966.54;964.87;964.87;0.46;444.88;965.27
01.01.2017 00:25;0;0;0;0;0;0;0
01.01.2017 00:26;0;0;0;0;0;0;0
01.01.2017 00:27;0;0;0;0;0;0;0
01.01.2017 00:28;0;0;0;0;0;0;0
01.01.2017 00:29;965.26;965.26;965.24;965.24;6.88;6640.9;965.25
01.01.2017 00:30;0;0;0;0;0;0;0
01.01.2017 00:31;0;0;0;0;0;0;0
01.01.2017 00:32;0;0;0;0;0;0;0
01.01.2017 00:33;0;0;0;0;0;0;0
01.01.2017 00:34;0;0;0;0;0;0;0
01.01.2017 00:35;966.37;966.37;966.37;966.37;0.16;157.52;966.37
01.01.2017 00:36;0;0;0;0;0;0;0
01.01.2017 00:37;966.4;966.4;966.4;966.4;5.17;4996.29;966.4
01.01.2017 00:38;966.06;966.39;966.06;966.39;0.38;366.02;966.32
01.01.2017 00:39;0;0;0;0;0;0;0
01.01.2017 00:40;966.39;966.4;966.39;966.4;5.16;4988.03;966.4
01.01.2017 00:41;0;0;0;0;0;0;0
01.01.2017 00:42;966.39;966.39;966.39;966.39;5.16;4988.03;966.39
01.01.2017 00:43;0;0;0;0;0;0;0
01.01.2017 00:44;966.38;966.38;966.38;966.38;0.06;56.05;966.38
01.01.2017 00:45;966.38;966.4;965.94;965.94;5.02;4851.29;966.39
01.01.2017 00:46;966.4;966.4;966;966;9.07;8769.95;966.39
01.01.2017 00:47;965.99;966.4;965.99;966.4;0.12;115.92;966.11
01.01.2017 00:48;966.4;966.98;966.4;966.97;20.66;19968.54;966.65
01.01.2017 00:49;0;0;0;0;0;0;0
01.01.2017 00:50;966.97;966.97;966.97;966.97;0.09;85.09;966.97
01.01.2017 00:51;0;0;0;0;0;0;0
01.01.2017 00:52;0;0;0;0;0;0;0
01.01.2017 00:53;966.97;966.97;966.97;966.97;0.03;29.98;966.97
01.01.2017 00:54;966.97;966.97;966.97;966.97;0.04;33.84;966.97
01.01.2017 00:55;966.97;966.97;966.97;966.97;0.04;34.65;966.97
01.01.2017 00:56;966.97;966.99;966.59;966.99;0.15;141.77;966.72
01.01.2017 00:57;0;0;0;0;0;0;0
01.01.2017 00:58;966.6;966.6;966.6;966.6;0.06;58.96;966.6
01.01.2017 00:59;0;0;0;0;0;0;0
01.01.2017 01:00;966.6;966.6;966.6;966.6;0.12;113.09;966.6
01.01.2017 01:01;0;0;0;0;0;0;0
01.01.2017 01:02;0;0;0;0;0;0;0
01.01.2017 01:03;966.6;966.6;966.59;966.59;0.16;151.41;966.59
01.01.2017 01:04;966.6;966.6;966.6;966.6;0.05;44.46;966.6
01.01.2017 01:05;966.6;966.6;966.6;966.6;0.09;86.99;966.6
01.01.2017 01:06;0;0;0;0;0;0;0
01.01.2017 01:07;0;0;0;0;0;0;0
01.01.2017 01:08;966.59;966.6;966.59;966.6;9.01;8707.15;966.59
01.01.2017 01:09;966.59;966.59;965.08;965.08;20;19324.69;966.23
01.01.2017 01:10;966.09;966.09;963.99;963.99;30;28942.53;964.75
01.01.2017 01:11;963.87;963.95;963.87;963.93;20;19278.17;963.91
01.01.2017 01:12;964.01;964.01;963.64;963.64;20;19278.57;963.93
01.01.2017 01:13;0;0;0;0;0;0;0
01.01.2017 01:14;963.81;963.81;962.54;962.54;30;28893.28;963.11
01.01.2017 01:15;0;0;0;0;0;0;0
01.01.2017 01:16;964.54;965.02;964.54;965.02;0.15;143.74;964.73
01.01.2017 01:17;0;0;0;0;0;0;0
01.01.2017 01:18;964.47;964.47;964.47;964.47;0.02;18.32;964.47
01.01.2017 01:19;964.37;964.37;964.37;964.37;0.04;34.72;964.37
01.01.2017 01:20;962.9;962.9;962.87;962.87;0.19;184.88;962.89
01.01.2017 01:21;962.94;962.94;962.87;962.87;0.62;599.19;962.87
01.01.2017 01:22;964.06;964.43;964.06;964.43;0.16;155.27;964.41
01.01.2017 01:23;0;0;0;0;0;0;0
01.01.2017 01:24;963.95;963.95;963.95;963.95;0.14;130.18;963.95
01.01.2017 01:25;0;0;0;0;0;0;0
01.01.2017 01:26;0;0;0;0;0;0;0
01.01.2017 01:27;962.88;962.88;962.88;962.88;0.02;15.05;962.88
01.01.2017 01:28;0;0;0;0;0;0;0
01.01.2017 01:29;0;0;0;0;0;0;0
01.01.2017 01:30;962.88;962.88;962.88;962.88;0.01;9.46;962.88
01.01.2017 01:31;963.52;963.52;963.45;963.45;0.2;192.7;963.49
01.01.2017 01:32;0;0;0;0;0;0;0
01.01.2017 01:33;963.46;963.46;963.46;963.46;0.12;111.76;963.46
01.01.2017 01:34;0;0;0;0;0;0;0
01.01.2017 01:35;964.04;964.04;964.04;964.04;0.05;48.2;964.04
01.01.2017 01:36;964.15;964.15;964.15;964.15;0.04;34.71;964.15
01.01.2017 01:37;964.05;964.05;964.05;964.05;8;7712.4;964.05
01.01.2017 01:38;0;0;0;0;0;0;0
01.01.2017 01:39;0;0;0;0;0;0;0
01.01.2017 01:40;964.15;964.15;964.15;964.15;0.05;48.21;964.15
01.01.2017 01:41;0;0;0;0;0;0;0
01.01.2017 01:42;963.07;963.07;963.07;963.07;4.32;4164.02;963.07
01.01.2017 01:43;0;0;0;0;0;0;0
01.01.2017 01:44;0;0;0;0;0;0;0
01.01.2017 01:45;0;0;0;0;0;0;0
01.01.2017 01:46;0;0;0;0;0;0;0
01.01.2017 01:47;0;0;0;0;0;0;0
01.01.2017 01:48;963.8;963.85;963.55;963.55;0.22;212;963.65
01.01.2017 01:49;963.5;963.5;963.5;963.5;0.02;19.27;963.5
01.01.2017 01:50;963.65;963.65;963.6;963.6;1.04;1002.19;963.65
01.01.2017 01:51;0;0;0;0;0;0;0
01.01.2017 01:52;963.66;963.66;963.66;963.66;0.12;115.64;963.66
01.01.2017 01:53;0;0;0;0;0;0;0
01.01.2017 01:54;0;0;0;0;0;0;0
01.01.2017 01:55;964.19;964.19;964.19;964.19;0.03;28.93;964.19
01.01.2017 01:56;963.87;963.87;963.87;963.87;4.06;3915.53;963.87
01.01.2017 01:57;0;0;0;0;0;0;0
01.01.2017 01:58;0;0;0;0;0;0;0
01.01.2017 01:59;0;0;0;0;0;0;0
01.01.2017 02:00;964.35;964.35;964.35;964.35;0.04;43.35;964.35
01.01.2017 02:01;0;0;0;0;0;0;0
01.01.2017 02:02;0;0;0;0;0;0;0
01.01.2017 02:03;0;0;0;0;0;0;0
01.01.2017 02:04;0;0;0;0;0;0;0
01.01.2017 02:05;0;0;0;0;0;0;0
01.01.2017 02:06;0;0;0;0;0;0;0
01.01.2017 02:07;0;0;0;0;0;0;0
01.01.2017 02:08;0;0;0;0;0;0;0
01.01.2017 02:09;964.52;964.52;964.5;964.5;0.04;42.91;964.51
01.01.2017 02:10;964.8;964.8;964.8;964.8;0.02;19.3;964.8
01.01.2017 02:11;964.9;964.9;964.88;964.88;0.04;38.6;964.89
01.01.2017 02:12;964.86;964.86;964.7;964.7;0.1;96.48;964.77
01.01.2017 02:13;0;0;0;0;0;0;0
01.01.2017 02:14;964.64;964.64;963.62;963.62;14;13490.81;963.63
01.01.2017 02:15;0;0;0;0;0;0;0
01.01.2017 02:16;0;0;0;0;0;0;0
01.01.2017 02:17;0;0;0;0;0;0;0
01.01.2017 02:18;0;0;0;0;0;0;0
01.01.2017 02:19;0;0;0;0;0;0;0
01.01.2017 02:20;0;0;0;0;0;0;0
01.01.2017 02:21;964.72;964.72;964.72;964.72;0.02;14.9;964.72
01.01.2017 02:22;964.73;964.73;964.71;964.71;5.61;5414.77;964.72
01.01.2017 02:23;0;0;0;0;0;0;0
01.01.2017 02:24;964.73;964.73;964.73;964.73;0.01;9.65;964.73
01.01.2017 02:25;0;0;0;0;0;0;0
01.01.2017 02:26;964.73;964.93;964.73;964.93;10.32;9957.57;964.75
01.01.2017 02:27;964.95;964.95;964.95;964.95;9.36;9035.16;964.95
01.01.2017 02:28;0;0;0;0;0;0;0
01.01.2017 02:29;965.05;965.07;965.05;965.07;0.31;299.42;965.06
01.01.2017 02:30;965.74;965.75;964.81;964.81;0.16;151.34;965.58
01.01.2017 02:31;0;0;0;0;0;0;0
01.01.2017 02:32;964.9;964.9;964.72;964.72;3.78;3644.29;964.8
01.01.2017 02:33;0;0;0;0;0;0;0
01.01.2017 02:34;964.79;964.8;964.79;964.8;0.06;55.96;964.8
01.01.2017 02:35;964.72;964.72;963.76;963.76;28.86;27836.88;964.69
01.01.2017 02:36;963.75;963.75;963.75;963.75;0.01;9.64;963.75
01.01.2017 02:37;963.76;963.76;963.76;963.76;0.31;296.84;963.76
01.01.2017 02:38;0;0;0;0;0;0;0
01.01.2017 02:39;0;0;0;0;0;0;0
01.01.2017 02:40;963.78;963.78;963.78;963.78;4.88;4703.25;963.78
01.01.2017 02:41;0;0;0;0;0;0;0
01.01.2017 02:42;963.76;963.76;963.68;963.68;0.29;275.19;963.72
01.01.2017 02:43;963.76;963.76;963.53;963.53;0.19;183.08;963.6
01.01.2017 02:44;963.24;963.24;961.99;961.99;2.05;1974.04;962.28
01.01.2017 02:45;0;0;0;0;0;0;0
01.01.2017 02:46;963.6;963.6;963.6;963.6;0.01;9.64;963.6
01.01.2017 02:47;0;0;0;0;0;0;0
01.01.2017 02:48;0;0;0;0;0;0;0
01.01.2017 02:49;0;0;0;0;0;0;0
01.01.2017 02:50;963.39;963.39;963.39;963.39;0.02;17.34;963.39
01.01.2017 02:51;963.35;963.35;963.35;963.35;0.1;96.34;963.35
01.01.2017 02:52;963.3;963.3;963.3;963.3;0.1;96.33;963.3
01.01.2017 02:53;0;0;0;0;0;0;0
01.01.2017 02:54;0;0;0;0;0;0;0
01.01.2017 02:55;0;0;0;0;0;0;0
01.01.2017 02:56;963.32;963.32;963.3;963.3;3.14;3021.58;963.3
01.01.2017 02:57;963.31;963.96;963.31;963.96;10.36;9980.04;963.62
01.01.2017 02:58;964.24;964.24;964.24;964.24;0.07;69.71;964.24
01.01.2017 02:59;963.97;963.97;963.97;963.97;0.02;17.35;963.97
01.01.2017 03:00;0;0;0;0;0;0;0
01.01.2017 03:01;963.88;963.88;963.88;963.88;0.05;47.23;963.88
01.01.2017 03:02;964.62;964.62;964.62;964.62;0.01;12.54;964.62
01.01.2017 03:03;964.63;964.63;964.63;964.63;0.05;44.37;964.63
01.01.2017 03:04;963.65;964.54;963.28;964.47;2.14;2059.03;963.48
01.01.2017 03:05;964.3;964.3;964.3;964.3;0.05;49.18;964.3
01.01.2017 03:06;0;0;0;0;0;0;0
01.01.2017 03:07;0;0;0;0;0;0;0
01.01.2017 03:08;964.1;964.1;963.97;963.97;0.1;94.48;964.08
01.01.2017 03:09;963.95;963.95;963.9;963.9;0.2;192.79;963.93
01.01.2017 03:10;963.8;963.8;963.8;963.8;0.1;96.38;963.8
01.01.2017 03:11;963.85;963.85;963.85;963.85;0.03;26.99;963.85
01.01.2017 03:12;963.84;963.84;963.84;963.84;0.03;27.95;963.84
01.01.2017 03:13;963.82;963.82;963.82;963.82;0.19;181.46;963.82
01.01.2017 03:14;963.81;963.81;963.81;963.81;2;1927.62;963.81
01.01.2017 03:15;963.82;963.84;963.81;963.84;0.89;853.29;963.82
01.01.2017 03:16;963.99;963.99;963.98;963.98;0.05;51.09;963.99
01.01.2017 03:17;0;0;0;0;0;0;0
01.01.2017 03:18;0;0;0;0;0;0;0
01.01.2017 03:19;963.99;963.99;963.99;963.99;0.02;15.42;963.99
01.01.2017 03:20;963.99;963.99;963.99;963.99;0.38;370.25;963.99
01.01.2017 03:21;0;0;0;0;0;0;0
01.01.2017 03:22;0;0;0;0;0;0;0
01.01.2017 03:23;963.98;963.98;963.98;963.98;0.02;17.2;963.98
01.01.2017 03:24;0;0;0;0;0;0;0
01.01.2017 03:25;963.97;963.97;963.97;963.97;0.47;449.64;963.97
01.01.2017 03:26;963.97;963.98;963.97;963.98;0.12;119.53;963.98
01.01.2017 03:27;963.99;964;963.99;964;0.08;79.94;963.99
01.01.2017 03:28;0;0;0;0;0;0;0
01.01.2017 03:29;963.99;963.99;963.99;963.99;0.04;42.03;963.99
01.01.2017 03:30;964;964;964;964;0.02;20.24;964
01.01.2017 03:31;0;0;0;0;0;0;0
01.01.2017 03:32;964;964;964;964;0.04;39.52;964
01.01.2017 03:33;0;0;0;0;0;0;0
01.01.2017 03:34;964;964;964;964;0.02;16.39;964
01.01.2017 03:35;0;0;0;0;0;0;0
01.01.2017 03:36;964;964;964;964;0.01;12.53;964
01.01.2017 03:37;964;964;964;964;0.02;23.14;964
01.01.2017 03:38;0;0;0;0;0;0;0
01.01.2017 03:39;964;964;963.99;963.99;7.28;7014.96;963.99
01.01.2017 03:40;963.99;963.99;963.99;963.99;1;963.99;963.99
01.01.2017 03:41;0;0;0;0;0;0;0
01.01.2017 03:42;964;964;964;964;0.08;77.12;964
01.01.2017 03:43;964;964;963.99;963.99;1.05;1016.05;963.99
01.01.2017 03:44;964;964;964;964;0.02;16.39;964
01.01.2017 03:45;964;964;963.99;963.99;0.05;43.39;964
01.01.2017 03:46;0;0;0;0;0;0;0
01.01.2017 03:47;964;964;964;964;0.04;40.49;964
01.01.2017 03:48;964;964.71;964;964.71;0.4;384.94;964.08
01.01.2017 03:49;0;0;0;0;0;0;0
01.01.2017 03:50;963.99;963.99;963.99;963.99;0.02;20.24;963.99
01.01.2017 03:51;964.48;964.48;964.48;964.48;0.1;92.59;964.48
01.01.2017 03:52;0;0;0;0;0;0;0
01.01.2017 03:53;964;964;964;964;0.08;78.11;964
01.01.2017 03:54;0;0;0;0;0;0;0
01.01.2017 03:55;964;964;960.53;960.53;50;48127.52;962.55
01.01.2017 03:56;0;0;0;0;0;0;0
01.01.2017 03:57;962.6;962.83;962.6;962.83;10.38;9990.64;962.6
01.01.2017 03:58;0;0;0;0;0;0;0
01.01.2017 03:59;0;0;0;0;0;0;0
01.01.2017 04:00;960.61;960.61;960.6;960.6;0.01;10.72;960.61
01.01.2017 04:01;961.44;963.05;961.44;962.68;12.45;11983.81;962.53
01.01.2017 04:02;0;0;0;0;0;0;0
01.01.2017 04:03;0;0;0;0;0;0;0
01.01.2017 04:04;962.24;962.27;962.24;962.27;10.43;10035.86;962.25
01.01.2017 04:05;0;0;0;0;0;0;0
01.01.2017 04:06;963.05;963.05;963.05;963.05;0.02;15.41;963.05
01.01.2017 04:07;0;0;0;0;0;0;0
01.01.2017 04:08;0;0;0;0;0;0;0
01.01.2017 04:09;961.98;961.98;961.98;961.98;0.02;21.27;961.98
01.01.2017 04:10;962.76;962.77;962.76;962.77;5.84;5618.76;962.76
01.01.2017 04:11;0;0;0;0;0;0;0
01.01.2017 04:12;963.15;963.15;963.15;963.15;0.02;20.23;963.15
01.01.2017 04:13;0;0;0;0;0;0;0
01.01.2017 04:14;0;0;0;0;0;0;0
01.01.2017 04:15;0;0;0;0;0;0;0
01.01.2017 04:16;963.64;963.64;963.64;963.64;0.02;16.38;963.64
01.01.2017 04:17;0;0;0;0;0;0;0
01.01.2017 04:18;0;0;0;0;0;0;0
01.01.2017 04:19;0;0;0;0;0;0;0
01.01.2017 04:20;0;0;0;0;0;0;0
01.01.2017 04:21;963.62;963.62;963.62;963.62;0.09;88.65;963.62
01.01.2017 04:22;963.6;963.6;963.6;963.6;0.03;28.91;963.6
01.01.2017 04:23;963.18;963.18;963.18;963.18;0.03;25.04;963.18
01.01.2017 04:24;963.18;963.18;963.18;963.18;0.04;39.49;963.18
01.01.2017 04:25;0;0;0;0;0;0;0
01.01.2017 04:26;0;0;0;0;0;0;0
01.01.2017 04:27;0;0;0;0;0;0;0
01.01.2017 04:28;962.69;962.69;962.5;962.5;11.63;11192.07;962.51
01.01.2017 04:29;0;0;0;0;0;0;0
01.01.2017 04:30;0;0;0;0;0;0;0
01.01.2017 04:31;962.5;962.5;962.5;962.5;5.8;5582.5;962.5
01.01.2017 04:32;0;0;0;0;0;0;0
01.01.2017 04:33;0;0;0;0;0;0;0
01.01.2017 04:34;0;0;0;0;0;0;0
01.01.2017 04:35;962.79;962.79;962.79;962.79;0.05;51.03;962.79
01.01.2017 04:36;0;0;0;0;0;0;0
01.01.2017 04:37;963.08;963.08;963.08;963.08;0.06;59.71;963.08
01.01.2017 04:38;962.5;962.5;962.5;962.5;0.01;13.4;962.5
01.01.2017 04:39;0;0;0;0;0;0;0
01.01.2017 04:40;0;0;0;0;0;0;0
01.01.2017 04:41;0;0;0;0;0;0;0
01.01.2017 04:42;0;0;0;0;0;0;0
01.01.2017 04:43;0;0;0;0;0;0;0
01.01.2017 04:44;963.45;963.45;963.45;963.45;0.1;96.35;963.45
01.01.2017 04:45;963.45;963.45;963.45;963.45;0.02;20.23;963.45
01.01.2017 04:46;962.52;962.52;962.52;962.52;0.05;48.13;962.52
01.01.2017 04:47;0;0;0;0;0;0;0
01.01.2017 04:48;0;0;0;0;0;0;0
01.01.2017 04:49;0;0;0;0;0;0;0
01.01.2017 04:50;0;0;0;0;0;0;0
01.01.2017 04:51;0;0;0;0;0;0;0
01.01.2017 04:52;0;0;0;0;0;0;0
01.01.2017 04:53;0;0;0;0;0;0;0
01.01.2017 04:54;963.45;963.46;963.45;963.46;0.09;86.71;963.46
01.01.2017 04:55;0;0;0;0;0;0;0
01.01.2017 04:56;0;0;0;0;0;0;0
01.01.2017 04:57;0;0;0;0;0;0;0
01.01.2017 04:58;0;0;0;0;0;0;0
01.01.2017 04:59;0;0;0;0;0;0;0
01.01.2017 05:00;0;0;0;0;0;0;0
01.01.2017 05:01;963.02;963.02;963.02;963.02;0.03;30.4;963.02
01.01.2017 05:02;0;0;0;0;0;0;0
01.01.2017 05:03;0;0;0;0;0;0;0
01.01.2017 05:04;0;0;0;0;0;0;0
01.01.2017 05:05;0;0;0;0;0;0;0
01.01.2017 05:06;963.01;963.01;963.01;963.01;0.03;26.7;963.01
01.01.2017 05:07;0;0;0;0;0;0;0
01.01.2017 05:08;0;0;0;0;0;0;0
01.01.2017 05:09;0;0;0;0;0;0;0
01.01.2017 05:10;0;0;0;0;0;0;0
01.01.2017 05:11;0;0;0;0;0;0;0
01.01.2017 05:12;0;0;0;0;0;0;0
01.01.2017 05:13;963;963;963;963;0.05;46.51;963
01.01.2017 05:14;0;0;0;0;0;0;0
01.01.2017 05:15;0;0;0;0;0;0;0
01.01.2017 05:16;0;0;0;0;0;0;0
01.01.2017 05:17;0;0;0;0;0;0;0
01.01.2017 05:18;0;0;0;0;0;0;0
01.01.2017 05:19;0;0;0;0;0;0;0
01.01.2017 05:20;0;0;0;0;0;0;0
01.01.2017 05:21;963;963;963;963;20;19260;963
01.01.2017 05:22;0;0;0;0;0;0;0
01.01.2017 05:23;0;0;0;0;0;0;0
01.01.2017 05:24;0;0;0;0;0;0;0
01.01.2017 05:25;0;0;0;0;0;0;0
01.01.2017 05:26;0;0;0;0;0;0;0
01.01.2017 05:27;0;0;0;0;0;0;0
01.01.2017 05:28;0;0;0;0;0;0;0
01.01.2017 05:29;962.81;962.81;962.81;962.81;0.2;192.56;962.81
01.01.2017 05:30;0;0;0;0;0;0;0
01.01.2017 05:31;0;0;0;0;0;0;0
01.01.2017 05:32;0;0;0;0;0;0;0
01.01.2017 05:33;0;0;0;0;0;0;0
01.01.2017 05:34;0;0;0;0;0;0;0
01.01.2017 05:35;0;0;0;0;0;0;0
01.01.2017 05:36;963;963;963;963;5.24;5046.12;963
01.01.2017 05:37;0;0;0;0;0;0;0
01.01.2017 05:38;962.8;962.8;962.8;962.8;0.08;74.68;962.8
01.01.2017 05:39;0;0;0;0;0;0;0
01.01.2017 05:40;0;0;0;0;0;0;0
01.01.2017 05:41;963;963.98;963;963.98;20.31;19568.37;963.48
01.01.2017 05:42;963.98;964;963.98;964;7.44;7172.04;963.98
01.01.2017 05:43;0;0;0;0;0;0;0
01.01.2017 05:44;0;0;0;0;0;0;0
01.01.2017 05:45;0;0;0;0;0;0;0
01.01.2017 05:46;0;0;0;0;0;0;0
01.01.2017 05:47;0;0;0;0;0;0;0
01.01.2017 05:48;0;0;0;0;0;0;0
01.01.2017 05:49;0;0;0;0;0;0;0
01.01.2017 05:50;964;964;964;964;0.14;132.07;964
01.01.2017 05:51;0;0;0;0;0;0;0
01.01.2017 05:52;0;0;0;0;0;0;0
01.01.2017 05:53;0;0;0;0;0;0;0
01.01.2017 05:54;964;964;964;964;0.01;13.59;964
01.01.2017 05:55;0;0;0;0;0;0;0
01.01.2017 05:56;0;0;0;0;0;0;0
01.01.2017 05:57;0;0;0;0;0;0;0
01.01.2017 05:58;0;0;0;0;0;0;0
01.01.2017 05:59;0;0;0;0;0;0;0
01.01.2017 06:00;963.74;963.74;963.74;963.74;0.05;48.19;963.74
01.01.2017 06:01;0;0;0;0;0;0;0
01.01.2017 06:02;964;964;964;964;0.02;19.28;964
01.01.2017 06:03;0;0;0;0;0;0;0
01.01.2017 06:04;0;0;0;0;0;0;0
01.01.2017 06:05;0;0;0;0;0;0;0
01.01.2017 06:06;964;964;964;964;0.08;77.12;964
01.01.2017 06:07;0;0;0;0;0;0;0
01.01.2017 06:08;0;0;0;0;0;0;0
01.01.2017 06:09;964;964;964;964;0.03;28.92;964
01.01.2017 06:10;0;0;0;0;0;0;0
01.01.2017 06:11;0;0;0;0;0;0;0
01.01.2017 06:12;0;0;0;0;0;0;0
01.01.2017 06:13;0;0;0;0;0;0;0
01.01.2017 06:14;0;0;0;0;0;0;0
01.01.2017 06:15;0;0;0;0;0;0;0
01.01.2017 06:16;0;0;0;0;0;0;0
01.01.2017 06:17;0;0;0;0;0;0;0
01.01.2017 06:18;0;0;0;0;0;0;0
01.01.2017 06:19;0;0;0;0;0;0;0
01.01.2017 06:20;0;0;0;0;0;0;0
01.01.2017 06:21;0;0;0;0;0;0;0
01.01.2017 06:22;0;0;0;0;0;0;0
01.01.2017 06:23;0;0;0;0;0;0;0
01.01.2017 06:24;0;0;0;0;0;0;0
01.01.2017 06:25;0;0;0;0;0;0;0
01.01.2017 06:26;0;0;0;0;0;0;0
01.01.2017 06:27;0;0;0;0;0;0;0
01.01.2017 06:28;964;964;964;964;0.02;19.28;964
01.01.2017 06:29;964;964;964;964;0.01;9.64;964
01.01.2017 06:30;0;0;0;0;0;0;0
01.01.2017 06:31;0;0;0;0;0;0;0
01.01.2017 06:32;0;0;0;0;0;0;0
01.01.2017 06:33;0;0;0;0;0;0;0
01.01.2017 06:34;963.77;963.77;963.77;963.77;0.11;107.33;963.77
01.01.2017 06:35;964;964;964;964;5.52;5323.74;964
01.01.2017 06:36;964;964.04;964;964.04;13.04;12575.06;964
01.01.2017 06:37;0;0;0;0;0;0;0
01.01.2017 06:38;0;0;0;0;0;0;0
01.01.2017 06:39;0;0;0;0;0;0;0
01.01.2017 06:40;0;0;0;0;0;0;0
01.01.2017 06:41;964.75;964.99;964.75;964.99;6.54;6311.85;964.94
01.01.2017 06:42;0;0;0;0;0;0;0
01.01.2017 06:43;0;0;0;0;0;0;0
01.01.2017 06:44;0;0;0;0;0;0;0
01.01.2017 06:45;0;0;0;0;0;0;0
01.01.2017 06:46;0;0;0;0;0;0;0
01.01.2017 06:47;0;0;0;0;0;0;0
01.01.2017 06:48;0;0;0;0;0;0;0
01.01.2017 06:49;0;0;0;0;0;0;0
01.01.2017 06:50;0;0;0;0;0;0;0
01.01.2017 06:51;0;0;0;0;0;0;0
01.01.2017 06:52;0;0;0;0;0;0;0
01.01.2017 06:53;0;0;0;0;0;0;0
01.01.2017 06:54;0;0;0;0;0;0;0
01.01.2017 06:55;0;0;0;0;0;0;0
01.01.2017 06:56;0;0;0;0;0;0;0
01.01.2017 06:57;0;0;0;0;0;0;0
01.01.2017 06:58;0;0;0;0;0;0;0
01.01.2017 06:59;964.76;964.76;964.76;964.76;1.06;1017.82;964.76
01.01.2017 07:00;0;0;0;0;0;0;0
01.01.2017 07:01;0;0;0;0;0;0;0
01.01.2017 07:02;0;0;0;0;0;0;0
01.01.2017 07:03;0;0;0;0;0;0;0
01.01.2017 07:04;0;0;0;0;0;0;0
01.01.2017 07:05;0;0;0;0;0;0;0
01.01.2017 07:06;964.91;964.91;964.91;964.91;0.12;115.79;964.91
01.01.2017 07:07;0;0;0;0;0;0;0
01.01.2017 07:08;0;0;0;0;0;0;0
01.01.2017 07:09;964.89;964.89;964.88;964.88;0.06;57.89;964.88
01.01.2017 07:10;0;0;0;0;0;0;0
01.01.2017 07:11;0;0;0;0;0;0;0
01.01.2017 07:12;0;0;0;0;0;0;0
01.01.2017 07:13;0;0;0;0;0;0;0
01.01.2017 07:14;964.98;964.98;964.98;964.98;0.03;31.84;964.98
01.01.2017 07:15;0;0;0;0;0;0;0
01.01.2017 07:16;0;0;0;0;0;0;0
01.01.2017 07:17;0;0;0;0;0;0;0
01.01.2017 07:18;0;0;0;0;0;0;0
01.01.2017 07:19;0;0;0;0;0;0;0
01.01.2017 07:20;0;0;0;0;0;0;0
01.01.2017 07:21;0;0;0;0;0;0;0
01.01.2017 07:22;0;0;0;0;0;0;0
01.01.2017 07:23;0;0;0;0;0;0;0
01.01.2017 07:24;0;0;0;0;0;0;0
01.01.2017 07:25;0;0;0;0;0;0;0
01.01.2017 07:26;0;0;0;0;0;0;0
01.01.2017 07:27;0;0;0;0;0;0;0
01.01.2017 07:28;0;0;0;0;0;0;0
01.01.2017 07:29;0;0;0;0;0;0;0
01.01.2017 07:30;0;0;0;0;0;0;0
01.01.2017 07:31;0;0;0;0;0;0;0
01.01.2017 07:32;0;0;0;0;0;0;0
01.01.2017 07:33;0;0;0;0;0;0;0
01.01.2017 07:34;964.96;964.96;964.96;964.96;0.13;122.57;964.96
01.01.2017 07:35;0;0;0;0;0;0;0
01.01.2017 07:36;0;0;0;0;0;0;0
01.01.2017 07:37;0;0;0;0;0;0;0
01.01.2017 07:38;0;0;0;0;0;0;0
01.01.2017 07:39;0;0;0;0;0;0;0
01.01.2017 07:40;0;0;0;0;0;0;0
01.01.2017 07:41;0;0;0;0;0;0;0
01.01.2017 07:42;0;0;0;0;0;0;0
01.01.2017 07:43;0;0;0;0;0;0;0
01.01.2017 07:44;0;0;0;0;0;0;0
01.01.2017 07:45;0;0;0;0;0;0;0
01.01.2017 07:46;0;0;0;0;0;0;0
01.01.2017 07:47;0;0;0;0;0;0;0
01.01.2017 07:48;964.96;964.96;964.96;964.96;1;964.96;964.96
01.01.2017 07:49;964.98;964.98;964.98;964.98;0.28;268.63;964.98
01.01.2017 07:50;964.96;964.96;964.96;964.96;0.03;30.64;964.96
01.01.2017 07:51;964.96;964.96;964.96;964.96;3.13;3015.98;964.96
01.01.2017 07:52;0;0;0;0;0;0;0
01.01.2017 07:53;964.96;964.96;964.96;964.96;1.58;1523.29;964.96
01.01.2017 07:54;0;0;0;0;0;0;0
01.01.2017 07:55;0;0;0;0;0;0;0
01.01.2017 07:56;0;0;0;0;0;0;0
01.01.2017 07:57;0;0;0;0;0;0;0
01.01.2017 07:58;0;0;0;0;0;0;0
01.01.2017 07:59;0;0;0;0;0;0;0
01.01.2017 08:00;0;0;0;0;0;0;0
01.01.2017 08:01;0;0;0;0;0;0;0
01.01.2017 08:02;0;0;0;0;0;0;0
01.01.2017 08:03;0;0;0;0;0;0;0
01.01.2017 08:04;0;0;0;0;0;0;0
01.01.2017 08:05;0;0;0;0;0;0;0
01.01.2017 08:06;0;0;0;0;0;0;0
01.01.2017 08:07;0;0;0;0;0;0;0
01.01.2017 08:08;964.96;964.96;964.96;964.96;13.61;13136.48;964.96
01.01.2017 08:09;0;0;0;0;0;0;0
01.01.2017 08:10;0;0;0;0;0;0;0
01.01.2017 08:11;964.98;964.98;964.96;964.96;5;4824.82;964.96
01.01.2017 08:12;0;0;0;0;0;0;0
01.01.2017 08:13;0;0;0;0;0;0;0
01.01.2017 08:14;0;0;0;0;0;0;0
01.01.2017 08:15;0;0;0;0;0;0;0
01.01.2017 08:16;0;0;0;0;0;0;0
01.01.2017 08:17;964.96;964.96;964.96;964.96;0.01;9.49;964.96
01.01.2017 08:18;0;0;0;0;0;0;0
01.01.2017 08:19;0;0;0;0;0;0;0
01.01.2017 08:20;0;0;0;0;0;0;0
01.01.2017 08:21;0;0;0;0;0;0;0
01.01.2017 08:22;0;0;0;0;0;0;0
01.01.2017 08:23;0;0;0;0;0;0;0
01.01.2017 08:24;964.96;964.96;964.96;964.96;5.76;5558.23;964.96
01.01.2017 08:25;964.97;964.97;964.97;964.97;0.07;65.84;964.97
01.01.2017 08:26;964.96;964.99;964.96;964.99;1;968.72;964.97
01.01.2017 08:27;964.97;964.97;964.97;964.97;0.01;10.7;964.97
01.01.2017 08:28;964.96;964.98;964.96;964.98;0.02;22.84;964.97
01.01.2017 08:29;0;0;0;0;0;0;0
01.01.2017 08:30;964.96;964.96;964.96;964.96;1.05;1015.15;964.96
01.01.2017 08:31;0;0;0;0;0;0;0
01.01.2017 08:32;0;0;0;0;0;0;0
01.01.2017 08:33;0;0;0;0;0;0;0
01.01.2017 08:34;964.96;964.96;964.96;964.96;2.07;1993.58;964.96
01.01.2017 08:35;964.96;964.99;964.96;964.99;0.07;62.95;964.97
01.01.2017 08:36;0;0;0;0;0;0;0
01.01.2017 08:37;0;0;0;0;0;0;0
01.01.2017 08:38;0;0;0;0;0;0;0
01.01.2017 08:39;964.98;964.98;964.98;964.98;0.15;140;964.98
01.01.2017 08:40;0;0;0;0;0;0;0
01.01.2017 08:41;964.98;964.98;964.98;964.98;0.07;62.95;964.98
01.01.2017 08:42;0;0;0;0;0;0;0
01.01.2017 08:43;0;0;0;0;0;0;0
01.01.2017 08:44;0;0;0;0;0;0;0
01.01.2017 08:45;0;0;0;0;0;0;0
01.01.2017 08:46;964.98;964.98;964.98;964.98;0.02;15.89;964.98
01.01.2017 08:47;964.99;964.99;964.99;964.99;0.01;10.61;964.99
01.01.2017 08:48;964.99;964.99;964.99;964.99;1.21;1164.65;964.99
01.01.2017 08:49;0;0;0;0;0;0;0
01.01.2017 08:50;0;0;0;0;0;0;0
01.01.2017 08:51;0;0;0;0;0;0;0
01.01.2017 08:52;964.99;964.99;964.99;964.99;0.02;20.51;964.99
01.01.2017 08:53;964.98;964.98;964.98;964.98;0.04;42.25;964.98
01.01.2017 08:54;0;0;0;0;0;0;0
01.01.2017 08:55;0;0;0;0;0;0;0
01.01.2017 08:56;0;0;0;0;0;0;0
01.01.2017 08:57;0;0;0;0;0;0;0
01.01.2017 08:58;0;0;0;0;0;0;0
01.01.2017 08:59;964.98;964.98;964.98;964.98;0.8;771.98;964.98
01.01.2017 09:00;964.98;964.98;964.98;964.98;0.04;42.19;964.98
01.01.2017 09:01;0;0;0;0;0;0;0
01.01.2017 09:02;0;0;0;0;0;0;0
01.01.2017 09:03;0;0;0;0;0;0;0
01.01.2017 09:04;0;0;0;0;0;0;0
01.01.2017 09:05;0;0;0;0;0;0;0
01.01.2017 09:06;0;0;0;0;0;0;0
01.01.2017 09:07;0;0;0;0;0;0;0
01.01.2017 09:08;0;0;0;0;0;0;0
01.01.2017 09:09;964.99;964.99;964.98;964.98;0.52;501.49;964.98
01.01.2017 09:10;0;0;0;0;0;0;0
01.01.2017 09:11;0;0;0;0;0;0;0
01.01.2017 09:12;964.99;964.99;964.99;964.99;0.08;81.67;964.99
01.01.2017 09:13;964.98;964.98;964.98;964.98;16;15439.68;964.98
01.01.2017 09:14;964.99;964.99;964.99;964.99;2;1929.98;964.99
01.01.2017 09:15;0;0;0;0;0;0;0
01.01.2017 09:16;0;0;0;0;0;0;0
01.01.2017 09:17;964.99;964.99;964.99;964.99;0.95;920.13;964.99
01.01.2017 09:18;964.99;964.99;964.99;964.99;0.16;154.4;964.99
01.01.2017 09:19;0;0;0;0;0;0;0
01.01.2017 09:20;0;0;0;0;0;0;0
01.01.2017 09:21;0;0;0;0;0;0;0
01.01.2017 09:22;0;0;0;0;0;0;0
01.01.2017 09:23;0;0;0;0;0;0;0
01.01.2017 09:24;0;0;0;0;0;0;0
01.01.2017 09:25;0;0;0;0;0;0;0
01.01.2017 09:26;964.99;965;964.99;965;4.96;4790.42;964.99
01.01.2017 09:27;965;965;965;965;5.08;4900.66;965
01.01.2017 09:28;965;965;965;965;1;965;965
01.01.2017 09:29;0;0;0;0;0;0;0
01.01.2017 09:30;0;0;0;0;0;0;0
01.01.2017 09:31;0;0;0;0;0;0;0
01.01.2017 09:32;965;965;964.99;964.99;6.01;5802.34;965
01.01.2017 09:33;964.99;964.99;964.99;964.99;0.05;51.76;964.99
01.01.2017 09:34;964.99;964.99;964.99;964.99;0.02;19.22;964.99
01.01.2017 09:35;0;0;0;0;0;0;0
01.01.2017 09:36;0;0;0;0;0;0;0
01.01.2017 09:37;965;965;965;965;0.11;103.24;965
01.01.2017 09:38;0;0;0;0;0;0;0
01.01.2017 09:39;0;0;0;0;0;0;0
01.01.2017 09:40;964.99;964.99;964.99;964.99;0.36;343.19;964.99
01.01.2017 09:41;0;0;0;0;0;0;0
01.01.2017 09:42;0;0;0;0;0;0;0
01.01.2017 09:43;0;0;0;0;0;0;0
01.01.2017 09:44;0;0;0;0;0;0;0
01.01.2017 09:45;0;0;0;0;0;0;0
01.01.2017 09:46;0;0;0;0;0;0;0
01.01.2017 09:47;965;965;965;965;0.99;955.35;965
01.01.2017 09:48;0;0;0;0;0;0;0
01.01.2017 09:49;964.99;965;964.99;965;10.44;10078.87;965
01.01.2017 09:50;0;0;0;0;0;0;0
01.01.2017 09:51;965.6;965.6;965.6;965.6;0.2;196.58;965.6
01.01.2017 09:52;965.62;965.62;965.62;965.62;0.08;77.25;965.62
01.01.2017 09:53;965.6;965.6;965.6;965.6;0.13;122.14;965.6
01.01.2017 09:54;0;0;0;0;0;0;0
01.01.2017 09:55;0;0;0;0;0;0;0
01.01.2017 09:56;0;0;0;0;0;0;0
01.01.2017 09:57;0;0;0;0;0;0;0
01.01.2017 09:58;0;0;0;0;0;0;0
01.01.2017 09:59;0;0;0;0;0;0;0
01.01.2017 10:00;0;0;0;0;0;0;0
01.01.2017 10:01;0;0;0;0;0;0;0
01.01.2017 10:02;965.01;965.01;965.01;965.01;0.02;14.48;965.01
01.01.2017 10:03;0;0;0;0;0;0;0
01.01.2017 10:04;0;0;0;0;0;0;0
01.01.2017 10:05;965.58;965.6;965.58;965.6;1.82;1760.37;965.59
01.01.2017 10:06;965.69;965.98;965.42;965.98;62.1;59984.73;965.88
01.01.2017 10:07;965.98;965.99;965.85;965.99;10.58;10217.62;965.98
01.01.2017 10:08;965.99;967;965.99;967;14.36;13882.88;966.93
01.01.2017 10:09;967.1;967.59;967.06;967.59;10.62;10272.56;967.46
01.01.2017 10:10;967.59;967.59;967.27;967.31;3.2;3092.75;967.28
01.01.2017 10:11;967.58;968.22;967.57;968.22;18.48;17885.91;967.73
01.01.2017 10:12;968.2;968.22;968.2;968.22;15.79;15290.04;968.21
01.01.2017 10:13;968.22;968.22;968.22;968.22;0.06;58.09;968.22
01.01.2017 10:14;968.22;968.22;968.22;968.22;0.06;58.09;968.22
01.01.2017 10:15;968.86;968.94;968.86;968.94;10.98;10638.72;968.93
01.01.2017 10:16;968.94;968.96;968.94;968.96;7.58;7344.42;968.95
01.01.2017 10:17;968.96;968.96;968.95;968.95;0.04;38.76;968.96
01.01.2017 10:18;968.95;968.95;968.94;968.94;0.04;38.76;968.95
01.01.2017 10:19;968.96;968.96;968.95;968.95;5.32;5154.81;968.95
01.01.2017 10:20;968.95;968.96;968.95;968.96;0.08;77.52;968.96
01.01.2017 10:21;968.96;968.96;968.95;968.96;0.39;377.69;968.96
01.01.2017 10:22;968.96;968.96;968.91;968.91;1.95;1893.23;968.95
01.01.2017 10:23;968.79;968.91;968.79;968.91;0.06;58.13;968.87
01.01.2017 10:24;968.79;968.79;968.79;968.79;0.1;96.88;968.79
01.01.2017 10:25;968.78;968.78;968.76;968.76;0.06;58.13;968.77
01.01.2017 10:26;968.72;968.72;968.27;968.27;3.38;3271.05;968.29
01.01.2017 10:27;968.75;968.75;968.74;968.74;0.08;77.5;968.74
01.01.2017 10:28;968.74;968.74;968.27;968.27;1.14;1099.43;968.29
01.01.2017 10:29;0;0;0;0;0;0;0
01.01.2017 10:30;968.74;968.74;968.74;968.74;0.04;38.75;968.74
01.01.2017 10:31;968.95;968.95;968.82;968.82;0.04;34.75;968.89
01.01.2017 10:32;968.77;968.77;968.77;968.77;0.11;102.49;968.77
01.01.2017 10:33;968.27;968.27;968.27;968.27;3.4;3292.12;968.27
01.01.2017 10:34;0;0;0;0;0;0;0
01.01.2017 10:35;0;0;0;0;0;0;0
01.01.2017 10:36;0;0;0;0;0;0;0
01.01.2017 10:37;0;0;0;0;0;0;0
01.01.2017 10:38;968.77;970;968.77;970;45;43623.22;969.33
01.01.2017 10:39;970.49;970.49;970.49;970.49;1.03;1000;970.49
01.01.2017 10:40;0;0;0;0;0;0;0
01.01.2017 10:41;970.68;970.86;970;970.86;2.24;2174.69;970.17
01.01.2017 10:42;970.86;970.86;970.86;970.86;0.01;5.48;970.86
01.01.2017 10:43;970.86;970.92;970.86;970.92;23.49;22806.51;970.9
01.01.2017 10:44;970.92;970.92;970.92;970.92;0.02;19.42;970.92
01.01.2017 10:45;970.92;972;970.92;972;6.03;5861.98;971.8
01.01.2017 10:46;972;972;971.19;971.26;2.86;2777.1;971.77
01.01.2017 10:47;971.38;971.38;971.38;971.38;0.04;38.86;971.38
01.01.2017 10:48;971.48;971.48;971.48;971.48;0.01;7.13;971.48
01.01.2017 10:49;971.58;972;971.58;972;0.23;219.28;971.99
01.01.2017 10:50;972;972;971.73;971.73;0.17;165.2;971.76
01.01.2017 10:51;971.83;971.83;971.83;971.83;0.09;91.25;971.83
01.01.2017 10:52;972;973.14;972;973.14;57.95;56363.23;972.61
01.01.2017 10:53;973.51;973.55;973.28;973.55;0.45;438.78;973.41
01.01.2017 10:54;973.57;973.89;973.57;973.89;4.81;4681.87;973.84
01.01.2017 10:55;973.89;974.77;973.89;974.77;26.97;26281.51;974.41
01.01.2017 10:56;0;0;0;0;0;0;0
01.01.2017 10:57;0;0;0;0;0;0;0
01.01.2017 10:58;0;0;0;0;0;0;0
01.01.2017 10:59;974;974;973.98;973.98;1.67;1623.03;973.99
01.01.2017 11:00;973.98;973.98;973.98;973.98;0.2;195.48;973.98
01.01.2017 11:01;973.98;973.98;973.96;973.96;1.51;1471.97;973.97
01.01.2017 11:02;973.09;973.14;973.09;973.14;1.47;1426.15;973.09
01.01.2017 11:03;973.95;973.95;973.95;973.95;0.01;5.06;973.95
01.01.2017 11:04;973.45;973.45;970.72;970.72;4.06;3950.73;972.26
01.01.2017 11:05;973.91;974.75;973.91;973.92;7.58;7386;974.26
01.01.2017 11:06;0;0;0;0;0;0;0
01.01.2017 11:07;973.92;974.76;973.92;974.76;3;2922.69;974.03
01.01.2017 11:08;0;0;0;0;0;0;0
01.01.2017 11:09;0;0;0;0;0;0;0
01.01.2017 11:10;972.96;973.01;972.96;973.01;0.31;297.28;972.99
01.01.2017 11:11;0;0;0;0;0;0;0
01.01.2017 11:12;0;0;0;0;0;0;0
01.01.2017 11:13;973.25;974.99;971.81;974.99;41.47;40415.81;974.55
01.01.2017 11:14;974.95;975;974.95;975;24.05;23449.76;974.99
01.01.2017 11:15;974.99;975;974.99;975;20.03;19533.95;975
01.01.2017 11:16;0;0;0;0;0;0;0
01.01.2017 11:17;974.09;974.15;974.09;974.15;1.1;1069.52;974.14
01.01.2017 11:18;0;0;0;0;0;0;0
01.01.2017 11:19;0;0;0;0;0;0;0
01.01.2017 11:20;0;0;0;0;0;0;0
01.01.2017 11:21;974.11;975;974.11;975;34.73;33864.08;974.98
01.01.2017 11:22;974.98;975;974.93;974.93;21.62;21078.47;975
01.01.2017 11:23;0;0;0;0;0;0;0
01.01.2017 11:24;974.99;974.99;974.99;974.99;0.15;146.25;974.99
01.01.2017 11:25;975;975;975;975;24.52;23907.84;975
01.01.2017 11:26;0;0;0;0;0;0;0
01.01.2017 11:27;0;0;0;0;0;0;0
01.01.2017 11:28;0;0;0;0;0;0;0
01.01.2017 11:29;0;0;0;0;0;0;0
01.01.2017 11:30;974.99;974.99;974.96;974.96;1.09;1066.73;974.96
01.01.2017 11:31;0;0;0;0;0;0;0
01.01.2017 11:32;974.99;975;974.99;975;10.6;10335;975
01.01.2017 11:33;975;975;975;975;0.99;970.07;975
01.01.2017 11:34;0;0;0;0;0;0;0
01.01.2017 11:35;975;975;974.98;974.98;20.6;20084.99;975
01.01.2017 11:36;974.98;974.98;974.98;974.98;0.11;102.37;974.98
01.01.2017 11:37;0;0;0;0;0;0;0
01.01.2017 11:38;0;0;0;0;0;0;0
01.01.2017 11:39;0;0;0;0;0;0;0
01.01.2017 11:40;974.99;974.99;974.99;974.99;5.79;5643.3;974.99
01.01.2017 11:41;974.99;974.99;974.99;974.99;5.13;5001.84;974.99
01.01.2017 11:42;974.99;974.99;974.99;974.99;0.2;195;974.99
01.01.2017 11:43;974.97;974.97;974.09;974.09;0.1;100.96;974.21
01.01.2017 11:44;974.99;974.99;974.99;974.99;0.07;64.35;974.99
01.01.2017 11:45;974.99;975;974.21;974.21;20.02;19518.36;975
01.01.2017 11:46;975;975;975;975;6.37;6212.66;975
01.01.2017 11:47;974.73;975;974.71;974.71;19.97;19469.8;974.85
01.01.2017 11:48;0;0;0;0;0;0;0
01.01.2017 11:49;974.24;974.24;974.1;974.1;22.99;22396.86;974.1
01.01.2017 11:50;974.78;974.78;974.78;974.78;0.36;350.45;974.78
01.01.2017 11:51;974.16;974.16;974.16;974.16;0.01;8.83;974.16
01.01.2017 11:52;974.89;974.89;974.89;974.89;9.65;9407.25;974.89
01.01.2017 11:53;974.9;974.95;974.37;974.92;0.6;584.74;974.93
01.01.2017 11:54;0;0;0;0;0;0;0
01.01.2017 11:55;974.92;974.95;974.92;974.92;6.73;6562.49;974.93
01.01.2017 11:56;974.95;975;974.95;975;10.23;9978.05;974.99
01.01.2017 11:57;975;975;974.92;974.92;3.34;3259.83;974.93
01.01.2017 11:58;975;975;975;975;30.7;29934.14;975
01.01.2017 11:59;975;975;974.92;974.92;1.22;1190.25;974.93
01.01.2017 12:00;975;975;975;975;1.3;1268.18;975
01.01.2017 12:01;974.92;974.92;974.92;974.92;2;1949.84;974.92
01.01.2017 12:02;0;0;0;0;0;0;0
01.01.2017 12:03;0;0;0;0;0;0;0
01.01.2017 12:04;974.99;974.99;974.99;974.99;0.18;175.5;974.99
01.01.2017 12:05;975;975;975;975;23.5;22912.37;975
01.01.2017 12:06;0;0;0;0;0;0;0
01.01.2017 12:07;0;0;0;0;0;0;0
01.01.2017 12:08;0;0;0;0;0;0;0
01.01.2017 12:09;0;0;0;0;0;0;0
01.01.2017 12:10;0;0;0;0;0;0;0
01.01.2017 12:11;974.99;974.99;974.99;974.99;0.48;466.4;974.99
01.01.2017 12:12;0;0;0;0;0;0;0
01.01.2017 12:13;974.92;975.67;974.92;975.67;82.86;80804.19;975.21
01.01.2017 12:14;975.67;975.67;975.67;975.67;0.56;544.5;975.67
01.01.2017 12:15;975.67;975.79;974.94;974.94;10.88;10616.04;975.7
01.01.2017 12:16;0;0;0;0;0;0;0
01.01.2017 12:17;975.6;975.8;975.6;975.8;15.17;14805.18;975.79
01.01.2017 12:18;975.79;975.79;975.79;975.79;1.4;1366.11;975.79
01.01.2017 12:19;975.01;975.01;974.28;974.41;1.07;1042.88;974.82
01.01.2017 12:20;974.54;974.54;974.54;974.54;0.5;487.18;974.54
01.01.2017 12:21;0;0;0;0;0;0;0
01.01.2017 12:22;974.66;974.66;974.66;974.66;0.02;21.26;974.66
01.01.2017 12:23;0;0;0;0;0;0;0
01.01.2017 12:24;0;0;0;0;0;0;0
01.01.2017 12:25;975.15;975.7;975.15;975.7;20;19513.46;975.67
01.01.2017 12:26;0;0;0;0;0;0;0
01.01.2017 12:27;0;0;0;0;0;0;0
01.01.2017 12:28;975.62;975.62;975.62;975.62;0.03;27.32;975.62
01.01.2017 12:29;0;0;0;0;0;0;0
01.01.2017 12:30;0;0;0;0;0;0;0
01.01.2017 12:31;0;0;0;0;0;0;0
01.01.2017 12:32;975.4;975.4;975.4;975.4;0.11;102.49;975.4
01.01.2017 12:33;0;0;0;0;0;0;0
01.01.2017 12:34;0;0;0;0;0;0;0
01.01.2017 12:35;975.39;975.7;975.39;975.7;25.65;25026.97;975.54
01.01.2017 12:36;0;0;0;0;0;0;0
01.01.2017 12:37;974.89;975.19;974.89;975.19;2.71;2643.27;975.08
01.01.2017 12:38;974.05;974.06;974.01;974.06;0.33;323.38;974.03
01.01.2017 12:39;975.5;975.5;975.5;975.5;0.01;5.04;975.5
01.01.2017 12:40;975.2;975.2;975.2;975.2;0.05;51.47;975.2
01.01.2017 12:41;974.34;974.34;972.89;972.89;0.69;667.47;973.63
01.01.2017 12:42;972.98;972.98;972.98;972.98;2;1945.96;972.98
01.01.2017 12:43;0;0;0;0;0;0;0
01.01.2017 12:44;0;0;0;0;0;0;0
01.01.2017 12:45;972.68;972.68;972.63;972.63;8.57;8332.09;972.67
01.01.2017 12:46;0;0;0;0;0;0;0
01.01.2017 12:47;0;0;0;0;0;0;0
01.01.2017 12:48;973.23;973.23;973.23;973.23;0.02;15.37;973.23
01.01.2017 12:49;973.38;973.38;973.38;973.38;0.03;30.75;973.38
01.01.2017 12:50;0;0;0;0;0;0;0
01.01.2017 12:51;0;0;0;0;0;0;0
01.01.2017 12:52;972.63;972.63;972.63;972.63;0.15;147.16;972.63
01.01.2017 12:53;972.53;972.53;972.5;972.5;4.97;4833.7;972.5
01.01.2017 12:54;972.51;972.51;972.51;972.51;0.05;46.08;972.51
01.01.2017 12:55;972.5;972.5;972.5;972.5;5.12;4979.1;972.5
01.01.2017 12:56;972.5;972.5;972.5;972.5;0.56;539.93;972.5
01.01.2017 12:57;972.5;972.5;972.5;972.5;1;972.5;972.5
01.01.2017 12:58;0;0;0;0;0;0;0
01.01.2017 12:59;972.51;972.51;972.5;972.5;1;974.01;972.5
01.01.2017 13:00;972.51;972.51;972.51;972.51;0.22;212.27;972.51
01.01.2017 13:01;972.51;972.51;972.51;972.51;0.5;486.26;972.51
01.01.2017 13:02;972.51;973.37;972.51;973.37;0.01;5.04;972.57
01.01.2017 13:03;0;0;0;0;0;0;0
01.01.2017 13:04;972.5;973.48;972.5;973.48;6.83;6650.42;973.47
01.01.2017 13:05;0;0;0;0;0;0;0
01.01.2017 13:06;0;0;0;0;0;0;0
01.01.2017 13:07;972.98;973.45;972.98;973.45;0.04;34.2;973.38
01.01.2017 13:08;973.2;973.2;973.2;973.2;0.04;40.94;973.2
01.01.2017 13:09;973.29;973.29;973.29;973.29;0.01;9.98;973.29
01.01.2017 13:10;0;0;0;0;0;0;0
01.01.2017 13:11;0;0;0;0;0;0;0
01.01.2017 13:12;973.29;973.29;972.63;972.63;10.91;10608.23;972.69
01.01.2017 13:13;972.63;972.68;972.63;972.68;0.01;11.87;972.66
01.01.2017 13:14;972.68;972.68;972.68;972.68;0.01;7.97;972.68
01.01.2017 13:15;0;0;0;0;0;0;0
01.01.2017 13:16;0;0;0;0;0;0;0
01.01.2017 13:17;973.19;973.19;973.19;973.19;0.27;258.42;973.19
01.01.2017 13:18;0;0;0;0;0;0;0
01.01.2017 13:19;972.8;972.8;972.68;972.68;0.3;292.1;972.69
01.01.2017 13:20;0;0;0;0;0;0;0
01.01.2017 13:21;0;0;0;0;0;0;0
01.01.2017 13:22;0;0;0;0;0;0;0
01.01.2017 13:23;0;0;0;0;0;0;0
01.01.2017 13:24;973.4;973.4;973.4;973.4;0.07;70.73;973.4
01.01.2017 13:25;0;0;0;0;0;0;0
01.01.2017 13:26;0;0;0;0;0;0;0
01.01.2017 13:27;0;0;0;0;0;0;0
01.01.2017 13:28;0;0;0;0;0;0;0
01.01.2017 13:29;0;0;0;0;0;0;0
01.01.2017 13:30;0;0;0;0;0;0;0
01.01.2017 13:31;0;0;0;0;0;0;0
01.01.2017 13:32;973.07;973.07;973.07;973.07;0.01;5.09;973.07
01.01.2017 13:33;0;0;0;0;0;0;0
01.01.2017 13:34;0;0;0;0;0;0;0
01.01.2017 13:35;0;0;0;0;0;0;0
01.01.2017 13:36;973.45;973.45;973.2;973.2;0.02;16.03;973.37
01.01.2017 13:37;973.23;973.23;973.23;973.23;0.01;5.45;973.23
01.01.2017 13:38;973.45;973.5;973.32;973.33;5.55;5406.85;973.49
01.01.2017 13:39;973.38;973.5;973.38;973.5;6.53;6354.13;973.5
01.01.2017 13:40;0;0;0;0;0;0;0
01.01.2017 13:41;0;0;0;0;0;0;0
01.01.2017 13:42;973.5;973.5;973.5;973.5;0.34;330.8;973.5
01.01.2017 13:43;973.5;973.63;973.49;973.49;2.69;2616.04;973.58
01.01.2017 13:44;973.63;973.63;973.49;973.49;2.16;2099.5;973.55
01.01.2017 13:45;973.63;973.63;973.63;973.63;0.05;49.88;973.63
01.01.2017 13:46;0;0;0;0;0;0;0
01.01.2017 13:47;0;0;0;0;0;0;0
01.01.2017 13:48;973.63;973.63;973.63;973.63;1.97;1920.92;973.63
01.01.2017 13:49;974.03;974.03;974.03;974.03;0.48;469.89;974.03
01.01.2017 13:50;0;0;0;0;0;0;0
01.01.2017 13:51;974.03;974.03;974.03;974.03;0.02;23.46;974.03
01.01.2017 13:52;0;0;0;0;0;0;0
01.01.2017 13:53;0;0;0;0;0;0;0
01.01.2017 13:54;0;0;0;0;0;0;0
01.01.2017 13:55;974.04;974.04;974.04;974.04;0.03;32.05;974.04
01.01.2017 13:56;974.08;974.08;974.08;974.08;2;1948.16;974.08
01.01.2017 13:57;974.08;974.09;974.08;974.09;0.14;139.77;974.09
01.01.2017 13:58;0;0;0;0;0;0;0
01.01.2017 13:59;974.09;974.09;974.09;974.09;0.25;243.52;974.09
01.01.2017 14:00;974.1;974.1;974.1;974.1;0.36;350.68;974.1
01.01.2017 14:01;974.1;974.1;974.07;974.07;0.16;155.12;974.08
01.01.2017 14:02;0;0;0;0;0;0;0
01.01.2017 14:03;974.07;974.07;974.07;974.07;0.04;40.83;974.07
01.01.2017 14:04;0;0;0;0;0;0;0
01.01.2017 14:05;0;0;0;0;0;0;0
01.01.2017 14:06;0;0;0;0;0;0;0
01.01.2017 14:07;974.53;974.53;974.53;974.53;0.02;20.48;974.53
01.01.2017 14:08;0;0;0;0;0;0;0
01.01.2017 14:09;974.39;974.4;974.39;974.39;1.53;1487.37;974.39
01.01.2017 14:10;0;0;0;0;0;0;0
01.01.2017 14:11;0;0;0;0;0;0;0
01.01.2017 14:12;974.13;974.13;974.13;974.13;0.02;19.48;974.13
01.01.2017 14:13;974.39;974.39;974.39;974.39;1.5;1461.78;974.39
01.01.2017 14:14;0;0;0;0;0;0;0
01.01.2017 14:15;0;0;0;0;0;0;0
01.01.2017 14:16;974.52;974.52;974.52;974.52;0.02;21.75;974.52
01.01.2017 14:17;0;0;0;0;0;0;0
01.01.2017 14:18;0;0;0;0;0;0;0
01.01.2017 14:19;974.88;974.88;974.88;974.88;0.02;15.01;974.88
01.01.2017 14:20;0;0;0;0;0;0;0
01.01.2017 14:21;974.88;974.88;974.88;974.88;2.33;2269.03;974.88
01.01.2017 14:22;974.9;974.9;974.9;974.9;0.03;29.4;974.9
01.01.2017 14:23;0;0;0;0;0;0;0
01.01.2017 14:24;974.69;974.69;974.52;974.52;0.11;104.95;974.67
01.01.2017 14:25;0;0;0;0;0;0;0
01.01.2017 14:26;974.52;974.61;974.52;974.52;20.57;20042.47;974.52
01.01.2017 14:27;0;0;0;0;0;0;0
01.01.2017 14:28;0;0;0;0;0;0;0
01.01.2017 14:29;973.95;973.95;973.95;973.95;0.09;92.16;973.95
01.01.2017 14:30;0;0;0;0;0;0;0
01.01.2017 14:31;974.07;974.09;973.75;974.04;3.04;2959.44;974.08
01.01.2017 14:32;973.77;973.77;973.2;973.2;1;973.71;973.71
01.01.2017 14:33;973.79;973.79;973.79;973.79;0.26;249.29;973.79
01.01.2017 14:34;0;0;0;0;0;0;0
01.01.2017 14:35;0;0;0;0;0;0;0
01.01.2017 14:36;973.8;974.55;973.8;974.55;0.02;20.51;974.36
01.01.2017 14:37;974.54;974.54;974.54;974.54;0.1;96.28;974.54
01.01.2017 14:38;973.81;974.43;973.77;973.77;10.01;9748.99;974.39
01.01.2017 14:39;974.93;974.93;974.93;974.93;2.4;2344.03;974.93
01.01.2017 14:40;0;0;0;0;0;0;0
01.01.2017 14:41;974.7;974.7;974.03;974.03;1.02;989.01;974.06
01.01.2017 14:42;0;0;0;0;0;0;0
01.01.2017 14:43;974.06;974.07;974.06;974.07;0.25;243.09;974.06
01.01.2017 14:44;0;0;0;0;0;0;0
01.01.2017 14:45;974.15;974.15;974.14;974.14;1.04;1014.74;974.15
01.01.2017 14:46;974.93;974.93;974.93;974.93;0.04;41.02;974.93
01.01.2017 14:47;0;0;0;0;0;0;0
01.01.2017 14:48;0;0;0;0;0;0;0
01.01.2017 14:49;974.93;974.93;974.93;974.93;0.02;19.6;974.93
01.01.2017 14:50;974.93;975.7;974.16;975.7;56.51;55112.41;975.27
01.01.2017 14:51;975;976;974.19;974.3;30.78;30033.46;975.89
01.01.2017 14:52;0;0;0;0;0;0;0
01.01.2017 14:53;0;0;0;0;0;0;0
01.01.2017 14:54;0;0;0;0;0;0;0
01.01.2017 14:55;975.85;975.85;975.34;975.34;5.33;5202.96;975.69
01.01.2017 14:56;975.84;975.85;975.7;975.7;0.25;244.78;975.82
01.01.2017 14:57;0;0;0;0;0;0;0
01.01.2017 14:58;975.84;975.84;975.84;975.84;0.11;102.55;975.84
01.01.2017 14:59;975.83;975.85;975.83;975.85;30.44;29700.86;975.84
01.01.2017 15:00;975.85;976;975.85;976;6.48;6323.77;975.9
01.01.2017 15:01;975.98;976.31;975.98;976.31;14.8;14447.13;976.21
01.01.2017 15:02;0;0;0;0;0;0;0
01.01.2017 15:03;976.37;976.37;976.32;976.37;20.13;19657.62;976.37
01.01.2017 15:04;976.36;976.37;976.36;976.37;1.61;1570.47;976.37
01.01.2017 15:05;976.4;977.92;976.37;977.56;20.5;20042.22;977.47
01.01.2017 15:06;0;0;0;0;0;0;0
01.01.2017 15:07;976.71;976.71;976.71;976.71;0.16;153.8;976.71
01.01.2017 15:08;0;0;0;0;0;0;0
01.01.2017 15:09;976.39;976.71;976.39;976.71;0.31;302.78;976.7
01.01.2017 15:10;976.39;976.71;976.39;976.71;1.5;1461.26;976.4
01.01.2017 15:11;0;0;0;0;0;0;0
01.01.2017 15:12;976.27;976.27;974.62;974.62;0.25;246.36;975.06
01.01.2017 15:13;974.64;975.37;974.64;975.37;0.08;73.65;975.24
01.01.2017 15:14;0;0;0;0;0;0;0
01.01.2017 15:15;0;0;0;0;0;0;0
01.01.2017 15:16;975.78;975.78;975.78;975.78;0.11;102.62;975.78
01.01.2017 15:17;976.18;976.18;976.18;976.18;0.01;10.77;976.18
01.01.2017 15:18;975.22;975.22;975.22;975.22;2;1950.44;975.22
01.01.2017 15:19;975.76;975.76;975.76;975.76;0.1;95.79;975.76
01.01.2017 15:20;975.76;975.79;975.76;975.79;2.67;2602.6;975.77
01.01.2017 15:21;976.11;976.11;976.11;976.11;0.01;10.31;976.11
01.01.2017 15:22;976.11;976.11;975.21;975.29;2.27;2209.94;975.29
01.01.2017 15:23;0;0;0;0;0;0;0
01.01.2017 15:24;0;0;0;0;0;0;0
01.01.2017 15:25;976.1;976.1;975.68;975.68;7.42;7237.38;975.68
01.01.2017 15:26;976;976;975.97;975.97;10.94;10678.48;976
01.01.2017 15:27;0;0;0;0;0;0;0
01.01.2017 15:28;0;0;0;0;0;0;0
01.01.2017 15:29;975.7;975.7;975.7;975.7;0.01;11.71;975.7
01.01.2017 15:30;975.97;976;975.71;975.71;51.43;50195.78;975.99
01.01.2017 15:31;976;976;976;976;34.3;33478.4;976
01.01.2017 15:32;975.85;975.85;975.85;975.85;1.04;1014.95;975.85
01.01.2017 15:33;0;0;0;0;0;0;0
01.01.2017 15:34;976;976;976;976;7.59;7409.02;976
01.01.2017 15:35;976.11;976.11;976.11;976.11;0.08;73.83;976.11
01.01.2017 15:36;975.8;976.66;975.8;976.66;3.93;3839.26;976.18
01.01.2017 15:37;976.66;976.68;976.66;976.68;3;2930.03;976.68
01.01.2017 15:38;0;0;0;0;0;0;0
01.01.2017 15:39;976.68;976.68;976.68;976.68;1.02;995.28;976.68
01.01.2017 15:40;976.68;976.68;976.67;976.67;2.14;2091.77;976.67
01.01.2017 15:41;0;0;0;0;0;0;0
01.01.2017 15:42;976.07;976.07;975.69;975.69;30;29274.32;975.81
01.01.2017 15:43;976.57;976.71;976.57;976.71;9.62;9395.41;976.68
01.01.2017 15:44;0;0;0;0;0;0;0
01.01.2017 15:45;0;0;0;0;0;0;0
01.01.2017 15:46;976.69;976.69;976.69;976.69;0.31;307.59;976.69
01.01.2017 15:47;976.71;976.71;976.71;976.71;4.56;4455.47;976.71
01.01.2017 15:48;0;0;0;0;0;0;0
01.01.2017 15:49;976.7;976.7;976.7;976.7;0.82;802.18;976.7
01.01.2017 15:50;976.7;976.7;976.7;976.7;0.06;58.86;976.7
01.01.2017 15:51;0;0;0;0;0;0;0
01.01.2017 15:52;976.04;976.71;976.04;976.71;0.14;140.97;976.27
01.01.2017 15:53;0;0;0;0;0;0;0
01.01.2017 15:54;976.37;976.7;976.37;976.7;0.14;133.03;976.47
01.01.2017 15:55;0;0;0;0;0;0;0
01.01.2017 15:56;976.71;976.71;976.71;976.71;4.72;4605.2;976.71
01.01.2017 15:57;0;0;0;0;0;0;0
01.01.2017 15:58;0;0;0;0;0;0;0
01.01.2017 15:59;0;0;0;0;0;0;0
01.01.2017 16:00;976.71;977.49;976.71;977.49;15.65;15292.91;977.21
01.01.2017 16:01;977.49;977.92;977.49;977.92;1.62;1584.56;977.51
01.01.2017 16:02;977.92;977.92;977.92;977.92;4.37;4272.64;977.92
01.01.2017 16:03;977.92;977.92;977.92;977.92;0.02;19.56;977.92
01.01.2017 16:04;977.92;977.94;977.91;977.94;5.59;5465.29;977.93
01.01.2017 16:05;977.94;978.22;977.94;978.22;12.64;12363.57;978.01
01.01.2017 16:06;977.97;977.97;977.97;977.97;2.65;2591.62;977.97
01.01.2017 16:07;977.97;978.22;977.97;977.97;1.17;1148.82;977.98
01.01.2017 16:08;978.22;978.22;978.22;978.22;0.08;79.24;978.22
01.01.2017 16:09;0;0;0;0;0;0;0
01.01.2017 16:10;977.97;977.97;977.95;977.95;12.2;11935.37;977.95
01.01.2017 16:11;977.94;977.94;976.95;977.91;51.07;49943.73;977.89
01.01.2017 16:12;976.77;976.77;976.71;976.71;12.47;12176.99;976.72
01.01.2017 16:13;976.71;977.89;976.71;977.89;0.82;801.63;977.16
01.01.2017 16:14;977.11;977.11;976.22;976.22;8;7814.31;976.79
01.01.2017 16:15;977.89;977.91;976.23;977.91;3.67;3584.2;976.8
01.01.2017 16:16;0;0;0;0;0;0;0
01.01.2017 16:17;976.25;976.25;976.25;976.25;0.04;34.48;976.25
01.01.2017 16:18;977.9;977.9;977.9;977.9;0.27;268.18;977.9
01.01.2017 16:19;976.61;976.61;976.61;976.61;0.06;63.34;976.61
01.01.2017 16:20;977.91;978.22;977.91;978.22;20;19563.39;978.17
01.01.2017 16:21;0;0;0;0;0;0;0
01.01.2017 16:22;978.2;978.2;978.2;978.2;0.14;133.32;978.2
01.01.2017 16:23;0;0;0;0;0;0;0
01.01.2017 16:24;978.04;978.04;977.99;977.99;18.09;17689.61;978.02
01.01.2017 16:25;977.72;977.97;977.72;977.97;0.73;716.08;977.75
01.01.2017 16:26;0;0;0;0;0;0;0
01.01.2017 16:27;977.97;977.99;977.97;977.99;7.69;7520.09;977.99
01.01.2017 16:28;977.99;978;977.99;978;25.18;24624.78;977.99
01.01.2017 16:29;0;0;0;0;0;0;0
01.01.2017 16:30;978.2;978.99;978.2;978.99;54.41;53253.54;978.76
01.01.2017 16:31;978.99;979;978.81;978.81;84.99;83205.61;978.96
01.01.2017 16:32;978.71;979.06;978.71;979.06;45.56;44601.32;979
01.01.2017 16:33;979.12;979.36;979.12;979.36;0.09;85.15;979.16
01.01.2017 16:34;979.13;979.13;979.13;979.13;0.03;27.48;979.13
01.01.2017 16:35;979.36;980;979.36;979.99;25.96;25436.92;979.9
01.01.2017 16:36;979.99;980;979.98;980;20.14;19737.02;980
01.01.2017 16:37;980;982.93;980;982.93;164.69;161470.82;980.44
01.01.2017 16:38;982.93;984.12;980.67;984.12;79.57;78227.95;983.18
01.01.2017 16:39;984.12;984.99;984.01;984.99;31.08;30605.88;984.68
01.01.2017 16:40;984.99;984.99;984.98;984.98;17.72;17452.9;984.99
01.01.2017 16:41;984.9;984.9;984.15;984.9;45.52;44833.09;984.9
01.01.2017 16:42;984.89;984.91;984.16;984.91;27.65;27235.97;984.9
01.01.2017 16:43;984.99;985.67;984.91;985.67;133.02;131049.64;985.18
01.01.2017 16:44;985.9;989;985.9;989;93.7;92564.77;987.87
01.01.2017 16:45;989;990.96;988.4;990.86;103.9;102862.35;989.99
01.01.2017 16:46;990.86;992;990.85;992;13.53;13410.12;991.31
01.01.2017 16:47;992;992;991.78;992;9.78;9697.46;991.98
01.01.2017 16:48;992;992;992;992;11.49;11397.84;992
01.01.2017 16:49;991.35;992;991.35;991.9;10.04;9958.65;991.99
01.01.2017 16:50;990.89;990.89;990.08;990.5;6.58;6523.42;990.78
01.01.2017 16:51;990.53;991.81;990.53;991.81;1.65;1631.93;990.83
01.01.2017 16:52;991.75;991.75;989.83;990.01;8.18;8107.47;990.65
01.01.2017 16:53;990.01;990.01;988.96;988.96;1.83;1809.26;990
01.01.2017 16:54;989.4;990.42;988.35;990.02;12.45;12311.69;989.22
01.01.2017 16:55;990.08;991.34;990.05;991.34;20.17;19974.88;990.56
01.01.2017 16:56;990.5;991.2;990.5;990.96;0.79;777.87;990.52
01.01.2017 16:57;991.2;992;991.2;992;18.82;18669.76;991.86
01.01.2017 16:58;991.99;992.35;991.99;992.35;11.52;11431.23;992.01
01.01.2017 16:59;992.98;992.99;992.98;992.99;1.93;1917.28;992.98
01.01.2017 17:00;992.98;993;992.98;993;3.88;3853.18;992.99
01.01.2017 17:01;993;993;993;993;2.04;2025.72;993
01.01.2017 17:02;993;993;992.99;993;14.58;14475.03;993
01.01.2017 17:03;992.99;992.99;992.99;992.99;0.04;39.72;992.99
01.01.2017 17:04;992.45;992.45;991.31;991.34;5.24;5200.54;991.63
01.01.2017 17:05;991.38;993.78;991.38;991.71;27.32;27130.07;993.04
01.01.2017 17:06;992.87;992.88;992.86;992.86;1.72;1707.74;992.87
01.01.2017 17:07;992.86;992.97;992.86;992.97;3.48;3451.67;992.92
01.01.2017 17:08;0;0;0;0;0;0;0
01.01.2017 17:09;992.97;992.97;992.97;992.97;0.1;102.55;992.97
01.01.2017 17:10;992.97;993.15;992.86;992.86;2.3;2283.88;992.99
01.01.2017 17:11;0;0;0;0;0;0;0
01.01.2017 17:12;992.86;992.86;992.86;992.86;1;992.86;992.86
01.01.2017 17:13;992.99;993.15;992.86;992.86;2.75;2732.26;993.07
01.01.2017 17:14;993.15;993.15;993.15;993.15;0.11;105.2;993.15
01.01.2017 17:15;993.14;994;992.99;992.99;20.16;20027.52;993.33
01.01.2017 17:16;993.98;994;993.98;993.98;4.36;4335.98;993.99
01.01.2017 17:17;994;994.12;993.98;993.98;10.87;10806.44;993.99
01.01.2017 17:18;0;0;0;0;0;0;0
01.01.2017 17:19;993.97;993.98;993.97;993.98;7.74;7695.04;993.98
01.01.2017 17:20;993.98;993.98;993.97;993.97;6.54;6500.32;993.98
01.01.2017 17:21;993.95;993.95;993.95;993.95;2.01;1999.92;993.95
01.01.2017 17:22;993.5;993.95;993.5;993.95;4.79;4757.73;993.78
01.01.2017 17:23;993.97;993.98;993.97;993.98;6.88;6841.33;993.98
01.01.2017 17:24;993.98;993.98;993.33;993.33;8.76;8702.54;993.98
01.01.2017 17:25;993.97;993.98;993.97;993.98;42.77;42516.95;993.98
01.01.2017 17:26;993.4;993.43;993.4;993.43;0.06;55.37;993.41
01.01.2017 17:27;993.98;994.02;992.86;992.86;16.93;16817.02;993.04
01.01.2017 17:28;992.86;992.86;992.86;992.86;2.05;2033.12;992.86
01.01.2017 17:29;992.94;992.94;992.86;992.86;2.2;2185.01;992.86
01.01.2017 17:30;992.86;992.86;981.57;985.66;68.57;67459.38;983.74
01.01.2017 17:31;985.66;988.01;984.98;988.01;7.66;7552.73;985.73
01.01.2017 17:32;987.99;991.01;987.98;991.01;4.47;4425.9;989.07
01.01.2017 17:33;990.97;990.97;988;988;2.95;2918.23;988.31
01.01.2017 17:34;988;990.5;988;990.5;10.06;9949.39;989.02
01.01.2017 17:35;990.5;992.73;990.5;992.73;20;19842.97;992.15
01.01.2017 17:36;0;0;0;0;0;0;0
01.01.2017 17:37;992.27;992.27;992.27;992.27;0.21;207.79;992.27
01.01.2017 17:38;0;0;0;0;0;0;0
01.01.2017 17:39;988.81;988.81;988.81;988.81;0.02;19.78;988.81
01.01.2017 17:40;988.74;988.74;988.74;988.74;0.02;19.77;988.74
01.01.2017 17:41;988.74;988.74;988.29;988.29;1;988.37;988.37
01.01.2017 17:42;0;0;0;0;0;0;0
01.01.2017 17:43;990.6;990.6;990.6;990.6;0.07;69.55;990.6
01.01.2017 17:44;0;0;0;0;0;0;0
01.01.2017 17:45;991.64;993.74;990.21;991.2;22.32;22141.58;991.96
01.01.2017 17:46;990.57;993.73;990.57;993.73;1.42;1406.72;993.09
01.01.2017 17:47;993.69;993.69;993.69;993.69;0.01;12.34;993.69
01.01.2017 17:48;0;0;0;0;0;0;0
01.01.2017 17:49;992.01;993.01;992;992;1.06;1049.94;992.04
01.01.2017 17:50;992;992;988;988;21.88;21651.47;989.69
01.01.2017 17:51;990.99;991.1;988.19;988.19;0.7;697.62;990.94
01.01.2017 17:52;991.49;991.49;988.01;989.75;2.35;2327.11;988.81
01.01.2017 17:53;988.02;990.6;988.02;990.6;1.7;1678.64;989.76
01.01.2017 17:54;990.47;990.5;990.47;990.5;0.6;596.27;990.48
01.01.2017 17:55;991.5;993.72;991.48;992;20.2;20046.64;992.16
01.01.2017 17:56;991.81;992.27;991.26;991.94;7.24;7184.09;991.86
01.01.2017 17:57;991.94;991.95;991.94;991.95;3.26;3231.15;991.95
01.01.2017 17:58;991.96;992;991.96;992;3.32;3293.91;991.96
01.01.2017 17:59;991.96;991.96;990.81;990.81;5.86;5813.55;991.61
01.01.2017 18:00;0;0;0;0;0;0;0
01.01.2017 18:01;991.96;991.96;991.96;991.96;0.1;99.2;991.96
01.01.2017 18:02;0;0;0;0;0;0;0
01.01.2017 18:03;991.99;992;991.99;992;8.6;8533.05;991.99
01.01.2017 18:04;992.19;992.2;991.98;991.98;11.9;11810.23;992.17
01.01.2017 18:05;992.18;995;992.18;995;50.27;49947.97;993.65
01.01.2017 18:06;995;995.02;994;994.03;16.82;16729.51;994.41
01.01.2017 18:07;995;995;995;995;0.21;205.49;995
01.01.2017 18:08;994.31;994.31;994.03;994.03;1.61;1598.45;994.03
01.01.2017 18:09;0;0;0;0;0;0;0
01.01.2017 18:10;0;0;0;0;0;0;0
01.01.2017 18:11;0;0;0;0;0;0;0
01.01.2017 18:12;994.04;994.04;994.04;994.04;0.61;602.09;994.04
01.01.2017 18:13;0;0;0;0;0;0;0
01.01.2017 18:14;994.54;994.54;994.04;994.54;3.24;3221.54;994.08
01.01.2017 18:15;994.04;995.81;994.04;995.04;20.34;20242.5;995.2
01.01.2017 18:16;994.17;994.17;992.86;992.86;4;3975.19;993.8
01.01.2017 18:17;0;0;0;0;0;0;0
01.01.2017 18:18;992.25;992.27;992.24;992.24;0.91;902.8;992.26
01.01.2017 18:19;992.31;995.02;992.31;995.02;12.01;11947.12;994.39
01.01.2017 18:20;995.04;995.66;995.04;995.66;11.97;11917.84;995.55
01.01.2017 18:21;995.77;995.8;993.26;995.8;1.99;1980.98;995.72
01.01.2017 18:22;995.7;995.72;994.62;995.72;0.95;949.8;995.7
01.01.2017 18:23;995.8;995.8;995.8;995.8;0.06;56.78;995.8
01.01.2017 18:24;994.14;994.14;994.14;994.14;0.02;21.45;994.14
01.01.2017 18:25;995.65;996;994.4;994.4;22.21;22113.91;995.78
01.01.2017 18:26;995.8;995.8;995.8;995.8;0.05;51.01;995.8
01.01.2017 18:27;995.04;995.96;995.04;995.96;0.13;130.64;995.76
01.01.2017 18:28;995.83;995.83;995.04;995.04;0.11;106.43;995.53
01.01.2017 18:29;995.93;995.93;995.13;995.13;1.02;1015.83;995.91
01.01.2017 18:30;995.96;995.96;995.55;995.96;0.53;524.42;995.93
01.01.2017 18:31;995.8;995.8;995.8;995.8;0.76;754.53;995.8
01.01.2017 18:32;995.05;995.8;995.05;995.8;1.8;1792.29;995.72
01.01.2017 18:33;995.8;995.96;995.8;995.96;9.64;9594.97;995.84
01.01.2017 18:34;995.96;997;995.96;997;100.15;99772.26;996.24
01.01.2017 18:35;996.03;997.33;996.03;997.33;20.03;19970.62;997.09
01.01.2017 18:36;997.32;997.32;997.32;997.32;0.2;200;997.32
01.01.2017 18:37;997.33;997.95;997.33;997.95;21.32;21274.58;997.7
01.01.2017 18:38;997.94;997.94;997.59;997.59;1.61;1603.66;997.68
01.01.2017 18:39;997.5;997.5;997.45;997.45;0.04;39.9;997.48
01.01.2017 18:40;997.95;998;997.95;998;4.64;4631.78;997.98
01.01.2017 18:41;998;998;997.99;997.99;2.82;2811.84;997.99
01.01.2017 18:42;997.45;997.99;997.37;997.37;0.86;858.1;997.45
01.01.2017 18:43;997.99;998;997.35;997.35;11.4;11373.93;997.75
01.01.2017 18:44;997.97;997.98;997.97;997.98;1.04;1039.61;997.98
01.01.2017 18:45;997.99;998;997.98;997.98;20.47;20427.6;998
01.01.2017 18:46;997.97;997.98;997.35;997.97;0.98;976.08;997.65
01.01.2017 18:47;997.36;997.36;997.36;997.36;0.36;358.74;997.36
01.01.2017 18:48;0;0;0;0;0;0;0
01.01.2017 18:49;997.36;997.41;997.36;997.41;0.12;122.38;997.37
01.01.2017 18:50;997.35;997.98;997.35;997.98;1.13;1128.75;997.9
01.01.2017 18:51;997.35;997.98;997.35;997.98;0.49;486.15;997.93
01.01.2017 18:52;997.35;997.85;997.06;997.06;0.63;633;997.73
01.01.2017 18:53;997.85;997.85;997.85;997.85;0.2;199.57;997.85
01.01.2017 18:54;997.56;997.56;997.02;997.03;5.89;5876.25;997.03
01.01.2017 18:55;997.03;997.03;997;997;29.63;29545.36;997.02
01.01.2017 18:56;996.97;996.97;996.97;996.97;0.03;27.59;996.97
01.01.2017 18:57;995.97;995.97;995.97;995.97;1.17;1168.11;995.97
01.01.2017 18:58;996.79;996.79;996.07;996.07;0.43;432.58;996.59
01.01.2017 18:59;996.22;996.22;996.22;996.22;1;996.22;996.22
01.01.2017 19:00;996.53;996.54;995.94;995.94;28.05;27950.71;996.3
01.01.2017 19:01;995.91;995.91;995.88;995.89;0.06;59.75;995.89
01.01.2017 19:02;995.91;995.98;995.06;995.98;1.23;1228.01;995.42
01.01.2017 19:03;995.18;995.18;994.55;994.55;1.01;1002.47;994.99
01.01.2017 19:04;995;995.92;994.63;995.85;1.82;1807.57;994.89
01.01.2017 19:05;995.72;996;995;996;20.04;19958.27;995.86
01.01.2017 19:06;996;996;993.79;993.8;5.24;5206.97;993.96
01.01.2017 19:07;995.89;995.89;995.84;995.84;0.38;377.08;995.85
01.01.2017 19:08;995.78;995.78;995.64;995.64;1.2;1194.36;995.71
01.01.2017 19:09;0;0;0;0;0;0;0
01.01.2017 19:10;995.04;995.04;994.19;994.55;3.68;3656.52;994.4
01.01.2017 19:11;994.55;994.55;994.01;994.24;6.48;6444.1;994.33
01.01.2017 19:12;994.24;994.25;994.1;994.24;6.67;6636.21;994.24
01.01.2017 19:13;994.24;994.55;994.24;994.55;2.95;2931.18;994.29
01.01.2017 19:14;994.54;994.54;994.54;994.54;0.06;61.46;994.54
01.01.2017 19:15;994.51;996;994.51;995.5;20.01;19907.64;994.78
01.01.2017 19:16;995.11;995.12;995.11;995.12;5.56;5529.56;995.11
01.01.2017 19:17;0;0;0;0;0;0;0
01.01.2017 19:18;0;0;0;0;0;0;0
01.01.2017 19:19;0;0;0;0;0;0;0
01.01.2017 19:20;995.5;995.5;994.14;994.14;0.04;36.67;995.23
01.01.2017 19:21;995.49;995.5;995.49;995.5;0.12;120.22;995.5
01.01.2017 19:22;994.25;994.25;994.15;994.15;6.8;6759.96;994.17
01.01.2017 19:23;994.13;994.13;994.13;994.13;0.25;248.53;994.13
01.01.2017 19:24;994.07;994.07;992.5;992.5;0.73;722.64;993.04
01.01.2017 19:25;994.02;996;992.49;992.49;20.56;20447.37;994.72
01.01.2017 19:26;0;0;0;0;0;0;0
01.01.2017 19:27;0;0;0;0;0;0;0
01.01.2017 19:28;993.15;993.37;993.15;993.37;4.01;3983.23;993.32
01.01.2017 19:29;993.49;993.49;993.49;993.49;2;1986.98;993.49
01.01.2017 19:30;0;0;0;0;0;0;0
01.01.2017 19:31;0;0;0;0;0;0;0
01.01.2017 19:32;0;0;0;0;0;0;0
01.01.2017 19:33;994.26;994.99;994.26;994.99;0.14;134.49;994.72
01.01.2017 19:34;993.24;994.88;993.24;994.88;6.58;6541.67;994.17
01.01.2017 19:35;994.88;996;994.87;996;47.06;46870.42;995.93
01.01.2017 19:36;996;996;996;996;7.42;7390.19;996
01.01.2017 19:37;996;996;996;996;0.01;8.17;996
01.01.2017 19:38;994.7;996;994.7;996;0.21;211.3;994.97
01.01.2017 19:39;996;996;996;996;0.07;71.6;996
01.01.2017 19:40;994.88;994.88;994.88;994.88;0.04;39.3;994.88
01.01.2017 19:41;0;0;0;0;0;0;0
01.01.2017 19:42;995.99;996;995.99;996;0.05;51.25;995.99
01.01.2017 19:43;995.34;995.34;994.77;994.77;0.45;449.04;994.89
01.01.2017 19:44;0;0;0;0;0;0;0
01.01.2017 19:45;995.02;995.02;995.02;995.02;2.17;2163.95;995.02
01.01.2017 19:46;995.17;995.39;995.17;995.39;2.48;2463.95;995.26
01.01.2017 19:47;0;0;0;0;0;0;0
01.01.2017 19:48;0;0;0;0;0;0;0
01.01.2017 19:49;995.17;995.17;995.16;995.16;0.98;975.85;995.16
01.01.2017 19:50;995.17;995.18;995.17;995.18;0.85;849.23;995.18
01.01.2017 19:51;994.84;994.84;994.84;994.84;2.18;2168.53;994.84
01.01.2017 19:52;0;0;0;0;0;0;0
01.01.2017 19:53;995.84;995.84;995.84;995.84;0.1;96.24;995.84
01.01.2017 19:54;995.32;995.32;995.32;995.32;0.1;102.45;995.32
01.01.2017 19:55;995.32;995.32;995.32;995.32;5.23;5205.52;995.32
01.01.2017 19:56;995.47;995.49;995.47;995.49;0.2;199.1;995.49
01.01.2017 19:57;995;995.97;995;995.97;1.3;1291.65;995.18
01.01.2017 19:58;995.97;995.99;995.97;995.99;4.09;4077.66;995.98
01.01.2017 19:59;995.27;997.03;995.27;997.03;35.98;35847.04;996.32
01.01.2017 20:00;996.01;996.01;996;996;1;996;996
01.01.2017 20:01;0;0;0;0;0;0;0
01.01.2017 20:02;997.02;997.02;997.02;997.02;0.17;169.49;997.02
01.01.2017 20:03;997.02;997.03;997.02;997.03;0.53;531;997.03
01.01.2017 20:04;996.05;996.09;996.05;996.09;1.01;1002.63;996.05
01.01.2017 20:05;996.2;996.2;996.17;996.17;0.77;771.15;996.2
01.01.2017 20:06;997;997.96;997;997.96;23.62;23558.59;997.47
01.01.2017 20:07;997.95;997.95;997.95;997.95;0.03;32.12;997.95
01.01.2017 20:08;996.82;996.82;996.81;996.81;2.35;2343.77;996.82
01.01.2017 20:09;0;0;0;0;0;0;0
01.01.2017 20:10;997.5;997.9;997.5;997.9;3.02;3012.47;997.89
01.01.2017 20:11;997.9;997.9;996.95;996.95;3.72;3716.08;997.9
01.01.2017 20:12;997.9;997.9;997.9;997.9;0.03;34.04;997.9
01.01.2017 20:13;997.9;997.9;997.9;997.9;0.02;20.52;997.9
01.01.2017 20:14;997.9;997.95;997.9;997.95;64.74;64610.05;997.95
01.01.2017 20:15;0;0;0;0;0;0;0
01.01.2017 20:16;997.98;997.99;997.98;997.99;2.38;2372.98;997.98
01.01.2017 20:17;997.99;997.99;997.99;997.99;1.75;1744.55;997.99
01.01.2017 20:18;997.99;997.99;997.99;997.99;0.08;83.83;997.99
01.01.2017 20:19;997.99;997.99;997.99;997.99;0.2;203.11;997.99
01.01.2017 20:20;997.96;997.99;997.96;997.99;2.85;2848.14;997.96
01.01.2017 20:21;998;998;997.99;998;1;997.27;998
01.01.2017 20:22;998;998;998;998;5.56;5553.59;998
01.01.2017 20:23;998;998;997.99;997.99;11.41;11387.52;998
01.01.2017 20:24;997.92;997.92;997.92;997.92;1;997.92;997.92
01.01.2017 20:25;997.93;997.93;997.93;997.93;0.01;6.74;997.93
01.01.2017 20:26;998;998;998;998;3.52;3516.95;998
01.01.2017 20:27;998;998;997.92;997.99;15;14969.17;997.94
01.01.2017 20:28;997.99;998;997.99;998;13.7;13674.84;997.99
01.01.2017 20:29;998;998;998;998;24.68;24633.07;998
01.01.2017 20:30;998;998.36;998;998.36;18.74;18706.41;998.2
01.01.2017 20:31;998.36;998.73;998.36;998.73;26.15;26111.12;998.63
01.01.2017 20:32;998.73;998.74;998.73;998.74;22.48;22449.07;998.74
01.01.2017 20:33;998.74;998.8;998.74;998.8;33.74;33693.33;998.75
01.01.2017 20:34;998.8;998.92;998.74;998.92;17.72;17702.87;998.82
01.01.2017 20:35;998.92;999;998.17;999;128.31;128180.06;998.96
01.01.2017 20:36;998.98;999.36;998.98;999.36;22.84;22822.55;999.22
01.01.2017 20:37;999.36;1000;999.36;1000;539.71;539661.81;999.91
01.01.2017 20:38;1000;1000.1;1000;1000.1;131.96;131966.98;1000.04
01.01.2017 20:39;1000.24;1001;1000.24;1000.99;63.37;63412.07;1000.67
01.01.2017 20:40;1000.85;1001;998.75;998.75;28.82;28830.13;1000.5
01.01.2017 20:41;999.97;999.97;998.21;999.82;9.06;9049.24;998.93
01.01.2017 20:42;999.77;1000.02;999.77;1000.02;16.51;16514.37;999.98
01.01.2017 20:43;1000.02;1000.5;1000.01;1000.5;7.02;7020.82;1000.37
01.01.2017 20:44;1000.24;1001;1000.24;1001;10.99;10997.67;1000.42
01.01.2017 20:45;1000.02;1001.6;1000.02;1001;12.42;12432.95;1001.19
01.01.2017 20:46;1001;1001.58;1001;1001.58;0.02;15.32;1001.39
01.01.2017 20:47;1001.58;1001.58;1001.58;1001.58;0.05;51.49;1001.58
01.01.2017 20:48;1001.11;1001.6;1001.11;1001.59;2.31;2308.88;1001.57
01.01.2017 20:49;1001.59;1001.6;1001.11;1001.11;3.11;3111.36;1001.59
01.01.2017 20:50;1001.6;1001.6;1000;1000;10.41;10408.67;1000.1
01.01.2017 20:51;1000;1001.39;1000;1001.39;0.78;782.37;1001.01
01.01.2017 20:52;1000.11;1000.11;1000.11;1000.11;0.04;43.94;1000.11
01.01.2017 20:53;1001.39;1001.39;1001.39;1001.39;0.09;94.13;1001.39
01.01.2017 20:54;0;0;0;0;0;0;0
01.01.2017 20:55;1001.11;1001.59;1001.11;1001.59;9.38;9394.8;1001.43
01.01.2017 20:56;1001.64;1001.64;1001.64;1001.64;0.15;155.05;1001.64
01.01.2017 20:57;1000.64;1001.64;1000.64;1001.64;10.2;10213.23;1001.15
01.01.2017 20:58;1001.64;1001.64;998.58;998.58;33.05;33054.13;1000.24
01.01.2017 20:59;999.99;1001.64;996.25;999.95;16.21;16186.02;998.82
01.01.2017 21:00;996.29;999.46;996.29;999.44;4.12;4113.44;997.3
01.01.2017 21:01;999.44;1000;997.31;999.99;12.47;12469.28;999.92
01.01.2017 21:02;999.99;1001;999.99;1000;12.07;12073.88;1000.33
01.01.2017 21:03;1000;1001.61;1000;1001.61;10.21;10219.16;1000.91
01.01.2017 21:04;1001.64;1002;999.94;999.95;13.04;13050.55;1001.05
01.01.2017 21:05;1000.08;1002;1000.08;1002;22.92;22963.39;1001.92
01.01.2017 21:06;1001.17;1002;999.95;999.95;14.99;15016.8;1001.86
01.01.2017 21:07;0;0;0;0;0;0;0
01.01.2017 21:08;0;0;0;0;0;0;0
01.01.2017 21:09;1001.9;1001.98;1001.9;1001.98;0.44;439.76;1001.96
01.01.2017 21:10;0;0;0;0;0;0;0
01.01.2017 21:11;1000.37;1002;999.95;999.95;7.21;7220.63;1001.28
01.01.2017 21:12;1001.97;1002;1000;1000;9.77;9779.03;1000.67
01.01.2017 21:13;1000;1001.96;1000;1001.96;0.81;808;1001.03
01.01.2017 21:14;1001.18;1001.64;999.97;1000;19.56;19556.71;1000.09
01.01.2017 21:15;1000;1001.98;999.96;1001.98;35.31;35331.73;1000.69
01.01.2017 21:16;1000;1001.98;1000;1001.98;6.67;6673.4;1000.48
01.01.2017 21:17;0;0;0;0;0;0;0
01.01.2017 21:18;1001.98;1001.98;1001.98;1001.98;0.56;562.19;1001.98
01.01.2017 21:19;1001.98;1002.51;1001.98;1002.51;35.43;35513.76;1002.25
01.01.2017 21:20;1002.51;1002.51;1002.01;1002.01;2.01;2015.77;1002.51
01.01.2017 21:21;1002.51;1002.51;1002.01;1002.01;5.13;5146.64;1002.51
01.01.2017 21:22;1002.01;1002.01;1001.98;1001.98;1.47;1470.59;1002
01.01.2017 21:23;1001.61;1002.49;999.4;1001.98;17.74;17742.77;999.88
01.01.2017 21:24;1001.98;1002.51;1000;1002.51;8.43;8440.27;1001.31
01.01.2017 21:25;1002.43;1002.51;1002.43;1002.51;20;20049.74;1002.49
01.01.2017 21:26;1002.49;1002.49;1002.49;1002.49;0.13;131.25;1002.49
01.01.2017 21:27;1002.5;1002.5;1002.5;1002.5;3.1;3112.17;1002.5
01.01.2017 21:28;1002.5;1002.5;1002.14;1002.5;14.06;14099.39;1002.5
01.01.2017 21:29;1002.5;1002.6;1002.08;1002.6;16.19;16227.29;1002.56
01.01.2017 21:30;1002.6;1002.6;1002.6;1002.6;7.71;7730.2;1002.6
01.01.2017 21:31;1002.01;1003;1002.01;1002.18;30.63;30717.07;1002.95
01.01.2017 21:32;1002.59;1002.75;1002.59;1002.75;0.05;47.63;1002.66
01.01.2017 21:33;1003;1003;1002.75;1002.75;0.03;30.32;1002.83
01.01.2017 21:34;1003;1003;1003;1003;1.84;1841.36;1003
01.01.2017 21:35;1003;1003;1002.59;1002.59;20.79;20853.03;1002.99
01.01.2017 21:36;1002.68;1002.68;1002.59;1002.59;0.05;50.1;1002.61
01.01.2017 21:37;1002.97;1003;1002.97;1003;19.9;19960.65;1003
01.01.2017 21:38;1003;1003;1003;1003;0.03;29.93;1003
01.01.2017 21:39;1003;1003;1002.59;1002.59;1.39;1396.76;1002.99
01.01.2017 21:40;1003;1003;1000.8;1003;10.28;10308.42;1002.71
01.01.2017 21:41;1003;1003;1003;1003;0.29;290.8;1003
01.01.2017 21:42;1002.19;1003;1002.19;1003;0.8;804.46;1002.88
01.01.2017 21:43;1003;1003;1001.34;1001.34;1.46;1459.17;1002
01.01.2017 21:44;1001.34;1003;1001.34;1003;6.94;6954.17;1002.49
01.01.2017 21:45;1003;1003.14;1003;1003.14;7.05;7075.24;1003.01
01.01.2017 21:46;1003.14;1003.97;1003.14;1003.97;7.42;7448.12;1003.31
01.01.2017 21:47;1003.97;1003.97;1003.97;1003.97;0.4;401.59;1003.97
01.01.2017 21:48;1003.82;1003.82;1003.82;1003.82;0.05;53.34;1003.82
01.01.2017 21:49;1003.82;1003.82;1003.82;1003.82;0.01;10.26;1003.82
01.01.2017 21:50;1003.95;1003.95;1003.95;1003.95;0.01;8.58;1003.95
01.01.2017 21:51;1003.82;1003.82;1003.82;1003.82;0.2;203.5;1003.82
01.01.2017 21:52;1003.28;1003.28;1003.27;1003.27;0.5;501.64;1003.27
01.01.2017 21:53;0;0;0;0;0;0;0
01.01.2017 21:54;0;0;0;0;0;0;0
01.01.2017 21:55;1003.42;1003.96;1003.27;1003.27;20.05;20129.18;1003.95
01.01.2017 21:56;1003.27;1003.27;1003.27;1003.27;0.01;6.02;1003.27
01.01.2017 21:57;1003.27;1003.87;1002.99;1002.99;7.53;7552.7;1003.21
01.01.2017 21:58;1002.99;1003;1002.99;1003;7.29;7312.68;1002.99
01.01.2017 21:59;1002.99;1002.99;1002.99;1002.99;1.8;1803.46;1002.99
01.01.2017 22:00;1002.99;1003;1002.99;1002.99;1.62;1627.7;1002.99
01.01.2017 22:01;1003;1003.92;1002.96;1003.59;2.81;2822.19;1003.17
01.01.2017 22:02;1002.97;1003.57;1002.97;1003.54;0.71;715.33;1003.13
01.01.2017 22:03;0;0;0;0;0;0;0
01.01.2017 22:04;0;0;0;0;0;0;0
01.01.2017 22:05;1002.81;1002.82;1002.81;1002.82;0.03;30.08;1002.82
01.01.2017 22:06;1003.18;1003.18;1003.18;1003.18;0.1;103.24;1003.18
01.01.2017 22:07;0;0;0;0;0;0;0
01.01.2017 22:08;1003.17;1003.17;1002.81;1002.81;4.66;4676.22;1002.87
01.01.2017 22:09;0;0;0;0;0;0;0
01.01.2017 22:10;1002.81;1002.81;1002.81;1002.81;0.2;200.56;1002.81
01.01.2017 22:11;1002.81;1002.81;1002.81;1002.81;0.01;6.83;1002.81
01.01.2017 22:12;1002.81;1002.81;1002.81;1002.81;0.02;17.74;1002.81
01.01.2017 22:13;1003.16;1003.16;1003.15;1003.15;0.46;460.27;1003.15
01.01.2017 22:14;0;0;0;0;0;0;0
01.01.2017 22:15;1003;1004.05;1003;1004.05;95.59;95968.23;1003.91
01.01.2017 22:16;1004;1004;1004;1004;1.1;1103.4;1004
01.01.2017 22:17;1004.05;1004.05;1004;1004;0.33;335.45;1004.05
01.01.2017 22:18;0;0;0;0;0;0;0
01.01.2017 22:19;1004.03;1004.88;1004.03;1004.88;67.22;67517;1004.44
01.01.2017 22:20;1004.87;1004.87;1004.87;1004.87;0.04;44.65;1004.87
01.01.2017 22:21;0;0;0;0;0;0;0
01.01.2017 22:22;1004.44;1004.88;1004;1004;6.12;6148.06;1004.38
01.01.2017 22:23;1004;1004;1004;1004;1;999.15;1004
01.01.2017 22:24;1004;1004.01;1004;1004.01;5.06;5080.29;1004.01
01.01.2017 22:25;1004.01;1004.01;1003.99;1004;24.97;25075.08;1004.01
01.01.2017 22:26;1003.02;1003.02;1003.02;1003.02;0.03;27.01;1003.02
01.01.2017 22:27;1003.02;1003.02;1003.01;1003.01;0.26;260.78;1003.02
01.01.2017 22:28;1004;1004;1004;1004;0.11;107.56;1004
01.01.2017 22:29;0;0;0;0;0;0;0
01.01.2017 22:30;1003.01;1004;1003.01;1003.72;1.07;1077.48;1003.73
01.01.2017 22:31;1004;1004;1004;1004;2.48;2493.17;1004
01.01.2017 22:32;0;0;0;0;0;0;0
01.01.2017 22:33;0;0;0;0;0;0;0
01.01.2017 22:34;0;0;0;0;0;0;0
01.01.2017 22:35;1004.01;1004.01;1004.01;1004.01;23.67;23765.75;1004.01
01.01.2017 22:36;1004;1004;1004;1004;0.01;12.8;1004
01.01.2017 22:37;1004;1004.01;1003.36;1003.36;3.16;3168.35;1003.99
01.01.2017 22:38;0;0;0;0;0;0;0
01.01.2017 22:39;0;0;0;0;0;0;0
01.01.2017 22:40;0;0;0;0;0;0;0
01.01.2017 22:41;1003.04;1003.04;1003.02;1003.02;1;1003.03;1003.03
01.01.2017 22:42;0;0;0;0;0;0;0
01.01.2017 22:43;0;0;0;0;0;0;0
01.01.2017 22:44;0;0;0;0;0;0;0
01.01.2017 22:45;1003.96;1004.86;1003.03;1003.03;14.99;15050.26;1004.24
01.01.2017 22:46;0;0;0;0;0;0;0
01.01.2017 22:47;0;0;0;0;0;0;0
01.01.2017 22:48;1003.03;1003.03;1003;1003;10;10030.03;1003
01.01.2017 22:49;0;0;0;0;0;0;0
01.01.2017 22:50;1003;1003.99;1000;1002.52;23.63;23685.73;1002.47
01.01.2017 22:51;1002.97;1002.97;1001;1002.79;4.04;4047.65;1002.39
01.01.2017 22:52;1002.85;1002.85;1002.85;1002.85;0.02;19.6;1002.85
01.01.2017 22:53;1000.98;1002.86;1000.98;1002.86;1.46;1464.93;1002.12
01.01.2017 22:54;0;0;0;0;0;0;0
01.01.2017 22:55;1002.97;1004.61;1002.97;1004.61;13.63;13681.28;1003.57
01.01.2017 22:56;0;0;0;0;0;0;0
01.01.2017 22:57;1004.5;1004.5;1004.5;1004.5;0;4.99;1004.5
01.01.2017 22:58;0;0;0;0;0;0;0
01.01.2017 22:59;1002.5;1002.5;1002.5;1002.5;0.02;20.05;1002.5
01.01.2017 23:00;0;0;0;0;0;0;0
01.01.2017 23:01;1002.4;1002.4;1002.4;1002.4;0.95;951.48;1002.4
01.01.2017 23:02;1002.39;1002.39;1001.43;1001.43;2.97;2972.43;1001.9
01.01.2017 23:03;1002.02;1004.18;1002;1004.12;15.94;15978.54;1002.3
01.01.2017 23:04;1004.07;1004.07;1004.07;1004.07;0.03;30.77;1004.07
01.01.2017 23:05;1003.29;1005;1003.29;1005;19.01;19096.49;1004.37
01.01.2017 23:06;1003.29;1003.29;1003.29;1003.29;0.39;393.82;1003.29
01.01.2017 23:07;1002.55;1003.9;1002.03;1003.9;0.21;210.42;1002.17
01.01.2017 23:08;1002.6;1002.6;1000.02;1000.02;1.31;1317.04;1001.56
01.01.2017 23:09;1000.02;1000.02;999.99;999.99;37.09;37089.88;1000
01.01.2017 23:10;0;0;0;0;0;0;0
01.01.2017 23:11;0;0;0;0;0;0;0
01.01.2017 23:12;999;999;994.44;994.44;13.25;13192.55;995.3
01.01.2017 23:13;995;997.77;995;995.45;3.95;3938.05;996.43
01.01.2017 23:14;995.45;995.45;994.42;994.42;22.58;22452.5;994.43
01.01.2017 23:15;994.42;994.42;994.42;994.42;24.37;24234.02;994.42
01.01.2017 23:16;994.42;995;994.39;995;11.37;11315.66;994.94
01.01.2017 23:17;995;996.94;995;996.92;16.56;16502.13;996.5
01.01.2017 23:18;0;0;0;0;0;0;0
01.01.2017 23:19;996.93;996.93;996.93;996.93;7.59;7562.68;996.93
01.01.2017 23:20;996.93;998.9;996.7;998.89;15.72;15675.22;997.2
01.01.2017 23:21;998.89;998.89;998.89;998.89;0.41;407.83;998.89
01.01.2017 23:22;0;0;0;0;0;0;0
01.01.2017 23:23;0;0;0;0;0;0;0
01.01.2017 23:24;998.89;1000.73;998.89;1000.73;3.5;3494.76;999.78
01.01.2017 23:25;1000.86;1000.86;998.76;998.76;0.12;123.49;999.14
01.01.2017 23:26;0;0;0;0;0;0;0
01.01.2017 23:27;998.8;998.8;998.8;998.8;0.01;5.91;998.8
01.01.2017 23:28;0;0;0;0;0;0;0
01.01.2017 23:29;0;0;0;0;0;0;0
01.01.2017 23:30;999;1002;999;1002;47.28;47236.46;999.14
01.01.2017 23:31;0;0;0;0;0;0;0
01.01.2017 23:32;1000.96;1000.96;1000.96;1000.96;3.51;3517.56;1000.96
01.01.2017 23:33;0;0;0;0;0;0;0
01.01.2017 23:34;0;0;0;0;0;0;0
01.01.2017 23:35;0;0;0;0;0;0;0
01.01.2017 23:36;999.54;999.54;999.53;999.53;0.84;843.05;999.53
01.01.2017 23:37;999.53;999.53;999.5;999.5;31;30984.62;999.5
01.01.2017 23:38;999.5;999.5;997.01;997.01;1.75;1747;998.28
01.01.2017 23:39;996.9;996.9;995.82;996.9;3.72;3712.16;996.77
01.01.2017 23:40;997.94;998.75;997.91;998.73;3.99;3977.7;998.01
01.01.2017 23:41;998.65;998.7;998.65;998.7;0.02;23.24;998.67
01.01.2017 23:42;997.94;997.94;995.99;995.99;0.24;236.68;996.71
01.01.2017 23:43;997.8;997.81;997.8;997.8;1.29;1290.92;997.8
01.01.2017 23:44;997.8;997.8;997.8;997.8;0.53;528.68;997.8
01.01.2017 23:45;996.74;996.74;996.59;996.59;22;21925.29;996.6
01.01.2017 23:46;997.42;997.42;997.42;997.42;0.02;19.92;997.42
01.01.2017 23:47;997.17;997.17;996.59;997.11;2.06;2058.51;997.06
01.01.2017 23:48;996.59;996.59;995.65;995.65;0.8;793.11;996.03
01.01.2017 23:49;996.6;997.4;996.53;997.39;1.82;1815.16;996.95
01.01.2017 23:50;997.3;997.3;996.06;996.18;1.74;1733.27;996.19
01.01.2017 23:51;996.18;997.12;996.18;997.08;6.07;6056.73;997.05
01.01.2017 23:52;997.03;997.36;997.03;997.36;5;4989.02;997.15
01.01.2017 23:53;996.55;996.55;996.55;996.55;0.22;220.84;996.55
01.01.2017 23:54;997.34;997.35;997.34;997.35;5.43;5420.08;997.35
01.01.2017 23:55;997.4;997.4;997.4;997.4;0.19;185.52;997.4
01.01.2017 23:56;997.4;997.4;997.4;997.4;9.91;9888.94;997.4
01.01.2017 23:57;997.4;997.8;997.36;997.45;27.13;27059.16;997.49
01.01.2017 23:58;997.49;997.78;997.4;997.78;2.75;2742.93;997.66
01.01.2017 23:59;997.4;997.75;996.66;997.75;5.85;5831.64;997.63
02.01.2017 00:00;997.75;997.8;997.75;997.8;9.22;9197.71;997.79
02.01.2017 00:01;997.8;999.76;997.8;999.76;16.16;16131.22;998.01
02.01.2017 00:02;999.76;999.89;999.76;999.89;0.81;806.32;999.8
02.01.2017 00:03;0;0;0;0;0;0;0
02.01.2017 00:04;997.89;997.89;996.89;996.89;0.72;720.64;996.99
02.01.2017 00:05;997.54;997.54;997.54;997.54;10;9975.4;997.54
02.01.2017 00:06;997.35;998.52;997.32;998.47;24.76;24700.44;997.45
02.01.2017 00:07;997.34;997.34;997.32;997.34;10.21;10179.04;997.34
02.01.2017 00:08;997.34;998.39;997.13;998.36;17.86;17815.97;997.35
02.01.2017 00:09;998.36;998.59;998.35;998.58;3.6;3592.16;998.51
02.01.2017 00:10;998.59;998.59;998.59;998.59;1.46;1454.9;998.59
02.01.2017 00:11;0;0;0;0;0;0;0
02.01.2017 00:12;998.49;998.49;998.49;998.49;0.04;43.35;998.49
02.01.2017 00:13;998.46;998.46;998.46;998.46;0.04;44.89;998.46
02.01.2017 00:14;0;0;0;0;0;0;0
02.01.2017 00:15;0;0;0;0;0;0;0
02.01.2017 00:16;997.7;998.04;997.68;998.04;1.51;1505.49;997.7
02.01.2017 00:17;0;0;0;0;0;0;0
02.01.2017 00:18;0;0;0;0;0;0;0
02.01.2017 00:19;0;0;0;0;0;0;0
02.01.2017 00:20;997.68;997.68;997.46;997.46;3.48;3475.38;997.49
02.01.2017 00:21;998.04;998.04;998.04;998.04;0.09;86.26;998.04
02.01.2017 00:22;997.81;997.81;997.81;997.81;0.14;140.93;997.81
02.01.2017 00:23;0;0;0;0;0;0;0
02.01.2017 00:24;997.46;997.46;997.46;997.46;4.75;4737.94;997.46
02.01.2017 00:25;0;0;0;0;0;0;0
02.01.2017 00:26;997.96;997.96;997.96;997.96;0.06;62.03;997.96
02.01.2017 00:27;0;0;0;0;0;0;0
02.01.2017 00:28;0;0;0;0;0;0;0
02.01.2017 00:29;997.53;997.57;997.53;997.57;2.78;2773.17;997.54
02.01.2017 00:30;997.63;997.63;997.63;997.63;1.7;1691.14;997.63
02.01.2017 00:31;997.62;997.62;997.54;997.54;5.66;5645.26;997.59
02.01.2017 00:32;0;0;0;0;0;0;0
02.01.2017 00:33;998.03;998.03;998.03;998.03;0.06;62.03;998.03
02.01.2017 00:34;998.03;998.03;998.03;998.03;0.09;87.68;998.03
02.01.2017 00:35;998.03;998.03;998.03;998.03;0.1;103.24;998.03
02.01.2017 00:36;0;0;0;0;0;0;0
02.01.2017 00:37;0;0;0;0;0;0;0
02.01.2017 00:38;0;0;0;0;0;0;0
02.01.2017 00:39;0;0;0;0;0;0;0
02.01.2017 00:40;998.03;998.03;998.03;998.03;4.5;4491.22;998.03
02.01.2017 00:41;0;0;0;0;0;0;0
02.01.2017 00:42;0;0;0;0;0;0;0
02.01.2017 00:43;998.03;998.03;998.03;998.03;0.07;72.22;998.03
02.01.2017 00:44;0;0;0;0;0;0;0
02.01.2017 00:45;998.03;998.03;998.03;998.03;0.13;130.74;998.03
02.01.2017 00:46;998.03;998.03;998.03;998.03;0.09;89.82;998.03
02.01.2017 00:47;0;0;0;0;0;0;0
02.01.2017 00:48;998.03;998.44;998.03;998.44;1.63;1624.96;998.05
02.01.2017 00:49;0;0;0;0;0;0;0
02.01.2017 00:50;0;0;0;0;0;0;0
02.01.2017 00:51;0;0;0;0;0;0;0
02.01.2017 00:52;998.44;998.44;998.44;998.44;0.04;42.11;998.44
02.01.2017 00:53;998.04;998.04;997.55;997.55;4.3;4287.97;997.95
02.01.2017 00:54;0;0;0;0;0;0;0
02.01.2017 00:55;997.82;997.82;997.82;997.82;2;1995.64;997.82
02.01.2017 00:56;997.69;997.69;997.69;997.69;1.05;1044.55;997.69
02.01.2017 00:57;0;0;0;0;0;0;0
02.01.2017 00:58;0;0;0;0;0;0;0
02.01.2017 00:59;0;0;0;0;0;0;0
02.01.2017 01:00;0;0;0;0;0;0;0
02.01.2017 01:01;997.7;997.99;997.68;997.68;1.45;1449.12;997.69
02.01.2017 01:02;997.68;997.68;997.68;997.68;2.29;2279.89;997.68
02.01.2017 01:03;997.68;997.68;997.68;997.68;2.8;2797.61;997.68
02.01.2017 01:04;997.68;997.68;997.68;997.68;8;7980.94;997.68
02.01.2017 01:05;997.68;997.68;997.68;997.68;1;1001.2;997.68
02.01.2017 01:06;0;0;0;0;0;0;0
02.01.2017 01:07;0;0;0;0;0;0;0
02.01.2017 01:08;0;0;0;0;0;0;0
02.01.2017 01:09;997.68;997.68;997.68;997.68;3;2993.04;997.68
02.01.2017 01:10;0;0;0;0;0;0;0
02.01.2017 01:11;997.69;997.69;997.69;997.69;5;4988.45;997.69
02.01.2017 01:12;0;0;0;0;0;0;0
02.01.2017 01:13;997.69;997.98;997.69;997.69;5.33;5322.46;997.75
02.01.2017 01:14;997.97;997.97;997.97;997.97;0.26;257.48;997.97
02.01.2017 01:15;0;0;0;0;0;0;0
02.01.2017 01:16;997.97;997.97;997.96;997.96;0.09;85.27;997.97
02.01.2017 01:17;997.97;997.97;997.97;997.97;3.52;3511.51;997.97
02.01.2017 01:18;997.89;997.89;997.68;997.68;1.43;1427.5;997.68
02.01.2017 01:19;0;0;0;0;0;0;0
02.01.2017 01:20;997.86;997.86;997.68;997.68;2.96;2955.73;997.71
02.01.2017 01:21;997.96;997.96;997.68;997.68;1.72;1713.67;997.69
02.01.2017 01:22;997.68;997.68;997.68;997.68;1;997.28;997.68
02.01.2017 01:23;997.95;997.95;997.95;997.95;0.02;19.96;997.95
02.01.2017 01:24;997.95;997.95;997.95;997.95;0.12;123.75;997.95
02.01.2017 01:25;997.68;997.68;997.68;997.68;2.7;2693.74;997.68
02.01.2017 01:26;997.93;997.93;997.68;997.68;0.33;330.18;997.82
02.01.2017 01:27;997.91;997.91;997.91;997.91;0.02;24.07;997.91
02.01.2017 01:28;997.8;997.8;997.8;997.8;0.18;175.61;997.8
02.01.2017 01:29;0;0;0;0;0;0;0
02.01.2017 01:30;997.68;997.69;997.68;997.69;3.17;3166.46;997.68
02.01.2017 01:31;997.69;997.69;997.68;997.68;4.93;4921.46;997.68
02.01.2017 01:32;997.68;997.68;997.68;997.68;2;1990.37;997.68
02.01.2017 01:33;997.71;997.71;997.71;997.71;0.03;28.01;997.71
02.01.2017 01:34;998.31;998.36;998.31;998.36;2.03;2022.64;998.34
02.01.2017 01:35;0;0;0;0;0;0;0
02.01.2017 01:36;998.38;998.38;998.38;998.38;1.94;1938.31;998.38
02.01.2017 01:37;998.38;998.38;998.38;998.38;1.8;1797.08;998.38
02.01.2017 01:38;998.2;998.2;998.2;998.2;1;998.2;998.2
02.01.2017 01:39;998.2;998.2;998.2;998.2;0.02;14.97;998.2
02.01.2017 01:40;998.2;998.2;998.2;998.2;0.37;369.33;998.2
02.01.2017 01:41;0;0;0;0;0;0;0
02.01.2017 01:42;998.2;998.2;998.2;998.2;0.27;266.52;998.2
02.01.2017 01:43;0;0;0;0;0;0;0
02.01.2017 01:44;998.2;998.2;998.2;998.2;3.35;3341.97;998.2
02.01.2017 01:45;0;0;0;0;0;0;0
02.01.2017 01:46;998.39;998.46;998.39;998.46;1.66;1657.05;998.44
02.01.2017 01:47;998.46;998.46;998.46;998.46;0.12;123.81;998.46
02.01.2017 01:48;998.46;998.46;998.46;998.46;5;4992.3;998.46
02.01.2017 01:49;0;0;0;0;0;0;0
02.01.2017 01:50;998.46;998.46;998.46;998.46;0.18;174.73;998.46
02.01.2017 01:51;0;0;0;0;0;0;0
02.01.2017 01:52;998.45;998.45;998.45;998.45;0.17;166.75;998.45
02.01.2017 01:53;0;0;0;0;0;0;0
02.01.2017 01:54;998.45;998.45;998.45;998.45;0.08;83.87;998.45
02.01.2017 01:55;998.44;998.46;998.44;998.46;0.14;135.08;998.45
02.01.2017 01:56;0;0;0;0;0;0;0
02.01.2017 01:57;998.46;998.46;998.46;998.46;0.65;649.7;998.46
02.01.2017 01:58;998.45;998.46;998.44;998.46;6.06;6048.01;998.44
02.01.2017 01:59;0;0;0;0;0;0;0
02.01.2017 02:00;998.46;998.53;998.46;998.53;1.27;1266.07;998.52
02.01.2017 02:01;998.53;998.53;998.53;998.53;0.62;622.78;998.53
02.01.2017 02:02;998.55;998.55;998.55;998.55;0.11;109.84;998.55
02.01.2017 02:03;0;0;0;0;0;0;0
02.01.2017 02:04;0;0;0;0;0;0;0
02.01.2017 02:05;998.55;998.55;998.55;998.55;0.08;74.89;998.55
02.01.2017 02:06;998.55;998.55;998.55;998.55;0.01;7.47;998.55
02.01.2017 02:07;0;0;0;0;0;0;0
02.01.2017 02:08;998.55;998.55;998.55;998.55;0.1;99.86;998.55
02.01.2017 02:09;0;0;0;0;0;0;0
02.01.2017 02:10;998.55;998.55;998.55;998.55;0.06;59.91;998.55
02.01.2017 02:11;998.55;998.55;998.55;998.55;0.06;60.91;998.55
02.01.2017 02:12;998.44;998.44;998.44;998.44;1.28;1273.4;998.44
02.01.2017 02:13;0;0;0;0;0;0;0
02.01.2017 02:14;998.55;998.55;998.55;998.55;0.09;87.2;998.55
02.01.2017 02:15;998.55;998.55;998.55;998.55;0.06;60.72;998.55
02.01.2017 02:16;0;0;0;0;0;0;0
02.01.2017 02:17;998.55;998.6;998.55;998.6;3;2995.79;998.6
02.01.2017 02:18;998.6;998.68;998.6;998.68;11.08;11061.37;998.68
02.01.2017 02:19;998.68;998.68;998.68;998.68;7;6990.76;998.68
02.01.2017 02:20;0;0;0;0;0;0;0
02.01.2017 02:21;998.68;998.68;998.68;998.68;13.67;13652.36;998.68
02.01.2017 02:22;0;0;0;0;0;0;0
02.01.2017 02:23;998.45;998.45;998.45;998.45;0.01;14.65;998.45
02.01.2017 02:24;998.68;998.68;998.5;998.5;4.02;4011.98;998.5
02.01.2017 02:25;998.5;998.5;998.5;998.5;0.44;438.34;998.5
02.01.2017 02:26;998.5;998.5;998.5;998.5;0.04;36.94;998.5
02.01.2017 02:27;0;0;0;0;0;0;0
02.01.2017 02:28;998.5;998.5;998.5;998.5;0.05;49.93;998.5
02.01.2017 02:29;0;0;0;0;0;0;0
02.01.2017 02:30;998.49;998.49;998.49;998.49;0.02;14.99;998.49
02.01.2017 02:31;0;0;0;0;0;0;0
02.01.2017 02:32;998.5;998.5;998.5;998.5;3.81;3802.21;998.5
02.01.2017 02:33;998.5;998.5;998.5;998.5;0.08;78.88;998.5
02.01.2017 02:34;998.49;998.5;998.49;998.5;9.07;9052.22;998.5
02.01.2017 02:35;998.5;998.68;998.5;998.54;11.74;11728.29;998.59
02.01.2017 02:36;998.68;998.89;998.68;998.89;14;13980.11;998.88
02.01.2017 02:37;998.89;999;998.89;999;10.02;10004.14;998.92
02.01.2017 02:38;999;999.03;999;999.03;2.17;2168.67;999
02.01.2017 02:39;0;0;0;0;0;0;0
02.01.2017 02:40;999.41;999.44;999.41;999.44;8.34;8331.11;999.44
02.01.2017 02:41;999.44;1000;999.44;1000;80.17;80156.28;999.87
02.01.2017 02:42;1000;1000.09;1000;1000.09;32.2;32204.51;1000.02
02.01.2017 02:43;1000.09;1000.5;1000.09;1000.5;38.29;38298.13;1000.28
02.01.2017 02:44;1000.5;1000.97;1000.5;1000.97;14.57;14578.33;1000.87
02.01.2017 02:45;1000.97;1000.99;1000.97;1000.99;15.75;15764.11;1000.98
02.01.2017 02:46;1000.99;1000.99;1000.99;1000.99;15.24;15251.36;1000.99
02.01.2017 02:47;1000.99;1000.99;1000.99;1000.99;15.44;15459.02;1000.99
02.01.2017 02:48;1000.99;1001.99;1000.99;1001.99;52.59;52671.18;1001.56
02.01.2017 02:49;1001.99;1001.99;1001.99;1001.99;16.34;16371.22;1001.99
02.01.2017 02:50;1001.99;1002.5;1001.99;1002.5;16.03;16062.58;1002.01
02.01.2017 02:51;1002.5;1002.5;1002.5;1002.5;16.26;16299.16;1002.5
02.01.2017 02:52;1002.5;1004.98;1001.74;1004.98;81.47;81787.61;1003.88
02.01.2017 02:53;1004.98;1005;1004.98;1005;6.94;6979.21;1005
02.01.2017 02:54;1005;1005;1005;1005;1.33;1336.05;1005
02.01.2017 02:55;1005;1005;1005;1005;44.5;44724.5;1005
02.01.2017 02:56;1005;1005;1005;1005;7.44;7479.39;1005
02.01.2017 02:57;1005;1005;1005;1005;13.01;13075;1005
02.01.2017 02:58;1005;1005;1005;1005;7.58;7614.85;1005
02.01.2017 02:59;0;0;0;0;0;0;0
02.01.2017 03:00;1004.99;1004.99;1004.76;1004.76;2.8;2813.63;1004.87
02.01.2017 03:01;1004.99;1004.99;1004.99;1004.99;0.03;30.71;1004.99
02.01.2017 03:02;1004.99;1004.99;1004.55;1004.55;4.01;4028.39;1004.99
02.01.2017 03:03;0;0;0;0;0;0;0
02.01.2017 03:04;0;0;0;0;0;0;0
02.01.2017 03:05;1004.99;1004.99;1004.99;1004.99;4;4019.96;1004.99
02.01.2017 03:06;0;0;0;0;0;0;0
02.01.2017 03:07;0;0;0;0;0;0;0
02.01.2017 03:08;1004.86;1004.99;1004.86;1004.99;0.02;15.07;1004.9
02.01.2017 03:09;1004.99;1004.99;1004.99;1004.99;1.49;1492.41;1004.99
02.01.2017 03:10;1004.99;1005;1004.99;1005;0.98;984.29;1005
02.01.2017 03:11;1005;1005;1004.8;1004.99;32.51;32667.63;1004.85
02.01.2017 03:12;1004.99;1005;1004.99;1005;21.5;21602.28;1004.99
02.01.2017 03:13;1005;1005;1005;1005;0.65;648.78;1005
02.01.2017 03:14;0;0;0;0;0;0;0
02.01.2017 03:15;0;0;0;0;0;0;0
02.01.2017 03:16;1005;1005;1005;1005;0.82;825.12;1005
02.01.2017 03:17;1004.82;1005;1004.82;1005;1.72;1729.89;1004.92
02.01.2017 03:18;1005;1005;1005;1005;0.06;60.3;1005
02.01.2017 03:19;1005;1005;1005;1005;0.08;83.59;1005
02.01.2017 03:20;1005;1005;1005;1005;6.05;6076.17;1005
02.01.2017 03:21;1005;1005.5;1005;1005.5;20.66;20768.6;1005.49
02.01.2017 03:22;0;0;0;0;0;0;0
02.01.2017 03:23;1005.5;1005.65;1005.5;1005.65;4.31;4332.34;1005.65
02.01.2017 03:24;1005.65;1005.65;1005.65;1005.65;1.05;1055.65;1005.65
02.01.2017 03:25;0;0;0;0;0;0;0
02.01.2017 03:26;0;0;0;0;0;0;0
02.01.2017 03:27;1005.65;1005.65;1005.65;1005.65;10.2;10252.85;1005.65
02.01.2017 03:28;1005.65;1005.65;1005.46;1005.65;3.68;3699.07;1005.59
02.01.2017 03:29;1005.65;1005.65;1005.48;1005.48;1.7;1707.54;1005.59
02.01.2017 03:30;0;0;0;0;0;0;0
02.01.2017 03:31;1005.65;1005.65;1005.64;1005.65;1.75;1759.89;1005.64
02.01.2017 03:32;1005.64;1005.64;1005.64;1005.64;3.91;3927.82;1005.64
02.01.2017 03:33;1005.64;1005.64;1005.64;1005.64;1.09;1094.94;1005.64
02.01.2017 03:34;0;0;0;0;0;0;0
02.01.2017 03:35;1005.64;1005.64;1005.64;1005.64;13;13073.32;1005.64
02.01.2017 03:36;1005.64;1005.64;1005.64;1005.64;0.17;167.91;1005.64
02.01.2017 03:37;0;0;0;0;0;0;0
02.01.2017 03:38;1005.65;1005.65;1005.65;1005.65;0.08;76.1;1005.65
02.01.2017 03:39;1005.64;1005.64;1005.64;1005.64;0.96;969.24;1005.64
02.01.2017 03:40;1005.65;1005.75;1005.65;1005.75;0.01;10.09;1005.7
02.01.2017 03:41;0;0;0;0;0;0;0
02.01.2017 03:42;1005.66;1005.66;1005.64;1005.64;2.85;2868.7;1005.64
02.01.2017 03:43;0;0;0;0;0;0;0
02.01.2017 03:44;0;0;0;0;0;0;0
02.01.2017 03:45;1005.73;1005.75;1005.73;1005.75;0.82;823.55;1005.73
02.01.2017 03:46;0;0;0;0;0;0;0
02.01.2017 03:47;1005.74;1005.74;1005.74;1005.74;5.41;5444.57;1005.74
02.01.2017 03:48;1005.64;1005.64;1005.64;1005.64;10.09;10143.39;1005.64
02.01.2017 03:49;1005.75;1005.75;1005.75;1005.75;1.57;1581.25;1005.75
02.01.2017 03:50;1005.75;1005.75;1005.75;1005.75;0.08;79.28;1005.75
02.01.2017 03:51;1005.75;1005.75;1005.75;1005.75;0.13;130.83;1005.75
02.01.2017 03:52;0;0;0;0;0;0;0
02.01.2017 03:53;0;0;0;0;0;0;0
02.01.2017 03:54;0;0;0;0;0;0;0
02.01.2017 03:55;0;0;0;0;0;0;0
02.01.2017 03:56;0;0;0;0;0;0;0
02.01.2017 03:57;1005.66;1005.66;1005.65;1005.65;5;5028.25;1005.65
02.01.2017 03:58;0;0;0;0;0;0;0
02.01.2017 03:59;1005.65;1005.75;1005.65;1005.75;1.22;1222.13;1005.65
02.01.2017 04:00;1005.66;1005.66;1005.65;1005.66;3.03;3050.86;1005.66
02.01.2017 04:01;1005.65;1005.65;1005.65;1005.65;1.23;1234.76;1005.65
02.01.2017 04:02;1005.65;1005.65;1005.63;1005.63;13.02;13094.12;1005.65
02.01.2017 04:03;1005.63;1005.63;1005.63;1005.63;0.16;160.04;1005.63
02.01.2017 04:04;1005.63;1005.63;1005.57;1005.57;0.02;20.8;1005.63
02.01.2017 04:05;1005.57;1005.57;1005.57;1005.57;8.66;8710.74;1005.57
02.01.2017 04:06;1005.57;1005.59;1005.57;1005.57;11.87;11935.85;1005.57
02.01.2017 04:07;1005.57;1005.57;1005.45;1005.45;0.46;465.26;1005.54
02.01.2017 04:08;0;0;0;0;0;0;0
02.01.2017 04:09;1004.63;1004.63;1004.63;1004.63;0.1;104.38;1004.63
02.01.2017 04:10;0;0;0;0;0;0;0
02.01.2017 04:11;0;0;0;0;0;0;0
02.01.2017 04:12;1004.63;1004.66;1004.63;1004.65;0.05;46.38;1004.65
02.01.2017 04:13;1004.19;1004.19;1004.19;1004.19;0;5.02;1004.19
02.01.2017 04:14;1005.33;1005.33;1004.66;1005.31;0.25;251.37;1005.31
02.01.2017 04:15;1005.56;1005.57;1005.56;1005.57;0.69;695.01;1005.57
02.01.2017 04:16;1005.33;1005.33;1005.33;1005.33;0.01;7.34;1005.33
02.01.2017 04:17;1005.33;1005.33;1005.31;1005.31;5.18;5205.1;1005.31
02.01.2017 04:18;1005.31;1005.31;1005.31;1005.31;0.02;16.66;1005.31
02.01.2017 04:19;1005.32;1005.32;1003.55;1003.55;20.81;20921.41;1005.11
02.01.2017 04:20;0;0;0;0;0;0;0
02.01.2017 04:21;1004.65;1005.73;1003.74;1003.74;0.03;27.24;1004.23
02.01.2017 04:22;1005.73;1005.73;1005.73;1005.73;0.01;5.04;1005.73
02.01.2017 04:23;0;0;0;0;0;0;0
02.01.2017 04:24;0;0;0;0;0;0;0
02.01.2017 04:25;1004.65;1004.65;1004.65;1004.65;0.01;7.39;1004.65
02.01.2017 04:26;0;0;0;0;0;0;0
02.01.2017 04:27;1005.73;1005.73;1005.73;1005.73;0.02;24.97;1005.73
02.01.2017 04:28;1004.98;1004.98;1003.96;1003.96;25;25104.23;1004.17
02.01.2017 04:29;0;0;0;0;0;0;0
02.01.2017 04:30;1004.9;1004.9;1004.9;1004.9;5;5024.5;1004.9
02.01.2017 04:31;1003.96;1003.97;1003.96;1003.97;0.02;23.75;1003.97
02.01.2017 04:32;1004.91;1004.92;1004.91;1004.92;0.44;440.23;1004.92
02.01.2017 04:33;0;0;0;0;0;0;0
02.01.2017 04:34;1004.92;1004.92;1004.92;1004.92;0.1;100.49;1004.92
02.01.2017 04:35;1004.16;1004.16;1004.11;1004.11;13;13053.44;1004.11
02.01.2017 04:36;1004.92;1004.96;1004.92;1004.96;2.49;2505.11;1004.95
02.01.2017 04:37;1004.96;1004.96;1004.96;1004.96;1;1004.96;1004.96
02.01.2017 04:38;1004.96;1004.96;1004.96;1004.96;1.58;1590.99;1004.96
02.01.2017 04:39;0;0;0;0;0;0;0
02.01.2017 04:40;1004.96;1004.96;1004.96;1004.96;1.38;1387.58;1004.96
02.01.2017 04:41;1004.96;1004.96;1004.93;1004.96;5.1;5129.13;1004.95
02.01.2017 04:42;1004.96;1004.96;1004.96;1004.96;1.63;1640.01;1004.96
02.01.2017 04:43;0;0;0;0;0;0;0
02.01.2017 04:44;0;0;0;0;0;0;0
02.01.2017 04:45;1004.96;1004.96;1004.96;1004.96;0.17;170.84;1004.96
02.01.2017 04:46;0;0;0;0;0;0;0
02.01.2017 04:47;1004.96;1004.96;1004.96;1004.96;3;3014.88;1004.96
02.01.2017 04:48;1004.95;1004.95;1004.95;1004.95;0.2;200.99;1004.95
02.01.2017 04:49;1004.95;1004.95;1004.95;1004.95;0.8;806.39;1004.95
02.01.2017 04:50;1004.94;1004.96;1004.94;1004.96;5.84;5866.15;1004.96
02.01.2017 04:51;1004.94;1005.11;1004.94;1005.11;7;7035.36;1005.05
02.01.2017 04:52;1005.11;1005.11;1005.11;1005.11;4;4020.44;1005.11
02.01.2017 04:53;1005.11;1005.11;1005.11;1005.11;1;1005.11;1005.11
02.01.2017 04:54;0;0;0;0;0;0;0
02.01.2017 04:55;0;0;0;0;0;0;0
02.01.2017 04:56;1005.11;1005.11;1005.11;1005.11;3.98;4001.78;1005.11
02.01.2017 04:57;1005.73;1005.73;1005.73;1005.73;0.07;65.83;1005.73
02.01.2017 04:58;0;0;0;0;0;0;0
02.01.2017 04:59;0;0;0;0;0;0;0
02.01.2017 05:00;1005.48;1005.73;1005.48;1005.73;0.23;231.7;1005.62
02.01.2017 05:01;1005.73;1005.73;1005.73;1005.73;0.41;411.34;1005.73
02.01.2017 05:02;1005.73;1005.73;1005.73;1005.73;0.23;228.17;1005.73
02.01.2017 05:03;1005.73;1005.75;1005.5;1005.75;2.98;2995.72;1005.52
02.01.2017 05:04;1005.75;1005.75;1005.75;1005.75;0.11;107.68;1005.75
02.01.2017 05:05;1005.75;1005.75;1005.75;1005.75;1.2;1206.9;1005.75
02.01.2017 05:06;0;0;0;0;0;0;0
02.01.2017 05:07;0;0;0;0;0;0;0
02.01.2017 05:08;0;0;0;0;0;0;0
02.01.2017 05:09;1005.45;1005.45;1005.45;1005.45;0.01;10.25;1005.45
02.01.2017 05:10;0;0;0;0;0;0;0
02.01.2017 05:11;0;0;0;0;0;0;0
02.01.2017 05:12;0;0;0;0;0;0;0
02.01.2017 05:13;0;0;0;0;0;0;0
02.01.2017 05:14;0;0;0;0;0;0;0
02.01.2017 05:15;0;0;0;0;0;0;0
02.01.2017 05:16;0;0;0;0;0;0;0
02.01.2017 05:17;0;0;0;0;0;0;0
02.01.2017 05:18;1005.45;1005.46;1005.45;1005.46;10.51;10567.42;1005.45
02.01.2017 05:19;0;0;0;0;0;0;0
02.01.2017 05:20;0;0;0;0;0;0;0
02.01.2017 05:21;1005.75;1005.75;1005.75;1005.75;0.01;13.77;1005.75
02.01.2017 05:22;0;0;0;0;0;0;0
02.01.2017 05:23;1005.46;1005.46;1005.46;1005.46;0.01;6.08;1005.46
02.01.2017 05:24;0;0;0;0;0;0;0
02.01.2017 05:25;1005.66;1005.66;1005.66;1005.66;1;1005.66;1005.66
02.01.2017 05:26;1005.52;1005.52;1005.52;1005.52;0.05;48.08;1005.52
02.01.2017 05:27;1005.51;1005.51;1005.51;1005.51;0.1;100.55;1005.51
02.01.2017 05:28;1005.74;1005.74;1005.74;1005.74;0.05;48.91;1005.74
02.01.2017 05:29;0;0;0;0;0;0;0
02.01.2017 05:30;0;0;0;0;0;0;0
02.01.2017 05:31;1005.74;1005.75;1005.74;1005.75;1;1005.75;1005.75
02.01.2017 05:32;1005.54;1005.54;1005.54;1005.54;0.1;100.55;1005.54
02.01.2017 05:33;0;0;0;0;0;0;0
02.01.2017 05:34;1005.53;1005.53;1005.53;1005.53;0.5;502.77;1005.53
02.01.2017 05:35;0;0;0;0;0;0;0
02.01.2017 05:36;1005.53;1005.53;1005.53;1005.53;1.18;1186.53;1005.53
02.01.2017 05:37;1005.55;1005.55;1005.55;1005.55;0.26;258.34;1005.55
02.01.2017 05:38;1005.75;1005.8;1005.75;1005.8;20.31;20422.99;1005.76
02.01.2017 05:39;0;0;0;0;0;0;0
02.01.2017 05:40;0;0;0;0;0;0;0
02.01.2017 05:41;1005.55;1005.55;1005.53;1005.53;2;2011.07;1005.54
02.01.2017 05:42;1005.53;1005.53;1005.53;1005.53;1.12;1126.19;1005.53
02.01.2017 05:43;0;0;0;0;0;0;0
02.01.2017 05:44;1005.79;1005.8;1005.79;1005.8;0.21;211.22;1005.8
02.01.2017 05:45;1005.53;1005.8;1005.53;1005.8;1.18;1186.57;1005.57
02.01.2017 05:46;1005.8;1005.8;1005.8;1005.8;0.17;166.96;1005.8
02.01.2017 05:47;1005.8;1005.8;1005.8;1005.8;2;2011.6;1005.8
02.01.2017 05:48;1005.8;1005.8;1005.8;1005.8;0.14;143.57;1005.8
02.01.2017 05:49;0;0;0;0;0;0;0
02.01.2017 05:50;0;0;0;0;0;0;0
02.01.2017 05:51;1005.8;1005.8;1005.8;1005.8;1.74;1750.79;1005.8
02.01.2017 05:52;0;0;0;0;0;0;0
02.01.2017 05:53;0;0;0;0;0;0;0
02.01.2017 05:54;1005.53;1005.53;1005.53;1005.53;1.03;1037.96;1005.53
02.01.2017 05:55;0;0;0;0;0;0;0
02.01.2017 05:56;1005.53;1005.53;1005.53;1005.53;0.1;100.55;1005.53
02.01.2017 05:57;1005.53;1005.53;1005.53;1005.53;0.15;153.34;1005.53
02.01.2017 05:58;1005.8;1005.8;1005;1005;19.91;20021.02;1005.53
02.01.2017 05:59;1004.99;1004.99;1003.2;1003.2;0.24;241.08;1004.52
02.01.2017 06:00;0;0;0;0;0;0;0
02.01.2017 06:01;1004.97;1004.98;1004.97;1004.98;0.22;217.16;1004.97
02.01.2017 06:02;0;0;0;0;0;0;0
02.01.2017 06:03;0;0;0;0;0;0;0
02.01.2017 06:04;1004.98;1004.98;1004.98;1004.98;0.31;307.31;1004.98
02.01.2017 06:05;1004.28;1004.28;1004.28;1004.28;0.05;53.55;1004.28
02.01.2017 06:06;1004.98;1004.98;1004.98;1004.98;0.1;95.47;1004.98
02.01.2017 06:07;1004.98;1004.98;1004.98;1004.98;0.06;58.29;1004.98
02.01.2017 06:08;0;0;0;0;0;0;0
02.01.2017 06:09;1004.23;1004.23;1004.23;1004.23;0.01;10.04;1004.23
02.01.2017 06:10;1004.73;1004.73;1004.72;1004.72;0.46;459.89;1004.72
02.01.2017 06:11;1004.97;1004.97;1004.97;1004.97;0.08;75.37;1004.97
02.01.2017 06:12;1004.97;1005;1004.21;1004.21;1.44;1450.4;1004.9
02.01.2017 06:13;1005;1005;1005;1005;2.32;2328.48;1005
02.01.2017 06:14;1005;1005;1005;1005;0.05;48.93;1005
02.01.2017 06:15;0;0;0;0;0;0;0
02.01.2017 06:16;0;0;0;0;0;0;0
02.01.2017 06:17;1005;1005;1005;1005;0.02;24.12;1005
02.01.2017 06:18;0;0;0;0;0;0;0
02.01.2017 06:19;1005;1005;1005;1005;1.06;1065.48;1005
02.01.2017 06:20;0;0;0;0;0;0;0
02.01.2017 06:21;1005;1005;1005;1005;0.04;36.18;1005
02.01.2017 06:22;0;0;0;0;0;0;0
02.01.2017 06:23;1005;1005;1004.42;1005;0.11;106.31;1004.9
02.01.2017 06:24;0;0;0;0;0;0;0
02.01.2017 06:25;0;0;0;0;0;0;0
02.01.2017 06:26;0;0;0;0;0;0;0
02.01.2017 06:27;1005;1005;1005;1005;0.14;145.73;1005
02.01.2017 06:28;1004.5;1004.5;1004.5;1004.5;0.21;211.14;1004.5
02.01.2017 06:29;0;0;0;0;0;0;0
02.01.2017 06:30;1004.5;1004.5;1004.5;1004.5;0.09;85.38;1004.5
02.01.2017 06:31;1004.45;1004.97;1004.42;1004.97;19.68;19767.61;1004.42
02.01.2017 06:32;1004.96;1004.98;1004.96;1004.98;0.5;500.67;1004.97
02.01.2017 06:33;0;0;0;0;0;0;0
02.01.2017 06:34;0;0;0;0;0;0;0
02.01.2017 06:35;1004.5;1004.5;1004.5;1004.5;0.01;14.3;1004.5
02.01.2017 06:36;0;0;0;0;0;0;0
02.01.2017 06:37;1004.45;1004.45;1004.45;1004.45;0.2;199.88;1004.45
02.01.2017 06:38;1004.45;1004.45;1004.45;1004.45;0.05;51.23;1004.45
02.01.2017 06:39;1004.45;1004.45;1004.45;1004.45;0.04;41.9;1004.45
02.01.2017 06:40;1004.44;1004.44;1004.44;1004.44;18.42;18504.13;1004.44
02.01.2017 06:41;1004.44;1004.45;1004.44;1004.44;0.16;164.96;1004.44
02.01.2017 06:42;1004.45;1004.45;1004.44;1004.44;1.86;1871.71;1004.44
02.01.2017 06:43;1002.81;1004.41;1002.81;1004.41;0.19;190.84;1003.53
02.01.2017 06:44;0;0;0;0;0;0;0
02.01.2017 06:45;0;0;0;0;0;0;0
02.01.2017 06:46;1004.41;1004.41;1004.41;1004.41;0.05;48.06;1004.41
02.01.2017 06:47;1004.41;1004.42;1004.41;1004.42;0.27;267.6;1004.42
02.01.2017 06:48;0;0;0;0;0;0;0
02.01.2017 06:49;1004.42;1004.42;1004.42;1004.42;0.12;120.53;1004.42
02.01.2017 06:50;1003.49;1003.49;1002.8;1002.8;10.03;10062.31;1002.91
02.01.2017 06:51;1004.39;1004.39;1004.39;1004.39;1;1004.39;1004.39
02.01.2017 06:52;1004.39;1004.41;1002.83;1002.83;0.77;774.02;1004.38
02.01.2017 06:53;0;0;0;0;0;0;0
02.01.2017 06:54;1004.41;1004.41;1004.41;1004.41;3.11;3123.72;1004.41
02.01.2017 06:55;0;0;0;0;0;0;0
02.01.2017 06:56;1004.4;1004.4;1004.4;1004.4;1;1005.4;1004.4
02.01.2017 06:57;1004.41;1004.41;1004.41;1004.41;1.19;1195.45;1004.41
02.01.2017 06:58;1004.41;1005;1004.41;1005;7.46;7495.95;1004.71
02.01.2017 06:59;1005;1005;1005;1005;0.08;78.39;1005
02.01.2017 07:00;0;0;0;0;0;0;0
02.01.2017 07:01;1005;1005;1005;1005;0.03;33.17;1005
02.01.2017 07:02;1004.76;1004.76;1004.76;1004.76;1.5;1507.14;1004.76
02.01.2017 07:03;1005;1005;1005;1005;0.2;202.01;1005
02.01.2017 07:04;1005;1005;1005;1005;0.02;17.09;1005
02.01.2017 07:05;1005;1005;1005;1005;0.1;102.41;1005
02.01.2017 07:06;0;0;0;0;0;0;0
02.01.2017 07:07;1004.79;1004.79;1004.79;1004.79;1.12;1125.36;1004.79
02.01.2017 07:08;1005;1005;1005;1005;0.91;910.53;1005
02.01.2017 07:09;0;0;0;0;0;0;0
02.01.2017 07:10;1004.95;1004.95;1004.95;1004.95;0.03;30.15;1004.95
02.01.2017 07:11;0;0;0;0;0;0;0
02.01.2017 07:12;1004.95;1005;1004.95;1005;0.87;870.55;1004.98
02.01.2017 07:13;1005;1005;1005;1005;1.13;1132.98;1005
02.01.2017 07:14;0;0;0;0;0;0;0
02.01.2017 07:15;1005;1005;1005;1005;0.02;18.9;1005
02.01.2017 07:16;1005;1005;1004.98;1005;0.35;347.67;1005
02.01.2017 07:17;0;0;0;0;0;0;0
02.01.2017 07:18;1004.98;1004.98;1004.98;1004.98;0.07;72.07;1004.98
02.01.2017 07:19;0;0;0;0;0;0;0
02.01.2017 07:20;1005;1005;1005;1005;0.11;110.55;1005
02.01.2017 07:21;1005;1005;1005;1005;0.07;70.35;1005
02.01.2017 07:22;0;0;0;0;0;0;0
02.01.2017 07:23;0;0;0;0;0;0;0
02.01.2017 07:24;1005;1005;1005;1005;1.01;1017.22;1005
02.01.2017 07:25;1005;1005.42;1004.99;1005.42;2.92;2939.27;1005.1
02.01.2017 07:26;1005.42;1005.42;1005.42;1005.42;0.03;29.83;1005.42
02.01.2017 07:27;0;0;0;0;0;0;0
02.01.2017 07:28;1005.42;1005.42;1005.42;1005.42;0.03;30.13;1005.42
02.01.2017 07:29;0;0;0;0;0;0;0
02.01.2017 07:30;1005.42;1005.42;1005.42;1005.42;9.42;9469.96;1005.42
02.01.2017 07:31;0;0;0;0;0;0;0
02.01.2017 07:32;1005.17;1005.17;1005.17;1005.17;0.73;732.77;1005.17
02.01.2017 07:33;1005.03;1005.03;1005.03;1005.03;0.01;5.03;1005.03
02.01.2017 07:34;1005.42;1005.42;1005.42;1005.42;0.05;47.25;1005.42
02.01.2017 07:35;0;0;0;0;0;0;0
02.01.2017 07:36;1005.41;1005.41;1005.41;1005.41;10;10054.1;1005.41
02.01.2017 07:37;0;0;0;0;0;0;0
02.01.2017 07:38;0;0;0;0;0;0;0
02.01.2017 07:39;0;0;0;0;0;0;0
02.01.2017 07:40;1005.42;1005.42;1005.41;1005.42;1.42;1425.6;1005.41
02.01.2017 07:41;1005.41;1005.41;1005.41;1005.41;0.14;139.8;1005.41
02.01.2017 07:42;0;0;0;0;0;0;0
02.01.2017 07:43;1005.41;1005.42;1005.41;1005.41;1.53;1537.94;1005.41
02.01.2017 07:44;0;0;0;0;0;0;0
02.01.2017 07:45;1005.42;1005.44;1005.41;1005.41;10;10052.52;1005.43
02.01.2017 07:46;1005.43;1005.43;1005.43;1005.43;0.01;5.03;1005.43
02.01.2017 07:47;1005.44;1005.44;1005.44;1005.44;0.1;102.39;1005.44
02.01.2017 07:48;0;0;0;0;0;0;0
02.01.2017 07:49;0;0;0;0;0;0;0
02.01.2017 07:50;1005.43;1005.43;1005.43;1005.43;0.06;55.72;1005.43
02.01.2017 07:51;1005.44;1005.44;1005.43;1005.43;1.5;1508.16;1005.44
02.01.2017 07:52;1005.42;1005.42;1005.42;1005.42;0.01;5.85;1005.42
02.01.2017 07:53;1005.42;1005.44;1005.42;1005.44;2.13;2138.37;1005.44
02.01.2017 07:54;1005.44;1005.44;1005.44;1005.44;1.71;1720.81;1005.44
02.01.2017 07:55;1005.44;1005.44;1005.44;1005.44;1.15;1157.15;1005.44
02.01.2017 07:56;1005.44;1005.44;1005.43;1005.44;10.66;10714.41;1005.44
02.01.2017 07:57;1005.44;1005.8;1005.44;1005.8;1.9;1908.5;1005.75
02.01.2017 07:58;1005.59;1005.59;1005.59;1005.59;0.02;16.09;1005.59
02.01.2017 07:59;1005.8;1005.95;1005.59;1005.59;11.74;11804.48;1005.81
02.01.2017 08:00;0;0;0;0;0;0;0
02.01.2017 08:01;1005.65;1005.65;1005.65;1005.65;0.89;894.2;1005.65
02.01.2017 08:02;1005.47;1006.31;1005.42;1006.31;13.7;13779.88;1006.05
02.01.2017 08:03;1006.29;1006.29;1006.29;1006.29;0.45;452.77;1006.29
02.01.2017 08:04;1006.29;1006.29;1006.24;1006.24;0.14;139;1006.28
02.01.2017 08:05;1006.29;1006.31;1006.24;1006.31;10.08;10146.69;1006.31
02.01.2017 08:06;1006.31;1006.31;1006.24;1006.31;31.36;31551.76;1006.24
02.01.2017 08:07;1006.31;1006.31;1006.25;1006.25;1.36;1372.86;1006.26
02.01.2017 08:08;1006.31;1006.41;1006.31;1006.41;7.63;7677.01;1006.38
02.01.2017 08:09;1006.41;1006.41;1006.41;1006.41;0.06;60.38;1006.41
02.01.2017 08:10;1006.41;1006.41;1006.41;1006.41;0.06;60.38;1006.41
02.01.2017 08:11;1006.24;1006.41;1006.24;1006.41;2.47;2486.67;1006.41
02.01.2017 08:12;1006.41;1006.41;1006.25;1006.41;2.33;2345.14;1006.39
02.01.2017 08:13;1006.41;1006.5;1006.41;1006.5;18.48;18600.16;1006.47
02.01.2017 08:14;1006.41;1006.5;1006.41;1006.5;8.21;8259.9;1006.5
02.01.2017 08:15;1006.5;1006.53;1006.5;1006.53;6.06;6099.49;1006.52
02.01.2017 08:16;1006.53;1006.53;1006.41;1006.53;3.06;3079.86;1006.49
02.01.2017 08:17;1006.53;1006.53;1006.53;1006.53;0.06;60.39;1006.53
02.01.2017 08:18;1006.53;1006.53;1006.53;1006.53;0.06;60.39;1006.53
02.01.2017 08:19;1006.52;1006.53;1006.41;1006.41;6.79;6837.71;1006.41
02.01.2017 08:20;1006.41;1006.53;1006.41;1006.53;2.34;2351.82;1006.46
02.01.2017 08:21;1006.53;1006.53;1006.53;1006.53;0.04;44.01;1006.53
02.01.2017 08:22;1006.53;1006.53;1006.53;1006.53;2;2013.06;1006.53
02.01.2017 08:23;0;0;0;0;0;0;0
02.01.2017 08:24;0;0;0;0;0;0;0
02.01.2017 08:25;1006.52;1006.53;1006.51;1006.52;16.43;16534.18;1006.52
02.01.2017 08:26;1006.52;1006.52;1006.23;1006.23;6.22;6258;1006.49
02.01.2017 08:27;1006.23;1006.52;1006.23;1006.52;1.17;1181.04;1006.48
02.01.2017 08:28;1006.53;1006.53;1006.53;1006.53;2.04;2049.41;1006.53
02.01.2017 08:29;0;0;0;0;0;0;0
02.01.2017 08:30;1006.53;1006.53;1006.53;1006.53;0.03;29.81;1006.53
02.01.2017 08:31;1005.03;1005.03;1005.03;1005.03;0.01;15.07;1005.03
02.01.2017 08:32;1006.53;1006.53;1006.53;1006.53;0.02;20.48;1006.53
02.01.2017 08:33;1006.53;1006.53;1006.53;1006.53;0.1;102.4;1006.53
02.01.2017 08:34;0;0;0;0;0;0;0
02.01.2017 08:35;1006.53;1006.53;1006.02;1006.02;3.84;3864.87;1006.27
02.01.2017 08:36;1005.93;1005.93;1005.93;1005.93;0.1;100.59;1005.93
02.01.2017 08:37;0;0;0;0;0;0;0
02.01.2017 08:38;0;0;0;0;0;0;0
02.01.2017 08:39;1006.02;1006.02;1006.02;1006.02;0.26;266.01;1006.02
02.01.2017 08:40;1005.93;1006.02;1005.79;1005.99;5.46;5492.14;1006.02
02.01.2017 08:41;1006.02;1006.02;1005.78;1005.78;2.01;2021.56;1005.92
02.01.2017 08:42;1006.02;1006.02;1006.02;1006.02;0.03;29.83;1006.02
02.01.2017 08:43;0;0;0;0;0;0;0
02.01.2017 08:44;1005.92;1006.02;1005.92;1006.02;0.45;450.69;1005.99
02.01.2017 08:45;1006.02;1006.02;1005.92;1005.92;0.44;447.08;1005.93
02.01.2017 08:46;0;0;0;0;0;0;0
02.01.2017 08:47;1005.93;1006.02;1005.92;1006.02;0.38;386.22;1005.93
02.01.2017 08:48;1006.02;1006.02;1006.02;1006.02;0.86;862.37;1006.02
02.01.2017 08:49;1005.94;1005.94;1005.01;1005.01;20.85;20975.72;1005.91
02.01.2017 08:50;1006.02;1006.02;1005;1005;0.03;33.26;1005.69
02.01.2017 08:51;0;0;0;0;0;0;0
02.01.2017 08:52;1005;1005;1005;1005;0.05;50.25;1005
02.01.2017 08:53;0;0;0;0;0;0;0
02.01.2017 08:54;1005;1005;1004.94;1004.94;2.71;2722.76;1004.99
02.01.2017 08:55;0;0;0;0;0;0;0
02.01.2017 08:56;1006.02;1006.06;1006.02;1006.06;0.46;458.84;1006.05
02.01.2017 08:57;1006.06;1006.08;1006.06;1006.08;2.83;2842.58;1006.07
02.01.2017 08:58;0;0;0;0;0;0;0
02.01.2017 08:59;1006.08;1006.08;1006.08;1006.08;3.96;3981.11;1006.08
02.01.2017 09:00;1006.49;1006.49;1006.06;1006.06;0.67;672.73;1006.14
02.01.2017 09:01;1006.49;1006.49;1006.49;1006.49;1.55;1563.63;1006.49
02.01.2017 09:02;1006.49;1006.49;1006.49;1006.49;0.62;620.04;1006.49
02.01.2017 09:03;0;0;0;0;0;0;0
02.01.2017 09:04;1006.08;1006.08;1006.06;1006.06;8;8048.49;1006.06
02.01.2017 09:05;1006.06;1006.06;1006.06;1006.06;0.95;954.58;1006.06
02.01.2017 09:06;1006.08;1006.08;1006.06;1006.06;20.26;20380.96;1006.06
02.01.2017 09:07;0;0;0;0;0;0;0
02.01.2017 09:08;0;0;0;0;0;0;0
02.01.2017 09:09;0;0;0;0;0;0;0
02.01.2017 09:10;0;0;0;0;0;0;0
02.01.2017 09:11;1006.06;1007.73;1006.06;1007.73;200.02;201417.86;1007
02.01.2017 09:12;1007.72;1007.72;1006.06;1006.06;0.01;11.12;1006.95
02.01.2017 09:13;1007.06;1007.71;1007.06;1007.71;0.19;194.75;1007.69
02.01.2017 09:14;1007.71;1010;1007.71;1010;80.4;81105.93;1008.75
02.01.2017 09:15;1010;1011;1009.03;1011;134.55;135912.82;1010.14
02.01.2017 09:16;1011;1011;1011;1011;0.03;27.7;1011
02.01.2017 09:17;1011;1011;1011;1011;17.07;17257.17;1011
02.01.2017 09:18;0;0;0;0;0;0;0
02.01.2017 09:19;1011;1011;1011;1011;1.01;1016.79;1011
02.01.2017 09:20;1011;1011;1011;1011;0.5;505.52;1011
02.01.2017 09:21;1011;1011.11;1011;1011.11;15.68;15848.43;1011.05
02.01.2017 09:22;1011;1011.11;1011;1011;0.39;397.61;1011.01
02.01.2017 09:23;1011.11;1011.11;1011.02;1011.02;10.94;11065.1;1011.11
02.01.2017 09:24;1011.11;1012.26;1011.11;1012.26;5.72;5789.78;1011.65
02.01.2017 09:25;1012.26;1012.49;1011.03;1012.49;9.2;9311.55;1012.33
02.01.2017 09:26;1012.35;1012.49;1012.35;1012.49;0.26;258.47;1012.44
02.01.2017 09:27;1012.49;1012.49;1011.03;1011.03;0.06;60.55;1011.27
02.01.2017 09:28;1011.5;1012.49;1011.03;1012.49;0.93;945.92;1012.48
02.01.2017 09:29;1012.48;1012.49;1011;1012.49;9.77;9880.64;1011.35
02.01.2017 09:30;1012.48;1012.48;1012.48;1012.48;0.01;5.06;1012.48
02.01.2017 09:31;1012.49;1013;1012.49;1013;47.51;48124.73;1012.92
02.01.2017 09:32;1013.4;1013.4;1013.4;1013.4;3;3040.2;1013.4
02.01.2017 09:33;1013.03;1013.03;1013.03;1013.03;0.04;38.87;1013.03
02.01.2017 09:34;0;0;0;0;0;0;0
02.01.2017 09:35;0;0;0;0;0;0;0
02.01.2017 09:36;1013.06;1014.01;1013.05;1014.01;100.81;102198.28;1013.82
02.01.2017 09:37;1014.01;1014.01;1014.01;1014.01;1;1014.46;1014.01
02.01.2017 09:38;1014.01;1014.94;1013.03;1013.38;4.55;4611.68;1013.97
02.01.2017 09:39;0;0;0;0;0;0;0
02.01.2017 09:40;0;0;0;0;0;0;0
02.01.2017 09:41;0;0;0;0;0;0;0
02.01.2017 09:42;1014.9;1014.92;1014.9;1014.92;0.26;262.08;1014.91
02.01.2017 09:43;1013.8;1014.92;1013.04;1014.92;1.16;1173.75;1013.45
02.01.2017 09:44;1014.93;1014.95;1014.92;1014.95;2.52;2560.79;1014.94
02.01.2017 09:45;1014.95;1015;1014.92;1014.92;20.13;20427.28;1014.99
02.01.2017 09:46;1014.92;1014.92;1014.92;1014.92;0.02;20.3;1014.92
02.01.2017 09:47;0;0;0;0;0;0;0
02.01.2017 09:48;1014.94;1014.98;1013;1014.98;18.16;18411.23;1013.85
02.01.2017 09:49;1014.97;1014.97;1014.97;1014.97;0.02;20.3;1014.97
02.01.2017 09:50;1014.97;1014.97;1014.97;1014.97;0.27;274.64;1014.97
02.01.2017 09:51;1014.97;1014.97;1014.97;1014.97;1.9;1924.15;1014.97
02.01.2017 09:52;1014.97;1014.97;1014.97;1014.97;1;1014.97;1014.97
02.01.2017 09:53;1014.98;1014.98;1014.98;1014.98;0.27;274.78;1014.98
02.01.2017 09:54;0;0;0;0;0;0;0
02.01.2017 09:55;1014.98;1015;1014.98;1014.98;20.94;21253.69;1014.99
02.01.2017 09:56;1015;1015;1015;1015;13.06;13251.49;1015
02.01.2017 09:57;1015;1015;1015;1015;11.63;11802.47;1015
02.01.2017 09:58;1014.99;1014.99;1014.99;1014.99;0.49;499.62;1014.99
02.01.2017 09:59;0;0;0;0;0;0;0
02.01.2017 10:00;1014.99;1015;1014.99;1015;3.47;3518.32;1015
02.01.2017 10:01;1015;1015;1015;1015;2.2;2230.04;1015
02.01.2017 10:02;1015;1015;1015;1015;0.21;213.13;1015
02.01.2017 10:03;1015;1015;1015;1015;7.95;8068.16;1015
02.01.2017 10:04;1015;1015;1015;1015;7.89;8012.75;1015
02.01.2017 10:05;1015;1015.79;1014.59;1015.79;26.01;26402.14;1015.1
02.01.2017 10:06;1015.79;1015.79;1015.79;1015.79;0.35;355.76;1015.79
02.01.2017 10:07;1015.79;1020;1015.79;1019.93;50.19;51171.88;1019.48
02.01.2017 10:08;1019.93;1020;1019.93;1020;4.13;4212.74;1019.95
02.01.2017 10:09;1020;1022.26;1019.86;1022.26;59.99;61233.6;1020.74
02.01.2017 10:10;1019.09;1022.24;1019.09;1022.24;0.38;383.83;1021.89
02.01.2017 10:11;1022.25;1022.26;1022.2;1022.2;28.1;28723.22;1022.24
02.01.2017 10:12;1022.17;1024;1020.43;1020.44;67.96;69521.76;1022.96
02.01.2017 10:13;1020.98;1022.23;1020.39;1021.79;4.4;4496.99;1020.97
02.01.2017 10:14;1021.74;1023.1;1020.02;1023.04;0.38;384.08;1022.47
02.01.2017 10:15;1022.99;1023;1020.32;1020.32;25.72;26297.52;1022.63
02.01.2017 10:16;1020.32;1022.16;1020.32;1021.86;25.83;26393.31;1021.65
02.01.2017 10:17;1021.93;1022;1021.86;1021.86;4.78;4884.66;1021.89
02.01.2017 10:18;1021.86;1021.98;1021.86;1021.86;2.25;2303.15;1021.88
02.01.2017 10:19;1021.98;1022.61;1021.86;1022.6;0.96;978.78;1022.42
02.01.2017 10:20;1022.58;1022.63;1022.58;1022.63;0.73;745.67;1022.62
02.01.2017 10:21;1021.88;1022.63;1021.88;1022.63;0.38;392.5;1022.61
02.01.2017 10:22;1022.61;1022.62;1021.86;1021.86;15.82;16168.09;1022.16
02.01.2017 10:23;1022.44;1022.64;1021.86;1021.89;11.86;12122.65;1022.46
02.01.2017 10:24;1021.89;1021.89;1021.89;1021.89;0.01;10.22;1021.89
02.01.2017 10:25;1022.09;1022.64;1022.09;1022.64;20;20451.55;1022.58
02.01.2017 10:26;1022.64;1022.64;1020;1020;11.14;11370.85;1021.11
02.01.2017 10:27;1020;1020;1019.55;1019.55;6.72;6850.47;1019.99
02.01.2017 10:28;1019.38;1019.38;1019.03;1019.03;3.5;3567.24;1019.21
02.01.2017 10:29;1019.02;1019.03;1018.5;1019.03;1.77;1803.4;1019.01
02.01.2017 10:30;1021.27;1022.19;1021.27;1022.19;0.29;299.28;1021.62
02.01.2017 10:31;1019.58;1019.58;1019.58;1019.58;0.06;57.1;1019.58
02.01.2017 10:32;0;0;0;0;0;0;0
02.01.2017 10:33;0;0;0;0;0;0;0
02.01.2017 10:34;1020.01;1021.95;1020;1020.38;2.43;2480.5;1020.47
02.01.2017 10:35;1020.41;1022.64;1020.41;1022.64;20.02;20459.61;1022.09
02.01.2017 10:36;0;0;0;0;0;0;0
02.01.2017 10:37;0;0;0;0;0;0;0
02.01.2017 10:38;1021.8;1022;1021.8;1022;5.82;5945.66;1022
02.01.2017 10:39;1021.8;1022;1020.29;1020.29;2.41;2458.17;1021.38
02.01.2017 10:40;1021.3;1022;1020.32;1020.32;6.01;6138.5;1020.92
02.01.2017 10:41;1020;1020;1019.2;1019.2;9.9;10090.9;1019.28
02.01.2017 10:42;0;0;0;0;0;0;0
02.01.2017 10:43;1019.37;1019.37;1019.37;1019.37;0.16;160.88;1019.37
02.01.2017 10:44;1019.46;1020;1019.08;1020;1.29;1318.01;1019.29
02.01.2017 10:45;1019.09;1021.99;1018.01;1021.99;25.22;25753.35;1021.15
02.01.2017 10:46;0;0;0;0;0;0;0
02.01.2017 10:47;1021.55;1021.98;1021.55;1021.55;1.75;1783.08;1021.72
02.01.2017 10:48;1021.55;1021.55;1021.55;1021.55;0.13;127.91;1021.55
02.01.2017 10:49;1021.55;1021.55;1021.55;1021.55;0.08;78.48;1021.55
02.01.2017 10:50;1021.55;1021.55;1021;1021;1.9;1938.96;1021.07
02.01.2017 10:51;1021.52;1021.52;1021.52;1021.52;0.2;200;1021.52
02.01.2017 10:52;1021.53;1021.98;1021.52;1021.98;7.6;7763.18;1021.82
02.01.2017 10:53;1021.98;1021.98;1021.98;1021.98;6.13;6262.28;1021.98
02.01.2017 10:54;1021.98;1021.98;1021.52;1021.52;0.75;764.77;1021.63
02.01.2017 10:55;1021.98;1022;1021.52;1021.52;21.69;22163.24;1021.98
02.01.2017 10:56;1021.8;1022.64;1021.54;1021.54;6.09;6224.3;1022.21
02.01.2017 10:57;1021.6;1021.6;1020;1020;10.12;10323.5;1020.29
02.01.2017 10:58;1019.98;1020;1019.98;1020;1.38;1411.93;1019.99
02.01.2017 10:59;1020;1020;1019.99;1020;2.19;2230.02;1020
02.01.2017 11:00;1020;1020;1020;1020;1.63;1658.94;1020
02.01.2017 11:01;1020;1020;1020;1020;3.13;3192.55;1020
02.01.2017 11:02;1020;1020;1019.98;1019.98;0.57;582.14;1019.99
02.01.2017 11:03;1019.98;1020;1019.98;1020;0.68;694.27;1019.98
02.01.2017 11:04;1020;1020;1020;1020;2.32;2368.77;1020
02.01.2017 11:05;1020;1021.99;1020;1021.99;21.31;21768.94;1021.52
02.01.2017 11:06;1019.83;1022;1019.62;1022;15.55;15889.69;1021.79
02.01.2017 11:07;1021.99;1021.99;1021.91;1021.99;5.49;5606.28;1021.99
02.01.2017 11:08;1021.91;1021.91;1021.9;1021.9;6.58;6719.18;1021.91
02.01.2017 11:09;1021.9;1021.9;1020.19;1021.9;3.52;3594.81;1021.82
02.01.2017 11:10;1021.8;1021.9;1020.99;1021.9;2.35;2399.83;1021.88
02.01.2017 11:11;1021.5;1021.9;1021.27;1021.27;2.62;2676.31;1021.54
02.01.2017 11:12;1021.89;1021.9;1021.89;1021.9;0.51;518.06;1021.9
02.01.2017 11:13;1021.89;1021.89;1020.54;1021.88;18.6;18993.2;1021.14
02.01.2017 11:14;1021.88;1021.89;1021.88;1021.89;2.86;2927.71;1021.89
02.01.2017 11:15;1021.89;1022.64;1021.89;1022.64;78.23;79952.8;1022
02.01.2017 11:16;1022.63;1022.63;1020.98;1020.98;48.69;49780.15;1022.39
02.01.2017 11:17;1020.86;1020.86;1015.98;1020.38;86.39;88003.35;1018.71
02.01.2017 11:18;1020.02;1023.01;1020;1023;101.79;104096.41;1022.7
02.01.2017 11:19;1023.35;1024;1023;1023;20.96;21459.05;1023.7
02.01.2017 11:20;1022.97;1023;1022.96;1022.96;2.77;2829.56;1022.98
02.01.2017 11:21;1022.96;1022.96;1022.96;1022.96;0.08;86.58;1022.96
02.01.2017 11:22;1022.96;1022.96;1022.96;1022.96;2.73;2792.68;1022.96
02.01.2017 11:23;1022.96;1022.96;1022.96;1022.96;0.96;985.63;1022.96
02.01.2017 11:24;1022.96;1022.96;1021.27;1021.27;0.57;582.59;1021.41
02.01.2017 11:25;1021.25;1022.96;1020.59;1022.96;42;42912.88;1021.74
02.01.2017 11:26;1022.53;1022.66;1020.39;1022.66;1.27;1295.08;1022.36
02.01.2017 11:27;1022.5;1022.98;1022.5;1022.98;9.4;9614.9;1022.87
02.01.2017 11:28;1022.98;1022.98;1022.97;1022.97;0.32;326.93;1022.97
02.01.2017 11:29;1022.97;1022.97;1022.97;1022.97;0.14;146.18;1022.97
02.01.2017 11:30;1020.53;1020.53;1020.21;1020.21;13.59;13864.67;1020.21
02.01.2017 11:31;1020.21;1020.53;1020.21;1020.53;1.14;1159.49;1020.23
02.01.2017 11:32;1020.33;1022.6;1020.33;1022.6;1.35;1377.67;1020.5
02.01.2017 11:33;1020.33;1022.94;1020.33;1022.94;1.02;1040.79;1020.38
02.01.2017 11:34;0;0;0;0;0;0;0
02.01.2017 11:35;1022.92;1022.98;1019.9;1019.9;22.1;22601.71;1022.7
02.01.2017 11:36;1022.64;1022.64;1022.59;1022.59;0.17;171.19;1022.59
02.01.2017 11:37;1022.98;1022.98;1022.98;1022.98;0.92;945.59;1022.98
02.01.2017 11:38;0;0;0;0;0;0;0
02.01.2017 11:39;0;0;0;0;0;0;0
02.01.2017 11:40;0;0;0;0;0;0;0
02.01.2017 11:41;1021.94;1022.98;1021.12;1022.98;19.48;19894.06;1021.43
02.01.2017 11:42;1022.98;1023.95;1022.98;1023.95;16.41;16786.69;1022.99
02.01.2017 11:43;1023.95;1023.95;1023.95;1023.95;5.06;5179.32;1023.95
02.01.2017 11:44;1023.95;1024.22;1023.95;1024.22;2.24;2288.81;1024
02.01.2017 11:45;1024.22;1024.82;1024.2;1024.2;20.28;20772.45;1024.53
02.01.2017 11:46;1023.98;1024.8;1023.95;1023.95;5.19;5312.2;1024.45
02.01.2017 11:47;1023.95;1023.95;1021.4;1023.93;5.61;5729.7;1022.05
02.01.2017 11:48;1023;1024.78;1021.87;1024.78;1.47;1509.81;1023.82
02.01.2017 11:49;1024.6;1024.6;1024.6;1024.6;0.17;174.18;1024.6
02.01.2017 11:50;1024.78;1024.8;1024.78;1024.8;3.27;3350.86;1024.79
02.01.2017 11:51;0;0;0;0;0;0;0
02.01.2017 11:52;1024.8;1024.8;1024.6;1024.6;2.27;2325.71;1024.8
02.01.2017 11:53;1024.8;1024.8;1023.65;1023.65;23.93;24510.8;1024.22
02.01.2017 11:54;1024.8;1024.8;1024.8;1024.8;0.08;85.65;1024.8
02.01.2017 11:55;1023.29;1024.91;1023.28;1024.91;20.52;21033.69;1024.84
02.01.2017 11:56;1024.8;1024.91;1024.8;1024.8;1.88;1925.13;1024.84
02.01.2017 11:57;1024.84;1024.91;1024.84;1024.91;3.14;3217.41;1024.9
02.01.2017 11:58;0;0;0;0;0;0;0
02.01.2017 11:59;1024.92;1024.92;1024.92;1024.92;0.05;48.18;1024.92
02.01.2017 12:00;1024.92;1024.95;1024.92;1024.95;2.59;2653.82;1024.95
02.01.2017 12:01;1024.95;1024.95;1024.95;1024.95;1.13;1158.81;1024.95
02.01.2017 12:02;1024.92;1024.92;1024.92;1024.92;0.05;54.31;1024.92
02.01.2017 12:03;0;0;0;0;0;0;0
02.01.2017 12:04;1024.92;1024.94;1024.92;1024.94;1.92;1965.82;1024.93
02.01.2017 12:05;1024.94;1024.95;1024.94;1024.94;11.5;11782.92;1024.94
02.01.2017 12:06;1024.94;1024.94;1024.94;1024.94;0.11;117.73;1024.94
02.01.2017 12:07;1024.94;1024.94;1024.94;1024.94;0.1;102.04;1024.94
02.01.2017 12:08;1024.94;1024.94;1024.94;1024.94;0.31;315.29;1024.94
02.01.2017 12:09;1024.93;1024.93;1024.93;1024.93;0.01;12.3;1024.93
02.01.2017 12:10;1024.32;1024.32;1024.32;1024.32;0.31;316.34;1024.32
02.01.2017 12:11;1024.16;1024.93;1021.87;1024.93;2.91;2975.69;1023.52
02.01.2017 12:12;1024.93;1024.95;1022.6;1022.6;3.41;3496.96;1024.25
02.01.2017 12:13;1022.97;1024.93;1022.97;1024.72;0.14;145.24;1023.75
02.01.2017 12:14;1022.22;1023.21;1021.53;1022.14;1.44;1474.13;1022.22
02.01.2017 12:15;1020.77;1024.97;1020.62;1023.11;11.99;12264.07;1022.62
02.01.2017 12:16;1021.99;1022;1020.55;1020.55;3.51;3586.18;1021.1
02.01.2017 12:17;1020.55;1020.67;1020.55;1020.67;5.03;5130.71;1020.55
02.01.2017 12:18;1020.67;1022.67;1020.67;1022.67;0.06;59.31;1022.54
02.01.2017 12:19;0;0;0;0;0;0;0
02.01.2017 12:20;1023.48;1023.48;1023.48;1023.48;0.08;81.88;1023.48
02.01.2017 12:21;1024.28;1024.28;1024.28;1024.28;0.03;25.61;1024.28
02.01.2017 12:22;1024.67;1024.95;1024.67;1024.95;1.13;1153.5;1024.7
02.01.2017 12:23;0;0;0;0;0;0;0
02.01.2017 12:24;1024.95;1024.98;1024.95;1024.98;0.67;684.25;1024.96
02.01.2017 12:25;1024.98;1024.98;1024.98;1024.98;20.09;20591.37;1024.98
02.01.2017 12:26;1024.98;1024.99;1022.55;1022.55;0.18;184.38;1024.92
02.01.2017 12:27;0;0;0;0;0;0;0
02.01.2017 12:28;1023.02;1023.02;1023.02;1023.02;0.09;92.07;1023.02
02.01.2017 12:29;1024;1024;1024;1024;0.03;28.67;1024
02.01.2017 12:30;1024;1024.99;1024;1024.99;3.23;3305.2;1024.43
02.01.2017 12:31;1024.99;1024.99;1024;1024.99;2.32;2378.84;1024.56
02.01.2017 12:32;1024.98;1024.99;1024.9;1024.9;1.63;1675.44;1024.99
02.01.2017 12:33;1024.9;1024.99;1024.9;1024.99;6.01;6161.93;1024.98
02.01.2017 12:34;1023.5;1024.37;1021.03;1021.03;1.65;1686.66;1022.3
02.01.2017 12:35;1024;1025;1024;1024.99;20.45;20959.24;1024.93
02.01.2017 12:36;1024.99;1024.99;1022.3;1024.99;4.29;4385.67;1023.15
02.01.2017 12:37;1024.98;1024.98;1024.98;1024.98;0.02;20.5;1024.98
02.01.2017 12:38;1024.5;1025;1024.5;1025;0.27;277.75;1024.89
02.01.2017 12:39;1024.98;1024.99;1024;1024;0.22;222.38;1024.94
02.01.2017 12:40;1023;1024;1023;1024;0.05;47;1023.89
02.01.2017 12:41;1023;1024.99;1023;1024.99;1.07;1098.97;1024.11
02.01.2017 12:42;1024.99;1024.99;1024.5;1024.5;0.11;114.57;1024.77
02.01.2017 12:43;1023.17;1023.17;1022.75;1023.17;2.15;2199.9;1023
02.01.2017 12:44;0;0;0;0;0;0;0
02.01.2017 12:45;1024.98;1025;1024.98;1025;20;20499.97;1025
02.01.2017 12:46;1025;1025;1025;1025;0.49;503.28;1025
02.01.2017 12:47;1025;1025;1024.98;1025;24.5;25111.23;1024.98
02.01.2017 12:48;1024.99;1024.99;1024.99;1024.99;0.03;26.65;1024.99
02.01.2017 12:49;1024.99;1025;1024.99;1025;0.04;39.82;1025
02.01.2017 12:50;1025;1025;1025;1025;2.45;2509.2;1025
02.01.2017 12:51;0;0;0;0;0;0;0
02.01.2017 12:52;1025;1025;1025;1025;0.02;23.46;1025
02.01.2017 12:53;1025;1025;1025;1025;0.37;378.23;1025
02.01.2017 12:54;1025;1025;1022.25;1024.99;1.3;1332.22;1023.3
02.01.2017 12:55;1024.99;1024.99;1024.99;1024.99;0.06;65.08;1024.99
02.01.2017 12:56;1024.99;1024.99;1024.99;1024.99;0.06;61.5;1024.99
02.01.2017 12:57;0;0;0;0;0;0;0
02.01.2017 12:58;1024.96;1024.96;1024.96;1024.96;0.14;147.93;1024.96
02.01.2017 12:59;1024.96;1024.96;1024.96;1024.96;0.05;46.12;1024.96
02.01.2017 13:00;1022.97;1023.3;1022.27;1023.3;1.45;1479.54;1022.54
02.01.2017 13:01;1023.25;1024.07;1023.25;1024.07;0.16;168.73;1023.75
02.01.2017 13:02;1022.27;1022.27;1022.25;1022.27;4.52;4623.57;1022.26
02.01.2017 13:03;1022.27;1022.27;1022.27;1022.27;1.08;1107.12;1022.27
02.01.2017 13:04;1022.27;1022.27;1022.25;1022.25;1.03;1050.87;1022.25
02.01.2017 13:05;0;0;0;0;0;0;0
02.01.2017 13:06;1022.27;1022.27;1022.27;1022.27;2.47;2524.88;1022.27
02.01.2017 13:07;0;0;0;0;0;0;0
02.01.2017 13:08;1022.27;1022.27;1022.27;1022.27;1.75;1788.97;1022.27
02.01.2017 13:09;1022.27;1022.27;1022.27;1022.27;0.25;258.48;1022.27
02.01.2017 13:10;0;0;0;0;0;0;0
02.01.2017 13:11;1022.25;1022.27;1022.25;1022.27;18.6;19018.6;1022.27
02.01.2017 13:12;1022.28;1022.28;1022.27;1022.27;2.95;3011.3;1022.27
02.01.2017 13:13;1023.22;1023.25;1022.3;1022.3;1.28;1306.38;1023.22
02.01.2017 13:14;1023;1023;1023;1023;0;5.01;1023
02.01.2017 13:15;1022.77;1024.99;1022.77;1024.99;17.19;17610.06;1024.45
02.01.2017 13:16;1022.99;1022.99;1022.32;1022.32;0.25;252.17;1022.38
02.01.2017 13:17;1024.57;1024.57;1024.22;1024.22;0.06;59.81;1024.36
02.01.2017 13:18;1022.71;1022.71;1022.7;1022.7;0.07;67.4;1022.7
02.01.2017 13:19;1022.7;1022.7;1022.29;1022.29;2.87;2935.93;1022.39
02.01.2017 13:20;1022.29;1022.82;1022.29;1022.82;1.11;1131.94;1022.34
02.01.2017 13:21;1022.3;1022.3;1022.27;1022.27;101.59;103856.69;1022.28
02.01.2017 13:22;1022.27;1024.47;1022.27;1024.47;0.29;295.01;1022.35
02.01.2017 13:23;1022.27;1022.27;1022.27;1022.27;0.7;713.28;1022.27
02.01.2017 13:24;1022.27;1023.1;1022.27;1023.1;2.35;2401.93;1022.3
02.01.2017 13:25;1022.27;1022.27;1022.27;1022.27;8.45;8634.53;1022.27
02.01.2017 13:26;1022.27;1022.27;1019.66;1019.66;46.57;47562.14;1021.39
02.01.2017 13:27;1019.76;1019.76;1017;1017;8.86;9015.34;1017.31
02.01.2017 13:28;1017;1017;1001;1001;136.69;137525.68;1006.09
02.01.2017 13:29;1000.54;1005.58;998.72;1005.56;181.75;181700.06;999.75
02.01.2017 13:30;1006.3;1010.23;1005.96;1010.23;2.49;2508.2;1007.67
02.01.2017 13:31;1010.25;1012.01;1007.59;1007.59;19.33;19523.57;1010.22
02.01.2017 13:32;1007.39;1009.01;1005;1008.92;45.5;45781.85;1006.22
02.01.2017 13:33;1006.92;1006.92;1005.99;1005.99;0.04;40.26;1006.46
02.01.2017 13:34;1005.92;1005.92;1005.84;1005.84;3.12;3138.65;1005.86
02.01.2017 13:35;1005.84;1015.3;1005.84;1011.99;57.73;58246.65;1008.97
02.01.2017 13:36;1011;1011.99;1008.67;1011.99;19.53;19757.4;1011.77
02.01.2017 13:37;1010;1011.99;1007.4;1008.12;3.88;3915.76;1009.29
02.01.2017 13:38;1011.85;1011.86;1008.51;1008.51;0.88;893.86;1011.73
02.01.2017 13:39;1010.85;1011.42;1008.86;1008.89;0.73;734.29;1009.33
02.01.2017 13:40;1008.92;1013.64;1008.92;1011.04;7.93;8021.25;1011.81
02.01.2017 13:41;1011.2;1013.8;1011.2;1013.8;1.03;1042.54;1012.49
02.01.2017 13:42;1013;1013.99;1013;1013.99;7.07;7165.81;1013.87
02.01.2017 13:43;1013.89;1013.99;1013.83;1013.83;18.37;18626.97;1013.84
02.01.2017 13:44;1013.83;1017.54;1013.27;1016.97;9.43;9575.38;1015.13
02.01.2017 13:45;1016.61;1016.61;1014.07;1015.7;1.38;1401.7;1014.3
02.01.2017 13:46;1016.56;1016.58;1014.05;1014.05;20.97;21262.57;1014.19
02.01.2017 13:47;1014.07;1015.47;1014.07;1015.47;0.51;518.91;1015.44
02.01.2017 13:48;1015.47;1015.47;1015.47;1015.47;0.51;518.98;1015.47
02.01.2017 13:49;1015.47;1015.47;1015.45;1015.45;1.27;1294.51;1015.47
02.01.2017 13:50;1015.45;1015.47;1014.1;1015.47;1.52;1542.49;1015.31
02.01.2017 13:51;1015.47;1015.47;1015.47;1015.47;0.3;305.91;1015.47
02.01.2017 13:52;1016.03;1016.03;1014.05;1014.05;10.02;10161.49;1014.12
02.01.2017 13:53;1016.45;1016.55;1014.55;1014.55;1.42;1446.56;1016.51
02.01.2017 13:54;1014.55;1016.45;1014.41;1016.45;1.29;1308.28;1015.17
02.01.2017 13:55;1014.48;1015.95;1014.45;1015.95;13.85;14052.52;1014.5
02.01.2017 13:56;1015.95;1015.95;1015.95;1015.95;0.2;205.51;1015.95
02.01.2017 13:57;0;0;0;0;0;0;0
02.01.2017 13:58;0;0;0;0;0;0;0
02.01.2017 13:59;1015.4;1015.4;1015.4;1015.4;0.04;40.62;1015.4
02.01.2017 14:00;1015.41;1015.41;1015.41;1015.41;0.18;180.65;1015.41
02.01.2017 14:01;1015.11;1015.11;1015.11;1015.11;0.02;19.8;1015.11
02.01.2017 14:02;1015.1;1015.1;1014.5;1014.5;1.64;1665.69;1015.05
02.01.2017 14:03;1014.47;1014.5;1014.45;1014.5;3.12;3162.81;1014.45
02.01.2017 14:04;1014.48;1014.48;1014.45;1014.45;3.83;3888.61;1014.45
02.01.2017 14:05;1014.45;1014.48;1014.45;1014.48;3.68;3728.93;1014.45
02.01.2017 14:06;1014.48;1014.48;1014.45;1014.45;9.73;9874.12;1014.45
02.01.2017 14:07;1014.46;1014.46;1014.45;1014.46;3.16;3206.71;1014.45
02.01.2017 14:08;1014.46;1014.46;1014.46;1014.46;0.03;33.68;1014.46
02.01.2017 14:09;1014.45;1014.45;1014.45;1014.45;0.36;361.45;1014.45
02.01.2017 14:10;1014.45;1014.45;1013.23;1013.23;13.24;13421.75;1013.65
02.01.2017 14:11;1014.42;1014.42;1014.42;1014.42;0.06;60.87;1014.42
02.01.2017 14:12;1014.4;1014.45;1014.4;1014.45;2.9;2941.99;1014.44
02.01.2017 14:13;1014.46;1014.48;1013.23;1014.45;13.94;14136.66;1013.79
02.01.2017 14:14;1014.45;1014.45;1014.45;1014.45;0.04;40.58;1014.45
02.01.2017 14:15;1013.91;1014.29;1013.91;1014.29;0.11;111.53;1013.94
02.01.2017 14:16;0;0;0;0;0;0;0
02.01.2017 14:17;1014.28;1014.42;1013.5;1014.42;0.24;243.36;1013.77
02.01.2017 14:18;1014.42;1014.43;1014.42;1014.43;0.19;190.87;1014.43
02.01.2017 14:19;1013.51;1014;1013.5;1014;0.63;635.24;1013.6
02.01.2017 14:20;1014;1014;1014;1014;0.01;10.14;1014
02.01.2017 14:21;1014;1014;1014;1014;1.92;1946.88;1014
02.01.2017 14:22;1014;1014;1013.5;1014;3.44;3489.16;1014
02.01.2017 14:23;1014;1014;1014;1014;8.7;8816.8;1014
02.01.2017 14:24;1014;1014.25;1014;1014.25;1.25;1263.38;1014
02.01.2017 14:25;1014;1014;1014;1014;4.23;4288.21;1014
02.01.2017 14:26;1014;1014;1014;1014;4.99;5055.24;1014
02.01.2017 14:27;1014;1014;1014;1014;6.99;7089.67;1014
02.01.2017 14:28;1014;1015.45;1014;1015.45;15.66;15899.45;1015.03
02.01.2017 14:29;1013.93;1015.45;1013.93;1015.45;0.1;103.68;1015.05
02.01.2017 14:30;1015.45;1015.7;1015.45;1015.45;10.11;10266.36;1015.45
02.01.2017 14:31;0;0;0;0;0;0;0
02.01.2017 14:32;1015.94;1015.94;1015.94;1015.94;0.1;98.99;1015.94
02.01.2017 14:33;1015.68;1015.69;1015.68;1015.69;0.8;812.55;1015.69
02.01.2017 14:34;1015.78;1015.78;1015.78;1015.78;0.25;255.08;1015.78
02.01.2017 14:35;1015.85;1015.85;1015.85;1015.85;4.38;4452.47;1015.85
02.01.2017 14:36;1015.85;1015.97;1015.85;1015.97;24.41;24796.87;1015.89
02.01.2017 14:37;1015.97;1015.97;1015.97;1015.97;10.3;10466.46;1015.97
02.01.2017 14:38;1015.9;1016.62;1015.9;1016.62;2.39;2430.29;1016.28
02.01.2017 14:39;1016.62;1017;1016.62;1017;21.15;21503.12;1016.69
02.01.2017 14:40;1017;1017;1017;1017;0.17;175.27;1017
02.01.2017 14:41;1017.03;1019.22;1017;1019.22;4.78;4864.33;1017.41
02.01.2017 14:42;1019.22;1020;1019.22;1020;3.8;3877.75;1019.81
02.01.2017 14:43;1021.11;1021.11;1021;1021.11;2.04;2077.92;1021.06
02.01.2017 14:44;1021.12;1021.71;1021.11;1021.71;2.7;2754.54;1021.33
02.01.2017 14:45;1022;1023.25;1020;1020;67.63;69007.5;1020.38
02.01.2017 14:46;0;0;0;0;0;0;0
02.01.2017 14:47;1022.88;1022.89;1022.88;1022.89;0.3;306.29;1022.88
02.01.2017 14:48;1023.23;1023.23;1021.42;1021.42;0.05;47.92;1021.68
02.01.2017 14:49;0;0;0;0;0;0;0
02.01.2017 14:50;1022.01;1023.14;1022;1023.14;4.97;5080.54;1022.47
02.01.2017 14:51;0;0;0;0;0;0;0
02.01.2017 14:52;0;0;0;0;0;0;0
02.01.2017 14:53;1023;1023.06;1023;1023.06;0.08;77.81;1023.02
02.01.2017 14:54;0;0;0;0;0;0;0
02.01.2017 14:55;1023.1;1024.89;1021.57;1021.57;17.56;17978;1023.59
02.01.2017 14:56;1023;1023;1022.9;1022.9;0.01;10.23;1022.95
02.01.2017 14:57;1024;1024;1023.1;1023.1;0.04;40.16;1023.78
02.01.2017 14:58;1023.06;1023.06;1023;1023;0.01;10.23;1023.03
02.01.2017 14:59;1022.95;1022.96;1022.5;1022.5;0.13;132.24;1022.58
02.01.2017 15:00;0;0;0;0;0;0;0
02.01.2017 15:01;1023.04;1023.04;1021.88;1021.88;0.25;255.5;1022.01
02.01.2017 15:02;1023.05;1023.1;1023.05;1023.1;0.29;293.9;1023.05
02.01.2017 15:03;1023.09;1024.87;1023.09;1024.87;1.47;1506.49;1023.66
02.01.2017 15:04;1023.08;1024.87;1022.86;1022.86;2.01;2056.24;1023.67
02.01.2017 15:05;1024.87;1024.87;1024.87;1024.87;2.81;2879.88;1024.87
02.01.2017 15:06;1023.41;1024.84;1023.4;1024.84;0.38;384.7;1023.6
02.01.2017 15:07;1024.84;1024.85;1023.4;1023.4;1.18;1204.22;1023.67
02.01.2017 15:08;1023.77;1024.72;1023.77;1024.72;0.51;526.8;1024.34
02.01.2017 15:09;1024.72;1024.72;1023.4;1024.72;0.33;336.96;1023.92
02.01.2017 15:10;1023.4;1023.4;1023.4;1023.4;0.29;294.28;1023.4
02.01.2017 15:11;1023.4;1023.4;1023.05;1023.05;0.71;722;1023.15
02.01.2017 15:12;1023.4;1023.4;1023.03;1023.03;1.82;1860.64;1023.07
02.01.2017 15:13;1023.4;1023.4;1023.4;1023.4;0.18;181.36;1023.4
02.01.2017 15:14;0;0;0;0;0;0;0
02.01.2017 15:15;1023.02;1024.5;1023.02;1024.5;7.87;8055.26;1023.98
02.01.2017 15:16;1023.02;1023.02;1023.02;1023.02;1.69;1728.87;1023.02
02.01.2017 15:17;1023.02;1023.02;1023.01;1023.01;15.19;15543.03;1023.01
02.01.2017 15:18;1023.02;1023.02;1023.01;1023.01;0.77;784.51;1023.01
02.01.2017 15:19;1023.01;1023.01;1023.01;1023.01;2.04;2090.4;1023.01
02.01.2017 15:20;1023.02;1023.02;1023.02;1023.02;9.74;9962.22;1023.02
02.01.2017 15:21;1023.02;1024.01;1023.02;1024.01;11.61;11888.88;1023.95
02.01.2017 15:22;1024.01;1024.44;1024.01;1024.44;138.81;142199.23;1024.43
02.01.2017 15:23;1023.07;1024.44;1023.07;1024.44;2.16;2212.36;1024.32
02.01.2017 15:24;1024.44;1024.44;1024.44;1024.44;2.16;2215.27;1024.44
02.01.2017 15:25;1024.44;1024.89;1024.44;1024.44;19.99;20486.19;1024.65
02.01.2017 15:26;1023.71;1025;1023.7;1025;10.56;10818.95;1024.97
02.01.2017 15:27;1024.53;1024.53;1023.45;1023.45;4;4097.38;1024.35
02.01.2017 15:28;1023.13;1023.13;1023.13;1023.13;0.01;5.23;1023.13
02.01.2017 15:29;1023.13;1024.33;1023.13;1024.33;0.02;25.46;1023.48
02.01.2017 15:30;0;0;0;0;0;0;0
02.01.2017 15:31;1023.38;1023.83;1023.38;1023.83;1.01;1029.56;1023.45
02.01.2017 15:32;1023.83;1024.33;1023.02;1024.33;2;2047.95;1023.07
02.01.2017 15:33;1023.04;1023.04;1023.02;1023.02;1.38;1414.77;1023.03
02.01.2017 15:34;1024.38;1024.38;1024.38;1024.38;0.03;30.73;1024.38
02.01.2017 15:35;1024.35;1024.35;1024.35;1024.35;0.04;43.91;1024.35
02.01.2017 15:36;1023.02;1023.02;1023.02;1023.02;13.77;14089.21;1023.02
02.01.2017 15:37;1024.35;1024.36;1024.35;1024.36;0.13;136.54;1024.35
02.01.2017 15:38;1024.36;1024.36;1024.36;1024.36;0.05;51.01;1024.36
02.01.2017 15:39;1023.81;1024.38;1023.81;1024.38;33.88;34704.11;1024.38
02.01.2017 15:40;1024.38;1027.11;1023.67;1024.96;34.63;35498.44;1025.16
02.01.2017 15:41;1025.9;1028.07;1025.9;1028.07;10.75;11046.3;1027.36
02.01.2017 15:42;1028.07;1028.54;1028.07;1028.54;0.46;469.39;1028.18
02.01.2017 15:43;1028.18;1028.18;1028.07;1028.07;0.15;155.24;1028.08
02.01.2017 15:44;1028.07;1029.5;1028.05;1028.99;11.92;12258;1028.76
02.01.2017 15:45;1028.99;1030;1028.05;1029.98;22.43;23100.24;1029.76
02.01.2017 15:46;1029.98;1029.98;1029.98;1029.98;12.95;13334.73;1029.98
02.01.2017 15:47;1029.98;1029.98;1029.98;1029.98;0.41;424.01;1029.98
02.01.2017 15:48;1029.98;1030;1029.98;1030;9.4;9677.97;1030
02.01.2017 15:49;1029.98;1030;1029.47;1029.5;0.82;839.54;1029.68
02.01.2017 15:50;1029.5;1029.5;1029.47;1029.47;0.76;783.64;1029.47
02.01.2017 15:51;1029.47;1029.47;1028;1028;0.44;453.81;1029.12
02.01.2017 15:52;1026.86;1026.86;1025.39;1025.39;4.5;4622.92;1026.3
02.01.2017 15:53;0;0;0;0;0;0;0
02.01.2017 15:54;1025.5;1025.5;1025;1025;1.13;1155.59;1025.45
02.01.2017 15:55;1026.62;1026.62;1026.62;1026.62;0.23;239.07;1026.62
02.01.2017 15:56;1025.53;1025.66;1025.53;1025.66;2.2;2256.02;1025.65
02.01.2017 15:57;1025.53;1025.66;1025.52;1025.52;0.43;440.99;1025.53
02.01.2017 15:58;1025.52;1025.66;1025.52;1025.66;1.18;1214.06;1025.64
02.01.2017 15:59;1025.66;1026.65;1025.66;1026.65;5.7;5850.88;1026.61
02.01.2017 16:00;1026.65;1026.65;1025.73;1026.65;9.09;9334.57;1026.64
02.01.2017 16:01;1026.5;1026.65;1026;1026;10.52;10795.04;1026.52
02.01.2017 16:02;1025.61;1025.61;1025.52;1025.52;2.06;2114.59;1025.53
02.01.2017 16:03;1025.52;1026;1025.52;1026;0.36;365.47;1025.74
02.01.2017 16:04;1025.52;1025.52;1025.5;1025.5;5.49;5633.96;1025.5
02.01.2017 16:05;1026.09;1030;1026.09;1030;16.47;16954.37;1029.15
02.01.2017 16:06;1030;1030;1028.74;1029;33.11;34096.77;1029.93
02.01.2017 16:07;1028.62;1028.62;1028;1028;3;3084.79;1028.26
02.01.2017 16:08;1028.49;1030;1028.01;1030;27.32;28132.75;1029.7
02.01.2017 16:09;1029.7;1030;1028.12;1028.13;0.16;162.61;1029.52
02.01.2017 16:10;1030;1030;1028.16;1028.16;1.05;1081.61;1028.19
02.01.2017 16:11;1029.97;1030;1028.15;1028.15;1.4;1443.81;1029.97
02.01.2017 16:12;1029.8;1032;1029.8;1032;13.1;13509.96;1031.21
02.01.2017 16:13;1030;1030;1029.82;1029.82;2.08;2142.22;1029.91
02.01.2017 16:14;1031.99;1032;1030;1030;4.44;4583.07;1031.99
02.01.2017 16:15;1032;1032;1031.99;1031.99;1.1;1137.89;1031.99
02.01.2017 16:16;1031.99;1031.99;1030.01;1030.01;10.3;10604.62;1030.04
02.01.2017 16:17;1030.07;1030.07;1030.01;1030.01;11.7;12051.19;1030.02
02.01.2017 16:18;1030.01;1031.77;1030.01;1031.77;0.34;349.11;1030.46
02.01.2017 16:19;1030.01;1030.43;1030;1030.43;1.24;1273.91;1030.01
02.01.2017 16:20;1030.43;1030.44;1029.98;1029.98;1.61;1654.52;1030.07
02.01.2017 16:21;1029;1030;1028.68;1029.99;8.58;8840.67;1029.94
02.01.2017 16:22;1029.99;1030;1029.99;1030;0.49;509.54;1030
02.01.2017 16:23;1028.69;1028.69;1028.66;1028.66;1.28;1311.8;1028.68
02.01.2017 16:24;1029.97;1029.97;1029.97;1029.97;0.16;164.84;1029.97
02.01.2017 16:25;1029.95;1029.95;1029.95;1029.95;0.05;49.88;1029.95
02.01.2017 16:26;1029.33;1031;1029.33;1031;50.01;51517.48;1030.21
02.01.2017 16:27;1029.33;1031;1029.33;1031;0.05;51.01;1029.65
02.01.2017 16:28;0;0;0;0;0;0;0
02.01.2017 16:29;1031;1031.5;1029.02;1031.5;14.52;14972.72;1031.04
02.01.2017 16:30;1031.5;1031.5;1031.5;1031.5;0.12;122.51;1031.5
02.01.2017 16:31;1029.56;1029.56;1029.5;1029.5;0.62;640.04;1029.55
02.01.2017 16:32;1029.02;1029.02;1029;1029.02;1.08;1111.33;1029.01
02.01.2017 16:33;1029.02;1029.99;1028.71;1029.99;2.04;2101.18;1029.09
02.01.2017 16:34;1029.25;1029.25;1028.67;1028.7;3.41;3504.4;1028.81
02.01.2017 16:35;1028.67;1028.88;1027.98;1028;48.29;49670.61;1028.62
02.01.2017 16:36;1027.97;1028;1026.21;1026.21;12.95;13300.03;1027.05
02.01.2017 16:37;0;0;0;0;0;0;0
02.01.2017 16:38;1026.04;1026.04;1026.04;1026.04;0.3;307.81;1026.04
02.01.2017 16:39;0;0;0;0;0;0;0
02.01.2017 16:40;1027.9;1027.9;1025.5;1025.5;4.06;4164.89;1025.92
02.01.2017 16:41;1025.5;1025.5;1025.5;1025.5;16.85;17282.7;1025.5
02.01.2017 16:42;0;0;0;0;0;0;0
02.01.2017 16:43;0;0;0;0;0;0;0
02.01.2017 16:44;1026.97;1026.97;1026.97;1026.97;0.07;75.84;1026.97
02.01.2017 16:45;1026.94;1026.95;1026.94;1026.95;1.15;1180;1026.95
02.01.2017 16:46;1026.95;1026.97;1025.79;1025.89;9.78;10039.95;1026.2
02.01.2017 16:47;1026.94;1026.97;1026.94;1026.97;6.91;7091.31;1026.96
02.01.2017 16:48;1026.97;1027.81;1025.95;1026.09;14.81;15211.84;1026.93
02.01.2017 16:49;1027.81;1028.35;1027.81;1028.35;0.4;413.37;1028.02
02.01.2017 16:50;1026.54;1026.54;1025.7;1025.7;54.63;56046.2;1025.99
02.01.2017 16:51;1025.7;1025.7;1025.55;1025.55;11.77;12073.05;1025.69
02.01.2017 16:52;0;0;0;0;0;0;0
02.01.2017 16:53;1025.68;1025.68;1025.68;1025.68;0.97;1000;1025.68
02.01.2017 16:54;1025.7;1025.7;1025.68;1025.68;1.94;1994.88;1025.68
02.01.2017 16:55;1025.68;1025.7;1025.68;1025.7;1.11;1141.58;1025.68
02.01.2017 16:56;1025.7;1025.7;1025.68;1025.68;2.47;2531.92;1025.7
02.01.2017 16:57;0;0;0;0;0;0;0
02.01.2017 16:58;1025.68;1025.7;1025.5;1025.7;20.28;20802.16;1025.67
02.01.2017 16:59;1025.7;1025.7;1025.7;1025.7;0.08;80.07;1025.7
02.01.2017 17:00;1025.7;1025.7;1025.7;1025.7;2.54;2600.88;1025.7
02.01.2017 17:01;1025.7;1025.7;1024.59;1025.05;12.75;13070.62;1025.15
02.01.2017 17:02;1025.05;1025.68;1023.96;1023.96;4.7;4822.73;1025.08
02.01.2017 17:03;1025.66;1025.67;1025.64;1025.64;0.24;241.17;1025.65
02.01.2017 17:04;0;0;0;0;0;0;0
02.01.2017 17:05;0;0;0;0;0;0;0
02.01.2017 17:06;1025.62;1025.62;1025.62;1025.62;0.04;40.93;1025.62
02.01.2017 17:07;1025.62;1025.62;1025.01;1025.01;0.16;164.02;1025.43
02.01.2017 17:08;1025.62;1025.64;1025.62;1025.64;3.85;3946.78;1025.64
02.01.2017 17:09;1025.01;1025.59;1023;1023;50.29;51490.36;1023.95
02.01.2017 17:10;1023;1023;1022.91;1023;13.83;14148.34;1022.98
02.01.2017 17:11;1023;1023;1023;1023;2.69;2751.89;1023
02.01.2017 17:12;1023;1023;1022.91;1023;6.95;7109.36;1022.93
02.01.2017 17:13;1023;1023;1022.99;1022.99;1.23;1253.19;1023
02.01.2017 17:14;1023;1023;1022.99;1023;1.12;1150.79;1022.99
02.01.2017 17:15;1023;1023;1023;1023;1.01;1032.86;1023
02.01.2017 17:16;1023;1023;1022.91;1022.91;4.41;4512.57;1022.91
02.01.2017 17:17;1022.99;1022.99;1022.99;1022.99;0.14;146.12;1022.99
02.01.2017 17:18;0;0;0;0;0;0;0
02.01.2017 17:19;1022.91;1023;1022.91;1022.91;8.01;8196.92;1022.92
02.01.2017 17:20;1023;1023;1023;1023;1.25;1283.38;1023
02.01.2017 17:21;1023;1023;1023;1023;3.63;3708.66;1023
02.01.2017 17:22;1023;1023;1022.91;1022.91;7.05;7215.79;1022.94
02.01.2017 17:23;1023;1023;1022.91;1022.91;0.86;875.23;1022.98
02.01.2017 17:24;0;0;0;0;0;0;0
02.01.2017 17:25;1022.91;1023;1022.91;1023;0.04;37.27;1022.97
02.01.2017 17:26;1023;1023;1023;1023;1.62;1653.47;1023
02.01.2017 17:27;1023;1023;1023;1023;0.08;86.61;1023
02.01.2017 17:28;1022.91;1023;1022.91;1023;1.33;1365.09;1022.93
02.01.2017 17:29;1022.91;1022.91;1022.91;1022.91;3;3068.32;1022.91
02.01.2017 17:30;1022.91;1022.91;1022.91;1022.91;0.45;460.31;1022.91
02.01.2017 17:31;1022.91;1023;1022.91;1023;0.11;114.38;1022.99
02.01.2017 17:32;1022.91;1022.91;1022.91;1022.91;0.08;81.83;1022.91
02.01.2017 17:33;1023;1023;1023;1023;1.03;1053.61;1023
02.01.2017 17:34;1023;1023;1022.91;1022.91;4.68;4782.24;1022.94
02.01.2017 17:35;1022.91;1022.91;1022.91;1022.91;1;1022.91;1022.91
02.01.2017 17:36;1023;1023;1023;1023;0.12;119.88;1023
02.01.2017 17:37;1022.91;1022.91;1022.91;1022.91;19;19435.29;1022.91
02.01.2017 17:38;1022.56;1022.98;1022.06;1022.98;1.93;1976.73;1022.28
02.01.2017 17:39;1022.03;1022.98;1022.02;1022.98;2.41;2466.18;1022.59
02.01.2017 17:40;1022.98;1023;1022.35;1022.35;2.13;2178.64;1022.83
02.01.2017 17:41;1022.04;1022.04;1022.04;1022.04;3.2;3270.63;1022.04
02.01.2017 17:42;1022.02;1022.02;1022.02;1022.02;6.98;7134.75;1022.02
02.01.2017 17:43;1022.02;1022.02;1022.02;1022.02;1.16;1185.31;1022.02
02.01.2017 17:44;0;0;0;0;0;0;0
02.01.2017 17:45;1022.02;1022.89;1022.02;1022.89;12.15;12414.7;1022.16
02.01.2017 17:46;1022.03;1022.95;1022;1022;2.6;2657.29;1022.03
02.01.2017 17:47;1022;1022;1022;1022;0.54;548.04;1022
02.01.2017 17:48;1022;1022;1022;1022;1.01;1032.22;1022
02.01.2017 17:49;1022;1022.94;1022;1022.94;0.95;968.49;1022.01
02.01.2017 17:50;1022.94;1022.95;1022;1022.95;0.55;566.44;1022.91
02.01.2017 17:51;1022.95;1022.95;1022.95;1022.95;0.51;522.78;1022.95
02.01.2017 17:52;1022.95;1022.95;1022;1022.95;4.68;4779.67;1022.12
02.01.2017 17:53;1022;1022.92;1022;1022;1.07;1091.33;1022.06
02.01.2017 17:54;1022;1022.92;1022;1022.92;1.13;1152.66;1022.1
02.01.2017 17:55;1022.92;1022.92;1022.02;1022.91;7.34;7512.4;1022.88
02.01.2017 17:56;1022.91;1022.91;1022.91;1022.91;0.01;11.87;1022.91
02.01.2017 17:57;0;0;0;0;0;0;0
02.01.2017 17:58;1022.91;1022.92;1022;1022;10.03;10258.96;1022.61
02.01.2017 17:59;1022.01;1022.89;1022;1022;3.1;3170.31;1022.06
02.01.2017 18:00;1022;1022.9;1022;1022.9;0.38;384.45;1022.72
02.01.2017 18:01;1022.9;1022.9;1022.9;1022.9;1.3;1329.77;1022.9
02.01.2017 18:02;1022.9;1022.9;1022.15;1022.9;0.16;163.52;1022.86
02.01.2017 18:03;1022.92;1022.92;1022.92;1022.92;1.9;1940.16;1022.92
02.01.2017 18:04;1022.92;1022.92;1022.92;1022.92;1.05;1078.98;1022.92
02.01.2017 18:05;1022.92;1023.02;1022.9;1022.9;23.79;24332.2;1022.93
02.01.2017 18:06;1022.87;1022.88;1022.87;1022.88;0.83;850;1022.88
02.01.2017 18:07;1022.9;1022.9;1022.9;1022.9;4.46;4563.74;1022.9
02.01.2017 18:08;1022.9;1022.9;1022.9;1022.9;0.68;691.73;1022.9
02.01.2017 18:09;1022.9;1022.9;1022.9;1022.9;0.47;484.32;1022.9
02.01.2017 18:10;1022.9;1022.9;1022.9;1022.9;1.42;1452.49;1022.9
02.01.2017 18:11;1022.9;1023.89;1022.9;1023.89;0.02;24.51;1023.66
02.01.2017 18:12;1023.89;1023.89;1023.89;1023.89;0.1;102.32;1023.89
02.01.2017 18:13;1023.8;1023.89;1022;1022;3.88;3961.85;1022.24
02.01.2017 18:14;1022;1022;1022;1022;0.54;553.62;1022
02.01.2017 18:15;1022;1022;1021.93;1021.94;11.37;11618.23;1021.94
02.01.2017 18:16;1022;1022;1022;1022;0.37;376.1;1022
02.01.2017 18:17;1022;1022;1022;1022;1.49;1523.42;1022
02.01.2017 18:18;1022;1022;1021.94;1021.94;1.02;1042.33;1021.94
02.01.2017 18:19;1022;1022;1021.95;1022;2.45;2504.75;1021.98
02.01.2017 18:20;1022;1022;1022;1022;0.05;50.99;1022
02.01.2017 18:21;1021.94;1021.94;1021.94;1021.94;1.05;1074.57;1021.94
02.01.2017 18:22;1021.94;1022;1021.94;1022;1.7;1742.2;1021.96
02.01.2017 18:23;1022;1022;1022;1022;1.22;1243.54;1022
02.01.2017 18:24;1022;1022;1022;1022;0.01;8.77;1022
02.01.2017 18:25;1021.92;1021.92;1021.92;1021.92;35;35767.2;1021.92
02.01.2017 18:26;1021.97;1021.98;1021.4;1021.98;1.41;1440.24;1021.7
02.01.2017 18:27;1021.54;1021.54;1021.54;1021.54;0.1;99.59;1021.54
02.01.2017 18:28;1021.98;1021.98;1021.98;1021.98;0.31;315.85;1021.98
02.01.2017 18:29;1021.98;1022;1021.98;1022;0.82;834.96;1021.98
02.01.2017 18:30;1022;1022;1022;1022;1.24;1268.81;1022
02.01.2017 18:31;1022;1022;1022;1022;0.31;318.17;1022
02.01.2017 18:32;1022;1022;1022;1022;1;1022;1022
02.01.2017 18:33;1022;1022;1021.98;1021.98;0.12;122.97;1021.99
02.01.2017 18:34;1021.5;1021.5;1021.5;1021.5;0.16;163.78;1021.5
02.01.2017 18:35;1021.03;1021.03;1021.02;1021.02;0.29;291.51;1021.03
02.01.2017 18:36;1021.5;1021.5;1021.5;1021.5;0.03;30.65;1021.5
02.01.2017 18:37;1021.02;1021.02;1021.02;1021.02;0.28;285.89;1021.02
02.01.2017 18:38;1021.5;1021.5;1020;1020;18.68;19058.65;1020.3
02.01.2017 18:39;1019.75;1019.99;1015.82;1018.7;74.08;75427.81;1018.24
02.01.2017 18:40;1018.7;1019.28;1018.7;1019.12;0.5;509.33;1018.84
02.01.2017 18:41;1019.12;1019.12;1018.87;1018.87;0.33;336.38;1018.96
02.01.2017 18:42;1017.96;1019.09;1017;1018.72;3.23;3287.83;1017.35
02.01.2017 18:43;1017.41;1018.83;1016.07;1018.29;8.33;8473.17;1017.37
02.01.2017 18:44;1018.29;1018.48;1015.09;1018.36;10.57;10743.13;1016.43
02.01.2017 18:45;1018.73;1018.73;1015.66;1016.19;7.43;7562.21;1018.27
02.01.2017 18:46;1017.33;1018.39;1017.33;1018.33;10.06;10246.66;1018.35
02.01.2017 18:47;1018.33;1018.33;1018.33;1018.33;0.74;752.97;1018.33
02.01.2017 18:48;1018.38;1018.38;1018.38;1018.38;0.13;127.3;1018.38
02.01.2017 18:49;1018.38;1018.39;1018.2;1018.2;4.49;4570;1018.38
02.01.2017 18:50;1018.2;1018.2;1017.42;1017.42;0.32;320.76;1017.52
02.01.2017 18:51;1017.41;1018.2;1017.41;1018.2;1.03;1052.39;1017.7
02.01.2017 18:52;1018.2;1018.2;1015.02;1018.08;15.27;15525.82;1016.98
02.01.2017 18:53;1018.07;1018.2;1017.99;1017.99;0.11;107.92;1018.07
02.01.2017 18:54;1018.2;1018.2;1015.99;1017.63;0.52;523.85;1017.15
02.01.2017 18:55;1015.63;1016.5;1014.7;1014.71;23.93;24289.03;1014.81
02.01.2017 18:56;1014.7;1015.57;1013;1013;26.64;26995.49;1013.26
02.01.2017 18:57;1015.97;1015.97;1013;1015.02;1.41;1432.13;1013.54
02.01.2017 18:58;1014.52;1014.52;1010;1012.97;45.31;45799.89;1010.89
02.01.2017 18:59;1012.36;1013;1010;1012.99;7.31;7389.95;1010.63
02.01.2017 19:00;1012.94;1014.52;1010.35;1011.3;1.82;1846.43;1013.05
02.01.2017 19:01;1011.3;1014.88;1011.28;1011.49;2.31;2342.63;1012.02
02.01.2017 19:02;1012.13;1012.88;1010;1010.01;10.68;10787.85;1010.41
02.01.2017 19:03;1010.02;1012.85;1009.62;1011;72.46;73180.42;1010
02.01.2017 19:04;1012.85;1012.88;1009.12;1009.12;7.21;7283.43;1010.05
02.01.2017 19:05;1009.12;1011.75;1009.12;1009.62;27.71;27967.79;1009.35
02.01.2017 19:06;1009.62;1010.43;1009.26;1010.41;39.16;39530.5;1009.36
02.01.2017 19:07;1010.41;1010.43;1009.3;1010.43;39.7;40096.8;1009.95
02.01.2017 19:08;1010.02;1010.67;1010;1010;10.93;11037.4;1010.1
02.01.2017 19:09;1011.22;1012.07;1010;1012.07;24.31;24561.89;1010.27
02.01.2017 19:10;1012.82;1012.83;1010;1010.17;2.22;2242.76;1010.2
02.01.2017 19:11;1012.8;1012.83;1012.8;1012.83;0.72;731;1012.82
02.01.2017 19:12;1010.83;1012.83;1010.22;1012.83;0.4;399.89;1012.19
02.01.2017 19:13;1012.83;1012.83;1010.22;1010.22;6.03;6099.56;1011.33
02.01.2017 19:14;1010.22;1012.85;1010.22;1012.85;29.98;30366.36;1012.74
02.01.2017 19:15;1012;1012.83;1012;1012.83;22.28;22565.8;1012.79
02.01.2017 19:16;1013.92;1013.92;1013.9;1013.9;0.04;41.15;1013.92
02.01.2017 19:17;1014.07;1014.07;1012.99;1012.99;0.98;994.46;1013.47
02.01.2017 19:18;1012.99;1013;1012.99;1013;0.6;605.99;1013
02.01.2017 19:19;1013;1013;1011.83;1011.83;2.42;2445.62;1012.08
02.01.2017 19:20;1011.82;1011.82;1011.82;1011.82;0.01;12.14;1011.82
02.01.2017 19:21;1011.21;1011.8;1011;1011;4.03;4079.37;1011.16
02.01.2017 19:22;1011;1011;1011;1011;5.58;5638.41;1011
02.01.2017 19:23;1011;1011;1011;1011;1.2;1211.53;1011
02.01.2017 19:24;1011.8;1011.8;1010.83;1010.89;22.31;22553.05;1010.9
02.01.2017 19:25;1010.89;1010.89;1010.89;1010.89;0.09;87.29;1010.89
02.01.2017 19:26;1010.84;1010.89;1010.83;1010.89;7.63;7713.63;1010.88
02.01.2017 19:27;1010.89;1010.89;1010.89;1010.89;4.94;4996.86;1010.89
02.01.2017 19:28;1010.89;1010.89;1010.89;1010.89;0.75;760.14;1010.89
02.01.2017 19:29;1010.89;1010.89;1010.89;1010.89;7.5;7580.48;1010.89
02.01.2017 19:30;1010.89;1010.89;1010.87;1010.87;0.98;995.1;1010.89
02.01.2017 19:31;1010.89;1011.73;1010.87;1011.73;0.54;547.79;1010.95
02.01.2017 19:32;1011.73;1011.79;1011.73;1011.79;1.51;1525.11;1011.76
02.01.2017 19:33;1011.75;1011.75;1011.75;1011.75;0.03;25.29;1011.75
02.01.2017 19:34;1011.75;1011.75;1011.74;1011.74;0.25;251.18;1011.75
02.01.2017 19:35;1011.74;1011.74;1010.83;1010.88;1.99;2013.48;1011
02.01.2017 19:36;1010.83;1010.88;1010.83;1010.88;3.03;3064.14;1010.83
02.01.2017 19:37;1010.88;1011.72;1010.88;1011.72;0.31;315.64;1011.69
02.01.2017 19:38;1011.72;1011.83;1011.72;1011.83;30.12;30478.4;1011.76
02.01.2017 19:39;1010.86;1010.86;1010.86;1010.86;0.06;65.2;1010.86
02.01.2017 19:40;1011.83;1011.83;1011.83;1011.83;3.75;3789.9;1011.83
02.01.2017 19:41;1012.64;1014.09;1012.64;1014.09;4.08;4132.86;1013.37
02.01.2017 19:42;1014.09;1014.09;1014.09;1014.09;0.53;535.23;1014.09
02.01.2017 19:43;1012.4;1013.93;1012.4;1013.13;0.11;115.69;1013.68
02.01.2017 19:44;1013.13;1013.5;1011.07;1011.12;2.65;2678.7;1011.98
02.01.2017 19:45;1011.42;1013.44;1011.42;1012.98;0.34;348.77;1012.52
02.01.2017 19:46;1011.16;1012.98;1010.87;1012.68;1.58;1601.3;1011.81
02.01.2017 19:47;1010.87;1011.81;1010.74;1011.72;34.76;35136.65;1010.8
02.01.2017 19:48;1011;1012.65;1010.87;1012.65;0.08;82.26;1012.27
02.01.2017 19:49;1012.6;1012.6;1011.75;1011.86;0.09;91.18;1012.18
02.01.2017 19:50;1011.35;1011.35;1010.74;1010.74;2.24;2262.07;1010.76
02.01.2017 19:51;1011.76;1011.76;1010.9;1010.9;0.02;20.64;1011.55
02.01.2017 19:52;1010.9;1011.24;1009.89;1010;8.86;8949.29;1010.13
02.01.2017 19:53;1009.9;1009.97;1009.89;1009.89;23.8;24038.58;1009.9
02.01.2017 19:54;1009.9;1009.91;1009.89;1009.89;1.42;1435.67;1009.9
02.01.2017 19:55;1009.89;1009.9;1009.88;1009.88;3.07;3103.18;1009.88
02.01.2017 19:56;1009.88;1009.89;1009.88;1009.89;14.2;14336.83;1009.88
02.01.2017 19:57;1009.89;1009.89;1009.88;1009.89;0.9;906.84;1009.88
02.01.2017 19:58;1009.88;1009.89;1009.88;1009.89;4.08;4118.6;1009.88
02.01.2017 19:59;1009.88;1009.88;1009.88;1009.88;0.07;66.16;1009.88
02.01.2017 20:00;1009.88;1009.88;1009.88;1009.88;1.12;1131.58;1009.88
02.01.2017 20:01;1009.88;1009.9;1008.88;1008.88;16.32;16473.35;1009.12
02.01.2017 20:02;1008.88;1008.88;1004.84;1004.84;57.77;58188.16;1007.32
02.01.2017 20:03;1005.97;1007.01;1004.84;1006.95;4.51;4537.28;1004.96
02.01.2017 20:04;1005.5;1006.81;1004.85;1004.95;1.2;1204.01;1005.07
02.01.2017 20:05;1006.56;1006.56;1002.28;1004.19;20.09;20169.74;1003.87
02.01.2017 20:06;1003.4;1003.4;1000;1002;51.7;51765.98;1001.3
02.01.2017 20:07;1000.34;1002;1000;1001;37.17;37172.73;1000.06
02.01.2017 20:08;1001.01;1001.6;999.85;1001.6;7.8;7799.35;999.97
02.01.2017 20:09;1001.61;1001.85;998;998;22.33;22299.17;998.77
02.01.2017 20:10;998;1000.31;995;995;26.73;26635.92;996.66
02.01.2017 20:11;996.96;996.96;994.45;996.96;17.47;17394.07;995.48
02.01.2017 20:12;995.01;996.95;991;993.96;62.71;62220.31;992.2
02.01.2017 20:13;993.96;996.92;992;994;12.27;12187.76;993.34
02.01.2017 20:14;994;994;990.01;993.95;41.33;40967.04;991.3
02.01.2017 20:15;993.88;995;991.51;992.71;33.63;33429.02;993.89
02.01.2017 20:16;992.69;1002.02;991;1002.02;56.86;56593.62;995.24
02.01.2017 20:17;1002.57;1006.35;997.93;1000.03;17.5;17536.94;1002.13
02.01.2017 20:18;1000.05;1004.98;999.97;1000.42;15.27;15277.69;1000.47
02.01.2017 20:19;1004.92;1009.61;1004.92;1005.63;10.01;10076.1;1007.1
02.01.2017 20:20;1006.99;1009.61;1006.99;1009.61;8.46;8538.21;1009.13
02.01.2017 20:21;1008.98;1009.21;1008.98;1009.2;2.69;2715.7;1009.07
02.01.2017 20:22;1005.78;1007;1005.05;1005.08;3.78;3804.92;1005.6
02.01.2017 20:23;1005.08;1007.16;1005.08;1005.08;0.67;669.15;1005.74
02.01.2017 20:24;1007.11;1007.11;1004.12;1004.12;3.11;3128.72;1005.13
02.01.2017 20:25;1003;1003;1002.4;1002.98;1.08;1081.4;1002.71
02.01.2017 20:26;1002.98;1003;1002.02;1002.5;13.05;13081.42;1002.62
02.01.2017 20:27;1002.5;1002.99;1002.04;1002.99;1.08;1079.07;1002.37
02.01.2017 20:28;0;0;0;0;0;0;0
02.01.2017 20:29;1002.99;1004;1002.99;1004;10.38;10411.6;1003.46
02.01.2017 20:30;1004.9;1004.98;1002.3;1002.3;2.96;2968.41;1002.84
02.01.2017 20:31;1004.94;1004.96;1004.94;1004.96;1.17;1176.99;1004.95
02.01.2017 20:32;1004.85;1006.52;1004.85;1006.52;20.07;20171.17;1004.98
02.01.2017 20:33;1006.03;1007.44;1003.97;1007.11;78.7;79071.44;1004.72
02.01.2017 20:34;1007.11;1007.11;1006.59;1006.59;0.31;311.42;1006.73
02.01.2017 20:35;1006.59;1006.59;1006.5;1006.5;0.04;38.23;1006.52
02.01.2017 20:36;1006.44;1006.44;1004.07;1004.07;0.52;527.36;1005.31
02.01.2017 20:37;1006.19;1006.2;1005.75;1005.75;0.34;341.47;1006.11
02.01.2017 20:38;1005.75;1006.59;1005.75;1006.59;3.28;3298.75;1006.45
02.01.2017 20:39;1004.63;1004.63;1004.63;1004.63;0.1;100.46;1004.63
02.01.2017 20:40;1004.88;1006.59;1004.65;1004.65;3.76;3780.12;1004.96
02.01.2017 20:41;1006.49;1006.59;1006.46;1006.59;6.05;6086.95;1006.56
02.01.2017 20:42;1006.59;1009.1;1006.59;1009.1;17.73;17850.09;1006.88
02.01.2017 20:43;1009.42;1009.46;1009.42;1009.46;0.72;725.29;1009.43
02.01.2017 20:44;1009.49;1009.49;1009.46;1009.46;0.41;411.72;1009.47
02.01.2017 20:45;1009.49;1009.49;1009.46;1009.46;2.68;2704.28;1009.48
02.01.2017 20:46;1009.46;1009.46;1009.25;1009.25;2.6;2625.45;1009.46
02.01.2017 20:47;1009.22;1009.22;1009.22;1009.22;0.04;41.33;1009.22
02.01.2017 20:48;1009.22;1009.25;1008.49;1008.49;4.39;4430.68;1009.21
02.01.2017 20:49;1009.49;1009.49;1008.5;1008.5;0.26;265.95;1008.64
02.01.2017 20:50;1008.5;1009.47;1008.5;1009.47;0.98;990.04;1009.39
02.01.2017 20:51;0;0;0;0;0;0;0
02.01.2017 20:52;1009.48;1009.48;1009.48;1009.48;0.16;160.51;1009.48
02.01.2017 20:53;1009.48;1009.49;1009.48;1009.49;12.3;12413.37;1009.49
02.01.2017 20:54;1009.49;1009.49;1009.49;1009.49;0.04;37.21;1009.49
02.01.2017 20:55;1009.49;1010;1009.49;1010;26.45;26699.88;1009.52
02.01.2017 20:56;1010;1012.17;1009.45;1012.17;11.4;11516.26;1010.46
02.01.2017 20:57;0;0;0;0;0;0;0
02.01.2017 20:58;1011.9;1013.13;1011.9;1013.13;2.02;2043.83;1012.24
02.01.2017 20:59;1012.92;1013.5;1012.92;1013.5;1.92;1947.1;1013.18
02.01.2017 21:00;1014.07;1018.48;1014.07;1018.47;39.38;40029.9;1016.46
02.01.2017 21:01;1016.11;1018.84;1016.11;1018.48;3.82;3889.62;1018.42
02.01.2017 21:02;1018.48;1018.48;1017;1017;4.84;4918.9;1017.19
02.01.2017 21:03;1017;1017;1015;1015;27.95;28409.42;1016.49
02.01.2017 21:04;1014.34;1015.93;1013.9;1015.93;0.65;659.94;1014.25
02.01.2017 21:05;1014.71;1014.72;1014.71;1014.72;0.19;188.63;1014.71
02.01.2017 21:06;1013;1013.01;1013;1013;18.83;19077.47;1013
02.01.2017 21:07;1014.67;1014.67;1013;1013;2.11;2141.79;1013.14
02.01.2017 21:08;1013;1013;1010.5;1010.5;13.9;14066.26;1012.11
02.01.2017 21:09;1012.9;1012.9;1008.49;1008.49;1.78;1792.38;1009.13
02.01.2017 21:10;1008.49;1011.22;1008.49;1011.22;7.09;7148.89;1008.57
02.01.2017 21:11;1009.75;1009.75;1009.75;1009.75;0.04;41.52;1009.75
02.01.2017 21:12;1011.43;1011.43;1011.43;1011.43;0.25;257.23;1011.43
02.01.2017 21:13;1011.49;1011.49;1011.49;1011.49;0.15;149.7;1011.49
02.01.2017 21:14;1011.49;1011.49;1011.49;1011.49;0.05;49.81;1011.49
02.01.2017 21:15;1011.5;1011.5;1011.47;1011.47;0.05;51;1011.47
02.01.2017 21:16;1011.47;1011.47;1010.28;1010.28;0.09;92.61;1010.56
02.01.2017 21:17;1011.47;1011.47;1011.47;1011.47;0.18;185.1;1011.47
02.01.2017 21:18;1010.75;1010.75;1010.13;1010.75;0.76;765.46;1010.38
02.01.2017 21:19;1010.66;1010.66;1010.1;1010.1;1.65;1669.48;1010.19
02.01.2017 21:20;1010.19;1010.19;1010.19;1010.19;0.01;10.17;1010.19
02.01.2017 21:21;1010.19;1011.43;1010.19;1011.43;0.9;906.2;1011.09
02.01.2017 21:22;1011.45;1011.49;1011.45;1011.49;9.99;10102.37;1011.48
02.01.2017 21:23;1010.33;1010.33;1010.33;1010.33;0.65;660.55;1010.33
02.01.2017 21:24;1011.44;1011.45;1011.44;1011.45;0.21;216.1;1011.44
02.01.2017 21:25;1011.45;1011.45;1011.45;1011.45;1.6;1622.72;1011.45
02.01.2017 21:26;1011.45;1011.45;1011.45;1011.45;1.12;1131.17;1011.45
02.01.2017 21:27;1011;1011.45;1011;1011.45;1.1;1112.15;1011.04
02.01.2017 21:28;1011.45;1011.45;1011.45;1011.45;2.14;2163.49;1011.45
02.01.2017 21:29;0;0;0;0;0;0;0
02.01.2017 21:30;1011.2;1011.2;1011.2;1011.2;0.23;229.96;1011.2
02.01.2017 21:31;1010.58;1010.58;1010.57;1010.57;0.2;205.66;1010.57
02.01.2017 21:32;1010.56;1011.2;1010.56;1011.2;0.81;821.52;1010.96
02.01.2017 21:33;1010.58;1010.58;1010.58;1010.58;0.01;10.5;1010.58
02.01.2017 21:34;1010.58;1010.58;1010.58;1010.58;1.93;1954.4;1010.58
02.01.2017 21:35;1010.58;1010.6;1010.58;1010.6;24.39;24643.68;1010.58
02.01.2017 21:36;1010.66;1011.2;1010.66;1011.2;0.11;113.95;1011.14
02.01.2017 21:37;1010.75;1011.2;1010.75;1011.2;0.24;241.78;1011.12
02.01.2017 21:38;1011.2;1011.5;1011.2;1011.5;0.56;564.76;1011.36
02.01.2017 21:39;1011.5;1011.5;1011.5;1011.5;0.11;110.8;1011.5
02.01.2017 21:40;1011.5;1012.54;1011.5;1012.54;0.85;862.73;1011.81
02.01.2017 21:41;1012.56;1012.56;1012.56;1012.56;0.29;296.42;1012.56
02.01.2017 21:42;1012.9;1012.9;1012.9;1012.9;0.25;254.93;1012.9
02.01.2017 21:43;1012.24;1012.9;1012.24;1012.44;8.14;8241.77;1012.42
02.01.2017 21:44;0;0;0;0;0;0;0
02.01.2017 21:45;1012.25;1012.25;1012.23;1012.23;16.35;16545.68;1012.23
02.01.2017 21:46;1012.87;1012.88;1012.87;1012.88;0.36;366.27;1012.87
02.01.2017 21:47;1012.88;1012.88;1012.88;1012.88;0.01;6.57;1012.88
02.01.2017 21:48;1012.34;1012.34;1012.33;1012.33;0.7;705.44;1012.33
02.01.2017 21:49;1012.23;1012.81;1012.23;1012.81;1.1;1111;1012.33
02.01.2017 21:50;1012.83;1012.9;1012.83;1012.83;6.98;7072.85;1012.89
02.01.2017 21:51;1012.5;1012.5;1012.5;1012.5;0.3;305.22;1012.5
02.01.2017 21:52;1012.5;1012.5;1012.23;1012.23;1.25;1263.04;1012.26
02.01.2017 21:53;0;0;0;0;0;0;0
02.01.2017 21:54;1012.48;1012.48;1012.23;1012.23;2.62;2652.54;1012.42
02.01.2017 21:55;0;0;0;0;0;0;0
02.01.2017 21:56;1012.47;1012.47;1012.47;1012.47;0.02;19.72;1012.47
02.01.2017 21:57;0;0;0;0;0;0;0
02.01.2017 21:58;1012.47;1012.5;1012.47;1012.5;20.75;21006.83;1012.5
02.01.2017 21:59;1012.5;1012.5;1012.5;1012.5;0.17;173.03;1012.5
02.01.2017 22:00;1012;1012;1012;1012;0.02;15.4;1012
02.01.2017 22:01;1012;1013.23;1012;1013.23;10.78;10916.95;1013.12
02.01.2017 22:02;0;0;0;0;0;0;0
02.01.2017 22:03;1013.23;1013.23;1012.02;1012.02;2.04;2069.64;1012.77
02.01.2017 22:04;1013.22;1013.22;1013.22;1013.22;0.1;101.87;1013.22
02.01.2017 22:05;1012.05;1012.05;1012.05;1012.05;0.13;129.2;1012.05
02.01.2017 22:06;1013.22;1013.22;1012.05;1012.05;0.09;90.56;1012.82
02.01.2017 22:07;1013.22;1013.22;1012.53;1012.53;0.29;294.39;1012.82
02.01.2017 22:08;1013.22;1013.22;1012.82;1012.82;0.19;195.98;1013.2
02.01.2017 22:09;1013.22;1013.22;1013.22;1013.22;0.48;488.22;1013.22
02.01.2017 22:10;1013.22;1013.23;1013.22;1013.23;26.49;26836.25;1013.22
02.01.2017 22:11;1013.23;1013.23;1011.97;1011.97;38.03;38510.79;1012.69
02.01.2017 22:12;0;0;0;0;0;0;0
02.01.2017 22:13;1011.99;1013.19;1011.97;1013.19;1.37;1387.78;1012.14
02.01.2017 22:14;0;0;0;0;0;0;0
02.01.2017 22:15;0;0;0;0;0;0;0
02.01.2017 22:16;0;0;0;0;0;0;0
02.01.2017 22:17;0;0;0;0;0;0;0
02.01.2017 22:18;1013.17;1013.17;1012.7;1012.7;0.57;577.2;1012.9
02.01.2017 22:19;1013.16;1013.16;1012.69;1012.69;20.2;20456.39;1012.69
02.01.2017 22:20;1012.7;1012.7;1012.7;1012.7;0.8;810.16;1012.7
02.01.2017 22:21;1012.7;1013.19;1012.7;1013.19;22;22285.69;1012.99
02.01.2017 22:22;1013.19;1013.19;1013.19;1013.19;0.94;950.98;1013.19
02.01.2017 22:23;1013.19;1013.19;1012.21;1013.18;2.07;2091.02;1012.39
02.01.2017 22:24;1013.16;1013.17;1012.24;1012.24;0.21;208.62;1012.71
02.01.2017 22:25;1013.17;1013.17;1012.24;1013.14;0.73;741.45;1012.49
02.01.2017 22:26;1013.14;1013.15;1013.14;1013.15;0.29;289.8;1013.14
02.01.2017 22:27;1013.15;1013.17;1013.15;1013.17;7.03;7118.53;1013.17
02.01.2017 22:28;1013.17;1013.17;1013.17;1013.17;0.05;51.67;1013.17
02.01.2017 22:29;1013.15;1013.17;1012.27;1013.17;0.52;526.32;1012.9
02.01.2017 22:30;1013.17;1013.17;1012.24;1013.14;3.51;3553.08;1012.32
02.01.2017 22:31;0;0;0;0;0;0;0
02.01.2017 22:32;1013.14;1013.15;1013.14;1013.15;0.67;678.71;1013.15
02.01.2017 22:33;1013.15;1013.15;1013.15;1013.15;0.14;141.78;1013.15
02.01.2017 22:34;1013;1013;1013;1013;3.73;3774.56;1013
02.01.2017 22:35;1013;1013;1013;1013;0.13;131.69;1013
02.01.2017 22:36;1013;1013;1013;1013;0.12;123.21;1013
02.01.2017 22:37;1013;1013;1013;1013;59.21;59975.9;1013
02.01.2017 22:38;1013;1013.22;1013;1013.22;10.69;10828.03;1013.09
02.01.2017 22:39;1013.22;1013.22;1013.22;1013.22;7.04;7128.5;1013.22
02.01.2017 22:40;1013.23;1017;1013.23;1017;11.46;11626.09;1014.25
02.01.2017 22:41;1017;1017;1016.32;1016.32;1.09;1103.97;1016.37
02.01.2017 22:42;1016.32;1016.97;1016.3;1016.3;14.06;14284.35;1016.3
02.01.2017 22:43;1016.3;1016.97;1016.3;1016.97;0.58;592.08;1016.45
02.01.2017 22:44;1016.3;1016.3;1014.76;1014.76;0.87;881.39;1015.24
02.01.2017 22:45;1016.69;1016.92;1016.69;1016.92;0.06;61.08;1016.88
02.01.2017 22:46;1016.92;1016.92;1016.92;1016.92;0.16;164.74;1016.92
02.01.2017 22:47;1016.94;1017.77;1016.33;1017.77;37.51;38152.68;1017.01
02.01.2017 22:48;1017.77;1017.77;1017.77;1017.77;0.28;280.32;1017.77
02.01.2017 22:49;1017.77;1017.77;1017;1017;0.04;35.6;1017.24
02.01.2017 22:50;1017;1017.77;1017;1017.77;1.72;1751.65;1017.5
02.01.2017 22:51;1017.01;1017.01;1015.49;1015.49;1.11;1125.79;1016.84
02.01.2017 22:52;1017.74;1017.74;1015.65;1015.65;1.11;1124.73;1015.88
02.01.2017 22:53;1015.9;1017.71;1015.23;1017.59;1.07;1089.36;1015.45
02.01.2017 22:54;1017.75;1017.75;1015.2;1015.2;3.08;3123.2;1015.49
02.01.2017 22:55;1016;1016.39;1015.18;1015.18;41.2;41831.28;1015.22
02.01.2017 22:56;1015.02;1015.43;1012.19;1015.43;14.7;14883.25;1012.32
02.01.2017 22:57;1016.35;1016.35;1016.35;1016.35;0.02;19.31;1016.35
02.01.2017 22:58;1016.1;1016.1;1016.1;1016.1;0.18;182.9;1016.1
02.01.2017 22:59;1015.98;1016.8;1015.98;1016.8;25;25418.84;1016.75
02.01.2017 23:00;1016.8;1016.8;1016.8;1016.8;0.17;168.41;1016.8
02.01.2017 23:01;1016.1;1016.7;1014.7;1016.7;0.17;167.67;1015.7
02.01.2017 23:02;1016.67;1016.69;1014.6;1016;0.8;818.05;1016.33
02.01.2017 23:03;1016;1016;1016;1016;0.1;101.6;1016
02.01.2017 23:04;1014.85;1014.85;1014.85;1014.85;0.03;25.99;1014.85
02.01.2017 23:05;1016;1016;1014.77;1014.77;21.9;22226.81;1014.85
02.01.2017 23:06;1015.94;1015.94;1014.6;1014.6;0.06;60.56;1014.81
02.01.2017 23:07;1014.6;1014.6;1014.6;1014.6;0.19;195.78;1014.6
02.01.2017 23:08;0;0;0;0;0;0;0
02.01.2017 23:09;1014.6;1015.4;1014.5;1014.5;0.3;306.53;1014.99
02.01.2017 23:10;1014;1014.89;1014;1014.89;0.2;197.77;1014.21
02.01.2017 23:11;1013.5;1013.97;1013.49;1013.97;0.17;176.38;1013.7
02.01.2017 23:12;1013.05;1013.05;1012.8;1012.8;2.05;2076.4;1012.88
02.01.2017 23:13;1013.9;1013.9;1013.9;1013.9;0.1;101.39;1013.9
02.01.2017 23:14;1014.97;1015.45;1014.97;1015.45;1.25;1269.25;1014.98
02.01.2017 23:15;1015.45;1015.45;1015.45;1015.45;0.39;391.94;1015.45
02.01.2017 23:16;0;0;0;0;0;0;0
02.01.2017 23:17;1015.75;1015.75;1015.75;1015.75;0.2;206.2;1015.75
02.01.2017 23:18;1015.75;1015.85;1015.75;1015.85;4.83;4909.71;1015.83
02.01.2017 23:19;1015.08;1015.08;1015.08;1015.08;0.05;45.87;1015.08
02.01.2017 23:20;1015.85;1015.85;1015.85;1015.85;0.32;328.49;1015.85
02.01.2017 23:21;0;0;0;0;0;0;0
02.01.2017 23:22;1015.08;1015.08;1013.94;1013.94;1.88;1902.4;1014.07
02.01.2017 23:23;1014.37;1015.79;1013.39;1015.79;3.48;3524.84;1013.9
02.01.2017 23:24;1015.55;1015.55;1014.99;1014.99;0.09;89.15;1015.37
02.01.2017 23:25;1013.8;1013.8;1012;1012;37.51;37996;1012.99
02.01.2017 23:26;1014.73;1014.73;1014.73;1014.73;0.07;68.47;1014.73
02.01.2017 23:27;1014.57;1014.57;1014.47;1014.47;0.05;49.15;1014.53
02.01.2017 23:28;1014.05;1014.05;1014.05;1014.05;0.01;6.69;1014.05
02.01.2017 23:29;1014.09;1014.1;1013.5;1014.1;0.57;575.28;1014.08
02.01.2017 23:30;1014.1;1014.45;1013.5;1013.5;0.1;104.84;1013.89
02.01.2017 23:31;0;0;0;0;0;0;0
02.01.2017 23:32;1013.5;1013.84;1012;1013.84;1;1011.69;1012.5
02.01.2017 23:33;1013.75;1013.94;1011.5;1013.85;57.24;57914.83;1011.84
02.01.2017 23:34;1013.8;1013.8;1011.51;1011.51;1.1;1117.03;1013.59
02.01.2017 23:35;1013.58;1013.62;1011.54;1011.54;2.15;2181.82;1013.43
02.01.2017 23:36;0;0;0;0;0;0;0
02.01.2017 23:37;0;0;0;0;0;0;0
02.01.2017 23:38;1013.46;1013.46;1013.46;1013.46;0.14;143.75;1013.46
02.01.2017 23:39;1013.48;1013.48;1013.48;1013.48;0.2;206.91;1013.48
02.01.2017 23:40;1013.22;1013.22;1012.49;1012.49;1.61;1628.53;1012.62
02.01.2017 23:41;1012.49;1012.49;1012.49;1012.49;0.16;157.95;1012.49
02.01.2017 23:42;1012.49;1012.5;1012.49;1012.5;0.44;445.3;1012.5
02.01.2017 23:43;1013.48;1013.5;1013.48;1013.5;1.13;1150.1;1013.49
02.01.2017 23:44;0;0;0;0;0;0;0
02.01.2017 23:45;0;0;0;0;0;0;0
02.01.2017 23:46;1012.41;1013.5;1012.41;1013.5;0.2;199.6;1013.2
02.01.2017 23:47;0;0;0;0;0;0;0
02.01.2017 23:48;1012.41;1013.5;1011.96;1013.5;0.83;839.64;1012.72
02.01.2017 23:49;1013.5;1013.5;1013.5;1013.5;0.84;853.37;1013.5
02.01.2017 23:50;1013.5;1013.5;1013.5;1013.5;1.51;1533.07;1013.5
02.01.2017 23:51;1011.83;1013.44;1011.25;1013.44;6.1;6170.49;1011.56
02.01.2017 23:52;1013.27;1013.42;1013.27;1013.42;2.99;3032.42;1013.39
02.01.2017 23:53;1013.42;1013.42;1013.42;1013.42;0.14;145.05;1013.42
02.01.2017 23:54;1013.42;1013.44;1011.59;1011.59;3.23;3275.53;1013.37
02.01.2017 23:55;1013.42;1013.44;1012.95;1012.95;0.72;726.08;1013.41
02.01.2017 23:56;1011.5;1011.5;1011.5;1011.5;0.4;404.6;1011.5
02.01.2017 23:57;1013.42;1013.42;1013.42;1013.42;0.04;43.35;1013.42
02.01.2017 23:58;0;0;0;0;0;0;0
02.01.2017 23:59;1012.54;1012.54;1012.54;1012.54;0.04;36.45;1012.54
03.01.2017 00:00;1011.44;1012.02;1011.43;1012.02;1.27;1287.9;1011.86
03.01.2017 00:01;1013.38;1013.5;1013.37;1013.5;25.95;26294.96;1013.44
03.01.2017 00:02;1013.63;1013.63;1013.63;1013.63;20;20272.6;1013.63
03.01.2017 00:03;1014.45;1014.45;1013.54;1013.54;0.25;251.24;1013.72
03.01.2017 00:04;1013.53;1014.98;1013.51;1014.98;24.1;24458.32;1014.8
03.01.2017 00:05;1015.58;1015.99;1015.58;1015.99;21.11;21440.82;1015.63
03.01.2017 00:06;1015.74;1016.55;1015.74;1016.55;21.47;21816.16;1016.03
03.01.2017 00:07;0;0;0;0;0;0;0
03.01.2017 00:08;1016.03;1016.03;1016.01;1016.01;1.58;1604.21;1016.02
03.01.2017 00:09;1016.01;1016.82;1016.01;1016.82;28.32;28791.49;1016.71
03.01.2017 00:10;0;0;0;0;0;0;0
03.01.2017 00:11;0;0;0;0;0;0;0
03.01.2017 00:12;1016.85;1016.9;1016.82;1016.9;4.42;4497.75;1016.83
03.01.2017 00:13;1016.9;1016.9;1016.9;1016.9;0.01;12.2;1016.9
03.01.2017 00:14;0;0;0;0;0;0;0
03.01.2017 00:15;1016.9;1016.9;1016.9;1016.9;0.34;349.89;1016.9
03.01.2017 00:16;1016.9;1016.9;1016.82;1016.82;9.9;10067.94;1016.89
03.01.2017 00:17;0;0;0;0;0;0;0
03.01.2017 00:18;1016.89;1016.89;1016.89;1016.89;0.04;39.66;1016.89
03.01.2017 00:19;1016.89;1016.9;1016.89;1016.9;0.3;303.68;1016.89
03.01.2017 00:20;1016.9;1016.9;1016.9;1016.9;4.51;4587.77;1016.9
03.01.2017 00:21;1016.9;1016.9;1016.9;1016.9;1.2;1220.28;1016.9
03.01.2017 00:22;1016.9;1016.9;1016.9;1016.9;2.25;2286.06;1016.9
03.01.2017 00:23;1016.9;1016.9;1016.9;1016.9;1;1016.9;1016.9
03.01.2017 00:24;1016.9;1016.9;1016.82;1016.82;1.88;1907.7;1016.9
03.01.2017 00:25;1016.9;1016.9;1016.9;1016.9;0.52;524.72;1016.9
03.01.2017 00:26;1016.9;1016.9;1016.9;1016.9;3.41;3466.48;1016.9
03.01.2017 00:27;1016.9;1016.9;1016.9;1016.9;0.01;10.19;1016.9
03.01.2017 00:28;1016.89;1016.89;1016.89;1016.89;0.07;68.64;1016.89
03.01.2017 00:29;1016.89;1016.9;1016.89;1016.9;1.08;1099.82;1016.89
03.01.2017 00:30;1016.9;1016.9;1016.9;1016.9;0.16;159.65;1016.9
03.01.2017 00:31;1016.83;1016.89;1016.83;1016.89;0.29;295.9;1016.88
03.01.2017 00:32;1016.89;1016.89;1016.89;1016.89;0.3;305.07;1016.89
03.01.2017 00:33;1016.82;1017.82;1016.82;1017.82;19.43;19762.96;1016.99
03.01.2017 00:34;1017.82;1017.98;1017.82;1017.98;0.8;814.38;1017.98
03.01.2017 00:35;1017.98;1018;1017.96;1017.96;2.12;2161.33;1017.98
03.01.2017 00:36;1017.98;1017.98;1017;1017.98;1.08;1095.47;1017.94
03.01.2017 00:37;1017.98;1018;1017.98;1018;35.2;35837.85;1017.99
03.01.2017 00:38;1018;1018;1018;1018;5.08;5166.66;1018
03.01.2017 00:39;1018;1018;1018;1018;0.15;151.83;1018
03.01.2017 00:40;1018;1018;1018;1018;2.3;2339.11;1018
03.01.2017 00:41;1018.54;1018.54;1018.54;1018.54;0.07;70.28;1018.54
03.01.2017 00:42;1018.54;1018.54;1018.54;1018.54;0.25;255.65;1018.54
03.01.2017 00:43;1018.54;1018.98;1018.54;1018.98;0.78;794.51;1018.6
03.01.2017 00:44;1018.98;1019.77;1018.26;1018.26;0.33;337.13;1018.8
03.01.2017 00:45;1019.77;1019.77;1018.58;1018.58;0.92;941.49;1018.61
03.01.2017 00:46;1019.75;1019.75;1019.7;1019.7;0.12;119.61;1019.7
03.01.2017 00:47;1019.68;1019.75;1019.68;1019.75;0.3;305.54;1019.73
03.01.2017 00:48;1019.74;1019.75;1019.74;1019.75;0.4;407.9;1019.75
03.01.2017 00:49;1019.75;1019.77;1019.75;1019.77;13.59;13853.75;1019.77
03.01.2017 00:50;1019.13;1019.93;1019.13;1019.93;7.07;7204.97;1019.77
03.01.2017 00:51;1019.93;1020;1018.66;1019.95;10.04;10238.29;1019.82
03.01.2017 00:52;1018.59;1018.59;1018.56;1018.56;2.33;2372.57;1018.57
03.01.2017 00:53;0;0;0;0;0;0;0
03.01.2017 00:54;1019.76;1019.76;1018.56;1018.56;2.04;2074.61;1018.65
03.01.2017 00:55;1018.56;1019.24;1018.56;1019.24;2.78;2828.82;1018.58
03.01.2017 00:56;1018.69;1019.24;1018.56;1019.24;1.56;1591.69;1018.8
03.01.2017 00:57;1019.24;1019.24;1019.24;1019.24;0.05;51.37;1019.24
03.01.2017 00:58;0;0;0;0;0;0;0
03.01.2017 00:59;1019.24;1019.24;1019.24;1019.24;0.22;224.21;1019.24
03.01.2017 01:00;1019.24;1019.26;1019.24;1019.26;3.05;3112.4;1019.26
03.01.2017 01:01;1019.25;1019.26;1019.24;1019.24;1.49;1522.98;1019.25
03.01.2017 01:02;1019.26;1019.26;1019.26;1019.26;0.2;202.28;1019.26
03.01.2017 01:03;1019.26;1019.26;1019.24;1019.24;0.18;181.55;1019.25
03.01.2017 01:04;0;0;0;0;0;0;0
03.01.2017 01:05;1019.26;1019.26;1019.26;1019.26;0.93;951.61;1019.26
03.01.2017 01:06;1019.26;1019.26;1019.26;1019.26;0.4;405.51;1019.26
03.01.2017 01:07;0;0;0;0;0;0;0
03.01.2017 01:08;1019.24;1019.24;1019.24;1019.24;5.04;5140.03;1019.24
03.01.2017 01:09;0;0;0;0;0;0;0
03.01.2017 01:10;0;0;0;0;0;0;0
03.01.2017 01:11;1019.26;1019.26;1019.26;1019.26;0.32;325.97;1019.26
03.01.2017 01:12;1019.25;1019.26;1019.24;1019.26;2.15;2186.28;1019.24
03.01.2017 01:13;1019.26;1019.26;1019.24;1019.24;2.8;2854.7;1019.24
03.01.2017 01:14;1019.25;1019.25;1019.25;1019.25;0.04;44.44;1019.25
03.01.2017 01:15;1019.24;1019.24;1019.24;1019.24;1;1019.24;1019.24
03.01.2017 01:16;1019.25;1019.25;1019.25;1019.25;0.01;11.21;1019.25
03.01.2017 01:17;1019.25;1019.25;1019.24;1019.24;19.05;19420.6;1019.24
03.01.2017 01:18;1019.24;1019.24;1019.24;1019.24;1.18;1207.29;1019.24
03.01.2017 01:19;1019.24;1019.24;1019.24;1019.24;0.07;71.35;1019.24
03.01.2017 01:20;1019.24;1019.24;1019.24;1019.24;0.11;113.14;1019.24
03.01.2017 01:21;1019.24;1019.24;1019.24;1019.24;1.6;1632.47;1019.24
03.01.2017 01:22;1019.24;1019.24;1019.24;1019.24;1.09;1110.97;1019.24
03.01.2017 01:23;1019.24;1019.24;1018.71;1018.71;0.12;127.26;1019.13
03.01.2017 01:24;0;0;0;0;0;0;0
03.01.2017 01:25;1019.24;1019.24;1019.24;1019.24;1.17;1196.89;1019.24
03.01.2017 01:26;1019.23;1019.23;1019.23;1019.23;0.34;342.69;1019.23
03.01.2017 01:27;1019.24;1020.24;1019.24;1020.24;50.14;51133.7;1019.81
03.01.2017 01:28;1020.24;1020.24;1020.24;1020.24;0.02;19.59;1020.24
03.01.2017 01:29;1020.24;1020.24;1020.24;1020.24;0.25;255.06;1020.24
03.01.2017 01:30;0;0;0;0;0;0;0
03.01.2017 01:31;1018.85;1020.18;1018.8;1020.18;2.88;2932;1019.23
03.01.2017 01:32;1019.34;1019.34;1019.34;1019.34;0.2;204.26;1019.34
03.01.2017 01:33;1020.16;1020.2;1020.16;1020.2;1.66;1691.29;1020.17
03.01.2017 01:34;1020.2;1023.91;1020.2;1020.36;46.9;47978.69;1023.1
03.01.2017 01:35;1023.03;1023.58;1023.03;1023.09;2.13;2174.53;1023.19
03.01.2017 01:36;1023.51;1023.52;1023.51;1023.52;1.53;1560.85;1023.51
03.01.2017 01:37;1023.91;1023.91;1023.91;1023.91;0.04;37.68;1023.91
03.01.2017 01:38;1023.9;1023.9;1021.75;1021.75;0.12;125.2;1021.86
03.01.2017 01:39;1021.78;1021.78;1021.38;1021.74;3;3064.75;1021.58
03.01.2017 01:40;1023.4;1023.4;1023.4;1023.4;0.02;18.79;1023.4
03.01.2017 01:41;0;0;0;0;0;0;0
03.01.2017 01:42;0;0;0;0;0;0;0
03.01.2017 01:43;1022.13;1022.59;1022.13;1022.59;0.07;75.66;1022.43
03.01.2017 01:44;1022.1;1022.1;1021;1021;2.07;2114.41;1021.06
03.01.2017 01:45;1022.49;1024.99;1022.49;1024.01;21.79;22330.87;1024.6
03.01.2017 01:46;1024.49;1024.49;1024.49;1024.49;0.01;14.69;1024.49
03.01.2017 01:47;0;0;0;0;0;0;0
03.01.2017 01:48;1024.49;1024.49;1024.49;1024.49;0.17;178.26;1024.49
03.01.2017 01:49;0;0;0;0;0;0;0
03.01.2017 01:50;0;0;0;0;0;0;0
03.01.2017 01:51;0;0;0;0;0;0;0
03.01.2017 01:52;1021.75;1021.75;1021.75;1021.75;0.13;128.21;1021.75
03.01.2017 01:53;0;0;0;0;0;0;0
03.01.2017 01:54;1023.49;1023.49;1021.68;1021.68;0.58;590.89;1021.77
03.01.2017 01:55;0;0;0;0;0;0;0
03.01.2017 01:56;1024.82;1024.96;1024.82;1024.96;17.69;18127.36;1024.96
03.01.2017 01:57;0;0;0;0;0;0;0
03.01.2017 01:58;1022.42;1024.96;1022.18;1024.94;1.1;1128.78;1023.71
03.01.2017 01:59;0;0;0;0;0;0;0
03.01.2017 02:00;0;0;0;0;0;0;0
03.01.2017 02:01;0;0;0;0;0;0;0
03.01.2017 02:02;0;0;0;0;0;0;0
03.01.2017 02:03;0;0;0;0;0;0;0
03.01.2017 02:04;1024.54;1024.54;1024.54;1024.54;0.02;18.97;1024.54
03.01.2017 02:05;1024.95;1025.7;1024.95;1025.69;20.1;20610.68;1025.31
03.01.2017 02:06;1025.69;1025.69;1025.69;1025.69;2.92;2996.47;1025.69
03.01.2017 02:07;1025.42;1025.42;1025.42;1025.42;0.03;30.66;1025.42
03.01.2017 02:08;1022.41;1022.41;1016.4;1016.4;125.61;128056.28;1019.47
03.01.2017 02:09;1015.9;1015.9;1004.77;1004.77;317.49;320918.32;1010.81
03.01.2017 02:10;1004.21;1009.77;1000.73;1009.77;151.96;152431.31;1003.07
03.01.2017 02:11;1009.77;1015.41;1009.77;1015.41;8.94;9048.29;1012.25
03.01.2017 02:12;1010.17;1013.96;1007.03;1007.55;11.13;11236.27;1009.45
03.01.2017 02:13;1007.55;1008.53;999.99;1004.06;83.31;83405.57;1001.12
03.01.2017 02:14;1004.06;1009.6;1004.06;1009.6;9.25;9329.67;1008.97
03.01.2017 02:15;1007.28;1010.03;1006.57;1010.02;5.35;5396.99;1009.21
03.01.2017 02:16;1008.91;1010.03;1008.91;1010.03;9.45;9541.36;1009.8
03.01.2017 02:17;1010.03;1010.03;1010.03;1010.03;4.17;4211.12;1010.03
03.01.2017 02:18;1010.03;1010.03;1009.03;1009.03;0.26;259.65;1009.82
03.01.2017 02:19;1010.03;1010.03;1010.03;1010.03;0.06;55.55;1010.03
03.01.2017 02:20;1010.03;1010.03;1010.03;1010.03;1.7;1720.09;1010.03
03.01.2017 02:21;1010.03;1010.03;1010.03;1010.03;0.71;718.65;1010.03
03.01.2017 02:22;1010.03;1010.03;1010.03;1010.03;8;8080.24;1010.03
03.01.2017 02:23;1010.03;1012.36;1010.03;1012.02;0.7;708.22;1011.6
03.01.2017 02:24;1012.36;1013.35;1012.36;1013.35;0.44;442.89;1012.47
03.01.2017 02:25;0;0;0;0;0;0;0
03.01.2017 02:26;1012.78;1012.78;1012.78;1012.78;0.25;253.2;1012.78
03.01.2017 02:27;1012.88;1013.35;1012.88;1013.35;2.87;2909.98;1013.34
03.01.2017 02:28;1013.27;1013.28;1013.27;1013.28;0.38;384.62;1013.28
03.01.2017 02:29;1013.35;1013.35;1013.35;1013.35;1.45;1467.33;1013.35
03.01.2017 02:30;1013.35;1013.35;1012.28;1013.35;2.04;2071.11;1013.34
03.01.2017 02:31;1013.35;1015.41;1013.35;1014.9;17.37;17598.68;1013.39
03.01.2017 02:32;1015.41;1015.76;1015.41;1015.76;0.34;343.75;1015.48
03.01.2017 02:33;0;0;0;0;0;0;0
03.01.2017 02:34;0;0;0;0;0;0;0
03.01.2017 02:35;1015.5;1015.5;1015.49;1015.49;0.25;253.87;1015.5
03.01.2017 02:36;0;0;0;0;0;0;0
03.01.2017 02:37;1016.98;1017.07;1016.98;1016.98;1.71;1739.04;1016.98
03.01.2017 02:38;1017.07;1017.07;1016.58;1016.58;0.37;375.8;1016.96
03.01.2017 02:39;1016.55;1016.55;1016.11;1016.14;0.52;527.54;1016.2
03.01.2017 02:40;1016.63;1016.63;1016.63;1016.63;0.2;198.89;1016.63
03.01.2017 02:41;0;0;0;0;0;0;0
03.01.2017 02:42;1015.47;1015.47;1015.47;1015.47;0.02;18.25;1015.47
03.01.2017 02:43;0;0;0;0;0;0;0
03.01.2017 02:44;1016.63;1016.63;1016.16;1016.16;2.9;2948.32;1016.2
03.01.2017 02:45;1016.18;1016.23;1016.16;1016.23;5.58;5670.86;1016.21
03.01.2017 02:46;1016.23;1016.23;1016.23;1016.23;4.59;4662.62;1016.23
03.01.2017 02:47;0;0;0;0;0;0;0
03.01.2017 02:48;1016.23;1016.23;1016.23;1016.23;1;1016.23;1016.23
03.01.2017 02:49;1016.23;1025;1016.23;1025;40.91;41790;1021.51
03.01.2017 02:50;1025.02;1025.79;1025;1025.79;17.27;17709.57;1025.57
03.01.2017 02:51;1025.8;1029.92;1025.8;1029.9;196.05;201606.1;1028.35
03.01.2017 02:52;1029.9;1029.91;1029.9;1029.9;132;135943.84;1029.9
03.01.2017 02:53;1029.88;1029.88;1026.53;1026.53;2.98;3059.03;1027.23
03.01.2017 02:54;1025.02;1025.02;1009.03;1009.03;90.62;92061.08;1015.96
03.01.2017 02:55;1009;1009;1000.21;1001;139.48;139771.55;1002.11
03.01.2017 02:56;1001;1014.78;1001;1013.3;65.09;65261.3;1002.56
03.01.2017 02:57;1013.3;1013.6;1013.28;1013.4;4.86;4919.92;1013.32
03.01.2017 02:58;1011.45;1015.02;1010.36;1015.01;14.45;14665.28;1014.72
03.01.2017 02:59;1015.01;1015.01;1014.56;1014.56;1.25;1265.03;1014.92
03.01.2017 03:00;0;0;0;0;0;0;0
03.01.2017 03:01;1014.65;1023.03;1014.65;1023;90.9;92903.13;1022.03
03.01.2017 03:02;1023;1023.3;1023;1023.3;2.23;2285.27;1023.15
03.01.2017 03:03;1023.3;1023.3;1023;1023;5.84;5975.82;1023.01
03.01.2017 03:04;1023;1023;1023;1023;1;1023;1023
03.01.2017 03:05;1023;1023.51;1023;1023.51;1.27;1299.27;1023.02
03.01.2017 03:06;1023.9;1023.9;1023.9;1023.9;0.04;35.84;1023.9
03.01.2017 03:07;1023;1023;1023;1023;45.21;46247.72;1023
03.01.2017 03:08;1023.9;1023.9;1023.9;1023.9;0.3;307.72;1023.9
03.01.2017 03:09;1023.93;1023.93;1023.93;1023.93;0.07;71.68;1023.93
03.01.2017 03:10;0;0;0;0;0;0;0
03.01.2017 03:11;1023.93;1023.93;1023.93;1023.93;0.32;331.65;1023.93
03.01.2017 03:12;1023.93;1023.93;1023.93;1023.93;1.14;1168.15;1023.93
03.01.2017 03:13;1023.9;1023.9;1023.9;1023.9;0.1;102.39;1023.9
03.01.2017 03:14;1023.9;1023.91;1023;1023.01;11.11;11361.51;1023.05
03.01.2017 03:15;1023;1023.9;1023;1023.9;0.2;202.52;1023.49
03.01.2017 03:16;1023.9;1023.9;1023.9;1023.9;0.03;26.62;1023.9
03.01.2017 03:17;1023.9;1023.9;1023.9;1023.9;0.16;163.82;1023.9
03.01.2017 03:18;1023.03;1023.03;1023;1023;3;3069.02;1023.01
03.01.2017 03:19;1023.88;1023.89;1023.88;1023.89;0.48;495.56;1023.89
03.01.2017 03:20;1023.89;1023.89;1023.89;1023.89;0.64;650.65;1023.89
03.01.2017 03:21;1023.88;1023.88;1023.24;1023.86;1.5;1531.77;1023.45
03.01.2017 03:22;0;0;0;0;0;0;0
03.01.2017 03:23;0;0;0;0;0;0;0
03.01.2017 03:24;1023.86;1023.86;1023.11;1023.11;1.12;1143.17;1023.3
03.01.2017 03:25;1023.5;1023.5;1023.5;1023.5;0.2;204.7;1023.5
03.01.2017 03:26;1023.5;1023.5;1023.5;1023.5;0.05;48.2;1023.5
03.01.2017 03:27;0;0;0;0;0;0;0
03.01.2017 03:28;1023.02;1023.02;1023.02;1023.02;0.01;7.23;1023.02
03.01.2017 03:29;1023.5;1023.5;1023.5;1023.5;0.17;178.73;1023.5
03.01.2017 03:30;0;0;0;0;0;0;0
03.01.2017 03:31;1023.5;1023.5;1023.5;1023.5;0.13;133.06;1023.5
03.01.2017 03:32;1023.5;1023.85;1023.5;1023.85;0.51;519.3;1023.52
03.01.2017 03:33;0;0;0;0;0;0;0
03.01.2017 03:34;1023.85;1023.86;1023.85;1023.86;1.11;1137.51;1023.86
03.01.2017 03:35;0;0;0;0;0;0;0
03.01.2017 03:36;1023.86;1023.86;1023.86;1023.86;0.34;349.42;1023.86
03.01.2017 03:37;0;0;0;0;0;0;0
03.01.2017 03:38;1023.86;1023.86;1023.86;1023.86;0.2;208.86;1023.86
03.01.2017 03:39;0;0;0;0;0;0;0
03.01.2017 03:40;1023.52;1023.57;1023.03;1023.03;1.39;1422.1;1023.39
03.01.2017 03:41;1023.83;1023.86;1023.83;1023.86;2.58;2636.77;1023.85
03.01.2017 03:42;1023.86;1023.86;1023.85;1023.85;0.15;150.18;1023.85
03.01.2017 03:43;1023.85;1023.85;1023.85;1023.85;0.97;996.72;1023.85
03.01.2017 03:44;1023.85;1023.85;1023.85;1023.85;0.47;476.58;1023.85
03.01.2017 03:45;0;0;0;0;0;0;0
03.01.2017 03:46;0;0;0;0;0;0;0
03.01.2017 03:47;1023.85;1023.85;1023.85;1023.85;0.14;143.91;1023.85
03.01.2017 03:48;0;0;0;0;0;0;0
03.01.2017 03:49;1023.85;1023.85;1023.05;1023.05;0.02;21.16;1023.63
03.01.2017 03:50;1023.85;1023.85;1023.85;1023.85;0.05;48.87;1023.85
03.01.2017 03:51;0;0;0;0;0;0;0
03.01.2017 03:52;1023.34;1023.34;1023;1023;2.8;2861.94;1023.02
03.01.2017 03:53;1023;1023.69;1023;1023.69;7;7163.85;1023
03.01.2017 03:54;0;0;0;0;0;0;0
03.01.2017 03:55;1023.5;1023.5;1023.5;1023.5;0.04;43.85;1023.5
03.01.2017 03:56;1023.3;1023.3;1023;1023;1.02;1041.42;1023.01
03.01.2017 03:57;1023;1023;1023;1023;0.1;102.3;1023
03.01.2017 03:58;0;0;0;0;0;0;0
03.01.2017 03:59;1023.5;1023.5;1023.5;1023.5;0.19;191.39;1023.5
03.01.2017 04:00;1023;1023.5;1023;1023.5;1.69;1729.47;1023.35
03.01.2017 04:01;1023;1023.4;1023;1023.22;8.62;8818.04;1023.01
03.01.2017 04:02;1023.01;1023.01;1023;1023;30.71;31411.75;1023
03.01.2017 04:03;1023.33;1023.33;1023.33;1023.33;0.01;13.42;1023.33
03.01.2017 04:04;1023.33;1023.5;1023.33;1023.5;0.96;977.7;1023.34
03.01.2017 04:05;0;0;0;0;0;0;0
03.01.2017 04:06;0;0;0;0;0;0;0
03.01.2017 04:07;0;0;0;0;0;0;0
03.01.2017 04:08;0;0;0;0;0;0;0
03.01.2017 04:09;0;0;0;0;0;0;0
03.01.2017 04:10;1023.32;1023.32;1023.32;1023.32;0.1;102.33;1023.32
03.01.2017 04:11;1023.32;1023.32;1023.32;1023.32;0.2;204.66;1023.32
03.01.2017 04:12;1023.32;1023.32;1023.32;1023.32;0.03;30.7;1023.32
03.01.2017 04:13;1023;1023.32;1023;1023.32;0.12;123.72;1023.31
03.01.2017 04:14;1023.32;1023.33;1023.32;1023.33;0.1;101.31;1023.32
03.01.2017 04:15;0;0;0;0;0;0;0
03.01.2017 04:16;1023.32;1023.33;1023;1023.33;1.35;1376.07;1023.07
03.01.2017 04:17;1023;1023.33;1023;1023.33;0.29;301.82;1023.22
03.01.2017 04:18;0;0;0;0;0;0;0
03.01.2017 04:19;0;0;0;0;0;0;0
03.01.2017 04:20;1023.33;1023.33;1023.33;1023.33;0.65;663.96;1023.33
03.01.2017 04:21;1023;1023.33;1023;1023.33;0.17;171.49;1023.23
03.01.2017 04:22;0;0;0;0;0;0;0
03.01.2017 04:23;1023.33;1023.33;1023.33;1023.33;0.3;306.21;1023.33
03.01.2017 04:24;0;0;0;0;0;0;0
03.01.2017 04:25;0;0;0;0;0;0;0
03.01.2017 04:26;0;0;0;0;0;0;0
03.01.2017 04:27;0;0;0;0;0;0;0
03.01.2017 04:28;0;0;0;0;0;0;0
03.01.2017 04:29;1023.33;1023.33;1023.33;1023.33;0.11;111.54;1023.33
03.01.2017 04:30;1023.32;1023.33;1023.32;1023.33;0.9;921;1023.33
03.01.2017 04:31;1023;1023;1023;1023;0.01;10.23;1023
03.01.2017 04:32;1023.3;1023.3;1023.3;1023.3;0.02;19.97;1023.3
03.01.2017 04:33;1023;1023.33;1023;1023.32;0.12;121.38;1023.27
03.01.2017 04:34;1023.33;1023.33;1023.33;1023.33;7.7;7881.58;1023.33
03.01.2017 04:35;1023.32;1023.32;1023.32;1023.32;0;5.01;1023.32
03.01.2017 04:36;1023;1023.33;1023;1023.33;1.58;1620.53;1023.1
03.01.2017 04:37;1023.33;1023.33;1023.33;1023.33;0.07;75.73;1023.33
03.01.2017 04:38;1023.33;1023.33;1023.33;1023.33;0.53;537.62;1023.33
03.01.2017 04:39;1023.33;1023.33;1023;1023;23.87;24426.16;1023.26
03.01.2017 04:40;1023.33;1023.33;1023.33;1023.33;0.15;157.52;1023.33
03.01.2017 04:41;0;0;0;0;0;0;0
03.01.2017 04:42;0;0;0;0;0;0;0
03.01.2017 04:43;1023.33;1024.13;1023.33;1024.13;0.56;576;1023.61
03.01.2017 04:44;1023.67;1024.36;1023.67;1024.36;3.35;3425.97;1024.09
03.01.2017 04:45;1024.95;1024.96;1024.95;1024.96;0.98;999.42;1024.96
03.01.2017 04:46;1023.67;1023.67;1023.67;1023.67;0.14;145.41;1023.67
03.01.2017 04:47;1023.67;1023.67;1023.67;1023.67;0.11;116.7;1023.67
03.01.2017 04:48;1023.67;1023.67;1023.08;1023.08;0.05;54.24;1023.45
03.01.2017 04:49;1023.66;1023.66;1023;1023;2.04;2089.05;1023.04
03.01.2017 04:50;1023;1023;1023;1023;3.7;3789.4;1023
03.01.2017 04:51;0;0;0;0;0;0;0
03.01.2017 04:52;0;0;0;0;0;0;0
03.01.2017 04:53;1023;1023.61;1023;1023.61;0.16;168.06;1023.17
03.01.2017 04:54;1023;1023;1023;1023;7;7161;1023
03.01.2017 04:55;1023;1023;1023;1023;1.38;1411.74;1023
03.01.2017 04:56;0;0;0;0;0;0;0
03.01.2017 04:57;1023.58;1023.58;1023.58;1023.58;0.01;10.24;1023.58
03.01.2017 04:58;1023.56;1023.57;1023.56;1023.57;0.14;141.66;1023.56
03.01.2017 04:59;0;0;0;0;0;0;0
03.01.2017 05:00;1023.59;1023.59;1023.03;1023.03;0.73;752.27;1023.51
03.01.2017 05:01;0;0;0;0;0;0;0
03.01.2017 05:02;0;0;0;0;0;0;0
03.01.2017 05:03;1023.6;1023.61;1023.03;1023.03;1.34;1370.54;1023.6
03.01.2017 05:04;1023.61;1023.61;1023.61;1023.61;0.2;208.74;1023.61
03.01.2017 05:05;1023.61;1023.61;1023.61;1023.61;0.97;997.64;1023.61
03.01.2017 05:06;1023.61;1023.61;1023.61;1023.61;0.27;279.56;1023.61
03.01.2017 05:07;1023.06;1023.06;1023.03;1023.03;1.42;1448.38;1023.04
03.01.2017 05:08;0;0;0;0;0;0;0
03.01.2017 05:09;1023.5;1023.5;1023.03;1023.03;3.41;3484.18;1023.03
03.01.2017 05:10;1023.5;1023.5;1023.5;1023.5;0.04;37.81;1023.5
03.01.2017 05:11;1023.5;1023.5;1023.5;1023.5;0.12;126.91;1023.5
03.01.2017 05:12;1023.03;1023.03;1023.03;1023.03;4.48;4583.17;1023.03
03.01.2017 05:13;1023.5;1023.5;1023.5;1023.5;0.13;137.15;1023.5
03.01.2017 05:14;1023.03;1023.03;1023;1023;22;22506.34;1023.02
03.01.2017 05:15;1023.5;1023.5;1023;1023;31.13;31842.75;1023.02
03.01.2017 05:16;1023.5;1023.5;1023.5;1023.5;3.66;3744.83;1023.5
03.01.2017 05:17;1023.5;1023.5;1023.5;1023.5;0.88;903.37;1023.5
03.01.2017 05:18;1023.5;1023.5;1023.5;1023.5;1;1022.34;1023.5
03.01.2017 05:19;1023.5;1023.5;1023.5;1023.5;0.02;23.39;1023.5
03.01.2017 05:20;1023.5;1023.5;1023;1023.5;20.32;20789.92;1023.01
03.01.2017 05:21;1023;1023;1023;1023;0.04;45.69;1023
03.01.2017 05:22;1023.5;1023.5;1023;1023;10.7;10946.95;1023.08
03.01.2017 05:23;1023;1023;1023;1023;25;25575;1023
03.01.2017 05:24;1023.28;1023.28;1022.86;1022.86;30;30689.96;1023
03.01.2017 05:25;1023.47;1023.48;1023.45;1023.47;1.99;2034.19;1023.47
03.01.2017 05:26;1022.9;1022.9;1022.89;1022.89;0.3;305.89;1022.9
03.01.2017 05:27;1022.89;1022.89;1022.61;1022.61;25;25571.09;1022.84
03.01.2017 05:28;1023.44;1023.45;1022.33;1022.33;15.2;15540.8;1022.44
03.01.2017 05:29;1023.45;1023.45;1022.33;1023.45;18.26;18666.46;1022.36
03.01.2017 05:30;1023.4;1023.4;1020;1020;15.09;15413.46;1021.3
03.01.2017 05:31;1021.93;1021.93;1021.93;1021.93;0.17;174.17;1021.93
03.01.2017 05:32;1022.03;1022.03;1022.03;1022.03;0.06;62.34;1022.03
03.01.2017 05:33;0;0;0;0;0;0;0
03.01.2017 05:34;1021.56;1021.56;1020.99;1020.99;0.04;40.85;1021.28
03.01.2017 05:35;0;0;0;0;0;0;0
03.01.2017 05:36;1020.94;1020.94;1020.94;1020.94;0.1;102.09;1020.94
03.01.2017 05:37;0;0;0;0;0;0;0
03.01.2017 05:38;1020.94;1020.95;1020.94;1020.95;0.44;450.24;1020.95
03.01.2017 05:39;1020.95;1020.97;1020.95;1020.97;1.93;1970.03;1020.96
03.01.2017 05:40;0;0;0;0;0;0;0
03.01.2017 05:41;1020.97;1020.97;1020.97;1020.97;0.18;186.84;1020.97
03.01.2017 05:42;0;0;0;0;0;0;0
03.01.2017 05:43;0;0;0;0;0;0;0
03.01.2017 05:44;0;0;0;0;0;0;0
03.01.2017 05:45;1020.97;1020.97;1020.97;1020.97;0.11;114.76;1020.97
03.01.2017 05:46;0;0;0;0;0;0;0
03.01.2017 05:47;0;0;0;0;0;0;0
03.01.2017 05:48;0;0;0;0;0;0;0
03.01.2017 05:49;1020.97;1020.97;1020.97;1020.97;0.05;53.09;1020.97
03.01.2017 05:50;1020.97;1020.97;1020.97;1020.97;0.03;32.67;1020.97
03.01.2017 05:51;1020.97;1020.97;1020.97;1020.97;0.21;210.14;1020.97
03.01.2017 05:52;0;0;0;0;0;0;0
03.01.2017 05:53;1020.06;1020.06;1020.06;1020.06;0.31;311.71;1020.06
03.01.2017 05:54;1020.02;1020.02;1020.02;1020.02;1.16;1183.92;1020.02
03.01.2017 05:55;1020.06;1020.06;1020.06;1020.06;0.1;97.93;1020.06
03.01.2017 05:56;0;0;0;0;0;0;0
03.01.2017 05:57;0;0;0;0;0;0;0
03.01.2017 05:58;1020.06;1020.06;1020.06;1020.06;0.22;228.61;1020.06
03.01.2017 05:59;1020.06;1020.06;1020.06;1020.06;0.23;237.67;1020.06
03.01.2017 06:00;1020.06;1020.06;1020.06;1020.06;0.15;152.64;1020.06
03.01.2017 06:01;1020.02;1020.02;1020;1020;0.99;1011.87;1020.01
03.01.2017 06:02;1020.06;1020.06;1020;1020.06;2.9;2958.01;1020.02
03.01.2017 06:03;1020.06;1020.06;1020;1020.06;1.36;1382.72;1020.02
03.01.2017 06:04;0;0;0;0;0;0;0
03.01.2017 06:05;1020;1020;1020;1020;1;1020;1020
03.01.2017 06:06;1020.06;1020.06;1020.06;1020.06;0.08;81.6;1020.06
03.01.2017 06:07;0;0;0;0;0;0;0
03.01.2017 06:08;0;0;0;0;0;0;0
03.01.2017 06:09;1020.06;1020.06;1020.06;1020.06;0.05;51;1020.06
03.01.2017 06:10;1020.06;1020.06;1020.06;1020.06;0.15;154.03;1020.06
03.01.2017 06:11;1020.06;1020.06;1020.06;1020.06;3.38;3446.16;1020.06
03.01.2017 06:12;0;0;0;0;0;0;0
03.01.2017 06:13;0;0;0;0;0;0;0
03.01.2017 06:14;0;0;0;0;0;0;0
03.01.2017 06:15;1020.06;1020.06;1020;1020;1.17;1194.42;1020
03.01.2017 06:16;0;0;0;0;0;0;0
03.01.2017 06:17;0;0;0;0;0;0;0
03.01.2017 06:18;1020.06;1020.06;1020.06;1020.06;0.08;83.64;1020.06
03.01.2017 06:19;0;0;0;0;0;0;0
03.01.2017 06:20;0;0;0;0;0;0;0
03.01.2017 06:21;0;0;0;0;0;0;0
03.01.2017 06:22;1020;1020;1020;1020;0.1;102;1020
03.01.2017 06:23;1020.06;1020.06;1020.06;1020.06;0.09;90.79;1020.06
03.01.2017 06:24;0;0;0;0;0;0;0
03.01.2017 06:25;1020.06;1020.06;1020.06;1020.06;0.02;21.94;1020.06
03.01.2017 06:26;1020.01;1020.06;1020;1020.06;73.55;75019.01;1020
03.01.2017 06:27;1020;1020;1020;1020;0.24;244.8;1020
03.01.2017 06:28;1020;1020;1020;1020;1;1020;1020
03.01.2017 06:29;1020;1020.06;1020;1020.06;1.22;1241.34;1020
03.01.2017 06:30;1020.06;1020.06;1020;1020;0.27;276.06;1020.06
03.01.2017 06:31;1020;1020;1017.84;1017.84;105.63;107733.4;1019.94
03.01.2017 06:32;1017.52;1019.82;1017.52;1019.82;0.08;78.29;1018.6
03.01.2017 06:33;1016.63;1016.63;1009.89;1013.93;17.54;17776.17;1013.23
03.01.2017 06:34;1013.93;1015.14;1013.93;1014.4;3.9;3956.13;1014.38
03.01.2017 06:35;1014.77;1015.14;1012.53;1014.73;4.07;4120.48;1013.41
03.01.2017 06:36;1014.73;1014.73;1014.73;1014.73;0.12;123.32;1014.73
03.01.2017 06:37;1014.75;1014.75;1014.75;1014.75;0.12;117.78;1014.75
03.01.2017 06:38;1014.75;1014.77;1014.75;1014.77;2.16;2195.34;1014.76
03.01.2017 06:39;1014.77;1014.77;1012.74;1014.77;3.12;3162.33;1013.2
03.01.2017 06:40;1012.74;1014.77;1012.06;1014.69;8.55;8665.92;1013.88
03.01.2017 06:41;1014.75;1014.77;1014.75;1014.77;3.58;3636.11;1014.77
03.01.2017 06:42;1014.77;1014.77;1014.77;1014.77;0.31;315.47;1014.77
03.01.2017 06:43;0;0;0;0;0;0;0
03.01.2017 06:44;0;0;0;0;0;0;0
03.01.2017 06:45;1014.77;1014.77;1014.77;1014.77;4.08;4136.2;1014.77
03.01.2017 06:46;1014.77;1014.77;1014.77;1014.77;5.29;5364.75;1014.77
03.01.2017 06:47;1014.77;1014.77;1014.77;1014.77;0.3;308.37;1014.77
03.01.2017 06:48;1014.77;1014.77;1014.77;1014.77;0.03;31.46;1014.77
03.01.2017 06:49;1014.77;1014.77;1014.77;1014.77;0.03;25.37;1014.77
03.01.2017 06:50;1013.76;1014.41;1013.67;1013.67;3.49;3535.58;1013.77
03.01.2017 06:51;1013.67;1015.08;1013.67;1015;21.15;21462.74;1014.64
03.01.2017 06:52;0;0;0;0;0;0;0
03.01.2017 06:53;1015.2;1016.59;1012.75;1016.59;23.01;23328.03;1013.82
03.01.2017 06:54;1016.52;1016.52;1014.54;1016.36;1.54;1561.32;1015.5
03.01.2017 06:55;0;0;0;0;0;0;0
03.01.2017 06:56;1015.97;1015.97;1015.97;1015.97;0.27;275.29;1015.97
03.01.2017 06:57;1015.34;1015.34;1015.33;1015.33;0.77;777.95;1015.33
03.01.2017 06:58;1015.33;1015.33;1015.33;1015.33;0.27;271.32;1015.33
03.01.2017 06:59;1015.33;1015.33;1015.33;1015.33;0.02;17.26;1015.33
03.01.2017 07:00;1012.96;1014.19;1012.74;1014.19;0.22;220.88;1013.23
03.01.2017 07:01;1012.74;1012.74;1012.74;1012.74;0.42;426.15;1012.74
03.01.2017 07:02;1012.74;1012.74;1012.72;1012.72;7.13;7223.94;1012.72
03.01.2017 07:03;1012.72;1014.13;1010.83;1014.13;0.51;520.08;1012.12
03.01.2017 07:04;0;0;0;0;0;0;0
03.01.2017 07:05;1010.83;1010.83;1009.08;1009.08;3.88;3921.35;1009.52
03.01.2017 07:06;1009.08;1009.08;1009.08;1009.08;1.02;1025.53;1009.08
03.01.2017 07:07;0;0;0;0;0;0;0
03.01.2017 07:08;1011.15;1011.49;1011.15;1011.49;5.4;5463.78;1011.42
03.01.2017 07:09;1011.49;1011.49;1011.49;1011.49;15.77;15953.72;1011.49
03.01.2017 07:10;0;0;0;0;0;0;0
03.01.2017 07:11;1011.49;1011.49;1011.49;1011.49;0.15;154.06;1011.49
03.01.2017 07:12;0;0;0;0;0;0;0
03.01.2017 07:13;1011.49;1011.49;1011.49;1011.49;1;1011.49;1011.49
03.01.2017 07:14;1011.49;1013.34;1011.49;1013.34;1.34;1351.85;1011.98
03.01.2017 07:15;1013.29;1013.29;1013.29;1013.29;0.02;19.63;1013.29
03.01.2017 07:16;1010.69;1010.69;1010.68;1010.68;0.79;795.42;1010.68
03.01.2017 07:17;1011.45;1011.45;1011;1011;0.16;165.84;1011.22
03.01.2017 07:18;1011;1012.1;1010.51;1011.53;5.48;5540.68;1010.97
03.01.2017 07:19;1010.51;1010.51;1010.49;1010.49;0.29;292.54;1010.49
03.01.2017 07:20;1010.49;1010.49;1010.43;1010.43;19.75;19956.4;1010.49
03.01.2017 07:21;1010.74;1010.74;1010;1010;1.84;1859.35;1010.39
03.01.2017 07:22;1012.2;1012.2;1012.2;1012.2;0.17;168.03;1012.2
03.01.2017 07:23;1013.24;1013.24;1013.24;1013.24;0.15;147.62;1013.24
03.01.2017 07:24;1012.99;1012.99;1012.99;1012.99;0.07;65.84;1012.99
03.01.2017 07:25;1010.03;1012.92;1010.03;1012.92;0.33;329.29;1010.41
03.01.2017 07:26;0;0;0;0;0;0;0
03.01.2017 07:27;1012.95;1012.98;1010.78;1010.78;1.7;1725.37;1012.96
03.01.2017 07:28;0;0;0;0;0;0;0
03.01.2017 07:29;1012.66;1013;1012.5;1013;15.99;16196.4;1012.74
03.01.2017 07:30;0;0;0;0;0;0;0
03.01.2017 07:31;1012.99;1012.99;1012.99;1012.99;0.2;200;1012.99
03.01.2017 07:32;1013;1013;1013;1013;0.08;80.38;1013
03.01.2017 07:33;1013;1013;1011.88;1011.88;2.68;2718.72;1012.89
03.01.2017 07:34;1013;1013;1013;1013;0.25;255.48;1013
03.01.2017 07:35;1013;1013;1011.93;1011.93;1.01;1023.25;1012.99
03.01.2017 07:36;1013;1013;1013;1013;1.3;1316.9;1013
03.01.2017 07:37;1013;1013;1013;1013;1.34;1358.74;1013
03.01.2017 07:38;0;0;0;0;0;0;0
03.01.2017 07:39;0;0;0;0;0;0;0
03.01.2017 07:40;1011.94;1011.94;1011.94;1011.94;0.02;23.04;1011.94
03.01.2017 07:41;1011.94;1013;1011.94;1012.95;1.14;1154.74;1012.8
03.01.2017 07:42;1012.99;1013;1012.99;1013;2.29;2320.24;1013
03.01.2017 07:43;1013;1013;1012.98;1013;5.22;5287.8;1013
03.01.2017 07:44;0;0;0;0;0;0;0
03.01.2017 07:45;1013;1013;1013;1013;0.05;50.91;1013
03.01.2017 07:46;1012.63;1012.63;1012.63;1012.63;0.4;405.05;1012.63
03.01.2017 07:47;1013;1013;1013;1013;0.15;149.63;1013
03.01.2017 07:48;1013;1013;1013;1013;0.3;303.9;1013
03.01.2017 07:49;0;0;0;0;0;0;0
03.01.2017 07:50;0;0;0;0;0;0;0
03.01.2017 07:51;1012.99;1012.99;1012.58;1012.58;0.24;244.16;1012.6
03.01.2017 07:52;1013;1013;1013;1013;0.31;310.51;1013
03.01.2017 07:53;1013;1013;1013;1013;0.36;359.93;1013
03.01.2017 07:54;1013;1013;1011.98;1013;4.04;4095.58;1012.62
03.01.2017 07:55;1013;1013;1013;1013;20;20260;1013
03.01.2017 07:56;1013.03;1014.24;1013;1013;8.5;8615.4;1013
03.01.2017 07:57;1013.12;1013.12;1011.99;1011.99;19.9;20138.76;1012
03.01.2017 07:58;1014.31;1014.31;1014.31;1014.31;0.42;425.74;1014.31
03.01.2017 07:59;0;0;0;0;0;0;0
03.01.2017 08:00;1014.07;1014.08;1013.95;1013.95;0.6;608.57;1014.03
03.01.2017 08:01;1013.95;1013.95;1012.1;1012.1;0.3;305.25;1012.72
03.01.2017 08:02;1013.79;1013.79;1013.79;1013.79;0.2;202.76;1013.79
03.01.2017 08:03;1013.4;1013.85;1013.4;1013.85;0.52;525.21;1013.5
03.01.2017 08:04;1013.86;1013.89;1013.38;1013.89;0.43;436.32;1013.67
03.01.2017 08:05;1013.32;1013.34;1013.32;1013.34;9.62;9750.68;1013.34
03.01.2017 08:06;1013.34;1013.34;1013.34;1013.34;0.67;674.45;1013.34
03.01.2017 08:07;1013.34;1013.34;1013.32;1013.32;2.33;2359.42;1013.32
03.01.2017 08:08;0;0;0;0;0;0;0
03.01.2017 08:09;0;0;0;0;0;0;0
03.01.2017 08:10;0;0;0;0;0;0;0
03.01.2017 08:11;1012.94;1013.31;1012.06;1013.31;1.8;1822.38;1012.43
03.01.2017 08:12;0;0;0;0;0;0;0
03.01.2017 08:13;0;0;0;0;0;0;0
03.01.2017 08:14;1013.3;1013.3;1013.3;1013.3;0.05;50.51;1013.3
03.01.2017 08:15;1013.27;1013.31;1012.34;1012.39;5.45;5519.23;1013.24
03.01.2017 08:16;1012.83;1012.83;1012.31;1012.31;1.39;1403.28;1012.46
03.01.2017 08:17;1013.28;1013.28;1013.28;1013.28;0.02;19.95;1013.28
03.01.2017 08:18;1012.31;1013.27;1012.31;1013.27;1.28;1291.42;1012.46
03.01.2017 08:19;0;0;0;0;0;0;0
03.01.2017 08:20;0;0;0;0;0;0;0
03.01.2017 08:21;1013.25;1013.25;1013.25;1013.25;0.08;80.81;1013.25
03.01.2017 08:22;1012.32;1013.29;1012.32;1013.29;2;2025.12;1012.56
03.01.2017 08:23;1013.29;1013.29;1013.29;1013.29;0.49;498.8;1013.29
03.01.2017 08:24;1012.35;1012.35;1012.34;1012.34;0.38;379.75;1012.35
03.01.2017 08:25;0;0;0;0;0;0;0
03.01.2017 08:26;1013.28;1013.29;1013.28;1013.29;11.86;12018.83;1013.29
03.01.2017 08:27;1013.29;1014.79;1013.29;1014.79;9.03;9150.05;1013.29
03.01.2017 08:28;1014.88;1014.9;1014.88;1014.9;3.96;4017.97;1014.89
03.01.2017 08:29;1014.9;1015.01;1014.9;1015.01;8.63;8757.71;1014.92
03.01.2017 08:30;1015.56;1016.5;1015.56;1016.5;1.62;1640.82;1015.99
03.01.2017 08:31;1015;1017.05;1015;1015.15;1.31;1331.96;1015.99
03.01.2017 08:32;1014;1016.08;1014;1016.08;1.35;1369.39;1015.87
03.01.2017 08:33;1016.61;1017.52;1016.61;1017.52;1.77;1802.23;1017.06
03.01.2017 08:34;1016.17;1017.13;1016.17;1017.13;9.59;9752.74;1016.45
03.01.2017 08:35;0;0;0;0;0;0;0
03.01.2017 08:36;0;0;0;0;0;0;0
03.01.2017 08:37;1014.52;1015.68;1014.24;1015.68;0.38;385;1014.67
03.01.2017 08:38;1014.3;1017.1;1014.3;1014.64;23.16;23549.97;1016.85
03.01.2017 08:39;1016;1017;1016;1017;1.66;1682.61;1016.07
03.01.2017 08:40;1016.99;1017;1016.99;1017;0.82;834.95;1016.99
03.01.2017 08:41;1016.01;1017.1;1016;1017.1;5.9;5995.23;1016.68
03.01.2017 08:42;1016.98;1017.1;1016.98;1017.1;5.48;5574.94;1017.09
03.01.2017 08:43;0;0;0;0;0;0;0
03.01.2017 08:44;0;0;0;0;0;0;0
03.01.2017 08:45;1016.22;1016.76;1014.8;1016.65;3.03;3079.15;1016
03.01.2017 08:46;1017.03;1017.15;1014.84;1017.13;3.44;3501.74;1016.95
03.01.2017 08:47;1017.15;1018.73;1017.15;1018.22;23.61;24025.3;1017.46
03.01.2017 08:48;1015.33;1015.33;1015.33;1015.33;0.24;240.63;1015.33
03.01.2017 08:49;1016.11;1016.11;1016;1016;2.86;2904.36;1016.01
03.01.2017 08:50;1016;1016;1014.73;1014.73;0.19;193.64;1015.96
03.01.2017 08:51;0;0;0;0;0;0;0
03.01.2017 08:52;1017.44;1018;1016.49;1018;1.16;1182.65;1016.87
03.01.2017 08:53;1017.61;1017.63;1017.61;1017.63;1;1017.62;1017.62
03.01.2017 08:54;1015.04;1015.04;1015.04;1015.04;0.19;188.7;1015.04
03.01.2017 08:55;1016.77;1016.77;1016.77;1016.77;0.18;187.81;1016.77
03.01.2017 08:56;1016.03;1017.27;1016.03;1017.27;2.14;2175.83;1017.22
03.01.2017 08:57;1017.27;1017.27;1016;1017.23;18.94;19262.39;1017.03
03.01.2017 08:58;1017.23;1017.25;1017.23;1017.25;0.18;181.55;1017.25
03.01.2017 08:59;1016.05;1016.05;1016;1016;10;10160.06;1016.01
03.01.2017 09:00;1016;1016;1016;1016;2.18;2219.3;1016
03.01.2017 09:01;1017.18;1017.23;1017.18;1017.23;1.05;1068.06;1017.18
03.01.2017 09:02;1017;1017.23;1017;1017.23;0.4;405.86;1017.18
03.01.2017 09:03;1017.23;1017.27;1017.23;1017.27;2.31;2347.14;1017.25
03.01.2017 09:04;1016.56;1019.15;1016.06;1016.06;7.38;7502.61;1016.9
03.01.2017 09:05;1017.65;1019.09;1016.11;1016.11;0.95;964.85;1018.76
03.01.2017 09:06;1018.87;1018.89;1018.87;1018.89;0.64;647.65;1018.87
03.01.2017 09:07;0;0;0;0;0;0;0
03.01.2017 09:08;1018.89;1019.09;1018.89;1019.09;11.24;11450.52;1018.97
03.01.2017 09:09;1016.35;1016.35;1016.35;1016.35;0.07;71.14;1016.35
03.01.2017 09:10;1017.98;1019.12;1017.98;1019.12;9.28;9448.96;1018.66
03.01.2017 09:11;1017.12;1019.12;1017.12;1019.12;6.36;6481.06;1019.07
03.01.2017 09:12;1019.1;1019.1;1017.37;1017.97;0.25;252.39;1017.91
03.01.2017 09:13;1018.04;1019.08;1017.63;1019.08;0.47;482.54;1018.17
03.01.2017 09:14;1019.08;1019.12;1017.51;1019.11;2.78;2834.16;1019
03.01.2017 09:15;1019.11;1019.12;1018;1018.02;8.28;8426.2;1018.07
03.01.2017 09:16;1018.01;1018.06;1018;1018.06;1.78;1809.35;1018.01
03.01.2017 09:17;1018.06;1018.08;1018.01;1018.01;3.58;3646.34;1018.07
03.01.2017 09:18;1018.08;1018.08;1018.01;1018.08;10.39;10576.21;1018.08
03.01.2017 09:19;1018.01;1018.08;1018.01;1018.01;1.06;1079.16;1018.08
03.01.2017 09:20;1018.01;1018.08;1018.01;1018.02;0.74;751.34;1018.07
03.01.2017 09:21;1018.02;1018.02;1018.01;1018.01;0.2;204.68;1018.02
03.01.2017 09:22;1018.01;1018.01;1018.01;1018.01;1.06;1079.09;1018.01
03.01.2017 09:23;1018.01;1018.01;1018;1018;1.04;1058.72;1018
03.01.2017 09:24;1018.08;1018.08;1018;1018;0.89;907.17;1018.03
03.01.2017 09:25;0;0;0;0;0;0;0
03.01.2017 09:26;1018.94;1019;1018.93;1019;24;24455.35;1018.97
03.01.2017 09:27;1019;1020;1019;1020;1.76;1794.74;1019.94
03.01.2017 09:28;1020;1020.47;1020;1020;0.51;516.38;1020.11
03.01.2017 09:29;1019.29;1020.09;1019.29;1020.09;0.55;557.51;1019.91
03.01.2017 09:30;1020.01;1020.05;1020;1020.05;1.04;1057.45;1020.01
03.01.2017 09:31;1019.1;1019.1;1019.1;1019.1;0.03;29.91;1019.1
03.01.2017 09:32;1019.04;1019.04;1018.02;1018.02;2;2037.1;1018.55
03.01.2017 09:33;1020.05;1020.07;1020.05;1020.05;0.19;198.88;1020.06
03.01.2017 09:34;1020.09;1020.09;1020.09;1020.09;0.03;34.6;1020.09
03.01.2017 09:35;0;0;0;0;0;0;0
03.01.2017 09:36;1020;1020.09;1019.68;1020.09;15.54;15855.42;1020.05
03.01.2017 09:37;1019.58;1020.95;1018.02;1020.86;41.44;42248.65;1019.61
03.01.2017 09:38;1020;1020.53;1020;1020.53;8.14;8298.1;1020
03.01.2017 09:39;1018.22;1018.22;1018.22;1018.22;0.02;20.36;1018.22
03.01.2017 09:40;0;0;0;0;0;0;0
03.01.2017 09:41;1018.35;1018.35;1018.04;1018.04;0.85;869.74;1018.34
03.01.2017 09:42;1018.04;1018.04;1018.04;1018.04;0.17;173.07;1018.04
03.01.2017 09:43;0;0;0;0;0;0;0
03.01.2017 09:44;1018.04;1018.04;1018.04;1018.04;1.11;1131.68;1018.04
03.01.2017 09:45;1018.04;1019.31;1018.04;1019.31;19.95;20335.43;1019.28
03.01.2017 09:46;1019.31;1019.31;1018.04;1018.04;23;23416.21;1018.1
03.01.2017 09:47;1018.04;1018.94;1018.04;1018.94;0.79;802.62;1018.12
03.01.2017 09:48;1018.09;1018.09;1018.06;1018.09;40.77;41507.4;1018.08
03.01.2017 09:49;1018.09;1018.09;1018.04;1018.08;18.75;19087.58;1018.08
03.01.2017 09:50;1018.07;1018.09;1017.97;1017.97;50.41;51314.47;1018.02
03.01.2017 09:51;1017.97;1017.97;1015.15;1015.15;60.13;61131.84;1016.68
03.01.2017 09:52;1015.15;1016.96;1015.15;1015.2;4.84;4914.53;1015.92
03.01.2017 09:53;1016.9;1018.71;1016.5;1016.5;14.01;14251.75;1017.4
03.01.2017 09:54;1016;1018.47;1015.2;1016;9.44;9607.56;1017.29
03.01.2017 09:55;1015.71;1017.71;1015.71;1016.5;3.01;3061.03;1016.95
03.01.2017 09:56;1017.68;1017.68;1016.49;1016.49;2.69;2735.02;1017.02
03.01.2017 09:57;1017.03;1017.14;1016.5;1017.07;4.44;4519.17;1017
03.01.2017 09:58;1017.8;1017.93;1016.5;1016.5;1.61;1637.93;1017.03
03.01.2017 09:59;1017.93;1017.93;1016.5;1016.5;0.55;561.39;1016.52
03.01.2017 10:00;1017.87;1017.87;1016.99;1017.86;0.25;249.37;1017.67
03.01.2017 10:01;0;0;0;0;0;0;0
03.01.2017 10:02;0;0;0;0;0;0;0
03.01.2017 10:03;1016.51;1017.41;1016.49;1017.41;2.06;2099.28;1016.97
03.01.2017 10:04;1016.49;1016.5;1016;1016;18.41;18710;1016.49
03.01.2017 10:05;1015.15;1015.68;1015.15;1015.68;0.09;94.08;1015.62
03.01.2017 10:06;1015.15;1015.29;1015.15;1015.15;3.27;3323.44;1015.23
03.01.2017 10:07;1015.8;1015.83;1015.8;1015.83;20.24;20559.62;1015.83
03.01.2017 10:08;1015.18;1015.83;1015.18;1015.18;0.32;320.07;1015.46
03.01.2017 10:09;1015.83;1015.83;1015.18;1015.18;0.14;145.89;1015.34
03.01.2017 10:10;1015.83;1017;1015.83;1016.56;2.72;2765.4;1016.43
03.01.2017 10:11;1017.06;1017.06;1017.06;1017.06;0.01;11.95;1017.06
03.01.2017 10:12;1018.2;1018.2;1018.19;1018.19;0.02;15.27;1018.19
03.01.2017 10:13;1018.16;1018.28;1016.09;1018.25;4.4;4481.29;1017.87
03.01.2017 10:14;1018.23;1018.25;1018.23;1018.25;2.16;2199.41;1018.24
03.01.2017 10:15;1017.62;1017.62;1017.62;1017.62;0.24;241.38;1017.62
03.01.2017 10:16;1018.25;1018.25;1018.25;1018.25;2;2035.48;1018.25
03.01.2017 10:17;1018.25;1018.28;1018.25;1018.27;6.3;6412.92;1018.26
03.01.2017 10:18;1018.27;1018.28;1017.62;1018.27;2.03;2063.61;1018.11
03.01.2017 10:19;1018.27;1018.28;1018.27;1018.28;12.7;12936.18;1018.28
03.01.2017 10:20;1017.76;1018.72;1017.68;1018.7;15.19;15467.9;1018.36
03.01.2017 10:21;1018.72;1018.72;1017.62;1018.72;1.13;1153.59;1018.43
03.01.2017 10:22;1018.72;1018.72;1018.27;1018.27;2.04;2075.96;1018.68
03.01.2017 10:23;1018.27;1018.72;1018.27;1018.27;0.53;534.62;1018.33
03.01.2017 10:24;1018.72;1018.72;1018.27;1018.27;1.12;1136.73;1018.57
03.01.2017 10:25;1018.27;1018.27;1018.27;1018.27;11.1;11304.94;1018.27
03.01.2017 10:26;1017.66;1017.66;1017.63;1017.63;2;2030.57;1017.64
03.01.2017 10:27;0;0;0;0;0;0;0
03.01.2017 10:28;0;0;0;0;0;0;0
03.01.2017 10:29;1017.63;1018.19;1017.63;1018.19;7.74;7873.14;1017.63
03.01.2017 10:30;1018.19;1018.27;1017.63;1018.27;8.15;8301.25;1017.93
03.01.2017 10:31;1018.2;1018.26;1018.2;1018.26;0.15;148.33;1018.22
03.01.2017 10:32;1017.66;1017.66;1017.63;1017.63;3.35;3414.05;1017.64
03.01.2017 10:33;1017.63;1018.16;1017.63;1018.16;0.73;743.37;1018.13
03.01.2017 10:34;1017.64;1017.64;1017.64;1017.64;0.08;85.32;1017.64
03.01.2017 10:35;0;0;0;0;0;0;0
03.01.2017 10:36;1018.15;1018.15;1018.15;1018.15;7.11;7240.69;1018.15
03.01.2017 10:37;1018.15;1018.15;1018;1018;1.42;1445.55;1018.05
03.01.2017 10:38;1018;1018.15;1018;1018.15;3.02;3077.45;1018.01
03.01.2017 10:39;1018.15;1018.15;1018;1018.15;7.35;7486.37;1018.15
03.01.2017 10:40;1018.15;1018.15;1018.15;1018.15;8.67;8828.38;1018.15
03.01.2017 10:41;1018.15;1018.63;1017.67;1018.63;1.65;1681.74;1018.47
03.01.2017 10:42;1018.63;1018.63;1018.15;1018.63;11.29;11494.64;1018.22
03.01.2017 10:43;1018.63;1018.63;1018.62;1018.63;3.78;3845.33;1018.63
03.01.2017 10:44;1018.63;1018.63;1018.63;1018.63;0.48;485.89;1018.63
03.01.2017 10:45;1018.63;1018.63;1018.15;1018.63;16.9;17211.18;1018.58
03.01.2017 10:46;1018.63;1018.63;1018.63;1018.63;1.44;1469.88;1018.63
03.01.2017 10:47;1018.63;1018.63;1018.15;1018.63;2.97;3020.21;1018.51
03.01.2017 10:48;1018.63;1018.63;1018.63;1018.63;2.48;2528.19;1018.63
03.01.2017 10:49;1018.63;1018.72;1018.63;1018.72;6.44;6560.01;1018.64
03.01.2017 10:50;1018.72;1018.72;1018.15;1018.71;0.98;999.63;1018.45
03.01.2017 10:51;1018.71;1020;1018.71;1020;53.5;54530.16;1019.17
03.01.2017 10:52;1020;1021.88;1020;1020.12;8.61;8792.69;1020.63
03.01.2017 10:53;1020.13;1022.51;1020;1022.49;4.57;4670.87;1021.4
03.01.2017 10:54;0;0;0;0;0;0;0
03.01.2017 10:55;1022.28;1022.28;1020.35;1020.35;1.76;1795.99;1021.25
03.01.2017 10:56;1022.25;1022.3;1022;1022.3;7.97;8151.48;1022.25
03.01.2017 10:57;1021.9;1021.9;1021.9;1021.9;0.84;854.73;1021.9
03.01.2017 10:58;1020.39;1020.39;1020.24;1020.24;21.38;21809.21;1020.25
03.01.2017 10:59;0;0;0;0;0;0;0
03.01.2017 11:00;1020.28;1020.28;1020;1020.28;10.59;10807.23;1020.15
03.01.2017 11:01;1020.28;1020.28;1020.28;1020.28;0.32;321.39;1020.28
03.01.2017 11:02;1020.28;1021.63;1020.28;1021.6;0.89;908.57;1020.86
03.01.2017 11:03;1021.49;1021.88;1021.49;1021.83;0.46;473.38;1021.76
03.01.2017 11:04;1021.79;1021.98;1020;1021.95;2.62;2670.66;1021.29
03.01.2017 11:05;1021.82;1021.84;1021.82;1021.84;5.28;5391.22;1021.84
03.01.2017 11:06;1021.84;1021.84;1020.73;1021.84;14.3;14608.49;1021.72
03.01.2017 11:07;1021.84;1022;1021.84;1021.99;22.93;23429.74;1021.97
03.01.2017 11:08;1021.99;1022;1020.42;1021.99;10.78;11020.63;1021.86
03.01.2017 11:09;1021.99;1022;1021.99;1022;4.75;4852.29;1022
03.01.2017 11:10;1022;1022;1022;1022;8.25;8433.16;1022
03.01.2017 11:11;1022;1022;1022;1022;11.27;11522.03;1022
03.01.2017 11:12;1022;1022;1022;1022;10.85;11087.68;1022
03.01.2017 11:13;1022;1022.54;1022;1022.54;23.42;23940.16;1022.29
03.01.2017 11:14;1022.88;1023.87;1022.88;1023;28.46;29128.61;1023.5
03.01.2017 11:15;1023.81;1023.84;1023.8;1023.84;15.67;16044.71;1023.83
03.01.2017 11:16;1023.84;1023.87;1023.84;1023.87;7.7;7887.22;1023.84
03.01.2017 11:17;1023.87;1023.87;1023.87;1023.87;0.38;387.57;1023.87
03.01.2017 11:18;1023.03;1023.03;1023;1023;5.44;5569.05;1023.01
03.01.2017 11:19;1023;1023;1023;1023;0.35;358.05;1023
03.01.2017 11:20;0;0;0;0;0;0;0
03.01.2017 11:21;1023.2;1023.2;1023.18;1023.18;0.29;300.81;1023.19
03.01.2017 11:22;0;0;0;0;0;0;0
03.01.2017 11:23;1023;1023.16;1023;1023.16;2.77;2836.14;1023.02
03.01.2017 11:24;1023.16;1023.16;1023;1023;6.59;6741.23;1023.01
03.01.2017 11:25;1023.16;1023.71;1022.84;1022.84;5.73;5860.32;1023.34
03.01.2017 11:26;1024;1024;1022.86;1022.86;0.29;300.31;1023.32
03.01.2017 11:27;1023.9;1023.9;1023.9;1023.9;0.25;256.21;1023.9
03.01.2017 11:28;1023.9;1023.9;1022.84;1022.84;0.7;712.53;1023.28
03.01.2017 11:29;1022.84;1022.84;1022.84;1022.84;0.78;801.13;1022.84
03.01.2017 11:30;1022.84;1022.84;1022.84;1022.84;0.13;135.77;1022.84
03.01.2017 11:31;0;0;0;0;0;0;0
03.01.2017 11:32;1023.92;1023.92;1022.84;1022.84;14.77;15104.51;1022.84
03.01.2017 11:33;1023.9;1023.9;1022.84;1022.84;0.7;718.79;1023.88
03.01.2017 11:34;0;0;0;0;0;0;0
03.01.2017 11:35;1023.92;1023.92;1022.84;1022.84;6.23;6374;1023.06
03.01.2017 11:36;1023.55;1023.61;1023.55;1023.61;0.49;506.47;1023.58
03.01.2017 11:37;1023;1023;1023;1023;0.06;64.14;1023
03.01.2017 11:38;1023;1023.63;1023;1023.63;0.54;548.74;1023.59
03.01.2017 11:39;1023;1023.63;1023;1023.63;0.08;85.7;1023.31
03.01.2017 11:40;1023.63;1023.63;1022.87;1022.87;0.24;242.69;1023
03.01.2017 11:41;1022.86;1022.87;1022.84;1022.84;6.08;6221.45;1022.84
03.01.2017 11:42;1022.84;1022.84;1022.84;1022.84;0.03;30.69;1022.84
03.01.2017 11:43;1022.87;1022.87;1022.87;1022.87;0.06;62.17;1022.87
03.01.2017 11:44;1022.87;1023.6;1022.87;1023.6;0.07;70.89;1023.16
03.01.2017 11:45;1022.84;1023.58;1022.84;1022.85;11.5;11759.92;1022.85
03.01.2017 11:46;1022.85;1022.85;1022.84;1022.84;4;4091.36;1022.84
03.01.2017 11:47;1022.84;1023.6;1022.84;1023.52;7.82;8006.61;1023.43
03.01.2017 11:48;0;0;0;0;0;0;0
03.01.2017 11:49;0;0;0;0;0;0;0
03.01.2017 11:50;0;0;0;0;0;0;0
03.01.2017 11:51;0;0;0;0;0;0;0
03.01.2017 11:52;1023;1023;1023;1023;1.87;1917.04;1023
03.01.2017 11:53;1022.87;1023;1022.87;1022.87;0.34;352.37;1022.98
03.01.2017 11:54;1023.52;1023.52;1023.52;1023.52;1.07;1091.27;1023.52
03.01.2017 11:55;1022.89;1022.89;1022.89;1022.89;0.05;51.14;1022.89
03.01.2017 11:56;0;0;0;0;0;0;0
03.01.2017 11:57;0;0;0;0;0;0;0
03.01.2017 11:58;1023.52;1023.52;1022.9;1022.9;0.18;182.61;1023.35
03.01.2017 11:59;1023.52;1023.52;1022.87;1023.5;4.2;4293.03;1023.19
03.01.2017 12:00;1023.49;1023.49;1023.49;1023.49;0.17;173.99;1023.49
03.01.2017 12:01;1022.87;1022.87;1022.87;1022.87;9.05;9256.5;1022.87
03.01.2017 12:02;0;0;0;0;0;0;0
03.01.2017 12:03;0;0;0;0;0;0;0
03.01.2017 12:04;0;0;0;0;0;0;0
03.01.2017 12:05;1023.49;1023.49;1023.47;1023.47;1.05;1069.56;1023.49
03.01.2017 12:06;1023.44;1023.44;1022.88;1022.88;0.59;605.83;1023.25
03.01.2017 12:07;1022.87;1022.87;1022.87;1022.87;0.7;716.01;1022.87
03.01.2017 12:08;1022.87;1022.87;1022.87;1022.87;0.23;239.95;1022.87
03.01.2017 12:09;1022.87;1022.88;1022.87;1022.88;0.29;297.54;1022.87
03.01.2017 12:10;1022.88;1022.88;1022.88;1022.88;0.01;7.98;1022.88
03.01.2017 12:11;1022.88;1022.88;1022.85;1022.88;19.27;19714.01;1022.87
03.01.2017 12:12;0;0;0;0;0;0;0
03.01.2017 12:13;1022.88;1022.99;1022.88;1022.99;3.97;4057.05;1022.94
03.01.2017 12:14;1022.99;1022.99;1022.99;1022.99;2.22;2271.04;1022.99
03.01.2017 12:15;1022.99;1022.99;1022.99;1022.99;4.09;4180.7;1022.99
03.01.2017 12:16;1022.99;1022.99;1022.99;1022.99;0.38;387.42;1022.99
03.01.2017 12:17;1022.99;1022.99;1022.99;1022.99;0.2;202.71;1022.99
03.01.2017 12:18;1022.61;1022.61;1022.61;1022.61;0.13;131.87;1022.61
03.01.2017 12:19;1022.75;1022.75;1022.61;1022.61;24.96;25523.76;1022.67
03.01.2017 12:20;1022.61;1022.99;1022.61;1022.99;12.5;12791.12;1022.93
03.01.2017 12:21;1022.61;1022.61;1022.61;1022.61;0.01;5.11;1022.61
03.01.2017 12:22;1022.99;1022.99;1022.61;1022.61;2.72;2785.01;1022.61
03.01.2017 12:23;1022.99;1022.99;1022.61;1022.61;2.88;2944.05;1022.73
03.01.2017 12:24;1022.6;1022.6;1022.6;1022.6;2.9;2965.54;1022.6
03.01.2017 12:25;1022.61;1022.61;1022.6;1022.6;4.95;5059.59;1022.61
03.01.2017 12:26;1022.6;1022.6;1022.6;1022.6;0.78;799.09;1022.6
03.01.2017 12:27;1022.61;1022.61;1022.61;1022.61;0.01;11.99;1022.61
03.01.2017 12:28;1022.61;1022.61;1022.61;1022.61;0.21;214.75;1022.61
03.01.2017 12:29;1022.61;1022.61;1022.61;1022.61;7.33;7495.75;1022.61
03.01.2017 12:30;1022.61;1022.98;1022.61;1022.98;22.15;22654.98;1022.85
03.01.2017 12:31;1022.99;1023.6;1022.98;1023.6;7.53;7703.95;1023.42
03.01.2017 12:32;1023.6;1023.61;1023.1;1023.52;19.01;19458.65;1023.51
03.01.2017 12:33;1023.52;1023.52;1023.52;1023.52;6.32;6467.62;1023.52
03.01.2017 12:34;1023.52;1023.84;1023.11;1023.84;42.44;43446.51;1023.63
03.01.2017 12:35;1023.84;1023.84;1023.84;1023.84;0.71;731.02;1023.84
03.01.2017 12:36;1023.84;1023.84;1023.83;1023.84;40.68;41646.55;1023.84
03.01.2017 12:37;1023.84;1023.87;1023.83;1023.87;19.85;20326.48;1023.86
03.01.2017 12:38;1023.87;1025.28;1023.87;1025.28;202.44;207427.37;1024.63
03.01.2017 12:39;1025.02;1025.28;1025.02;1025.27;0.86;883.64;1025.08
03.01.2017 12:40;1025.27;1025.28;1025.27;1025.28;0.68;693.84;1025.28
03.01.2017 12:41;0;0;0;0;0;0;0
03.01.2017 12:42;1025.28;1025.4;1025.28;1025.4;0.01;15.01;1025.35
03.01.2017 12:43;1025.4;1025.55;1022.84;1022.84;12.06;12343.26;1023.85
03.01.2017 12:44;1023.78;1023.78;1022.84;1022.84;0.1;103.71;1023.32
03.01.2017 12:45;1023.74;1025.46;1022.86;1024.96;16.63;17035.83;1024.47
03.01.2017 12:46;1023.25;1023.25;1023.25;1023.25;0.81;827.65;1023.25
03.01.2017 12:47;1025.48;1025.48;1025.48;1025.48;0.2;205.83;1025.48
03.01.2017 12:48;1025;1025;1025;1025;0.03;30.55;1025
03.01.2017 12:49;0;0;0;0;0;0;0
03.01.2017 12:50;1024.41;1024.41;1023.96;1023.96;0.6;614.42;1024.04
03.01.2017 12:51;1024.65;1024.65;1024.65;1024.65;0.03;29.93;1024.65
03.01.2017 12:52;1024.65;1025;1024.1;1024.1;7.08;7253.73;1024.62
03.01.2017 12:53;1024.52;1025.16;1024;1024;0.6;610.92;1025.04
03.01.2017 12:54;1024;1024.5;1024;1024.5;1.05;1073.25;1024.36
03.01.2017 12:55;1024.5;1026.5;1024.5;1024.93;20.07;20575.49;1025.43
03.01.2017 12:56;1023.46;1024.89;1023.21;1023.39;1.65;1690.37;1023.8
03.01.2017 12:57;1023.98;1023.98;1023.75;1023.75;3.88;3974.7;1023.77
03.01.2017 12:58;0;0;0;0;0;0;0
03.01.2017 12:59;1023.72;1023.75;1023.72;1023.75;2.86;2932.52;1023.74
03.01.2017 13:00;0;0;0;0;0;0;0
03.01.2017 13:01;0;0;0;0;0;0;0
03.01.2017 13:02;1023.2;1023.2;1022.86;1022.86;0.81;827.87;1022.87
03.01.2017 13:03;1022.86;1022.86;1022.84;1022.84;16.59;16968.32;1022.84
03.01.2017 13:04;1023.69;1023.7;1023.69;1023.7;0.78;798;1023.7
03.01.2017 13:05;1022.85;1022.85;1022.84;1022.84;0.2;204.57;1022.85
03.01.2017 13:06;1023.67;1023.67;1022.87;1023.67;0.56;574.86;1022.98
03.01.2017 13:07;1023.67;1023.68;1023.67;1023.68;0.2;209.36;1023.67
03.01.2017 13:08;1022.87;1023.34;1022.85;1023.34;2.92;2988.01;1022.86
03.01.2017 13:09;0;0;0;0;0;0;0
03.01.2017 13:10;1023.63;1023.63;1023.63;1023.63;0.03;34.56;1023.63
03.01.2017 13:11;0;0;0;0;0;0;0
03.01.2017 13:12;1022.85;1023.54;1022.85;1023.54;2.64;2704.51;1022.88
03.01.2017 13:13;0;0;0;0;0;0;0
03.01.2017 13:14;1023.63;1023.66;1023.63;1023.66;2;2047.28;1023.64
03.01.2017 13:15;1022.88;1022.88;1022.88;1022.88;0.04;35.8;1022.88
03.01.2017 13:16;1022.91;1022.91;1022.91;1022.91;0.28;286.62;1022.91
03.01.2017 13:17;1022.9;1023;1022.88;1022.88;3.25;3319.7;1022.89
03.01.2017 13:18;1022.88;1022.88;1022.88;1022.88;2;2045.76;1022.88
03.01.2017 13:19;1022.88;1022.88;1021.9;1021.9;42.12;43062.6;1022.39
03.01.2017 13:20;1021.9;1021.9;1021.9;1021.9;4.51;4609.1;1021.9
03.01.2017 13:21;1021.9;1021.9;1021.9;1021.9;2.93;2993.08;1021.9
03.01.2017 13:22;1021.9;1021.9;1021.9;1021.9;16.11;16462.17;1021.9
03.01.2017 13:23;1021.9;1021.9;1021.61;1021.61;11;11239.39;1021.76
03.01.2017 13:24;1021.9;1021.9;1021.9;1021.9;0.04;40.88;1021.9
03.01.2017 13:25;1021.61;1021.8;1021.61;1021.8;2.01;2050.67;1021.61
03.01.2017 13:26;1021.8;1021.8;1021.57;1021.57;36.4;37181.91;1021.61
03.01.2017 13:27;1020.23;1020.23;1020.13;1020.23;16.03;16356.41;1020.15
03.01.2017 13:28;1020.13;1020.13;1020.13;1020.13;0.32;329.43;1020.13
03.01.2017 13:29;1020.13;1020.72;1020.13;1020.14;2;2044.15;1020.41
03.01.2017 13:30;1020.14;1020.81;1020.13;1020.81;13.15;13414.82;1020.5
03.01.2017 13:31;1020.81;1022.61;1020.81;1022.61;40.44;41325.58;1021.86
03.01.2017 13:32;1021.29;1021.29;1021.29;1021.29;0.26;264.51;1021.29
03.01.2017 13:33;1021.29;1021.29;1021.29;1021.29;1.67;1709.39;1021.29
03.01.2017 13:34;1021.01;1021.01;1021.01;1021.01;0.02;17.34;1021.01
03.01.2017 13:35;0;0;0;0;0;0;0
03.01.2017 13:36;1021.1;1021.1;1021.1;1021.1;0.01;10.15;1021.1
03.01.2017 13:37;1022.61;1022.61;1022.61;1022.61;0.33;335.16;1022.61
03.01.2017 13:38;0;0;0;0;0;0;0
03.01.2017 13:39;1022.6;1022.6;1021.06;1021.06;0.54;548.88;1021.21
03.01.2017 13:40;1021.06;1022.1;1021;1022.1;20.64;21075.6;1021.04
03.01.2017 13:41;1021;1021;1020.9;1020.9;3.44;3514.37;1020.97
03.01.2017 13:42;1020.9;1020.9;1020.9;1020.9;8.32;8492.98;1020.9
03.01.2017 13:43;1021.58;1021.63;1020.9;1020.9;11.31;11552.07;1021
03.01.2017 13:44;1020.93;1020.93;1020.93;1020.93;0.05;51.05;1020.93
03.01.2017 13:45;1020.97;1020.97;1020.93;1020.93;20.35;20771.45;1020.93
03.01.2017 13:46;1020.9;1020.9;1020.9;1020.9;1.02;1043.66;1020.9
03.01.2017 13:47;0;0;0;0;0;0;0
03.01.2017 13:48;0;0;0;0;0;0;0
03.01.2017 13:49;1020.91;1020.99;1020.91;1020.99;23.12;23599.66;1020.96
03.01.2017 13:50;1020.99;1020.99;1020.99;1020.99;3.27;3337.62;1020.99
03.01.2017 13:51;1020.9;1020.99;1020.16;1020.99;13.92;14207.01;1020.9
03.01.2017 13:52;0;0;0;0;0;0;0
03.01.2017 13:53;1020.29;1020.68;1020.13;1020.13;5.32;5431.91;1020.19
03.01.2017 13:54;1020.13;1020.39;1020.13;1020.39;1.14;1163.77;1020.16
03.01.2017 13:55;1020.39;1020.39;1020.13;1020.13;35.64;36364.29;1020.24
03.01.2017 13:56;1019.99;1019.99;1019.99;1019.99;0.82;836.62;1019.99
03.01.2017 13:57;1020.39;1020.39;1020;1020;0.04;41.14;1020.11
03.01.2017 13:58;1019.99;1019.99;1019.97;1019.99;16.39;16720.48;1019.97
03.01.2017 13:59;1019.98;1019.98;1019.98;1019.98;0.11;112.8;1019.98
03.01.2017 14:00;0;0;0;0;0;0;0
03.01.2017 14:01;1019.98;1020;1017.63;1018;26.64;27129.64;1018.49
03.01.2017 14:02;1017.64;1019.82;1017.63;1019.68;13.82;14059.99;1017.72
03.01.2017 14:03;1018.01;1018.01;1018;1018;0.82;839.7;1018
03.01.2017 14:04;0;0;0;0;0;0;0
03.01.2017 14:05;1018.85;1018.88;1018.85;1018.88;1.24;1266.83;1018.87
03.01.2017 14:06;0;0;0;0;0;0;0
03.01.2017 14:07;1018.11;1018.88;1018.11;1018.88;0.25;250.41;1018.72
03.01.2017 14:08;1018.05;1018.62;1018.02;1018.62;2.56;2608.5;1018.03
03.01.2017 14:09;1018.02;1018.86;1018.02;1018.86;1.94;1972.06;1018.04
03.01.2017 14:10;0;0;0;0;0;0;0
03.01.2017 14:11;1018.51;1018.51;1018.02;1018.02;4.02;4095;1018.02
03.01.2017 14:12;1018.02;1018.02;1018.02;1018.02;2.02;2055.02;1018.02
03.01.2017 14:13;1018.02;1018.86;1018.02;1018.02;3.15;3207.28;1018.04
03.01.2017 14:14;1018.82;1018.82;1018.82;1018.82;0.02;20.29;1018.82
03.01.2017 14:15;1018.82;1018.88;1018.82;1018.88;0.1;102.09;1018.87
03.01.2017 14:16;0;0;0;0;0;0;0
03.01.2017 14:17;1018.01;1018.01;1018;1018;1.66;1688.46;1018
03.01.2017 14:18;1018;1018;1018;1018;2.19;2230.23;1018
03.01.2017 14:19;1017.9;1018;1017.9;1018;3;3053.9;1017.97
03.01.2017 14:20;0;0;0;0;0;0;0
03.01.2017 14:21;1018;1018;1017.9;1017.9;0.3;301.41;1017.96
03.01.2017 14:22;0;0;0;0;0;0;0
03.01.2017 14:23;0;0;0;0;0;0;0
03.01.2017 14:24;1018;1018;1018;1018;5;5090;1018
03.01.2017 14:25;1018;1018;1018;1018;1.2;1221.6;1018
03.01.2017 14:26;1018;1018;1017.15;1017.15;47.31;48133.42;1017.31
03.01.2017 14:27;0;0;0;0;0;0;0
03.01.2017 14:28;0;0;0;0;0;0;0
03.01.2017 14:29;0;0;0;0;0;0;0
03.01.2017 14:30;0;0;0;0;0;0;0
03.01.2017 14:31;1017.19;1017.19;1017.15;1017.15;10.37;10552.14;1017.15
03.01.2017 14:32;0;0;0;0;0;0;0
03.01.2017 14:33;1017.49;1017.49;1017.49;1017.49;0.01;10.84;1017.49
03.01.2017 14:34;1017.15;1017.98;1015.9;1017.98;2.72;2767.89;1017.03
03.01.2017 14:35;1015.91;1015.94;1015.91;1015.94;0.3;302.86;1015.92
03.01.2017 14:36;1016.45;1016.45;1015.23;1015.23;0.13;133.04;1016.11
03.01.2017 14:37;1016.45;1016.45;1016.45;1016.45;0.01;9.22;1016.45
03.01.2017 14:38;1017.96;1017.98;1017.39;1017.98;9.1;9260.41;1017.98
03.01.2017 14:39;1017.98;1017.98;1017.98;1017.98;11.26;11466.3;1017.98
03.01.2017 14:40;1017.99;1018.8;1017.99;1018.8;1.16;1178.97;1018.74
03.01.2017 14:41;1018.91;1018.95;1018.91;1018.95;0.05;49.8;1018.93
03.01.2017 14:42;1018.95;1019.02;1018.95;1018.95;10.4;10597.09;1019.02
03.01.2017 14:43;1019.02;1019.02;1019.02;1019.02;2.69;2744.95;1019.02
03.01.2017 14:44;0;0;0;0;0;0;0
03.01.2017 14:45;1019.02;1019.02;1019.02;1019.02;0.84;858.01;1019.02
03.01.2017 14:46;0;0;0;0;0;0;0
03.01.2017 14:47;1019.02;1019.02;1019.02;1019.02;1.85;1880.54;1019.02
03.01.2017 14:48;0;0;0;0;0;0;0
03.01.2017 14:49;1019.02;1019.02;1019.02;1019.02;2.49;2534.99;1019.02
03.01.2017 14:50;1019.02;1019.02;1019;1019.02;0.75;766.72;1019.02
03.01.2017 14:51;0;0;0;0;0;0;0
03.01.2017 14:52;1019;1019;1018.2;1018.2;0.1;105.29;1018.94
03.01.2017 14:53;1019.01;1019.01;1019.01;1019.01;0.15;152.01;1019.01
03.01.2017 14:54;0;0;0;0;0;0;0
03.01.2017 14:55;0;0;0;0;0;0;0
03.01.2017 14:56;0;0;0;0;0;0;0
03.01.2017 14:57;1019.01;1019.01;1018.21;1019.01;1.26;1283.95;1018.95
03.01.2017 14:58;1019;1019;1017.96;1017.96;1.75;1779.48;1018.09
03.01.2017 14:59;1017.96;1018.46;1017.96;1017.96;3.1;3152.61;1017.97
03.01.2017 15:00;0;0;0;0;0;0;0
03.01.2017 15:01;0;0;0;0;0;0;0
03.01.2017 15:02;0;0;0;0;0;0;0
03.01.2017 15:03;1018.17;1018.17;1018.17;1018.17;0.58;591.01;1018.17
03.01.2017 15:04;1017.96;1018.16;1017.96;1018.16;0.99;1010.24;1017.99
03.01.2017 15:05;1017.96;1017.96;1017.96;1017.96;1;1017.96;1017.96
03.01.2017 15:06;1018;1018.11;1017.96;1018.11;1.83;1863.77;1018
03.01.2017 15:07;1018.11;1018.11;1018.11;1018.11;0.01;11.81;1018.11
03.01.2017 15:08;1018.11;1018.11;1017.96;1017.96;0.19;190.05;1018.03
03.01.2017 15:09;0;0;0;0;0;0;0
03.01.2017 15:10;1017.96;1017.96;1016.36;1016.36;4.2;4271.04;1016.91
03.01.2017 15:11;0;0;0;0;0;0;0
03.01.2017 15:12;1018.07;1018.09;1015.59;1015.68;11.87;12061.39;1015.85
03.01.2017 15:13;1016.07;1018.07;1015.24;1018.07;3.56;3612.26;1015.94
03.01.2017 15:14;1017.92;1018.16;1017.84;1018.16;5.11;5200.11;1018.11
03.01.2017 15:15;1018.16;1018.16;1018.16;1018.16;1.9;1934.39;1018.16
03.01.2017 15:16;0;0;0;0;0;0;0
03.01.2017 15:17;1017.19;1017.19;1017.16;1017.16;1.9;1932.62;1017.17
03.01.2017 15:18;1017.19;1018.03;1017.19;1018.03;0.33;337.79;1017.93
03.01.2017 15:19;0;0;0;0;0;0;0
03.01.2017 15:20;1017.77;1017.77;1017.77;1017.77;0.06;57.99;1017.77
03.01.2017 15:21;1017.73;1017.73;1017.38;1017.38;0.04;44.86;1017.58
03.01.2017 15:22;1018.03;1018.03;1018.03;1018.03;0.09;90.71;1018.03
03.01.2017 15:23;1018.06;1018.06;1018.03;1018.03;0.4;406.08;1018.04
03.01.2017 15:24;1018.11;1018.11;1018.11;1018.11;0.46;469.77;1018.11
03.01.2017 15:25;1017.87;1017.87;1017.87;1017.87;2.45;2493.99;1017.87
03.01.2017 15:26;1017.67;1017.67;1017.64;1017.64;2.65;2691.76;1017.65
03.01.2017 15:27;1017.62;1017.62;1017.28;1017.28;2.05;2087.78;1017.61
03.01.2017 15:28;1017.58;1017.58;1017.34;1017.39;0.73;746.16;1017.39
03.01.2017 15:29;1017.57;1017.97;1017.57;1017.97;7.18;7312.55;1017.9
03.01.2017 15:30;1017.97;1018.5;1017.61;1018.5;16.77;17070.72;1017.99
03.01.2017 15:31;1017.86;1018.49;1017.86;1018.49;2.25;2292.06;1017.93
03.01.2017 15:32;1018.5;1018.5;1018.11;1018.11;0.13;137.26;1018.44
03.01.2017 15:33;0;0;0;0;0;0;0
03.01.2017 15:34;1018.5;1018.5;1018.4;1018.5;0.69;699.51;1018.48
03.01.2017 15:35;1017.24;1017.26;1017.23;1017.26;3.15;3206.1;1017.24
03.01.2017 15:36;1018.76;1018.76;1018.76;1018.76;1.3;1323.82;1018.76
03.01.2017 15:37;1018.89;1018.89;1018.89;1018.89;0.07;75.99;1018.89
03.01.2017 15:38;1018.94;1018.97;1018.39;1018.97;11.44;11655.75;1018.92
03.01.2017 15:39;1018.97;1020;1018.97;1020;13.85;14117.7;1019.06
03.01.2017 15:40;1020;1020;1020;1020;2.41;2459.59;1020
03.01.2017 15:41;1020.39;1024.6;1020.39;1020.69;63.75;65164.55;1022.18
03.01.2017 15:42;1023.9;1023.9;1020.69;1020.69;15.07;15386.28;1020.77
03.01.2017 15:43;0;0;0;0;0;0;0
03.01.2017 15:44;1020.57;1020.99;1020.51;1020.99;5.12;5228.71;1020.9
03.01.2017 15:45;1019.89;1020.5;1019.89;1020.5;6.17;6295.87;1020.43
03.01.2017 15:46;1020.5;1020.5;1020.5;1020.5;0.15;153.11;1020.5
03.01.2017 15:47;1020.5;1020.5;1020.5;1020.5;0.25;256.85;1020.5
03.01.2017 15:48;0;0;0;0;0;0;0
03.01.2017 15:49;1020.5;1020.5;1020.5;1020.5;0.06;57.92;1020.5
03.01.2017 15:50;1020.25;1020.25;1020.25;1020.25;0.56;566.91;1020.25
03.01.2017 15:51;0;0;0;0;0;0;0
03.01.2017 15:52;1020.5;1020.5;1020.49;1020.49;7.19;7338.04;1020.49
03.01.2017 15:53;1020.5;1020.5;1020.5;1020.5;0.12;124.69;1020.5
03.01.2017 15:54;1020.5;1020.5;1020.5;1020.5;0.25;255.36;1020.5
03.01.2017 15:55;1020.5;1020.5;1020.5;1020.5;0.08;85.72;1020.5
03.01.2017 15:56;1020.47;1020.47;1020;1020;2.09;2131.18;1020.12
03.01.2017 15:57;1020.14;1020.14;1020;1020;0.31;317.71;1020.02
03.01.2017 15:58;0;0;0;0;0;0;0
03.01.2017 15:59;0;0;0;0;0;0;0
03.01.2017 16:00;1019.54;1019.54;1019.51;1019.51;2.28;2322.07;1019.53
03.01.2017 16:01;1019.8;1019.8;1019.51;1019.51;3;3059.11;1019.7
03.01.2017 16:02;0;0;0;0;0;0;0
03.01.2017 16:03;1020;1020;1020;1020;0.17;173.36;1020
03.01.2017 16:04;1019.51;1020;1019.5;1020;7.99;8150.37;1019.71
03.01.2017 16:05;1019.95;1019.95;1019.95;1019.95;1.45;1478.41;1019.95
03.01.2017 16:06;1019.5;1019.51;1019.39;1019.39;2.48;2528.87;1019.5
03.01.2017 16:07;1018.55;1018.55;1018.54;1018.54;3.02;3079.56;1018.54
03.01.2017 16:08;1019.33;1019.38;1018.66;1019.38;3.2;3258.2;1019.3
03.01.2017 16:09;0;0;0;0;0;0;0
03.01.2017 16:10;1019.08;1019.58;1019.08;1019.2;6.56;6688.51;1019.45
03.01.2017 16:11;1019.59;1019.59;1019.59;1019.59;9.39;9577.74;1019.59
03.01.2017 16:12;1019.59;1019.59;1019.47;1019.59;11.15;11370.34;1019.58
03.01.2017 16:13;0;0;0;0;0;0;0
03.01.2017 16:14;1019.59;1019.59;1019.51;1019.59;10.05;10247.15;1019.59
03.01.2017 16:15;1019.59;1019.59;1019.59;1019.59;6.97;7105.03;1019.59
03.01.2017 16:16;1019.59;1019.59;1019.59;1019.59;0.26;261.57;1019.59
03.01.2017 16:17;1019.59;1019.59;1019.59;1019.59;14.44;14722.88;1019.59
03.01.2017 16:18;1019.59;1019.59;1019.59;1019.59;27.57;28110.1;1019.59
03.01.2017 16:19;1019.59;1019.59;1019.3;1019.59;0.15;156.16;1019.5
03.01.2017 16:20;1019.42;1019.59;1019.42;1019.59;1.38;1407.48;1019.58
03.01.2017 16:21;1019.59;1019.59;1019.59;1019.59;2.58;2630.79;1019.59
03.01.2017 16:22;1019.59;1019.59;1019.59;1019.59;0.98;999.92;1019.59
03.01.2017 16:23;1019.45;1020.99;1019.45;1020.99;5.15;5252.61;1020.22
03.01.2017 16:24;1019.76;1020.93;1018.8;1020.93;0.92;936.81;1019.97
03.01.2017 16:25;1020.87;1020.93;1020.78;1020.93;10.17;10377.18;1020.86
03.01.2017 16:26;1020.93;1020.93;1019.1;1020.93;15.73;16053.09;1020.86
03.01.2017 16:27;1019.41;1020.85;1019.39;1020.85;1.9;1934.57;1019.7
03.01.2017 16:28;1020.8;1020.8;1019.01;1019.01;1.6;1631.3;1019.25
03.01.2017 16:29;1018.98;1018.98;1018.97;1018.97;0.12;119.76;1018.98
03.01.2017 16:30;1018.96;1020.93;1018.93;1020.93;10.55;10764.42;1020.53
03.01.2017 16:31;1018.86;1020.93;1018.83;1018.87;2.88;2939.5;1019.11
03.01.2017 16:32;0;0;0;0;0;0;0
03.01.2017 16:33;1018.99;1018.99;1018.99;1018.99;0.34;345.4;1018.99
03.01.2017 16:34;0;0;0;0;0;0;0
03.01.2017 16:35;0;0;0;0;0;0;0
03.01.2017 16:36;0;0;0;0;0;0;0
03.01.2017 16:37;1020.09;1020.4;1020.09;1020.4;1.29;1315.84;1020.17
03.01.2017 16:38;0;0;0;0;0;0;0
03.01.2017 16:39;1020.39;1020.39;1020.39;1020.39;0.03;29.41;1020.39
03.01.2017 16:40;1020.39;1020.42;1020.39;1020.39;10.84;11061.52;1020.42
03.01.2017 16:41;1020.39;1020.39;1020.39;1020.39;1.39;1415.08;1020.39
03.01.2017 16:42;1020.39;1020.42;1020.39;1020.42;13.65;13924.21;1020.4
03.01.2017 16:43;1020.42;1020.42;1020.42;1020.42;0.05;52.63;1020.42
03.01.2017 16:44;0;0;0;0;0;0;0
03.01.2017 16:45;1020.42;1020.42;1020.42;1020.42;0.11;114.02;1020.42
03.01.2017 16:46;0;0;0;0;0;0;0
03.01.2017 16:47;1020.25;1020.25;1020.25;1020.25;0.09;87.71;1020.25
03.01.2017 16:48;1020.01;1020.12;1020.01;1020.12;0.21;212.43;1020.08
03.01.2017 16:49;1020.25;1020.42;1020.15;1020.42;14.74;15042.31;1020.25
03.01.2017 16:50;0;0;0;0;0;0;0
03.01.2017 16:51;1020.41;1020.42;1020.26;1020.42;14.82;15118.61;1020.4
03.01.2017 16:52;1020.42;1020.42;1020.29;1020.29;10.15;10356.72;1020.29
03.01.2017 16:53;1020.29;1020.42;1020.25;1020.42;2.88;2939.3;1020.26
03.01.2017 16:54;1020.42;1020.99;1020.42;1020.99;29.94;30559.29;1020.68
03.01.2017 16:55;1020.95;1020.95;1020.28;1020.28;0.16;163.09;1020.55
03.01.2017 16:56;0;0;0;0;0;0;0
03.01.2017 16:57;1020.97;1020.97;1020.97;1020.97;0.03;30.42;1020.97
03.01.2017 16:58;1020.98;1020.98;1020.98;1020.98;0.01;10.22;1020.98
03.01.2017 16:59;1020.5;1020.98;1020.5;1020.98;0.63;641.49;1020.6
03.01.2017 17:00;1020.32;1020.32;1020.32;1020.32;0.24;246.37;1020.32
03.01.2017 17:01;1020.98;1020.98;1020.98;1020.98;2;2041.96;1020.98
03.01.2017 17:02;0;0;0;0;0;0;0
03.01.2017 17:03;1020.97;1020.97;1020.25;1020.25;1.5;1525.82;1020.39
03.01.2017 17:04;1020.8;1020.8;1020.8;1020.8;0.21;216.83;1020.8
03.01.2017 17:05;1020.6;1020.6;1020.57;1020.57;0.09;94.27;1020.58
03.01.2017 17:06;0;0;0;0;0;0;0
03.01.2017 17:07;1020.57;1020.66;1020.57;1020.66;0.33;336.69;1020.58
03.01.2017 17:08;1020.59;1020.59;1020.59;1020.59;0.13;136.58;1020.59
03.01.2017 17:09;1020.63;1020.63;1020.63;1020.63;0.01;10.16;1020.63
03.01.2017 17:10;0;0;0;0;0;0;0
03.01.2017 17:11;0;0;0;0;0;0;0
03.01.2017 17:12;1020.58;1020.58;1020.25;1020.25;1.29;1321.06;1020.28
03.01.2017 17:13;1020.2;1020.2;1019.44;1019.44;2.55;2600.95;1019.98
03.01.2017 17:14;1019.45;1019.94;1019.43;1019.94;3.17;3227.69;1019.44
03.01.2017 17:15;0;0;0;0;0;0;0
03.01.2017 17:16;1019.45;1019.92;1019.45;1019.45;0.4;406.64;1019.58
03.01.2017 17:17;0;0;0;0;0;0;0
03.01.2017 17:18;0;0;0;0;0;0;0
03.01.2017 17:19;1019.45;1019.45;1019.45;1019.45;0.21;217.95;1019.45
03.01.2017 17:20;1019.45;1019.46;1019.43;1019.46;1.44;1472.68;1019.44
03.01.2017 17:21;0;0;0;0;0;0;0
03.01.2017 17:22;1019.91;1019.91;1019.91;1019.91;0.01;10.16;1019.91
03.01.2017 17:23;1019.92;1019.92;1019.92;1019.92;0.1;106.63;1019.92
03.01.2017 17:24;0;0;0;0;0;0;0
03.01.2017 17:25;0;0;0;0;0;0;0
03.01.2017 17:26;1019.91;1019.91;1019.49;1019.49;0.19;189.54;1019.65
03.01.2017 17:27;0;0;0;0;0;0;0
03.01.2017 17:28;0;0;0;0;0;0;0
03.01.2017 17:29;1019.79;1019.79;1019.43;1019.43;2.72;2767.88;1019.44
03.01.2017 17:30;1019.43;1019.91;1019.43;1019.91;0.43;442.4;1019.76
03.01.2017 17:31;0;0;0;0;0;0;0
03.01.2017 17:32;1019.9;1019.9;1019.9;1019.9;0.06;59.71;1019.9
03.01.2017 17:33;0;0;0;0;0;0;0
03.01.2017 17:34;1019.9;1019.9;1019.9;1019.9;0.2;203.17;1019.9
03.01.2017 17:35;0;0;0;0;0;0;0
03.01.2017 17:36;1019.9;1019.9;1019.9;1019.9;2.39;2439.61;1019.9
03.01.2017 17:37;1019.51;1019.51;1019.42;1019.42;10;10194.28;1019.43
03.01.2017 17:38;0;0;0;0;0;0;0
03.01.2017 17:39;1019.89;1019.89;1019.89;1019.89;0.43;433.78;1019.89
03.01.2017 17:40;1019.9;1019.9;1019.9;1019.9;1.77;1805.22;1019.9
03.01.2017 17:41;1019.9;1019.9;1019.9;1019.9;1.91;1944.19;1019.9
03.01.2017 17:42;1019.89;1019.89;1019.89;1019.89;0.04;37.59;1019.89
03.01.2017 17:43;1019.44;1019.89;1019.44;1019.88;0.2;207.41;1019.72
03.01.2017 17:44;1019.89;1019.89;1019.89;1019.89;0.04;45.54;1019.89
03.01.2017 17:45;0;0;0;0;0;0;0
03.01.2017 17:46;1019.88;1019.88;1019.87;1019.88;0.05;51.71;1019.88
03.01.2017 17:47;1019.88;1019.88;1019.88;1019.88;0.07;66.44;1019.88
03.01.2017 17:48;1019.88;1019.88;1019.88;1019.88;0.24;249.62;1019.88
03.01.2017 17:49;1019.88;1019.88;1019.88;1019.88;0.5;509.94;1019.88
03.01.2017 17:50;1019.88;1019.88;1019.43;1019.43;0.21;219.1;1019.55
03.01.2017 17:51;1019.88;1019.88;1019.88;1019.88;0.06;59.87;1019.88
03.01.2017 17:52;0;0;0;0;0;0;0
03.01.2017 17:53;1019.88;1019.88;1019.88;1019.88;0.16;159.62;1019.88
03.01.2017 17:54;1019.88;1019.88;1019.88;1019.88;0.16;167.25;1019.88
03.01.2017 17:55;1019.44;1019.44;1019.44;1019.44;0.01;11.67;1019.44
03.01.2017 17:56;0;0;0;0;0;0;0
03.01.2017 17:57;1019.88;1019.88;1019.88;1019.88;0.19;194.8;1019.88
03.01.2017 17:58;1019.88;1019.88;1019.88;1019.88;0.11;107.09;1019.88
03.01.2017 17:59;1019.88;1019.88;1019.88;1019.88;0.05;46.91;1019.88
03.01.2017 18:00;1019.88;1019.88;1019.88;1019.88;0.05;46.91;1019.88
03.01.2017 18:01;1019.88;1019.88;1019.51;1019.88;4.25;4332.34;1019.88
03.01.2017 18:02;1019.88;1020.7;1019.88;1020.7;19.71;20107.17;1019.92
03.01.2017 18:03;1020.58;1020.77;1019.57;1020.76;0.24;241.44;1020.46
03.01.2017 18:04;1020.74;1020.95;1020.74;1020.91;0.61;617.65;1020.91
03.01.2017 18:05;1020.81;1020.89;1019.92;1020.89;0.33;332.76;1020.73
03.01.2017 18:06;1020.89;1020.91;1020.89;1020.91;18.46;18842.85;1020.91
03.01.2017 18:07;1020.91;1020.97;1020.91;1020.97;2.41;2456.71;1020.91
03.01.2017 18:08;1020.97;1020.97;1020.97;1020.97;7.92;8081.39;1020.97
03.01.2017 18:09;1020.99;1020.99;1020.75;1020.75;0.75;765.12;1020.9
03.01.2017 18:10;1020.99;1020.99;1020.99;1020.99;0.41;420.85;1020.99
03.01.2017 18:11;1020.99;1020.99;1020.75;1020.75;5.98;6100.44;1020.96
03.01.2017 18:12;1020.99;1020.99;1020.2;1020.2;4.52;4611.52;1020.4
03.01.2017 18:13;1020.22;1020.96;1020.22;1020.96;1.2;1220.22;1020.34
03.01.2017 18:14;1020.97;1020.99;1020.5;1020.99;7.14;7289.54;1020.65
03.01.2017 18:15;1020.63;1020.99;1020.63;1020.97;20.16;20577.08;1020.63
03.01.2017 18:16;1020.88;1020.88;1020.88;1020.88;0.03;34.62;1020.88
03.01.2017 18:17;1020.88;1020.88;1020.88;1020.88;0.02;19.56;1020.88
03.01.2017 18:18;0;0;0;0;0;0;0
03.01.2017 18:19;1020.88;1020.88;1020.88;1020.88;0.1;99.84;1020.88
03.01.2017 18:20;1020.65;1020.88;1020.61;1020.61;6.22;6345.48;1020.64
03.01.2017 18:21;0;0;0;0;0;0;0
03.01.2017 18:22;1020.52;1020.52;1020.5;1020.5;1.43;1455.05;1020.52
03.01.2017 18:23;1020.89;1020.89;1020.89;1020.89;8.74;8926.06;1020.89
03.01.2017 18:24;1020.9;1020.9;1020.86;1020.86;0.98;1002.85;1020.88
03.01.2017 18:25;0;0;0;0;0;0;0
03.01.2017 18:26;1020.5;1020.5;1020.5;1020.5;0.11;111.78;1020.5
03.01.2017 18:27;1020.51;1020.51;1020.51;1020.51;0.06;61.27;1020.51
03.01.2017 18:28;1020.51;1020.51;1020.51;1020.51;0.35;362.11;1020.51
03.01.2017 18:29;1020.51;1020.51;1020.51;1020.51;0.23;239.06;1020.51
03.01.2017 18:30;0;0;0;0;0;0;0
03.01.2017 18:31;1020.51;1020.51;1020.51;1020.51;0.02;20.82;1020.51
03.01.2017 18:32;0;0;0;0;0;0;0
03.01.2017 18:33;0;0;0;0;0;0;0
03.01.2017 18:34;0;0;0;0;0;0;0
03.01.2017 18:35;1020.51;1020.51;1020.51;1020.51;0.54;555.31;1020.51
03.01.2017 18:36;1020.51;1020.51;1020.51;1020.51;0.09;86.85;1020.51
03.01.2017 18:37;1020.5;1020.51;1020.5;1020.51;1.79;1828.8;1020.51
03.01.2017 18:38;1020.51;1020.51;1020.51;1020.51;3.41;3479.89;1020.51
03.01.2017 18:39;1020.51;1020.51;1020.51;1020.51;0.39;396.41;1020.51
03.01.2017 18:40;1020.51;1020.51;1020.51;1020.51;0.11;115.56;1020.51
03.01.2017 18:41;0;0;0;0;0;0;0
03.01.2017 18:42;1020.51;1020.51;1020.51;1020.51;2.18;2228.41;1020.51
03.01.2017 18:43;1020.51;1020.51;1020.5;1020.51;11.35;11581.57;1020.51
03.01.2017 18:44;1020.51;1020.51;1020.5;1020.5;0.45;464.17;1020.51
03.01.2017 18:45;1020.51;1020.51;1020.51;1020.51;0.04;40.13;1020.51
03.01.2017 18:46;1020.51;1020.51;1020.51;1020.51;1.16;1180.28;1020.51
03.01.2017 18:47;1020.51;1020.51;1020.51;1020.51;0.03;29.93;1020.51
03.01.2017 18:48;1020.51;1020.51;1020.51;1020.51;0.07;71.11;1020.51
03.01.2017 18:49;1020.51;1020.51;1020.51;1020.51;0.07;71.52;1020.51
03.01.2017 18:50;1020.51;1020.51;1020.5;1020.5;2.62;2677.79;1020.5
03.01.2017 18:51;1020.5;1020.51;1020.5;1020.51;1.54;1575.73;1020.5
03.01.2017 18:52;0;0;0;0;0;0;0
03.01.2017 18:53;1020.51;1020.51;1020.5;1020.5;1.95;1994.91;1020.5
03.01.2017 18:54;1020.5;1020.5;1020.42;1020.42;22.94;23405.13;1020.5
03.01.2017 18:55;1020.34;1020.34;1020.34;1020.34;0.07;71.11;1020.34
03.01.2017 18:56;1020.34;1020.34;1020.34;1020.34;0.35;355.54;1020.34
03.01.2017 18:57;1020.34;1020.34;1020;1020.34;1.15;1170.79;1020.04
03.01.2017 18:58;1020.34;1020.34;1020.34;1020.34;0.05;50.73;1020.34
03.01.2017 18:59;0;0;0;0;0;0;0
03.01.2017 19:00;1020.34;1021;1020.34;1021;56.05;57198.35;1020.49
03.01.2017 19:01;1021;1021.48;1021;1021.46;143.36;146370.78;1021
03.01.2017 19:02;1021.02;1021.02;1018.84;1018.84;160.24;163349.03;1019.4
03.01.2017 19:03;1018.84;1018.84;1017.95;1017.95;66.33;67555.27;1018.46
03.01.2017 19:04;1017.91;1017.93;1017.91;1017.93;1.05;1066.44;1017.93
03.01.2017 19:05;1017.93;1017.93;1017.93;1017.93;0.03;34.3;1017.93
03.01.2017 19:06;1017.92;1017.92;1017.16;1017.16;3.71;3771.51;1017.58
03.01.2017 19:07;1017.31;1017.31;1017.16;1017.16;12.71;12931.74;1017.17
03.01.2017 19:08;1017.16;1017.16;1017.16;1017.16;3.75;3816.38;1017.16
03.01.2017 19:09;1017.16;1017.16;1017.15;1017.16;7.2;7325.7;1017.16
03.01.2017 19:10;1017.16;1017.16;1017.16;1017.16;6.54;6648.83;1017.16
03.01.2017 19:11;1017.16;1017.95;1017.16;1017.95;40.14;40848.21;1017.74
03.01.2017 19:12;1017.95;1017.95;1017.95;1017.95;0.01;13.01;1017.95
03.01.2017 19:13;1017.19;1017.19;1017.19;1017.19;0.31;319.76;1017.19
03.01.2017 19:14;1017.9;1017.9;1017.9;1017.9;0.2;199.99;1017.9
03.01.2017 19:15;1017.95;1017.95;1017.94;1017.95;10.13;10312.79;1017.95
03.01.2017 19:16;1017.95;1017.95;1017.95;1017.95;11.6;11805.41;1017.95
03.01.2017 19:17;1017.95;1017.95;1017.94;1017.95;0.39;397.86;1017.95
03.01.2017 19:18;1017.94;1017.95;1016.97;1016.97;46.45;47247.82;1017.11
03.01.2017 19:19;1016.97;1017.92;1016.95;1017.7;14.48;14732.05;1017.07
03.01.2017 19:20;1017.59;1017.93;1017.59;1017.93;0.61;615.69;1017.66
03.01.2017 19:21;1017.93;1017.95;1017.93;1017.95;3.02;3078.96;1017.94
03.01.2017 19:22;1017.95;1017.95;1017.95;1017.95;0.08;78.36;1017.95
03.01.2017 19:23;1017.95;1017.95;1017.95;1017.95;3.49;3557.12;1017.95
03.01.2017 19:24;1017.67;1017.95;1017.67;1017.95;0.23;238.37;1017.91
03.01.2017 19:25;1017.76;1017.95;1017.76;1017.95;9.06;9221.4;1017.94
03.01.2017 19:26;0;0;0;0;0;0;0
03.01.2017 19:27;1017.95;1017.95;1017.95;1017.95;0.12;127.07;1017.95
03.01.2017 19:28;0;0;0;0;0;0;0
03.01.2017 19:29;1017.94;1017.94;1017.87;1017.87;0.27;271;1017.89
03.01.2017 19:30;1017.94;1017.94;1017.94;1017.94;0.33;331.19;1017.94
03.01.2017 19:31;0;0;0;0;0;0;0
03.01.2017 19:32;0;0;0;0;0;0;0
03.01.2017 19:33;1017.84;1017.84;1017.24;1017.24;0.64;648.19;1017.5
03.01.2017 19:34;1017.46;1017.94;1017.17;1017.17;2.62;2666.71;1017.74
03.01.2017 19:35;1017.17;1017.2;1016.99;1016.99;3.32;3376.05;1017.12
03.01.2017 19:36;1016.99;1017.17;1016.97;1016.97;2.19;2223.94;1016.99
03.01.2017 19:37;1016.97;1017.17;1016.95;1017.17;3.7;3765.05;1017.06
03.01.2017 19:38;1017.17;1017.82;1016.95;1017.82;17.47;17768.84;1017.16
03.01.2017 19:39;1018.78;1019.9;1016.95;1019.9;24.63;25092.83;1018.84
03.01.2017 19:40;1019.83;1021.02;1017.54;1021.02;32.62;33295.27;1020.66
03.01.2017 19:41;1018.75;1020.99;1018.75;1020.7;0.86;874.45;1019.64
03.01.2017 19:42;1017.32;1017.32;1017.3;1017.3;1;1017.3;1017.3
03.01.2017 19:43;1018.05;1018.18;1018.05;1018.18;0.65;662.77;1018.08
03.01.2017 19:44;1018.05;1018.17;1018.02;1018.02;0.65;661.61;1018.05
03.01.2017 19:45;1017.78;1017.78;1017.78;1017.78;0.08;79.72;1017.78
03.01.2017 19:46;1017.22;1017.22;1017.22;1017.22;0.67;684.28;1017.22
03.01.2017 19:47;1017.24;1017.24;1017.24;1017.24;0.55;559.48;1017.24
03.01.2017 19:48;0;0;0;0;0;0;0
03.01.2017 19:49;0;0;0;0;0;0;0
03.01.2017 19:50;1017.46;1017.46;1016.93;1016.93;54.78;55715.79;1017.08
03.01.2017 19:51;1016.9;1016.93;1016.9;1016.93;2.12;2160.45;1016.92
03.01.2017 19:52;1016.93;1016.93;1016.69;1016.69;3.33;3388.48;1016.73
03.01.2017 19:53;1016.22;1016.73;1016.21;1016.28;0.9;917.77;1016.49
03.01.2017 19:54;1016.73;1016.73;1016.26;1016.73;0.28;280.9;1016.39
03.01.2017 19:55;1016.72;1016.73;1016.72;1016.73;0.35;356.11;1016.72
03.01.2017 19:56;0;0;0;0;0;0;0
03.01.2017 19:57;1016.39;1016.73;1016.39;1016.39;0.09;89.51;1016.46
03.01.2017 19:58;1016.73;1016.73;1016.73;1016.73;1.55;1578.41;1016.73
03.01.2017 19:59;1016.73;1016.73;1016.73;1016.73;1.83;1865.2;1016.73
03.01.2017 20:00;1016.73;1016.73;1016.36;1016.73;4.31;4381.57;1016.72
03.01.2017 20:01;1016.73;1016.73;1016.73;1016.73;6;6098.79;1016.73
03.01.2017 20:02;1016.73;1016.93;1016.73;1016.93;17.77;18070.33;1016.84
03.01.2017 20:03;1016.93;1016.93;1016.19;1016.92;0.49;495.25;1016.37
03.01.2017 20:04;1016.92;1016.92;1016.92;1016.92;0.01;10.67;1016.92
03.01.2017 20:05;1016.92;1016.92;1016.88;1016.92;13.29;13519.54;1016.92
03.01.2017 20:06;1016.92;1016.93;1016.92;1016.93;17.26;17552;1016.93
03.01.2017 20:07;1016.93;1016.93;1016.93;1016.93;3.56;3623.39;1016.93
03.01.2017 20:08;1016.93;1017.88;1016.92;1016.92;1.12;1135.9;1016.95
03.01.2017 20:09;1018;1018;1016.95;1016.95;0.59;600.5;1017.81
03.01.2017 20:10;0;0;0;0;0;0;0
03.01.2017 20:11;1017.97;1017.97;1017.07;1017.07;0.09;96.36;1017.78
03.01.2017 20:12;1017.07;1017.92;1016.22;1017.92;7.72;7851.79;1016.49
03.01.2017 20:13;1017.7;1017.86;1017.7;1017.86;0.02;15.95;1017.8
03.01.2017 20:14;1017.98;1017.98;1017.98;1017.98;0.2;206.65;1017.98
03.01.2017 20:15;1017.98;1017.98;1017.07;1017.07;1.16;1176.12;1017.35
03.01.2017 20:16;1017.06;1017.06;1016.99;1016.99;0.55;558.55;1017.03
03.01.2017 20:17;1017.06;1017.06;1016.96;1016.96;1.24;1259;1016.97
03.01.2017 20:18;1017.03;1017.03;1017.03;1017.03;0.01;10.17;1017.03
03.01.2017 20:19;1016.82;1016.96;1016.82;1016.96;0.07;67.48;1016.87
03.01.2017 20:20;1016.5;1017.07;1016.5;1017.07;0.76;767.94;1017.02
03.01.2017 20:21;1017.07;1017.07;1016.85;1016.85;0.58;591.68;1016.88
03.01.2017 20:22;1017.07;1017.07;1017.07;1017.07;0.03;31.53;1017.07
03.01.2017 20:23;1017.07;1017.07;1017.07;1017.07;0.06;58.77;1017.07
03.01.2017 20:24;1017.07;1017.07;1016.76;1017.01;1.22;1238.94;1016.83
03.01.2017 20:25;1017.07;1017.77;1016.69;1016.69;1.61;1635.02;1017.29
03.01.2017 20:26;1016.69;1016.96;1016.69;1016.96;1.28;1301.33;1016.75
03.01.2017 20:27;1016.96;1017.01;1016.96;1017.01;0.9;919.44;1017
03.01.2017 20:28;1017.01;1017.01;1017.01;1017.01;0.75;762.95;1017.01
03.01.2017 20:29;1017;1017.01;1017;1017.01;0.28;283.3;1017.01
03.01.2017 20:30;1017;1017.01;1017;1017.01;0.56;569.37;1017
03.01.2017 20:31;1017;1017.01;1017;1017.01;10.73;10917.03;1017
03.01.2017 20:32;1017.01;1017.01;1017.01;1017.01;0.33;331.47;1017.01
03.01.2017 20:33;1017.01;1017.01;1017.01;1017.01;0.41;415.27;1017.01
03.01.2017 20:34;1017.01;1017.01;1017.01;1017.01;0.06;62.04;1017.01
03.01.2017 20:35;1017.01;1017.01;1017.01;1017.01;0.09;88.26;1017.01
03.01.2017 20:36;1017;1017.01;1017;1017.01;46.43;47215.48;1017
03.01.2017 20:37;1017.01;1017.01;1017.01;1017.01;0.29;291.25;1017.01
03.01.2017 20:38;1017.01;1017.01;1017.01;1017.01;0.27;269.51;1017.01
03.01.2017 20:39;1017.01;1017.01;1017;1017.01;5.7;5800.32;1017.01
03.01.2017 20:40;1017.01;1018;1017;1018;9.89;10061.38;1017.25
03.01.2017 20:41;1018;1019;1018;1018.61;39.6;40312.43;1018
03.01.2017 20:42;1018.1;1019;1018.06;1019;1.8;1829.76;1018.58
03.01.2017 20:43;1019;1020.28;1018.05;1020.28;1.71;1744.21;1018.95
03.01.2017 20:44;1020.28;1020.28;1020.28;1020.28;0.03;30.54;1020.28
03.01.2017 20:45;1020.25;1020.25;1019.09;1020.24;1.9;1938.11;1019.15
03.01.2017 20:46;1020.24;1020.24;1019.37;1019.86;0.42;423.67;1019.9
03.01.2017 20:47;1019.82;1019.82;1019.5;1019.76;2.24;2286.1;1019.75
03.01.2017 20:48;1019.74;1020.16;1019.74;1020.14;0.36;362.23;1020.08
03.01.2017 20:49;1020.1;1020.1;1019.11;1020.02;6.87;7003.31;1019.16
03.01.2017 20:50;1019.9;1020.27;1019.9;1020.26;0.39;398.37;1020.05
03.01.2017 20:51;1020.26;1020.28;1020.26;1020.28;0.25;258.13;1020.27
03.01.2017 20:52;1020.28;1020.28;1020.12;1020.12;0.46;473.12;1020.14
03.01.2017 20:53;1019.07;1019.46;1019.07;1019.46;0.2;204.55;1019.15
03.01.2017 20:54;1019.46;1019.46;1019.45;1019.45;0.02;23.45;1019.46
03.01.2017 20:55;1018.79;1019.43;1018.58;1019.04;9.88;10063.33;1018.65
03.01.2017 20:56;1019.03;1019.41;1017.85;1019.02;10.28;10466.91;1017.88
03.01.2017 20:57;1018.92;1018.92;1018.86;1018.86;5.2;5298.56;1018.91
03.01.2017 20:58;1018.13;1018.13;1017.17;1017.17;8.89;9051.22;1018
03.01.2017 20:59;1017.17;1017.98;1017.12;1017.12;23.45;23854.55;1017.17
03.01.2017 21:00;1017.81;1017.85;1017.77;1017.85;0.05;46.41;1017.83
03.01.2017 21:01;1017.97;1017.97;1017.97;1017.97;0.06;57.45;1017.97
03.01.2017 21:02;1017.97;1017.98;1017.97;1017.98;0.27;273.39;1017.98
03.01.2017 21:03;1017.98;1017.99;1017.98;1017.99;1.58;1611.29;1017.98
03.01.2017 21:04;1017.99;1018;1017.99;1018;2.83;2876.87;1018
03.01.2017 21:05;1018;1018;1017.12;1018;42.11;42864.13;1017.8
03.01.2017 21:06;1018;1018;1017.24;1018;10.09;10271.53;1017.92
03.01.2017 21:07;1017.67;1018;1017.67;1018;4.24;4316.76;1017.86
03.01.2017 21:08;1018;1020.71;1018;1020.71;19.46;19811.72;1018.19
03.01.2017 21:09;1020.31;1020.31;1020.27;1020.27;0.26;270.31;1020.29
03.01.2017 21:10;1019.05;1020.95;1019.05;1020.7;0.15;154.43;1020.76
03.01.2017 21:11;1020.31;1020.59;1020.23;1020.23;2.02;2056.64;1020.33
03.01.2017 21:12;1020.2;1021.45;1019.6;1021.45;28.44;29031.7;1020.98
03.01.2017 21:13;0;0;0;0;0;0;0
03.01.2017 21:14;1020.84;1020.84;1020.84;1020.84;0.09;87.79;1020.84
03.01.2017 21:15;1019.77;1019.77;1019.77;1019.77;0.14;142.47;1019.77
03.01.2017 21:16;1020.83;1020.85;1020.28;1020.85;1.73;1765.93;1020.8
03.01.2017 21:17;1020.85;1020.85;1020.42;1020.85;2.07;2111.57;1020.78
03.01.2017 21:18;1020.85;1020.85;1020.85;1020.85;8.07;8238.74;1020.85
03.01.2017 21:19;1020.85;1021.5;1020.85;1021.5;75.11;76723.29;1021.41
03.01.2017 21:20;1021.5;1021.5;1021.5;1021.5;0.02;20.26;1021.5
03.01.2017 21:21;1021.22;1021.5;1021.22;1021.5;0.16;161.86;1021.41
03.01.2017 21:22;1021.5;1021.5;1021.26;1021.26;8.3;8483.05;1021.5
03.01.2017 21:23;1021.5;1021.5;1021.5;1021.5;2.5;2549.56;1021.5
03.01.2017 21:24;1021.5;1021.5;1021.5;1021.5;18.41;18807.44;1021.5
03.01.2017 21:25;1021.26;1021.5;1021.26;1021.5;0.12;121.7;1021.3
03.01.2017 21:26;1021.5;1021.5;1021.26;1021.26;0.12;127.46;1021.31
03.01.2017 21:27;1021.26;1021.5;1021.26;1021.5;0.2;204.08;1021.32
03.01.2017 21:28;0;0;0;0;0;0;0
03.01.2017 21:29;1021.5;1021.5;1021.29;1021.5;2.11;2160.35;1021.49
03.01.2017 21:30;1021.5;1021.5;1021.5;1021.5;8.18;8357.05;1021.5
03.01.2017 21:31;1021.5;1021.5;1021.32;1021.32;3.28;3345.88;1021.45
03.01.2017 21:32;1021.5;1021.5;1021.32;1021.5;0.43;442.03;1021.43
03.01.2017 21:33;1021.5;1021.5;1021.5;1021.5;0.16;164.17;1021.5
03.01.2017 21:34;1021.35;1021.5;1021.35;1021.5;3;3064.2;1021.4
03.01.2017 21:35;1021.5;1021.5;1021.26;1021.26;95.81;97872.94;1021.5
03.01.2017 21:36;1021.26;1021.5;1021.26;1021.5;1.65;1682.61;1021.3
03.01.2017 21:37;1021.5;1021.5;1021.26;1021.26;0.22;221.29;1021.39
03.01.2017 21:38;1021.5;1021.5;1021.5;1021.5;4.44;4532.65;1021.5
03.01.2017 21:39;1021.5;1021.5;1021.26;1021.26;0.06;66.1;1021.31
03.01.2017 21:40;0;0;0;0;0;0;0
03.01.2017 21:41;1021.5;1021.5;1021.5;1021.5;0.89;907.05;1021.5
03.01.2017 21:42;1021.26;1021.5;1021.26;1021.5;0.44;444.72;1021.37
03.01.2017 21:43;1021.5;1021.5;1021.5;1021.5;0.45;458.4;1021.5
03.01.2017 21:44;1021.5;1021.5;1021.5;1021.5;0.49;500.41;1021.5
03.01.2017 21:45;1021.26;1021.26;1021.25;1021.25;1.02;1039.14;1021.26
03.01.2017 21:46;1021.13;1021.13;1021.13;1021.13;0.01;10.14;1021.13
03.01.2017 21:47;1021.1;1021.1;1021.09;1021.09;0.18;187.34;1021.09
03.01.2017 21:48;1020.6;1020.85;1020.58;1020.76;1.84;1877.49;1020.61
03.01.2017 21:49;1020.58;1020.58;1020.58;1020.58;0.45;454.22;1020.58
03.01.2017 21:50;1020.58;1020.58;1020.58;1020.58;0.38;382.77;1020.58
03.01.2017 21:51;1021.46;1021.47;1021.46;1021.47;2.85;2912.56;1021.47
03.01.2017 21:52;1021.46;1021.46;1021.46;1021.46;0.97;991.1;1021.46
03.01.2017 21:53;1020.7;1021.45;1020.58;1020.58;0.65;663.62;1021.26
03.01.2017 21:54;1021.44;1021.44;1021.44;1021.44;0.51;519.08;1021.44
03.01.2017 21:55;1021.46;1021.46;1021.46;1021.46;0.2;204.94;1021.46
03.01.2017 21:56;1021.46;1021.46;1021.46;1021.46;0.52;535.59;1021.46
03.01.2017 21:57;0;0;0;0;0;0;0
03.01.2017 21:58;1021.46;1021.46;1021.46;1021.46;0.49;495.85;1021.46
03.01.2017 21:59;1021.46;1021.46;1021.46;1021.46;0.13;136.74;1021.46
03.01.2017 22:00;1021.42;1021.45;1021.42;1021.45;0.38;385.96;1021.44
03.01.2017 22:01;1021.43;1021.43;1020.65;1020.65;0.2;199.98;1021.03
03.01.2017 22:02;1020.75;1020.75;1020.75;1020.75;1.55;1582.16;1020.75
03.01.2017 22:03;0;0;0;0;0;0;0
03.01.2017 22:04;0;0;0;0;0;0;0
03.01.2017 22:05;1021.45;1021.45;1020.58;1021.44;0.23;236.19;1021.38
03.01.2017 22:06;0;0;0;0;0;0;0
03.01.2017 22:07;1021.44;1021.44;1021.44;1021.44;0.02;15.32;1021.44
03.01.2017 22:08;1019.93;1021.44;1019.7;1019.7;0.14;146.37;1020.49
03.01.2017 22:09;1021.44;1021.44;1021.44;1021.44;0.4;413.6;1021.44
03.01.2017 22:10;1021.44;1021.44;1021.44;1021.44;5.09;5203.4;1021.44
03.01.2017 22:11;1021.44;1021.44;1021.44;1021.44;0.11;110.32;1021.44
03.01.2017 22:12;1021.44;1021.44;1021.44;1021.44;0.09;87.84;1021.44
03.01.2017 22:13;1020;1020;1020;1020;0.72;736.05;1020
03.01.2017 22:14;1020;1020;1020;1020;0.17;172.47;1020
03.01.2017 22:15;1019.75;1019.75;1019.04;1019.04;34.19;34858.57;1019.66
03.01.2017 22:16;1019.96;1019.96;1019.96;1019.96;0.02;24.48;1019.96
03.01.2017 22:17;0;0;0;0;0;0;0
03.01.2017 22:18;1019.83;1019.97;1019.83;1019.97;1.28;1301.82;1019.84
03.01.2017 22:19;1019.97;1020;1019.97;1020;72;73438;1019.99
03.01.2017 22:20;1021.47;1021.5;1021.47;1021.5;0.54;555.12;1021.49
03.01.2017 22:21;1021.14;1021.14;1021.14;1021.14;0.51;522.55;1021.14
03.01.2017 22:22;1021.14;1021.14;1021.14;1021.14;0.04;41.87;1021.14
03.01.2017 22:23;1021.14;1021.14;1021.14;1021.14;12.26;12520.95;1021.14
03.01.2017 22:24;1021.14;1021.14;1021.14;1021.14;0.05;55.83;1021.14
03.01.2017 22:25;1021.14;1021.14;1021.14;1021.14;0.21;217.97;1021.14
03.01.2017 22:26;1021.14;1021.14;1021.14;1021.14;0.11;107.22;1021.14
03.01.2017 22:27;1021.14;1021.14;1021.14;1021.14;0.18;184.83;1021.14
03.01.2017 22:28;1021.14;1021.14;1020.8;1021.14;0.59;602.43;1021.13
03.01.2017 22:29;0;0;0;0;0;0;0
03.01.2017 22:30;1020.83;1020.83;1020.25;1020.25;2.94;2999.77;1020.29
03.01.2017 22:31;1020.9;1020.9;1020.25;1020.25;0.63;641.76;1020.28
03.01.2017 22:32;1020.9;1020.9;1020.9;1020.9;1.17;1191.25;1020.9
03.01.2017 22:33;1021.12;1021.12;1021.12;1021.12;0.26;264.73;1021.12
03.01.2017 22:34;1021.12;1021.14;1021.12;1021.14;6.48;6618.08;1021.14
03.01.2017 22:35;1021.14;1021.5;1021.14;1021.5;39.02;39854.34;1021.26
03.01.2017 22:36;1021.5;1022.01;1021.5;1022.01;159.46;162896.26;1021.54
03.01.2017 22:37;1022.23;1022.23;1022.23;1022.23;0.11;110.33;1022.23
03.01.2017 22:38;1022.23;1022.23;1022.23;1022.23;0.03;31.69;1022.23
03.01.2017 22:39;1022.08;1022.08;1022.08;1022.08;0.01;6.65;1022.08
03.01.2017 22:40;1022.23;1022.4;1022.19;1022.4;1.06;1079.09;1022.29
03.01.2017 22:41;1022.4;1022.4;1022.4;1022.4;0.03;29.65;1022.4
03.01.2017 22:42;1022.4;1022.51;1022.4;1022.48;12.76;13049.41;1022.42
03.01.2017 22:43;1023.07;1023.61;1023.07;1023.61;1.73;1767.87;1023.55
03.01.2017 22:44;1022.77;1023.63;1022.77;1023.63;3.37;3452.43;1023.05
03.01.2017 22:45;1023.13;1023.13;1022.85;1023.13;3.06;3131.91;1023.12
03.01.2017 22:46;1022.87;1022.87;1022.82;1022.82;6.4;6546.08;1022.83
03.01.2017 22:47;1023.13;1023.13;1022.82;1023.13;1.39;1419.51;1022.91
03.01.2017 22:48;1023.13;1023.13;1023.13;1023.13;0.73;748.23;1023.13
03.01.2017 22:49;0;0;0;0;0;0;0
03.01.2017 22:50;0;0;0;0;0;0;0
03.01.2017 22:51;1023.13;1023.13;1022.82;1022.82;3.37;3451.83;1022.98
03.01.2017 22:52;1022.82;1022.82;1022.82;1022.82;0.02;20.46;1022.82
03.01.2017 22:53;1023;1023;1023;1023;0.05;50.88;1023
03.01.2017 22:54;0;0;0;0;0;0;0
03.01.2017 22:55;1023;1023;1023;1023;0.24;249.38;1023
03.01.2017 22:56;1022.85;1023;1022.85;1023;0.21;216.09;1022.92
03.01.2017 22:57;1022.86;1022.86;1022.86;1022.86;0.1;100.47;1022.86
03.01.2017 22:58;1022.86;1022.99;1022.85;1022.99;2.48;2535.84;1022.91
03.01.2017 22:59;1022.99;1022.99;1022.99;1022.99;0.01;10.67;1022.99
03.01.2017 23:00;1022.99;1022.99;1022.99;1022.99;0.14;138.31;1022.99
03.01.2017 23:01;1022.98;1022.99;1022.98;1022.99;2.11;2158.49;1022.98
03.01.2017 23:02;1022.99;1022.99;1022.98;1022.98;0.32;326.77;1022.98
03.01.2017 23:03;1022.98;1022.98;1022.98;1022.98;0.01;9.55;1022.98
03.01.2017 23:04;1022.97;1023;1022.97;1023;20.43;20901.91;1022.99
03.01.2017 23:05;1022.99;1023.63;1022.82;1023.63;164.73;168524.5;1023.01
03.01.2017 23:06;1023.63;1023.85;1023.63;1023.85;16.69;17090.62;1023.83
03.01.2017 23:07;1023.85;1023.85;1023.85;1023.85;10;10238.5;1023.85
03.01.2017 23:08;1023.85;1023.85;1023.63;1023.63;34;34808.39;1023.78
03.01.2017 23:09;1023.92;1023.92;1023.92;1023.92;10.53;10785.97;1023.92
03.01.2017 23:10;1024;1024.74;1024;1024.74;19.5;19974.03;1024.43
03.01.2017 23:11;1024.49;1025.51;1024.49;1025.51;149.29;153024.49;1024.99
03.01.2017 23:12;1025.35;1028.35;1025.35;1028.35;44.01;45191.73;1026.95
03.01.2017 23:13;1028.44;1029.97;1028.44;1029.97;66.96;68928.9;1029.38
03.01.2017 23:14;1029.97;1030;1027.82;1030;47.08;48454.86;1029.17
03.01.2017 23:15;1029.37;1032.41;1029.32;1032.41;57.86;59581.11;1029.75
03.01.2017 23:16;1032.48;1039;1030.02;1036.98;85.23;88322.05;1036.24
03.01.2017 23:17;1034.06;1036.99;1033.7;1034.17;30.44;31471.25;1034.03
03.01.2017 23:18;1033.66;1033.66;1033;1033;29.89;30883.02;1033.17
03.01.2017 23:19;1032.88;1032.88;1028.16;1028.16;43.45;44802;1031.13
03.01.2017 23:20;1028.06;1029.4;1026.5;1029.4;82.32;84642.27;1028.17
03.01.2017 23:21;1029.4;1032.58;1029.4;1032.58;9.68;9987.04;1031.93
03.01.2017 23:22;1032.54;1032.57;1032.54;1032.57;9.92;10238.17;1032.57
03.01.2017 23:23;1032.49;1033;1032.49;1032.5;31.18;32198.32;1032.68
03.01.2017 23:24;1033;1033;1032.49;1032.49;14.79;15274;1032.91
03.01.2017 23:25;1032.99;1034.17;1032.99;1034.17;37.96;39228.61;1033.31
03.01.2017 23:26;1034.17;1036.26;1034.16;1036.2;65.36;67625.67;1034.73
03.01.2017 23:27;1036.77;1037;1036.29;1036.99;21.41;22200.73;1036.93
03.01.2017 23:28;1036.54;1036.99;1036.54;1036.99;0.18;185.58;1036.97
03.01.2017 23:29;0;0;0;0;0;0;0
03.01.2017 23:30;0;0;0;0;0;0;0
03.01.2017 23:31;1036.83;1036.83;1032.54;1032.54;9.57;9885.73;1032.96
03.01.2017 23:32;1034.35;1034.35;1033.06;1033.06;0.03;36;1033.49
03.01.2017 23:33;1034.2;1036.72;1034.2;1036.72;9.64;9987.02;1036.14
03.01.2017 23:34;1034.4;1034.4;1032.98;1033.04;4.11;4248.09;1033.45
03.01.2017 23:35;1035.55;1035.73;1033.17;1033.17;12.35;12787.84;1035.07
03.01.2017 23:36;1033.12;1034.97;1033.12;1034.97;1.12;1152.42;1033.45
03.01.2017 23:37;1034.54;1035.58;1034.54;1035.58;19.59;20282.18;1035.11
03.01.2017 23:38;1034;1036.27;1033.6;1036.27;19.3;19984.57;1035.72
03.01.2017 23:39;1036.68;1036.68;1036.68;1036.68;0.04;40.32;1036.68
03.01.2017 23:40;1034.58;1036.62;1034.58;1034.78;0.53;545.29;1034.61
03.01.2017 23:41;1034.84;1037;1034.84;1036.99;10.34;10720.02;1036.97
03.01.2017 23:42;1037;1037;1037;1037;0.14;150.31;1037
03.01.2017 23:43;1036.99;1037.43;1036.99;1037.43;2.79;2892.04;1037.05
03.01.2017 23:44;1037.43;1037.43;1037.42;1037.43;2.56;2657.69;1037.43
03.01.2017 23:45;1037.8;1038.96;1037.8;1038.96;22.77;23631.66;1037.93
03.01.2017 23:46;1038.02;1039;1037.5;1039;27.43;28488.31;1038.54
03.01.2017 23:47;1038;1038;1036.8;1036.8;38.48;39910.51;1037.14
03.01.2017 23:48;1036.99;1038.5;1036.97;1036.99;11.51;11950.07;1038.08
03.01.2017 23:49;1036.99;1038.44;1036.99;1037.1;5.94;6163.55;1037.03
03.01.2017 23:50;1037.1;1037.23;1037.1;1037.23;3.51;3645.53;1037.18
03.01.2017 23:51;1037.23;1037.8;1037.2;1037.8;11.41;11837.98;1037.34
03.01.2017 23:52;1037.97;1037.99;1037.75;1037.99;2.54;2638.88;1037.9
03.01.2017 23:53;1037.83;1037.83;1037.83;1037.83;4.1;4256.35;1037.83
03.01.2017 23:54;1037.24;1037.85;1037.24;1037.3;15.88;16483.56;1037.8
03.01.2017 23:55;1037.33;1037.33;1035.97;1035.97;54.52;56514.36;1036.49
03.01.2017 23:56;1035.94;1035.94;1035.85;1035.85;19.39;20087.98;1035.9
03.01.2017 23:57;1035.83;1035.83;1035.83;1035.83;0.15;152.91;1035.83
03.01.2017 23:58;1035.8;1035.8;1035.8;1035.8;0.07;72.71;1035.8
03.01.2017 23:59;1035.24;1035.24;1035.24;1035.24;0.1;103.52;1035.24
04.01.2017 00:00;1035.51;1035.74;1035.51;1035.74;1.1;1138.17;1035.72
04.01.2017 00:01;1035.74;1035.74;1035.66;1035.66;2.07;2144.06;1035.74
04.01.2017 00:02;1035.74;1035.83;1035.74;1035.83;2.15;2224;1035.75
04.01.2017 00:03;1035.99;1036;1035.83;1036;34.01;35230.26;1035.99
04.01.2017 00:04;1035.75;1036;1035.75;1036;2.24;2315.2;1035.88
04.01.2017 00:05;1035.98;1035.98;1035.98;1035.98;0.28;285.24;1035.98
04.01.2017 00:06;1035.98;1035.98;1035.98;1035.98;0.45;465.42;1035.98
04.01.2017 00:07;1035.99;1035.99;1035.99;1035.99;0.53;544.21;1035.99
04.01.2017 00:08;0;0;0;0;0;0;0
04.01.2017 00:09;1035.98;1035.98;1035.98;1035.98;0.04;38.56;1035.98
04.01.2017 00:10;0;0;0;0;0;0;0
04.01.2017 00:11;0;0;0;0;0;0;0
04.01.2017 00:12;1035.79;1035.79;1035.79;1035.79;0.69;711.4;1035.79
04.01.2017 00:13;0;0;0;0;0;0;0
04.01.2017 00:14;1035.97;1035.98;1035.97;1035.98;0.95;981.07;1035.98
04.01.2017 00:15;1035.98;1035.99;1035.98;1035.99;2.1;2175.58;1035.99
04.01.2017 00:16;1035.83;1038.31;1035.83;1038.31;48.74;50515.36;1036.35
04.01.2017 00:17;1038.31;1038.5;1038.03;1038.5;17.95;18635.86;1038.32
04.01.2017 00:18;1038.5;1038.5;1038.5;1038.5;0.13;131.57;1038.5
04.01.2017 00:19;1038.5;1038.5;1038.5;1038.5;0.09;91.01;1038.5
04.01.2017 00:20;1038.5;1038.5;1038.5;1038.5;2;2077;1038.5
04.01.2017 00:21;1038.5;1038.5;1038.5;1038.5;0.09;97.54;1038.5
04.01.2017 00:22;1038.29;1038.29;1038;1038;4.21;4373.9;1038.13
04.01.2017 00:23;1036.92;1036.92;1036.89;1036.89;2.2;2281.19;1036.91
04.01.2017 00:24;1037.97;1037.97;1037.97;1037.97;0.02;23.57;1037.97
04.01.2017 00:25;1037.97;1038;1037.97;1038;20;20759.98;1038
04.01.2017 00:26;0;0;0;0;0;0;0
04.01.2017 00:27;1038;1038;1036.38;1036.38;1.2;1244.01;1036.67
04.01.2017 00:28;1035.43;1035.43;1034.99;1034.99;10.8;11181.38;1035.31
04.01.2017 00:29;1037.93;1037.93;1037.92;1037.92;0.21;217.02;1037.93
04.01.2017 00:30;0;0;0;0;0;0;0
04.01.2017 00:31;1037.94;1037.94;1037.94;1037.94;0.05;51.9;1037.94
04.01.2017 00:32;1037.49;1037.49;1037.49;1037.49;0.07;69.05;1037.49
04.01.2017 00:33;1037.27;1037.27;1036.43;1036.43;0.12;123.06;1036.79
04.01.2017 00:34;0;0;0;0;0;0;0
04.01.2017 00:35;1036.41;1036.43;1036.41;1036.43;7.16;7423.18;1036.43
04.01.2017 00:36;1036.43;1036.43;1036.43;1036.43;0.25;255.01;1036.43
04.01.2017 00:37;1036.42;1036.43;1036.42;1036.43;0.01;12.44;1036.42
04.01.2017 00:38;1036.43;1036.43;1035.48;1035.48;1.05;1083.16;1035.53
04.01.2017 00:39;1036.1;1036.1;1035.46;1035.57;13.7;14185.31;1035.46
04.01.2017 00:40;1035.46;1036.26;1035.43;1035.43;12.38;12823.89;1035.46
04.01.2017 00:41;1035.43;1035.43;1035.43;1035.43;0.37;380;1035.43
04.01.2017 00:42;1036.38;1036.38;1036.38;1036.38;0.06;61.15;1036.38
04.01.2017 00:43;0;0;0;0;0;0;0
04.01.2017 00:44;0;0;0;0;0;0;0
04.01.2017 00:45;1035.44;1036.34;1035.43;1035.44;2.29;2368.34;1035.45
04.01.2017 00:46;1035.44;1036.35;1035.44;1036.34;1.24;1287.67;1035.64
04.01.2017 00:47;1036.34;1036.34;1036.34;1036.34;0.05;49.74;1036.34
04.01.2017 00:48;1036.34;1036.35;1036.34;1036.35;0.8;829.45;1036.35
04.01.2017 00:49;1036.35;1036.37;1036.35;1036.37;2.94;3046.49;1036.36
04.01.2017 00:50;1036.1;1036.1;1036.1;1036.1;0.15;155.42;1036.1
04.01.2017 00:51;1036.1;1036.1;1036.1;1036.1;0.08;80.82;1036.1
04.01.2017 00:52;1035.46;1035.46;1032.52;1032.98;79.91;82663.05;1034.39
04.01.2017 00:53;1032.97;1032.98;1032.97;1032.98;1.3;1342.87;1032.98
04.01.2017 00:54;1032.98;1033;1032.98;1033;3.16;3265.23;1033
04.01.2017 00:55;1033;1033;1033;1033;1.13;1167.91;1033
04.01.2017 00:56;1033;1033;1033;1033;0.41;421.48;1033
04.01.2017 00:57;0;0;0;0;0;0;0
04.01.2017 00:58;1033;1033;1032.33;1032.33;2.02;2090.31;1032.73
04.01.2017 00:59;1032.97;1032.97;1032.33;1032.33;0.14;141.9;1032.57
04.01.2017 01:00;1032.04;1032.04;1032.04;1032.04;0.02;20.3;1032.04
04.01.2017 01:01;1032.04;1032.04;1032.04;1032.04;4.74;4889.82;1032.04
04.01.2017 01:02;1032.04;1032.04;1032.04;1032.04;0.23;241.6;1032.04
04.01.2017 01:03;0;0;0;0;0;0;0
04.01.2017 01:04;1032.04;1032.04;1032.04;1032.04;1.15;1185.23;1032.04
04.01.2017 01:05;1032.04;1032.04;1032.04;1032.04;1;1032.04;1032.04
04.01.2017 01:06;1032.04;1032.04;1032.04;1032.04;0.02;19.57;1032.04
04.01.2017 01:07;1032.04;1032.04;1032.04;1032.04;1.36;1403.57;1032.04
04.01.2017 01:08;1032.04;1032.04;1032.04;1032.04;12.57;12976.68;1032.04
04.01.2017 01:09;1032.04;1032.04;1032.04;1032.04;2.06;2121.19;1032.04
04.01.2017 01:10;1032.04;1032.04;1032.04;1032.04;4.48;4626.99;1032.04
04.01.2017 01:11;1032.04;1032.04;1032.04;1032.04;0.51;528.92;1032.04
04.01.2017 01:12;0;0;0;0;0;0;0
04.01.2017 01:13;1032.03;1032.03;1032.03;1032.03;0.59;613.91;1032.03
04.01.2017 01:14;0;0;0;0;0;0;0
04.01.2017 01:15;1032.03;1032.03;1032.03;1032.03;1.01;1042.02;1032.03
04.01.2017 01:16;1032.03;1032.03;1032.03;1032.03;0.08;81.8;1032.03
04.01.2017 01:17;0;0;0;0;0;0;0
04.01.2017 01:18;1032.03;1032.03;1032.03;1032.03;0.03;31.99;1032.03
04.01.2017 01:19;1032.02;1032.02;1032.02;1032.02;0.04;44.38;1032.02
04.01.2017 01:20;1032.03;1032.03;1032.02;1032.02;13.1;13517.67;1032.03
04.01.2017 01:21;1032.03;1032.04;1032.03;1032.04;62.04;64028.5;1032.04
04.01.2017 01:22;1032.04;1032.04;1032.03;1032.04;11.37;11733.53;1032.04
04.01.2017 01:23;1032.04;1032.04;1032.04;1032.04;0.15;152.44;1032.04
04.01.2017 01:24;1032.04;1032.04;1032.04;1032.04;0.15;155.5;1032.04
04.01.2017 01:25;1032.04;1032.04;1032.03;1032.03;10.23;10556.53;1032.03
04.01.2017 01:26;1032.04;1032.04;1032.04;1032.04;3.16;3258.83;1032.04
04.01.2017 01:27;1032.04;1033.91;1032.04;1033.91;45.19;46646.76;1032.13
04.01.2017 01:28;1034.04;1034.91;1034.04;1034.79;4.49;4649.46;1034.82
04.01.2017 01:29;1032.9;1032.9;1032.9;1032.9;0.49;504.51;1032.9
04.01.2017 01:30;1035.39;1035.41;1035.39;1035.41;3.7;3827.09;1035.41
04.01.2017 01:31;1034.92;1034.92;1034.92;1034.92;1;1034.92;1034.92
04.01.2017 01:32;1035.41;1035.41;1035.21;1035.21;2.35;2435.49;1035.32
04.01.2017 01:33;1035.41;1035.41;1035.21;1035.21;1.11;1147.02;1035.22
04.01.2017 01:34;1035.2;1035.2;1035.2;1035.2;0.78;802.85;1035.2
04.01.2017 01:35;0;0;0;0;0;0;0
04.01.2017 01:36;1035.2;1035.2;1035.2;1035.2;15.2;15731.38;1035.2
04.01.2017 01:37;1035.2;1035.2;1035.2;1035.2;1.22;1262.94;1035.2
04.01.2017 01:38;1035.2;1035.2;1028.56;1032.32;116.71;120409.58;1031.69
04.01.2017 01:39;1032.33;1032.34;1032.32;1032.34;0.3;309.7;1032.33
04.01.2017 01:40;1031.9;1032.98;1031.9;1032.98;1.99;2050.62;1032.53
04.01.2017 01:41;1034.47;1034.47;1031.62;1031.62;1.01;1041.76;1031.68
04.01.2017 01:42;1034.19;1034.5;1034.18;1034.4;2.87;2968.72;1034.31
04.01.2017 01:43;1034.45;1034.48;1034.45;1034.48;0.15;153.72;1034.47
04.01.2017 01:44;0;0;0;0;0;0;0
04.01.2017 01:45;0;0;0;0;0;0;0
04.01.2017 01:46;0;0;0;0;0;0;0
04.01.2017 01:47;0;0;0;0;0;0;0
04.01.2017 01:48;1034.48;1034.48;1034.48;1034.48;1.04;1072.49;1034.48
04.01.2017 01:49;1034.48;1034.48;1034.48;1034.48;1.04;1076.46;1034.48
04.01.2017 01:50;1034.48;1034.48;1034.48;1034.48;7.56;7815.79;1034.48
04.01.2017 01:51;1034.48;1034.48;1034.46;1034.46;0.55;572.12;1034.48
04.01.2017 01:52;1034.48;1034.49;1034.48;1034.49;11.41;11798.92;1034.48
04.01.2017 01:53;1034.5;1034.5;1034.5;1034.5;5.4;5585.4;1034.5
04.01.2017 01:54;0;0;0;0;0;0;0
04.01.2017 01:55;1034.24;1034.5;1034.24;1034.5;1.66;1721;1034.32
04.01.2017 01:56;0;0;0;0;0;0;0
04.01.2017 01:57;0;0;0;0;0;0;0
04.01.2017 01:58;1034.49;1034.49;1034.47;1034.47;2.13;2207.98;1034.47
04.01.2017 01:59;0;0;0;0;0;0;0
04.01.2017 02:00;0;0;0;0;0;0;0
04.01.2017 02:01;1034.42;1034.5;1034.41;1034.5;33.7;34864.88;1034.46
04.01.2017 02:02;1034.5;1036.17;1034.49;1036.17;109.24;113096.77;1035.32
04.01.2017 02:03;0;0;0;0;0;0;0
04.01.2017 02:04;1036.17;1036.17;1036.17;1036.17;11.43;11843.42;1036.17
04.01.2017 02:05;1036.15;1036.16;1034.45;1034.45;5.95;6170.1;1036.14
04.01.2017 02:06;1036.15;1036.15;1036.15;1036.15;0.04;46.42;1036.15
04.01.2017 02:07;0;0;0;0;0;0;0
04.01.2017 02:08;1036.15;1036.15;1036.15;1036.15;0.41;420;1036.15
04.01.2017 02:09;1036.15;1036.15;1035.99;1036.15;1.02;1060.15;1036.15
04.01.2017 02:10;1035.99;1036.16;1035.99;1036.16;15.05;15594.39;1036.14
04.01.2017 02:11;1035.99;1036.16;1035.99;1036.16;4.58;4750.04;1036.13
04.01.2017 02:12;1036.16;1036.16;1036.16;1036.16;0.19;196.28;1036.16
04.01.2017 02:13;0;0;0;0;0;0;0
04.01.2017 02:14;0;0;0;0;0;0;0
04.01.2017 02:15;1036.16;1036.16;1036.16;1036.16;1.29;1336.65;1036.16
04.01.2017 02:16;0;0;0;0;0;0;0
04.01.2017 02:17;1036.16;1036.2;1036.16;1036.2;40;41447.11;1036.18
04.01.2017 02:18;1036.2;1036.2;1036.2;1036.2;0.1;103.62;1036.2
04.01.2017 02:19;1036.2;1036.2;1036.2;1036.2;0.01;12.43;1036.2
04.01.2017 02:20;0;0;0;0;0;0;0
04.01.2017 02:21;1036.2;1036.2;1036.2;1036.2;0.1;105.09;1036.2
04.01.2017 02:22;0;0;0;0;0;0;0
04.01.2017 02:23;1036.2;1036.2;1036.2;1036.2;0.36;372.2;1036.2
04.01.2017 02:24;1036.2;1036.2;1036.2;1036.2;0.01;10.11;1036.2
04.01.2017 02:25;0;0;0;0;0;0;0
04.01.2017 02:26;0;0;0;0;0;0;0
04.01.2017 02:27;1036.2;1040;1036.2;1040;117.81;122262.04;1037.8
04.01.2017 02:28;1039.84;1039.84;1037.96;1039.6;0.16;168.92;1039.13
04.01.2017 02:29;1039.91;1040;1039.91;1040;44.16;45930.28;1040
04.01.2017 02:30;0;0;0;0;0;0;0
04.01.2017 02:31;1040;1040;1040;1040;0.16;168.4;1040
04.01.2017 02:32;0;0;0;0;0;0;0
04.01.2017 02:33;1040;1040;1040;1040;0.01;11.59;1040
04.01.2017 02:34;1039.31;1039.31;1039.31;1039.31;0.09;96.34;1039.31
04.01.2017 02:35;1040;1040.37;1040;1040.04;20.49;21311.1;1040.04
04.01.2017 02:36;1040.04;1040.79;1039.99;1040.73;1.5;1558.02;1040.26
04.01.2017 02:37;1040;1040;1039.99;1039.99;0.52;536.64;1039.99
04.01.2017 02:38;1040.9;1040.9;1040.9;1040.9;0.04;41.64;1040.9
04.01.2017 02:39;1041;1041;1033.5;1033.5;136.57;141477.26;1035.93
04.01.2017 02:40;1035.41;1035.41;1035.41;1035.41;0.3;310.83;1035.41
04.01.2017 02:41;1035.31;1035.31;1035.31;1035.31;0.05;51.77;1035.31
04.01.2017 02:42;1036.06;1036.39;1036.06;1036.39;39.38;40798.87;1036.07
04.01.2017 02:43;1036.44;1039.34;1036.39;1039.34;15.54;16145.93;1038.84
04.01.2017 02:44;1039.82;1039.82;1039.82;1039.82;0.08;80.57;1039.82
04.01.2017 02:45;1039.82;1039.82;1039.82;1039.82;0.48;496.15;1039.82
04.01.2017 02:46;0;0;0;0;0;0;0
04.01.2017 02:47;1039.8;1039.82;1039.8;1039.82;4.28;4448.02;1039.82
04.01.2017 02:48;1038.98;1038.98;1038.98;1038.98;0.03;32.23;1038.98
04.01.2017 02:49;1038.98;1038.98;1038.98;1038.98;0.03;31.17;1038.98
04.01.2017 02:50;1039.44;1039.82;1036.72;1039.82;2.77;2877.12;1039.66
04.01.2017 02:51;1037;1039.82;1036.7;1036.94;10.04;10441.45;1039.62
04.01.2017 02:52;1037.12;1039.81;1037.12;1039.81;0.78;812.38;1038.09
04.01.2017 02:53;1039.39;1039.39;1039.39;1039.39;0.19;199.28;1039.39
04.01.2017 02:54;0;0;0;0;0;0;0
04.01.2017 02:55;0;0;0;0;0;0;0
04.01.2017 02:56;1039.01;1039.01;1039.01;1039.01;0.01;12.15;1039.01
04.01.2017 02:57;1036.86;1036.86;1036.86;1036.86;0.02;23.14;1036.86
04.01.2017 02:58;0;0;0;0;0;0;0
04.01.2017 02:59;1037.65;1037.65;1037.65;1037.65;0.2;209.47;1037.65
04.01.2017 03:00;1036.86;1038.46;1036.81;1038.45;1.87;1939.14;1036.94
04.01.2017 03:01;1036.84;1036.84;1036.84;1036.84;0.94;975.92;1036.84
04.01.2017 03:02;1036.84;1036.84;1036.84;1036.84;0.85;880.59;1036.84
04.01.2017 03:03;0;0;0;0;0;0;0
04.01.2017 03:04;1039.37;1039.37;1039.37;1039.37;0.01;10.13;1039.37
04.01.2017 03:05;0;0;0;0;0;0;0
04.01.2017 03:06;1039.34;1039.35;1039.34;1039.35;0.38;399.71;1039.35
04.01.2017 03:07;1039.35;1039.35;1039.35;1039.35;1;1039.35;1039.35
04.01.2017 03:08;0;0;0;0;0;0;0
04.01.2017 03:09;0;0;0;0;0;0;0
04.01.2017 03:10;0;0;0;0;0;0;0
04.01.2017 03:11;0;0;0;0;0;0;0
04.01.2017 03:12;0;0;0;0;0;0;0
04.01.2017 03:13;0;0;0;0;0;0;0
04.01.2017 03:14;1039.3;1039.37;1039.3;1039.37;1.2;1247.22;1039.35
04.01.2017 03:15;1039.07;1039.07;1039.07;1039.07;0.04;43.42;1039.07
04.01.2017 03:16;0;0;0;0;0;0;0
04.01.2017 03:17;0;0;0;0;0;0;0
04.01.2017 03:18;0;0;0;0;0;0;0
04.01.2017 03:19;1039.02;1039.02;1038.99;1038.99;3.77;3920.21;1039
04.01.2017 03:20;1039.07;1039.37;1038.99;1039.37;8.37;8699.03;1039.23
04.01.2017 03:21;1039.37;1039.37;1039.36;1039.36;0.52;541.48;1039.37
04.01.2017 03:22;1039.36;1039.36;1039.36;1039.36;0.79;821.27;1039.36
04.01.2017 03:23;0;0;0;0;0;0;0
04.01.2017 03:24;1039.36;1039.36;1039.36;1039.36;0.15;161;1039.36
04.01.2017 03:25;0;0;0;0;0;0;0
04.01.2017 03:26;0;0;0;0;0;0;0
04.01.2017 03:27;1039.29;1039.36;1039.29;1039.36;0.62;639.72;1039.36
04.01.2017 03:28;0;0;0;0;0;0;0
04.01.2017 03:29;1039.08;1039.08;1039.08;1039.08;2.16;2244.52;1039.08
04.01.2017 03:30;1039.08;1039.08;1039.05;1039.05;0.17;173.76;1039.06
04.01.2017 03:31;1039.36;1039.36;1039.36;1039.36;3.84;3991.22;1039.36
04.01.2017 03:32;0;0;0;0;0;0;0
04.01.2017 03:33;1039.35;1039.35;1039.35;1039.35;1;1039.35;1039.35
04.01.2017 03:34;1039.14;1039.14;1039.14;1039.14;0.02;20.78;1039.14
04.01.2017 03:35;1039.35;1039.35;1039.27;1039.35;1.37;1428.94;1039.35
04.01.2017 03:36;1039.35;1039.35;1039.35;1039.35;2.62;2727.14;1039.35
04.01.2017 03:37;1039.35;1039.35;1039.35;1039.35;0.01;11.43;1039.35
04.01.2017 03:38;0;0;0;0;0;0;0
04.01.2017 03:39;1039.35;1039.35;1039.35;1039.35;0.08;79.24;1039.35
04.01.2017 03:40;1039.27;1039.27;1039.27;1039.27;0.23;240.38;1039.27
04.01.2017 03:41;1039.35;1039.35;1039.35;1039.35;0.83;862.31;1039.35
04.01.2017 03:42;0;0;0;0;0;0;0
04.01.2017 03:43;0;0;0;0;0;0;0
04.01.2017 03:44;1039.27;1039.27;1039.23;1039.23;45.04;46806.86;1039.26
04.01.2017 03:45;1039.23;1039.23;1036.67;1036.67;65;67480.62;1038.16
04.01.2017 03:46;1039.28;1039.33;1039.28;1039.33;0.36;371.95;1039.3
04.01.2017 03:47;1039.33;1040.23;1039.33;1040.23;50;51990.17;1039.8
04.01.2017 03:48;0;0;0;0;0;0;0
04.01.2017 03:49;1040.23;1041.99;1040.23;1041.99;42;43732.73;1041.26
04.01.2017 03:50;1041.89;1041.99;1041.89;1041.99;0.08;80;1041.98
04.01.2017 03:51;1042;1042;1042;1042;3.44;3579.71;1042
04.01.2017 03:52;0;0;0;0;0;0;0
04.01.2017 03:53;1041.61;1042;1041.61;1042;0.95;985.58;1041.96
04.01.2017 03:54;1041.49;1041.49;1040.15;1040.15;0.06;60.08;1040.61
04.01.2017 03:55;1041.99;1041.99;1041.6;1041.6;22.23;23157.41;1041.87
04.01.2017 03:56;1041.98;1041.98;1041.98;1041.98;0.04;45.2;1041.98
04.01.2017 03:57;0;0;0;0;0;0;0
04.01.2017 03:58;1041.53;1041.53;1041.53;1041.53;1;1041.53;1041.53
04.01.2017 03:59;1041.53;1041.53;1041.53;1041.53;1.1;1145.68;1041.53
04.01.2017 04:00;0;0;0;0;0;0;0
04.01.2017 04:01;1041.99;1041.99;1041.99;1041.99;9.28;9664.74;1041.99
04.01.2017 04:02;1041.54;1041.99;1041.54;1041.99;2.96;3079.03;1041.96
04.01.2017 04:03;0;0;0;0;0;0;0
04.01.2017 04:04;0;0;0;0;0;0;0
04.01.2017 04:05;1041.99;1041.99;1041.99;1041.99;1.73;1803.92;1041.99
04.01.2017 04:06;1041.99;1041.99;1041.99;1041.99;4.28;4456.56;1041.99
04.01.2017 04:07;0;0;0;0;0;0;0
04.01.2017 04:08;0;0;0;0;0;0;0
04.01.2017 04:09;1041.99;1041.99;1041.99;1041.99;0.02;21.46;1041.99
04.01.2017 04:10;1041.61;1041.99;1041.58;1041.99;0.42;433.01;1041.71
04.01.2017 04:11;1041.99;1041.99;1041.99;1041.99;0.01;8.58;1041.99
04.01.2017 04:12;1041.99;1041.99;1041.99;1041.99;0.1;104.2;1041.99
04.01.2017 04:13;0;0;0;0;0;0;0
04.01.2017 04:14;1041.99;1041.99;1041.99;1041.99;0.1;104.2;1041.99
04.01.2017 04:15;1041.99;1041.99;1041.65;1041.65;0.96;995.14;1041.76
04.01.2017 04:16;1041.99;1042;1041.99;1042;19.92;20756.44;1041.99
04.01.2017 04:17;1042;1042;1041.65;1042;10.13;10557.2;1042
04.01.2017 04:18;1041.65;1041.65;1041.65;1041.65;0.05;49.65;1041.65
04.01.2017 04:19;1041.65;1041.65;1041.65;1041.65;0.02;25.82;1041.65
04.01.2017 04:20;1042;1042;1042;1042;1.01;1051.3;1042
04.01.2017 04:21;1041.65;1041.65;1041.65;1041.65;0.02;23.6;1041.65
04.01.2017 04:22;1041.65;1041.65;1041.65;1041.65;0.22;225.28;1041.65
04.01.2017 04:23;1041.65;1041.65;1041.65;1041.65;0.5;520.83;1041.65
04.01.2017 04:24;1042;1042;1042;1042;1.91;1990.22;1042
04.01.2017 04:25;1042;1043;1042;1042.97;17.78;18537.44;1042.86
04.01.2017 04:26;1041.06;1042.97;1041.06;1042.97;5.18;5395.3;1041.13
04.01.2017 04:27;1042.98;1044;1042.98;1044;19.97;20834.59;1043.29
04.01.2017 04:28;0;0;0;0;0;0;0
04.01.2017 04:29;1043.96;1043.96;1043.96;1043.96;1.18;1226.76;1043.96
04.01.2017 04:30;1043.35;1044.19;1043.34;1044.19;23.29;24309.56;1043.96
04.01.2017 04:31;0;0;0;0;0;0;0
04.01.2017 04:32;1044.19;1046;1044.19;1046;20.07;20981.97;1045.24
04.01.2017 04:33;1046;1046;1046;1046;0.01;10;1046
04.01.2017 04:34;1045.5;1045.5;1045.5;1045.5;0.07;69.49;1045.5
04.01.2017 04:35;1045.5;1045.5;1045.5;1045.5;0.68;712.72;1045.5
04.01.2017 04:36;1045.49;1045.49;1043.36;1045.46;1.08;1123.98;1043.64
04.01.2017 04:37;1044.68;1044.69;1044.68;1044.69;0.19;195.38;1044.68
04.01.2017 04:38;0;0;0;0;0;0;0
04.01.2017 04:39;0;0;0;0;0;0;0
04.01.2017 04:40;1044.69;1044.69;1044.69;1044.69;0.31;319.47;1044.69
04.01.2017 04:41;1044.37;1044.37;1038.35;1043.03;131.96;137455.74;1041.64
04.01.2017 04:42;0;0;0;0;0;0;0
04.01.2017 04:43;1043.71;1043.71;1043.71;1043.71;0.23;237.8;1043.71
04.01.2017 04:44;0;0;0;0;0;0;0
04.01.2017 04:45;1042.55;1043.16;1042.55;1043.16;1.97;2055.55;1043.01
04.01.2017 04:46;0;0;0;0;0;0;0
04.01.2017 04:47;1042.45;1042.45;1042.45;1042.45;0.5;521.38;1042.45
04.01.2017 04:48;0;0;0;0;0;0;0
04.01.2017 04:49;1042.59;1042.59;1042.59;1042.59;0.04;43.61;1042.59
04.01.2017 04:50;0;0;0;0;0;0;0
04.01.2017 04:51;1043.12;1043.12;1043.12;1043.12;0.84;876.08;1043.12
04.01.2017 04:52;0;0;0;0;0;0;0
04.01.2017 04:53;1043.07;1043.07;1043.07;1043.07;0.16;167.05;1043.07
04.01.2017 04:54;0;0;0;0;0;0;0
04.01.2017 04:55;1042.12;1042.12;1042.12;1042.12;0.19;201.51;1042.12
04.01.2017 04:56;1041.24;1041.24;1041.23;1041.23;0.28;286.96;1041.24
04.01.2017 04:57;1041.23;1042.6;1041.23;1042.6;21.42;22331.48;1042.34
04.01.2017 04:58;1042.62;1042.64;1042.62;1042.64;15.25;15896.49;1042.64
04.01.2017 04:59;0;0;0;0;0;0;0
04.01.2017 05:00;0;0;0;0;0;0;0
04.01.2017 05:01;0;0;0;0;0;0;0
04.01.2017 05:02;0;0;0;0;0;0;0
04.01.2017 05:03;1042.34;1042.34;1041.24;1041.24;7.89;8220.66;1042.22
04.01.2017 05:04;1042.61;1042.62;1042.61;1042.62;0.96;1002.4;1042.62
04.01.2017 05:05;1042.62;1042.62;1042.62;1042.62;1.91;1992.32;1042.62
04.01.2017 05:06;1042.62;1042.62;1042.62;1042.62;6.71;6994.29;1042.62
04.01.2017 05:07;1042.62;1042.62;1042.62;1042.62;1.97;2056.05;1042.62
04.01.2017 05:08;0;0;0;0;0;0;0
04.01.2017 05:09;1042.62;1042.62;1042.62;1042.62;10.22;10657.34;1042.62
04.01.2017 05:10;1044.62;1045.5;1043.11;1043.11;1.19;1245.23;1045.19
04.01.2017 05:11;1045.11;1045.11;1045.11;1045.11;0.02;20.9;1045.11
04.01.2017 05:12;1045.5;1046.99;1045.5;1046.99;35.88;37521.47;1045.86
04.01.2017 05:13;1045.97;1045.99;1045.97;1045.99;1.85;1939.77;1045.98
04.01.2017 05:14;1046.89;1047.76;1046.89;1047.76;16.81;17601.6;1047.28
04.01.2017 05:15;1047.03;1047.69;1047;1047.69;21.25;22253.4;1047.04
04.01.2017 05:16;1047.75;1047.95;1047.75;1047.95;2.6;2721.8;1047.84
04.01.2017 05:17;1047.95;1048;1047.95;1048;24.91;26101.74;1047.97
04.01.2017 05:18;1048;1049;1048;1049;24.08;25250.97;1048.74
04.01.2017 05:19;1049;1049;1049;1049;15.94;16720.38;1049
04.01.2017 05:20;1049;1049;1047.96;1049;15.88;16661.04;1048.99
04.01.2017 05:21;1049;1049.88;1049;1049.88;12.68;13306.01;1049.68
04.01.2017 05:22;1049.86;1050;1049.86;1050;36.55;38370.74;1049.91
04.01.2017 05:23;1050;1050;1050;1050;52.51;55140.42;1050
04.01.2017 05:24;1050;1053.78;1050;1051.92;69.26;72812.2;1051.26
04.01.2017 05:25;1051.89;1054.72;1050.36;1050.36;21.86;23045.4;1054.2
04.01.2017 05:26;1052.32;1052.32;1052.32;1052.32;0.08;85.37;1052.32
04.01.2017 05:27;1051.02;1051.02;1051.02;1051.02;1.43;1502.96;1051.02
04.01.2017 05:28;1051.72;1051.72;1050.27;1050.27;8.56;8994.65;1051.07
04.01.2017 05:29;1050.52;1050.52;1050.52;1050.52;0.95;997.99;1050.52
04.01.2017 05:30;1048.39;1050.5;1048.39;1048.42;2.89;3033.29;1048.55
04.01.2017 05:31;1048.46;1050.37;1048.46;1050.37;2.56;2685.43;1050.16
04.01.2017 05:32;1049.64;1049.64;1049.64;1049.64;0.17;173.42;1049.64
04.01.2017 05:33;1048.83;1048.83;1041.62;1043.66;90.55;94637.3;1045.14
04.01.2017 05:34;0;0;0;0;0;0;0
04.01.2017 05:35;1047.7;1050.35;1047.7;1047.7;20.5;21524.44;1049.97
04.01.2017 05:36;1047.82;1047.82;1047.82;1047.82;0.04;41.91;1047.82
04.01.2017 05:37;1046.69;1047.24;1046.69;1047.24;1.02;1066.5;1046.73
04.01.2017 05:38;1047.79;1047.81;1047.66;1047.66;1.02;1068.75;1047.8
04.01.2017 05:39;1045.63;1047.9;1045.63;1047.9;0.47;496.3;1047.76
04.01.2017 05:40;1048.55;1048.55;1045.89;1047.8;2.03;2131.07;1047.72
04.01.2017 05:41;1046.1;1046.1;1046.1;1046.1;0.05;55.44;1046.1
04.01.2017 05:42;1047.8;1047.8;1041.62;1044.1;77.12;80469.25;1043.46
04.01.2017 05:43;1044.09;1047.27;1043.43;1047.12;6.02;6301.93;1046.79
04.01.2017 05:44;1047.22;1047.24;1046.71;1047.16;3.08;3225.09;1047.04
04.01.2017 05:45;0;0;0;0;0;0;0
04.01.2017 05:46;1044.86;1044.86;1044.73;1044.73;3.95;4131.42;1044.74
04.01.2017 05:47;1045.29;1045.29;1041.62;1041.62;38.39;40059.02;1043.45
04.01.2017 05:48;1043.22;1045.51;1043.22;1045.51;2;2088.94;1044.47
04.01.2017 05:49;1045.36;1046;1045.36;1045.47;2;2090.86;1045.43
04.01.2017 05:50;1045.99;1045.99;1045.99;1045.99;1;1045.99;1045.99
04.01.2017 05:51;0;0;0;0;0;0;0
04.01.2017 05:52;1047.15;1047.15;1047.15;1047.15;0.07;70.09;1047.15
04.01.2017 05:53;1047.78;1047.78;1047.78;1047.78;13.23;13860.23;1047.78
04.01.2017 05:54;0;0;0;0;0;0;0
04.01.2017 05:55;1047.79;1047.79;1047.79;1047.79;0.09;95.77;1047.79
04.01.2017 05:56;1047.79;1047.79;1047.79;1047.79;5;5238.95;1047.79
04.01.2017 05:57;1047.79;1047.79;1047.79;1047.79;0.03;29.89;1047.79
04.01.2017 05:58;0;0;0;0;0;0;0
04.01.2017 05:59;0;0;0;0;0;0;0
04.01.2017 06:00;1047.79;1047.79;1047.79;1047.79;0.28;293.33;1047.79
04.01.2017 06:01;1047.54;1047.54;1047.54;1047.54;0.5;523.77;1047.54
04.01.2017 06:02;0;0;0;0;0;0;0
04.01.2017 06:03;1047.78;1047.79;1047.78;1047.79;5.09;5334.17;1047.79
04.01.2017 06:04;1047.78;1048.03;1046.74;1048.03;31.78;33303.71;1047.79
04.01.2017 06:05;1049.99;1049.99;1049.99;1049.99;20;20999.8;1049.99
04.01.2017 06:06;1048.5;1048.5;1048.5;1048.5;0.9;943.65;1048.5
04.01.2017 06:07;1048.38;1048.51;1048.38;1048.5;1.3;1363.06;1048.42
04.01.2017 06:08;0;0;0;0;0;0;0
04.01.2017 06:09;1048.02;1048.02;1048.02;1048.02;1.3;1362.43;1048.02
04.01.2017 06:10;1048.02;1048.77;1048.02;1048.77;0.47;494.55;1048.38
04.01.2017 06:11;1048;1048.01;1048;1048;10.22;10715.17;1048
04.01.2017 06:12;1048;1048;1048;1048;0.9;943.2;1048
04.01.2017 06:13;1048.77;1049.96;1048.77;1049.96;0.07;70.79;1048.77
04.01.2017 06:14;1049.96;1049.96;1038.35;1038.35;130.19;135782.23;1042.95
04.01.2017 06:15;1045.31;1048.01;1045.31;1048.01;22.14;23202.41;1047.88
04.01.2017 06:16;1044.56;1044.56;1038.35;1044.56;28.29;29477.65;1042.17
04.01.2017 06:17;0;0;0;0;0;0;0
04.01.2017 06:18;0;0;0;0;0;0;0
04.01.2017 06:19;0;0;0;0;0;0;0
04.01.2017 06:20;0;0;0;0;0;0;0
04.01.2017 06:21;1044.47;1044.47;1044.47;1044.47;0.01;5.99;1044.47
04.01.2017 06:22;1044.56;1045.23;1040.52;1040.52;15.07;15697.14;1041.69
04.01.2017 06:23;1045.18;1045.18;1043;1043.82;0.94;985.2;1043.95
04.01.2017 06:24;1043.82;1045;1043.82;1045;0.44;458.79;1044.34
04.01.2017 06:25;1044.83;1044.85;1044.79;1044.8;1.65;1722.93;1044.82
04.01.2017 06:26;1044.7;1044.7;1043;1043;0.51;533.21;1044.67
04.01.2017 06:27;1044.54;1044.54;1043;1044.42;3.25;3394.86;1044.4
04.01.2017 06:28;1044.35;1044.35;1044.33;1044.33;10.03;10479.53;1044.35
04.01.2017 06:29;1044.89;1044.89;1044.81;1044.81;1.12;1166.09;1044.88
04.01.2017 06:30;0;0;0;0;0;0;0
04.01.2017 06:31;1044.85;1044.89;1044.85;1044.89;2;2089.76;1044.88
04.01.2017 06:32;1044.87;1044.87;1044.87;1044.87;0.09;93.41;1044.87
04.01.2017 06:33;1044.11;1044.11;1044.11;1044.11;0.04;43.85;1044.11
04.01.2017 06:34;0;0;0;0;0;0;0
04.01.2017 06:35;1044.09;1044.09;1044.09;1044.09;12.94;13510.52;1044.09
04.01.2017 06:36;0;0;0;0;0;0;0
04.01.2017 06:37;0;0;0;0;0;0;0
04.01.2017 06:38;1044.09;1044.11;1044.09;1044.11;7.11;7423.48;1044.09
04.01.2017 06:39;1044.11;1044.11;1044.11;1044.11;0.05;55.76;1044.11
04.01.2017 06:40;1044.09;1044.11;1044.09;1044.11;2.08;2172.65;1044.11
04.01.2017 06:41;0;0;0;0;0;0;0
04.01.2017 06:42;1044.37;1044.37;1044.36;1044.36;1.16;1206.7;1044.36
04.01.2017 06:43;1044.7;1044.7;1044.7;1044.7;0.01;11.61;1044.7
04.01.2017 06:44;0;0;0;0;0;0;0
04.01.2017 06:45;1044.78;1044.78;1044.33;1044.33;5.88;6142.48;1044.67
04.01.2017 06:46;1044.78;1044.78;1044.78;1044.78;1.57;1637.72;1044.78
04.01.2017 06:47;1044.78;1044.78;1044.78;1044.78;14;14626.92;1044.78
04.01.2017 06:48;0;0;0;0;0;0;0
04.01.2017 06:49;1044.78;1044.84;1044.78;1044.84;0.96;998.64;1044.8
04.01.2017 06:50;1044.84;1044.89;1044.84;1044.89;23.03;24068.11;1044.85
04.01.2017 06:51;1044.89;1044.89;1044.89;1044.89;2.17;2262.99;1044.89
04.01.2017 06:52;1044.89;1044.89;1044.89;1044.89;3.71;3879.98;1044.89
04.01.2017 06:53;1044.89;1047.79;1044.87;1047.79;6.27;6553.59;1044.9
04.01.2017 06:54;1046.86;1049.96;1045.06;1049.96;20.06;21030.93;1048.46
04.01.2017 06:55;0;0;0;0;0;0;0
04.01.2017 06:56;0;0;0;0;0;0;0
04.01.2017 06:57;1047;1047;1047;1047;0.33;350.43;1047
04.01.2017 06:58;1047.03;1047.03;1046.17;1046.17;0.76;795.19;1046.46
04.01.2017 06:59;0;0;0;0;0;0;0
04.01.2017 07:00;1047.04;1047.04;1047.04;1047.04;1.5;1570.56;1047.04
04.01.2017 07:01;1047.04;1047.04;1047.03;1047.03;3.24;3395.59;1047.04
04.01.2017 07:02;0;0;0;0;0;0;0
04.01.2017 07:03;1047.04;1047.04;1047.04;1047.04;3;3141.12;1047.04
04.01.2017 07:04;1047.04;1047.04;1047.04;1047.04;11;11516.84;1047.04
04.01.2017 07:05;1047.04;1047.04;1047.04;1047.04;6.75;7068.82;1047.04
04.01.2017 07:06;1047.04;1047.04;1047.04;1047.04;13.25;13871.98;1047.04
04.01.2017 07:07;1048;1048;1048;1048;0.1;104.8;1048
04.01.2017 07:08;1049.69;1049.96;1049.68;1049.68;12.42;13037.04;1049.93
04.01.2017 07:09;1049.11;1049.11;1049.08;1049.08;0.7;733.73;1049.09
04.01.2017 07:10;1049.06;1049.84;1049.06;1049.81;15.42;16178.6;1049.1
04.01.2017 07:11;1049.78;1049.96;1047.36;1047.36;5.73;6019.34;1049.86
04.01.2017 07:12;1049.79;1049.79;1049.79;1049.79;0.14;149.39;1049.79
04.01.2017 07:13;0;0;0;0;0;0;0
04.01.2017 07:14;1049.93;1049.94;1049.93;1049.94;0.25;263.49;1049.93
04.01.2017 07:15;1049.95;1055;1049.95;1050.88;74.86;78675.61;1051.03
04.01.2017 07:16;1051.15;1051.15;1051.15;1051.15;0.17;176.23;1051.15
04.01.2017 07:17;1052.7;1052.96;1052.56;1052.93;0.39;407.49;1052.94
04.01.2017 07:18;1052.52;1053.02;1051.48;1051.48;10.17;10708.36;1052.83
04.01.2017 07:19;0;0;0;0;0;0;0
04.01.2017 07:20;0;0;0;0;0;0;0
04.01.2017 07:21;0;0;0;0;0;0;0
04.01.2017 07:22;0;0;0;0;0;0;0
04.01.2017 07:23;1050.12;1050.12;1050.05;1050.05;0.12;129.99;1050.11
04.01.2017 07:24;1050.12;1051;1050.12;1051;0.06;64.6;1050.38
04.01.2017 07:25;1050.99;1055;1050.99;1051.61;20.01;21073.8;1052.92
04.01.2017 07:26;1051.61;1051.7;1051.61;1051.7;0.54;567.88;1051.64
04.01.2017 07:27;1052.02;1052.02;1052.02;1052.02;0.09;91.26;1052.02
04.01.2017 07:28;1052.12;1052.12;1052.12;1052.12;0.03;31.56;1052.12
04.01.2017 07:29;1052.47;1054.63;1052.47;1054.63;6.96;7331.8;1053.64
04.01.2017 07:30;0;0;0;0;0;0;0
04.01.2017 07:31;1052.08;1052.08;1052.08;1052.08;0.5;526.04;1052.08
04.01.2017 07:32;1052;1052;1051;1051;0.07;71.59;1051.59
04.01.2017 07:33;1051;1051.98;1051;1051.98;0.27;282.53;1051.8
04.01.2017 07:34;1051.98;1053.79;1051.63;1053.55;6.29;6624.85;1053.15
04.01.2017 07:35;1053.15;1053.17;1053.15;1053.15;1.64;1729.99;1053.15
04.01.2017 07:36;1053.54;1053.57;1053.15;1053.57;12.87;13562.32;1053.57
04.01.2017 07:37;1053.57;1053.57;1053.57;1053.57;0.78;824.54;1053.57
04.01.2017 07:38;1053.57;1053.57;1053.57;1053.57;0.2;210.71;1053.57
04.01.2017 07:39;0;0;0;0;0;0;0
04.01.2017 07:40;1053.57;1053.57;1053.57;1053.57;0.02;16.26;1053.57
04.01.2017 07:41;1053.57;1053.57;1053.57;1053.57;0.38;399;1053.57
04.01.2017 07:42;1053.57;1053.57;1053.57;1053.57;0.02;18.5;1053.57
04.01.2017 07:43;1053.57;1053.57;1053.57;1053.57;3.4;3582.14;1053.57
04.01.2017 07:44;1053.57;1053.57;1053.16;1053.57;1.71;1800.42;1053.45
04.01.2017 07:45;1053.57;1054.1;1053.57;1053.57;12;12642.94;1053.58
04.01.2017 07:46;1053.57;1053.57;1053.57;1053.57;9.03;9508.47;1053.57
04.01.2017 07:47;1053.57;1054.75;1053.57;1054.75;5.34;5631.47;1054.2
04.01.2017 07:48;1053.25;1053.25;1053.25;1053.25;0.09;89.65;1053.25
04.01.2017 07:49;1054.72;1054.72;1053.33;1053.33;1.88;1978.78;1053.34
04.01.2017 07:50;1054.71;1054.75;1054.71;1054.75;1.69;1780.26;1054.73
04.01.2017 07:51;1054.73;1054.75;1054.73;1054.75;0.4;417.56;1054.74
04.01.2017 07:52;1054.75;1054.75;1054.31;1054.73;0.2;210.94;1054.7
04.01.2017 07:53;1054.73;1055;1054.73;1055;4.14;4365.27;1054.81
04.01.2017 07:54;1054.76;1054.76;1054.75;1054.75;2.67;2813.34;1054.75
04.01.2017 07:55;1054.89;1057;1054.88;1056.98;21.7;22921.03;1056.41
04.01.2017 07:56;1056.79;1056.79;1055;1055;0.14;149.26;1055.13
04.01.2017 07:57;1054.11;1054.56;1052.57;1052.57;15.17;15972.92;1052.59
04.01.2017 07:58;1052.57;1054.59;1052.57;1054.59;5.78;6084.05;1052.57
04.01.2017 07:59;1054.59;1056.98;1054.59;1056.98;10.99;11606.99;1055.94
04.01.2017 08:00;1055.97;1056.46;1055.97;1056.46;0.99;1046.37;1056.23
04.01.2017 08:01;1056.47;1056.8;1056.47;1056.8;1.86;1969.57;1056.47
04.01.2017 08:02;1056.96;1056.96;1054.92;1054.92;0.18;193.56;1056.49
04.01.2017 08:03;0;0;0;0;0;0;0
04.01.2017 08:04;0;0;0;0;0;0;0
04.01.2017 08:05;1056.96;1056.96;1056.96;1056.96;1.5;1584.49;1056.96
04.01.2017 08:06;1055.56;1055.56;1055.56;1055.56;0.05;52.89;1055.56
04.01.2017 08:07;1055.09;1055.09;1055.05;1055.05;1.41;1486.6;1055.06
04.01.2017 08:08;1056;1056.96;1055.07;1055.07;8.08;8537.11;1056.71
04.01.2017 08:09;0;0;0;0;0;0;0
04.01.2017 08:10;0;0;0;0;0;0;0
04.01.2017 08:11;1056.93;1056.96;1056.93;1056.96;5.05;5340.62;1056.96
04.01.2017 08:12;1055.31;1055.31;1055.31;1055.31;0.04;44.24;1055.31
04.01.2017 08:13;1055.31;1055.31;1055.07;1055.08;1.83;1926.83;1055.15
04.01.2017 08:14;1055.07;1055.08;1052.62;1052.65;59.64;62861.74;1053.98
04.01.2017 08:15;1052.66;1052.67;1052.64;1052.64;20;21053.06;1052.65
04.01.2017 08:16;1052.64;1052.65;1052.64;1052.65;12;12631.7;1052.64
04.01.2017 08:17;0;0;0;0;0;0;0
04.01.2017 08:18;1052.65;1052.65;1052.65;1052.65;0.16;167.37;1052.65
04.01.2017 08:19;0;0;0;0;0;0;0
04.01.2017 08:20;1052.65;1052.65;1052.65;1052.65;0.34;358.95;1052.65
04.01.2017 08:21;1054.77;1054.77;1054.76;1054.76;0.15;159.38;1054.76
04.01.2017 08:22;0;0;0;0;0;0;0
04.01.2017 08:23;1054.9;1054.92;1054.9;1054.92;0.96;1013.76;1054.9
04.01.2017 08:24;0;0;0;0;0;0;0
04.01.2017 08:25;1053.08;1054.87;1053.08;1054.87;12.18;12848.14;1054.86
04.01.2017 08:26;1053.51;1053.51;1053.48;1053.48;5;5267.4;1053.48
04.01.2017 08:27;1053.57;1053.59;1053.57;1053.59;0.07;70.06;1053.57
04.01.2017 08:28;1054.9;1054.9;1054.9;1054.9;1;1054.9;1054.9
04.01.2017 08:29;1054.7;1054.7;1053.32;1053.32;9.29;9799.07;1054.7
04.01.2017 08:30;0;0;0;0;0;0;0
04.01.2017 08:31;1054.9;1055.12;1054.08;1054.08;25.79;27206.64;1055.02
04.01.2017 08:32;1055.12;1056.96;1055.12;1056.96;14.69;15498.66;1055.35
04.01.2017 08:33;1056.95;1056.96;1056.06;1056.96;18.94;20018.19;1056.95
04.01.2017 08:34;1056.95;1056.95;1056.95;1056.95;0.02;23.91;1056.95
04.01.2017 08:35;0;0;0;0;0;0;0
04.01.2017 08:36;1056.19;1056.19;1056.14;1056.14;1.62;1707.91;1056.15
04.01.2017 08:37;0;0;0;0;0;0;0
04.01.2017 08:38;1056.14;1056.14;1056.12;1056.12;8.33;8796.46;1056.14
04.01.2017 08:39;1056.12;1056.12;1056.12;1056.12;0.05;52.81;1056.12
04.01.2017 08:40;1056.12;1056.12;1056.12;1056.12;1.02;1080.52;1056.12
04.01.2017 08:41;1056.12;1056.12;1056.12;1056.12;1.07;1130.44;1056.12
04.01.2017 08:42;1056.12;1056.12;1056.12;1056.12;2.25;2376.27;1056.12
04.01.2017 08:43;1056.12;1056.12;1056.12;1056.12;1.11;1167.64;1056.12
04.01.2017 08:44;1056.69;1056.69;1056.69;1056.69;0.28;293.62;1056.69
04.01.2017 08:45;1056.69;1056.69;1056.69;1056.69;31.73;33528.22;1056.69
04.01.2017 08:46;1056.7;1057;1056.7;1057;32.29;34127.99;1056.97
04.01.2017 08:47;1057;1057;1057;1057;34;35938;1057
04.01.2017 08:48;1056.6;1056.6;1056.6;1056.6;0.01;6.78;1056.6
04.01.2017 08:49;1056.99;1056.99;1056.99;1056.99;0.96;1013.47;1056.99
04.01.2017 08:50;1056.99;1057;1056.6;1056.6;6.53;6899.65;1056.9
04.01.2017 08:51;1056.99;1057;1056.99;1057;0.25;268.44;1056.99
04.01.2017 08:52;0;0;0;0;0;0;0
04.01.2017 08:53;1056.15;1056.81;1056.15;1056.81;0.73;776.48;1056.72
04.01.2017 08:54;1056.83;1056.83;1056.81;1056.81;2.74;2895.28;1056.81
04.01.2017 08:55;1056.98;1057;1056.81;1056.81;23.77;25124.13;1056.97
04.01.2017 08:56;1056.81;1057;1056.81;1057;0.31;326.64;1056.95
04.01.2017 08:57;1056.81;1056.81;1056.81;1056.81;13.73;14513.38;1056.81
04.01.2017 08:58;1056.81;1057;1056.81;1056.81;13.22;13972.22;1056.82
04.01.2017 08:59;1056.81;1056.97;1055.69;1055.69;46.47;49090.48;1056.32
04.01.2017 09:00;1055.7;1055.7;1053.03;1053.03;23.32;24559.12;1053.14
04.01.2017 09:01;1053.42;1054.92;1053.42;1053.6;18.41;19415.96;1054.62
04.01.2017 09:02;1054;1055.69;1054;1055.69;0.3;321.88;1055.41
04.01.2017 09:03;1055.69;1057;1055.69;1057;18.84;19912.09;1057
04.01.2017 09:04;1056.99;1056.99;1053.96;1056.99;3.77;3977.7;1055.49
04.01.2017 09:05;1056.99;1056.99;1054.65;1056.99;5.48;5794.9;1056.98
04.01.2017 09:06;1056.99;1056.99;1054.67;1056.99;3.6;3809.48;1056.97
04.01.2017 09:07;1056.99;1056.99;1056.99;1056.99;7.09;7490.64;1056.99
04.01.2017 09:08;1056.99;1057.03;1056.99;1057;17.08;18054.04;1057
04.01.2017 09:09;1056.29;1057.03;1056.28;1057.03;13.39;14158.5;1057.01
04.01.2017 09:10;1057.03;1057.03;1057.03;1057.03;15.6;16490.44;1057.03
04.01.2017 09:11;1057.03;1057.03;1057.02;1057.03;8.83;9335.68;1057.03
04.01.2017 09:12;1057.03;1057.03;1057.03;1057.03;13.76;14547.71;1057.03
04.01.2017 09:13;1057.03;1057.12;1057.03;1057.11;10.38;10976.33;1057.11
04.01.2017 09:14;1057.11;1057.73;1057.11;1057.73;10.99;11619.68;1057.32
04.01.2017 09:15;1057.73;1057.73;1057.1;1057.71;5.45;5765.79;1057.72
04.01.2017 09:16;1057.71;1057.71;1057.12;1057.71;7.57;8003.32;1057.64
04.01.2017 09:17;1057.71;1057.72;1057.71;1057.72;11.63;12299.39;1057.72
04.01.2017 09:18;1057.72;1057.73;1057.72;1057.73;43.82;46347.8;1057.73
04.01.2017 09:19;1057.73;1059.37;1057.73;1059.37;14.95;15826.59;1058.61
04.01.2017 09:20;1059.37;1059.37;1058.07;1059.37;2.39;2530.82;1059.13
04.01.2017 09:21;1059.37;1059.7;1059.37;1059.7;4.64;4920.12;1059.47
04.01.2017 09:22;1059.7;1059.95;1058.11;1058.16;35.79;37879.6;1058.26
04.01.2017 09:23;1058.15;1059.66;1058.15;1059.52;4.15;4389;1058.48
04.01.2017 09:24;1059.45;1059.51;1059.44;1059.49;47.32;50136;1059.47
04.01.2017 09:25;1059.5;1059.59;1059.5;1059.59;21.14;22397.93;1059.55
04.01.2017 09:26;1059.59;1059.59;1059.59;1059.59;3.97;4202.09;1059.59
04.01.2017 09:27;1059.59;1059.7;1059.59;1059.7;20.33;21545.35;1059.68
04.01.2017 09:28;1059.7;1059.7;1059.6;1059.7;29.22;30959.16;1059.66
04.01.2017 09:29;1059.7;1061.43;1059.6;1060.1;121.24;128515.96;1059.98
04.01.2017 09:30;1061.43;1061.43;1060.14;1061.42;25.66;27238.86;1061.41
04.01.2017 09:31;1061.42;1061.42;1060.58;1061.4;29.44;31245.39;1061.38
04.01.2017 09:32;1061.35;1061.43;1060.82;1061.43;27.84;29552.47;1061.41
04.01.2017 09:33;1061.1;1061.1;1061.1;1061.1;0.12;127.33;1061.1
04.01.2017 09:34;1061.18;1061.18;1061.18;1061.18;11.97;12702.82;1061.18
04.01.2017 09:35;1061.17;1061.79;1060;1061.78;9.95;10557.82;1061.21
04.01.2017 09:36;1060.51;1060.51;1060.5;1060.51;2.02;2144.64;1060.51
04.01.2017 09:37;0;0;0;0;0;0;0
04.01.2017 09:38;1061.26;1061.27;1061.26;1061.26;2.86;3032.8;1061.27
04.01.2017 09:39;1061.27;1061.27;1061.26;1061.26;0.31;331.95;1061.26
04.01.2017 09:40;1060.7;1061.89;1060.61;1060.61;5.87;6228.75;1060.7
04.01.2017 09:41;1060.5;1061.38;1060.02;1061.38;1.07;1132.83;1060.45
04.01.2017 09:42;0;0;0;0;0;0;0
04.01.2017 09:43;1060.03;1061.9;1060.03;1061.9;0.19;205.81;1061.78
04.01.2017 09:44;1061.79;1061.79;1061.78;1061.78;0.33;352.79;1061.78
04.01.2017 09:45;1061.78;1061.88;1061.25;1061.85;21.38;22696.47;1061.78
04.01.2017 09:46;1061.81;1061.82;1061.79;1061.79;1.93;2054.03;1061.81
04.01.2017 09:47;1061.79;1061.79;1061.17;1061.17;0.59;625.07;1061.23
04.01.2017 09:48;0;0;0;0;0;0;0
04.01.2017 09:49;1061.82;1061.82;1061.01;1061.01;10.63;11277.18;1061.35
04.01.2017 09:50;1061.81;1061.88;1061.81;1061.88;0.09;99.49;1061.84
04.01.2017 09:51;1061.01;1061.92;1061.01;1061.92;16.54;17558.36;1061.86
04.01.2017 09:52;1061.92;1061.92;1061.92;1061.92;0.02;25.43;1061.92
04.01.2017 09:53;1061.24;1062.4;1061.24;1062.4;3.63;3858.08;1061.95
04.01.2017 09:54;1062.46;1063.89;1062.46;1063.89;3.35;3559.44;1062.97
04.01.2017 09:55;1063.89;1064.91;1063.53;1064.91;16.61;17667.46;1063.95
04.01.2017 09:56;1064.02;1064.91;1064.02;1064.91;0.94;996.91;1064.49
04.01.2017 09:57;0;0;0;0;0;0;0
04.01.2017 09:58;1064.9;1064.91;1064.9;1064.91;7.38;7857.37;1064.9
04.01.2017 09:59;1064.91;1065;1064.91;1065;17.44;18571.2;1064.94
04.01.2017 10:00;1065;1065;1065;1065;2.37;2529.04;1065
04.01.2017 10:01;1065;1065;1065;1065;1.7;1811.25;1065
04.01.2017 10:02;1065;1065;1064.18;1064.18;2.42;2578.57;1064.2
04.01.2017 10:03;1064.18;1064.18;1062.91;1063.72;63.03;67006.01;1063.01
04.01.2017 10:04;1063.68;1064.57;1063.03;1063.03;18.9;20113.78;1064.22
04.01.2017 10:05;1064.67;1065;1063.16;1063.16;20.91;22268.24;1064.89
04.01.2017 10:06;1063.29;1065;1063.29;1065;8;8520.49;1064.78
04.01.2017 10:07;1064.99;1064.99;1063.55;1063.55;0.27;291.75;1064.2
04.01.2017 10:08;0;0;0;0;0;0;0
04.01.2017 10:09;1065;1065;1065;1065;0.13;137.12;1065
04.01.2017 10:10;1065;1066.52;1065;1065.91;4.68;4988.77;1065.41
04.01.2017 10:11;1066.56;1066.56;1066.02;1066.08;2.54;2704.46;1066.05
04.01.2017 10:12;0;0;0;0;0;0;0
04.01.2017 10:13;1066.62;1066.63;1065.01;1065.01;25.83;27532.87;1065.91
04.01.2017 10:14;1066.48;1066.48;1063.64;1063.64;6.73;7164.35;1064.07
04.01.2017 10:15;1066.15;1066.98;1065.9;1066.98;23.02;24544.94;1066.24
04.01.2017 10:16;1066.98;1066.98;1066.98;1066.98;1.76;1877.99;1066.98
04.01.2017 10:17;1066.98;1066.98;1066.98;1066.98;0.4;424.98;1066.98
04.01.2017 10:18;1066.91;1066.98;1066.91;1066.98;1.05;1120.68;1066.98
04.01.2017 10:19;1066.91;1066.98;1066.91;1066.98;1.44;1533.46;1066.93
04.01.2017 10:20;1066.97;1066.98;1066.97;1066.98;1.13;1205.68;1066.97
04.01.2017 10:21;1066.9;1066.9;1066.9;1066.9;3.15;3359.72;1066.9
04.01.2017 10:22;1066.98;1066.98;1066.98;1066.98;1;1066.98;1066.98
04.01.2017 10:23;1066.9;1066.9;1065.58;1065.58;0.81;863.68;1066.28
04.01.2017 10:24;1065.67;1065.67;1065.67;1065.67;1.85;1969.32;1065.67
04.01.2017 10:25;1066.68;1066.98;1065.8;1066.66;11.02;11755.85;1066.68
04.01.2017 10:26;1066.98;1066.98;1066.74;1066.98;3.77;4026.05;1066.92
04.01.2017 10:27;1066.98;1066.98;1066.85;1066.87;2.74;2923.84;1066.87
04.01.2017 10:28;0;0;0;0;0;0;0
04.01.2017 10:29;1066.98;1068.51;1066.02;1066.02;24.88;26564.81;1067.76
04.01.2017 10:30;1068.48;1068.48;1066.05;1067.24;13.66;14596.47;1068.47
04.01.2017 10:31;1067.24;1069.49;1067.24;1069.48;17.82;19043.58;1068.68
04.01.2017 10:32;1068;1068;1068;1068;0.26;278.27;1068
04.01.2017 10:33;1067.98;1069.48;1067.98;1069.48;2.13;2277.22;1068.19
04.01.2017 10:34;1069.48;1069.48;1069.48;1069.48;0.35;377.28;1069.48
04.01.2017 10:35;1069.47;1070;1069.47;1070;9.69;10370.48;1069.84
04.01.2017 10:36;1069.86;1070;1069.86;1069.86;21.82;23344.98;1069.99
04.01.2017 10:37;1070;1070;1068.58;1069.99;11.46;12255.62;1069.87
04.01.2017 10:38;1069.11;1069.99;1069.02;1069.99;0.47;497.8;1069.5
04.01.2017 10:39;1069.98;1070;1069.98;1070;13.95;14926.49;1070
04.01.2017 10:40;1070;1071.18;1069.1;1069.1;50.23;53778.62;1070.69
04.01.2017 10:41;1070.1;1070.1;1070.03;1070.03;24.39;26094.82;1070.04
04.01.2017 10:42;1070.03;1070.04;1070.03;1070.03;25.86;27665.84;1070.03
04.01.2017 10:43;1070.04;1071.39;1070.03;1071.39;3.35;3583.58;1070.34
04.01.2017 10:44;1070.08;1073.84;1070.08;1071.52;53.45;57285.03;1071.83
04.01.2017 10:45;1071.55;1073.88;1070.47;1071.05;22.05;23636.17;1071.8
04.01.2017 10:46;1073.27;1073.27;1072.89;1072.89;1.4;1496.9;1072.91
04.01.2017 10:47;1072.89;1073.89;1072.46;1073.65;12.42;13330.59;1073.24
04.01.2017 10:48;1073.89;1074.2;1073.66;1073.68;7.93;8520.18;1073.87
04.01.2017 10:49;1073.69;1075;1073.66;1074.06;44.31;47614.45;1074.64
04.01.2017 10:50;1074.38;1075;1074.38;1075;12.92;13886.88;1074.97
04.01.2017 10:51;1075;1076.21;1074.55;1076.2;9.03;9719.35;1075.82
04.01.2017 10:52;1076.22;1076.22;1076.22;1076.22;9.77;10512.34;1076.22
04.01.2017 10:53;1076.22;1076.22;1076.22;1076.22;11.84;12739.67;1076.22
04.01.2017 10:54;1076.25;1076.33;1076.25;1076.33;20.36;21918.81;1076.3
04.01.2017 10:55;1076.89;1077;1076.89;1077;24.18;26043.19;1077
04.01.2017 10:56;1077;1077;1076.62;1076.62;16.01;17242.76;1076.98
04.01.2017 10:57;1077;1077.03;1076.7;1077.03;61.39;66121.45;1077
04.01.2017 10:58;1077.06;1077.93;1077.06;1077.93;6.22;6704.59;1077.16
04.01.2017 10:59;1077.65;1078;1077.32;1078;4.27;4607.68;1077.97
04.01.2017 11:00;1078;1078;1077.73;1078;9.32;10048.34;1078
04.01.2017 11:01;1078;1078;1078;1078;3.84;4136.31;1078
04.01.2017 11:02;1078;1078.03;1078;1078.03;5.69;6132.13;1078
04.01.2017 11:03;1078.08;1078.18;1078.08;1078.18;1.05;1131.19;1078.09
04.01.2017 11:04;1078.09;1079.19;1078.08;1079.19;13;14012.57;1078.2
04.01.2017 11:05;1078.44;1081.15;1078.44;1080.02;60.6;65445.74;1079.98
04.01.2017 11:06;1081.05;1082.77;1080.33;1080.33;15.18;16421.28;1081.92
04.01.2017 11:07;1082.75;1082.77;1082.75;1082.75;11.59;12546.63;1082.76
04.01.2017 11:08;1080.09;1081.36;1080.08;1081.36;5.13;5538.05;1080.1
04.01.2017 11:09;1080.87;1080.87;1080.08;1080.08;1.02;1102.59;1080.47
04.01.2017 11:10;1080.08;1081.29;1080.01;1081.2;14.34;15492.33;1080.72
04.01.2017 11:11;1080.02;1080.02;1080.02;1080.02;3.1;3345.82;1080.02
04.01.2017 11:12;1081.29;1081.29;1080.02;1081.01;2.98;3216.71;1080.82
04.01.2017 11:13;1081.01;1081.27;1080;1080;22.36;24151.39;1080.21
04.01.2017 11:14;1081;1081.27;1081;1081.27;1.52;1638.36;1081
04.01.2017 11:15;1081.27;1082.74;1081.01;1082.65;36.86;39894.89;1082.29
04.01.2017 11:16;1082.65;1082.7;1082.24;1082.7;1.77;1917.67;1082.68
04.01.2017 11:17;1082.77;1082.77;1082.71;1082.71;5.28;5713.6;1082.77
04.01.2017 11:18;1082.77;1082.77;1082.76;1082.77;9.02;9767.26;1082.77
04.01.2017 11:19;1083;1084;1082.78;1084;6.52;7060.68;1083.6
04.01.2017 11:20;1084.86;1084.99;1084.56;1084.57;12.84;13934.77;1084.92
04.01.2017 11:21;1084.99;1087;1084.99;1086.99;90.34;98093.62;1085.89
04.01.2017 11:22;1085.58;1087;1085.58;1087;26.28;28565.3;1086.94
04.01.2017 11:23;1087;1089.19;1087;1088.99;60.88;66244.63;1088.08
04.01.2017 11:24;1088.87;1089;1087.09;1088.9;24.82;27006.16;1088.21
04.01.2017 11:25;1088.76;1089;1074.64;1074.64;126.35;136686.44;1081.8
04.01.2017 11:26;1074.64;1083.11;1074.64;1082.58;25.36;27407.57;1080.92
04.01.2017 11:27;1083;1084.1;1083;1084.05;9.04;9790.72;1083.15
04.01.2017 11:28;1084.05;1084.06;1078.87;1084.04;15.02;16258.22;1082.15
04.01.2017 11:29;1084.04;1084.04;1076.43;1081;23.21;25039.56;1078.72
04.01.2017 11:30;1081;1081.82;1075.41;1080.27;28.71;30934.1;1077.58
04.01.2017 11:31;1080.02;1080.98;1080;1080;11.41;12319.32;1080.14
04.01.2017 11:32;1079.39;1079.91;1076.04;1076.04;14.01;15101.18;1078.13
04.01.2017 11:33;1077.98;1077.98;1076.68;1077.98;3.04;3272.1;1077.21
04.01.2017 11:34;1077.99;1080.01;1077.99;1080.01;4.55;4908.4;1078.93
04.01.2017 11:35;1080;1081.82;1078;1081.72;36.55;39473.74;1079.96
04.01.2017 11:36;1081.69;1083.26;1081.69;1083.26;10.65;11527.7;1082.11
04.01.2017 11:37;1083.41;1084.84;1082.51;1084.06;6.4;6934.16;1083.89
04.01.2017 11:38;1084.06;1084.06;1082.49;1083.42;6.24;6763.43;1083.41
04.01.2017 11:39;1083;1083;1081.79;1081.79;7.19;7776.57;1081.95
04.01.2017 11:40;1081.79;1082.13;1081.76;1082.12;6.42;6940.26;1081.84
04.01.2017 11:41;1082.12;1082.13;1079;1079;34.38;37125.52;1079.97
04.01.2017 11:42;1079;1081.32;1079;1080.59;7.75;8363.92;1079.73
04.01.2017 11:43;1080.54;1080.54;1079;1079.01;4.8;5184.23;1079.14
04.01.2017 11:44;1079.01;1081.47;1075.28;1075.65;37.97;40909.59;1077.37
04.01.2017 11:45;1075.63;1082.89;1070.03;1075.22;122.67;131768.83;1074.21
04.01.2017 11:46;1075.22;1076.54;1071;1075.93;25.44;27292.51;1072.84
04.01.2017 11:47;1075.93;1078.01;1074.34;1078;18.35;19744.37;1076.04
04.01.2017 11:48;1078;1078.65;1076.09;1076.09;5.31;5717.68;1077.56
04.01.2017 11:49;1079.22;1080.02;1078.01;1080.02;11.94;12885.69;1079.52
04.01.2017 11:50;1079.92;1079.93;1078.67;1079.79;6.7;7237.02;1079.79
04.01.2017 11:51;1079.79;1079.79;1078.62;1079.31;12.25;13229.45;1079.65
04.01.2017 11:52;1079.28;1080.83;1079.28;1080.03;14.97;16156.52;1079.56
04.01.2017 11:53;1080.03;1081.23;1080.02;1081.19;2.21;2392.15;1080.95
04.01.2017 11:54;1081.17;1081.29;1081.17;1081.29;9.49;10263.36;1081.23
04.01.2017 11:55;1081.29;1085;1081.28;1082.27;28.06;30392.69;1083.24
04.01.2017 11:56;1082.27;1083.97;1082;1083.95;19.1;20689.78;1083.19
04.01.2017 11:57;1084.76;1084.77;1083;1083;7.14;7738.93;1083.32
04.01.2017 11:58;1082.49;1082.49;1082.47;1082.47;9.08;9832.01;1082.49
04.01.2017 11:59;1082.27;1082.27;1081.93;1081.93;1.47;1591;1082.26
04.01.2017 12:00;1080.14;1081.79;1080.14;1081.66;15.13;16345.47;1080.39
04.01.2017 12:01;1080.2;1081.66;1080.2;1081.22;0.48;524.23;1081.02
04.01.2017 12:02;1077.83;1080.92;1077.2;1077.2;0.69;738.44;1077.92
04.01.2017 12:03;1080.63;1080.64;1077.28;1077.28;0.95;1022.98;1080.62
04.01.2017 12:04;1080.47;1080.47;1078;1078;5.27;5683.4;1078.1
04.01.2017 12:05;1079.76;1082.52;1078.07;1082.52;55.36;59791.45;1080.06
04.01.2017 12:06;1082.52;1083.03;1079.99;1083.03;3.33;3603.36;1081.86
04.01.2017 12:07;1083;1083;1081.64;1082.49;0.21;225.57;1082.61
04.01.2017 12:08;1082.5;1084.03;1082.5;1084.03;2.92;3159.62;1082.93
04.01.2017 12:09;1084.43;1084.8;1084.11;1084.11;3.69;4006.92;1084.6
04.01.2017 12:10;1084;1085.45;1083.08;1085;7.85;8506.77;1083.88
04.01.2017 12:11;1085.01;1085.01;1083.16;1083.16;15.09;16347.83;1083.31
04.01.2017 12:12;1083.52;1083.52;1083.18;1083.52;1.3;1403.64;1083.51
04.01.2017 12:13;1083.18;1084.95;1083.18;1084.43;1.45;1577.42;1084.66
04.01.2017 12:14;1084.05;1084.43;1084.05;1084.43;1.69;1835.33;1084.11
04.01.2017 12:15;1084.43;1087;1084.43;1086.01;25.65;27850.43;1085.92
04.01.2017 12:16;1085.93;1085.93;1085.93;1085.93;0.09;92.3;1085.93
04.01.2017 12:17;1085.93;1087;1085.67;1085.67;11.68;12689.35;1086.87
04.01.2017 12:18;0;0;0;0;0;0;0
04.01.2017 12:19;1087.96;1087.96;1087.63;1087.63;0.05;57.62;1087.67
04.01.2017 12:20;1087.54;1089;1087.54;1088.95;29.21;31794.41;1088.31
04.01.2017 12:21;1087.97;1089;1086.78;1088.99;12.21;13292.14;1088.86
04.01.2017 12:22;1089;1089.19;1085;1085;45.96;49931.96;1086.4
04.01.2017 12:23;1085;1085;1084.98;1085;20.53;22278.55;1085
04.01.2017 12:24;1084.59;1086.5;1083.29;1086.5;9.66;10479.58;1084.95
04.01.2017 12:25;1086.98;1086.98;1084.98;1086.4;36.83;39995.42;1085.93
04.01.2017 12:26;0;0;0;0;0;0;0
04.01.2017 12:27;1086.82;1086.96;1084.98;1084.98;25.9;28114.51;1085.36
04.01.2017 12:28;1085.04;1086.96;1085.04;1086.95;0.38;408.37;1086.7
04.01.2017 12:29;1086.96;1086.98;1085.12;1086.98;2.8;3041.82;1086.65
04.01.2017 12:30;1086.93;1086.97;1086.53;1086.6;8.69;9442.71;1086.83
04.01.2017 12:31;1086.95;1086.98;1086.93;1086.98;2;2173.9;1086.95
04.01.2017 12:32;1086.97;1086.97;1086.11;1086.11;1.4;1525.64;1086.17
04.01.2017 12:33;1086.76;1086.76;1086.37;1086.37;0.05;52.43;1086.53
04.01.2017 12:34;1085.99;1086.37;1085.99;1085.99;1.33;1448.1;1086.06
04.01.2017 12:35;1086.56;1086.56;1086.04;1086.04;2.8;3045.29;1086.19
04.01.2017 12:36;1086.04;1086.04;1086.01;1086.01;1;1086.02;1086.02
04.01.2017 12:37;1086.52;1086.52;1086.52;1086.52;0.09;103;1086.52
04.01.2017 12:38;1086.42;1086.52;1086.42;1086.52;0.75;819.24;1086.43
04.01.2017 12:39;1086.57;1086.57;1086.57;1086.57;0.09;101.64;1086.57
04.01.2017 12:40;1086.57;1086.57;1085.57;1085.57;37.33;40541.47;1086.08
04.01.2017 12:41;1086.55;1086.99;1085.97;1086.99;16.8;18259.4;1086.56
04.01.2017 12:42;1086.99;1086.99;1085.57;1085.57;6.27;6803.07;1085.89
04.01.2017 12:43;1086.96;1086.99;1085.98;1086.99;4.93;5358;1086.91
04.01.2017 12:44;1086.99;1086.99;1079.89;1086.99;82.57;89493.33;1083.87
04.01.2017 12:45;1086.99;1086.99;1086.97;1086.97;12.28;13345.6;1086.99
04.01.2017 12:46;1086.99;1086.99;1086.99;1086.99;13.3;14455.89;1086.99
04.01.2017 12:47;1086.99;1087.48;1084.3;1087.48;61.84;67162.44;1086.03
04.01.2017 12:48;1087.47;1087.47;1083.5;1087.13;21.43;23247.07;1084.88
04.01.2017 12:49;1087.41;1087.5;1083.57;1087.5;8.47;9210.35;1087.43
04.01.2017 12:50;1087.5;1087.97;1087.49;1087.97;15.5;16854.17;1087.53
04.01.2017 12:51;1087.97;1089.19;1086;1089.19;21.69;23596.03;1088.04
04.01.2017 12:52;1089.19;1089.83;1089.19;1089.82;9.12;9935.07;1089.4
04.01.2017 12:53;1089.83;1089.83;1089.82;1089.83;5.16;5621;1089.83
04.01.2017 12:54;1087.89;1090;1087.89;1089.81;34.29;37371.37;1089.73
04.01.2017 12:55;1089.99;1090;1089.83;1090;26.08;28423.03;1090
04.01.2017 12:56;1089.99;1089.99;1089.8;1089.99;1.7;1849.54;1089.9
04.01.2017 12:57;1089.83;1090;1089.83;1090;17.47;19036.62;1089.97
04.01.2017 12:58;1089.99;1090.47;1085;1089.98;103.62;112783.32;1088.4
04.01.2017 12:59;1089.95;1089.98;1087.79;1088.97;17.12;18657.84;1089.58
04.01.2017 13:00;1088.5;1090.03;1088.04;1090;48.44;52767.17;1089.28
04.01.2017 13:01;1088.16;1090.03;1088.16;1090.03;6.04;6578.36;1089.9
04.01.2017 13:02;1088.4;1090.03;1088.4;1090.02;41.83;45544.86;1088.89
04.01.2017 13:03;1089.14;1089.88;1083.02;1089.7;86.57;94019.55;1086.07
04.01.2017 13:04;1089.7;1090;1089;1089;28.19;30707.98;1089.39
04.01.2017 13:05;1089;1090.47;1089;1090.47;50.92;55506.33;1089.96
04.01.2017 13:06;1090.47;1091.22;1090.46;1091.22;14.21;15500.77;1090.5
04.01.2017 13:07;1091.22;1091.22;1090;1090;6.72;7326.39;1090.26
04.01.2017 13:08;1090.17;1090.17;1086.5;1087.21;11.11;12102.82;1089.29
04.01.2017 13:09;1087.33;1090.01;1087.33;1090;6.18;6731.48;1089.33
04.01.2017 13:10;1090.12;1091.27;1090.02;1091.27;41.16;44888.18;1090.56
04.01.2017 13:11;1090.21;1091.27;1090.21;1091.16;14.4;15714.76;1091.13
04.01.2017 13:12;1090.15;1090.15;1088.28;1088.28;1.45;1575.53;1088.43
04.01.2017 13:13;1089.41;1089.41;1086;1086;36.14;39317.43;1087.92
04.01.2017 13:14;1089.36;1090.29;1086;1090.27;5.45;5933.21;1088.88
04.01.2017 13:15;1090.26;1091.16;1090.25;1090.74;20.35;22194.49;1090.57
04.01.2017 13:16;1090.31;1091;1090.28;1090.98;17.81;19432.44;1090.93
04.01.2017 13:17;1090.28;1090.28;1083.42;1088.36;43;46724.43;1086.5
04.01.2017 13:18;1088.36;1088.36;1085.09;1088.27;0.91;984.54;1087.89
04.01.2017 13:19;1086.05;1087.91;1082.41;1087.8;30.89;33539.69;1085.85
04.01.2017 13:20;1086.25;1088.98;1086.24;1088.98;5.46;5940.61;1087.61
04.01.2017 13:21;1086.32;1088.86;1086.31;1088.86;0.81;880.77;1086.35
04.01.2017 13:22;1088.86;1089.66;1088.86;1088.87;1.8;1961.97;1088.95
04.01.2017 13:23;1088.87;1089.62;1088.87;1089.62;20.65;22497.22;1089.35
04.01.2017 13:24;1089.63;1090.85;1089.63;1090.85;6.34;6916.41;1090.16
04.01.2017 13:25;1090.85;1091;1090.85;1091;45.55;49693.54;1090.99
04.01.2017 13:26;1091;1091;1090.98;1091;38.18;41652.58;1091
04.01.2017 13:27;1091;1091;1090.98;1091;14.68;16011.99;1091
04.01.2017 13:28;1091;1091;1090.98;1091;6.09;6643.1;1091
04.01.2017 13:29;1091;1091.29;1090.98;1091.02;34.81;37980.37;1091.01
04.01.2017 13:30;1091.05;1091.29;1091.05;1091.29;21.58;23545.81;1091.27
04.01.2017 13:31;1091.33;1091.36;1091.32;1091.32;11.13;12145.56;1091.36
04.01.2017 13:32;1091.79;1091.98;1091.79;1091.92;3.53;3859.17;1091.96
04.01.2017 13:33;1091.34;1091.95;1091.34;1091.95;0.09;93.77;1091.59
04.01.2017 13:34;1091.93;1091.93;1091.92;1091.92;3.46;3773.73;1091.92
04.01.2017 13:35;1091.94;1092.97;1090.45;1090.45;43;46946.71;1091.78
04.01.2017 13:36;1092.69;1094.1;1090.45;1094.1;17.41;19027.08;1093
04.01.2017 13:37;1094.1;1094.1;1092.85;1093;5.04;5518.78;1094.08
04.01.2017 13:38;1092.99;1093.97;1092.97;1093.97;3.57;3904.82;1093.13
04.01.2017 13:39;1092;1094.1;1092;1094.1;3.41;3726.78;1094.06
04.01.2017 13:40;1094;1094.1;1092.38;1094.1;6.32;6919.51;1094.05
04.01.2017 13:41;1094.1;1094.96;1091.66;1094.93;21.66;23669.18;1092.97
04.01.2017 13:42;1094.9;1094.9;1093.01;1094.47;2.74;2996.56;1094.38
04.01.2017 13:43;1094.97;1095;1093.2;1094.99;7.22;7910.98;1094.95
04.01.2017 13:44;1094.99;1094.99;1084.1;1094.38;81.71;88932.26;1088.45
04.01.2017 13:45;1092.3;1095;1091.32;1094;42.44;46445.14;1094.32
04.01.2017 13:46;1094;1094.9;1086.42;1093.53;24.03;26235.95;1091.81
04.01.2017 13:47;1089.5;1094.46;1089.5;1092.08;10.54;11513.6;1091.92
04.01.2017 13:48;1092.1;1094.45;1092.08;1094.43;5.83;6373.19;1093.7
04.01.2017 13:49;1094.88;1094.99;1094.88;1094.95;35.49;38857.61;1094.96
04.01.2017 13:50;1094.52;1096;1094.51;1096;94.37;103382.51;1095.46
04.01.2017 13:51;1095;1096;1095;1096;11.58;12684.6;1095.1
04.01.2017 13:52;1096;1097;1094.99;1096.99;29.34;32158.2;1095.9
04.01.2017 13:53;1096.09;1097;1096.09;1097;22.69;24886.8;1096.9
04.01.2017 13:54;1097;1098;1096.22;1098;11.54;12655.9;1096.94
04.01.2017 13:55;1098;1098.76;1097.12;1098.68;28.25;31033.87;1098.45
04.01.2017 13:56;1098;1098.76;1096.17;1098.36;13.79;15143.01;1097.86
04.01.2017 13:57;1098.36;1098.76;1097.04;1098.76;13.02;14306.07;1098.38
04.01.2017 13:58;1098.76;1098.76;1087.8;1093.85;68.41;74725.53;1092.27
04.01.2017 13:59;1092.7;1098;1092.7;1098;18.22;19984.38;1097.04
04.01.2017 14:00;1094.99;1098;1094.99;1098;4.79;5259.15;1096.95
04.01.2017 14:01;1098;1098.58;1098;1098;9.51;10446.39;1098.1
04.01.2017 14:02;1097.84;1098;1097.84;1098;2.18;2393.66;1097.96
04.01.2017 14:03;1097.84;1097.84;1095.79;1095.79;0.74;816.13;1097
04.01.2017 14:04;1096;1097.73;1092.98;1092.98;7.17;7849.15;1094.2
04.01.2017 14:05;1092.17;1095.03;1091.83;1095;32.68;35708.17;1092.6
04.01.2017 14:06;1095;1095.4;1085.18;1086.78;53.11;57917.7;1090.52
04.01.2017 14:07;1086.76;1086.76;1080;1083.1;41.24;44642.28;1082.58
04.01.2017 14:08;1083;1083.1;1081.1;1082.98;28.81;31190.43;1082.6
04.01.2017 14:09;1082.03;1082.97;1060;1066.92;391.02;417282.25;1067.16
04.01.2017 14:10;1066.93;1073.34;1065.84;1072.44;14.83;15867.45;1070.16
04.01.2017 14:11;1072.44;1072.45;1060;1062.96;115.71;123346.31;1066.03
04.01.2017 14:12;1060.01;1067;1059.98;1064.06;247.07;262113.31;1060.91
04.01.2017 14:13;1061.48;1069.9;1059.73;1064.2;74.53;79519.48;1067.01
04.01.2017 14:14;1069.34;1070;1066;1066;44.94;48074.85;1069.65
04.01.2017 14:15;1069.8;1069.99;1066.04;1069.83;10.97;11728.35;1068.99
04.01.2017 14:16;1069.83;1079.33;1069.83;1076.82;64.25;68983.13;1073.65
04.01.2017 14:17;1079.33;1079.34;1075.08;1079;36.69;39602.3;1079.28
04.01.2017 14:18;1078.98;1078.98;1075.09;1075.09;0.01;15.74;1076.32
04.01.2017 14:19;1078.97;1078.97;1075;1075;24.94;26811.7;1075.02
04.01.2017 14:20;1075.95;1075.95;1075.94;1075.94;0.05;56.44;1075.94
04.01.2017 14:21;1077.51;1077.52;1075.1;1077.36;2.66;2865.83;1075.7
04.01.2017 14:22;1077.36;1078.8;1077.36;1078.8;2.49;2690.49;1078.57
04.01.2017 14:23;1078.8;1078.8;1077.37;1077.52;0.31;339.16;1078.29
04.01.2017 14:24;1078.97;1079.76;1078.03;1079.76;3.08;3322.67;1079.43
04.01.2017 14:25;1079.75;1079.75;1079.06;1079.75;24.76;26729.84;1079.72
04.01.2017 14:26;1079.75;1079.9;1079.1;1079.9;1.45;1561.95;1079.81
04.01.2017 14:27;1079.9;1080.25;1079.76;1080.25;3.75;4048.03;1079.98
04.01.2017 14:28;1079.85;1083.4;1078.35;1078.35;34.03;36809.8;1081.85
04.01.2017 14:29;1078.37;1083.15;1078.37;1083.15;2.62;2826.3;1080.47
04.01.2017 14:30;1083.15;1083.15;1078.03;1078.03;22.06;23784.83;1078.11
04.01.2017 14:31;1078.18;1079.72;1078.18;1079.71;1.43;1546.19;1078.4
04.01.2017 14:32;1079.72;1079.75;1079.72;1079.75;13.29;14353.12;1079.75
04.01.2017 14:33;1079.75;1079.82;1079.75;1079.82;7.24;7813.34;1079.75
04.01.2017 14:34;1080.7;1082.22;1080.7;1082.22;2.11;2280.71;1080.9
04.01.2017 14:35;1082.22;1086.05;1082.22;1086.05;20;21669.75;1083.49
04.01.2017 14:36;1086.05;1086.05;1081.88;1082.47;2.71;2932.53;1083.38
04.01.2017 14:37;1086.02;1086.02;1083.94;1084.46;19.07;20688.63;1084.75
04.01.2017 14:38;1084.45;1084.46;1084.06;1084.46;38.21;41437.72;1084.44
04.01.2017 14:39;1084.45;1084.45;1082.96;1083.25;8.42;9120.1;1083.78
04.01.2017 14:40;1084.97;1084.97;1084.88;1084.88;0.14;156.54;1084.89
04.01.2017 14:41;1084.84;1086.01;1084.8;1086.01;12.09;13116.83;1084.86
04.01.2017 14:42;1085.55;1085.55;1085.54;1085.54;3.01;3266.83;1085.55
04.01.2017 14:43;1085.08;1085.55;1084.9;1085.55;14.96;16230.19;1085.11
04.01.2017 14:44;1086.02;1087.18;1085;1087.18;5.15;5596.53;1085.96
04.01.2017 14:45;1085.04;1085.04;1085.03;1085.03;1;1085.03;1085.03
04.01.2017 14:46;1085.12;1086.76;1085.12;1086.76;11.19;12149.11;1085.31
04.01.2017 14:47;1086.7;1086.7;1084.98;1084.98;23.71;25729.61;1085.02
04.01.2017 14:48;1084.98;1085;1080.3;1085;19.71;21351.04;1083.43
04.01.2017 14:49;1085.1;1087.18;1085.1;1087.18;23.6;25634.04;1086.26
04.01.2017 14:50;1087.18;1087.18;1085.16;1086.1;4.28;4647.04;1086.05
04.01.2017 14:51;1085.98;1085.98;1084;1084;15.16;16452.07;1085.09
04.01.2017 14:52;1084.58;1084.94;1084.58;1084.94;0.43;462.36;1084.92
04.01.2017 14:53;1084.25;1084.25;1084;1084;2.6;2815;1084.2
04.01.2017 14:54;0;0;0;0;0;0;0
04.01.2017 14:55;1085.56;1085.56;1084.71;1085.08;34.8;37753.53;1084.86
04.01.2017 14:56;1085.01;1085.01;1085.01;1085.01;0.04;43.73;1085.01
04.01.2017 14:57;1085.82;1086.16;1085.06;1086.15;6.48;7035.76;1085.6
04.01.2017 14:58;1085.08;1086.09;1085.08;1085.99;5.98;6492.29;1085.24
04.01.2017 14:59;1085.05;1086.01;1085.05;1086.01;2.19;2374.85;1086
04.01.2017 15:00;1085.09;1085.09;1084.05;1084.05;28.33;30715.64;1084.3
04.01.2017 15:01;1085.18;1085.21;1085.18;1085.21;7.76;8420.37;1085.21
04.01.2017 15:02;1085.21;1085.21;1085.13;1085.13;3.95;4290.08;1085.19
04.01.2017 15:03;1084.65;1085;1083.98;1085;18.87;20477.04;1084.88
04.01.2017 15:04;1084.97;1085;1083.73;1084.99;12.21;13248.18;1084.8
04.01.2017 15:05;1084.99;1084.99;1083.73;1084.99;2.94;3185.9;1084.94
04.01.2017 15:06;1084.99;1084.99;1083.91;1084.99;16.51;17907.04;1084.94
04.01.2017 15:07;1084.99;1084.99;1084.02;1084.99;2.78;3019.93;1084.98
04.01.2017 15:08;1084.99;1084.99;1084.02;1084.99;2.65;2874.45;1084.98
04.01.2017 15:09;1084.99;1084.99;1084.99;1084.99;2.51;2717.9;1084.99
04.01.2017 15:10;1084.99;1085;1084.02;1085;2.91;3158.02;1084.99
04.01.2017 15:11;1085;1085.21;1084.83;1085.21;13.51;14659.72;1085
04.01.2017 15:12;1085.21;1085.21;1083.73;1084.99;12.59;13661.75;1084.73
04.01.2017 15:13;1084.99;1084.99;1083.76;1084.98;2.94;3184.92;1084.93
04.01.2017 15:14;1084.98;1084.98;1083.76;1083.76;3.68;3987.74;1084.62
04.01.2017 15:15;1084.97;1084.98;1084.97;1084.97;3.07;3328.66;1084.97
04.01.2017 15:16;1084.97;1085.21;1084.96;1085.21;25.8;27994.05;1084.98
04.01.2017 15:17;1085.21;1086;1085.02;1086;10.07;10928.57;1085.26
04.01.2017 15:18;1086;1086;1085.21;1086;8.34;9050.22;1085.45
04.01.2017 15:19;1086;1086;1085.22;1085.92;7.18;7800.46;1085.79
04.01.2017 15:20;1085.92;1085.92;1085.27;1085.29;1.01;1092.09;1085.52
04.01.2017 15:21;1085.98;1086;1085.98;1086;0.58;627.27;1085.99
04.01.2017 15:22;1085.36;1085.36;1083.76;1083.76;17.41;18886.85;1084.93
04.01.2017 15:23;1084.94;1084.94;1083.76;1083.76;18.71;20273.98;1083.76
04.01.2017 15:24;1083.76;1084.88;1083.76;1084.88;20.01;21691.31;1084
04.01.2017 15:25;1084.95;1084.96;1084.94;1084.94;24.52;26600.75;1084.95
04.01.2017 15:26;1084.94;1084.97;1084.94;1084.97;22.07;23941.53;1084.96
04.01.2017 15:27;1084.97;1084.97;1084.96;1084.97;15.08;16362.26;1084.97
04.01.2017 15:28;1084.97;1085.97;1083.77;1084.97;87.69;95117.13;1084.75
04.01.2017 15:29;1084.97;1085.9;1084.97;1085.9;13.86;15046.41;1085.64
04.01.2017 15:30;1085.88;1087;1085.88;1087;52.65;57208.69;1086.58
04.01.2017 15:31;1087;1087.88;1087;1087.8;31.42;34155.33;1087.16
04.01.2017 15:32;1087.22;1088;1087.18;1087.21;16.47;17908.84;1087.68
04.01.2017 15:33;1087.21;1087.3;1086.89;1086.9;56.2;61085.56;1087
04.01.2017 15:34;1086.9;1086.96;1085.9;1086.89;32.76;35599.18;1086.81
04.01.2017 15:35;1085.9;1088;1085.9;1087;20.1;21867.34;1087.74
04.01.2017 15:36;1088;1088;1087.02;1088;1.74;1892.19;1087.32
04.01.2017 15:37;1087.05;1087.05;1087.05;1087.05;0.02;26.15;1087.05
04.01.2017 15:38;1088;1088;1087.09;1087.09;1.55;1681.14;1087.46
04.01.2017 15:39;1087.11;1088;1087.11;1087.11;2.66;2892.92;1087.78
04.01.2017 15:40;1087.99;1088;1087.2;1087.2;1.27;1378;1087.37
04.01.2017 15:41;1087.99;1087.99;1087.99;1087.99;0.31;340.76;1087.99
04.01.2017 15:42;1088;1088;1088;1088;0.12;131.54;1088
04.01.2017 15:43;1088;1088;1087.15;1088;15.54;16906.11;1087.95
04.01.2017 15:44;1087.16;1087.16;1087.11;1087.11;0.79;862.97;1087.14
04.01.2017 15:45;1087.28;1088.99;1087.28;1088.99;20.13;21911.96;1088.55
04.01.2017 15:46;1087.11;1087.11;1087.04;1087.04;11.62;12626.7;1087.07
04.01.2017 15:47;1087.02;1087.18;1086.98;1087.18;2.93;3180.21;1086.99
04.01.2017 15:48;1085.91;1085.91;1085.07;1085.07;11.18;12134.83;1085.83
04.01.2017 15:49;1085.06;1085.83;1085;1085.01;6.55;7103.13;1085.03
04.01.2017 15:50;1085.01;1085.01;1085.01;1085.01;1.07;1164.17;1085.01
04.01.2017 15:51;1085.64;1085.64;1085.06;1085.06;2;2170.7;1085.35
04.01.2017 15:52;1085.08;1085.54;1085.01;1085.54;2.57;2785.4;1085.2
04.01.2017 15:53;1085.06;1087;1085.06;1086.91;20.41;22144.02;1085.09
04.01.2017 15:54;1085.6;1085.69;1085.59;1085.69;3.94;4273.68;1085.6
04.01.2017 15:55;1086.84;1089;1086.82;1086.87;21.13;23002.79;1088.67
04.01.2017 15:56;1087.12;1089;1087.12;1089;0.15;160.76;1088.87
04.01.2017 15:57;1089;1090;1087.72;1088.96;30.37;33063.03;1088.77
04.01.2017 15:58;1088.98;1088.98;1088.98;1088.98;0.33;356.58;1088.98
04.01.2017 15:59;1089.98;1089.98;1089.06;1089.08;4.58;4984.26;1089.4
04.01.2017 16:00;1088.89;1089.97;1087.5;1089.92;21.78;23701.82;1088.04
04.01.2017 16:01;1089.07;1089.07;1085.66;1088.83;7.09;7711.48;1087.42
04.01.2017 16:02;1088.79;1088.79;1088.63;1088.63;0.97;1059.98;1088.68
04.01.2017 16:03;1088.59;1089;1088.55;1089;3.91;4257.34;1088.78
04.01.2017 16:04;1089;1089;1088.62;1089;2.8;3053.46;1088.88
04.01.2017 16:05;1088.69;1089;1088.69;1088.99;7.34;7986.16;1088.72
04.01.2017 16:06;1088.7;1088.7;1088.7;1088.7;16.87;18363.58;1088.7
04.01.2017 16:07;1088.7;1088.99;1088.7;1088.99;6.35;6910.63;1088.81
04.01.2017 16:08;1088.99;1089;1088;1088.98;31.55;34342.65;1088.46
04.01.2017 16:09;1088.98;1089;1088.36;1088.36;13.88;15117.3;1088.95
04.01.2017 16:10;1088.5;1089;1088.5;1089;15.71;17110.99;1088.99
04.01.2017 16:11;1089.12;1089.66;1088.5;1088.55;53.24;57969.17;1088.81
04.01.2017 16:12;1089.63;1089.64;1089.63;1089.64;0.66;722.98;1089.64
04.01.2017 16:13;1089.64;1089.66;1089.64;1089.66;20.22;22036.93;1089.66
04.01.2017 16:14;1089.65;1090;1089.63;1090;11.06;12056.15;1089.93
04.01.2017 16:15;1089.99;1091;1089.99;1090.99;20.76;22631.21;1090.26
04.01.2017 16:16;1091;1091;1091;1091;1.75;1910.11;1091
04.01.2017 16:17;1091;1092;1091;1092;6.07;6623.5;1091.1
04.01.2017 16:18;1092;1092;1091.18;1091.18;13.26;14475.46;1091.99
04.01.2017 16:19;1092;1092.22;1092;1092.22;17.23;18814.86;1092.2
04.01.2017 16:20;1091.43;1092.22;1090;1092.22;45.37;49503.33;1091.2
04.01.2017 16:21;1092.2;1093;1089.68;1092.23;9.43;10291.89;1091.26
04.01.2017 16:22;1092.24;1092.25;1092.22;1092.22;5.84;6376.63;1092.23
04.01.2017 16:23;1091.99;1093;1089.66;1089.66;8.93;9746.66;1091.31
04.01.2017 16:24;1091.71;1091.71;1091.6;1091.61;1.45;1584.05;1091.62
04.01.2017 16:25;1091.61;1093.9;1090.62;1093.89;20.56;22473.98;1093.21
04.01.2017 16:26;1093.89;1093.89;1093.89;1093.89;0.27;295.65;1093.89
04.01.2017 16:27;1091;1093.85;1091;1093.84;6.76;7399.24;1093.8
04.01.2017 16:28;1093.84;1093.99;1093.84;1093.99;11.91;13032.74;1093.84
04.01.2017 16:29;1093.84;1093.99;1091.16;1093.8;6.38;6973.45;1093.78
04.01.2017 16:30;1091.21;1091.21;1090.98;1090.98;1.39;1519.61;1091.14
04.01.2017 16:31;1091.17;1091.19;1091.17;1091.19;0.91;997.51;1091.19
04.01.2017 16:32;1090.64;1090.64;1088.5;1089.98;42.62;46396.65;1088.74
04.01.2017 16:33;1089.98;1093.62;1089.98;1093.27;10.44;11400.79;1091.67
04.01.2017 16:34;1091.9;1093.26;1091.89;1093.26;0.8;874.36;1091.91
04.01.2017 16:35;1093.19;1093.2;1093.19;1093.2;5.2;5688.42;1093.2
04.01.2017 16:36;1092.11;1093.19;1092.1;1093.19;1.34;1466.75;1092.14
04.01.2017 16:37;1093.19;1093.2;1093.19;1093.2;3.45;3775.14;1093.2
04.01.2017 16:38;1093.2;1093.2;1092.56;1093.2;5.84;6388.24;1093.12
04.01.2017 16:39;1093.19;1093.2;1093.19;1093.2;4.57;4999.25;1093.2
04.01.2017 16:40;1092.14;1093.2;1092.05;1093.2;38.35;41882.15;1092.2
04.01.2017 16:41;1093.2;1093.27;1093.19;1093.27;30.41;33244.99;1093.22
04.01.2017 16:42;1093.27;1094.45;1093.27;1094.45;21.18;23170.06;1093.71
04.01.2017 16:43;1094.48;1094.5;1094.02;1094.02;2.01;2198.11;1094.45
04.01.2017 16:44;1094.99;1094.99;1094.5;1094.5;7.38;8084.48;1094.92
04.01.2017 16:45;1094.52;1094.98;1094.5;1094.98;4.77;5222.18;1094.78
04.01.2017 16:46;1094.5;1094.98;1094.5;1094.5;19.61;21466.97;1094.52
04.01.2017 16:47;1094.5;1094.5;1094.5;1094.5;2.8;3062.1;1094.5
04.01.2017 16:48;1094;1094.98;1093.27;1093.98;30.97;33890.9;1094.2
04.01.2017 16:49;1094.96;1094.98;1094.96;1094.98;2.14;2342.46;1094.97
04.01.2017 16:50;1094.98;1094.98;1094.98;1094.98;1.24;1361.78;1094.98
04.01.2017 16:51;1094.98;1095;1094.45;1095;22.54;24679.84;1094.99
04.01.2017 16:52;1095;1095.5;1095;1095.5;8.02;8779.91;1095.18
04.01.2017 16:53;1095.5;1096;1095.5;1096;23.04;25239.16;1095.6
04.01.2017 16:54;1096;1097.76;1095.69;1095.73;104.46;114591.54;1096.97
04.01.2017 16:55;1097.73;1098.05;1097.73;1098.05;19.61;21526.9;1097.97
04.01.2017 16:56;1097.07;1098.77;1097.07;1098.01;3.63;3985.46;1098.19
04.01.2017 16:57;1098.01;1098.01;1095.51;1095.94;4.11;4507.95;1096.81
04.01.2017 16:58;1098.41;1098.41;1094.5;1094.5;23.04;25229.95;1095.12
04.01.2017 16:59;1094.51;1094.9;1094.51;1094.9;1.75;1919.95;1094.61
04.01.2017 17:00;1096.58;1096.58;1096.58;1096.58;0.28;306.18;1096.58
04.01.2017 17:01;1096.56;1098.73;1096.56;1098.72;4.44;4875.65;1097.65
04.01.2017 17:02;1095.45;1098.74;1095.45;1098.74;3.89;4265.88;1097.86
04.01.2017 17:03;1098.76;1098.78;1098.76;1098.77;32.93;36184.61;1098.78
04.01.2017 17:04;0;0;0;0;0;0;0
04.01.2017 17:05;1098.78;1098.8;1097.3;1097.3;40.33;44312.46;1098.72
04.01.2017 17:06;1097.3;1098;1096.61;1096.61;4.51;4954.66;1097.69
04.01.2017 17:07;1098;1098;1097.16;1097.96;3.57;3923.86;1097.74
04.01.2017 17:08;1098;1098;1098;1098;1;1098;1098
04.01.2017 17:09;1097.25;1097.97;1094.5;1095.27;33.02;36168.52;1095.28
04.01.2017 17:10;1097.97;1098;1097.96;1098;2.21;2425.45;1097.99
04.01.2017 17:11;1097.99;1100;1097.99;1100;158.88;174674.64;1099.39
04.01.2017 17:12;1100;1105.18;1100;1105.18;311.39;342760.76;1100.73
04.01.2017 17:13;1105.18;1110;1105.18;1109.71;155.22;172136.86;1108.98
04.01.2017 17:14;1110;1111;1109.74;1110.77;26.33;29239.18;1110.61
04.01.2017 17:15;1111;1120;1111;1116.89;102.96;114970.1;1116.69
04.01.2017 17:16;1116.92;1121;1116.89;1119.4;45.51;50882.03;1117.96
04.01.2017 17:17;1120;1126.49;1115.16;1123;177.15;198652.93;1121.36
04.01.2017 17:18;1126;1129.9;1115;1124.02;43.84;49177.32;1121.64
04.01.2017 17:19;1122.25;1126.5;1119.98;1126.5;28;31473.2;1123.92
04.01.2017 17:20;1126.49;1128.9;1119.98;1121.61;59.96;67433.3;1124.66
04.01.2017 17:21;1121.61;1123.97;1116.95;1118;164.43;184136.87;1119.87
04.01.2017 17:22;1116.95;1122.68;1115.02;1115.16;13.05;14571.77;1116.87
04.01.2017 17:23;1115;1121.26;1113.51;1121.21;41.03;45806.61;1116.51
04.01.2017 17:24;1119.89;1119.89;1114;1114;30.48;34006.72;1115.84
04.01.2017 17:25;1116.12;1120.06;1116.12;1117.64;51.97;58178.32;1119.55
04.01.2017 17:26;1120;1120;1117.7;1120;2.66;2974.37;1119.11
04.01.2017 17:27;1119.23;1119.99;1115.91;1118.97;5.22;5839.74;1118.25
04.01.2017 17:28;1115.91;1117.98;1115.91;1117.98;0.62;695.62;1117.25
04.01.2017 17:29;1117.98;1117.98;1111.73;1117.52;23.69;26367.4;1113.03
04.01.2017 17:30;1117.52;1117.98;1117.52;1117.52;10.69;11953.46;1117.9
04.01.2017 17:31;1117.52;1117.52;1111.73;1111.73;10.52;11724.79;1114.78
04.01.2017 17:32;1114.98;1120;1114.97;1120;12.76;14259.17;1117.83
04.01.2017 17:33;1120;1122.1;1111;1119.98;59.56;66540.48;1117.22
04.01.2017 17:34;1117.27;1122.1;1117.27;1117.52;49.5;55434.67;1119.91
04.01.2017 17:35;1122;1124;1116.12;1120;27.47;30816.81;1121.69
04.01.2017 17:36;1119.98;1120;1116.08;1119.98;30.83;34429.6;1116.83
04.01.2017 17:37;1119.98;1120;1116.39;1120;10.16;11380.67;1119.97
04.01.2017 17:38;1123.39;1123.39;1120;1120;6.5;7300.66;1122.81
04.01.2017 17:39;1123.37;1123.37;1120;1123.09;13.76;15449.85;1122.86
04.01.2017 17:40;1122.87;1122.9;1116.39;1122.88;7.97;8944.86;1122.07
04.01.2017 17:41;1117;1121;1116.9;1121;2.86;3206.29;1120.62
04.01.2017 17:42;1121;1121;1121;1121;9.73;10902.85;1121
04.01.2017 17:43;1122.63;1122.65;1122;1122.65;22.66;25434.74;1122.61
04.01.2017 17:44;1122.65;1122.9;1121;1121;18.28;20522.68;1122.74
04.01.2017 17:45;1121.99;1123.38;1121.04;1122.99;32.29;36241.7;1122.46
04.01.2017 17:46;1122.99;1123;1122.99;1122.99;16.31;18315.73;1122.99
04.01.2017 17:47;1123;1123;1117.01;1119.98;31.44;35256.68;1121.49
04.01.2017 17:48;1117.01;1119.97;1115.51;1119.94;72.3;80813.96;1117.7
04.01.2017 17:49;1119.93;1119.93;1116.14;1118.91;3.43;3837.55;1118.72
04.01.2017 17:50;1117.04;1119.7;1117.04;1119.7;10.5;11730.25;1117.17
04.01.2017 17:51;1119.88;1119.93;1119.88;1119.93;1.63;1825.7;1119.91
04.01.2017 17:52;1119.93;1120;1119.93;1120;4.81;5390.69;1119.94
04.01.2017 17:53;1120;1121.01;1120;1120.08;7.95;8909.47;1120.27
04.01.2017 17:54;1120.99;1121.01;1120.07;1120.07;6.68;7481.59;1120.4
04.01.2017 17:55;1120.06;1123.33;1120;1121.68;27.35;30691.18;1122.07
04.01.2017 17:56;1121.58;1123.08;1121.57;1123;2.43;2732.75;1122.62
04.01.2017 17:57;1120.1;1123.39;1120.09;1123.39;20.57;23107.89;1123.16
04.01.2017 17:58;1123.39;1126;1123.04;1126;17.3;19459.9;1124.56
04.01.2017 17:59;1126;1129.8;1126;1129.8;36.45;41101.58;1127.52
04.01.2017 18:00;1129.8;1129.81;1127.45;1127.45;22.7;25640.3;1129.6
04.01.2017 18:01;1127.45;1129;1127.29;1129;3.08;3473.52;1128.71
04.01.2017 18:02;1128.95;1130;1127.28;1130;84.62;95615.74;1129.9
04.01.2017 18:03;1130.09;1134.3;1127.27;1127.27;73.77;83476.82;1131.61
04.01.2017 18:04;1133;1135;1133;1133;14.32;16243.68;1134.02
04.01.2017 18:05;1133.98;1139.89;1133.98;1139.7;39.6;45053.15;1137.73
04.01.2017 18:06;1139.7;1139.89;1138.24;1139.49;8.26;9408.31;1139.38
04.01.2017 18:07;1139.49;1139.5;1136.07;1139.37;11.73;13368.15;1139.32
04.01.2017 18:08;1139.37;1139.37;1135.52;1137.95;3.13;3557.64;1138.29
04.01.2017 18:09;1137;1139.38;1123.03;1134.47;92.7;105191.86;1134.7
04.01.2017 18:10;1134.44;1139.38;1125.63;1133.01;5.68;6418.63;1130.73
04.01.2017 18:11;1133;1137.46;1127.2;1132.01;37.19;41978;1128.6
04.01.2017 18:12;1137.26;1137.26;1127.06;1135.96;22.46;25405.79;1131.36
04.01.2017 18:13;1128.3;1135.78;1128.3;1135.78;0.02;20.6;1133.72
04.01.2017 18:14;1130.01;1135.5;1130.01;1135.42;6.27;7117.64;1135.33
04.01.2017 18:15;1134.93;1134.93;1130.09;1130.97;29.95;33948.27;1133.33
04.01.2017 18:16;1132.91;1132.91;1131.02;1132;4.43;5017.63;1132
04.01.2017 18:17;1134;1134;1133.1;1133.91;5.74;6507.33;1133.77
04.01.2017 18:18;1133.18;1134;1130.03;1130.03;26.54;30072.4;1133.21
04.01.2017 18:19;1130.04;1130.1;1130;1130.06;3.87;4368.7;1130.04
04.01.2017 18:20;1130;1130;1124;1127.97;51.27;57705.2;1125.62
04.01.2017 18:21;1127.96;1130.07;1127;1130.07;2.74;3090.8;1127.59
04.01.2017 18:22;1127;1130.09;1125;1130.09;5.45;6141.02;1125.98
04.01.2017 18:23;1130.09;1130.09;1130.07;1130.07;1.45;1635.85;1130.08
04.01.2017 18:24;1125.03;1125.03;1123.02;1123.02;53;59562.79;1123.83
04.01.2017 18:25;1123.02;1130;1123.02;1124.91;21.74;24550.26;1129.29
04.01.2017 18:26;1128.99;1129.91;1128.99;1129.83;4.34;4899.48;1129.66
04.01.2017 18:27;1129.06;1129.06;1124.92;1127.66;1.12;1265.24;1127.14
04.01.2017 18:28;1125.01;1125.03;1125;1125.02;10.31;11602.13;1125.02
04.01.2017 18:29;1127.64;1131.99;1127.64;1130;20.05;22644.51;1129.57
04.01.2017 18:30;1127.68;1130.95;1127.66;1127.66;8.46;9543.46;1127.8
04.01.2017 18:31;1127.66;1129.82;1127.66;1129.82;0.57;638.97;1128.34
04.01.2017 18:32;1129.82;1130.96;1128.81;1130.96;2.69;3045.97;1130.52
04.01.2017 18:33;1128.93;1131;1128.93;1131;16.07;18168.69;1130.33
04.01.2017 18:34;1131;1132;1130.99;1132;47.05;53239.08;1131.62
04.01.2017 18:35;1132;1134.07;1132;1134.07;47.29;53578.11;1133.06
04.01.2017 18:36;1133.69;1134.09;1133.69;1134.07;35.1;39806.55;1134.07
04.01.2017 18:37;1134.1;1134.1;1128.1;1128.1;33.72;38130.4;1130.84
04.01.2017 18:38;1128.1;1130.89;1123.53;1128.74;26.1;29381;1125.71
04.01.2017 18:39;1128.71;1128.71;1126;1126;1.66;1874.67;1127.16
04.01.2017 18:40;1128.85;1132.94;1128.85;1128.91;46.37;52454.63;1131.1
04.01.2017 18:41;1132.9;1134;1126.2;1134;95.46;107935.26;1130.72
04.01.2017 18:42;1133.99;1133.99;1133.99;1133.99;0.03;30.91;1133.99
04.01.2017 18:43;1128.26;1128.35;1128.26;1128.35;17.01;19189.08;1128.27
04.01.2017 18:44;0;0;0;0;0;0;0
04.01.2017 18:45;1132.32;1133.87;1129.42;1129.42;20.35;23043.88;1132.56
04.01.2017 18:46;1131.4;1131.4;1129.42;1129.42;0.26;299.31;1129.9
04.01.2017 18:47;1129.42;1136.83;1128.5;1136.83;51.67;58532.1;1132.77
04.01.2017 18:48;1136.85;1137;1126.4;1126.4;41.33;46672.41;1129.27
04.01.2017 18:49;1128.22;1136.82;1128.22;1135.94;0.69;777.96;1134.92
04.01.2017 18:50;0;0;0;0;0;0;0
04.01.2017 18:51;1135.39;1135.39;1135.31;1135.31;4.47;5075.73;1135.38
04.01.2017 18:52;1132.4;1134.87;1128.4;1134.87;3.75;4235.76;1128.85
04.01.2017 18:53;1134.47;1134.47;1132.03;1132.03;0.01;12.39;1133.47
04.01.2017 18:54;1132.04;1132.04;1132.04;1132.04;1.05;1193.89;1132.04
04.01.2017 18:55;1132.05;1136;1132.05;1133.86;23.26;26395.82;1134.87
04.01.2017 18:56;1131.14;1131.14;1129.99;1129.99;1.26;1420.04;1130.22
04.01.2017 18:57;1132.98;1134.89;1129.77;1130;2.25;2548.14;1131.22
04.01.2017 18:58;1129.77;1134.81;1129;1134.81;42.2;47652.47;1129.19
04.01.2017 18:59;1134.81;1134.81;1134.81;1134.81;0.15;165.63;1134.81
04.01.2017 19:00;1133.35;1133.35;1133.35;1133.35;0.01;11.15;1133.35
04.01.2017 19:01;1133.37;1134.97;1132.82;1134.7;4.46;5056.97;1134.6
04.01.2017 19:02;1133.38;1133.38;1129.02;1133.18;33.04;37332.64;1129.92
04.01.2017 19:03;1129.03;1133.2;1129.02;1129.02;0.2;224.78;1129.22
04.01.2017 19:04;1129.02;1129.02;1127;1127;40.05;45184.46;1128.28
04.01.2017 19:05;1127;1132.8;1127;1132.69;21.93;24844.73;1132.79
04.01.2017 19:06;1132.71;1134.57;1129.18;1133.99;32.48;36798.1;1133.06
04.01.2017 19:07;1134.56;1134.6;1134.02;1134.02;10.01;11357.21;1134.59
04.01.2017 19:08;1134.02;1134.02;1127.02;1127.02;42;47553.32;1132.22
04.01.2017 19:09;1127.09;1134.6;1127.09;1134.59;42.61;48260.67;1132.63
04.01.2017 19:10;1134.6;1135;1123.03;1124.06;185.96;209480.43;1126.49
04.01.2017 19:11;1123.05;1124.04;1123.03;1124.03;3.83;4301.98;1123.62
04.01.2017 19:12;1123.5;1123.5;1120.72;1120.72;21.38;23995.55;1122.44
04.01.2017 19:13;1120.72;1120.72;1119.71;1120;21.65;24265;1120.56
04.01.2017 19:14;1120;1120.72;1120;1120.72;48.79;54672.76;1120.47
04.01.2017 19:15;1123.94;1123.94;1122.16;1122.71;21.06;23673.92;1123.94
04.01.2017 19:16;1123.94;1123.94;1123.91;1123.91;3.89;4369.36;1123.94
04.01.2017 19:17;1123.91;1124.04;1120;1121.01;30.44;34135.13;1121.43
04.01.2017 19:18;1124.02;1124.02;1119.71;1119.71;0.17;191.94;1121.97
04.01.2017 19:19;1119.7;1124.04;1119.7;1120.08;5.21;5848.66;1122.65
04.01.2017 19:20;1121.96;1121.96;1121.9;1121.9;0.05;51.03;1121.93
04.01.2017 19:21;1121.77;1121.77;1115.06;1115.06;9.51;10619.88;1116.45
04.01.2017 19:22;1115.06;1117.92;1106;1113.16;116.36;129184;1110.17
04.01.2017 19:23;1113.16;1113.16;1104;1108.58;121.34;134562.18;1108.97
04.01.2017 19:24;1108.58;1108.61;1104;1108.61;21.39;23640.55;1105.46
04.01.2017 19:25;1108.5;1114.96;1108.44;1114.95;26.24;29235.11;1113.99
04.01.2017 19:26;1111.11;1114.94;1110.03;1114.9;8.01;8898.43;1110.74
04.01.2017 19:27;1114.78;1114.78;1108.58;1110;21.18;23508.25;1109.79
04.01.2017 19:28;1114.92;1114.92;1108.54;1114.73;23.57;26188.81;1111.29
04.01.2017 19:29;1114.73;1115.1;1114.72;1115.1;32.23;35933.49;1114.93
04.01.2017 19:30;1115.1;1115.11;1115;1115.11;28.96;32290.36;1115.11
04.01.2017 19:31;1115.11;1115.11;1095;1109.99;270.86;299289.3;1104.97
04.01.2017 19:32;1109.99;1113.46;1101;1107.36;67.12;74298.84;1106.95
04.01.2017 19:33;1107.41;1107.99;1105;1105.61;11.86;13110.72;1105.78
04.01.2017 19:34;1105.61;1106.92;1101;1104;24.02;26491.72;1102.92
04.01.2017 19:35;1103.94;1104;1094.86;1100;129.59;142616.13;1100.48
04.01.2017 19:36;1103.94;1103.94;1100.04;1101.07;16.54;18226.83;1102.21
04.01.2017 19:37;1102.21;1102.29;1094.04;1100.96;47.87;52497.6;1096.66
04.01.2017 19:38;1100.94;1100.94;1095.01;1099.92;4.27;4690.04;1097.73
04.01.2017 19:39;1099.89;1099.89;1095.07;1098;3.94;4321.09;1098.05
04.01.2017 19:40;1098;1098;1095.01;1097.92;102.92;112846.33;1096.46
04.01.2017 19:41;1097.91;1097.95;1095.8;1097.83;43.11;47292.91;1096.94
04.01.2017 19:42;1097.81;1097.81;1093.2;1093.2;83.56;91446.39;1094.35
04.01.2017 19:43;1093.21;1097.88;1092.1;1094.02;150.09;164034.54;1092.88
04.01.2017 19:44;1097.63;1098;1094.3;1098;8.62;9464.26;1097.45
04.01.2017 19:45;1098.01;1104.09;1098.01;1103.95;40.66;44873.08;1103.52
04.01.2017 19:46;1102;1102.48;1102;1102;3.01;3321.12;1102.03
04.01.2017 19:47;1101;1103;1098.01;1102;175.56;193391.06;1101.57
04.01.2017 19:48;1101.99;1102.08;1097.02;1102.07;7.93;8720.43;1099.38
04.01.2017 19:49;1102.07;1102.08;1102.07;1102.08;3.3;3632.92;1102.07
04.01.2017 19:50;1102.06;1104;1102.06;1104;156.72;172912.61;1103.32
04.01.2017 19:51;1104;1107.2;1104;1107.2;28.38;31334.86;1104.13
04.01.2017 19:52;1107.2;1107.36;1105.2;1107.36;25.37;28079.32;1106.93
04.01.2017 19:53;1107.36;1107.36;1105.24;1106.74;10.01;11069.35;1105.99
04.01.2017 19:54;1107.92;1107.93;1107.92;1107.93;11.91;13194.49;1107.93
04.01.2017 19:55;1108.29;1115.09;1106.96;1115;84.17;93439.31;1110.17
04.01.2017 19:56;1115;1115.09;1106.96;1108.11;36.33;40250.04;1107.78
04.01.2017 19:57;1114.87;1115.11;1108.1;1108.12;43.1;48053.76;1115.04
04.01.2017 19:58;1115.11;1115.11;1115;1115.11;11.7;13043.85;1115.11
04.01.2017 19:59;1115.11;1115.45;1114.5;1115.45;30.02;33471.72;1115.1
04.01.2017 20:00;1115.45;1117.01;1115.45;1117.01;4.92;5490.75;1116.29
04.01.2017 20:01;1117.01;1118.61;1117.01;1118.61;30.68;34298.36;1117.92
04.01.2017 20:02;1118.61;1127.93;1118.51;1120.05;77.87;87201.63;1119.85
04.01.2017 20:03;1125.99;1125.99;1125.99;1125.99;0.68;769.15;1125.99
04.01.2017 20:04;1121.03;1124.98;1121;1124.97;4.53;5090.99;1124.14
04.01.2017 20:05;1124.98;1126.46;1121;1121.04;21.26;23932.69;1125.89
04.01.2017 20:06;1125.95;1125.98;1124.03;1124.03;1.88;2118.34;1125.05
04.01.2017 20:07;1125.98;1125.98;1123.99;1123.99;1.79;2016.39;1124.08
04.01.2017 20:08;1123.99;1123.99;1123.99;1123.99;10.37;11656.73;1123.99
04.01.2017 20:09;1123;1123;1119.6;1119.6;18.18;20380.89;1121.07
04.01.2017 20:10;1119;1122.99;1115;1122.91;21;23427.94;1115.74
04.01.2017 20:11;1121.88;1123;1121.88;1122.95;0.25;279.34;1122.19
04.01.2017 20:12;1117.08;1122.7;1117.08;1122.7;0.94;1048.1;1117.19
04.01.2017 20:13;1122.69;1122.69;1121.96;1121.97;1.97;2211.36;1122.52
04.01.2017 20:14;1120.01;1120.01;1115.22;1115.22;1.46;1636.39;1119.97
04.01.2017 20:15;1119.87;1122;1119.87;1122;20.25;22702.14;1121.09
04.01.2017 20:16;1122;1122;1122;1122;0.24;273.12;1122
04.01.2017 20:17;1122;1124.38;1122;1124.38;9.13;10252.79;1122.78
04.01.2017 20:18;1122.74;1122.74;1122.03;1122.12;14.91;16732.9;1122.34
04.01.2017 20:19;1122;1122;1117.01;1117.01;21.54;24082.69;1118
04.01.2017 20:20;1123.4;1123.4;1117.05;1117.05;4.22;4723.91;1119.18
04.01.2017 20:21;1117.06;1122.82;1117.06;1122.58;2;2238.86;1120.3
04.01.2017 20:22;1118.66;1118.66;1118.66;1118.66;0.04;41.78;1118.66
04.01.2017 20:23;1121.89;1121.89;1118.65;1118.65;0.04;49.95;1121.21
04.01.2017 20:24;1118.65;1120.75;1118.65;1120.73;1.6;1793.2;1118.88
04.01.2017 20:25;1120.7;1121;1120.7;1121;21.1;23650.91;1120.71
04.01.2017 20:26;1121;1121;1121;1121;0.01;10.2;1121
04.01.2017 20:27;1120.84;1120.84;1112.81;1112.81;23.67;26354.47;1113.2
04.01.2017 20:28;1120.44;1120.82;1120.44;1120.82;27.73;31075.41;1120.45
04.01.2017 20:29;1120.57;1120.79;1120.55;1120.55;47.97;53750.66;1120.55
04.01.2017 20:30;1120.55;1120.82;1120.55;1120.55;1.52;1703.79;1120.63
04.01.2017 20:31;1120.55;1120.56;1120.55;1120.55;38.72;43392.13;1120.55
04.01.2017 20:32;1120.55;1120.55;1115.05;1115.05;243.55;272900.06;1120.51
04.01.2017 20:33;1120.55;1120.55;1115.05;1115.05;6.9;7690.46;1115.08
04.01.2017 20:34;1116;1116;1115.05;1115.05;6.04;6744.45;1115.84
04.01.2017 20:35;1115.05;1120.55;1115.05;1120.55;20.21;22648.14;1120.42
04.01.2017 20:36;1117.52;1117.52;1115.07;1115.07;2.62;2925.8;1115.95
04.01.2017 20:37;1115.07;1119.5;1115.05;1119.5;1.62;1805.93;1116.75
04.01.2017 20:38;1115.06;1118.72;1115.05;1118.7;2.15;2398.92;1115.7
04.01.2017 20:39;0;0;0;0;0;0;0
04.01.2017 20:40;0;0;0;0;0;0;0
04.01.2017 20:41;1117.94;1117.98;1115.1;1115.1;12.13;13542.53;1116.69
04.01.2017 20:42;1117.05;1117.05;1115.59;1115.59;4.65;5185.27;1115.64
04.01.2017 20:43;1115.59;1115.59;1112.47;1115.55;18.37;20482.58;1115
04.01.2017 20:44;1115.43;1115.59;1115.43;1115.58;7.28;8125.98;1115.51
04.01.2017 20:45;1115.58;1116;1110;1110;22.68;25294.37;1115.47
04.01.2017 20:46;1115;1115;1109.08;1110.97;4.7;5213.38;1109.11
04.01.2017 20:47;1110.97;1110.97;1103.35;1104.95;53.45;59087.16;1105.45
04.01.2017 20:48;1104.9;1104.91;1104.49;1104.49;12.1;13366.04;1104.89
04.01.2017 20:49;1102.34;1102.34;1100.02;1101.47;21.29;23464.17;1102.13
04.01.2017 20:50;1101.47;1101.47;1095.01;1095.01;50.09;55047.39;1098.99
04.01.2017 20:51;1097.26;1097.26;1095;1095.02;72.22;79115.62;1095.51
04.01.2017 20:52;1095;1095.91;1095;1095.88;33.42;36623.69;1095.72
04.01.2017 20:53;1095.98;1108.59;1095.16;1097.04;23.03;25257.17;1096.68
04.01.2017 20:54;1097.04;1097.05;1092.1;1092.1;23.8;26083.04;1095.86
04.01.2017 20:55;1100.98;1102.48;1093.55;1100.91;25.36;27908.12;1100.67
04.01.2017 20:56;1100;1100.72;1093.58;1100.57;11.19;12248.89;1094.73
04.01.2017 20:57;1100.53;1103.34;1095.03;1103.34;30.46;33505.4;1100.05
04.01.2017 20:58;1100.32;1101.32;1095;1095;33.17;36404.5;1097.51
04.01.2017 20:59;1096;1096;1092.05;1092.1;62.78;68625.58;1093.04
04.01.2017 21:00;1092.05;1092.05;1083.73;1083.77;174.05;189165.57;1086.86
04.01.2017 21:01;1083.77;1089.55;1083.77;1087.99;8.11;8809.38;1086.5
04.01.2017 21:02;1087.97;1088;1083.75;1086.82;31.67;34401.73;1086.37
04.01.2017 21:03;1084.01;1086;1084.01;1085.01;8.06;8741.13;1085.08
04.01.2017 21:04;1087.94;1092.08;1085.62;1092.08;52.59;57297.59;1089.44
04.01.2017 21:05;1088.05;1091.98;1088.01;1088.03;30.13;32793.33;1088.34
04.01.2017 21:06;1089.93;1089.93;1089.93;1089.93;0.1;108.99;1089.93
04.01.2017 21:07;1089;1091.98;1085.79;1085.79;15.07;16415.91;1089.18
04.01.2017 21:08;1090;1091.97;1090;1091.97;5.41;5900.48;1091.06
04.01.2017 21:09;1091.86;1091.86;1091.86;1091.86;0.1;113.64;1091.86
04.01.2017 21:10;1090.83;1092;1090.83;1092;10.01;10931.77;1091.91
04.01.2017 21:11;1091.99;1091.99;1085;1087.98;24.32;26424.94;1086.69
04.01.2017 21:12;1085.04;1095;1085;1095;88.02;96043;1091.16
04.01.2017 21:13;1088.22;1088.22;1088.21;1088.21;0.25;270.38;1088.22
04.01.2017 21:14;0;0;0;0;0;0;0
04.01.2017 21:15;1090.55;1090.55;1090.54;1090.55;2.09;2274.41;1090.55
04.01.2017 21:16;1090.55;1090.55;1090.55;1090.55;8.63;9414.42;1090.55
04.01.2017 21:17;1090.55;1092.1;1090.55;1092.1;25.37;27674.52;1090.93
04.01.2017 21:18;1092.1;1092.1;1092.09;1092.1;2.47;2697.88;1092.09
04.01.2017 21:19;1092.1;1094.02;1091.22;1094;16.33;17848.04;1092.73
04.01.2017 21:20;1094;1099;1094;1098.99;23.7;25967.37;1095.6
04.01.2017 21:21;1097.99;1099.92;1097.99;1099.92;18.5;20338.1;1099.13
04.01.2017 21:22;1099.9;1100;1099.9;1099.96;5.74;6310.17;1099.94
04.01.2017 21:23;1101.29;1104.98;1100.04;1101.34;13.01;14333.25;1101.5
04.01.2017 21:24;1101.36;1104.94;1101.36;1104.94;25.5;28102.58;1102.09
04.01.2017 21:25;1102.97;1103.01;1102.05;1102.99;8.96;9878.33;1102.14
04.01.2017 21:26;1103.92;1103.92;1103.29;1103.3;28.24;31152.51;1103.29
04.01.2017 21:27;1103.23;1103.87;1103;1103.87;7.75;8546.63;1103.13
04.01.2017 21:28;1103;1103.84;1101;1103.82;26.18;28832.43;1101.18
04.01.2017 21:29;1102.74;1102.74;1102.72;1102.72;0.76;842.28;1102.74
04.01.2017 21:30;1100.12;1100.12;1099;1099.99;4.57;5023.79;1099.61
04.01.2017 21:31;1098.99;1098.99;1094.12;1097.94;2.82;3090.74;1096.95
04.01.2017 21:32;1097.78;1097.78;1094.31;1094.34;10.24;11213.45;1095
04.01.2017 21:33;1094.34;1098;1094.21;1097.22;4.58;5023.4;1095.68
04.01.2017 21:34;1094.15;1097.5;1094.09;1097.47;2.01;2203.63;1095.4
04.01.2017 21:35;1097.05;1097.05;1094.19;1097;1.14;1242.29;1094.53
04.01.2017 21:36;1096.97;1097;1094.36;1096.95;1.53;1680.6;1095.06
04.01.2017 21:37;1095.03;1096.95;1095.02;1096.95;1.98;2169.27;1096.01
04.01.2017 21:38;1096.88;1096.89;1096.86;1096.86;0.29;318.26;1096.89
04.01.2017 21:39;1095.14;1096.91;1095.07;1096.89;8.41;9218.54;1096.24
04.01.2017 21:40;1096.88;1096.99;1096.84;1096.99;4.93;5410.3;1096.9
04.01.2017 21:41;1096.85;1096.85;1095.45;1095.45;3.67;4025.02;1096.75
04.01.2017 21:42;1095.45;1095.45;1094.08;1094.08;13.54;14820.04;1094.25
04.01.2017 21:43;1094.04;1094.06;1091.47;1091.47;15.22;16636.96;1093.31
04.01.2017 21:44;1091.02;1093.75;1087.55;1093.58;14.66;15973.04;1089.74
04.01.2017 21:45;1091.04;1091.05;1087.61;1090;1.51;1641.83;1090.25
04.01.2017 21:46;1089.97;1089.97;1089.94;1089.94;0.14;147.88;1089.95
04.01.2017 21:47;1089.86;1089.86;1087.75;1087.75;0.27;289.76;1087.85
04.01.2017 21:48;1089.41;1089.41;1088;1088;0.39;430.05;1089.29
04.01.2017 21:49;1088.93;1088.93;1088.63;1088.63;0.11;122.45;1088.81
04.01.2017 21:50;1088.45;1088.63;1088.2;1088.63;3.45;3757.83;1088.46
04.01.2017 21:51;1089.58;1089.61;1078;1086.97;205.44;222015.86;1080.68
04.01.2017 21:52;1086.91;1086.91;1078;1080;7.51;8113.12;1080.1
04.01.2017 21:53;1087.63;1087.63;1084.1;1086.79;19.72;21432.34;1086.78
04.01.2017 21:54;1086.78;1086.78;1083.1;1085.93;2.86;3100.82;1085.92
04.01.2017 21:55;1083.2;1083.2;1083.2;1083.2;0.33;353.77;1083.2
04.01.2017 21:56;1085.48;1085.48;1085.39;1085.4;24.73;26847.17;1085.39
04.01.2017 21:57;1085.4;1085.98;1085.4;1085.98;24.42;26513.75;1085.7
04.01.2017 21:58;1085.98;1086.06;1085.98;1086.06;13.04;14162.3;1086.05
04.01.2017 21:59;1086;1090;1086;1090;8.36;9088.72;1087.12
04.01.2017 22:00;1090;1090;1090;1090;0.05;57.83;1090
04.01.2017 22:01;1091;1091.05;1091;1091.04;1.73;1884.11;1091.04
04.01.2017 22:02;1091.04;1091.05;1091.04;1091.05;5.34;5829.48;1091.05
04.01.2017 22:03;1091.05;1096.49;1091.05;1096.49;10.85;11869.41;1093.61
04.01.2017 22:04;1096.49;1097.05;1094.77;1096.49;9.95;10908.46;1096.33
04.01.2017 22:05;1097.02;1097.03;1096.51;1097.03;5.85;6422.56;1096.96
04.01.2017 22:06;1097.01;1097.03;1096.49;1097;5.29;5795.67;1096.58
04.01.2017 22:07;1096.8;1099.99;1096.49;1098;42.78;46932.84;1097.11
04.01.2017 22:08;1098;1099.9;1097.07;1099.82;1.78;1959.45;1098.6
04.01.2017 22:09;1099.81;1100;1097.11;1099.98;4.03;4427.65;1099.83
04.01.2017 22:10;1097.21;1102;1097.21;1102;23.87;26259.53;1100
04.01.2017 22:11;1101.99;1101.99;1101.49;1101.49;2.68;2958.27;1101.87
04.01.2017 22:12;1101.46;1104.4;1101.46;1104;43.81;48273.86;1101.79
04.01.2017 22:13;1103.88;1103.88;1101.46;1101.46;30.13;33213.27;1102.15
04.01.2017 22:14;1101.38;1103.95;1101;1101.45;18.07;19894.96;1101.15
04.01.2017 22:15;1103.58;1103.58;1101.34;1101.34;13.04;14363.9;1101.36
04.01.2017 22:16;1103.36;1103.65;1103.36;1103.65;0.02;22.07;1103.51
04.01.2017 22:17;1103.65;1103.97;1103.65;1103.97;22.93;25303.75;1103.74
04.01.2017 22:18;1103.98;1104;1101.45;1104;125.89;138985.64;1103.99
04.01.2017 22:19;1104;1104;1104;1104;20.8;22967.31;1104
04.01.2017 22:20;1104.46;1108.6;1104.46;1108.6;0.32;351.8;1106.93
04.01.2017 22:21;1108.6;1109.98;1108.6;1109.88;16.98;18838.66;1109.69
04.01.2017 22:22;1109.82;1109.88;1105.26;1105.28;7.43;8242.52;1108.72
04.01.2017 22:23;1109.89;1109.89;1109.89;1109.89;6.75;7489.18;1109.89
04.01.2017 22:24;1109.88;1109.88;1105.52;1105.7;2;2212.99;1106.49
04.01.2017 22:25;1109.83;1109.83;1109.83;1109.83;4.58;5082.4;1109.83
04.01.2017 22:26;1109.83;1109.83;1109.81;1109.83;0.62;685.35;1109.82
04.01.2017 22:27;1109.83;1109.83;1109.75;1109.75;26.77;29713.28;1109.8
04.01.2017 22:28;1109.75;1110;1105;1110;59.58;66121.3;1109.84
04.01.2017 22:29;1110.02;1111.01;1110;1110;21.68;24067.46;1110.02
04.01.2017 22:30;1110.98;1112.99;1110.98;1112.99;5.43;6036.48;1112.26
04.01.2017 22:31;1112.98;1112.98;1110.12;1110.12;1;1115.68;1110.13
04.01.2017 22:32;1112.92;1112.92;1112.91;1112.91;0.39;435.15;1112.91
04.01.2017 22:33;1112.83;1112.83;1110;1112.77;22.29;24743.72;1110.03
04.01.2017 22:34;1112.46;1112.46;1112.46;1112.46;0.06;67.4;1112.46
04.01.2017 22:35;1112.39;1112.5;1112.39;1112.5;4.21;4688.49;1112.49
04.01.2017 22:36;1112.5;1118.99;1112.5;1113.59;28.2;31417.68;1114.14
04.01.2017 22:37;1118.98;1120;1118.98;1120;15.1;16906.21;1119.99
04.01.2017 22:38;1120;1125;1120;1122.11;23.54;26456.54;1123.85
04.01.2017 22:39;1125;1126.03;1119.09;1119.09;44.68;50211.26;1123.76
04.01.2017 22:40;1119.09;1125.05;1119.09;1125;19.12;21481.53;1123.22
04.01.2017 22:41;1124.7;1124.7;1124.7;1124.7;0.02;19.78;1124.7
04.01.2017 22:42;0;0;0;0;0;0;0
04.01.2017 22:43;1124.04;1124.04;1117.16;1117.16;3.56;3979.18;1119.23
04.01.2017 22:44;1117.15;1123;1113.77;1123;3.98;4435.81;1114.07
04.01.2017 22:45;1122;1122.77;1114.01;1117.01;10.96;12294.23;1121.78
04.01.2017 22:46;1121.66;1121.66;1117.21;1118.01;1.9;2124.25;1118.85
04.01.2017 22:47;1121.34;1121.34;1118.56;1118.56;11.25;12609.24;1121.03
04.01.2017 22:48;1119.01;1120.92;1118.39;1120.92;3.24;3631.2;1119.11
04.01.2017 22:49;1119.1;1120.81;1119.1;1120.81;4.49;5024.78;1119.1
04.01.2017 22:50;1120.81;1122.48;1115;1122.39;39.39;43991.56;1116.72
04.01.2017 22:51;1122;1122;1118.39;1118.39;0.39;434.35;1120.25
04.01.2017 22:52;1118.39;1122.39;1118.39;1122.39;5.77;6478.35;1121.9
04.01.2017 22:53;1122.39;1122.39;1122.39;1122.39;0.01;11.9;1122.39
04.01.2017 22:54;1122.38;1122.38;1118.42;1118.42;0.17;185.96;1119.52
04.01.2017 22:55;1122;1122.02;1118.41;1122;73.92;82793.13;1119.98
04.01.2017 22:56;1122.4;1122.5;1122;1122.5;23.6;26475.97;1122.05
04.01.2017 22:57;1122.5;1125;1122.5;1125;15.4;17296.52;1123.46
04.01.2017 22:58;1125.01;1129.8;1125.01;1125.02;32.02;36052.05;1126.03
04.01.2017 22:59;1126.05;1129.7;1126.05;1127.98;4.39;4953.34;1128.53
04.01.2017 23:00;1127.97;1129.8;1125.68;1125.68;22.49;25388.79;1128.73
04.01.2017 23:01;1125.01;1129.68;1123.23;1124.01;21.21;23831.49;1123.59
04.01.2017 23:02;1123.99;1129.8;1123.05;1124;27.28;30677.26;1124.49
04.01.2017 23:03;1124;1127.97;1124;1127.97;11.61;13049.55;1124.02
04.01.2017 23:04;1128.99;1129.72;1128.99;1129.69;19.87;22446.29;1129.68
04.01.2017 23:05;1129.72;1129.8;1129.69;1129.8;79.01;89265.82;1129.79
04.01.2017 23:06;1129.72;1130;1129.01;1130;22.42;25331.87;1129.75
04.01.2017 23:07;1130;1130;1129.71;1130;1.97;2226.87;1130
04.01.2017 23:08;1130;1130.48;1129.7;1129.7;15.61;17639.08;1130
04.01.2017 23:09;1130.47;1130.48;1127.98;1130.48;16.09;18187.33;1130.21
04.01.2017 23:10;1130.48;1130.5;1130.48;1130.48;7.09;8009.78;1130.48
04.01.2017 23:11;1130.82;1130.82;1130.82;1130.82;1.69;1909.43;1130.82
04.01.2017 23:12;1130.73;1130.73;1124;1124;6.77;7629.81;1127.71
04.01.2017 23:13;1124;1124;1103.57;1119.08;59.01;65744.1;1114.15
04.01.2017 23:14;1119.08;1128;1119.08;1128;2;2254.06;1127.03
04.01.2017 23:15;1118;1118;1117;1117;2.51;2803.39;1117.62
04.01.2017 23:16;1115.06;1116.96;1115.03;1115.85;4.6;5133.71;1115.83
04.01.2017 23:17;1115.82;1118;1115.82;1118;1.67;1867.38;1116.94
04.01.2017 23:18;1118;1118;1115.03;1118;12.07;13483.02;1117.08
04.01.2017 23:19;1117.97;1118.95;1117.97;1118.95;5.02;5613.86;1118.3
04.01.2017 23:20;1118.95;1126;1118;1125.99;4.21;4712.11;1119.9
04.01.2017 23:21;1125.97;1125.99;1119.08;1119.08;0.95;1074.3;1125.6
04.01.2017 23:22;1125.97;1126.77;1124.56;1124.56;8.19;9226.61;1126.67
04.01.2017 23:23;1124.55;1124.55;1124.55;1124.55;5;5622.75;1124.55
04.01.2017 23:24;1124;1124;1123.99;1123.99;1.07;1199.22;1124
04.01.2017 23:25;1123.98;1123.98;1120.09;1120.09;12.87;14414.94;1120.42
04.01.2017 23:26;1118.51;1118.51;1115.03;1115.03;14.29;15940.19;1115.75
04.01.2017 23:27;1119.97;1119.98;1115.03;1115.03;2.21;2467.51;1115.5
04.01.2017 23:28;1115.03;1115.03;1115.03;1115.03;5;5575.15;1115.03
04.01.2017 23:29;1122.72;1122.72;1122.56;1122.56;0.1;110.99;1122.58
04.01.2017 23:30;1115.6;1120.92;1115.04;1120.92;10.02;11176.43;1115.06
04.01.2017 23:31;1118.77;1118.78;1118.77;1118.78;0.26;293.41;1118.77
04.01.2017 23:32;1118.78;1118.78;1118.78;1118.78;0.32;354.65;1118.78
04.01.2017 23:33;1118.18;1118.77;1115;1115;4.5;5023.75;1117.52
04.01.2017 23:34;1114.77;1114.77;1110.57;1110.57;4.17;4634.4;1112.3
04.01.2017 23:35;1111;1118.8;1111;1118.8;19;21126.43;1111.81
04.01.2017 23:36;1118.8;1121.31;1118.8;1121.31;0.9;1005.75;1118.89
04.01.2017 23:37;1118.92;1120.86;1115.93;1120.86;1.86;2081.01;1117.14
04.01.2017 23:38;1120.74;1120.86;1115.17;1120.77;2.83;3171.83;1120.2
04.01.2017 23:39;1120.78;1120.86;1120.78;1120.86;0.16;178.7;1120.78
04.01.2017 23:40;1120.78;1122.94;1120.77;1122.93;0.93;1044.89;1121.5
04.01.2017 23:41;1122.91;1122.91;1122.91;1122.91;0.01;10.23;1122.91
04.01.2017 23:42;0;0;0;0;0;0;0
04.01.2017 23:43;1122.8;1122.83;1122.8;1122.83;0.2;227.83;1122.8
04.01.2017 23:44;1122.83;1122.83;1120.77;1120.77;1.86;2080.5;1120.89
04.01.2017 23:45;1120.77;1121.71;1120.77;1120.79;0.46;515.68;1121.04
04.01.2017 23:46;1121.71;1121.71;1120.77;1120.77;12.4;13900.83;1120.78
04.01.2017 23:47;1115.01;1118.97;1111.05;1118.97;19.47;21656.13;1112.46
04.01.2017 23:48;1118.94;1118.94;1118.94;1118.94;0.01;9.96;1118.94
04.01.2017 23:49;1116.04;1116.04;1112.2;1112.2;12;13352;1112.67
04.01.2017 23:50;1114.97;1114.98;1111;1114.98;34.83;38727.2;1111.81
04.01.2017 23:51;1114.98;1114.98;1114.98;1114.98;0.28;312.62;1114.98
04.01.2017 23:52;0;0;0;0;0;0;0
04.01.2017 23:53;0;0;0;0;0;0;0
04.01.2017 23:54;1114.33;1114.94;1114.33;1114.94;0.3;339.74;1114.65
04.01.2017 23:55;1114.89;1114.89;1109.97;1109.97;14.51;16163.23;1113.64
04.01.2017 23:56;1109.97;1110;1108.9;1110;6.61;7338.86;1109.83
04.01.2017 23:57;1110;1110;1105;1109.23;12.84;14203.22;1106.11
04.01.2017 23:58;1109.97;1114.9;1109.97;1114.9;0.99;1103.86;1110.03
04.01.2017 23:59;1114.3;1114.92;1113.98;1114.92;29.12;32449.74;1114.52
05.01.2017 00:00;1114.38;1114.92;1113.94;1113.97;17.93;19983.15;1114.31
05.01.2017 00:01;1113.91;1113.91;1113.91;1113.91;0.11;120.16;1113.91
05.01.2017 00:02;1110.72;1113.95;1101.96;1113.94;10.73;11847.82;1104.63
05.01.2017 00:03;0;0;0;0;0;0;0
05.01.2017 00:04;1103;1111.95;1102.01;1111.95;2.14;2375.86;1110.37
05.01.2017 00:05;1102.05;1110.95;1102.03;1110.84;10.87;11981.84;1102.74
05.01.2017 00:06;1109;1109;1109;1109;0.15;168.97;1109
05.01.2017 00:07;1108.83;1108.83;1107.96;1107.96;2.19;2433.45;1108.68
05.01.2017 00:08;1107.92;1107.92;1101.34;1106.9;28.54;31475.97;1103.02
05.01.2017 00:09;1106.81;1107;1106.71;1107;2.99;3312.49;1106.79
05.01.2017 00:10;1106.74;1107;1102;1105.94;5.7;6300.12;1105.09
05.01.2017 00:11;1105.92;1106;1104.42;1106;5.93;6558.73;1105.29
05.01.2017 00:12;1105.91;1105.94;1102;1105.87;8.44;9317.01;1103.45
05.01.2017 00:13;1104.99;1104.99;1104.97;1104.97;0.74;818.46;1104.98
05.01.2017 00:14;1104.98;1104.98;1104.97;1104.97;0.49;545.86;1104.98
05.01.2017 00:15;1104.97;1104.98;1102.05;1104.98;1.62;1783.39;1103.17
05.01.2017 00:16;1104.93;1104.98;1102.05;1104.98;6.92;7641.65;1104.69
05.01.2017 00:17;0;0;0;0;0;0;0
05.01.2017 00:18;1104.98;1104.98;1104.98;1104.98;0.25;272.93;1104.98
05.01.2017 00:19;1104.97;1104.97;1104.97;1104.97;0.25;271.49;1104.97
05.01.2017 00:20;1104.77;1104.96;1104.77;1104.96;1.01;1117.68;1104.96
05.01.2017 00:21;1104.77;1106;1103.28;1106;21.16;23367.66;1104.22
05.01.2017 00:22;0;0;0;0;0;0;0
05.01.2017 00:23;1105.07;1105.07;1105.06;1105.07;0.49;544.47;1105.07
05.01.2017 00:24;1105.06;1105.06;1102.03;1102.03;35.62;39282.52;1102.96
05.01.2017 00:25;1104.77;1104.77;1104.59;1104.59;1.38;1521.8;1104.75
05.01.2017 00:26;1102.19;1104.55;1102.18;1102.18;1.7;1872.92;1102.69
05.01.2017 00:27;1102.18;1103;1096;1098.95;33.27;36626.06;1100.93
05.01.2017 00:28;1099.93;1099.94;1099.91;1099.91;0.56;619.96;1099.94
05.01.2017 00:29;1099.78;1099.78;1097;1097;4.9;5381.47;1098.11
05.01.2017 00:30;1098.04;1100;1097.02;1097.02;1.22;1333.25;1097.33
05.01.2017 00:31;1099;1099.01;1099;1099.01;0.95;1045.26;1099.01
05.01.2017 00:32;1102.91;1104.93;1102.84;1104.93;14.37;15849.83;1102.93
05.01.2017 00:33;1104.9;1104.91;1104.77;1104.77;3;3318.84;1104.81
05.01.2017 00:34;1104.71;1104.71;1104.71;1104.71;0.05;50.82;1104.71
05.01.2017 00:35;1102.86;1103.04;1102.86;1103.04;0.41;452.06;1102.97
05.01.2017 00:36;0;0;0;0;0;0;0
05.01.2017 00:37;1102.99;1102.99;1102.99;1102.99;0.37;409.32;1102.99
05.01.2017 00:38;1101.39;1102.99;1101.38;1102.99;2.36;2604.71;1102.84
05.01.2017 00:39;0;0;0;0;0;0;0
05.01.2017 00:40;1102.98;1102.98;1101.11;1101.58;1.05;1159.55;1102.48
05.01.2017 00:41;1102.98;1102.98;1101.44;1101.44;1.84;2031.18;1102.36
05.01.2017 00:42;0;0;0;0;0;0;0
05.01.2017 00:43;1101.11;1101.11;1101.02;1101.02;2;2202.12;1101.06
05.01.2017 00:44;1101.44;1101.44;1101;1101;6.13;6752.32;1101.01
05.01.2017 00:45;1101;1101;1095.31;1095.31;14.6;16023.66;1097.4
05.01.2017 00:46;1098.66;1098.66;1095.32;1095.32;6.61;7237.07;1095.32
05.01.2017 00:47;0;0;0;0;0;0;0
05.01.2017 00:48;1098.11;1098.14;1098.11;1098.14;0.3;330.72;1098.12
05.01.2017 00:49;1098.06;1098.06;1095.34;1095.34;14.3;15665.9;1095.46
05.01.2017 00:50;1095.34;1097.83;1095.34;1095.34;0.88;967.36;1097.06
05.01.2017 00:51;1095.34;1095.34;1095;1095.01;13.09;14330.87;1095.02
05.01.2017 00:52;1095.33;1095.33;1092.95;1092.95;21.94;24005.9;1093.96
05.01.2017 00:53;1092.92;1092.92;1091.93;1091.94;14;15295.32;1092.69
05.01.2017 00:54;1090.94;1091.99;1086.54;1086.54;32.77;35712.3;1089.64
05.01.2017 00:55;1089;1089;1086.51;1086.51;5.39;5853.02;1086.59
05.01.2017 00:56;1086.51;1086.51;1086.5;1086.51;13.72;14908.2;1086.51
05.01.2017 00:57;1086.51;1086.51;1086.5;1086.51;4.3;4668.49;1086.51
05.01.2017 00:58;1086.51;1088.79;1086.51;1088.79;6.41;6974.86;1088.05
05.01.2017 00:59;1088.71;1088.71;1088.62;1088.62;0.54;585.96;1088.69
05.01.2017 01:00;1088.6;1090.07;1087.52;1090.07;1.38;1503.86;1088.49
05.01.2017 01:01;1090.83;1090.9;1086.52;1090.9;1.67;1819.89;1088.39
05.01.2017 01:02;1090.9;1092.28;1090.9;1092.28;7.77;8485.18;1092.04
05.01.2017 01:03;1092.28;1092.28;1091.99;1092.28;5.1;5567.8;1092.19
05.01.2017 01:04;1092.28;1092.28;1092;1092.28;2.67;2917.9;1092.06
05.01.2017 01:05;1092.27;1092.27;1092.27;1092.27;0.44;480.6;1092.27
05.01.2017 01:06;1092.27;1092.28;1092.27;1092.28;3.61;3941;1092.28
05.01.2017 01:07;1092.28;1092.28;1092.28;1092.28;7.81;8532.68;1092.28
05.01.2017 01:08;1092.04;1094.93;1092.04;1094.88;32.96;36004.08;1092.3
05.01.2017 01:09;1094.84;1095;1094.84;1095;1.27;1395.41;1094.91
05.01.2017 01:10;1095;1095;1095;1095;0.44;485.5;1095
05.01.2017 01:11;0;0;0;0;0;0;0
05.01.2017 01:12;1096.71;1105.06;1095.4;1095.5;20.16;22238.96;1103.14
05.01.2017 01:13;1095.41;1104.88;1095.41;1104.72;1.95;2149.81;1104.35
05.01.2017 01:14;1104.7;1104.7;1095.64;1095.67;1.01;1105.72;1100.19
05.01.2017 01:15;1096.6;1096.61;1095.63;1095.64;9.75;10684.21;1095.83
05.01.2017 01:16;1095.64;1104.29;1095.64;1104.23;21.58;23816.94;1103.53
05.01.2017 01:17;1100;1100;1092;1092;66.46;72769.62;1094.98
05.01.2017 01:18;1092;1092;1086.5;1087.4;59.28;64574.26;1089.31
05.01.2017 01:19;1089.81;1095.08;1088.63;1095.08;0.83;909.45;1091.05
05.01.2017 01:20;1094.86;1094.97;1094.86;1094.97;2.01;2205.05;1094.89
05.01.2017 01:21;1092.92;1095.09;1089.02;1095.09;6.01;6576.82;1094.68
05.01.2017 01:22;1095.62;1095.62;1095.62;1095.62;2.7;2955.09;1095.62
05.01.2017 01:23;1095.08;1095.08;1095.08;1095.08;1.09;1190.52;1095.08
05.01.2017 01:24;1090;1095.08;1089.02;1095.08;3.67;4008.55;1093.26
05.01.2017 01:25;1095.06;1095.06;1095.06;1095.06;0.01;10.95;1095.06
05.01.2017 01:26;1095.07;1095.07;1095.07;1095.07;5;5475.35;1095.07
05.01.2017 01:27;1095.07;1095.07;1095.07;1095.07;5;5475.35;1095.07
05.01.2017 01:28;1095.08;1095.73;1094.63;1094.63;1.25;1369.13;1095.37
05.01.2017 01:29;0;0;0;0;0;0;0
05.01.2017 01:30;1095.6;1095.73;1095.6;1095.73;2.18;2388.14;1095.73
05.01.2017 01:31;1095.72;1095.72;1095.63;1095.72;4.61;5046.67;1095.72
05.01.2017 01:32;1095.72;1095.73;1095.72;1095.73;6.3;6898.98;1095.72
05.01.2017 01:33;1095.73;1095.73;1090;1091.57;13.53;14790.28;1092.91
05.01.2017 01:34;1091.57;1095.73;1090;1090;10.62;11582.95;1090.92
05.01.2017 01:35;1095.64;1095.64;1091.01;1092;10.02;10958.9;1093.7
05.01.2017 01:36;1095.73;1099.98;1095.73;1099.98;1.29;1419.81;1096.98
05.01.2017 01:37;1099.97;1099.97;1099.94;1099.94;0.44;487.24;1099.95
05.01.2017 01:38;1099.9;1100;1099.9;1100;5.48;6027.36;1099.98
05.01.2017 01:39;1100;1100;1100;1100;0.02;19.09;1100
05.01.2017 01:40;1100;1100;1100;1100;0.11;118.67;1100
05.01.2017 01:41;1100;1100;1091;1091;19.19;20962.78;1092.46
05.01.2017 01:42;1090.91;1093;1090.91;1093;12.09;13194.48;1091.07
05.01.2017 01:43;0;0;0;0;0;0;0
05.01.2017 01:44;1103.4;1105.07;1103.4;1105.07;46.18;51020.89;1104.93
05.01.2017 01:45;1105.05;1105.07;1105.01;1105.01;6.47;7153.42;1105.07
05.01.2017 01:46;1105.01;1105.07;1105.01;1105.07;9.16;10126.7;1105.07
05.01.2017 01:47;1106.14;1106.14;1106.13;1106.13;0.77;849.1;1106.13
05.01.2017 01:48;1106.11;1106.11;1106.11;1106.11;1.03;1136.15;1106.11
05.01.2017 01:49;1106.13;1108.82;1106.13;1108.82;9.91;10988.07;1108.57
05.01.2017 01:50;0;0;0;0;0;0;0
05.01.2017 01:51;1107.93;1107.93;1107.93;1107.93;0.12;135.71;1107.93
05.01.2017 01:52;1106.32;1106.32;1106.32;1106.32;0.07;74.48;1106.32
05.01.2017 01:53;1106.32;1107.93;1106.11;1106.11;2.14;2368.71;1106.51
05.01.2017 01:54;1106.11;1108;1106.11;1107.99;5.74;6362.12;1107.74
05.01.2017 01:55;1107.98;1107.99;1107.98;1107.98;12.47;13812.28;1107.98
05.01.2017 01:56;1107.99;1108;1107.89;1108;64.31;71256.83;1107.98
05.01.2017 01:57;1108.08;1108.08;1108.08;1108.08;10;11080.8;1108.08
05.01.2017 01:58;1108.25;1110;1108.25;1110;1.49;1648.18;1108.92
05.01.2017 01:59;1108.32;1110;1107.89;1107.89;14.97;16589.27;1108.06
05.01.2017 02:00;1107.93;1110;1107.89;1110;14.18;15724.26;1109
05.01.2017 02:01;1111.03;1111.93;1111.03;1111.93;1.81;2013.42;1111.19
05.01.2017 02:02;0;0;0;0;0;0;0
05.01.2017 02:03;1111.9;1111.95;1111.9;1111.95;10.58;11759.85;1111.95
05.01.2017 02:04;1114.72;1114.72;1114.72;1114.72;0.42;472.76;1114.72
05.01.2017 02:05;1114.05;1114.92;1112.59;1114.92;47.63;53070.02;1114.19
05.01.2017 02:06;0;0;0;0;0;0;0
05.01.2017 02:07;1114.36;1114.36;1114.35;1114.35;20;22287.01;1114.35
05.01.2017 02:08;1114.88;1114.93;1112.6;1112.6;1.24;1383.03;1114.67
05.01.2017 02:09;0;0;0;0;0;0;0
05.01.2017 02:10;1114.93;1114.95;1114.93;1114.95;1;1114.94;1114.94
05.01.2017 02:11;1114.94;1115;1114.94;1115;6.56;7318.97;1114.97
05.01.2017 02:12;0;0;0;0;0;0;0
05.01.2017 02:13;0;0;0;0;0;0;0
05.01.2017 02:14;1115.22;1117.87;1115.22;1117.87;1.07;1200.41;1117.62
05.01.2017 02:15;1115.14;1117.82;1115.12;1115.12;13.3;14843.13;1115.79
05.01.2017 02:16;1115.12;1115.12;1115.12;1115.12;0.28;316.17;1115.12
05.01.2017 02:17;1115.12;1115.12;1115.12;1115.12;0.1;111.51;1115.12
05.01.2017 02:18;1115.12;1115.12;1112.59;1112.59;11.15;12409.62;1112.85
05.01.2017 02:19;1111.93;1111.93;1109;1111.74;3.75;4162.75;1109.52
05.01.2017 02:20;1111.61;1111.62;1111.61;1111.62;3.12;3470.05;1111.62
05.01.2017 02:21;1107.9;1116.55;1107.9;1116.55;0.51;569.03;1112.66
05.01.2017 02:22;1111.6;1111.6;1110;1110;3.75;4162.55;1110.01
05.01.2017 02:23;1110.01;1112.49;1110.01;1112.49;3.31;3681.69;1110.79
05.01.2017 02:24;1112.44;1112.44;1112.44;1112.44;0.03;35.97;1112.44
05.01.2017 02:25;0;0;0;0;0;0;0
05.01.2017 02:26;1110.03;1110.03;1110.01;1110.01;10;11100.12;1110.01
05.01.2017 02:27;1110.01;1110.88;1110;1110.8;3.86;4285.69;1110.41
05.01.2017 02:28;1111;1113.32;1111;1113.32;0.06;69.49;1112.21
05.01.2017 02:29;1110.01;1110.01;1110.01;1110.01;0.47;519.06;1110.01
05.01.2017 02:30;1111.5;1111.5;1111.5;1111.5;0.32;352.2;1111.5
05.01.2017 02:31;1111.46;1111.46;1111.32;1111.33;10.29;11437.19;1111.46
05.01.2017 02:32;0;0;0;0;0;0;0
05.01.2017 02:33;1110.02;1110.02;1110;1110;29.33;32555.6;1110.01
05.01.2017 02:34;1108.79;1108.8;1108.79;1108.8;0.31;343.05;1108.79
05.01.2017 02:35;1108.79;1108.79;1108.7;1108.77;0.29;325.6;1108.75
05.01.2017 02:36;1108.71;1108.71;1106.89;1106.89;12.93;14327;1107.83
05.01.2017 02:37;1106.8;1106.8;1106.63;1106.63;1.33;1473.1;1106.71
05.01.2017 02:38;1106.49;1106.49;1106.12;1106.49;14.54;16091.23;1106.49
05.01.2017 02:39;1106.49;1106.49;1106.49;1106.49;0.11;118.63;1106.49
05.01.2017 02:40;1108.79;1108.79;1108.79;1108.79;0.37;408.77;1108.79
05.01.2017 02:41;0;0;0;0;0;0;0
05.01.2017 02:42;0;0;0;0;0;0;0
05.01.2017 02:43;1108.79;1108.79;1108.79;1108.79;0.08;89.94;1108.79
05.01.2017 02:44;1105;1105;1101;1101;25;27539.14;1101.57
05.01.2017 02:45;1105;1105;1100.57;1100.57;20;22055.7;1102.79
05.01.2017 02:46;1104.94;1104.94;1102.11;1102.11;0.13;147.21;1102.48
05.01.2017 02:47;1102.01;1102.01;1100.54;1100.54;11.74;12917.95;1100.73
05.01.2017 02:48;1101.77;1102;1100;1100;15.14;16665.45;1101.05
05.01.2017 02:49;1097.64;1097.64;1097.63;1097.63;1.15;1260.09;1097.64
05.01.2017 02:50;1104.59;1104.59;1104.59;1104.59;10;11045.9;1104.59
05.01.2017 02:51;1104.22;1104.22;1104.22;1104.22;0.19;211.42;1104.22
05.01.2017 02:52;1103.81;1103.81;1101.99;1102.7;24.12;26602.31;1102.73
05.01.2017 02:53;1102.53;1102.53;1098.29;1098.33;20.63;22659.25;1098.42
05.01.2017 02:54;1102.29;1102.29;1102.29;1102.29;1;1102.29;1102.29
05.01.2017 02:55;0;0;0;0;0;0;0
05.01.2017 02:56;1102.07;1102.07;1102.06;1102.06;10.11;11139.47;1102.06
05.01.2017 02:57;1102.1;1102.12;1100.08;1102.12;3.22;3553.1;1102.1
05.01.2017 02:58;1102.12;1102.12;1100.29;1102.12;7.37;8126.23;1102.05
05.01.2017 02:59;0;0;0;0;0;0;0
05.01.2017 03:00;1102.12;1105.19;1102.12;1105.19;1.09;1209.17;1104.63
05.01.2017 03:01;0;0;0;0;0;0;0
05.01.2017 03:02;1104.98;1104.98;1104.98;1104.98;0.72;798.41;1104.98
05.01.2017 03:03;1105.18;1105.19;1105.18;1105.19;15.06;16641.22;1105.18
05.01.2017 03:04;0;0;0;0;0;0;0
05.01.2017 03:05;1105.19;1105.19;1105.19;1105.19;9.56;10565.62;1105.19
05.01.2017 03:06;1105.19;1105.19;1103.32;1105.19;1.39;1532.68;1105.15
05.01.2017 03:07;1105.19;1105.19;1103.54;1103.54;6.03;6668.66;1105.18
05.01.2017 03:08;1105.19;1105.33;1105.19;1105.19;52.78;58337.39;1105.27
05.01.2017 03:09;1108.73;1108.73;1108.73;1108.73;0.12;137.19;1108.73
05.01.2017 03:10;1108.7;1108.8;1108.7;1108.8;10;11087.92;1108.79
05.01.2017 03:11;1108.8;1117;1108.8;1117;52.47;58539.87;1115.75
05.01.2017 03:12;1116.99;1116.99;1116.99;1116.99;8;8935.92;1116.99
05.01.2017 03:13;1116.99;1116.99;1116.99;1116.99;1.13;1267.29;1116.99
05.01.2017 03:14;1116.99;1116.99;1116.99;1116.99;0.03;34.2;1116.99
05.01.2017 03:15;1116.83;1117;1114.21;1114.21;20.87;23303.83;1116.49
05.01.2017 03:16;1114.36;1114.36;1114.35;1114.35;24;26739.58;1114.35
05.01.2017 03:17;1114.6;1114.6;1114.6;1114.6;1.09;1210.69;1114.6
05.01.2017 03:18;0;0;0;0;0;0;0
05.01.2017 03:19;1114.67;1114.67;1114.67;1114.67;0.02;21.18;1114.67
05.01.2017 03:20;1114.12;1116.18;1114.1;1116.14;42.26;47123.69;1115.11
05.01.2017 03:21;0;0;0;0;0;0;0
05.01.2017 03:22;0;0;0;0;0;0;0
05.01.2017 03:23;1115.6;1115.6;1115.6;1115.6;2.62;2928.18;1115.6
05.01.2017 03:24;0;0;0;0;0;0;0
05.01.2017 03:25;0;0;0;0;0;0;0
05.01.2017 03:26;0;0;0;0;0;0;0
05.01.2017 03:27;1116.73;1124;1116.73;1124;112.47;125980.42;1120.14
05.01.2017 03:28;1123.99;1124;1123.98;1124;1.01;1132.36;1123.99
05.01.2017 03:29;1116.08;1116.08;1116.08;1116.08;0.01;10.94;1116.08
05.01.2017 03:30;1117.08;1117.09;1117.08;1117.09;5.31;5934.42;1117.08
05.01.2017 03:31;1118.26;1123.97;1118.25;1123.97;5.15;5756.6;1118.41
05.01.2017 03:32;1123.97;1123.98;1123.97;1123.97;1.37;1539.9;1123.97
05.01.2017 03:33;1123.97;1123.98;1123.97;1123.98;1;1126;1123.97
05.01.2017 03:34;0;0;0;0;0;0;0
05.01.2017 03:35;1123.98;1124;1123.98;1124;10;11239.97;1124
05.01.2017 03:36;0;0;0;0;0;0;0
05.01.2017 03:37;1123.96;1124;1123.96;1124;11.19;12576.73;1123.99
05.01.2017 03:38;1116.2;1124;1116.2;1124;4.17;4687.77;1123.63
05.01.2017 03:39;1116.39;1116.39;1116.39;1116.39;0.65;729.45;1116.39
05.01.2017 03:40;1124;1124;1124;1124;0.59;666.94;1124
05.01.2017 03:41;1121.95;1122;1117.28;1117.28;6.99;7814.52;1117.5
05.01.2017 03:42;0;0;0;0;0;0;0
05.01.2017 03:43;0;0;0;0;0;0;0
05.01.2017 03:44;1122;1123.99;1122;1123.98;18.13;20341.81;1122.14
05.01.2017 03:45;1122.82;1124;1122.82;1124;10;11237.04;1123.7
05.01.2017 03:46;0;0;0;0;0;0;0
05.01.2017 03:47;1118.65;1118.65;1117.9;1117.9;35.29;39478.23;1118.55
05.01.2017 03:48;1123.67;1123.67;1123.59;1123.59;0.34;386.14;1123.6
05.01.2017 03:49;0;0;0;0;0;0;0
05.01.2017 03:50;1119.08;1123.21;1119.08;1123.21;10.19;11402.51;1119.16
05.01.2017 03:51;1119.28;1119.29;1117.78;1119.26;9.92;11087.29;1117.9
05.01.2017 03:52;0;0;0;0;0;0;0
05.01.2017 03:53;0;0;0;0;0;0;0
05.01.2017 03:54;0;0;0;0;0;0;0
05.01.2017 03:55;0;0;0;0;0;0;0
05.01.2017 03:56;1117;1119.23;1117;1119.23;2.61;2917.85;1118.5
05.01.2017 03:57;1117.82;1117.82;1117;1117;30;33510.05;1117
05.01.2017 03:58;1117;1118.98;1117;1118.98;20.09;22443.59;1117.01
05.01.2017 03:59;1117;1117;1116.39;1116.39;15.01;16765.53;1116.8
05.01.2017 04:00;1116.39;1117;1116.39;1116.39;22.1;24677.81;1116.4
05.01.2017 04:01;1116.39;1119.03;1116.39;1119.03;4.24;4732.4;1117.04
05.01.2017 04:02;1119.03;1119.03;1119.03;1119.03;0.1;111.9;1119.03
05.01.2017 04:03;0;0;0;0;0;0;0
05.01.2017 04:04;1118.83;1118.83;1118.83;1118.83;1.29;1442.76;1118.83
05.01.2017 04:05;1116.41;1117.97;1116.41;1117.97;0.71;789.24;1117.03
05.01.2017 04:06;1117.98;1118;1117.98;1118;1.77;1980.55;1117.99
05.01.2017 04:07;1118;1118;1118;1118;1.77;1981.62;1118
05.01.2017 04:08;1118;1119.22;1118;1119.22;7.05;7883.84;1118
05.01.2017 04:09;1118.01;1118.01;1116.41;1117.98;11.59;12943.26;1116.7
05.01.2017 04:10;0;0;0;0;0;0;0
05.01.2017 04:11;1117.98;1117.98;1117.98;1117.98;0.65;726.9;1117.98
05.01.2017 04:12;1116.53;1117.96;1116.41;1117.96;17.18;19181;1116.57
05.01.2017 04:13;1117.96;1118;1117.96;1118;13.01;14550.08;1118
05.01.2017 04:14;1118;1118;1118;1118;0.3;333.68;1118
05.01.2017 04:15;1118;1118;1118;1118;1.12;1249.72;1118
05.01.2017 04:16;1118;1118;1118;1118;2.62;2928.02;1118
05.01.2017 04:17;1117.98;1118;1117.98;1118;10.29;11507.02;1117.98
05.01.2017 04:18;1118;1118;1118;1118;0.45;506.72;1118
05.01.2017 04:19;1118;1118;1118;1118;0.34;382.63;1118
05.01.2017 04:20;1117.99;1118;1117.98;1118;3.31;3702.79;1118
05.01.2017 04:21;1118;1118;1118;1118;0.59;656.23;1118
05.01.2017 04:22;1118;1118;1117.99;1118;1.07;1191.46;1118
05.01.2017 04:23;1118;1118;1117.99;1118;1.21;1349.05;1118
05.01.2017 04:24;1118;1118;1118;1118;0.81;910.05;1118
05.01.2017 04:25;1118;1118;1117.98;1118;1.37;1532.21;1117.99
05.01.2017 04:26;1118;1118;1118;1118;0.18;198.84;1118
05.01.2017 04:27;1117.99;1118;1117.98;1118;1.31;1470.15;1117.99
05.01.2017 04:28;0;0;0;0;0;0;0
05.01.2017 04:29;1117.98;1117.98;1117.98;1117.98;0.2;223.6;1117.98
05.01.2017 04:30;1118;1118;1118;1118;1.08;1205.87;1118
05.01.2017 04:31;1117.98;1117.98;1117.98;1117.98;0.08;87.17;1117.98
05.01.2017 04:32;1118;1118;1118;1118;0.1;109.39;1118
05.01.2017 04:33;0;0;0;0;0;0;0
05.01.2017 04:34;1118;1118;1118;1118;1.66;1855.04;1118
05.01.2017 04:35;0;0;0;0;0;0;0
05.01.2017 04:36;1118;1118;1118;1118;0.23;251.93;1118
05.01.2017 04:37;1118;1118;1117.98;1118;3.02;3377.27;1117.99
05.01.2017 04:38;1117.98;1117.98;1117.98;1117.98;0.03;30.78;1117.98
05.01.2017 04:39;1118;1118;1118;1118;0.25;282.54;1118
05.01.2017 04:40;1118;1118;1117.98;1117.98;9.32;10417.84;1117.99
05.01.2017 04:41;1118;1118;1118;1118;1.87;2086.64;1118
05.01.2017 04:42;1118;1118;1118;1118;1.21;1349.95;1118
05.01.2017 04:43;1117.99;1118;1117.99;1117.99;0.53;590.28;1117.99
05.01.2017 04:44;1117.99;1117.99;1117.99;1117.99;2;2235.98;1117.99
05.01.2017 04:45;1117.99;1117.99;1117.99;1117.99;2.58;2885.08;1117.99
05.01.2017 04:46;0;0;0;0;0;0;0
05.01.2017 04:47;1117.99;1117.99;1117.99;1117.99;2.74;3066;1117.99
05.01.2017 04:48;1117.99;1117.99;1117.99;1117.99;0.5;559;1117.99
05.01.2017 04:49;1117.99;1117.99;1117.99;1117.99;0.74;825.22;1117.99
05.01.2017 04:50;0;0;0;0;0;0;0
05.01.2017 04:51;1117.99;1118.08;1117.99;1118.08;7.01;7834.42;1118.04
05.01.2017 04:52;1118.08;1118.08;1118.08;1118.08;9.64;10779.96;1118.08
05.01.2017 04:53;1118.08;1118.08;1116.48;1116.48;30.17;33728.07;1117.91
05.01.2017 04:54;1116.44;1118.05;1116.44;1118.05;0.04;41.87;1117.08
05.01.2017 04:55;0;0;0;0;0;0;0
05.01.2017 04:56;1118.02;1118.03;1118.02;1118.03;0.36;398.02;1118.03
05.01.2017 04:57;1118.03;1118.03;1118.03;1118.03;0.13;141.27;1118.03
05.01.2017 04:58;1117.11;1118.05;1117.11;1118.05;1.04;1160.46;1118.01
05.01.2017 04:59;0;0;0;0;0;0;0
05.01.2017 05:00;1118.05;1118.05;1118.05;1118.05;0.31;351.48;1118.05
05.01.2017 05:01;1118.05;1118.05;1118.03;1118.03;0.31;348.9;1118.05
05.01.2017 05:02;1118.05;1118.05;1118.03;1118.05;3.99;4456.61;1118.05
05.01.2017 05:03;1118.05;1118.05;1118.05;1118.05;0.66;733.58;1118.05
05.01.2017 05:04;1118.05;1118.05;1118.05;1118.05;2.34;2614.21;1118.05
05.01.2017 05:05;0;0;0;0;0;0;0
05.01.2017 05:06;1118.05;1118.05;1118.05;1118.05;1.09;1217.66;1118.05
05.01.2017 05:07;0;0;0;0;0;0;0
05.01.2017 05:08;1118.05;1118.05;1118.05;1118.05;0.05;55.9;1118.05
05.01.2017 05:09;0;0;0;0;0;0;0
05.01.2017 05:10;1117.14;1117.14;1117.14;1117.14;4.47;4990.22;1117.14
05.01.2017 05:11;0;0;0;0;0;0;0
05.01.2017 05:12;1118.02;1118.05;1118.02;1118.05;0.31;350.12;1118.03
05.01.2017 05:13;0;0;0;0;0;0;0
05.01.2017 05:14;1117.17;1117.97;1116.39;1117.97;45.02;50279.74;1116.73
05.01.2017 05:15;1116.39;1116.39;1116.39;1116.39;10;11163.9;1116.39
05.01.2017 05:16;1116.39;1116.39;1111.09;1116.37;30.16;33629.47;1115.04
05.01.2017 05:17;1116.37;1118;1110;1118;51.57;57570.82;1116.43
05.01.2017 05:18;1118;1118;1118;1118;1.18;1320.58;1118
05.01.2017 05:19;1116.42;1117.99;1116.41;1117.98;1.56;1740.5;1117.02
05.01.2017 05:20;1117.97;1123.5;1116.41;1123.5;102.98;115460.51;1121.19
05.01.2017 05:21;1123;1123;1122.99;1122.99;1.04;1171.96;1122.99
05.01.2017 05:22;0;0;0;0;0;0;0
05.01.2017 05:23;0;0;0;0;0;0;0
05.01.2017 05:24;1118.36;1118.36;1118.36;1118.36;30;33550.8;1118.36
05.01.2017 05:25;0;0;0;0;0;0;0
05.01.2017 05:26;1122.6;1122.6;1122.6;1122.6;0.13;141.16;1122.6
05.01.2017 05:27;1122.82;1122.82;1122.82;1122.82;0.02;24.39;1122.82
05.01.2017 05:28;1120;1120;1120;1120;0.05;60.73;1120
05.01.2017 05:29;1120.03;1122.85;1120.03;1122.85;13.3;14933;1122.78
05.01.2017 05:30;1122.85;1122.85;1122.85;1122.85;0.21;239.48;1122.85
05.01.2017 05:31;1121.12;1121.12;1118.36;1118.36;0.09;102.52;1119.54
05.01.2017 05:32;1121.12;1122.87;1121.12;1122.87;0.7;790.14;1121.5
05.01.2017 05:33;0;0;0;0;0;0;0
05.01.2017 05:34;1121.01;1121.01;1121.01;1121.01;0.17;190.57;1121.01
05.01.2017 05:35;1121.07;1122.83;1121.07;1122.83;0.88;984.28;1121.49
05.01.2017 05:36;1122.09;1122.85;1122.09;1122.85;2.3;2581.13;1122.57
05.01.2017 05:37;1122.85;1122.85;1122.85;1122.85;5.67;6371.05;1122.85
05.01.2017 05:38;1122.85;1123;1122.85;1123;28.51;32017.25;1122.98
05.01.2017 05:39;1123.11;1123.11;1123.11;1123.11;1.5;1684.67;1123.11
05.01.2017 05:40;1123.85;1124;1123.85;1124;19.1;21470.57;1123.97
05.01.2017 05:41;1123.66;1124;1121.98;1124;53.01;59510.69;1122.69
05.01.2017 05:42;1124;1124;1120.24;1120.24;21.9;24554.95;1121.03
05.01.2017 05:43;1119.97;1122.85;1119.97;1122.85;2.23;2497.53;1121.55
05.01.2017 05:44;0;0;0;0;0;0;0
05.01.2017 05:45;1122.85;1122.85;1118.34;1118.34;0.51;572.47;1119.76
05.01.2017 05:46;0;0;0;0;0;0;0
05.01.2017 05:47;1120;1122.85;1120;1122.46;1.66;1860.55;1122.66
05.01.2017 05:48;1122.46;1122.46;1122.2;1122.2;0.31;343.25;1122.37
05.01.2017 05:49;1122.2;1122.2;1122.2;1122.2;0.33;364.96;1122.2
05.01.2017 05:50;0;0;0;0;0;0;0
05.01.2017 05:51;1121.8;1121.8;1121.79;1121.79;1.01;1129.54;1121.79
05.01.2017 05:52;1121.79;1121.79;1121.79;1121.79;2.8;3135.67;1121.79
05.01.2017 05:53;1121.79;1121.79;1121.79;1121.79;0.3;333.45;1121.79
05.01.2017 05:54;1121.79;1121.79;1116.78;1116.78;20.19;22574.88;1117.98
05.01.2017 05:55;1117;1117;1117;1117;1;1117;1117
05.01.2017 05:56;1120.64;1120.64;1120.38;1120.38;0.14;158.46;1120.55
05.01.2017 05:57;0;0;0;0;0;0;0
05.01.2017 05:58;0;0;0;0;0;0;0
05.01.2017 05:59;1120.28;1120.28;1120.28;1120.28;0;4.87;1120.28
05.01.2017 06:00;1120.19;1120.19;1120.12;1120.12;0.55;611.72;1120.17
05.01.2017 06:01;1120.43;1120.43;1120.43;1120.43;0.02;19.89;1120.43
05.01.2017 06:02;1119.95;1119.95;1119.95;1119.95;0.05;59.66;1119.95
05.01.2017 06:03;1120;1120;1120;1120;0.26;292.5;1120
05.01.2017 06:04;1120;1120;1120;1120;0.06;64.19;1120
05.01.2017 06:05;1120.48;1120.48;1120.01;1120.01;0.68;757.29;1120.21
05.01.2017 06:06;0;0;0;0;0;0;0
05.01.2017 06:07;0;0;0;0;0;0;0
05.01.2017 06:08;0;0;0;0;0;0;0
05.01.2017 06:09;1120.47;1120.47;1120.47;1120.47;1.16;1302.77;1120.47
05.01.2017 06:10;1120.01;1120.47;1120.01;1120.47;0.02;22.29;1120.22
05.01.2017 06:11;1120.22;1120.22;1120.22;1120.22;0;5.04;1120.22
05.01.2017 06:12;1120.17;1120.17;1120.17;1120.17;1.1;1236.91;1120.17
05.01.2017 06:13;1120.01;1120.01;1120.01;1120.01;5.85;6552.06;1120.01
05.01.2017 06:14;1120.01;1120.01;1120.01;1120.01;0.8;896.9;1120.01
05.01.2017 06:15;1120.02;1120.02;1120.02;1120.02;0.29;329.73;1120.02
05.01.2017 06:16;1120.02;1120.02;1120.01;1120.01;28.62;32051.6;1120.02
05.01.2017 06:17;1119.81;1119.81;1119.81;1119.81;2.23;2501.16;1119.81
05.01.2017 06:18;1119.64;1119.64;1119.6;1119.6;1.02;1136.55;1119.6
05.01.2017 06:19;1119.56;1120;1118.41;1120;1.61;1806.04;1119.36
05.01.2017 06:20;1118.41;1119.92;1118.39;1119.78;2.16;2416.48;1119.38
05.01.2017 06:21;1119.75;1119.75;1118.37;1118.38;2.63;2940.02;1118.39
05.01.2017 06:22;1118.38;1118.38;1118.38;1118.38;0.3;335.38;1118.38
05.01.2017 06:23;1118.38;1118.38;1117.19;1118.16;16.5;18431.55;1117.25
05.01.2017 06:24;1118.16;1118.16;1117.23;1118.04;1.16;1298.93;1118.03
05.01.2017 06:25;1118.01;1118.01;1117.2;1117.2;24.44;27303.91;1117.25
05.01.2017 06:26;1117.95;1117.95;1117.2;1117.78;2.43;2716.16;1117.44
05.01.2017 06:27;1117.75;1117.75;1117.2;1117.54;3.12;3490.17;1117.37
05.01.2017 06:28;1117.51;1118.04;1117.38;1118.04;1.83;2043.49;1117.45
05.01.2017 06:29;1117.2;1118;1116.39;1118;12.99;14504.05;1116.67
05.01.2017 06:30;1117.99;1117.99;1117.87;1117.87;1.11;1238.38;1117.95
05.01.2017 06:31;1117.85;1117.85;1117.76;1117.76;0.48;532.3;1117.79
05.01.2017 06:32;1117.67;1118.04;1117.65;1118.04;2.76;3081.01;1117.91
05.01.2017 06:33;1118.04;1118.05;1118.04;1118.05;0.06;69.21;1118.04
05.01.2017 06:34;1118.05;1118.05;1118.05;1118.05;2.02;2259.75;1118.05
05.01.2017 06:35;1118.05;1118.05;1118.04;1118.04;18.16;20301.34;1118.04
05.01.2017 06:36;0;0;0;0;0;0;0
05.01.2017 06:37;1118.04;1118.04;1117.99;1117.99;4.91;5494.35;1118.01
05.01.2017 06:38;1117.99;1117.99;1117.99;1117.99;1.5;1675.87;1117.99
05.01.2017 06:39;1117.99;1118;1117.99;1118;1.54;1722.32;1117.99
05.01.2017 06:40;1117.99;1118;1117.99;1118;0.57;636.27;1118
05.01.2017 06:41;1118.04;1118.04;1118.04;1118.04;6.16;6885.07;1118.04
05.01.2017 06:42;1118.04;1118.04;1118.04;1118.04;0.03;37.8;1118.04
05.01.2017 06:43;0;0;0;0;0;0;0
05.01.2017 06:44;0;0;0;0;0;0;0
05.01.2017 06:45;1117.97;1117.97;1117.97;1117.97;0.5;558.99;1117.97
05.01.2017 06:46;0;0;0;0;0;0;0
05.01.2017 06:47;1118.04;1118.04;1118.01;1118.01;20.39;22801.79;1118.01
05.01.2017 06:48;1118.03;1118.03;1118.03;1118.03;1.37;1527.66;1118.03
05.01.2017 06:49;1118;1118.03;1118;1118.03;0.86;959.33;1118.02
05.01.2017 06:50;1118;1118;1117.99;1117.99;0.5;558.94;1117.99
05.01.2017 06:51;1117.99;1118.03;1117.97;1118.03;1.52;1702.59;1117.97
05.01.2017 06:52;1117.97;1117.97;1117.94;1117.94;8.65;9670.1;1117.97
05.01.2017 06:53;1117.83;1117.83;1117.83;1117.83;0.13;146.55;1117.83
05.01.2017 06:54;1117.69;1117.69;1117.07;1117.07;0.32;359.6;1117.68
05.01.2017 06:55;1117.96;1117.96;1117.96;1117.96;0.09;102.28;1117.96
05.01.2017 06:56;0;0;0;0;0;0;0
05.01.2017 06:57;1117.96;1117.96;1117.96;1117.96;0.15;168.76;1117.96
05.01.2017 06:58;1117.95;1117.96;1117.95;1117.96;4;4471.82;1117.96
05.01.2017 06:59;0;0;0;0;0;0;0
05.01.2017 07:00;1117.93;1117.94;1117.93;1117.94;0.35;391.28;1117.94
05.01.2017 07:01;1117.48;1117.48;1117.48;1117.48;0.18;203.26;1117.48
05.01.2017 07:02;0;0;0;0;0;0;0
05.01.2017 07:03;1117.85;1117.94;1117.85;1117.94;0.95;1062.04;1117.94
05.01.2017 07:04;1117.93;1117.93;1117.93;1117.93;0.26;291.01;1117.93
05.01.2017 07:05;1117.92;1117.92;1117.92;1117.92;1.71;1914.83;1117.92
05.01.2017 07:06;1117.74;1117.74;1117.74;1117.74;0.1;111.77;1117.74
05.01.2017 07:07;1117.92;1117.92;1117.92;1117.92;0.05;56.64;1117.92
05.01.2017 07:08;1117.92;1117.92;1117.92;1117.92;0.05;51.22;1117.92
05.01.2017 07:09;1117.92;1117.92;1117.92;1117.92;2.43;2712.47;1117.92
05.01.2017 07:10;1117.91;1117.91;1117.91;1117.91;0.14;156.51;1117.91
05.01.2017 07:11;1117.92;1117.94;1117.92;1117.94;6.29;7037.14;1117.92
05.01.2017 07:12;1117.93;1117.93;1117.93;1117.93;6.36;7110.03;1117.93
05.01.2017 07:13;1117.94;1117.94;1117.94;1117.94;0.06;70.73;1117.94
05.01.2017 07:14;1117.94;1117.94;1117.93;1117.93;1.1;1229.73;1117.94
05.01.2017 07:15;1117.93;1117.94;1117.93;1117.94;0.28;311.35;1117.94
05.01.2017 07:16;1117.93;1117.93;1117.93;1117.93;9.9;11067.51;1117.93
05.01.2017 07:17;1117.9;1117.9;1117.62;1117.62;13;14529.61;1117.66
05.01.2017 07:18;1117.62;1117.62;1117.62;1117.62;0.11;125.99;1117.62
05.01.2017 07:19;1117.39;1117.39;1117.31;1117.31;3.5;3909.68;1117.38
05.01.2017 07:20;1117.19;1117.21;1116.4;1116.4;3.31;3693.56;1117.09
05.01.2017 07:21;1116.97;1116.97;1116.39;1116.39;2.25;2507.68;1116.43
05.01.2017 07:22;1116.33;1116.35;1116;1116;5.01;5592.9;1116.35
05.01.2017 07:23;1115.83;1115.83;1115.83;1115.83;0.3;331.89;1115.83
05.01.2017 07:24;1115.63;1115.63;1115.63;1115.63;0.5;557.82;1115.63
05.01.2017 07:25;1115.36;1115.36;1115.29;1115.29;0.95;1060.06;1115.29
05.01.2017 07:26;0;0;0;0;0;0;0
05.01.2017 07:27;1114.92;1115.45;1114.54;1115.45;0.4;445.98;1114.94
05.01.2017 07:28;1115.45;1115.48;1115.45;1115.48;2.55;2840.63;1115.48
05.01.2017 07:29;0;0;0;0;0;0;0
05.01.2017 07:30;1115.46;1115.46;1115.46;1115.46;0.93;1039.61;1115.46
05.01.2017 07:31;1115.47;1115.48;1115.47;1115.48;1.53;1703.66;1115.47
05.01.2017 07:32;1115.48;1115.48;1113.97;1113.99;19.36;21570.41;1114.08
05.01.2017 07:33;1113.99;1113.99;1113.97;1113.97;1.65;1842.51;1113.98
05.01.2017 07:34;1113.97;1113.99;1113.97;1113.97;0.34;377.56;1113.98
05.01.2017 07:35;1113.97;1113.99;1113.97;1113.97;6.54;7283.65;1113.99
05.01.2017 07:36;1113.97;1113.97;1113.97;1113.97;4.49;4998.66;1113.97
05.01.2017 07:37;1113.78;1113.97;1113.78;1113.97;1.35;1508.84;1113.79
05.01.2017 07:38;1113.78;1113.78;1110.02;1110.02;22.61;25153.41;1112.65
05.01.2017 07:39;1110.75;1110.78;1110.06;1110.65;13.59;15092.65;1110.76
05.01.2017 07:40;1110.65;1110.65;1110.06;1110.06;1.36;1513.82;1110.47
05.01.2017 07:41;1110;1110;1109.6;1109.6;5.16;5726.54;1109.64
05.01.2017 07:42;1110.55;1110.78;1109.62;1110.74;11.16;12397.09;1110.67
05.01.2017 07:43;1110.22;1110.22;1109.66;1109.66;4.16;4618.23;1110.2
05.01.2017 07:44;1109.65;1109.65;1108.16;1108.16;7.16;7942.38;1109.55
05.01.2017 07:45;0;0;0;0;0;0;0
05.01.2017 07:46;1109.54;1109.54;1108.91;1108.91;0.07;74.07;1109.27
05.01.2017 07:47;0;0;0;0;0;0;0
05.01.2017 07:48;1107.57;1108.43;1106.1;1108.43;1.15;1270.8;1106.53
05.01.2017 07:49;1108.37;1109.78;1105.59;1109.78;1.94;2145.73;1106.66
05.01.2017 07:50;1109.68;1109.89;1109.68;1109.89;0.55;612.95;1109.78
05.01.2017 07:51;0;0;0;0;0;0;0
05.01.2017 07:52;1109.73;1109.73;1109.73;1109.73;0.01;10.21;1109.73
05.01.2017 07:53;1109.89;1109.89;1109.89;1109.89;0.1;110.99;1109.89
05.01.2017 07:54;1109.89;1109.91;1109.89;1109.91;1.47;1635.71;1109.9
05.01.2017 07:55;0;0;0;0;0;0;0
05.01.2017 07:56;1109.91;1109.91;1109.91;1109.91;1.08;1200.49;1109.91
05.01.2017 07:57;1109.89;1109.89;1109;1109.88;3;3327.94;1109.31
05.01.2017 07:58;1109.84;1109.84;1109.84;1109.84;0.01;10.97;1109.84
05.01.2017 07:59;1109.84;1109.84;1109.84;1109.84;0.03;30.62;1109.84
05.01.2017 08:00;1109.01;1109.01;1109;1109;0.99;1098.97;1109
05.01.2017 08:01;1107.58;1107.58;1105.6;1105.6;20.73;22933.23;1106.06
05.01.2017 08:02;1106;1106;1105.6;1106;1.45;1597.77;1105.72
05.01.2017 08:03;1109.54;1109.54;1109.53;1109.54;15.23;16899.85;1109.54
05.01.2017 08:04;1106.21;1106.21;1106.2;1106.2;0.1;110.62;1106.21
05.01.2017 08:05;1106.56;1109.15;1106.52;1109.15;16.68;18494.35;1108.79
05.01.2017 08:06;1109.08;1109.08;1106.01;1106.01;27.49;30432.79;1107.1
05.01.2017 08:07;1108;1108.91;1107.01;1107.1;16.42;18174.09;1107.03
05.01.2017 08:08;1107.1;1107.1;1107.1;1107.1;5.65;6251.76;1107.1
05.01.2017 08:09;1107.18;1113.7;1107.18;1110.99;136.65;151775.74;1110.68
05.01.2017 08:10;1113.65;1113.65;1113.63;1113.63;0.04;49.1;1113.64
05.01.2017 08:11;1113.51;1113.51;1113.51;1113.51;1.41;1570.05;1113.51
05.01.2017 08:12;1113.51;1113.61;1113.5;1113.61;21.38;23811.43;1113.58
05.01.2017 08:13;1113.61;1113.75;1113.01;1113.01;48.29;53781.53;1113.7
05.01.2017 08:14;1113;1113;1113;1113;1.12;1246.56;1113
05.01.2017 08:15;1113.02;1113.02;1112.9;1112.9;17.63;19619.7;1112.97
05.01.2017 08:16;1112.91;1113.72;1112.91;1113.72;2.26;2516.46;1112.93
05.01.2017 08:17;0;0;0;0;0;0;0
05.01.2017 08:18;0;0;0;0;0;0;0
05.01.2017 08:19;1113.69;1113.7;1113.69;1113.7;0.13;146.65;1113.69
05.01.2017 08:20;1113.7;1113.72;1113.7;1113.72;0.87;972.17;1113.71
05.01.2017 08:21;1113.72;1113.75;1113.69;1113.75;6.29;7002.71;1113.74
05.01.2017 08:22;1113.71;1113.75;1112.9;1112.9;36.04;40131.35;1113.65
05.01.2017 08:23;1112.9;1113.99;1106.2;1113.99;35.73;39693.16;1110.81
05.01.2017 08:24;1111.18;1113.98;1106.2;1113.98;4.99;5534.16;1109.88
05.01.2017 08:25;1106.22;1113.96;1106.2;1113.94;13.8;15350.88;1112.16
05.01.2017 08:26;1113.94;1116;1111;1116;209.84;233816.12;1114.25
05.01.2017 08:27;1116.02;1116.03;1106.95;1110.55;2.25;2495.54;1110.77
05.01.2017 08:28;1111.77;1117.94;1111.77;1116;55.46;61878.05;1115.78
05.01.2017 08:29;1116;1116.98;1106.24;1116.98;27.85;30887.58;1109.21
05.01.2017 08:30;1116.98;1117.91;1116.98;1117.91;8.2;9159.12;1117.06
05.01.2017 08:31;1117.91;1117.92;1113.5;1117.92;10.08;11235.91;1114.29
05.01.2017 08:32;1117.92;1122.2;1117.92;1122.2;122.22;136744.64;1118.82
05.01.2017 08:33;1120.52;1122.85;1120.5;1122.85;11.85;13294.36;1121.9
05.01.2017 08:34;1122.85;1127.98;1122.85;1125;50.74;57061.88;1124.68
05.01.2017 08:35;1125;1129.65;1124.4;1129.65;13.17;14831.61;1126.36
05.01.2017 08:36;1129.65;1129.9;1128.02;1128.02;12.36;13961.54;1129.62
05.01.2017 08:37;1128.02;1129.88;1128;1129;6.13;6922.41;1128.55
05.01.2017 08:38;1128.5;1129.9;1128;1129.9;19.71;22247.29;1128.66
05.01.2017 08:39;1129.9;1131.51;1129.9;1131.51;38.27;43243.2;1130.03
05.01.2017 08:40;1131.48;1132.33;1130.01;1132.33;6.07;6865.58;1131.69
05.01.2017 08:41;1132.33;1134.12;1132.33;1134;47.43;53784.36;1133.96
05.01.2017 08:42;1134;1134.87;1132.01;1134.12;1.09;1235.3;1134.17
05.01.2017 08:43;1134.12;1134.12;1125.01;1125.01;19.47;21932.98;1126.49
05.01.2017 08:44;1134;1134.89;1134;1134.89;29.15;33075.95;1134.87
05.01.2017 08:45;1130.08;1135;1130.08;1135;37.97;43086.24;1134.67
05.01.2017 08:46;1135;1136.32;1133.48;1136.32;58.14;66003.78;1135.19
05.01.2017 08:47;1136.32;1136.72;1134.21;1136.72;6.8;7717.78;1135.6
05.01.2017 08:48;1136.7;1136.72;1136.7;1136.72;4.36;4952.66;1136.71
05.01.2017 08:49;1136.72;1136.72;1136.51;1136.7;3.37;3835.06;1136.71
05.01.2017 08:50;1136.7;1136.71;1134.85;1136.7;4.3;4890.67;1136.31
05.01.2017 08:51;1136.7;1136.72;1134.85;1136.55;5.47;6217.2;1136.59
05.01.2017 08:52;1136.55;1136.71;1134.86;1136.7;2.51;2854.84;1136.22
05.01.2017 08:53;1136.7;1136.7;1124.37;1126.5;12.24;13831.59;1129.6
05.01.2017 08:54;1131.85;1134.78;1131.85;1134.78;12.24;13868.93;1132.95
05.01.2017 08:55;1131.85;1136.72;1131;1135.39;21.23;24084.27;1134.56
05.01.2017 08:56;1135.39;1136.72;1135.39;1136.72;2.22;2519.32;1135.85
05.01.2017 08:57;1136.04;1136.72;1136.04;1136.69;5.17;5877.91;1136.49
05.01.2017 08:58;1136.69;1136.72;1131.02;1136.5;8.57;9736.18;1136.08
05.01.2017 08:59;1136.49;1136.5;1131.02;1133.55;1.81;2047.77;1133.87
05.01.2017 09:00;1133.55;1136.48;1133.54;1136.48;2.39;2710.47;1133.62
05.01.2017 09:01;1134.2;1136.48;1133.54;1134.86;3.41;3871.65;1134.4
05.01.2017 09:02;1133.55;1136;1133.55;1135.49;2.04;2315.58;1135.09
05.01.2017 09:03;1134.88;1135.49;1134.86;1134.86;2.67;3034.11;1135.08
05.01.2017 09:04;1134.86;1135.51;1133.53;1133.53;3.53;4005.31;1134.29
05.01.2017 09:05;1133.53;1135.47;1132.98;1133.55;9.07;10284.41;1133.54
05.01.2017 09:06;1133.55;1134.99;1130.63;1130.63;24.36;27585.87;1132.26
05.01.2017 09:07;1130.63;1131;1127;1128.99;23.13;26105.46;1128.66
05.01.2017 09:08;1128.96;1128.96;1120;1120;69.54;78036.76;1122.23
05.01.2017 09:09;1120.74;1120.74;1108.21;1111.65;31.88;35464.11;1112.42
05.01.2017 09:10;1110.78;1110.78;1105.57;1108.17;62.02;68627.02;1106.45
05.01.2017 09:11;1108;1114.57;1108;1113.11;33.63;37327.6;1109.98
05.01.2017 09:12;1113.11;1115;1110.02;1115;25.07;27933.7;1114.04
05.01.2017 09:13;1114.59;1124.39;1114.59;1120.37;6.66;7465.3;1120.33
05.01.2017 09:14;1121.99;1122.92;1120;1122.92;20.1;22534.58;1120.94
05.01.2017 09:15;1120;1122.71;1120;1122.64;3.7;4146.42;1120.54
05.01.2017 09:16;1122.62;1124.16;1120.02;1124.16;60.68;68140.24;1123
05.01.2017 09:17;1122.67;1122.92;1115;1122.67;49.05;54970.43;1120.72
05.01.2017 09:18;1120.93;1120.93;1112.02;1112.02;13.81;15424.22;1116.75
05.01.2017 09:19;1112;1112;1101.2;1101.2;83.08;91956.96;1106.81
05.01.2017 09:20;1101.2;1110;1101.2;1108;18.77;20804.95;1108.44
05.01.2017 09:21;1108.02;1108.02;1102;1104;42.01;46391.62;1104.24
05.01.2017 09:22;1104.02;1106;1102;1103.63;110.6;122182.46;1104.77
05.01.2017 09:23;1103.63;1103.63;1090.91;1090.91;154.73;169520.79;1095.59
05.01.2017 09:24;1090.91;1090.91;1059.71;1059.71;399.53;430107.23;1076.53
05.01.2017 09:25;1059.71;1059.71;1050;1055;442.88;466755.11;1053.92
05.01.2017 09:26;1055;1070;1053;1070;71.37;75559.17;1058.73
05.01.2017 09:27;1066;1075;1065;1075;55.54;59359.98;1068.86
05.01.2017 09:28;1077.41;1090.6;1077.41;1085;89.16;96591.57;1083.38
05.01.2017 09:29;1085.01;1093.16;1085;1092.83;127.79;139418.01;1091
05.01.2017 09:30;1089.62;1089.62;1086;1086.01;87.18;94685.04;1086.12
05.01.2017 09:31;1085.01;1085.01;1082.3;1083;8;8672.84;1083.74
05.01.2017 09:32;1083;1083.91;1069.93;1072.38;25.72;27677.05;1076.26
05.01.2017 09:33;1072.51;1072.51;1060;1069.66;109.9;116917.76;1063.84
05.01.2017 09:34;1067.59;1075.02;1067;1070;64.3;68985.48;1072.87
05.01.2017 09:35;1075;1075;1060.01;1068.06;82.11;87721.44;1068.39
05.01.2017 09:36;1064.48;1071.67;1062.5;1071.67;53.43;57163.79;1069.8
05.01.2017 09:37;1071.67;1075;1071;1071;25.6;27446.09;1072.32
05.01.2017 09:38;1072.99;1073.05;1070.02;1070.04;15.15;16253.55;1072.8
05.01.2017 09:39;1070.04;1075.02;1070;1075.02;21.45;22993.45;1072.05
05.01.2017 09:40;1076.48;1084.96;1075.03;1084.94;18.69;20158.31;1078.64
05.01.2017 09:41;1084.93;1090;1084.93;1089.57;36.56;39750.7;1087.35
05.01.2017 09:42;1086.84;1090.15;1083.57;1090.15;11.65;12680.09;1088.58
05.01.2017 09:43;1091.01;1096;1090.02;1095;26.42;28906.21;1094.26
05.01.2017 09:44;1092;1095.01;1086.9;1086.9;31.76;34702.16;1092.7
05.01.2017 09:45;1091.99;1092.99;1091.99;1092.99;30.01;32792.2;1092.63
05.01.2017 09:46;1092;1092.01;1090.02;1090.02;65.34;71346.06;1091.9
05.01.2017 09:47;1086.89;1086.89;1071.16;1076;71.17;76598.83;1076.25
05.01.2017 09:48;1080.56;1082.59;1076.06;1078.87;1.18;1274.95;1078.89
05.01.2017 09:49;1082.67;1082.69;1082.67;1082.67;18.57;20104.58;1082.67
05.01.2017 09:50;1082.66;1084.5;1077.57;1084.5;21.09;22821.98;1081.92
05.01.2017 09:51;1084.5;1089.6;1084.07;1085.2;32.09;34859.92;1086.23
05.01.2017 09:52;1085.03;1089.5;1084.99;1087.97;31.72;34524.85;1088.51
05.01.2017 09:53;1088;1089.5;1080.01;1080.02;5.84;6343.01;1086.05
05.01.2017 09:54;1080.08;1082.65;1080.07;1081.51;2.54;2748.53;1080.32
05.01.2017 09:55;1081.5;1081.51;1080.2;1080.21;6.65;7180.41;1080.48
05.01.2017 09:56;1081.46;1081.46;1080.21;1080.21;0.43;467.99;1081.37
05.01.2017 09:57;1080.24;1080.24;1080.2;1080.2;8.42;9096.96;1080.21
05.01.2017 09:58;1080.21;1080.21;1076.06;1077.52;2.04;2197.46;1077.67
05.01.2017 09:59;1077.52;1077.52;1073.04;1073.04;19.79;21275.32;1075.11
05.01.2017 10:00;1073.02;1074.49;1070.5;1070.5;35.07;37589.9;1071.71
05.01.2017 10:01;1070.53;1075.97;1070.02;1075.96;28.99;31039.7;1070.79
05.01.2017 10:02;1075.94;1076;1071.29;1076;14.39;15482.33;1075.57
05.01.2017 10:03;1076;1081.43;1071.94;1081.43;54.57;58614.29;1074.06
05.01.2017 10:04;1079.65;1081.15;1079.63;1081.15;22.38;24182.13;1080.56
05.01.2017 10:05;1079.97;1079.97;1074.09;1076.11;4.79;5160.43;1076.24
05.01.2017 10:06;1076.12;1079.95;1075;1079.89;7.96;8581.87;1078.23
05.01.2017 10:07;1079.88;1079.9;1075.09;1079.89;11.34;12236.84;1079.08
05.01.2017 10:08;1079.89;1081.52;1079.72;1081.52;17.17;18562.46;1080.86
05.01.2017 10:09;1081.52;1084.85;1081.51;1084.85;9.8;10604.6;1081.86
05.01.2017 10:10;1083.99;1084.89;1080.68;1084.88;5.22;5663.18;1083.91
05.01.2017 10:11;1084.88;1087;1084.86;1087;31.17;33851.78;1086.01
05.01.2017 10:12;1084.88;1086.5;1082.04;1086.5;6.02;6536.88;1086.41
05.01.2017 10:13;1086.5;1091.98;1086.48;1091.98;37.21;40514.84;1088.76
05.01.2017 10:14;1088.47;1092.5;1088.47;1090.01;43.64;47656.68;1091.99
05.01.2017 10:15;1088.48;1092.99;1088.48;1090.03;47.25;51599.4;1092.15
05.01.2017 10:16;1090.03;1091.5;1090.01;1090.01;20.19;22004.83;1090.06
05.01.2017 10:17;1084.57;1088.27;1083.27;1086.99;23.36;25356.93;1085.28
05.01.2017 10:18;1086.99;1088.33;1085;1086;3.64;3952.15;1086.09
05.01.2017 10:19;1086.01;1090.92;1086.01;1090.92;30.39;33101.84;1089.31
05.01.2017 10:20;1090.99;1092;1088.05;1088.05;23.34;25473.13;1091.25
05.01.2017 10:21;1091.43;1092;1090.98;1092;30.76;33564.52;1091.33
05.01.2017 10:22;1092.99;1093;1092.99;1093;3;3283.48;1092.99
05.01.2017 10:23;1092.5;1095;1092.5;1094.52;28.87;31573.36;1093.75
05.01.2017 10:24;1094.58;1094.6;1094.58;1094.6;0.49;541.5;1094.6
05.01.2017 10:25;1094.6;1094.97;1094.6;1094.97;6.67;7297.75;1094.91
05.01.2017 10:26;1094.6;1096.54;1094.6;1096.54;16.09;17617.51;1095.18
05.01.2017 10:27;1097;1100.24;1097;1100.24;15.23;16737.46;1099.2
05.01.2017 10:28;1101.9;1107;1100.25;1107;56.55;62515.37;1105.45
05.01.2017 10:29;1104.96;1110;1104.96;1107.06;101.43;112312.01;1107.27
05.01.2017 10:30;1106.8;1107.92;1105.01;1107.92;6.24;6907.34;1107.6
05.01.2017 10:31;1106.14;1109.99;1106.12;1109.99;54.98;60864.52;1106.93
05.01.2017 10:32;1110;1110;1109.1;1110;83.48;92658.53;1109.99
05.01.2017 10:33;1110;1113.91;1110;1111.56;40.24;44703.69;1111.06
05.01.2017 10:34;1112.21;1115;1109.58;1109.58;51.53;57367.89;1113.36
05.01.2017 10:35;1111.97;1112.37;1106.81;1106.81;36.22;40212.93;1110.1
05.01.2017 10:36;1107.56;1108.97;1106.8;1107.59;46.56;51577.53;1107.83
05.01.2017 10:37;1107.59;1107.59;1104.98;1104.98;45.37;50220.56;1106.81
05.01.2017 10:38;1104.44;1104.95;1102.25;1104.88;4.93;5449.16;1104.55
05.01.2017 10:39;1101.08;1101.99;1095.28;1101.99;5.06;5548.39;1097.21
05.01.2017 10:40;1099.64;1099.64;1099.64;1099.64;0.02;25.61;1099.64
05.01.2017 10:41;1099.46;1103.08;1094.6;1103.08;14.5;15899.4;1096.14
05.01.2017 10:42;1099.99;1101.48;1098.31;1100;47.84;52589.06;1099.3
05.01.2017 10:43;1100.99;1102.39;1095.81;1099.57;11.27;12402.15;1100.71
05.01.2017 10:44;1099.51;1099.51;1099.47;1099.47;0.19;212.38;1099.5
05.01.2017 10:45;1099.43;1099.47;1099.4;1099.47;12.59;13839.79;1099.46
05.01.2017 10:46;1099.47;1105;1097.86;1104.46;28.19;31093.16;1102.83
05.01.2017 10:47;1102.35;1103.54;1100.09;1100.09;1.14;1251.62;1101.86
05.01.2017 10:48;1100.15;1100.15;1099.72;1099.72;1.23;1357.13;1099.78
05.01.2017 10:49;1096.6;1096.6;1096.6;1096.6;0.36;396.24;1096.6
05.01.2017 10:50;1099.55;1104.56;1099.53;1101.03;20.19;22232.77;1101.3
05.01.2017 10:51;1104.75;1104.75;1104.75;1104.75;10;11047.5;1104.75
05.01.2017 10:52;1104.85;1104.85;1104.83;1104.83;1.23;1353.58;1104.84
05.01.2017 10:53;1104.74;1104.8;1104.68;1104.68;7.23;7983.4;1104.74
05.01.2017 10:54;1100;1102.93;1097.03;1099.63;0.9;987.7;1099.03
05.01.2017 10:55;1099.6;1099.6;1097;1097;10.75;11815.77;1098.66
05.01.2017 10:56;1097;1097;1091.29;1091.29;39.12;42859.65;1095.67
05.01.2017 10:57;1090;1094.19;1090;1094.19;3.05;3331.65;1091.22
05.01.2017 10:58;1090.07;1098;1090.03;1098;27.92;30576.27;1094.97
05.01.2017 10:59;1095.04;1097.9;1094.99;1097.26;18.54;20330.89;1096.8
05.01.2017 11:00;1094.99;1094.99;1088.58;1088.58;2.06;2252.73;1092.84
05.01.2017 11:01;1091.02;1091.84;1091.02;1091.84;0.81;882.91;1091.07
05.01.2017 11:02;1091.85;1094.99;1091.85;1094.99;11.49;12573.13;1093.83
05.01.2017 11:03;1094.04;1094.05;1091.96;1091.96;1.4;1527.34;1092.5
05.01.2017 11:04;1093.13;1093.13;1092.01;1092.09;1.81;1982.36;1092.6
05.01.2017 11:05;1093.82;1093.94;1093.28;1093.88;14.64;16010.74;1093.83
05.01.2017 11:06;1093.88;1093.95;1093.86;1093.95;25.94;28373.7;1093.88
05.01.2017 11:07;1094.9;1094.98;1094.72;1094.98;16;17517.64;1094.86
05.01.2017 11:08;1094.98;1098;1094.98;1098;14.56;15969.25;1097.09
05.01.2017 11:09;1092.24;1094.45;1088.63;1093.81;39.46;43030.53;1090.57
05.01.2017 11:10;1090.07;1090.07;1090.07;1090.07;0.21;233.77;1090.07
05.01.2017 11:11;1090.21;1090.55;1090;1090.55;25.78;28102.26;1090.2
05.01.2017 11:12;1092.97;1092.98;1092.66;1092.66;0.73;795.83;1092.97
05.01.2017 11:13;1090.06;1091.5;1090;1091.5;21.08;22973.24;1090.04
05.01.2017 11:14;1090;1090;1090;1090;1.74;1898.39;1090
05.01.2017 11:15;1089.91;1089.91;1089.77;1089.77;4.34;4728.49;1089.81
05.01.2017 11:16;1088.83;1088.83;1088.83;1088.83;2.92;3176.61;1088.83
05.01.2017 11:17;1089.51;1089.52;1088.83;1088.83;9.57;10426.1;1089.5
05.01.2017 11:18;1088.78;1090;1086.12;1088.75;10.65;11599.11;1088.91
05.01.2017 11:19;1088.75;1095;1088.75;1094.97;14.6;15923.29;1090.95
05.01.2017 11:20;1094.89;1094.89;1094.88;1094.88;0.12;128.78;1094.88
05.01.2017 11:21;1094.8;1094.8;1094.8;1094.8;0;5.01;1094.8
05.01.2017 11:22;1092.99;1094.9;1091.71;1094.9;30.72;33594.58;1093.6
05.01.2017 11:23;1094.89;1094.9;1094.89;1094.9;10.75;11771.75;1094.9
05.01.2017 11:24;0;0;0;0;0;0;0
05.01.2017 11:25;1094.54;1094.54;1091.51;1091.51;3.86;4219.05;1093.31
05.01.2017 11:26;1091.51;1093.07;1091.51;1093.07;1.82;1982.65;1091.52
05.01.2017 11:27;1093.02;1093.02;1093.02;1093.02;0.14;153.28;1093.02
05.01.2017 11:28;1093.04;1094.8;1092.02;1094.8;18.42;20152.33;1094.13
05.01.2017 11:29;1093.08;1094.83;1093.08;1094.83;3.66;4000.05;1093.3
05.01.2017 11:30;1094.11;1094.8;1094;1094.8;2.71;2964.19;1094.05
05.01.2017 11:31;1092.1;1094.8;1092.1;1092.22;1.73;1891.71;1092.34
05.01.2017 11:32;1092.33;1094.79;1092.33;1094.79;2.1;2288.5;1092.36
05.01.2017 11:33;1094.8;1099;1094.8;1099;14.48;15868.44;1095.56
05.01.2017 11:34;1099;1102.27;1096.29;1102.27;12.98;14249.44;1098.16
05.01.2017 11:35;1102.17;1102.17;1098.3;1098.3;10.05;11034.5;1098.32
05.01.2017 11:36;1102;1102.23;1102;1102.23;7.37;8123.9;1102.1
05.01.2017 11:37;1102.19;1103;1102.19;1103;26.06;28722.22;1102.28
05.01.2017 11:38;1102.99;1105;1102.99;1104.99;17.76;19619.74;1104.74
05.01.2017 11:39;1104.99;1104.99;1104.99;1104.99;7.3;8066.43;1104.99
05.01.2017 11:40;1104.97;1106.92;1104.97;1106.92;2.79;3083.53;1106.4
05.01.2017 11:41;0;0;0;0;0;0;0
05.01.2017 11:42;1103.93;1103.93;1102.25;1102.25;1.08;1194.81;1103.37
05.01.2017 11:43;1102.3;1102.3;1097.35;1097.35;1.89;2077.33;1098.43
05.01.2017 11:44;1097.4;1097.4;1096.8;1096.8;19.63;21528.11;1096.86
05.01.2017 11:45;1098.15;1098.15;1097;1097;3.85;4221.71;1097.28
05.01.2017 11:46;1097.94;1097.96;1097.62;1097.95;2.15;2356.03;1097.93
05.01.2017 11:47;1097.98;1097.98;1097.98;1097.98;0.11;120.78;1097.98
05.01.2017 11:48;1097.98;1098.3;1097.98;1098.03;4.19;4597.76;1098.08
05.01.2017 11:49;1098.04;1098.04;1097.62;1097.62;13.29;14586.28;1097.64
05.01.2017 11:50;1096.8;1096.8;1095.88;1095.88;14.3;15679.94;1096.73
05.01.2017 11:51;1094.05;1094.94;1094.05;1094.94;0.97;1063.44;1094.88
05.01.2017 11:52;1094.94;1097.91;1094.94;1095.46;29.81;32692.05;1096.68
05.01.2017 11:53;1095.46;1098.3;1095.46;1098.17;34.57;37953.7;1097.73
05.01.2017 11:54;1098.29;1101;1096.86;1100.97;34.32;37707.23;1098.74
05.01.2017 11:55;1100.94;1100.96;1099.46;1100.47;18.67;20549.75;1100.74
05.01.2017 11:56;1099.2;1100.7;1099.2;1099.2;50.05;55077.77;1100.41
05.01.2017 11:57;1097.24;1097.24;1096.82;1096.82;6.65;7292.33;1096.84
05.01.2017 11:58;1096.82;1099.02;1096.82;1096.82;25.96;28504.36;1097.94
05.01.2017 11:59;1098.02;1099.02;1096.8;1096.8;40.05;43981.03;1098.26
05.01.2017 12:00;1096.8;1098.23;1085.05;1085.8;112.27;122438.73;1090.59
05.01.2017 12:01;1085.8;1085.8;1079.72;1079.73;67.98;73495.24;1081.2
05.01.2017 12:02;1078.59;1079.72;1072.67;1072.67;40.14;43171;1075.63
05.01.2017 12:03;1072.01;1076.7;1070.01;1075.08;55.68;59713.89;1072.44
05.01.2017 12:04;1076.91;1080;1070;1079.99;115.38;124012;1074.78
05.01.2017 12:05;1080.13;1085;1079.99;1085;14.93;16130.4;1080.49
05.01.2017 12:06;1087.93;1093.18;1087.93;1093.18;6.71;7303.7;1088.66
05.01.2017 12:07;1090.82;1090.82;1087.95;1087.95;12.14;13223.36;1089.46
05.01.2017 12:08;1087.95;1088.87;1084.69;1084.69;20.88;22730.23;1088.64
05.01.2017 12:09;1084.69;1086.48;1081.33;1081.56;14.21;15389.52;1083.25
05.01.2017 12:10;1081.64;1086.64;1071.86;1078.96;42.44;45832.28;1080.06
05.01.2017 12:11;1078.9;1078.9;1075.52;1078.78;37.76;40697.62;1077.75
05.01.2017 12:12;1077.26;1078;1073.76;1074.92;14.43;15510.93;1074.88
05.01.2017 12:13;1071.06;1077.01;1071.02;1077.01;10.4;11153.5;1072.23
05.01.2017 12:14;1076.13;1076.13;1070.79;1070.79;16.39;17561.94;1071.59
05.01.2017 12:15;1070.79;1070.82;1070;1070;38.57;41277.19;1070.07
05.01.2017 12:16;1070.03;1074;1070.03;1072.07;26.53;28470.79;1073.28
05.01.2017 12:17;1073.02;1075.11;1072.03;1072.03;21.55;23133.5;1073.4
05.01.2017 12:18;1072.03;1075.04;1071.78;1075.04;6.5;6968.89;1072.01
05.01.2017 12:19;1074.96;1075.1;1074.31;1075.1;12.83;13790.72;1074.69
05.01.2017 12:20;1075.1;1077.75;1074.79;1077.75;5.79;6238.7;1077.49
05.01.2017 12:21;0;0;0;0;0;0;0
05.01.2017 12:22;1078.8;1079;1078.72;1079;30.09;32468.76;1078.88
05.01.2017 12:23;1077;1077;1076;1076;0.71;768.12;1076.86
05.01.2017 12:24;1074.38;1074.38;1071.81;1071.81;10.78;11574.22;1073.61
05.01.2017 12:25;1073.8;1073.8;1071.78;1071.78;0.5;534.72;1071.92
05.01.2017 12:26;1071.77;1071.77;1071.77;1071.77;0.7;745.74;1071.77
05.01.2017 12:27;1070.91;1070.91;1070;1070;35.19;37657.38;1070.07
05.01.2017 12:28;1070.01;1073.92;1070.01;1073.89;31.91;34193.23;1071.65
05.01.2017 12:29;1073.91;1075.34;1070;1074.49;68.05;72941.13;1071.91
05.01.2017 12:30;1071.85;1074.44;1070.69;1074.22;4.4;4714.13;1071.33
05.01.2017 12:31;1070.73;1073.95;1070.73;1070.83;4.9;5246.39;1071.32
05.01.2017 12:32;1070.84;1073.45;1070.84;1073.45;1.2;1288.48;1073.01
05.01.2017 12:33;1070.92;1070.96;1070.62;1070.62;2.37;2538.06;1070.91
05.01.2017 12:34;1070.63;1071.32;1070.63;1070.63;1.33;1420.32;1071.24
05.01.2017 12:35;1070.63;1070.63;1070;1070.01;36.64;39206.64;1070.01
05.01.2017 12:36;1070;1070.01;1069.79;1070.01;2.69;2880.95;1069.94
05.01.2017 12:37;1070.01;1070.01;1070.01;1070.01;1.64;1756.09;1070.01
05.01.2017 12:38;1070.01;1071.21;1069.54;1069.54;30.22;32331.07;1069.74
05.01.2017 12:39;1069.54;1069.54;1063.16;1068;18.59;19835.5;1066.87
05.01.2017 12:40;1066.6;1069;1064.17;1064.23;7.71;8221.2;1066.72
05.01.2017 12:41;1063.19;1067.18;1060.01;1060.01;21.11;22408.99;1061.71
05.01.2017 12:42;1060.27;1060.27;1055;1056.09;82.08;86804.02;1057.59
05.01.2017 12:43;1056.1;1056.1;1040;1040;520.06;544954.14;1047.86
05.01.2017 12:44;1040;1040.83;1025;1031;1051.76;1090237.53;1036.59
05.01.2017 12:45;1030.01;1039.6;1029;1039.53;168.45;173729.67;1031.35
05.01.2017 12:46;1035;1042.02;1035;1042.02;25.51;26483.93;1037.98
05.01.2017 12:47;1041;1042.09;1035.18;1042.09;22.35;23244.75;1040.19
05.01.2017 12:48;1042.1;1042.56;1036.01;1036.01;32.52;33863.05;1041.46
05.01.2017 12:49;1039.95;1039.96;1036.03;1036.03;14.4;14941.19;1037.67
05.01.2017 12:50;1036.03;1036.12;1025;1025;213.95;220354.65;1029.94
05.01.2017 12:51;1025;1025;1014.13;1014.13;579.72;590161.25;1018.01
05.01.2017 12:52;1014.13;1018.32;983.5;992;538.05;537667.66;999.29
05.01.2017 12:53;992;1014.11;990;996;83.97;83553.53;995.07
05.01.2017 12:54;996;1000;991;991;83.23;82696.73;993.61
05.01.2017 12:55;991;991.2;983;986.06;129.95;128519.92;989.01
05.01.2017 12:56;989.69;990;984;986;106.28;104707.42;985.17
05.01.2017 12:57;984.07;989.99;984;988.96;88.03;86749.09;985.46
05.01.2017 12:58;988;991.9;984.05;984.1;240.81;237506.66;986.27
05.01.2017 12:59;984.87;985;982;982.22;155.1;152627.8;984.08
05.01.2017 13:00;982.22;1000;982.22;991.82;190.53;188184.88;987.67
05.01.2017 13:01;995.12;1014.96;990;998;161.1;161027.3;999.54
05.01.2017 13:02;996.02;998;995;996;190.7;189809.28;995.32
05.01.2017 13:03;996;998.01;994;998;48.32;48102.6;995.55
05.01.2017 13:04;998;998.05;992;992;205.26;204387.59;995.73
05.01.2017 13:05;992;994.1;987.02;989.99;11.81;11695.92;990.64
05.01.2017 13:06;987.02;987.02;979.44;980;263.21;258264.74;981.2
05.01.2017 13:07;979.44;979.44;961.12;965.01;219.52;212527.6;968.13
05.01.2017 13:08;965;974.09;962.89;970;69.65;67204.77;964.91
05.01.2017 13:09;969.99;969.99;960;960;132.04;127268.07;963.85
05.01.2017 13:10;960;960.96;955.2;955.23;109;104487.76;958.62
05.01.2017 13:11;956.02;958.68;945;945;142.15;135487.08;953.1
05.01.2017 13:12;944.43;945.99;941.23;942.12;171.97;161943.41;941.72
05.01.2017 13:13;942.12;945;930;930;299.45;281176.2;938.97
05.01.2017 13:14;929;929.99;915;915;192.06;177086.68;922.03
05.01.2017 13:15;915.1;915.1;894;894;537.88;485061.24;901.81
05.01.2017 13:16;893.53;900;885.55;889;347.95;309513.83;889.54
05.01.2017 13:17;889;898;885.41;888;236.89;210934.93;890.45
05.01.2017 13:18;890;901.65;887.46;899;165.96;148437.14;894.43
05.01.2017 13:19;899.99;900;891;892.98;34.84;31272.74;897.6
05.01.2017 13:20;892.98;923.25;891.73;923.25;243.37;219511.3;901.97
05.01.2017 13:21;924.88;955.23;901.11;925;586.83;538035.35;916.84
05.01.2017 13:22;925;945;904.02;920;166.1;154651.73;931.08
05.01.2017 13:23;920;930;918;925;182.53;168310.58;922.09
05.01.2017 13:24;929;930;910;916.07;176.01;161370.4;916.84
05.01.2017 13:25;914;920;910;914;118.04;107948.23;914.52
05.01.2017 13:26;914.04;920;914;920;160.22;147100.53;918.1
05.01.2017 13:27;922;940;921.98;940;169.83;158593.45;933.83
05.01.2017 13:28;940.01;950;934.43;944.5;510.13;481129.6;943.14
05.01.2017 13:29;949;960;947.12;958.69;453.74;431642.89;951.31
05.01.2017 13:30;958.69;968;956.01;968;139.17;133612.84;960.07
05.01.2017 13:31;967;980;961;965;176.39;171965.42;974.9
05.01.2017 13:32;961;971.1;961;970.02;246.42;238486.91;967.82
05.01.2017 13:33;970;971.1;965;965;96.74;93774.52;969.37
05.01.2017 13:34;965;970;963.02;965.02;50.03;48290.6;965.24
05.01.2017 13:35;970;970;964.12;965.03;36.85;35637.17;967.05
05.01.2017 13:36;970;975.18;965;975.17;34.55;33633.37;973.45
05.01.2017 13:37;975.38;988;975.38;983;55.19;54105.94;980.43
05.01.2017 13:38;984.89;988;980;986.97;81.94;80642.2;984.19
05.01.2017 13:39;986.97;987;968.31;980;77.95;76526.76;981.71
05.01.2017 13:40;979;979;975.94;979;34.33;33513.71;976.36
05.01.2017 13:41;979;981.26;964.9;965.55;92.41;89699.44;970.67
05.01.2017 13:42;967.49;967.49;945.02;945.02;192.05;183932.85;957.73
05.01.2017 13:43;945;946;920.3;924.14;184.2;172460.84;936.26
05.01.2017 13:44;929.95;935.48;920;934.98;38.62;35763.62;926
05.01.2017 13:45;934.98;960;933.01;951.71;155.8;148162.58;950.96
05.01.2017 13:46;950.03;960;946.69;959.96;43.31;41419.6;956.36
05.01.2017 13:47;960;960;952.47;954.5;20.11;19213.47;955.36
05.01.2017 13:48;954.5;959;950.01;950.03;15.97;15221.28;953.03
05.01.2017 13:49;955;959.94;946.03;949.81;41.49;39463.6;951.26
05.01.2017 13:50;951.97;956;951.97;956;9.97;9511.67;953.99
05.01.2017 13:51;956;959.59;952.01;954.9;2.99;2855.63;956.39
05.01.2017 13:52;955.4;970;955.4;959.31;110.8;106690.63;962.91
05.01.2017 13:53;965.96;965.96;955;957.03;21.72;20829.68;959.22
05.01.2017 13:54;958;964.68;956.01;959.5;30.05;28911.8;961.99
05.01.2017 13:55;959.23;959.51;953.97;959.45;53.19;50849.61;955.96
05.01.2017 13:56;956.78;957;941.86;954.59;142.59;135732.37;951.93
05.01.2017 13:57;954.59;956.76;948.96;955.86;35.22;33649.16;955.44
05.01.2017 13:58;956;956;952.43;952.43;3.85;3681.91;955.15
05.01.2017 13:59;955.97;956;950;950.01;31.06;29604.27;953.22
05.01.2017 14:00;952.32;956;952;952;6.14;5860.44;954.87
05.01.2017 14:01;955;955;940;943.32;72.57;68373.94;942.22
05.01.2017 14:02;941.01;948.9;940;945;29.98;28201.81;940.72
05.01.2017 14:03;945;954;941.79;947.05;10.85;10285.01;948.18
05.01.2017 14:04;945.03;953;941.79;945;10.15;9622.64;947.95
05.01.2017 14:05;945.01;948.8;945;945.02;14.66;13851.85;945.05
05.01.2017 14:06;945.02;948.83;944.93;948.83;19.23;18180.45;945.39
05.01.2017 14:07;945;959.99;944.93;959.83;74.89;71577.5;955.82
05.01.2017 14:08;959.83;959.96;948.58;949.74;37.5;35980.98;959.53
05.01.2017 14:09;959;959.78;949.76;959;32.89;31544.18;958.99
05.01.2017 14:10;959;964;959;964;64.47;61836.58;959.19
05.01.2017 14:11;960.01;962.9;959;959;8.68;8331.45;959.97
05.01.2017 14:12;961;961;954.2;959.32;39.87;38239.11;959.03
05.01.2017 14:13;955.5;959.33;950;950.01;137.26;130913.07;953.77
05.01.2017 14:14;952.5;955;945.45;955;211.54;201547.24;952.75
05.01.2017 14:15;954.2;954.99;954;954.18;116.42;111085.29;954.19
05.01.2017 14:16;954.18;960;945;960;56.85;54103.95;951.76
05.01.2017 14:17;960;960;951;952.1;3.63;3454.16;952.08
05.01.2017 14:18;952.1;958.97;950.01;951.09;24.6;23398.33;951.03
05.01.2017 14:19;951.09;954.26;948.8;949;90.11;85608.87;950.02
05.01.2017 14:20;949;954.16;949;949;17.79;16910.97;950.45
05.01.2017 14:21;949.12;953.88;949;949.3;3.67;3487.03;949.26
05.01.2017 14:22;949.02;958.5;948.9;948.9;138.2;131236.07;949.61
05.01.2017 14:23;951.3;955.01;948.91;955;18.56;17710.57;953.99
05.01.2017 14:24;952.99;954;952.77;952.77;3.05;2909.43;952.9
05.01.2017 14:25;952.77;953;944.93;949.69;30.37;28832.93;949.32
05.01.2017 14:26;950;950;947.12;950;102.05;96943.49;950
05.01.2017 14:27;953.99;954.2;950.07;954.2;18.6;17732.48;953.14
05.01.2017 14:28;954.2;958;953.1;957;19.81;18935.06;955.64
05.01.2017 14:29;957.02;957.8;957.02;957.8;17.89;17137.11;957.72
05.01.2017 14:30;957.18;962.96;957.18;962.96;15.29;14658.91;958.76
05.01.2017 14:31;960.09;969;960.09;969;46.14;44508.75;964.63
05.01.2017 14:32;968.84;970.97;965;965;31.12;30161.67;969.33
05.01.2017 14:33;965;968.94;963;967.44;15.03;14501.1;964.51
05.01.2017 14:34;967.39;967.4;961.02;961.02;12.5;12074.25;965.76
05.01.2017 14:35;961.03;965.78;961.03;963.02;5.81;5599.1;964.43
05.01.2017 14:36;963.02;965.73;961.21;965.48;15.96;15388.89;964
05.01.2017 14:37;965.5;965.5;963.03;965.48;16.41;15805.3;963.18
05.01.2017 14:38;963.03;963.03;953.7;957.98;42.09;40379.95;959.44
05.01.2017 14:39;959.96;959.98;952.5;953.72;40.47;38596.61;953.68
05.01.2017 14:40;952.48;952.5;951.02;951.02;14;13319.37;951.59
05.01.2017 14:41;952.85;955;951.02;952.96;44.25;42146.3;952.51
05.01.2017 14:42;951.02;954.38;948.94;948.94;16.69;15885.48;951.54
05.01.2017 14:43;948.55;954.3;945.07;948;75.27;71392.94;948.43
05.01.2017 14:44;945.64;952.98;945.44;949.19;20.42;19348.67;947.4
05.01.2017 14:45;949.2;952.45;945.49;946.82;16.7;15828.48;947.81
05.01.2017 14:46;946.84;949;945.22;948.98;2.6;2456.3;945.82
05.01.2017 14:47;947.01;951.98;947.01;947.02;9.15;8670.2;947.47
05.01.2017 14:48;951.98;951.98;947.02;947.02;3.49;3311.53;947.88
05.01.2017 14:49;949.98;952;948;952;8.7;8259.43;949.84
05.01.2017 14:50;952;952;948.73;952;17.46;16602.39;950.81
05.01.2017 14:51;950;952;949.06;951.02;3.67;3488.48;951.29
05.01.2017 14:52;951.98;952;950;951.98;22.71;21592.96;950.99
05.01.2017 14:53;951.98;951.98;950.01;951.98;10.82;10282.87;950.23
05.01.2017 14:54;951.98;952;950;951.98;15.72;14944.96;950.59
05.01.2017 14:55;950.05;954.33;950.05;954.33;55.76;53063.43;951.56
05.01.2017 14:56;954.33;959.79;954.33;955.01;17.12;16354.95;955.21
05.01.2017 14:57;955.05;959;955.01;955.02;12.32;11764.62;955.12
05.01.2017 14:58;958.52;958.52;950.59;952.53;7.85;7477.02;952.16
05.01.2017 14:59;958;959;956.37;958.98;6.9;6605.31;957.83
05.01.2017 15:00;958.98;958.98;957.76;958.98;0.29;279.51;958.37
05.01.2017 15:01;959.77;960.1;959;960.06;11.96;11478.1;959.96
05.01.2017 15:02;960.1;960.1;955;955;35.17;33684.92;957.86
05.01.2017 15:03;955;956.71;950.01;950.01;49.7;47309.53;951.97
05.01.2017 15:04;950.01;954.93;950.01;952.49;11.66;11099.92;951.72
05.01.2017 15:05;952.22;952.22;947.01;950.41;14.34;13624.18;949.91
05.01.2017 15:06;947.45;952.01;947.05;949.14;5.87;5565.46;948.23
05.01.2017 15:07;949.16;950.48;947.89;950.48;20.29;19260.23;949.11
05.01.2017 15:08;950.43;950.43;949.94;950;5.69;5403.32;949.99
05.01.2017 15:09;952.5;954.83;948.12;954.73;16.74;15920.15;950.8
05.01.2017 15:10;954.63;954.63;952.22;954.57;2.04;1946.42;954.62
05.01.2017 15:11;954.52;954.52;952.2;952.2;0.51;486.43;954.27
05.01.2017 15:12;952.4;954.4;951.04;954.4;10.01;9523.53;951.85
05.01.2017 15:13;951.79;954.3;951.79;954;3.83;3648.83;952.07
05.01.2017 15:14;954;954;954;954;0.01;10.81;954
05.01.2017 15:15;953.87;953.87;952.32;952.32;0.53;509.18;952.41
05.01.2017 15:16;952.32;953.65;950.63;950.63;9.96;9469.47;951.03
05.01.2017 15:17;953.54;953.54;950.63;952.52;9.38;8936;952.52
05.01.2017 15:18;950.67;952.66;950.65;952.66;20.78;19756.72;950.72
05.01.2017 15:19;953.25;953.98;953.25;953.98;0.22;210.5;953.48
05.01.2017 15:20;953.98;958.64;952.47;954.72;23.56;22469.94;953.74
05.01.2017 15:21;957.99;958.89;957.64;958;12.33;11810.91;958.17
05.01.2017 15:22;959.95;961.15;959.2;961.15;18.32;17595.36;960.27
05.01.2017 15:23;960.79;970.03;960.01;970.03;59.22;57070.88;963.7
05.01.2017 15:24;968.58;979.29;968.58;975.96;124.66;121548.01;975.01
05.01.2017 15:25;977.98;979;973.51;976.06;50.13;48867.95;974.89
05.01.2017 15:26;975.02;979.7;970.73;979.7;10.42;10165.33;975.95
05.01.2017 15:27;979.7;984.1;978.94;979.07;48.76;47780.47;979.96
05.01.2017 15:28;984.1;984.1;979;980;82.92;81547.25;983.46
05.01.2017 15:29;979.98;982.22;979;982.22;80.26;78671.34;980.23
05.01.2017 15:30;982.22;982.22;979.03;982.21;25.03;24560.43;981.17
05.01.2017 15:31;982.16;982.22;979.1;979.1;30.93;30299.84;979.6
05.01.2017 15:32;979.1;980;979.02;979.02;7.92;7761.21;979.71
05.01.2017 15:33;979.01;979.05;978;978;46.66;45676.07;978.97
05.01.2017 15:34;977.99;977.99;975.08;976.38;19.17;18710.01;975.9
05.01.2017 15:35;977.99;978.28;974.91;974.91;20.62;20141.66;976.88
05.01.2017 15:36;976.38;979.04;976.38;978.05;6.67;6526.34;978.4
05.01.2017 15:37;979.04;979.12;978.17;979.12;19.88;19461.96;979.05
05.01.2017 15:38;979.15;986.09;979.15;984.55;5.06;4961.72;980.52
05.01.2017 15:39;986.09;986.09;985.89;986.09;3.31;3268.33;985.93
05.01.2017 15:40;986.09;990;986.09;988.35;74.47;73651.88;988.98
05.01.2017 15:41;990;990.97;989.04;990.04;4.94;4895.58;990.11
05.01.2017 15:42;990.07;993;990.07;993;12.88;12753.48;990.47
05.01.2017 15:43;992.9;996;992.41;994.46;21.89;21769.34;994.39
05.01.2017 15:44;995.99;995.99;992.4;995.99;55.67;55442.5;995.9
05.01.2017 15:45;995.5;995.79;993.05;993.37;41.62;41349.23;993.44
05.01.2017 15:46;993.37;995.77;993.07;995.77;5.52;5488.87;993.49
05.01.2017 15:47;994.12;995.75;993.05;994.96;19.76;19638.33;993.91
05.01.2017 15:48;994.94;994.94;993.05;993.15;37.84;37588.78;993.45
05.01.2017 15:49;993.15;995.7;993.15;995.66;8.04;7985.26;993.46
05.01.2017 15:50;993.11;994.99;990;990;15.27;15143.68;991.71
05.01.2017 15:51;994.89;994.89;988.51;991.31;6.04;5990.24;991.07
05.01.2017 15:52;991;991.21;987.11;987.11;2.17;2149.05;989.32
05.01.2017 15:53;987.11;993;987.09;992.6;7.44;7365.67;989.39
05.01.2017 15:54;992;992;988;992;3.42;3393.66;991.99
05.01.2017 15:55;991.2;992;991.2;992;7.93;7863.63;991.8
05.01.2017 15:56;991.98;992;991.2;992;4.17;4135.57;991.59
05.01.2017 15:57;991.18;993;991.18;993;14.83;14716.42;992.04
05.01.2017 15:58;992.01;995.99;991.2;995.98;38.13;37928.23;994.8
05.01.2017 15:59;995.96;995.97;992.73;992.84;1.04;1037.83;994.07
05.01.2017 16:00;992.84;992.86;990;990;60.27;59757.29;991.48
05.01.2017 16:01;990;990;988.77;990;55.6;55038.07;989.88
05.01.2017 16:02;990;990;987.77;987.95;19.65;19451.71;989.81
05.01.2017 16:03;989.99;992;989.99;990.11;31.19;30915.59;991.31
05.01.2017 16:04;991.37;991.95;988.85;991.48;1.72;1703.75;989.84
05.01.2017 16:05;990.24;990.24;987.14;987.15;13.95;13804.65;989.68
05.01.2017 16:06;987.18;987.18;985.02;985.02;10.5;10365.28;987.07
05.01.2017 16:07;985.8;987.87;985;986.96;16.66;16434.63;986.36
05.01.2017 16:08;986.93;986.97;985.25;986.4;4.23;4167.36;985.67
05.01.2017 16:09;989.97;989.97;986.57;986.65;1.27;1258.3;987.7
05.01.2017 16:10;988.99;990;987.89;987.89;10.51;10383.45;987.97
05.01.2017 16:11;989.98;989.98;987.98;989.9;0.35;346.45;989.85
05.01.2017 16:12;989.9;989.9;989.7;989.9;2.02;1997.6;989.75
05.01.2017 16:13;987.88;989.89;986.71;988.99;0.94;930.03;988.53
05.01.2017 16:14;988.99;988.99;988.99;988.99;1.79;1768.16;988.99
05.01.2017 16:15;0;0;0;0;0;0;0
05.01.2017 16:16;988.69;989;985.12;985.12;150.56;148621.36;987.1
05.01.2017 16:17;985.23;985.23;985;985;17.48;17219.39;985.04
05.01.2017 16:18;986.7;986.7;984.08;984.96;42.95;42290.77;984.59
05.01.2017 16:19;983.99;985;983.04;985;24.01;23621.56;983.78
05.01.2017 16:20;985;985;985;985;0.03;33.44;985
05.01.2017 16:21;985;985;980.5;981.74;81.92;80482.05;982.43
05.01.2017 16:22;981.74;984.99;981.72;983.62;43.62;42867.21;982.78
05.01.2017 16:23;983.48;983.93;977.05;981;116.59;114229.39;979.79
05.01.2017 16:24;980.98;982;977.45;981.92;13.23;12974.55;980.68
05.01.2017 16:25;980.39;981.97;968.02;970.01;72.25;70313.15;973.13
05.01.2017 16:26;975;975;972.35;972.38;37.6;36622.45;974.02
05.01.2017 16:27;972.35;972.35;964.98;970;57.41;55577.96;968.02
05.01.2017 16:28;968.5;974.99;968.5;974.99;62.46;60581.62;969.95
05.01.2017 16:29;974.99;977.45;973.58;973.8;21.95;21444.62;976.89
05.01.2017 16:30;972.64;973.01;970.66;972.63;44.86;43595.69;971.82
05.01.2017 16:31;972.63;972.63;970.56;972.47;61.92;60221.56;972.55
05.01.2017 16:32;972.47;972.82;970.77;970.77;18.15;17651.36;972.29
05.01.2017 16:33;972.52;972.52;970.02;970.02;8.11;7866.64;970.25
05.01.2017 16:34;971;971;965.99;965.99;30.38;29424.82;968.63
05.01.2017 16:35;965.1;968.06;960.88;960.88;127.33;122845.88;964.82
05.01.2017 16:36;966.87;966.91;959;959;94.9;91179.64;960.8
05.01.2017 16:37;958;958;948;948;147.15;139942.93;951.03
05.01.2017 16:38;949.6;949.97;943;943;84.62;80091.48;946.49
05.01.2017 16:39;942.96;945;941.47;942.5;47.65;44931.25;942.99
05.01.2017 16:40;943.09;943.1;933.19;934.31;333.53;313085;938.69
05.01.2017 16:41;934.98;949.55;934.97;949.27;33.3;31269.19;939.02
05.01.2017 16:42;949.27;951;949.27;951;24.83;23580.14;949.67
05.01.2017 16:43;951.03;960;951.02;951.98;103.68;99224.21;957
05.01.2017 16:44;956.31;957;952;952;17.38;16579.14;953.85
05.01.2017 16:45;952;952.45;945.67;945.67;109.57;104119.79;950.24
05.01.2017 16:46;950.48;955.1;950.48;955.1;39.87;37966.65;952.38
05.01.2017 16:47;955.1;957.35;955.1;957.02;13.18;12615.81;957.02
05.01.2017 16:48;957.34;959.98;957.34;958.97;14.94;14326.64;958.9
05.01.2017 16:49;955.16;959;953;955.01;27.7;26412.73;953.41
05.01.2017 16:50;954.9;957.2;953;957.12;7.59;7242.31;953.89
05.01.2017 16:51;957.09;958.64;957.09;958.55;25.22;24171.03;958.46
05.01.2017 16:52;958.52;958.52;953;953;13.03;12445.66;954.83
05.01.2017 16:53;954.36;954.37;953;954.35;43.87;41811.61;953.12
05.01.2017 16:54;954.98;955;953.01;954;19.08;18213.78;954.46
05.01.2017 16:55;952.15;952.15;950.03;950.03;19.42;18485.23;951.7
05.01.2017 16:56;950.04;953.98;950;953.98;23.45;22280.68;950.34
05.01.2017 16:57;953.98;954;953.98;953.98;0.34;321.65;953.99
05.01.2017 16:58;954.89;954.89;953.16;954.6;5.44;5192.02;954.59
05.01.2017 16:59;954.89;957.85;954.89;955;70.19;67043.77;955.11
05.01.2017 17:00;954.01;955;954.01;955;7.98;7617.37;954.99
05.01.2017 17:01;957;962.73;955.14;962.73;43.28;41515.54;959.21
05.01.2017 17:02;962.63;966.64;962.63;962.69;149.71;144381.09;964.43
05.01.2017 17:03;962.7;966.87;962.7;964.61;10.23;9875.9;965.7
05.01.2017 17:04;964.97;966.86;964.97;966.86;18.42;17778.8;965.31
05.01.2017 17:05;966;966.05;965.33;966.05;12.48;12053.06;965.89
05.01.2017 17:06;966.21;967.82;966.21;967.82;72.95;70488.47;966.31
05.01.2017 17:07;969.41;969.41;967.02;969.3;5.75;5574.22;969.34
05.01.2017 17:08;969;969.06;969;969.06;0.4;392.37;969.05
05.01.2017 17:09;969;969.05;966.27;968.82;11.78;11413.4;968.71
05.01.2017 17:10;968.82;968.82;968.62;968.62;7.03;6814.06;968.64
05.01.2017 17:11;966.05;966.05;966;966;8.7;8399.92;966.04
05.01.2017 17:12;967.4;967.4;965;966.91;37.15;35870.18;965.47
05.01.2017 17:13;962.64;963.06;960.16;963.06;12.78;12287.81;961.56
05.01.2017 17:14;963;963;962.66;963;2.06;1984.63;962.99
05.01.2017 17:15;963.09;968.65;963;968.65;11.41;10995.29;963.74
05.01.2017 17:16;963.52;963.52;963.52;963.52;0.05;43.55;963.52
05.01.2017 17:17;968.63;968.64;968.63;968.63;6.66;6451.11;968.63
05.01.2017 17:18;968.62;968.62;965.73;965.73;1.93;1869.63;968.38
05.01.2017 17:19;967;967;963.07;963.07;7.5;7238.78;965.17
05.01.2017 17:20;963.08;967.18;963.03;967.18;3.85;3707.47;963.12
05.01.2017 17:21;963.51;963.57;962.6;962.6;4.61;4443.72;963.34
05.01.2017 17:22;962.6;962.6;960;960.09;28.99;27861.28;960.97
05.01.2017 17:23;960;960.01;954.9;955.71;59.47;57044.49;959.18
05.01.2017 17:24;955.69;955.69;954.9;955.49;6.94;6626.81;954.97
05.01.2017 17:25;955.49;955.49;954.9;954.9;7.24;6918.23;954.99
05.01.2017 17:26;954.9;954.9;954.89;954.89;8.38;8004.59;954.9
05.01.2017 17:27;954.89;954.89;951.05;951.05;11.92;11368.1;953.69
05.01.2017 17:28;951.74;955.81;951.05;955.81;21.13;20150.1;953.58
05.01.2017 17:29;957.36;958.08;956.48;956.48;7.58;7259.22;957.46
05.01.2017 17:30;957;957;954.92;954.92;0.63;597.94;955.33
05.01.2017 17:31;956.87;956.87;954.9;956.81;16.49;15771.71;956.31
05.01.2017 17:32;956.62;956.62;955;955;5.07;4837.68;955.02
05.01.2017 17:33;955.83;955.83;955.8;955.8;0.3;286.85;955.83
05.01.2017 17:34;956.93;956.93;955.82;956.87;4.24;4048.74;955.91
05.01.2017 17:35;956;956.67;955.8;956.67;47;44944.75;956.27
05.01.2017 17:36;956.58;956.91;955.92;955.92;16.82;16082.15;955.96
05.01.2017 17:37;956.87;959.27;956.87;959.27;33.45;32029.01;957.66
05.01.2017 17:38;959.27;960.01;956.94;960.01;9.35;8975.45;960
05.01.2017 17:39;960.96;963.46;960.96;963.46;1.19;1145.94;962.98
05.01.2017 17:40;963.2;963.6;963.2;963.6;37.2;35836.43;963.41
05.01.2017 17:41;963.71;966.8;963.71;966.8;4.58;4424.44;966.71
05.01.2017 17:42;966.8;968.61;966;968.61;18.49;17879.23;967.12
05.01.2017 17:43;964.85;968.61;964.85;965.8;4.19;4050.74;965.92
05.01.2017 17:44;968.58;969.66;968.58;969.66;7.32;7092.27;969.3
05.01.2017 17:45;968.94;970;968.94;969.68;14.15;13712.03;969.15
05.01.2017 17:46;969.68;970.51;969.66;970.51;33.25;32243.87;969.69
05.01.2017 17:47;969.68;969.68;969.66;969.67;8.13;7880.19;969.67
05.01.2017 17:48;969;969.01;959.99;959.99;55.6;53790.95;967.38
05.01.2017 17:49;962.51;963.04;962.51;963;3.98;3830.38;962.83
05.01.2017 17:50;963.01;966;963.01;964.89;11.46;11053.91;964.47
05.01.2017 17:51;965.98;965.98;964.03;964.89;13.58;13095.11;964.14
05.01.2017 17:52;964.82;964.91;964.11;964.11;3.36;3242.86;964.7
05.01.2017 17:53;964.94;965.72;964.94;965.72;0.43;413.6;964.96
05.01.2017 17:54;964.93;964.93;964.02;964.02;1.04;1007.34;964.03
05.01.2017 17:55;964;964.08;964;964;14.81;14272.89;964.01
05.01.2017 17:56;964;964.08;964;964;11.94;11511.5;964
05.01.2017 17:57;964.08;964.08;959.06;963.91;72.8;69945.29;960.77
05.01.2017 17:58;963.77;963.77;963.65;963.65;0.12;113.72;963.73
05.01.2017 17:59;963.58;964.09;963.58;964.04;14.51;13987.83;964.02
05.01.2017 18:00;964.11;965.94;964.06;965.94;5.76;5554.72;964.75
05.01.2017 18:01;964.08;965.94;964.08;964.18;3.24;3122.3;964.28
05.01.2017 18:02;964.29;965.99;964.06;965.99;23.58;22774.13;965.67
05.01.2017 18:03;965.99;965.99;965.99;965.99;11.37;10987.91;965.99
05.01.2017 18:04;965.98;965.98;964.61;965.98;26.06;25137.07;964.67
05.01.2017 18:05;964.7;965.98;964.7;965.98;0.12;116.13;964.75
05.01.2017 18:06;965.98;968.88;965.98;968.51;17.85;17249.17;966.38
05.01.2017 18:07;968.85;968.88;968.82;968.88;40.08;38835.05;968.85
05.01.2017 18:08;968.89;970.26;968.89;970.26;1.08;1045.65;969.09
05.01.2017 18:09;969.13;971.33;969.12;971.33;9.74;9449.04;969.75
05.01.2017 18:10;971.33;975.15;971.33;972.04;55.23;53788.16;973.91
05.01.2017 18:11;973.99;974.68;973.91;974.21;5.21;5075.06;974.24
05.01.2017 18:12;974.07;980;974.05;980;47.13;46058.12;977.2
05.01.2017 18:13;980.07;984.97;980;984.97;96.02;94350.13;982.66
05.01.2017 18:14;983.53;984.99;983.17;984.87;5.46;5374.77;984.33
05.01.2017 18:15;984.9;984.99;983.18;984.97;76.83;75618.15;984.21
05.01.2017 18:16;984.64;984.64;983.19;983.21;7.33;7207.87;983.39
05.01.2017 18:17;983.23;983.23;983.19;983.21;41.92;41217.6;983.2
05.01.2017 18:18;983.21;983.21;983;983.21;47.65;46851.95;983.17
05.01.2017 18:19;983.21;983.23;981;981;36.53;35862.38;981.75
05.01.2017 18:20;981.09;982.1;980.4;980.41;20.14;19751.14;980.63
05.01.2017 18:21;980.4;980.4;977.45;977.45;4.91;4812.26;979.25
05.01.2017 18:22;0;0;0;0;0;0;0
05.01.2017 18:23;978.76;979.5;977.44;979.5;13.99;13685.47;978.56
05.01.2017 18:24;977;977;976.61;976.61;0.65;637.82;976.91
05.01.2017 18:25;976.81;976.83;976.8;976.83;13;12698.44;976.8
05.01.2017 18:26;978.43;978.43;978.27;978.43;5.12;5012.59;978.27
05.01.2017 18:27;978.43;978.44;978.43;978.44;0.15;144.28;978.43
05.01.2017 18:28;978.27;978.44;978.27;978.44;0.78;767.66;978.36
05.01.2017 18:29;978.44;978.63;978.29;978.29;4.48;4384.12;978.45
05.01.2017 18:30;978.63;978.63;978.63;978.63;0.08;77.31;978.63
05.01.2017 18:31;978.26;978.26;978.21;978.21;0.38;367.4;978.25
05.01.2017 18:32;978.2;978.23;977.56;978.22;1.35;1316.64;977.83
05.01.2017 18:33;978.21;978.21;978.21;978.21;0.29;279.45;978.21
05.01.2017 18:34;978.2;978.2;977.65;977.65;2.49;2436.44;977.86
05.01.2017 18:35;977.65;982.15;977.59;982.15;20.99;20534.84;978.24
05.01.2017 18:36;982.14;982.14;982.14;982.14;0.82;802.24;982.14
05.01.2017 18:37;982.14;982.14;980.62;980.62;0.08;74.58;981.52
05.01.2017 18:38;981;981;981;981;2.02;1985.89;981
05.01.2017 18:39;981.13;981.13;980;980;3.96;3885.21;980.63
05.01.2017 18:40;980.09;980.09;980.09;980.09;0.53;515.31;980.09
05.01.2017 18:41;979.99;979.99;979.05;979.95;5.21;5105.12;979.09
05.01.2017 18:42;979.1;979.1;976.16;976.16;30.14;29466.11;977.55
05.01.2017 18:43;978.21;978.21;978.21;978.21;1.33;1296.86;978.21
05.01.2017 18:44;975.2;978.12;975;975;12.41;12099.8;975.36
05.01.2017 18:45;975.01;975.85;975.01;975.85;2.78;2709.73;975.21
05.01.2017 18:46;975.5;975.5;972.44;972.44;28.16;27455.93;975.12
05.01.2017 18:47;972.38;974.96;972.38;974.92;0.13;130.5;973.03
05.01.2017 18:48;972.92;974.77;972.92;974.77;0.6;584.51;973.75
05.01.2017 18:49;974.76;974.8;974.76;974.76;5.08;4954.92;974.77
05.01.2017 18:50;974.76;974.76;974.76;974.76;0.2;194.95;974.76
05.01.2017 18:51;974.76;974.76;974.76;974.76;1.11;1077.41;974.76
05.01.2017 18:52;974.8;975.47;974.8;975.47;1.91;1863;974.81
05.01.2017 18:53;975.03;976.57;975.03;975.76;19.88;19408.9;976.14
05.01.2017 18:54;978.28;980;978.28;980;6.4;6269.21;979.79
05.01.2017 18:55;978.31;979.96;978.28;979.96;10.32;10093.95;978.35
05.01.2017 18:56;979.96;980;979.96;980;1.6;1566.64;979.96
05.01.2017 18:57;980;980;980;980;0.15;148;980
05.01.2017 18:58;980;980;980;980;0.28;271.33;980
05.01.2017 18:59;980;980;979.52;979.52;5.01;4909.83;979.7
05.01.2017 19:00;980;981.13;980;981.13;2.04;2002.34;980.44
05.01.2017 19:01;981.24;983.92;981.24;983.92;1.68;1654.68;983.54
05.01.2017 19:02;982.98;982.98;982.98;982.98;0.19;191.14;982.98
05.01.2017 19:03;981.55;981.55;981.54;981.54;0.21;206.13;981.55
05.01.2017 19:04;981.57;982.99;981.55;982.99;0.57;559.49;981.6
05.01.2017 19:05;982.93;982.98;982.93;982.97;3.64;3573.09;982.97
05.01.2017 19:06;982.93;982.93;981.26;981.26;17.19;16874.38;981.6
05.01.2017 19:07;979.02;981.08;979;980.9;5.21;5104.94;979.08
05.01.2017 19:08;980.86;980.86;977.99;977.99;0.8;787.63;980.01
05.01.2017 19:09;976.86;977.99;976.84;976.86;4.14;4040.14;976.88
05.01.2017 19:10;980.36;980.37;976.95;976.95;11.75;11518.01;980.36
05.01.2017 19:11;980.02;980.02;979.86;979.86;0.52;511.94;980.02
05.01.2017 19:12;979.14;979.14;979.02;979.03;8.78;8592.94;979.04
05.01.2017 19:13;977.49;977.49;974.76;975.25;26.25;25619.34;976.07
05.01.2017 19:14;974.97;974.97;973.01;974.9;2.39;2328.5;973.38
05.01.2017 19:15;974.68;974.83;974.65;974.83;0.1;98.7;974.74
05.01.2017 19:16;974.82;979.99;974.82;979.99;14.25;13907;976.23
05.01.2017 19:17;979.13;979.13;979.13;979.13;0.09;88.12;979.13
05.01.2017 19:18;978.32;978.32;976.88;976.88;41.62;40659.92;977.01
05.01.2017 19:19;0;0;0;0;0;0;0
05.01.2017 19:20;974.36;974.36;971.33;971.33;42.27;41116.08;972.8
05.01.2017 19:21;973.03;974.97;968.98;968.98;22.25;21600.44;970.87
05.01.2017 19:22;972.8;972.8;972.8;972.8;0.02;20.43;972.8
05.01.2017 19:23;969.08;971.96;969.01;969.1;2.78;2697.95;969.09
05.01.2017 19:24;969.1;970;963.99;964.14;40.78;39362.13;965.33
05.01.2017 19:25;964.14;964.14;961.91;961.92;41.17;39608.8;962.09
05.01.2017 19:26;961.91;961.91;956.59;956.83;75.2;72005.7;957.52
05.01.2017 19:27;958.91;958.91;956.87;958.74;0.7;672.65;958.38
05.01.2017 19:28;957;957;950.5;950.5;50.33;48069.3;955.13
05.01.2017 19:29;950.23;950.33;937;950;247.44;233271.5;942.74
05.01.2017 19:30;949.96;953.33;948.37;953.33;30.95;29422.89;950.75
05.01.2017 19:31;953.33;957.75;953.32;955;26.79;25590.42;955.2
05.01.2017 19:32;955.1;958.62;955.1;958.62;0.12;112.14;958.25
05.01.2017 19:33;958.46;958.46;958.22;958.22;1.08;1036.08;958.44
05.01.2017 19:34;957.84;957.84;957.74;957.74;17.05;16326.33;957.78
05.01.2017 19:35;957.63;957.76;955.24;957.76;16.47;15767.34;957.6
05.01.2017 19:36;957.77;958.25;957.77;958.25;38.13;36523.14;957.95
05.01.2017 19:37;959;962.4;959;962.4;0.75;724.07;961.31
05.01.2017 19:38;962.32;962.32;962.11;962.11;16.68;16051.5;962.29
05.01.2017 19:39;960.69;960.69;960.69;960.69;17.93;17224.46;960.69
05.01.2017 19:40;962.2;962.2;958.67;958.67;11.01;10565.31;959.61
05.01.2017 19:41;960.72;960.72;960.72;960.72;4.14;3973.54;960.72
05.01.2017 19:42;962.19;963.2;960.74;963.2;1.54;1485.76;962.41
05.01.2017 19:43;0;0;0;0;0;0;0
05.01.2017 19:44;960.96;960.96;957.04;957.04;8.89;8526.77;958.78
05.01.2017 19:45;0;0;0;0;0;0;0
05.01.2017 19:46;959.71;959.71;958.01;958.01;0.11;101.23;958.6
05.01.2017 19:47;958.62;964.58;958.62;964.58;18.13;17413.31;960.57
05.01.2017 19:48;964.55;965;963.21;963.21;9.04;8724.13;964.59
05.01.2017 19:49;964.97;965;963.88;964.99;1.25;1210.02;964.91
05.01.2017 19:50;964.99;964.99;964.99;964.99;0.37;357.41;964.99
05.01.2017 19:51;964.99;965;964.99;965;0.23;217.72;964.99
05.01.2017 19:52;965;965;964.99;964.99;6.88;6641.8;964.99
05.01.2017 19:53;965;965;964.99;965;0.26;247.79;965
05.01.2017 19:54;965;965;964.99;965;1.66;1601.26;964.99
05.01.2017 19:55;964.99;964.99;961.87;964.96;3.26;3146.53;964.89
05.01.2017 19:56;961.78;961.78;961.75;961.75;10;9617.68;961.77
05.01.2017 19:57;961.75;963.83;961.75;961.75;4.04;3881.37;961.76
05.01.2017 19:58;961.75;961.75;961.75;961.75;0.52;497.78;961.75
05.01.2017 19:59;961.75;961.75;961.65;961.65;5.14;4946.33;961.74
05.01.2017 20:00;958.65;958.65;958.65;958.65;0.15;143.8;958.65
05.01.2017 20:01;958.62;958.62;956.1;957.3;31.39;30018.9;956.22
05.01.2017 20:02;956.1;956.89;956.1;956.1;36.09;34509.18;956.1
05.01.2017 20:03;955.14;955.14;952.31;952.31;22.54;21529.57;954.98
05.01.2017 20:04;952.32;953.08;951.8;953.08;39.6;37712.19;952.37
05.01.2017 20:05;955.14;956.1;953.65;956.1;20.99;20041.6;954.95
05.01.2017 20:06;957.56;957.56;955.03;955.03;0.13;124.46;957.37
05.01.2017 20:07;957.57;959.04;956.08;959.04;2.95;2820.21;956.26
05.01.2017 20:08;956.77;957.03;956.77;957.01;17.23;16489.52;956.9
05.01.2017 20:09;958.72;959.26;958.72;959.26;0.06;62.12;958.81
05.01.2017 20:10;958.57;959.26;958.57;959.26;4.47;4283.18;958.6
05.01.2017 20:11;959.26;959.26;959.26;959.26;0.09;84.82;959.26
05.01.2017 20:12;959.9;965.73;959.9;965.73;16.26;15625.89;960.84
05.01.2017 20:13;965.67;966.24;965.67;965.98;6.75;6521.6;966
05.01.2017 20:14;966;966.26;966;966.26;5.38;5192.31;966
05.01.2017 20:15;966.26;966.26;963.79;963.79;4.41;4250.73;963.8
05.01.2017 20:16;966.2;966.2;966.12;966.14;3.6;3477.74;966.12
05.01.2017 20:17;965.14;965.14;964.65;965.12;35.4;34157.66;965.01
05.01.2017 20:18;964.68;965.05;964.65;964.65;65.58;63287.67;964.99
05.01.2017 20:19;963.28;965.78;961.72;965.05;60.92;58783.11;964.92
05.01.2017 20:20;965.05;966.26;965.05;966.26;31.23;30150.03;965.48
05.01.2017 20:21;965.88;966.28;965.88;966.28;14.03;13557.58;966.26
05.01.2017 20:22;966.29;967.91;966.29;966.93;55.42;53577.96;966.71
05.01.2017 20:23;966.96;967.51;966.57;966.92;34.63;33489.05;967
05.01.2017 20:24;966.28;966.91;965.8;965.89;27.94;26984.5;965.95
05.01.2017 20:25;965.89;966.73;965.87;966.65;21.7;20967.03;966.31
05.01.2017 20:26;966.58;966.58;966.55;966.55;0.04;39.63;966.56
05.01.2017 20:27;966.41;966.81;966.16;966.8;6.3;6094.05;966.67
05.01.2017 20:28;966.59;967.31;966.59;966.6;20.21;19533.74;966.61
05.01.2017 20:29;966.77;966.91;966.45;966.6;32.2;31128.24;966.6
05.01.2017 20:30;966.61;966.64;965.81;966.58;25.61;24745.16;966.36
05.01.2017 20:31;966.44;966.56;966.44;966.53;2.17;2093.08;966.45
05.01.2017 20:32;966.46;967.3;965.8;965.8;16.92;16345.39;966.27
05.01.2017 20:33;966.46;967.3;965.29;967.3;12.68;12261.61;966.72
05.01.2017 20:34;967.32;967.32;965.38;967;9.74;9418.01;967.24
05.01.2017 20:35;967;967.3;967;967.29;17.69;17113.44;967.24
05.01.2017 20:36;967.33;968.19;967.32;968.19;5.24;5068.26;967.34
05.01.2017 20:37;967.36;969.99;967.36;969.99;31.73;30748.87;969.09
05.01.2017 20:38;969.99;972.1;969.99;972.1;28.71;27853.34;970.15
05.01.2017 20:39;973.53;977.77;973.53;977.77;4.43;4324.69;976.59
05.01.2017 20:40;977.78;977.81;977.76;977.76;4.01;3921.62;977.8
05.01.2017 20:41;977.75;977.75;976.27;976.27;1.18;1154.98;976.45
05.01.2017 20:42;976.93;976.93;974.91;976.87;1.31;1281.02;975.85
05.01.2017 20:43;976.26;976.7;971.4;975.87;13.57;13198.83;972.98
05.01.2017 20:44;975.79;975.79;971.6;971.6;0.59;575.32;972.89
05.01.2017 20:45;971.61;974.68;971.6;971.61;3.13;3039.56;971.66
05.01.2017 20:46;971.61;971.61;969.99;970.1;31.92;30979.42;970.53
05.01.2017 20:47;969.99;970.12;969.02;969.1;3.12;3027.32;970.03
05.01.2017 20:48;970.12;970.12;969.09;969.09;1.56;1512.9;969.23
05.01.2017 20:49;0;0;0;0;0;0;0
05.01.2017 20:50;969.02;969.02;968.99;968.99;4.08;3952.61;969
05.01.2017 20:51;968.99;969.09;968.99;969.09;1.19;1151.64;969
05.01.2017 20:52;969.1;970;969.1;969.99;3.31;3213.9;969.8
05.01.2017 20:53;969.02;969.98;968.99;969.98;1.34;1302.44;969.03
05.01.2017 20:54;969.95;969.96;969.95;969.96;10.06;9754.79;969.95
05.01.2017 20:55;969.95;969.96;969.95;969.95;0.43;415.77;969.95
05.01.2017 20:56;969.95;969.95;969.95;969.95;5.22;5058.9;969.95
05.01.2017 20:57;969.84;969.84;968.63;968.63;3.82;3700.17;968.97
05.01.2017 20:58;968.61;968.61;967.39;967.62;0.45;439.08;967.81
05.01.2017 20:59;967.62;969.94;967.62;969.94;10.22;9912.11;969.49
05.01.2017 21:00;969.9;969.9;969.9;969.9;1;969.9;969.9
05.01.2017 21:01;0;0;0;0;0;0;0
05.01.2017 21:02;969.9;969.9;969.02;969.62;1.19;1152.61;969.81
05.01.2017 21:03;969.02;969.61;968.99;969.55;35.07;33998.21;969.44
05.01.2017 21:04;969.52;969.52;969.51;969.52;42.08;40795.6;969.52
05.01.2017 21:05;969.52;969.58;969.5;969.58;32.21;31226.75;969.53
05.01.2017 21:06;969.52;970;969.52;970;34.2;33173.18;969.92
05.01.2017 21:07;969.99;970;969.99;969.99;59.92;58119.22;970
05.01.2017 21:08;970;970.77;970;970.77;27.32;26500.91;970.06
05.01.2017 21:09;970.92;970.97;970.92;970.97;2.22;2153.72;970.96
05.01.2017 21:10;971.2;971.21;971.2;971.21;0.06;58.85;971.2
05.01.2017 21:11;971.16;971.16;970.02;970.05;2.14;2081.19;970.27
05.01.2017 21:12;970.06;971.11;970;970.01;6.18;5995.32;970.34
05.01.2017 21:13;971;971;970.02;970.78;7.91;7680.09;970.88
05.01.2017 21:14;970.82;970.91;970.8;970.8;2.83;2744.69;970.88
05.01.2017 21:15;970.05;970.05;969.99;969.99;19.34;18759.01;970
05.01.2017 21:16;970.19;970.19;969.52;969.52;12.12;11749.37;969.55
05.01.2017 21:17;970.02;970.02;969.52;969.52;1.27;1232.31;969.65
05.01.2017 21:18;969.52;969.52;969.51;969.51;4.15;4019.83;969.52
05.01.2017 21:19;969.51;969.52;966.17;968.95;12.44;12057.68;969.13
05.01.2017 21:20;0;0;0;0;0;0;0
05.01.2017 21:21;968.58;968.58;968.47;968.47;0.39;382.48;968.47
05.01.2017 21:22;968.45;968.45;968.45;968.45;0.32;310;968.45
05.01.2017 21:23;968.29;968.97;968.29;968.97;2.25;2175.07;968.3
05.01.2017 21:24;968.97;969.15;968.9;969.15;2.99;2899.46;968.98
05.01.2017 21:25;969.22;969.5;969.22;969.5;10.1;9793.76;969.22
05.01.2017 21:26;969.31;969.49;969.31;969.49;3.14;3048.09;969.49
05.01.2017 21:27;969.15;969.15;967.98;968;97.78;94689.05;968.36
05.01.2017 21:28;969.41;969.5;969.4;969.49;41.94;40659.38;969.48
05.01.2017 21:29;969.48;970;968.97;970;52.69;51061.68;969.18
05.01.2017 21:30;970;970;969;969;37.48;36329.55;969.21
05.01.2017 21:31;969.55;970;968.97;970;48.5;47017.84;969.51
05.01.2017 21:32;970;970;969.99;970;64.6;62664.92;970
05.01.2017 21:33;970;970.79;970;970.78;31.54;30597.61;970.02
05.01.2017 21:34;0;0;0;0;0;0;0
05.01.2017 21:35;970.78;970.78;970;970.7;4.72;4586.23;970.78
05.01.2017 21:36;971.02;971.1;971.02;971.06;11.35;11020.18;971.09
05.01.2017 21:37;971.08;971.08;969.97;969.97;25.84;25074.15;970.31
05.01.2017 21:38;969.97;969.97;968.99;968.99;17.28;16753.98;969.3
05.01.2017 21:39;968.99;968.99;966.79;966.79;2.98;2888.58;968.01
05.01.2017 21:40;967.62;967.62;962;965.33;29.31;28270.66;964.59
05.01.2017 21:41;965.16;965.16;961.15;964.54;5.33;5133.02;962.94
05.01.2017 21:42;962.73;962.73;961.16;961.16;39.15;37640.82;961.39
05.01.2017 21:43;0;0;0;0;0;0;0
05.01.2017 21:44;964.52;964.52;961;961;0.43;417.54;962.13
05.01.2017 21:45;961.05;963.85;961;963.85;18.54;17818.57;961.07
05.01.2017 21:46;962.03;964.54;962.03;964.54;16.35;15758.29;963.87
05.01.2017 21:47;964.54;965.33;964.54;965.33;5.39;5201.7;965.27
05.01.2017 21:48;965.33;967.5;965.33;967.45;12.33;11923.84;967.35
05.01.2017 21:49;967.45;968.6;967.45;967.79;31.49;30494.43;968.44
05.01.2017 21:50;968;970.99;967.85;970.97;1.13;1090.17;968.86
05.01.2017 21:51;970.97;970.97;970.97;970.97;0.09;85.88;970.97
05.01.2017 21:52;970.97;970.97;970.93;970.95;35.82;34780.78;970.95
05.01.2017 21:53;970.95;971;970.95;971;12.14;11786.04;970.96
05.01.2017 21:54;971;971.33;970.95;971.14;25.11;24387.45;971.11
05.01.2017 21:55;971.16;971.16;971.1;971.14;12.5;12135.21;971.14
05.01.2017 21:56;971.14;971.14;971.14;971.14;1;971.14;971.14
05.01.2017 21:57;971.15;973.18;971;973.18;64.93;63096.84;971.75
05.01.2017 21:58;972.41;972.41;972.28;972.28;10;9723.2;972.32
05.01.2017 21:59;973.17;974.3;973.17;974.3;6.32;6150.24;973.8
05.01.2017 22:00;974.5;975;973.18;975;24.26;23653.12;974.86
05.01.2017 22:01;973.44;974.99;973.44;973.53;9.51;9264.91;974.63
05.01.2017 22:02;973.77;973.77;973;973;30;29212.88;973.76
05.01.2017 22:03;0;0;0;0;0;0;0
05.01.2017 22:04;974.97;974.97;974.97;974.97;0.11;103.5;974.97
05.01.2017 22:05;972.45;972.45;972.45;972.45;0.14;134.54;972.45
05.01.2017 22:06;973;973;972.62;972.62;4.53;4405.5;972.65
05.01.2017 22:07;972.51;972.98;971.38;971.38;8.34;8107.44;971.6
05.01.2017 22:08;972.98;972.98;971.44;972.98;0.43;414.77;972.6
05.01.2017 22:09;972.98;974.82;972.98;974.82;11.02;10726.34;973.62
05.01.2017 22:10;973.05;974.9;971.75;974;21.16;20597.4;973.58
05.01.2017 22:11;973.99;973.99;971.99;972;12.01;11679.87;972.66
05.01.2017 22:12;972;972;970.95;970.96;6.4;6220.44;971.31
05.01.2017 22:13;970.97;971.99;970.96;971.99;5.29;5135.9;971.29
05.01.2017 22:14;972;974.97;971.99;974.97;30.46;29668.57;974.1
05.01.2017 22:15;974;974;972.54;972.61;4.54;4412.75;972.84
05.01.2017 22:16;974;976.03;974;976.03;115.7;112811.22;975.05
05.01.2017 22:17;976.1;979.99;976.1;979.99;44.78;43871.79;979.71
05.01.2017 22:18;979.99;982.98;979.99;982.98;122.19;119757.07;980.12
05.01.2017 22:19;982.98;984.99;982.98;984.99;48.62;47861.63;984.49
05.01.2017 22:20;983.81;987;983.26;986.12;37.67;37103.38;984.94
05.01.2017 22:21;986.13;989.5;986.12;987.26;33.52;33103.51;987.63
05.01.2017 22:22;988.01;989;987;987;9.76;9636.14;987.46
05.01.2017 22:23;987.26;988.91;986.56;988.8;3.67;3620.17;987.48
05.01.2017 22:24;987.29;987.29;982.71;982.71;13.24;13039.37;984.56
05.01.2017 22:25;988.75;988.75;982.86;987.99;0.11;104.63;984.96
05.01.2017 22:26;987.99;987.99;987.99;987.99;0.13;131.01;987.99
05.01.2017 22:27;987.99;987.99;985.6;987.99;1.93;1906.9;986.75
05.01.2017 22:28;987.99;987.99;985.73;987.97;6.83;6747.65;987.66
05.01.2017 22:29;987.97;987.99;987.97;987.99;5.95;5882.75;987.99
05.01.2017 22:30;987.98;987.99;987.98;987.99;1.07;1053.1;987.99
05.01.2017 22:31;987.98;987.99;987.98;987.99;0.85;838.14;987.99
05.01.2017 22:32;987.99;989.48;987.99;989.48;44.03;43507.32;988.03
05.01.2017 22:33;989.17;991.95;989.17;991.95;34.35;34010.92;990.11
05.01.2017 22:34;991.95;999;991.06;994.95;113.49;113089.82;996.48
05.01.2017 22:35;995.05;995.05;991.67;991.99;16.8;16682.84;993.07
05.01.2017 22:36;991.9;994;991.18;991.22;26.8;26593.26;992.32
05.01.2017 22:37;991.17;991.2;991.16;991.17;3.77;3737.39;991.17
05.01.2017 22:38;991.2;991.93;991.2;991.93;1.5;1485.47;991.62
05.01.2017 22:39;991.95;993.98;991.95;993.98;4.48;4447.81;992.89
05.01.2017 22:40;993.98;999;993.98;999;35;34920.18;997.77
05.01.2017 22:41;998.98;1000;996.56;998.95;59.72;59694.27;999.53
05.01.2017 22:42;996.68;998.73;996.59;998.73;8.18;8148.48;996.69
05.01.2017 22:43;998.97;998.98;998.52;998.98;3.77;3762.67;998.83
05.01.2017 22:44;998.54;999.59;998.54;999.59;3.19;3185.22;998.72
05.01.2017 22:45;999.59;1000;998.98;1000;86.59;86583.52;999.89
05.01.2017 22:46;1000;1007.64;1000;1004.46;19.29;19377.16;1004.58
05.01.2017 22:47;1004.47;1004.47;1001.39;1004.43;7.51;7527.17;1002.78
05.01.2017 22:48;1004.44;1004.44;1002.97;1004.44;65.79;66072.34;1004.29
05.01.2017 22:49;1004.44;1004.47;1004.44;1004.47;12.57;12628.54;1004.46
05.01.2017 22:50;1004.47;1008.8;1004.47;1005.82;14.63;14721.01;1006.27
05.01.2017 22:51;1005.8;1005.81;1005.79;1005.81;4.45;4475.84;1005.81
05.01.2017 22:52;1005.81;1009;1005.51;1006.91;8.96;9021.6;1007.38
05.01.2017 22:53;1006.91;1007.76;1006.89;1007.76;1.41;1421.61;1006.96
05.01.2017 22:54;1007.71;1009;1006.26;1007.5;2.5;2520.89;1007.74
05.01.2017 22:55;1007.53;1007.73;1007.5;1007.73;11.9;11984.78;1007.52
05.01.2017 22:56;1007.73;1009.9;1007.7;1009.9;33.96;34277.03;1009.27
05.01.2017 22:57;1009.9;1009.99;1009.9;1009.99;51.69;52205.72;1009.92
05.01.2017 22:58;1009.99;1009.99;1009;1009;5.52;5573.52;1009.31
05.01.2017 22:59;1009;1009;1008;1009;12.45;12558.99;1008.61
05.01.2017 23:00;1009;1009;1005.05;1007;77.27;77816.54;1007.13
05.01.2017 23:01;1007;1010;1007;1010;105.06;105837.16;1007.41
05.01.2017 23:02;1010.04;1012.58;1010.04;1012.58;4.09;4142.9;1011.93
05.01.2017 23:03;1012.5;1012.58;1010;1010;23.1;23374.35;1011.93
05.01.2017 23:04;1010;1014;1009.98;1014;43.87;44411.77;1012.45
05.01.2017 23:05;1012.58;1012.58;1012.58;1012.58;3.98;4027.55;1012.58
05.01.2017 23:06;1012.58;1012.58;1012.5;1012.5;4.91;4967.78;1012.58
05.01.2017 23:07;1012.5;1014;1012.5;1014;2.72;2753.03;1013.25
05.01.2017 23:08;1014;1016;1012.05;1016;16.19;16422.84;1014.41
05.01.2017 23:09;1016;1025.03;1016;1023;156.75;160064.53;1021.12
05.01.2017 23:10;1021.51;1022.22;1012.03;1012.03;37.91;38486.38;1015.25
05.01.2017 23:11;1011;1012.51;1005;1007.85;20.7;20865.59;1008.07
05.01.2017 23:12;1007.83;1008.3;1001.1;1006.74;19.36;19463.59;1005.43
05.01.2017 23:13;1001.13;1006.64;1001.13;1004.96;24.93;25013.45;1003.51
05.01.2017 23:14;1004.96;1004.98;998.98;1001.9;14.18;14176.58;1000.1
05.01.2017 23:15;1001.1;1001.9;999.05;1001.88;6.78;6772.91;999.63
05.01.2017 23:16;1001.79;1004.28;1000;1004.21;36.8;36859.34;1001.63
05.01.2017 23:17;1004.19;1004.9;1000.96;1004.9;1.64;1648.49;1003.94
05.01.2017 23:18;1003.88;1003.88;1003.88;1003.88;0.37;367.81;1003.88
05.01.2017 23:19;1004.9;1004.9;1003.94;1004.9;0.29;291.79;1004.8
05.01.2017 23:20;1004.9;1004.92;1003.88;1003.88;6.44;6463.59;1004.26
05.01.2017 23:21;1004.89;1004.9;1004.89;1004.9;1.15;1160.1;1004.9
05.01.2017 23:22;1004.9;1004.9;1004.9;1004.9;0.38;379.05;1004.9
05.01.2017 23:23;1004.9;1004.92;1004.9;1004.92;1.03;1039.31;1004.91
05.01.2017 23:24;1004.92;1004.92;1004.92;1004.92;0.59;595.01;1004.92
05.01.2017 23:25;1003.94;1003.94;998.99;998.99;18.64;18678.06;1002.2
05.01.2017 23:26;998.99;999.01;998.98;998.99;15.53;15516.92;998.99
05.01.2017 23:27;1000.02;1002.98;998.98;1000;10.08;10073.64;999.85
05.01.2017 23:28;999.02;999.02;994;994.19;6.39;6366.44;995.78
05.01.2017 23:29;994.21;996;994;994.02;5.93;5900.61;994.9
05.01.2017 23:30;994.92;994.92;987.06;989.18;67.09;66566.21;992.24
05.01.2017 23:31;989;993.98;988.98;993.98;7.24;7162.04;989.64
05.01.2017 23:32;990.07;993.9;990.07;993.77;3.96;3922.72;991.09
05.01.2017 23:33;993.72;995.24;993.72;995.23;3.06;3039.4;994.01
05.01.2017 23:34;998.98;1000;998.98;1000;3.03;3030.36;999.83
05.01.2017 23:35;1000.1;1000.1;990;990;72.02;71524.19;993.15
05.01.2017 23:36;993.02;993.02;993.02;993.02;0.39;387.28;993.02
05.01.2017 23:37;999.55;999.55;999.55;999.55;0.09;87.88;999.55
05.01.2017 23:38;999.45;999.45;999.44;999.44;0.68;680.77;999.45
05.01.2017 23:39;999.45;999.45;999.44;999.45;0.51;511.1;999.45
05.01.2017 23:40;999.9;999.9;999.79;999.79;0.44;444.16;999.8
05.01.2017 23:41;999.79;1000.1;999.79;1000.1;16.21;16214.23;1000.05
05.01.2017 23:42;1002.5;1004.92;1002.5;1004.92;0.38;380.05;1004.56
05.01.2017 23:43;1003.93;1003.93;1003.91;1003.91;0.1;100.39;1003.92
05.01.2017 23:44;1003.99;1004.92;1003.99;1004.92;10.29;10332.19;1004.57
05.01.2017 23:45;1004.9;1004.91;999.99;1004.9;18.79;18875.68;1004.53
05.01.2017 23:46;1004.9;1004.91;1004.9;1004.91;0.18;182.51;1004.9
05.01.2017 23:47;1004.9;1004.91;999.59;999.61;11.23;11274.79;1004.43
05.01.2017 23:48;999.78;999.78;999.46;999.46;1.53;1524.89;999.5
05.01.2017 23:49;999.48;999.77;999;999;1.49;1484.26;999.29
05.01.2017 23:50;999.73;999.74;999.71;999.71;5.93;5927.47;999.71
05.01.2017 23:51;999.01;999.01;999;999.01;0.23;230.15;999.01
05.01.2017 23:52;999.01;999.65;999;999.65;1.08;1078.07;999.01
05.01.2017 23:53;0;0;0;0;0;0;0
05.01.2017 23:54;999.58;999.58;999.01;999.01;2.15;2149.6;999.03
05.01.2017 23:55;999.01;999.59;999.01;999.59;0.47;469.85;999.39
05.01.2017 23:56;999.59;999.59;999.59;999.59;5.51;5508.47;999.59
05.01.2017 23:57;999.59;999.77;999.59;999.77;7.1;7099.71;999.66
05.01.2017 23:58;1000.22;1000.22;1000.21;1000.21;6.73;6728.7;1000.22
05.01.2017 23:59;1000.42;1004.74;1000.42;1004.74;7.64;7677.32;1004.46
06.01.2017 00:00;1004.73;1004.74;1004.73;1004.74;6.54;6573.26;1004.74
06.01.2017 00:01;1004.72;1004.72;1001.2;1001.2;3.62;3632.62;1003.76
06.01.2017 00:02;999.82;999.82;999.82;999.82;0.03;29.04;999.82
06.01.2017 00:03;0;0;0;0;0;0;0
06.01.2017 00:04;999.84;1003.92;999.84;1003.92;0.04;37.8;1003.38
06.01.2017 00:05;999.89;999.89;999.86;999.86;1.24;1239.01;999.88
06.01.2017 00:06;1003.52;1003.52;999.91;1003.4;2.24;2247.67;1003.28
06.01.2017 00:07;1003.01;1003.01;1002.97;1002.97;0.1;100.3;1002.99
06.01.2017 00:08;1003.3;1004.09;1003.3;1004.09;0.08;80.4;1003.79
06.01.2017 00:09;1003.55;1003.55;1003.55;1003.55;1.09;1097.76;1003.55
06.01.2017 00:10;0;0;0;0;0;0;0
06.01.2017 00:11;1003.45;1003.45;1003.44;1003.44;0.45;450.73;1003.44
06.01.2017 00:12;0;0;0;0;0;0;0
06.01.2017 00:13;1003.45;1003.45;1003.45;1003.45;0.2;201.09;1003.45
06.01.2017 00:14;1003.44;1003.44;1002.79;1002.79;0.12;120.25;1003.16
06.01.2017 00:15;1002.8;1002.8;1002.78;1002.78;1.48;1487.5;1002.79
06.01.2017 00:16;1002.78;1002.79;1002.78;1002.79;3.3;3305.65;1002.79
06.01.2017 00:17;1002.79;1004.92;1002.79;1004.92;16.81;16865.58;1003.55
06.01.2017 00:18;1004.92;1006.18;1004.92;1006.18;16.57;16651.09;1005.09
06.01.2017 00:19;1006.18;1006.23;1006.18;1006.23;5.32;5357.16;1006.18
06.01.2017 00:20;1007.16;1007.16;1007.16;1007.16;0.01;11.89;1007.16
06.01.2017 00:21;1009.06;1011;1006.19;1006.24;13.71;13817.29;1007.8
06.01.2017 00:22;1007.28;1009.99;1006.18;1006.18;1.25;1263.06;1006.58
06.01.2017 00:23;1010.32;1010.32;1010;1010.25;10.98;11092.42;1010.25
06.01.2017 00:24;1010.24;1011;1008.93;1008.93;4.93;4973.98;1009.2
06.01.2017 00:25;1010.24;1010.24;1010.24;1010.24;0.03;29.36;1010.24
06.01.2017 00:26;1010.24;1010.25;1010.23;1010.25;10.02;10118.63;1010.24
06.01.2017 00:27;1010.99;1011;1010.99;1011;2.68;2705.41;1010.99
06.01.2017 00:28;1011;1011.03;1011;1011;6.83;6901.45;1011.01
06.01.2017 00:29;1011.02;1011.47;1011;1011;0.9;910.65;1011.36
06.01.2017 00:30;1011;1011.47;1011;1011.47;6.34;6408.28;1011.1
06.01.2017 00:31;1012.04;1012.05;1011;1011;5.67;5735.41;1011.22
06.01.2017 00:32;1011;1011;1011;1011;0.53;532;1011
06.01.2017 00:33;1010.24;1010.94;1008.01;1008.01;9.16;9235.89;1008.76
06.01.2017 00:34;1008.01;1009.7;1008.01;1009.7;3.8;3831.23;1009.25
06.01.2017 00:35;1008.03;1008.49;1008.01;1008.01;3.62;3654.74;1008.37
06.01.2017 00:36;1008.01;1008.01;1008.01;1008.01;5;5040.05;1008.01
06.01.2017 00:37;0;0;0;0;0;0;0
06.01.2017 00:38;1008.5;1008.5;1008.5;1008.5;0.1;105.19;1008.5
06.01.2017 00:39;1009.32;1009.32;1009.32;1009.32;0.07;72.45;1009.32
06.01.2017 00:40;0;0;0;0;0;0;0
06.01.2017 00:41;0;0;0;0;0;0;0
06.01.2017 00:42;1008.5;1008.5;1008.5;1008.5;4.83;4870.1;1008.5
06.01.2017 00:43;1008.6;1008.6;1008.6;1008.6;0.24;244.27;1008.6
06.01.2017 00:44;1008.6;1009.8;1008.6;1009.8;8.06;8130.66;1008.61
06.01.2017 00:45;1009.84;1009.84;1009.84;1009.84;0.99;997.47;1009.84
06.01.2017 00:46;1009.87;1010.24;1009.87;1010.24;17.08;17255.25;1010.02
06.01.2017 00:47;1012.2;1012.56;1010.87;1012.56;26.32;26634.07;1011.78
06.01.2017 00:48;1012.57;1012.58;1012.5;1012.58;2.72;2758.78;1012.56
06.01.2017 00:49;1012.58;1013;1012.58;1013;10.13;10260.86;1012.6
06.01.2017 00:50;1014.43;1014.43;1014.37;1014.37;2.5;2536.05;1014.42
06.01.2017 00:51;1013;1013;1013;1013;0.25;253.25;1013
06.01.2017 00:52;0;0;0;0;0;0;0
06.01.2017 00:53;0;0;0;0;0;0;0
06.01.2017 00:54;1013.98;1014.46;1010.91;1014.46;5.03;5086.78;1011.23
06.01.2017 00:55;1014.38;1014.38;1014.38;1014.38;7;7095.59;1014.38
06.01.2017 00:56;1014.19;1014.71;1014.19;1014.38;4.07;4125.77;1014.42
06.01.2017 00:57;1014.95;1014.95;1014.95;1014.95;0.12;125.32;1014.95
06.01.2017 00:58;0;0;0;0;0;0;0
06.01.2017 00:59;1014.95;1016.09;1014.95;1016.09;6.27;6367.72;1015.01
06.01.2017 01:00;1016.09;1020.98;1016.09;1020.98;19.07;19417.2;1018.22
06.01.2017 01:01;1020.95;1022.49;1020.95;1022.49;4.76;4862.68;1021.14
06.01.2017 01:02;1022.49;1022.78;1022.47;1022.78;0.48;487.12;1022.58
06.01.2017 01:03;1023.59;1023.59;1023.59;1023.59;0.43;439.48;1023.59
06.01.2017 01:04;1023.1;1023.71;1021;1021;15.49;15846.47;1022.76
06.01.2017 01:05;1023.79;1024.39;1021.07;1023.5;15.15;15496.28;1023.13
06.01.2017 01:06;1023.5;1024.46;1022.1;1024.46;6.55;6709.88;1023.97
06.01.2017 01:07;1024.73;1024.73;1023.57;1023.57;21.52;22050.15;1024.46
06.01.2017 01:08;1024.85;1024.85;1020.17;1020.17;6.04;6184.03;1024.53
06.01.2017 01:09;1023.47;1023.47;1023.47;1023.47;1.28;1310.06;1023.47
06.01.2017 01:10;1022.95;1023;1020.61;1023;2.19;2241.46;1022.9
06.01.2017 01:11;1020.83;1022.99;1020.83;1022.99;0.37;377.63;1021.91
06.01.2017 01:12;1021.01;1021.16;1020.18;1020.18;17.35;17709.46;1020.95
06.01.2017 01:13;1021.05;1021.05;1019.28;1020.85;20.73;21148.51;1020.41
06.01.2017 01:14;1022.65;1022.65;1022.65;1022.65;0.08;82.13;1022.65
06.01.2017 01:15;1021.45;1021.45;1021.32;1021.32;1.16;1189;1021.38
06.01.2017 01:16;1021.29;1021.29;1019.19;1019.19;21.7;22119.56;1019.43
06.01.2017 01:17;1019.14;1019.14;1013.98;1016.91;27.18;27579.51;1014.87
06.01.2017 01:18;1016.87;1016.87;1016.79;1016.8;0.96;978.3;1016.83
06.01.2017 01:19;1016.78;1016.78;1016.78;1016.78;0.16;160.16;1016.78
06.01.2017 01:20;1016.78;1016.8;1016.78;1016.8;1.1;1114.37;1016.79
06.01.2017 01:21;1016.8;1016.8;1016.8;1016.8;5.73;5828.31;1016.8
06.01.2017 01:22;1016.8;1016.8;1016.8;1016.8;6.81;6920.34;1016.8
06.01.2017 01:23;1016.8;1016.8;1016.8;1016.8;7.11;7233.83;1016.8
06.01.2017 01:24;1019.75;1019.76;1019.75;1019.75;0.4;407.9;1019.75
06.01.2017 01:25;1019.75;1019.76;1019.74;1019.76;11.25;11471.76;1019.75
06.01.2017 01:26;1019.76;1022.79;1019.76;1020.02;1.47;1498.69;1022.02
06.01.2017 01:27;1022.79;1022.79;1022.79;1022.79;0.01;13.97;1022.79
06.01.2017 01:28;1022.78;1022.78;1022.78;1022.78;0.5;511.39;1022.78
06.01.2017 01:29;1022.77;1022.77;1020.82;1020.82;14.2;14499.95;1021.05
06.01.2017 01:30;1020;1020.85;1020;1020.85;0.09;95.99;1020.48
06.01.2017 01:31;0;0;0;0;0;0;0
06.01.2017 01:32;1020.85;1022.76;1019.08;1022.76;10.31;10516.98;1019.99
06.01.2017 01:33;1020.63;1022.5;1020.59;1020.59;6.34;6471.91;1021.03
06.01.2017 01:34;1020.62;1020.62;1019.08;1019.09;11.75;11982.1;1020.16
06.01.2017 01:35;1019.06;1019.61;1018.95;1019.61;13.79;14056.73;1019.17
06.01.2017 01:36;1019.62;1019.62;1019.62;1019.62;0.39;399.71;1019.62
06.01.2017 01:37;1019.37;1019.64;1019.37;1019.64;20.85;21257.42;1019.64
06.01.2017 01:38;1022.79;1022.79;1022.79;1022.79;0.02;20.65;1022.79
06.01.2017 01:39;0;0;0;0;0;0;0
06.01.2017 01:40;1021.99;1023.81;1020.83;1022;66.07;67545.52;1022.26
06.01.2017 01:41;1021.25;1021.25;1021.25;1021.25;0.23;234.89;1021.25
06.01.2017 01:42;1023.81;1023.81;1023.81;1023.81;0.02;20.48;1023.81
06.01.2017 01:43;0;0;0;0;0;0;0
06.01.2017 01:44;0;0;0;0;0;0;0
06.01.2017 01:45;1023.8;1026.99;1023.8;1026.99;10;10245.39;1024.54
06.01.2017 01:46;0;0;0;0;0;0;0
06.01.2017 01:47;1026.95;1026.95;1023.03;1023.03;0.24;246.35;1026.3
06.01.2017 01:48;1026.95;1026.96;1026.95;1026.96;1.81;1860.68;1026.95
06.01.2017 01:49;1026.96;1026.99;1026.96;1026.97;1.44;1478.28;1026.97
06.01.2017 01:50;1026.97;1026.97;1026.95;1026.95;3.42;3514.16;1026.97
06.01.2017 01:51;1023.6;1025.37;1023.39;1023.39;3.88;3980.29;1025.17
06.01.2017 01:52;1021.09;1021.09;1021.09;1021.09;2.52;2569.77;1021.09
06.01.2017 01:53;0;0;0;0;0;0;0
06.01.2017 01:54;0;0;0;0;0;0;0
06.01.2017 01:55;0;0;0;0;0;0;0
06.01.2017 01:56;1022.22;1022.22;1022.22;1022.22;0.19;194.22;1022.22
06.01.2017 01:57;1022.55;1022.55;1019.09;1020.97;19.53;19956.11;1021.61
06.01.2017 01:58;1019.1;1019.1;1018.15;1018.15;23.91;24348.66;1018.47
06.01.2017 01:59;1018.15;1018.15;1017.52;1017.52;7.68;7812.9;1017.56
06.01.2017 02:00;1017.52;1017.52;1010.25;1010.26;20.66;20962.75;1014.41
06.01.2017 02:01;1015.86;1015.86;1011.15;1015.59;7.51;7600.99;1011.75
06.01.2017 02:02;1015.59;1018.76;1015.52;1018.76;1.31;1334.78;1016.47
06.01.2017 02:03;0;0;0;0;0;0;0
06.01.2017 02:04;0;0;0;0;0;0;0
06.01.2017 02:05;1019.01;1019.01;1019.01;1019.01;1.25;1278.63;1019.01
06.01.2017 02:06;1016.66;1016.68;1016.65;1016.68;1.01;1030.69;1016.67
06.01.2017 02:07;0;0;0;0;0;0;0
06.01.2017 02:08;0;0;0;0;0;0;0
06.01.2017 02:09;1016.42;1018.13;1016.42;1018.13;0.74;753.83;1016.44
06.01.2017 02:10;1016.35;1017.72;1016.33;1017.72;1.99;2021.95;1016.35
06.01.2017 02:11;1017;1017;1017;1017;0.02;15.71;1017
06.01.2017 02:12;1016.33;1017.13;1016.33;1017.13;0.39;391.59;1017.12
06.01.2017 02:13;1017;1017.99;1017;1017.99;1.86;1895.03;1017.96
06.01.2017 02:14;1018.11;1018.11;1018.11;1018.11;1;1020;1018.11
06.01.2017 02:15;1018.71;1018.71;1018.71;1018.71;0.04;38.51;1018.71
06.01.2017 02:16;1018.24;1018.24;1018.19;1018.19;0.38;386.92;1018.22
06.01.2017 02:17;1018.51;1018.51;1018.51;1018.51;0.13;137.39;1018.51
06.01.2017 02:18;1018.2;1018.2;1018.2;1018.2;0.97;990.03;1018.2
06.01.2017 02:19;1018.19;1018.19;1018.19;1018.19;0.96;973.51;1018.19
06.01.2017 02:20;1018.19;1018.19;1015.55;1017.51;21.17;21538.19;1017.19
06.01.2017 02:21;1015.55;1015.55;1009.25;1010.25;17.77;18033.98;1014.74
06.01.2017 02:22;1009.26;1009.74;1008.89;1008.89;8.67;8755.3;1009.42
06.01.2017 02:23;1008.89;1008.92;1008.5;1008.5;3.3;3324.49;1008.64
06.01.2017 02:24;1008.5;1008.5;1003.46;1005.22;18.79;18925.09;1007.27
06.01.2017 02:25;1005.22;1005.22;1005.22;1005.22;10;10052.2;1005.22
06.01.2017 02:26;0;0;0;0;0;0;0
06.01.2017 02:27;1003.45;1003.45;1002.84;1002.84;10.51;10543.24;1003.3
06.01.2017 02:28;1002.84;1003;1002.84;1002.98;24.45;24518.58;1002.93
06.01.2017 02:29;1003;1004.52;1002.98;1004.52;11.03;11058.77;1003.01
06.01.2017 02:30;1004.53;1007.34;1004.51;1007.34;17.97;18077.6;1006.15
06.01.2017 02:31;0;0;0;0;0;0;0
06.01.2017 02:32;1006.62;1006.62;1006.62;1006.62;0.1;100.81;1006.62
06.01.2017 02:33;1005.03;1006.28;1003;1006.28;32.93;33062.97;1003.97
06.01.2017 02:34;1006.29;1006.29;1006.29;1006.29;0.35;354.42;1006.29
06.01.2017 02:35;1003;1005.88;1002.79;1005.88;1.02;1023.6;1004.71
06.01.2017 02:36;1005.53;1005.53;1005.53;1005.53;5.14;5170.21;1005.53
06.01.2017 02:37;1003;1003;1002.79;1002.79;0.24;244.71;1002.91
06.01.2017 02:38;1002.79;1002.79;1002.09;1002.09;6.09;6099.7;1002.1
06.01.2017 02:39;1002.09;1002.09;999;999;45.7;45737.95;1000.79
06.01.2017 02:40;998;998;997;997;11.94;11904.45;997.36
06.01.2017 02:41;997;997;988.07;988.07;36.32;35982.2;990.74
06.01.2017 02:42;987;987;972.31;974.42;75.58;74048.18;979.76
06.01.2017 02:43;974.4;977.71;974.38;977.57;15.16;14805.35;976.9
06.01.2017 02:44;977.57;983.54;977.56;981.99;19.46;19075.72;980.06
06.01.2017 02:45;982.03;983.52;980.01;980.01;30.72;30152.32;981.64
06.01.2017 02:46;981.84;981.84;980.01;980.01;0.84;827.4;981.27
06.01.2017 02:47;980.76;981.91;980.73;981.88;6.19;6077.23;981.5
06.01.2017 02:48;983.87;983.89;983.87;983.89;2.99;2943.35;983.88
06.01.2017 02:49;983.88;983.89;983.24;983.32;8.23;8091.55;983.33
06.01.2017 02:50;980.16;980.16;980.03;980.03;0.72;702.33;980.08
06.01.2017 02:51;980.98;981.02;980.98;981.02;15.06;14773.88;981
06.01.2017 02:52;981.02;981.09;980.01;980.01;8.65;8484.63;980.44
06.01.2017 02:53;980.76;980.76;975.29;975.29;30.02;29314.84;976.63
06.01.2017 02:54;976.92;976.92;976.86;976.9;16.39;16011.83;976.9
06.01.2017 02:55;976.89;976.89;973.52;973.52;4.61;4498.19;974.83
06.01.2017 02:56;973.55;973.55;972.33;972.33;6.02;5863.81;973.52
06.01.2017 02:57;972.33;972.33;962.56;965;101.83;98538.51;967.72
06.01.2017 02:58;965;965;960;960.41;81.02;77861.02;961.02
06.01.2017 02:59;960.39;960.39;958.72;958.72;15.34;14722.82;959.99
06.01.2017 03:00;958.72;960.01;955.01;960.01;94.1;89980.15;956.26
06.01.2017 03:01;961.11;966.49;960.07;966.01;22.1;21276.99;962.76
06.01.2017 03:02;966.07;966.47;961.92;965.98;11.47;11083.55;965.94
06.01.2017 03:03;962.97;962.97;962.97;962.97;0.05;52.77;962.97
06.01.2017 03:04;962.91;962.91;962.9;962.9;5.75;5536.45;962.91
06.01.2017 03:05;961.06;962.83;960.57;960.57;1.88;1806.34;961.53
06.01.2017 03:06;960.57;962.16;957.86;962.14;3.59;3444.97;959.79
06.01.2017 03:07;959.98;960.56;959.98;960.56;0.75;720.5;960.39
06.01.2017 03:08;0;0;0;0;0;0;0
06.01.2017 03:09;962.16;963;962.16;963;10.2;9822.42;962.87
06.01.2017 03:10;963.28;967.28;963.28;967.27;18.36;17729.48;965.41
06.01.2017 03:11;967.27;969.09;967.22;969.09;5.5;5315.72;967.29
06.01.2017 03:12;970;971.38;970;970.37;2.98;2889.72;970.75
06.01.2017 03:13;970.35;971.36;970.35;971.36;0.14;136.57;971.07
06.01.2017 03:14;973.78;979.23;973.78;978.71;11.12;10861.74;976.99
06.01.2017 03:15;975.62;976.22;972.06;972.06;42.74;41654.66;974.5
06.01.2017 03:16;972.07;972.07;967;972;11.14;10815.78;970.74
06.01.2017 03:17;971.99;973.49;971.99;972.02;4.05;3936.2;972.58
06.01.2017 03:18;0;0;0;0;0;0;0
06.01.2017 03:19;969.54;969.54;969.54;969.54;1.06;1030.62;969.54
06.01.2017 03:20;965.26;965.26;965.21;965.23;2.23;2154.04;965.26
06.01.2017 03:21;968.05;968.06;968.05;968.05;0.89;861.57;968.05
06.01.2017 03:22;0;0;0;0;0;0;0
06.01.2017 03:23;968.17;968.17;968.17;968.17;0.97;939.12;968.17
06.01.2017 03:24;0;0;0;0;0;0;0
06.01.2017 03:25;970.01;970.01;970;970;5.66;5492.84;970
06.01.2017 03:26;0;0;0;0;0;0;0
06.01.2017 03:27;970.01;970.01;970;970;5.76;5584.61;970
06.01.2017 03:28;0;0;0;0;0;0;0
06.01.2017 03:29;971.47;971.55;970.92;970.92;6.75;6558.69;971.54
06.01.2017 03:30;970.92;970.92;970.01;970.01;5.27;5109.76;970.05
06.01.2017 03:31;970.01;970.02;964.48;969.99;13.02;12614.25;968.49
06.01.2017 03:32;964.63;970.32;964.63;970.32;0.44;424.67;969.56
06.01.2017 03:33;970.32;970.32;970.32;970.32;0.01;4.99;970.32
06.01.2017 03:34;970.32;971.55;970.32;971.55;6.97;6772.13;971.26
06.01.2017 03:35;971.62;972.69;971.62;972.69;11;10688.89;971.72
06.01.2017 03:36;974.78;978.63;974.78;978.63;2.31;2250.99;975.29
06.01.2017 03:37;0;0;0;0;0;0;0
06.01.2017 03:38;978.51;978.51;978.42;978.42;0.37;359.09;978.49
06.01.2017 03:39;0;0;0;0;0;0;0
06.01.2017 03:40;976.77;976.77;976.77;976.77;0.04;34.63;976.77
06.01.2017 03:41;977.84;977.84;977.84;977.84;0.22;215.12;977.84
06.01.2017 03:42;977.81;977.81;977.81;977.81;5.4;5281.75;977.81
06.01.2017 03:43;975.96;978;975.96;978;11.63;11367.64;977.84
06.01.2017 03:44;978;981;978;980.24;20.43;19987.2;978.52
06.01.2017 03:45;0;0;0;0;0;0;0
06.01.2017 03:46;981;981;981;981;6.1;5984;981
06.01.2017 03:47;980.9;981;980.75;980.77;8.37;8205.49;980.87
06.01.2017 03:48;980.22;981;980.12;980.12;15.72;15419.37;980.71
06.01.2017 03:49;0;0;0;0;0;0;0
06.01.2017 03:50;980.45;980.97;980.45;980.97;0.19;181.85;980.89
06.01.2017 03:51;980.96;980.99;980.96;980.99;20.63;20239.84;980.98
06.01.2017 03:52;980.99;980.99;980.99;980.99;0.34;329.61;980.99
06.01.2017 03:53;980.99;980.99;980.99;980.99;13.61;13348.33;980.99
06.01.2017 03:54;980.99;980.99;980.3;980.33;2.96;2903.72;980.67
06.01.2017 03:55;980.99;980.99;980.99;980.99;10;9809.9;980.99
06.01.2017 03:56;980.99;980.99;980.99;980.99;0.17;166.77;980.99
06.01.2017 03:57;980.99;980.99;980.99;980.99;0.87;856.28;980.99
06.01.2017 03:58;984.19;987.48;984.19;987.48;0.6;595.51;986.16
06.01.2017 03:59;985.67;985.67;981.2;981.2;4.49;4427.12;985.04
06.01.2017 04:00;981.21;984.96;981.21;984.96;0.99;973.19;981.68
06.01.2017 04:01;984.95;984.95;984.95;984.95;0.49;483.79;984.95
06.01.2017 04:02;981.83;981.92;980.98;980.98;7.18;7041.07;981.2
06.01.2017 04:03;981;981;980.12;980.12;16.49;16166.07;980.53
06.01.2017 04:04;980.12;980.12;973.33;979.89;2.73;2670.35;977.21
06.01.2017 04:05;0;0;0;0;0;0;0
06.01.2017 04:06;976.7;976.7;976.7;976.7;0.71;691.54;976.7
06.01.2017 04:07;979.18;979.97;977.18;979.97;5.17;5066.1;979.62
06.01.2017 04:08;979.97;985.93;973.21;973.21;86.08;84271.45;978.95
06.01.2017 04:09;972.93;982.96;967.37;982.84;38.78;37666.59;971.2
06.01.2017 04:10;0;0;0;0;0;0;0
06.01.2017 04:11;0;0;0;0;0;0;0
06.01.2017 04:12;0;0;0;0;0;0;0
06.01.2017 04:13;982.54;985.46;982.54;985.46;15.26;15033.24;985.14
06.01.2017 04:14;980.8;980.8;980.8;980.8;0.2;194.1;980.8
06.01.2017 04:15;0;0;0;0;0;0;0
06.01.2017 04:16;0;0;0;0;0;0;0
06.01.2017 04:17;984.1;984.1;984.1;984.1;0.2;198.55;984.1
06.01.2017 04:18;983.66;983.66;983.66;983.66;0.01;10.3;983.66
06.01.2017 04:19;0;0;0;0;0;0;0
06.01.2017 04:20;984.54;985;984.54;985;25.73;25340.06;984.98
06.01.2017 04:21;984.99;984.99;984.99;984.99;1.03;1014.54;984.99
06.01.2017 04:22;982.13;982.13;982.12;982.12;0.38;373.21;982.13
06.01.2017 04:23;982.15;982.15;982.15;982.15;0.26;251.23;982.15
06.01.2017 04:24;982.15;982.15;982.15;982.15;1;982.15;982.15
06.01.2017 04:25;0;0;0;0;0;0;0
06.01.2017 04:26;0;0;0;0;0;0;0
06.01.2017 04:27;982.32;982.32;982;982;2.57;2519.37;982.2
06.01.2017 04:28;982;982.16;979.99;979.99;14.35;14072.29;980.31
06.01.2017 04:29;977.74;977.74;975.24;975.24;2.92;2855.51;976.58
06.01.2017 04:30;975.99;975.99;975.99;975.99;2.5;2437.27;975.99
06.01.2017 04:31;0;0;0;0;0;0;0
06.01.2017 04:32;979.01;981.49;979.01;981.49;1.9;1865.57;979.75
06.01.2017 04:33;981.42;981.42;977.99;977.99;16.58;16265.27;981.21
06.01.2017 04:34;983.16;983.16;983.07;983.07;1.23;1209.12;983.07
06.01.2017 04:35;979.19;979.19;979.19;979.19;0.1;97.92;979.19
06.01.2017 04:36;979.24;979.26;977.27;977.27;4.75;4652.62;979.02
06.01.2017 04:37;0;0;0;0;0;0;0
06.01.2017 04:38;0;0;0;0;0;0;0
06.01.2017 04:39;976.9;976.96;976;976;4.14;4042.33;976.41
06.01.2017 04:40;975.24;975.24;971.7;971.82;1.97;1918.64;972.14
06.01.2017 04:41;971.03;971.03;959.84;959.84;104.78;101158.66;965.48
06.01.2017 04:42;958.95;971.89;953.11;971.88;68.08;65254.37;958.53
06.01.2017 04:43;973.71;973.71;971;971;10.16;9892.77;973.67
06.01.2017 04:44;969.83;969.83;969.83;969.83;4.45;4315.74;969.83
06.01.2017 04:45;971.99;973.77;970.92;973.76;22.1;21484.76;972.08
06.01.2017 04:46;971;973.71;971;973.7;6.75;6573.92;973.7
06.01.2017 04:47;973.7;973.7;971.42;971.42;0.69;671.81;973.64
06.01.2017 04:48;973.74;973.77;973.57;973.57;5.3;5165.61;973.77
06.01.2017 04:49;973.58;973.77;973.58;973.77;2.95;2875.55;973.77
06.01.2017 04:50;973.76;973.76;971.19;971.19;1.67;1627.17;973.17
06.01.2017 04:51;971.29;973.68;971.29;973.68;1.04;1010.13;973.64
06.01.2017 04:52;0;0;0;0;0;0;0
06.01.2017 04:53;969.86;971.95;969.82;969.82;6.52;6323.78;969.9
06.01.2017 04:54;0;0;0;0;0;0;0
06.01.2017 04:55;0;0;0;0;0;0;0
06.01.2017 04:56;0;0;0;0;0;0;0
06.01.2017 04:57;0;0;0;0;0;0;0
06.01.2017 04:58;0;0;0;0;0;0;0
06.01.2017 04:59;970.1;970.1;970.1;970.1;0.32;310.41;970.1
06.01.2017 05:00;969.92;969.92;969.92;969.92;0.01;12.11;969.92
06.01.2017 05:01;0;0;0;0;0;0;0
06.01.2017 05:02;0;0;0;0;0;0;0
06.01.2017 05:03;971.79;971.84;971.79;971.84;8.78;8533.68;971.84
06.01.2017 05:04;0;0;0;0;0;0;0
06.01.2017 05:05;971.84;977.67;971.84;977.67;11.01;10708.71;972.37
06.01.2017 05:06;978.92;978.93;978.92;978.93;0.02;19.95;978.92
06.01.2017 05:07;975.24;975.24;975.24;975.24;2;1950.48;975.24
06.01.2017 05:08;0;0;0;0;0;0;0
06.01.2017 05:09;977.78;977.78;976.15;976.15;2.66;2603.28;977.77
06.01.2017 05:10;976.6;976.6;976.6;976.6;0.01;5.68;976.6
06.01.2017 05:11;976.6;977.72;976.6;977.72;13.1;12799.14;977.11
06.01.2017 05:12;978.93;978.93;978.93;978.93;0.07;64.31;978.93
06.01.2017 05:13;0;0;0;0;0;0;0
06.01.2017 05:14;977.96;977.96;977.96;977.96;2;1955.92;977.96
06.01.2017 05:15;0;0;0;0;0;0;0
06.01.2017 05:16;0;0;0;0;0;0;0
06.01.2017 05:17;0;0;0;0;0;0;0
06.01.2017 05:18;978.87;978.88;978.87;978.88;0.92;903.67;978.88
06.01.2017 05:19;0;0;0;0;0;0;0
06.01.2017 05:20;978.88;978.88;978.45;978.45;1.46;1432.54;978.69
06.01.2017 05:21;978.88;978.88;978.88;978.88;5.49;5372.85;978.88
06.01.2017 05:22;978.88;978.88;978.88;978.88;1.02;993.69;978.88
06.01.2017 05:23;978.88;978.88;978.88;978.88;0.05;51.51;978.88
06.01.2017 05:24;0;0;0;0;0;0;0
06.01.2017 05:25;978.87;978.88;978.87;978.88;1.01;993.22;978.88
06.01.2017 05:26;978.88;978.88;978.88;978.88;7.09;6939.03;978.88
06.01.2017 05:27;978.88;978.88;978.88;978.88;1.27;1247.38;978.88
06.01.2017 05:28;978.88;983.47;978.88;980;14.42;14127.21;979.97
06.01.2017 05:29;979.98;980;979.98;980;29.56;28973.43;980
06.01.2017 05:30;0;0;0;0;0;0;0
06.01.2017 05:31;979.9;980;979.9;980;7.12;6974.74;979.91
06.01.2017 05:32;980;980;980;980;38.32;37556.74;980
06.01.2017 05:33;979.99;980;979.99;980;0.55;538.09;979.99
06.01.2017 05:34;980;980.04;980;980.04;14.74;14440.91;980
06.01.2017 05:35;980.29;984.55;980.28;984.55;18.37;18061.98;983.02
06.01.2017 05:36;984.55;985.33;982.2;982.2;4.97;4896.95;984.9
06.01.2017 05:37;985.33;985.33;985.33;985.33;0.23;229.09;985.33
06.01.2017 05:38;0;0;0;0;0;0;0
06.01.2017 05:39;985.33;985.55;985.33;985.55;1.32;1301.75;985.51
06.01.2017 05:40;985.67;985.67;985.67;985.67;0.02;20.7;985.67
06.01.2017 05:41;0;0;0;0;0;0;0
06.01.2017 05:42;986.98;986.99;986.98;986.99;0.66;648.54;986.98
06.01.2017 05:43;987;989.43;987;989.43;0.53;525.94;988.22
06.01.2017 05:44;0;0;0;0;0;0;0
06.01.2017 05:45;986.34;988.15;986.34;988.15;0.76;750.52;987.53
06.01.2017 05:46;986.53;986.53;985.33;985.33;6.54;6452.67;986.44
06.01.2017 05:47;985.33;985.33;984.79;985;41.17;40552.12;985
06.01.2017 05:48;983.46;983.46;983.46;983.46;0.29;283.73;983.46
06.01.2017 05:49;0;0;0;0;0;0;0
06.01.2017 05:50;984.64;985;984.64;985;3.71;3655.01;984.71
06.01.2017 05:51;984.76;984.76;984.76;984.76;1.04;1028.09;984.76
06.01.2017 05:52;984.7;984.7;984.7;984.7;0.2;199.18;984.7
06.01.2017 05:53;984.61;984.61;983.64;983.67;0.29;286.15;983.95
06.01.2017 05:54;984.69;984.69;984.69;984.69;0.21;205.91;984.69
06.01.2017 05:55;984.59;984.59;984.59;984.59;0.99;979.17;984.59
06.01.2017 05:56;984.58;984.59;984.58;984.59;0.62;614.8;984.58
06.01.2017 05:57;0;0;0;0;0;0;0
06.01.2017 05:58;983;983;980.06;981.16;13.36;13097.29;980.3
06.01.2017 05:59;0;0;0;0;0;0;0
06.01.2017 06:00;980.06;980.06;980.03;980.06;4.52;4427.25;980.05
06.01.2017 06:01;980.06;980.06;980.06;980.06;4;3920.24;980.06
06.01.2017 06:02;980.06;980.06;980.06;980.06;2;1960.12;980.06
06.01.2017 06:03;980.06;980.06;978.95;980.06;8.02;7858.74;979.78
06.01.2017 06:04;979.76;979.97;979.76;979.97;2.1;2057.92;979.96
06.01.2017 06:05;978.95;978.95;978.95;978.95;1;978.95;978.95
06.01.2017 06:06;978.89;978.89;977.96;977.96;11.15;10910.52;978.86
06.01.2017 06:07;977.96;977.96;973.56;976.58;9.38;9168.98;977.46
06.01.2017 06:08;972.53;973.99;970.15;973.97;40.76;39585.01;971.21
06.01.2017 06:09;973.87;976.34;973.87;976.34;3.08;2999.57;974.28
06.01.2017 06:10;978.79;978.79;978;978.01;2.52;2470.33;978.63
06.01.2017 06:11;977.43;977.43;972;972;8.12;7891.35;972.37
06.01.2017 06:12;972;972;971.98;972;2.57;2498.17;971.99
06.01.2017 06:13;0;0;0;0;0;0;0
06.01.2017 06:14;978.74;978.74;978.74;978.74;0.1;97.87;978.74
06.01.2017 06:15;976.45;978.64;976.45;978.64;0.16;156.56;978.5
06.01.2017 06:16;978.34;978.34;976.37;976.37;0.17;165.94;976.49
06.01.2017 06:17;977.97;977.97;977.97;977.97;0.2;199.21;977.97
06.01.2017 06:18;977.9;977.9;975.36;975.36;0.87;850.18;977.22
06.01.2017 06:19;0;0;0;0;0;0;0
06.01.2017 06:20;977.42;977.42;977.42;977.42;0.3;293.23;977.42
06.01.2017 06:21;0;0;0;0;0;0;0
06.01.2017 06:22;0;0;0;0;0;0;0
06.01.2017 06:23;0;0;0;0;0;0;0
06.01.2017 06:24;0;0;0;0;0;0;0
06.01.2017 06:25;0;0;0;0;0;0;0
06.01.2017 06:26;0;0;0;0;0;0;0
06.01.2017 06:27;977;977.81;976.25;976.25;1.41;1372.24;976.68
06.01.2017 06:28;977.8;977.84;977.8;977.84;2.36;2311.38;977.83
06.01.2017 06:29;977.84;980;977.84;980;11.95;11690.31;978.44
06.01.2017 06:30;979.44;980;979.29;980;10.84;10625.9;979.98
06.01.2017 06:31;984.46;984.46;984.46;984.46;2;1968.92;984.46
06.01.2017 06:32;0;0;0;0;0;0;0
06.01.2017 06:33;983.99;983.99;983.99;983.99;4;3935.96;983.99
06.01.2017 06:34;983.99;983.99;983.02;983.02;2.02;1983.95;983.98
06.01.2017 06:35;984.46;984.46;980;980;14.48;14199.5;980.94
06.01.2017 06:36;979.98;980;977.76;980;4.3;4213.29;979.84
06.01.2017 06:37;979.7;979.99;979.7;979.99;0.48;473.8;979.76
06.01.2017 06:38;0;0;0;0;0;0;0
06.01.2017 06:39;979.76;980;979.75;980;28.21;27645.95;979.91
06.01.2017 06:40;980;983.91;980;983.44;4.7;4612.09;982.24
06.01.2017 06:41;981.72;983.32;981.72;983.32;2;1966.59;983.24
06.01.2017 06:42;980.07;980.07;980.07;980.07;0.09;92.23;980.07
06.01.2017 06:43;980;980;980;980;0.09;92.22;980
06.01.2017 06:44;980;980;980;980;1.91;1867.78;980
06.01.2017 06:45;978.02;980.05;978.02;980.05;2.09;2052.14;979.96
06.01.2017 06:46;979.04;980.88;979.04;979.15;2.66;2612.18;980.74
06.01.2017 06:47;979.26;981;979.26;981;4.18;4100.8;980.09
06.01.2017 06:48;978.05;980.98;978.05;980.98;4.09;4015.96;980.91
06.01.2017 06:49;978.24;980.18;978;978;4.22;4134.85;980.11
06.01.2017 06:50;976.07;976.07;974.25;974.25;7.54;7359.34;975.94
06.01.2017 06:51;0;0;0;0;0;0;0
06.01.2017 06:52;980.16;980.16;980.16;980.16;0.02;16.61;980.16
06.01.2017 06:53;0;0;0;0;0;0;0
06.01.2017 06:54;981;981.02;981;981.02;0.23;227.94;981.01
06.01.2017 06:55;0;0;0;0;0;0;0
06.01.2017 06:56;980.17;980.17;980.16;980.16;0.54;530.05;980.16
06.01.2017 06:57;0;0;0;0;0;0;0
06.01.2017 06:58;980.54;980.54;980.54;980.54;0.24;234.8;980.54
06.01.2017 06:59;0;0;0;0;0;0;0
06.01.2017 07:00;980.96;980.96;980.96;980.96;1.11;1088.44;980.96
06.01.2017 07:01;0;0;0;0;0;0;0
06.01.2017 07:02;980.97;980.97;980.96;980.96;1.3;1278.21;980.96
06.01.2017 07:03;980.3;980.3;980.29;980.29;0.54;530.12;980.29
06.01.2017 07:04;980.19;980.97;980.19;980.97;2.03;1990.8;980.96
06.01.2017 07:05;980.87;982.16;980.87;982.15;14.36;14091.68;981.26
06.01.2017 07:06;981.5;981.5;980.22;980.22;10.55;10339.62;980.29
06.01.2017 07:07;0;0;0;0;0;0;0
06.01.2017 07:08;0;0;0;0;0;0;0
06.01.2017 07:09;980.24;980.24;977.75;978.72;11.84;11593.85;979.18
06.01.2017 07:10;977.66;978.65;977.66;978.34;6;5869.15;978.19
06.01.2017 07:11;978.34;978.87;974.78;974.78;7.25;7088.26;977.91
06.01.2017 07:12;976.61;976.71;974.11;974.28;21.91;21350.08;974.44
06.01.2017 07:13;976.58;978.92;976.56;978.92;4.02;3928.12;977.73
06.01.2017 07:14;978.8;978.8;978.03;978.03;2.7;2639.22;978.58
06.01.2017 07:15;978.43;978.43;974.74;977.72;6.1;5964.7;977.85
06.01.2017 07:16;977.94;977.94;977.94;977.94;2;1955.88;977.94
06.01.2017 07:17;978.53;978.54;978.37;978.37;6;5870.61;978.44
06.01.2017 07:18;978.35;978.35;978.35;978.35;0.51;498.38;978.35
06.01.2017 07:19;978.22;978.61;978.17;978.61;5.02;4912.48;978.33
06.01.2017 07:20;978.61;978.64;978.29;978.64;4.41;4312.94;978.62
06.01.2017 07:21;978.64;978.64;978.37;978.64;7.41;7246.96;978.64
06.01.2017 07:22;978.64;981.27;978.64;979.98;5.43;5322.79;979.84
06.01.2017 07:23;979.98;979.98;979.58;979.91;4.5;4409.01;979.78
06.01.2017 07:24;980.1;980.1;979.92;979.92;0.41;396.99;979.96
06.01.2017 07:25;979.88;979.88;977.02;979.82;0.6;586.68;978.58
06.01.2017 07:26;979.98;980.1;977.72;977.72;10.91;10691.57;979.91
06.01.2017 07:27;0;0;0;0;0;0;0
06.01.2017 07:28;978.41;980.1;978.41;980.1;5.17;5063.31;980.09
06.01.2017 07:29;979.52;979.52;979.44;979.44;0.34;333.61;979.49
06.01.2017 07:30;979.67;979.67;976.67;976.67;1.03;1011.2;978.61
06.01.2017 07:31;979;979;976.89;978.77;1.3;1272.98;978.79
06.01.2017 07:32;978.7;979;978.67;979;10.99;10759.88;978.9
06.01.2017 07:33;979.22;980.09;978.12;980.09;7.21;7064.39;979.42
06.01.2017 07:34;980.09;980.1;979.77;979.8;6;5879.73;979.95
06.01.2017 07:35;979.83;981;979.83;981;22.72;22269.15;980.25
06.01.2017 07:36;982;982.55;981.14;981.3;7.06;6934.25;981.67
06.01.2017 07:37;982.54;982.55;981.92;982.55;6.07;5965.15;982.16
06.01.2017 07:38;983.34;983.57;983.34;983.57;4;3933.82;983.46
06.01.2017 07:39;982;983.22;980.19;980.19;4.51;4429.46;981.94
06.01.2017 07:40;981.99;982;981.42;982;7.24;7107.1;981.95
06.01.2017 07:41;982;982.8;981.45;982.8;14.14;13885.26;981.96
06.01.2017 07:42;983.32;985;982.19;985;50.46;49656.41;984.06
06.01.2017 07:43;985;987.1;985;986.44;13.4;13211.41;985.69
06.01.2017 07:44;986.43;987.18;986.43;987;4.08;4026.16;986.8
06.01.2017 07:45;987.14;987.15;986.37;987;24.6;24276.74;986.97
06.01.2017 07:46;986.79;986.79;986.38;986.38;10.58;10437.65;986.46
06.01.2017 07:47;986.37;989.97;985.02;987.19;58.02;57342.33;988.3
06.01.2017 07:48;986.63;988.71;986.62;986.63;7.85;7751.78;987.37
06.01.2017 07:49;988.07;988.08;987.2;988.08;7.1;7011.39;987.76
06.01.2017 07:50;987.12;987.86;986.62;987.86;5.91;5836.63;987.62
06.01.2017 07:51;987.19;987.97;986.97;987.62;4.86;4799.03;987.45
06.01.2017 07:52;987.81;987.96;986.62;986.63;14.81;14621.79;987.19
06.01.2017 07:53;986.63;986.63;985.16;985.16;4.11;4046.28;985.64
06.01.2017 07:54;985.63;988.79;985.27;988.79;43.1;42526.28;986.7
06.01.2017 07:55;985.66;985.66;985.28;985.28;3.53;3474.71;985.51
06.01.2017 07:56;985.65;985.65;980.59;980.59;0.82;804.17;982.18
06.01.2017 07:57;982.93;985.63;982.93;985.63;1.7;1675.31;985.57
06.01.2017 07:58;980.49;980.49;980.49;980.49;0.43;419.25;980.49
06.01.2017 07:59;0;0;0;0;0;0;0
06.01.2017 08:00;981.53;981.53;981.53;981.53;0.08;78.57;981.53
06.01.2017 08:01;982.08;985.53;981.88;985.53;50.43;49529.12;982.05
06.01.2017 08:02;985.2;985.2;979.77;979.77;73.19;71852.04;981.72
06.01.2017 08:03;980.2;980.21;969.82;975;81.44;79349.87;974.29
06.01.2017 08:04;969.83;969.83;959.87;965.2;95.43;91912.72;963.14
06.01.2017 08:05;964.26;964.26;958.93;960.01;11.92;11444.75;959.79
06.01.2017 08:06;962.16;962.18;960.24;962.18;5.75;5530.17;961.97
06.01.2017 08:07;962.16;962.6;960.36;962.18;15.35;14760.47;961.53
06.01.2017 08:08;962.18;962.18;960.73;960.73;0.52;500.39;961.15
06.01.2017 08:09;960.7;961.06;960.34;960.35;8.26;7931.4;960.36
06.01.2017 08:10;960.35;960.35;955;955;38.69;37063.35;957.86
06.01.2017 08:11;955.04;957;937.21;957;335.82;318293.26;947.8
06.01.2017 08:12;951.57;956.98;951.57;955.07;10.12;9660.32;954.63
06.01.2017 08:13;953.07;955.11;953.07;954;5.42;5173.53;954.38
06.01.2017 08:14;954.05;954.05;946.69;946.69;14.9;14165.88;950.88
06.01.2017 08:15;947.93;951.98;947.92;949.3;14.71;13977.88;949.94
06.01.2017 08:16;951.94;958.83;949.39;949.41;33.55;31975.5;953.17
06.01.2017 08:17;956.86;956.88;952.68;952.68;1.29;1228.87;953.22
06.01.2017 08:18;958;958;951.04;951.04;7.73;7360.27;952.64
06.01.2017 08:19;953.07;957.83;950.01;956.96;74.39;70772.19;951.37
06.01.2017 08:20;953.9;953.9;953.9;953.9;0.11;107.79;953.9
06.01.2017 08:21;956.96;959.04;954.02;954.76;5.99;5730.19;956.28
06.01.2017 08:22;955.62;958;955.62;957.58;4.14;3968.94;957.84
06.01.2017 08:23;957.48;959.99;957.47;959.99;2.05;1962.54;958.67
06.01.2017 08:24;959.98;962.71;959.95;960.67;18.55;17835.89;961.36
06.01.2017 08:25;960.67;962;960.36;962;18.78;18062.67;961.57
06.01.2017 08:26;963.65;965.94;962.71;965.94;9.13;8806.44;964.04
06.01.2017 08:27;964.02;964.02;961.06;963.69;12.56;12096.56;963.33
06.01.2017 08:28;963.7;964.28;960.34;964.25;5.27;5070.2;962.61
06.01.2017 08:29;963;963;959.98;959.99;22.56;21662.17;960.26
06.01.2017 08:30;959.96;960.71;959.96;960;9.01;8650.52;960.04
06.01.2017 08:31;960;960.7;959.99;959.99;2.31;2222.04;960.06
06.01.2017 08:32;961.01;961.03;960.84;961.03;10.66;10247.21;960.96
06.01.2017 08:33;0;0;0;0;0;0;0
06.01.2017 08:34;958.48;958.48;954.88;954.88;3.71;3551.75;956.28
06.01.2017 08:35;954.95;956.16;951;956.16;22.94;21931.4;955.83
06.01.2017 08:36;958.47;958.47;949.87;953.12;36.44;34709.98;952.58
06.01.2017 08:37;950.66;950.66;950.66;950.66;0.37;351.74;950.66
06.01.2017 08:38;951.6;954.92;951.6;954.92;0.37;352.33;952.24
06.01.2017 08:39;953.07;954.91;953.07;954.91;3.4;3245.8;954.65
06.01.2017 08:40;954.85;954.85;954.85;954.85;0.1;95.49;954.85
06.01.2017 08:41;956.94;957;955.78;956.94;5.12;4895.76;956.81
06.01.2017 08:42;957.32;958.84;955;955;9.48;9082.94;957.94
06.01.2017 08:43;956.93;960.43;955.34;960.03;14.97;14365.43;959.39
06.01.2017 08:44;960.73;960.74;955.02;958.91;3.13;3001.89;957.87
06.01.2017 08:45;958.73;958.77;955.01;958.25;4.19;4012.68;957.01
06.01.2017 08:46;958.25;958.83;953.21;958.83;14.11;13516.21;957.73
06.01.2017 08:47;958.87;961.42;953.76;961.42;32.3;30896.36;956.41
06.01.2017 08:48;961.44;963.1;960.05;963.1;19.55;18794.7;961.28
06.01.2017 08:49;960.05;960.05;960;960.05;0.8;768.03;960.04
06.01.2017 08:50;960.98;963.34;960.51;960.51;13;12495.38;961.18
06.01.2017 08:51;962.98;964.53;960.61;961.5;84.28;81145.13;962.75
06.01.2017 08:52;961.51;961.51;959;959;34.98;33573.05;959.78
06.01.2017 08:53;959.5;959.5;959.5;959.5;0.1;97.55;959.5
06.01.2017 08:54;0;0;0;0;0;0;0
06.01.2017 08:55;961.8;961.84;960.5;960.5;31.93;30682.72;960.94
06.01.2017 08:56;960.51;960.85;953.29;958.81;48.74;46719.51;958.55
06.01.2017 08:57;959.89;960;959;959;24.34;23360.53;959.58
06.01.2017 08:58;959.78;960.6;958.5;958.5;26.59;25504.41;959.04
06.01.2017 08:59;958.5;960.43;957;960.43;35.88;34370.99;957.98
06.01.2017 09:00;0;0;0;0;0;0;0
06.01.2017 09:01;960.27;961.52;958.5;958.5;2.23;2139.94;959.9
06.01.2017 09:02;958.51;961.42;958;961.34;21.54;20645.39;958.54
06.01.2017 09:03;0;0;0;0;0;0;0
06.01.2017 09:04;961.72;961.84;961.72;961.84;1.81;1744.38;961.81
06.01.2017 09:05;961.82;962.22;961.54;961.54;12.53;12051.22;961.83
06.01.2017 09:06;962.54;962.58;962.54;962.58;0.21;199.99;962.57
06.01.2017 09:07;962.62;963.5;961.15;963.1;40.03;38516.41;962.21
06.01.2017 09:08;962.35;962.7;961;962.7;20.04;19264.13;961.28
06.01.2017 09:09;962.5;963.01;962.48;962.5;33.48;32229.61;962.66
06.01.2017 09:10;961;963;961;961;12.76;12258.27;961.04
06.01.2017 09:11;962;962;961.5;961.5;20.03;19260;961.75
06.01.2017 09:12;961.1;962.3;960.5;960.5;13.66;13126.03;961.25
06.01.2017 09:13;962.46;963;960.55;963;21.27;20479.64;962.78
06.01.2017 09:14;964.33;964.33;964.33;964.33;1;964.33;964.33
06.01.2017 09:15;964.11;964.33;964.09;964.09;0.56;543.66;964.29
06.01.2017 09:16;964.09;964.32;964.09;964.32;1.34;1289.17;964.21
06.01.2017 09:17;962.48;964.04;962.48;964.04;0.31;301.43;962.68
06.01.2017 09:18;962.48;962.48;962.47;962.47;0.39;372.13;962.48
06.01.2017 09:19;962.48;962.48;960.95;960.95;2.14;2056.81;961.49
06.01.2017 09:20;0;0;0;0;0;0;0
06.01.2017 09:21;960.9;960.9;960.9;960.9;0.2;192.18;960.9
06.01.2017 09:22;962.89;962.89;959.96;960.56;28.38;27250.36;960.18
06.01.2017 09:23;958;958;957.25;957.25;11.64;11151.38;957.75
06.01.2017 09:24;957.25;957.25;950;950;31.15;29688.02;953.1
06.01.2017 09:25;949.78;949.78;940.01;940.86;66.5;62867.74;945.44
06.01.2017 09:26;940.13;944;937.37;938.07;84.37;79395.31;940.99
06.01.2017 09:27;938.06;938.06;931;931;80.86;75533.62;934.13
06.01.2017 09:28;932.38;938.02;930;938.02;127.93;119168.89;931.55
06.01.2017 09:29;935.03;940.57;935.02;940.57;32.87;30877.07;939.44
06.01.2017 09:30;940.63;942.99;940.63;941.01;22.22;20907.26;940.94
06.01.2017 09:31;942.98;946.44;941.01;944.98;40.13;37915.99;944.79
06.01.2017 09:32;946.44;946.44;944.94;944.94;9.42;8902.36;944.97
06.01.2017 09:33;945.5;947.43;945.5;947.39;42.7;40403.5;946.14
06.01.2017 09:34;946.21;947.39;946.2;947.26;2.69;2549.02;946.65
06.01.2017 09:35;946.21;946.21;936.99;941;52.81;49615.04;939.57
06.01.2017 09:36;939;943.44;939;942;2.29;2156.69;941.52
06.01.2017 09:37;939.01;939.01;933.06;933.06;50;46784.01;935.68
06.01.2017 09:38;934.16;935.02;933.06;935;30.56;28561.04;934.69
06.01.2017 09:39;935.02;935.02;933;934.98;32.35;30190.55;933.22
06.01.2017 09:40;934.18;938.18;933.01;938.18;16.36;15289.03;934.81
06.01.2017 09:41;935.6;935.61;931;931;102.28;95304.94;931.81
06.01.2017 09:42;931;932.18;931;932.15;7.68;7154.3;931.27
06.01.2017 09:43;932;932;925.03;926.01;53.62;49712.5;927.16
06.01.2017 09:44;926.02;926.81;921;921;141.57;130760.39;923.66
06.01.2017 09:45;921.02;924.82;920.76;920.76;45.66;42060.2;921.21
06.01.2017 09:46;920.76;920.76;905;905.61;240.43;219355.36;912.34
06.01.2017 09:47;906.63;912.06;906.63;912.06;13.73;12498.52;910.1
06.01.2017 09:48;916.21;920;911.85;920;116.66;107023.16;917.41
06.01.2017 09:49;920;923.07;920;920.02;71.92;66168.83;920.03
06.01.2017 09:50;920.03;924.17;920.03;922.86;5.66;5217.99;921.66
06.01.2017 09:51;924.88;928.71;923.97;926.34;29.23;27027.26;924.62
06.01.2017 09:52;926.86;933;926.86;929.48;15.82;14709.58;929.91
06.01.2017 09:53;929.48;936.08;928.79;936.08;13.2;12319.55;933.3
06.01.2017 09:54;933;934.1;932.23;934.1;4.83;4501.89;932.71
06.01.2017 09:55;934.1;934.1;931.06;934.08;23.78;22190.59;933.13
06.01.2017 09:56;934.03;934.03;928.38;933.39;17.57;16318.5;929.03
06.01.2017 09:57;930.18;932.96;930.18;932.95;0.83;768.11;930.8
06.01.2017 09:58;0;0;0;0;0;0;0
06.01.2017 09:59;932.04;934.1;930.29;934.1;40.01;37304.46;932.35
06.01.2017 10:00;933.02;934.08;933;934.08;3.06;2860.53;933.32
06.01.2017 10:01;934.08;934.1;934.08;934.1;9.61;8974.07;934.1
06.01.2017 10:02;934.1;934.1;934.1;934.1;0.09;82.77;934.1
06.01.2017 10:03;934.08;934.08;932.16;932.16;6.42;5987.79;932.63
06.01.2017 10:04;932;932.01;928.1;928.1;21.2;19717.25;930.11
06.01.2017 10:05;930;930;928.1;929.28;7.18;6674.04;929.13
06.01.2017 10:06;929.89;929.89;929.33;929.33;1.51;1401.57;929.84
06.01.2017 10:07;929.33;929.33;929.28;929.31;5.03;4678.28;929.31
06.01.2017 10:08;928.11;928.11;927.2;927.2;22.76;21116.91;927.98
06.01.2017 10:09;928.32;931.59;928.32;931.5;2.23;2074.1;930.09
06.01.2017 10:10;931.5;931.5;924.54;924.54;53.37;49471.05;927
06.01.2017 10:11;929.11;929.11;923.81;929.11;27.71;25620.79;924.74
06.01.2017 10:12;924.8;929.07;924.74;928.99;2.23;2068.87;927.14
06.01.2017 10:13;928.99;928.99;928.87;928.87;1.09;1012.27;928.87
06.01.2017 10:14;925.58;925.58;925.56;925.56;0.64;588.69;925.57
06.01.2017 10:15;925.51;925.54;921;921;23.51;21688.42;922.36
06.01.2017 10:16;922.01;924.97;922;924.95;13.94;12851.88;922.19
06.01.2017 10:17;924.91;924.91;921;922;59.03;54390.61;921.37
06.01.2017 10:18;921.01;921.1;917;917;246.43;226655.83;919.74
06.01.2017 10:19;919.95;921;915;915;132.49;121575.66;917.62
06.01.2017 10:20;914.99;915;912.01;912.02;39.51;36040.63;912.08
06.01.2017 10:21;913.97;914;911.1;911.13;26.85;24482.99;911.86
06.01.2017 10:22;913.97;918.47;911;915;67.09;61219.97;912.44
06.01.2017 10:23;915;918.5;914;914.09;100.04;91470.22;914.33
06.01.2017 10:24;918.44;922;915.43;921.89;22.97;21118.25;919.41
06.01.2017 10:25;915.62;921.78;915.58;917.42;11.85;10854.9;915.93
06.01.2017 10:26;920.4;922;917.52;921.95;23.71;21833.74;920.94
06.01.2017 10:27;921.95;922.87;920.94;922.87;12.45;11471.73;921.75
06.01.2017 10:28;922.87;924;922.04;924;6.22;5745.28;923.12
06.01.2017 10:29;924.5;925.02;922.77;922.77;59.63;55111.17;924.23
06.01.2017 10:30;925.49;925.61;921.15;921.18;41.48;38299.35;923.26
06.01.2017 10:31;922.05;926.14;922.01;923.01;4.65;4293.03;923.61
06.01.2017 10:32;926;926;926;926;0.17;155.2;926
06.01.2017 10:33;923.05;924.9;921.07;924.89;13.61;12554.1;922.59
06.01.2017 10:34;922.05;922.05;920.91;920.91;19.65;18096.95;921.02
06.01.2017 10:35;921.01;925.74;919.16;921;10.24;9416.99;919.72
06.01.2017 10:36;924.99;925.43;924.99;925.43;0.32;293.95;925.37
06.01.2017 10:37;925.54;928.64;925.43;928.64;8.91;8251.41;926.21
06.01.2017 10:38;930;934.1;930;934.1;12.95;12077.97;932.64
06.01.2017 10:39;934.1;939.99;934.1;939.99;32.39;30382.37;937.99
06.01.2017 10:40;938.9;939;937.52;939;14.15;13279.58;938.79
06.01.2017 10:41;939;944.44;939;940.06;19.22;18062.84;939.96
06.01.2017 10:42;941.61;942.5;940.03;942.3;31.75;29902.67;941.93
06.01.2017 10:43;942;942;940.27;940.27;4.16;3908.27;940.35
06.01.2017 10:44;940.23;941.31;938.98;939;23.64;22210.81;939.66
06.01.2017 10:45;938.12;938.12;932.62;937.99;11.26;10531.08;935.36
06.01.2017 10:46;937.98;938.3;935.63;937.98;9.03;8466.83;937.27
06.01.2017 10:47;937.07;937.96;934.35;935.77;23.94;22390.74;935.46
06.01.2017 10:48;938.98;939;938.96;939;1.75;1641.18;938.99
06.01.2017 10:49;938.99;939;938.99;939;2.4;2257.93;939
06.01.2017 10:50;938.99;938.99;938.99;938.99;0.26;242.59;938.99
06.01.2017 10:51;938.03;939;938;938.93;22.87;21465.06;938.48
06.01.2017 10:52;939;939;938;938;7.65;7181.56;938.87
06.01.2017 10:53;939;940.1;934.5;935;30.34;28459.79;938.04
06.01.2017 10:54;934.51;938.04;934.43;934.43;31;28979.07;934.87
06.01.2017 10:55;930.85;934.27;930.23;934.27;5.59;5207.62;930.77
06.01.2017 10:56;932.33;932.33;927.75;928.64;13.33;12386.11;929.21
06.01.2017 10:57;926;930.51;925.46;925.46;6.38;5924.94;929.16
06.01.2017 10:58;930.19;930.2;928.68;930.2;2.04;1898.03;929.7
06.01.2017 10:59;930.1;930.1;924.98;925;23.6;21838.24;925.3
06.01.2017 11:00;924.79;925;920.11;920.11;17.56;16197.67;922.66
06.01.2017 11:01;923.12;923.12;921;921.03;16.7;15378.38;921.08
06.01.2017 11:02;922.98;926.75;921;921;89.56;82590.62;922.19
06.01.2017 11:03;926.74;928.46;921;922.01;40.08;36926.47;921.37
06.01.2017 11:04;924.94;924.95;922.08;924.95;19.23;17736.66;922.29
06.01.2017 11:05;924.93;925;921;925;14.25;13146.17;922.77
06.01.2017 11:06;924.94;925;922.95;925;10.96;10130.58;924.6
06.01.2017 11:07;925;925;922.04;922.04;1.57;1449.63;924.61
06.01.2017 11:08;924.99;925;920;920;8.51;7842.42;921.83
06.01.2017 11:09;922.13;924.79;912.05;914.03;56.98;52243.55;916.91
06.01.2017 11:10;913.98;914.03;910.06;912.14;32.42;29582.31;912.4
06.01.2017 11:11;910.06;910.06;900;900;256.19;232031.29;905.7
06.01.2017 11:12;900.99;904.31;896.55;899.98;224.35;201865.04;899.8
06.01.2017 11:13;904.73;904.97;898;898;86.41;77897.64;901.44
06.01.2017 11:14;898.44;899.53;896;896.7;184.12;165020.57;896.26
06.01.2017 11:15;896.11;899;896;896.12;148.66;133275.84;896.53
06.01.2017 11:16;896.12;900;896.12;897.17;62.11;55709.16;896.89
06.01.2017 11:17;897.08;899.98;896;899.98;85.84;76946.1;896.39
06.01.2017 11:18;899.98;908.5;899.2;900.01;94.68;85391.29;901.93
06.01.2017 11:19;900.01;910;900.01;909.82;44.84;40612.88;905.82
06.01.2017 11:20;909.92;909.92;904.04;904.04;0.87;788.26;905.39
06.01.2017 11:21;909.01;915.64;909.01;915.53;22.15;20232.12;913.29
06.01.2017 11:22;915.58;917.3;911.31;913.86;26.58;24279.89;913.33
06.01.2017 11:23;912.99;923;912.99;913.38;130.31;119517.87;917.21
06.01.2017 11:24;913.31;913.31;904.59;911.8;48.37;43932.05;908.27
06.01.2017 11:25;910.86;910.86;902.2;903.5;19.69;17803.26;904.27
06.01.2017 11:26;903.5;908.67;903.5;908.54;121.39;110028.05;906.37
06.01.2017 11:27;908.64;910.4;903.19;903.19;87.26;79099.43;906.52
06.01.2017 11:28;903.19;904;900;902;100.23;90405.38;902.01
06.01.2017 11:29;902;904;902;904;65.2;58841.03;902.41
06.01.2017 11:30;904;904;896.1;899;68.03;61189.95;899.48
06.01.2017 11:31;900;900;895;895;369.75;331401.52;896.29
06.01.2017 11:32;895.52;898;887;890.65;369.96;329945.35;891.83
06.01.2017 11:33;887;892.44;880;881;546.18;484223.82;886.57
06.01.2017 11:34;881.99;885;871;885;315.68;276740.48;876.64
06.01.2017 11:35;881;885;878;885;125.2;110287.01;880.88
06.01.2017 11:36;885;894.98;882.52;889.03;87.05;77044.48;885.04
06.01.2017 11:37;887.25;888.2;883.54;888.11;56.87;50476.85;887.51
06.01.2017 11:38;888.11;888.16;878.11;885.45;125.42;110805.83;883.47
06.01.2017 11:39;880.38;883.55;878.09;883.41;24.11;21209.78;879.82
06.01.2017 11:40;883.54;884.6;878.09;882.36;94.57;83196.59;879.74
06.01.2017 11:41;882.05;883.99;878.1;881;48.21;42492.36;881.35
06.01.2017 11:42;880.87;882.99;878.09;879.47;138.87;122061.85;878.96
06.01.2017 11:43;879.47;884.34;878.09;884.34;55.17;48647.58;881.77
06.01.2017 11:44;884.34;887.85;882.92;884.51;15.52;13737.12;885.19
06.01.2017 11:45;884.51;889.96;881.45;889.92;43.02;38144.03;886.75
06.01.2017 11:46;888.42;891.91;882.24;889.99;59.32;52725.19;888.87
06.01.2017 11:47;890.01;890.01;880;883.12;48.13;42604.35;885.13
06.01.2017 11:48;887;889.96;884.75;887.02;33.41;29664.63;887.98
06.01.2017 11:49;887.01;887.5;883.17;886.7;30.92;27424.29;886.82
06.01.2017 11:50;886.62;890;883.25;890;35.98;31942.8;887.86
06.01.2017 11:51;890;891.99;888.27;889.99;14.82;13198.62;890.89
06.01.2017 11:52;888.23;899.58;888.23;897.24;75.97;67871.08;893.41
06.01.2017 11:53;898;898;895.41;898;58.47;52491.82;897.81
06.01.2017 11:54;898;902;897.77;901.99;62.62;56401.89;900.7
06.01.2017 11:55;901.99;902;900;901.96;32.78;29538.32;901.06
06.01.2017 11:56;901.94;901.94;891.91;900;42.25;37931.57;897.89
06.01.2017 11:57;899.98;900;893.67;898.95;32.7;29347.65;897.44
06.01.2017 11:58;897.72;899;895.49;898.98;27.31;24528.06;898.24
06.01.2017 11:59;898.99;900;898.98;898.98;28.57;25694.69;899.32
06.01.2017 12:00;900.03;902;899.21;902;21.33;19211.23;900.6
06.01.2017 12:01;901.94;901.98;898;898;2.89;2604.83;899.97
06.01.2017 12:02;898;898;895.48;895.48;10.38;9306.07;896.46
06.01.2017 12:03;895.49;896.02;888;888.02;29.43;26214.05;890.59
06.01.2017 12:04;888.02;890.33;884.72;884.81;21.83;19365.37;887.28
06.01.2017 12:05;886.61;890.44;884.04;885;37.74;33418.58;885.54
06.01.2017 12:06;885.32;885.32;881.2;881.2;12.37;10933.55;883.76
06.01.2017 12:07;883.31;883.31;880.01;880.03;24.04;21173.9;880.87
06.01.2017 12:08;880.03;885.54;880.02;882.3;14.58;12863.96;882.25
06.01.2017 12:09;885.3;885.35;883.45;884.97;3.53;3118.31;884.29
06.01.2017 12:10;884.97;889.86;884.76;889.86;25.21;22319.34;885.47
06.01.2017 12:11;887.49;899.5;887.49;890.88;38.63;34582.38;895.14
06.01.2017 12:12;890.9;897.99;890.9;891.36;2.98;2663.46;894.17
06.01.2017 12:13;891.36;897.97;891.36;895.1;4.03;3618.11;896.99
06.01.2017 12:14;894.01;899.58;892.81;893.06;24.21;21678.17;895.58
06.01.2017 12:15;893.06;894.97;891;891;23.03;20554.37;892.41
06.01.2017 12:16;894.17;894.18;888.88;894.07;6.18;5504.79;890.24
06.01.2017 12:17;894.01;894.01;885.02;885.04;5.48;4878.14;890.33
06.01.2017 12:18;890.05;890.05;885.56;885.56;1.13;1001.8;888.6
06.01.2017 12:19;890.04;890.51;885.01;885.01;3.18;2812.48;885.26
06.01.2017 12:20;885.03;887.81;883;887.72;12.36;10950.2;885.6
06.01.2017 12:21;885.98;887.63;885.97;887.63;3.56;3155.98;887.33
06.01.2017 12:22;886.24;886.24;883.85;883.85;0.5;444.74;885.41
06.01.2017 12:23;883.99;884;883;883;13.85;12235.07;883.19
06.01.2017 12:24;881.85;885.92;880.01;880.01;47.21;41568.42;880.44
06.01.2017 12:25;880.01;883.82;880;880;33.57;29554.7;880.32
06.01.2017 12:26;880;880.8;880;880.8;10.03;8827.97;880.07
06.01.2017 12:27;882.54;882.54;880.2;882.54;2.9;2553.88;880.33
06.01.2017 12:28;883.85;884;881;881;4.96;4388.11;883.93
06.01.2017 12:29;882.89;885.94;882.89;885.92;1.88;1666.07;885.84
06.01.2017 12:30;886;887.4;883.43;887.4;9.98;8854.61;886.96
06.01.2017 12:31;887;887.72;883.65;887.72;0.92;811.37;885.57
06.01.2017 12:32;887.5;887.5;887;887;1.4;1244.78;887.16
06.01.2017 12:33;883.91;887.49;883.9;887.49;3.86;3411.17;884.09
06.01.2017 12:34;887.43;889.2;887.43;889.2;15.64;13894.11;888.17
06.01.2017 12:35;884.15;888.78;882;887.52;22.94;20318.91;885.87
06.01.2017 12:36;889.2;892.02;889.2;891;25.11;22344.77;889.91
06.01.2017 12:37;891.01;891.99;891.01;891.96;0.89;789.77;891.86
06.01.2017 12:38;891.01;891.97;885.71;891.96;17.21;15308.98;889.49
06.01.2017 12:39;892;892;892;892;0.01;10.35;892
06.01.2017 12:40;892;892.02;889.66;892.02;8.28;7389.64;892
06.01.2017 12:41;892.02;894;892.01;892.01;20.71;18486.64;892.7
06.01.2017 12:42;891.24;894.14;891.24;894.14;0.18;158.27;892.3
06.01.2017 12:43;891.58;893.23;890.24;893.23;9.91;8831.5;891.28
06.01.2017 12:44;890.41;890.41;890.41;890.41;3.32;2958.43;890.41
06.01.2017 12:45;890.27;890.27;887.58;890.25;39.86;35472.02;890.02
06.01.2017 12:46;891;892.92;891;892.92;0.12;106.96;892.44
06.01.2017 12:47;891.01;891.99;890.89;891.99;2.28;2030.97;891.5
06.01.2017 12:48;891.96;891.96;890.26;890.26;2.99;2664.6;890.33
06.01.2017 12:49;0;0;0;0;0;0;0
06.01.2017 12:50;892.6;892.6;892.58;892.58;0.08;75.84;892.59
06.01.2017 12:51;890;890;888.29;888.41;2.19;1948.78;888.76
06.01.2017 12:52;888.8;888.8;887.98;888;49.47;43948.05;888.46
06.01.2017 12:53;888.09;892.23;887.67;892.23;15.03;13350.82;888.06
06.01.2017 12:54;887.98;892;887.2;887.61;63.84;56660.8;887.55
06.01.2017 12:55;887.62;893;887.2;888.17;55.71;49497.4;888.45
06.01.2017 12:56;892.98;893;892.01;893;8;7138.83;892.55
06.01.2017 12:57;892.02;893;883.71;887.09;74.98;66595.94;888.14
06.01.2017 12:58;892.9;893;887;892.91;51.28;45537.37;887.96
06.01.2017 12:59;887.21;890.63;880;885.25;196.85;173608.39;881.91
06.01.2017 13:00;885.26;890;882.73;890;12.03;10681.31;887.97
06.01.2017 13:01;890;892.91;890;890;9.56;8509.83;890.29
06.01.2017 13:02;892.88;894;889;889;68.83;61379.76;891.71
06.01.2017 13:03;894.14;894.23;888.92;889;153.05;136219.32;890.03
06.01.2017 13:04;889;896.76;889;896.76;80.21;71421;890.42
06.01.2017 13:05;895.07;898;894.58;898;32.12;28780.88;895.99
06.01.2017 13:06;897.98;898.22;897.03;897.07;17.49;15704.55;898.04
06.01.2017 13:07;898.22;898.22;897;898.11;15.6;13999.92;897.3
06.01.2017 13:08;896.76;896.76;894;894;27.71;24794.99;894.84
06.01.2017 13:09;894;895.01;891.98;893.45;26.26;23452.4;892.99
06.01.2017 13:10;893.45;893.48;890.39;890.39;40.94;36516.07;891.95
06.01.2017 13:11;891.93;895.01;891.93;891.98;15.91;14194.3;892.08
06.01.2017 13:12;891.98;897.59;891.87;897.59;39.04;34820.53;891.9
06.01.2017 13:13;897.54;900;897.54;900;21.63;19436.52;898.56
06.01.2017 13:14;899.37;899.44;893.46;899.2;5.41;4837.86;893.93
06.01.2017 13:15;893.56;899.09;892;892;15.85;14158.47;893.4
06.01.2017 13:16;891.98;896.32;890.04;896.32;5.6;4989.32;891.44
06.01.2017 13:17;895.76;897.88;895.19;895.25;41.37;37101.14;896.72
06.01.2017 13:18;893.69;895.22;893.69;895.22;6.07;5428.94;894.71
06.01.2017 13:19;895.22;896.49;895.22;896.49;0.07;65.82;895.79
06.01.2017 13:20;894.17;894.17;891.1;891.1;20.63;18419.47;892.81
06.01.2017 13:21;890.36;890.64;890.1;890.1;1.35;1205.02;890.43
06.01.2017 13:22;890.01;892.67;890.01;892.62;2.97;2650.91;891.75
06.01.2017 13:23;892.45;892.45;889.48;889.48;27.84;24807.8;891.2
06.01.2017 13:24;889.53;889.53;888.82;888.82;1.93;1713.62;889.19
06.01.2017 13:25;888.32;888.77;886.76;886.76;33.34;29597.67;887.68
06.01.2017 13:26;886.01;886.99;886;886.99;3.45;3062.56;886.82
06.01.2017 13:27;886.98;887;885.6;885.6;0.43;382.85;886.71
06.01.2017 13:28;887;887.78;887;887.78;9.25;8209.88;887.45
06.01.2017 13:29;887.74;887.78;886.1;887.78;25.08;22262.2;887.62
06.01.2017 13:30;887.78;887.78;887.78;887.78;2.19;1946.77;887.78
06.01.2017 13:31;887.78;890.09;887.78;887.95;2.62;2330.86;888.02
06.01.2017 13:32;890.78;891;890.78;891;1.71;1526.34;890.8
06.01.2017 13:33;891;896;891;891.02;17.01;15224.05;895.06
06.01.2017 13:34;891.08;895.25;888.24;892.97;19.83;17673.66;891.3
06.01.2017 13:35;892.97;893.81;889;889.31;35.9;32025.5;892.01
06.01.2017 13:36;889.32;894.82;889.32;893.99;38.01;33940.97;892.96
06.01.2017 13:37;893.09;895.01;893.09;895.01;27.37;24474.64;894.19
06.01.2017 13:38;895.02;897.02;895.02;897;106.82;95798.08;896.86
06.01.2017 13:39;896.18;898;896.18;897.89;12.29;11033.76;897.47
06.01.2017 13:40;897.9;901.74;897.9;901.74;21.62;19435.57;899.12
06.01.2017 13:41;901.74;902.27;901.74;902;58.4;52681.09;902.01
06.01.2017 13:42;902;903.77;902;903.34;68.39;61763.54;903.08
06.01.2017 13:43;903.35;903.77;901.98;902;38.04;34320.62;902.29
06.01.2017 13:44;901.99;903.77;901.98;903.77;28.4;25619.2;902.06
06.01.2017 13:45;903.77;905;902.05;903.79;40.48;36585.03;903.76
06.01.2017 13:46;903.78;903.97;902;902.96;41.44;37431.62;903.2
06.01.2017 13:47;902.96;903.8;901.74;902.5;55.46;50039.38;902.19
06.01.2017 13:48;902.5;902.51;901.04;902.5;6.13;5529.1;902.1
06.01.2017 13:49;903.01;903.01;901;902.03;9.26;8341.32;901.19
06.01.2017 13:50;902.31;902.31;900;900.05;14.97;13474.7;900.22
06.01.2017 13:51;901.73;901.73;894.98;894.98;24.56;22021.65;896.52
06.01.2017 13:52;894.98;898.01;894.01;898.01;40.18;36020.16;896.39
06.01.2017 13:53;898.01;898.02;895.02;897;3.89;3488.48;897.02
06.01.2017 13:54;896.99;897.02;896.98;897.02;7.54;6766.38;897
06.01.2017 13:55;895.37;896.88;895;895;23.95;21438.86;895.17
06.01.2017 13:56;894.01;896.86;893.99;896.86;24.86;22255.18;895.29
06.01.2017 13:57;896.85;897.05;896.85;897.05;20.99;18826.34;897.01
06.01.2017 13:58;897.05;900.46;897.05;900.42;31.76;28540.54;898.65
06.01.2017 13:59;899.34;900.77;898;899.28;23.37;21024.65;899.8
06.01.2017 14:00;901;901.96;894.31;901.96;72.45;65050.39;897.82
06.01.2017 14:01;901.99;903.06;900.01;903.06;34.13;30779.86;901.88
06.01.2017 14:02;902.57;903;902.55;903;9.34;8434.65;902.87
06.01.2017 14:03;902.97;903;900.05;902.48;38.16;34420.69;902.11
06.01.2017 14:04;901.33;901.5;901.33;901.5;2.51;2262.95;901.39
06.01.2017 14:05;900.05;901;900.05;900.05;9.26;8332.98;900.06
06.01.2017 14:06;900.05;900.05;895.85;895.85;9.65;8673.47;898.86
06.01.2017 14:07;897.06;898.4;897.06;898.4;0.55;496.09;897.2
06.01.2017 14:08;898.41;898.41;885.45;896.53;116.48;103805.03;891.19
06.01.2017 14:09;896.53;899.11;895.99;898.29;12.74;11434.62;897.4
06.01.2017 14:10;899.11;900;898.3;900;29.28;26342.25;899.69
06.01.2017 14:11;900.25;900.25;900.01;900.01;0.02;14.4;900.1
06.01.2017 14:12;900.01;900.01;898.61;900;1.09;984.15;899.37
06.01.2017 14:13;899.95;899.95;895.99;896.84;23.75;21324.91;897.96
06.01.2017 14:14;897.41;897.42;893.74;893.74;11.63;10424.82;896.29
06.01.2017 14:15;893.74;893.74;881.88;887.98;92.18;81702.99;886.31
06.01.2017 14:16;889.99;890;883.19;883.19;18.27;16230.25;888.13
06.01.2017 14:17;883.19;884.03;880;884.03;92.72;81661.92;880.73
06.01.2017 14:18;886.07;886.07;878.32;883.68;70.97;62515.75;880.92
06.01.2017 14:19;882.02;886.28;882.01;886.24;36.1;31888.6;883.23
06.01.2017 14:20;886.26;888.29;886.23;887.98;19.69;17466.51;886.88
06.01.2017 14:21;886.23;889.74;882.55;886.95;22.32;19797.85;886.9
06.01.2017 14:22;888.51;888.51;878;883;557.8;490149.99;878.72
06.01.2017 14:23;879.54;883;879.54;883;63.43;55955.39;882.13
06.01.2017 14:24;883.02;887.94;879.95;882.98;79.51;70226.83;883.2
06.01.2017 14:25;882.8;887.84;882;885.17;25.85;22847.66;883.94
06.01.2017 14:26;885.14;887.79;885.14;887.79;7.79;6896.61;885.2
06.01.2017 14:27;887.79;889.8;887.79;889.73;20.17;17913.36;888.28
06.01.2017 14:28;889.91;890;889.67;890;23.23;20673.22;889.88
06.01.2017 14:29;890;892;889.67;892;53.2;47353.11;890.02
06.01.2017 14:30;892.6;895;892.6;893;31.88;28491.65;893.74
06.01.2017 14:31;894.97;894.97;888.62;888.62;56.64;50447.93;890.7
06.01.2017 14:32;893.59;893.59;892.88;892.88;5.33;4759.15;892.91
06.01.2017 14:33;892;892.6;890;890;28.39;25285.75;890.52
06.01.2017 14:34;892.51;893;892.51;893;44.37;39619.57;892.91
06.01.2017 14:35;893;893;890.59;893;25.83;23043.18;892.07
06.01.2017 14:36;893;894.99;893;894.99;11.99;10713.63;893.57
06.01.2017 14:37;895;897.83;895;897.83;2.63;2358.62;895.26
06.01.2017 14:38;897.91;897.91;897.9;897.9;1.39;1243.72;897.9
06.01.2017 14:39;897.91;898;894.51;898;43.62;39156;897.63
06.01.2017 14:40;898;899.97;895.05;895.42;30.4;27310.56;898.4
06.01.2017 14:41;897.79;897.79;893.57;895;18.35;16428.57;895.27
06.01.2017 14:42;894.99;895;894.99;895;2.56;2289.06;894.99
06.01.2017 14:43;896.89;896.89;895.01;895.01;0.66;591.91;895.55
06.01.2017 14:44;896.21;896.99;896.21;896.99;7.87;7057.98;896.96
06.01.2017 14:45;896.21;898.88;893.47;898.88;10.18;9111.92;894.77
06.01.2017 14:46;897.09;899;897.08;898.88;67.49;60562.86;897.29
06.01.2017 14:47;899;901;898.88;901;77.36;69631.82;900.05
06.01.2017 14:48;901;901;900.01;901;8.23;7417.43;900.99
06.01.2017 14:49;900.99;901.05;900.01;901.05;31.97;28803.54;901.02
06.01.2017 14:50;902;904.99;902;903.1;30.9;27921.8;903.71
06.01.2017 14:51;904.8;904.8;903.09;903.85;7.64;6901.31;903.3
06.01.2017 14:52;903.08;903.08;902.98;902.98;4.26;3850.83;903.05
06.01.2017 14:53;902.91;903.87;902;903.87;3.52;3175.66;902.36
06.01.2017 14:54;902;903.89;902;903.89;0.24;221.06;902.42
06.01.2017 14:55;903.91;904.62;901.14;904.62;6.29;5675.42;902.34
06.01.2017 14:56;901.17;901.17;901.16;901.16;0.29;257.01;901.16
06.01.2017 14:57;903.09;903.17;901.17;901.17;8.74;7885.84;901.8
06.01.2017 14:58;901.16;902.85;899;899;23.02;20744.93;901.15
06.01.2017 14:59;901.12;901.15;900;900;7.89;7105.82;900.21
06.01.2017 15:00;900.02;902.78;900;902.78;8.09;7282.85;900.46
06.01.2017 15:01;902.79;903;902.78;903;4.17;3765.1;902.9
06.01.2017 15:02;903;909.97;903;909.97;77.2;69952.27;906.15
06.01.2017 15:03;908.65;914.49;908.65;911.88;30.36;27679.17;911.8
06.01.2017 15:04;914.65;917.23;914.65;916;33.93;31062.11;915.45
06.01.2017 15:05;916;916.99;915;915;34.02;31144.25;915.49
06.01.2017 15:06;915;916.79;914.48;915.92;12.65;11582.61;915.35
06.01.2017 15:07;915.01;915.94;914.99;915.21;21.23;19426.17;915.12
06.01.2017 15:08;915.91;915.98;915.01;915.98;8.78;8037.39;915.69
06.01.2017 15:09;915.98;915.98;915;915;11.98;10966.33;915.62
06.01.2017 15:10;914.49;914.89;914.49;914.89;0.9;822.97;914.49
06.01.2017 15:11;915;915.03;914.49;915.03;8.5;7776.9;914.97
06.01.2017 15:12;915.03;916.65;915.03;915.03;7.36;6737.7;915.07
06.01.2017 15:13;916.4;916.99;916.4;916.99;15.19;13927.28;916.95
06.01.2017 15:14;916.99;917;916.99;917;28.99;26585.29;917
06.01.2017 15:15;917;917.97;916;916;54.43;49913.06;917.07
06.01.2017 15:16;915.08;915.98;914.47;914.49;45.7;41815.97;915.01
06.01.2017 15:17;914.91;914.97;913.91;914.97;6.36;5814.32;914
06.01.2017 15:18;913.97;913.97;912;912.02;29.12;26562.99;912.12
06.01.2017 15:19;912.03;913.23;909.97;910;40.3;36721.17;911.12
06.01.2017 15:20;910;914.06;909.95;914.06;25.5;23237.26;911.14
06.01.2017 15:21;914.02;914.99;912.97;914.99;1.66;1517.82;914.21
06.01.2017 15:22;914.99;914.99;912.88;912.88;42.12;38461.34;913.23
06.01.2017 15:23;914.99;915.89;912.88;914.46;50.48;46154.1;914.36
06.01.2017 15:24;915.8;915.8;914.4;914.99;18.21;16657.37;914.51
06.01.2017 15:25;914.37;914.42;913.99;913.99;26.14;23900.71;914.36
06.01.2017 15:26;914.93;915;914;914.97;35.21;32211.57;914.73
06.01.2017 15:27;912.38;913.99;910.57;913.87;45.35;41355.79;911.83
06.01.2017 15:28;913.85;913.85;910.15;912.95;7.31;6666.59;912.52
06.01.2017 15:29;912.9;912.98;909.97;912.8;41.33;37665.11;911.41
06.01.2017 15:30;912.79;913;912.03;913;46.66;42592.62;912.9
06.01.2017 15:31;913;914.4;912.99;914.4;36.51;33349.64;913.37
06.01.2017 15:32;913.02;914.4;910;910;64.34;58719.21;912.63
06.01.2017 15:33;910.75;910.75;910;910;14;12740.11;910.01
06.01.2017 15:34;911.5;912.43;911.5;912.35;4.06;3700.94;912.39
06.01.2017 15:35;912.01;914.39;905.78;914.39;143.85;131335.55;913.03
06.01.2017 15:36;907.79;913.69;907.75;913.69;77.02;69914.39;907.79
06.01.2017 15:37;910.98;910.98;910.98;910.98;0.13;119.91;910.98
06.01.2017 15:38;909.14;909.14;909.02;909.02;0.85;771.96;909.04
06.01.2017 15:39;909.71;909.71;909.41;909.41;4.97;4519.11;909.54
06.01.2017 15:40;909.41;909.97;909.4;909.42;7.46;6786.21;909.5
06.01.2017 15:41;909.42;909.42;909.25;909.25;3.46;3149.28;909.41
06.01.2017 15:42;909.1;909.1;909.01;909.01;1.32;1199.05;909.03
06.01.2017 15:43;907.43;908.71;906.98;908.71;16.76;15209.66;907.35
06.01.2017 15:44;908.66;910.97;905.64;910;47.92;43590.94;909.63
06.01.2017 15:45;910;913.44;910;913.44;18.66;17011.31;911.48
06.01.2017 15:46;913.43;913.43;910;910.97;50.66;46136.28;910.63
06.01.2017 15:47;909.91;910.41;909.91;910;41.21;37500.63;910.06
06.01.2017 15:48;913.5;913.87;911;912.98;64.9;59173.16;911.77
06.01.2017 15:49;913;913;911.33;913;22.76;20779.35;912.78
06.01.2017 15:50;913;915.56;913;915.56;10.25;9372.38;914.37
06.01.2017 15:51;915.56;916.97;914.39;914.4;28.88;26424.08;915.08
06.01.2017 15:52;914.42;915.87;914.42;914.45;3.59;3287.21;915.71
06.01.2017 15:53;914.44;915.98;914;914;3.78;3458.11;914.38
06.01.2017 15:54;913.92;913.92;913;913;13.04;11903.66;913.09
06.01.2017 15:55;911.12;912.91;910.98;912.91;26.9;24513.52;911.17
06.01.2017 15:56;912.96;912.97;912.96;912.97;9.2;8398.37;912.97
06.01.2017 15:57;912.96;912.97;912.96;912.97;29.48;26910.12;912.97
06.01.2017 15:58;913;914.43;912.96;912.96;11.05;10087.63;912.99
06.01.2017 15:59;914.37;914.37;912;912;0.43;395.77;913.14
06.01.2017 16:00;912;914.45;912;912;9.85;8989.12;912.24
06.01.2017 16:01;911.98;917.97;911.3;915;126.23;115446.79;914.58
06.01.2017 16:02;914.98;919;914.48;918.91;47.65;43748.55;918.03
06.01.2017 16:03;918.98;919.4;917.98;918;44.73;41084.9;918.49
06.01.2017 16:04;918;919.96;918;919.96;31.78;29187.28;918.45
06.01.2017 16:05;919.94;919.99;919.94;919.96;27.5;25302.86;919.97
06.01.2017 16:06;919.98;919.98;919.94;919.98;29.88;27491.33;919.96
06.01.2017 16:07;919.98;919.99;919.7;919.99;146.89;135133.43;919.98
06.01.2017 16:08;919.99;919.99;917.97;918;39.09;35910.36;918.69
06.01.2017 16:09;918;918;917.97;918;36.21;33240.7;918
06.01.2017 16:10;918;919.99;917.57;919.97;53.33;48986.27;918.53
06.01.2017 16:11;918.53;919.59;915;916.96;80.77;74081.08;917.19
06.01.2017 16:12;916.96;917;915.12;915.12;3.63;3330.76;916.71
06.01.2017 16:13;915.12;917;915.12;916.99;6.54;5992.15;916.88
06.01.2017 16:14;917;919.95;915.08;918.89;23.04;21160.07;918.33
06.01.2017 16:15;918.89;919;918.89;918.98;10.38;9536.08;918.95
06.01.2017 16:16;919;919;918.98;918.98;4.55;4182.67;918.98
06.01.2017 16:17;918.92;918.92;918.89;918.89;0.91;834.13;918.89
06.01.2017 16:18;916.76;918.87;916.76;918.87;0.39;355.33;918.52
06.01.2017 16:19;918;918.8;918;918.01;9.39;8625.96;918.63
06.01.2017 16:20;918.01;918.39;918.01;918.39;0.76;699.53;918.39
06.01.2017 16:21;918.39;918.39;915.98;916;10.22;9374.24;916.96
06.01.2017 16:22;0;0;0;0;0;0;0
06.01.2017 16:23;917.72;918;916.52;916.98;70.24;64464.53;917.79
06.01.2017 16:24;916.95;916.95;916.19;916.19;0.36;331.28;916.91
06.01.2017 16:25;916.12;916.13;913.21;913.21;30.85;28241.57;915.36
06.01.2017 16:26;913.2;913.72;913.11;913.2;3.88;3540.19;913.33
06.01.2017 16:27;914.86;916.18;914.86;915.93;97.72;89517.94;916.11
06.01.2017 16:28;916.18;916.18;916.18;916.18;4.91;4496.79;916.18
06.01.2017 16:29;916.99;916.99;913.99;913.99;9.95;9118.04;916.12
06.01.2017 16:30;913.98;916.98;911.2;911.2;22.55;20595.99;913.37
06.01.2017 16:31;916.78;916.78;913.99;913.99;0.03;31.61;916.19
06.01.2017 16:32;915.97;915.97;911;915.34;37.63;34330.57;912.25
06.01.2017 16:33;914.75;914.75;914.66;914.66;0.96;878.72;914.7
06.01.2017 16:34;913.98;915.09;911.14;913.93;5.65;5160.96;913.93
06.01.2017 16:35;913.93;914.39;911;914.39;27.58;25193.05;913.41
06.01.2017 16:36;914.32;914.32;908.97;911.89;24.59;22410.46;911.45
06.01.2017 16:37;910;910;909.97;909.97;13.06;11883.89;910
06.01.2017 16:38;910;911.59;910;911.59;5.53;5036.44;910.03
06.01.2017 16:39;913.23;913.23;910.16;910.16;5.36;4880.91;910.46
06.01.2017 16:40;910.16;910.16;910;910.16;0.53;480.56;910.15
06.01.2017 16:41;912.68;912.68;910.26;910.26;6.09;5548.81;910.69
06.01.2017 16:42;912.56;912.56;912.3;912.3;0.54;496.78;912.49
06.01.2017 16:43;910.31;910.31;909.99;910;4.91;4470.83;910.14
06.01.2017 16:44;909.99;910;906;906;32.91;29843.8;906.94
06.01.2017 16:45;907.74;908.91;906.06;907.41;30.37;27566.38;907.82
06.01.2017 16:46;907.44;907.44;902.78;902.78;106.51;96410.41;905.19
06.01.2017 16:47;904.49;907.33;902;904.83;59.65;53935.1;904.16
06.01.2017 16:48;903.12;904.71;902.11;902.11;71.76;64805.62;903.05
06.01.2017 16:49;904.63;906.98;902.22;906.51;0.18;161.9;905.24
06.01.2017 16:50;905.84;906.96;905.84;906.89;4.36;3953.71;906.72
06.01.2017 16:51;906.9;906.98;906.89;906.97;8.73;7916.25;906.96
06.01.2017 16:52;906.97;906.97;906.93;906.93;34.15;30973.78;906.93
06.01.2017 16:53;906.9;906.94;906.9;906.93;1.25;1130.39;906.93
06.01.2017 16:54;906.91;906.91;905.3;905.3;21.19;19209.5;906.52
06.01.2017 16:55;902.98;904.47;902.98;903.57;41.91;37887.02;904.04
06.01.2017 16:56;903.58;903.58;902.51;902.51;5.98;5405.29;903.54
06.01.2017 16:57;902.51;902.51;901.15;901.95;47.85;43150.44;901.85
06.01.2017 16:58;901.95;904.11;901.95;903.94;1.56;1410.13;902.28
06.01.2017 16:59;903.83;903.84;902.25;902.25;4.05;3658.86;903.82
06.01.2017 17:00;902.32;902.74;902.32;902.74;2.8;2523.84;902.35
06.01.2017 17:01;904.85;904.85;904.85;904.85;0.02;18.1;904.85
06.01.2017 17:02;904.67;904.9;902.21;904.9;11.1;10033.3;903.67
06.01.2017 17:03;904.75;906;904.75;906;1.37;1240.29;904.98
06.01.2017 17:04;906.5;908.93;906.25;906.25;22.09;20074.9;908.89
06.01.2017 17:05;906.34;912.44;906.34;912.44;20.38;18499.53;907.73
06.01.2017 17:06;910.98;910.98;910.98;910.98;0.58;529.12;910.98
06.01.2017 17:07;909.03;910.99;909.03;910.99;3.79;3448.48;909.1
06.01.2017 17:08;910.99;913.55;910.99;913.55;4.53;4136.11;912.8
06.01.2017 17:09;913;913;910.73;912.18;1.41;1287.73;911.8
06.01.2017 17:10;912.15;912.15;910.7;910.75;12.85;11700.47;910.8
06.01.2017 17:11;910.75;910.75;909.88;909.99;13.01;11843.76;910.28
06.01.2017 17:12;909.99;910;909.99;910;29.42;26771.35;910
06.01.2017 17:13;910;910;908.65;909.7;125.76;114334.55;909.12
06.01.2017 17:14;909.68;911.89;909.68;910;56.82;51723.54;910.23
06.01.2017 17:15;910;910;909.99;909.99;9.36;8513.21;909.99
06.01.2017 17:16;910;910;910;910;0.22;199.05;910
06.01.2017 17:17;910;910;909.65;909.66;39.93;36323.01;909.74
06.01.2017 17:18;909.66;910;909.66;910;19.82;18040.18;909.99
06.01.2017 17:19;910.02;912.89;910.02;912.89;1.09;993.9;910.96
06.01.2017 17:20;911.89;911.91;910.39;910.39;1.6;1456.14;911.38
06.01.2017 17:21;910.5;910.57;910.02;910.57;1.18;1070.76;910.42
06.01.2017 17:22;910.68;910.71;910.68;910.71;31;28231.92;910.71
06.01.2017 17:23;912.71;912.71;912.71;912.71;0.23;205.99;912.71
06.01.2017 17:24;911.96;912;911.91;912;2.86;2608.94;911.96
06.01.2017 17:25;911.99;914.2;911.91;914.19;12.96;11823.04;912.18
06.01.2017 17:26;914.19;914.19;913.36;914.07;0.35;322.71;913.68
06.01.2017 17:27;913.5;913.5;912.02;912.59;2.27;2069.76;912.67
06.01.2017 17:28;912.02;912.09;911.91;911.98;3.41;3106.81;911.97
06.01.2017 17:29;911.91;911.91;911.01;911.48;14.33;13058.63;911.11
06.01.2017 17:30;911.48;911.48;911.01;911.01;2.11;1921.41;911.05
06.01.2017 17:31;911.01;911.88;911.01;911.88;0.57;520.38;911.03
06.01.2017 17:32;911.27;911.87;911.01;911.87;2.9;2640.7;911.31
06.01.2017 17:33;911.01;911.03;911.01;911.03;1.68;1533.92;911.02
06.01.2017 17:34;0;0;0;0;0;0;0
06.01.2017 17:35;911.03;911.09;911.01;911.01;14.69;13378.5;911.02
06.01.2017 17:36;910.51;910.51;910;910;1.54;1397.92;910.01
06.01.2017 17:37;909.99;910;909.99;910;7.44;6774.39;909.99
06.01.2017 17:38;909.99;911.39;909.98;911.39;13.93;12694.3;911.13
06.01.2017 17:39;911.39;911.39;911.21;911.21;3.76;3429.37;911.36
06.01.2017 17:40;911.21;911.21;911.04;911.2;1.58;1436.54;911.2
06.01.2017 17:41;911.37;911.38;911.06;911.06;0.39;350.81;911.2
06.01.2017 17:42;911.05;911.05;911.03;911.04;0.41;369.67;911.04
06.01.2017 17:43;911.03;911.04;911.03;911.04;0.46;420.56;911.04
06.01.2017 17:44;911.03;911.04;911.03;911.04;7.1;6468.38;911.04
06.01.2017 17:45;911.04;911.04;911.03;911.04;0.97;881.86;911.04
06.01.2017 17:46;911.03;911.04;911.03;911.03;2.42;2208.72;911.04
06.01.2017 17:47;911.04;911.04;909.65;909.65;30.12;27437.59;910.95
06.01.2017 17:48;911.03;911.03;911.03;911.03;0.04;32.17;911.03
06.01.2017 17:49;910.15;910.49;910.14;910.14;0.23;208.63;910.29
06.01.2017 17:50;909.67;910.14;909.67;910;1.64;1492.09;909.94
06.01.2017 17:51;910;911.04;910;911.04;4.04;3681.53;910.82
06.01.2017 17:52;911.04;913.72;911.03;913.72;48.98;44647.8;911.5
06.01.2017 17:53;914.2;914.86;912.98;914.86;13.71;12516.94;913.06
06.01.2017 17:54;914.36;914.99;914.36;914.78;4.66;4259.03;914.79
06.01.2017 17:55;914.84;914.98;913;913;29.87;27282.47;913.3
06.01.2017 17:56;914.95;914.98;914.19;914.98;4.58;4185.93;914.6
06.01.2017 17:57;914.95;914.98;914.95;914.98;5.78;5285.61;914.97
06.01.2017 17:58;914.98;914.98;914.97;914.98;6.25;5717.12;914.98
06.01.2017 17:59;914.97;914.98;913.41;914.96;5.88;5380.06;914.69
06.01.2017 18:00;914.95;915.09;914.37;915.09;34.19;31282.8;915
06.01.2017 18:01;915.09;916.99;915.09;916.99;6.87;6298.46;916.23
06.01.2017 18:02;916.99;916.99;915.17;915.17;2.34;2141.25;916.83
06.01.2017 18:03;916.62;918.51;916.28;917.94;2.47;2262.51;917.33
06.01.2017 18:04;917.79;917.79;916.69;916.69;0.81;745.64;917.25
06.01.2017 18:05;915.25;915.97;913.02;913.02;17.84;16313.39;914.56
06.01.2017 18:06;913.01;913.01;911.03;911.03;16.28;14849.51;912.06
06.01.2017 18:07;911.04;911.04;904;905.56;35.66;32261.72;904.7
06.01.2017 18:08;905.56;908.14;905.56;905.58;3.33;3015.77;905.9
06.01.2017 18:09;905.57;907.77;904.02;904.02;2.99;2707.17;906.17
06.01.2017 18:10;906.58;907.71;906.58;907.66;3.1;2817.11;907.6
06.01.2017 18:11;907.51;908.11;907.51;908.01;3.88;3521.04;908
06.01.2017 18:12;905.22;907.87;905.22;905.39;1.55;1404.1;905.36
06.01.2017 18:13;907.53;907.54;907.53;907.54;2;1815.07;907.53
06.01.2017 18:14;908.02;908.15;905.81;908.15;4.91;4456.72;907.4
06.01.2017 18:15;907.99;907.99;907.07;907.27;7.14;6483.08;907.87
06.01.2017 18:16;907.98;907.98;907.36;907.36;0.55;500.45;907.42
06.01.2017 18:17;907.1;907.34;907.05;907.05;16.48;14945.9;907.06
06.01.2017 18:18;907.08;907.24;905;905;6.44;5841.21;906.46
06.01.2017 18:19;906.94;906.94;905.02;905.02;1.21;1098.01;906.15
06.01.2017 18:20;905.97;906.45;905.97;906.45;2;1812.56;906.28
06.01.2017 18:21;905.05;907.02;905.05;907.02;7.4;6708.73;906.4
06.01.2017 18:22;905.33;905.45;905.33;905.45;1.4;1264.56;905.39
06.01.2017 18:23;906.78;907.01;905;905;6.02;5448.36;905.66
06.01.2017 18:24;905;905;904;904.83;8.33;7538.68;904.85
06.01.2017 18:25;904.8;904.8;903.85;903.85;44.62;40336.08;904.01
06.01.2017 18:26;904.7;904.71;904.6;904.71;0.39;349.56;904.66
06.01.2017 18:27;903.33;904.66;903.33;904.38;0.27;248.06;904.45
06.01.2017 18:28;904.36;904.36;903.33;903.33;14.77;13354.46;903.95
06.01.2017 18:29;904.12;904.12;902.65;902.65;11.59;10474.81;903.73
06.01.2017 18:30;902.22;902.22;895.3;898.68;230.75;207760.03;900.36
06.01.2017 18:31;898.07;898.07;895.3;897.79;15.51;13917.33;897.05
06.01.2017 18:32;897.76;897.76;897.57;897.57;0.36;320.73;897.64
06.01.2017 18:33;897.14;897.61;890;890;167.87;149862.96;892.73
06.01.2017 18:34;894.95;894.95;889.27;889.27;47.26;42065.95;890.1
06.01.2017 18:35;889.27;889.27;880.01;882;153.14;135576.68;885.29
06.01.2017 18:36;885.7;888.37;881;887;67.49;59791.9;885.97
06.01.2017 18:37;890;893.4;889.67;890.59;9.58;8541.55;892
06.01.2017 18:38;890.02;893.07;890.02;891.96;1.49;1326.17;891.53
06.01.2017 18:39;891.96;893.09;891.96;893.09;15.63;13957.9;893.03
06.01.2017 18:40;893.09;894.96;891.68;892.86;15.73;14049.25;893.11
06.01.2017 18:41;892.8;892.8;891.54;892;1.95;1741.05;892.25
06.01.2017 18:42;892;892;892;892;0.33;298.31;892
06.01.2017 18:43;892;893.99;892;893.96;9.28;8284.34;892.75
06.01.2017 18:44;893.95;894.98;893.95;894.98;1.87;1671.75;894
06.01.2017 18:45;893.98;894.97;893.98;894.8;53.52;47883.22;894.67
06.01.2017 18:46;894;894;893.96;893.97;30.83;27565.42;893.98
06.01.2017 18:47;893.97;895.92;893.97;895.92;11.95;10696.72;894.97
06.01.2017 18:48;895.91;895.93;894.92;895.86;5.61;5020.04;895.6
06.01.2017 18:49;893.99;893.99;891.38;891.38;10.51;9379.83;892.55
06.01.2017 18:50;889.94;889.94;887.96;889.71;9.53;8474.11;889.66
06.01.2017 18:51;889.06;889.76;888;889.75;8.72;7754.69;888.88
06.01.2017 18:52;889.75;889.87;888.02;889.82;1.46;1301.06;888.72
06.01.2017 18:53;889.82;890.61;889.78;890.59;0.65;579.59;890.09
06.01.2017 18:54;890.56;890.61;890.53;890.61;0.23;204.47;890.56
06.01.2017 18:55;889.17;890.61;887.08;888.56;17.58;15618.08;888.52
06.01.2017 18:56;887.75;887.75;887.75;887.75;0.11;99.78;887.75
06.01.2017 18:57;887;887.01;883.97;883.97;9.76;8649.91;886.31
06.01.2017 18:58;883.99;889.22;882.39;889.22;37.66;33342.96;885.33
06.01.2017 18:59;889.4;890.99;889.4;890.78;34.63;30850.09;890.77
06.01.2017 19:00;890.73;892.49;890.73;892.48;10.72;9559.07;892
06.01.2017 19:01;891.86;893;891.86;892.5;23.15;20669.37;892.79
06.01.2017 19:02;892.97;892.97;892.51;892.59;15.24;13606.84;892.91
06.01.2017 19:03;892.59;892.59;890.75;892.27;12.6;11241.12;892.25
06.01.2017 19:04;0;0;0;0;0;0;0
06.01.2017 19:05;890.76;891.12;889.97;890.98;14.45;12867.2;890.72
06.01.2017 19:06;890.19;890.26;889.97;890.22;6.24;5557.81;890.17
06.01.2017 19:07;890.03;890.03;889.98;890;1.1;981.41;889.99
06.01.2017 19:08;890.98;890.99;890.98;890.99;1.09;972.15;890.98
06.01.2017 19:09;892.99;893;892.99;893;2.46;2199.97;893
06.01.2017 19:10;893;894.51;893;894.51;4.77;4259.44;893
06.01.2017 19:11;0;0;0;0;0;0;0
06.01.2017 19:12;894.91;894.91;893.17;893.17;3.74;3344.21;893.22
06.01.2017 19:13;892.22;894.17;892.21;894.17;0.73;651.18;892.36
06.01.2017 19:14;891.41;891.41;891.41;891.41;0.07;61.64;891.41
06.01.2017 19:15;891.91;894.04;891.44;894.04;13.51;12053.25;892.07
06.01.2017 19:16;894.93;894.93;892.96;892.96;6.21;5554.86;893.97
06.01.2017 19:17;893.33;893.33;893.33;893.33;15.51;13859.07;893.33
06.01.2017 19:18;891.29;892.93;891.2;891.33;3.27;2912.99;891.37
06.01.2017 19:19;891.97;891.97;891.97;891.97;1;891.97;891.97
06.01.2017 19:20;891.97;891.97;891.46;891.46;5.13;4570.11;891.47
06.01.2017 19:21;891.35;891.46;891.35;891.46;3;2674.22;891.41
06.01.2017 19:22;891.89;891.89;891.35;891.39;95.06;84730.63;891.36
06.01.2017 19:23;891.35;891.4;891.18;891.4;4.93;4391.31;891.33
06.01.2017 19:24;892.96;897.21;892.96;897.21;32.9;29445.21;895.01
06.01.2017 19:25;897.21;897.97;897.21;897.7;42.03;37734.58;897.75
06.01.2017 19:26;896.1;898.86;896.1;896.36;3.45;3097.66;897.47
06.01.2017 19:27;898.69;898.69;896.4;896.4;5.65;5074.62;897.55
06.01.2017 19:28;0;0;0;0;0;0;0
06.01.2017 19:29;897.92;897.92;897.92;897.92;4.06;3644.08;897.92
06.01.2017 19:30;896.37;897.67;896.37;897.67;7.28;6537.41;897.63
06.01.2017 19:31;897.69;899;897.32;899;12.02;10796.09;898.18
06.01.2017 19:32;899.98;902.99;899.98;902.89;15.99;14430.44;902.47
06.01.2017 19:33;900.84;900.84;900.84;900.84;0.01;6.22;900.84
06.01.2017 19:34;901.08;902.55;901.08;901.21;2.13;1921.45;902.47
06.01.2017 19:35;901.24;902.42;899.71;902.34;12.03;10842.62;901.06
06.01.2017 19:36;902.1;902.87;900.19;902.87;58.43;52608.08;900.3
06.01.2017 19:37;902.84;902.84;899.96;902.81;14.98;13503.16;901.42
06.01.2017 19:38;901.27;901.27;899.43;899.44;8.61;7758.56;900.97
06.01.2017 19:39;899.91;899.91;899;899;2.31;2078.61;899.42
06.01.2017 19:40;896.2;897;894.36;894.36;4.19;3757.35;895.87
06.01.2017 19:41;896.85;896.85;891.19;891.25;15.21;13565.08;892.01
06.01.2017 19:42;891.2;891.2;885.91;888.41;25.53;22694.38;888.79
06.01.2017 19:43;887.23;890.48;886.6;888.88;5.08;4504.67;887.54
06.01.2017 19:44;888.89;896;888.89;892.27;13.13;11724.78;892.69
06.01.2017 19:45;893.75;893.75;890.69;893.66;10.28;9157.58;890.91
06.01.2017 19:46;896.2;897.56;896.2;897.56;3.11;2792.07;897.16
06.01.2017 19:47;896.22;896.22;894.07;896.19;0.82;735.44;895.94
06.01.2017 19:48;895.95;895.95;895.17;895.17;5.72;5126.7;895.9
06.01.2017 19:49;893.9;893.9;893.9;893.9;5.59;4994.51;893.9
06.01.2017 19:50;891.81;891.81;890.24;890.26;3.54;3161.05;891.75
06.01.2017 19:51;892.62;892.62;890.19;890.19;1.24;1100.54;890.54
06.01.2017 19:52;891.26;891.26;891.26;891.26;0.34;305.63;891.26
06.01.2017 19:53;891.05;891.05;891.05;891.05;1.44;1279.55;891.05
06.01.2017 19:54;890.87;890.89;890.85;890.85;4.27;3802.8;890.88
06.01.2017 19:55;891.04;891.04;890.85;890.85;2.6;2313.62;891.01
06.01.2017 19:56;890.69;890.69;890.04;890.51;3.19;2842.74;890.11
06.01.2017 19:57;890.79;890.8;890.79;890.8;1.28;1137.4;890.8
06.01.2017 19:58;890.8;890.8;890.8;890.8;0.73;649.98;890.8
06.01.2017 19:59;890.85;890.85;890.85;890.85;0.05;48.97;890.85
06.01.2017 20:00;890.81;890.81;890.81;890.81;0.17;149.74;890.81
06.01.2017 20:01;890.84;890.85;890.84;890.85;91.53;81538.84;890.84
06.01.2017 20:02;890.8;890.8;889.81;889.81;13.2;11748.93;889.86
06.01.2017 20:03;889.82;889.82;888.32;888.33;7.15;6354.61;889.18
06.01.2017 20:04;888.53;888.53;885;885;22.39;19833.4;885.66
06.01.2017 20:05;885.01;885.01;880;885;73.31;64614.53;881.39
06.01.2017 20:06;887.7;888;887.7;888;14.54;12906.55;887.84
06.01.2017 20:07;888;890;888;890;42.54;37847.07;889.62
06.01.2017 20:08;890.84;890.84;884.75;884.75;74.18;65968.41;889.25
06.01.2017 20:09;889.46;889.46;889.46;889.46;0.03;30.95;889.46
06.01.2017 20:10;0;0;0;0;0;0;0
06.01.2017 20:11;886.23;887.19;886.23;887.17;0.29;254.89;887.14
06.01.2017 20:12;886.24;887.16;886.24;887.16;0.52;461.94;886.69
06.01.2017 20:13;887.1;887.1;887.01;887.01;0.17;152.18;887.09
06.01.2017 20:14;886.99;886.99;886.99;886.99;0.22;196.91;886.99
06.01.2017 20:15;887.09;889.1;885.11;889.1;10.55;9351.04;886.59
06.01.2017 20:16;0;0;0;0;0;0;0
06.01.2017 20:17;888.99;888.99;888.99;888.99;0.98;874.69;888.99
06.01.2017 20:18;888.96;888.96;886.28;886.29;4.17;3693.86;886.66
06.01.2017 20:19;886.51;886.51;885.12;886.49;6.62;5867.2;886.02
06.01.2017 20:20;885.13;885.13;885.13;885.13;1;885.13;885.13
06.01.2017 20:21;885.53;887.37;885.53;887.31;0.29;253.78;886.6
06.01.2017 20:22;888.37;889.54;888.37;889.54;0.22;195.98;888.47
06.01.2017 20:23;0;0;0;0;0;0;0
06.01.2017 20:24;888.88;888.88;887.01;888.77;0.47;419.59;887.51
06.01.2017 20:25;886.64;888.54;886.63;888.54;10.02;8881.41;886.64
06.01.2017 20:26;0;0;0;0;0;0;0
06.01.2017 20:27;887.45;887.45;886.5;886.51;2.51;2221.07;886.58
06.01.2017 20:28;886.01;886.01;883.77;883.77;5.1;4515.15;885.04
06.01.2017 20:29;883.77;883.77;883.76;883.77;1.15;1016.33;883.77
06.01.2017 20:30;883.51;883.51;882.01;882.01;4.18;3687.34;882.82
06.01.2017 20:31;882.01;882.01;880;880.93;28.31;24916.91;880.13
06.01.2017 20:32;880.05;881.94;880.05;881.94;4.38;3861.2;881.7
06.01.2017 20:33;881.95;883.06;881.95;883.06;2.55;2249.58;882.19
06.01.2017 20:34;883.11;883.11;883.11;883.11;0.65;570.49;883.11
06.01.2017 20:35;881.32;883;880;882.94;11.24;9898.32;880.68
06.01.2017 20:36;882.91;882.91;882.91;882.91;0.48;423.8;882.91
06.01.2017 20:37;882.71;883.92;882.71;883.83;10.29;9082.74;882.97
06.01.2017 20:38;884;886.08;884;885.33;2.5;2214.34;885.1
06.01.2017 20:39;886.92;888;886.35;888;9.3;8248.66;886.89
06.01.2017 20:40;887.24;887.28;887.24;887.28;0.07;63.26;887.27
06.01.2017 20:41;887.48;889;887.47;888;103.04;91512.05;888.12
06.01.2017 20:42;888.59;888.59;888.59;888.59;0.02;20.57;888.59
06.01.2017 20:43;888;888.31;887.7;888.28;15.09;13395.95;888.01
06.01.2017 20:44;888.16;888.16;887.81;888;103.62;92009.44;887.93
06.01.2017 20:45;888.05;889.84;887.94;889.84;16.44;14596.46;888.11
06.01.2017 20:46;889.84;890.85;889.84;890.85;12.11;10787.91;890.83
06.01.2017 20:47;892.64;892.64;891.02;892.38;6.63;5916.72;891.94
06.01.2017 20:48;892.22;892.22;892.22;892.22;0.01;10.3;892.22
06.01.2017 20:49;891.87;891.87;890.56;890.56;0.52;467.55;890.7
06.01.2017 20:50;892.41;892.9;892.4;892.9;16.32;14566.93;892.44
06.01.2017 20:51;892.9;893;892.9;893;10.35;9241.44;892.9
06.01.2017 20:52;893;893;893;893;0.11;101.74;893
06.01.2017 20:53;893.25;893.25;890.13;890.13;6.3;5624.58;892.95
06.01.2017 20:54;892.5;893.98;890;892.51;12.3;10949.54;890.37
06.01.2017 20:55;892.51;892.51;890;890;11.35;10103.61;890.08
06.01.2017 20:56;890;890;888.04;889.01;9.9;8806.33;889.31
06.01.2017 20:57;889.01;889.01;887.95;887.95;45.59;40478.53;887.98
06.01.2017 20:58;887.95;887.96;887.94;887.94;70.04;62193.74;887.94
06.01.2017 20:59;887.94;887.95;887.94;887.94;37.82;33583.37;887.94
06.01.2017 21:00;887.94;887.95;884.5;884.5;19.96;17726.03;887.91
06.01.2017 21:01;885.73;887.13;885.66;885.66;13.61;12063.13;886.6
06.01.2017 21:02;0;0;0;0;0;0;0
06.01.2017 21:03;885.07;886.69;885.07;886.63;8.25;7304.65;885.15
06.01.2017 21:04;885.22;886.89;885.16;886.89;20.29;17963.97;885.23
06.01.2017 21:05;885.16;886.87;885.16;886.87;7.73;6842.96;885.63
06.01.2017 21:06;886.89;887.12;885.8;886.9;24.31;21561.02;886.75
06.01.2017 21:07;886.03;886.08;886.03;886.05;15.21;13473.64;886.04
06.01.2017 21:08;886.9;887.12;886.11;887.12;21.68;19226.41;886.72
06.01.2017 21:09;887.94;888.01;887.5;887.5;12.72;11298.86;887.94
06.01.2017 21:10;887.16;887.16;886.1;886.9;5.14;4552.93;886.57
06.01.2017 21:11;887.08;887.85;886.1;887.85;1.73;1532.44;887.56
06.01.2017 21:12;886.11;887.71;886.1;887.71;1.6;1415.71;886.87
06.01.2017 21:13;886.26;887.09;886.04;886.04;37.12;32905.2;886.41
06.01.2017 21:14;886.3;897;886.03;897;127.81;114217.43;893.63
06.01.2017 21:15;897.01;905;895.64;905;147.49;133178.56;902.95
06.01.2017 21:16;898.53;900.01;897.72;897.77;5.03;4525.22;898.79
06.01.2017 21:17;897.7;900;894.04;900;100.12;89829.64;897.21
06.01.2017 21:18;898.7;899.88;898.7;899.88;0.38;339.74;898.79
06.01.2017 21:19;904.5;905;902.66;902.88;10.99;9933.45;903.48
06.01.2017 21:20;902.88;904.7;899.93;904.7;6.24;5633.43;903.04
06.01.2017 21:21;899.95;903.79;899.93;903.72;0.87;783.12;902.2
06.01.2017 21:22;899.97;901.98;899.97;901.98;0.44;397.5;900.39
06.01.2017 21:23;899.03;901.7;897.14;900.94;6.03;5412.53;898.15
06.01.2017 21:24;898.82;900.82;895.62;898.59;11.37;10210.12;898.24
06.01.2017 21:25;898.63;898.63;896.65;898.59;10.31;9260.98;898.4
06.01.2017 21:26;897.13;897.27;897.13;897.18;0.64;574.19;897.17
06.01.2017 21:27;896.71;898.83;896.71;898.83;4.38;3934.17;898.41
06.01.2017 21:28;898.46;898.46;898.45;898.45;0.35;314.46;898.46
06.01.2017 21:29;898.79;901.69;898.79;901.69;0.37;333.12;898.95
06.01.2017 21:30;898.74;903.15;898.63;903.15;1.62;1460.74;901.28
06.01.2017 21:31;902.73;905.73;902.73;904.18;6.99;6323.05;905.05
06.01.2017 21:32;904.23;904.26;904.09;904.09;56.13;50755.18;904.23
06.01.2017 21:33;904.15;905.72;904.15;905.71;0.49;439.37;904.59
06.01.2017 21:34;904.51;904.51;904.28;904.28;0.35;316.54;904.4
06.01.2017 21:35;901.23;904.44;901.23;904.44;0.73;659.4;901.49
06.01.2017 21:36;901.61;902.22;898.41;901.45;24.22;21832.82;901.59
06.01.2017 21:37;898.4;900.23;898.4;900.23;0.42;374.21;898.69
06.01.2017 21:38;898.7;898.7;898.7;898.7;0.35;314.55;898.7
06.01.2017 21:39;896.73;898.06;896.62;898.03;6.62;5945.18;897.97
06.01.2017 21:40;897.35;898.07;897.35;898.07;13.17;11826.13;898.05
06.01.2017 21:41;898.07;900.18;897.49;900.17;17.23;15477.45;898.17
06.01.2017 21:42;900.01;900.17;900;900.17;0.74;664.12;900.09
06.01.2017 21:43;900;900.17;900;900.17;29.96;26970.97;900.17
06.01.2017 21:44;900;900.17;899.89;900.17;2.03;1823.73;899.97
06.01.2017 21:45;899.47;899.47;898.65;898.65;13.47;12105.25;899
06.01.2017 21:46;898.65;898.98;896.62;896.63;19.17;17197.45;897.01
06.01.2017 21:47;896.62;896.62;893.27;896.49;9.46;8464.84;894.77
06.01.2017 21:48;894.73;894.73;894.73;894.73;0.35;313.16;894.73
06.01.2017 21:49;895.09;897.35;895.09;897.35;11.31;10142.52;897
06.01.2017 21:50;897.04;897.47;897.04;897.47;0.39;346.58;897.05
06.01.2017 21:51;897.19;897.47;897.19;897.47;0.76;684.85;897.34
06.01.2017 21:52;896.64;897.05;896.64;897.05;1.02;914.53;896.68
06.01.2017 21:53;896.78;897;896.69;896.69;0.54;484.26;896.77
06.01.2017 21:54;896.7;897.47;896.7;897.47;0.36;324.11;896.72
06.01.2017 21:55;896.79;897.47;896.79;897.47;17.93;16094.08;897.42
06.01.2017 21:56;896.93;897.5;896.93;897.5;3.66;3283.56;897.45
06.01.2017 21:57;897.52;898.62;897.5;897.5;24.68;22149.44;897.52
06.01.2017 21:58;897.5;897.5;896.77;897.39;50.51;45320.47;897.31
06.01.2017 21:59;896.79;897.35;896.77;896.77;35.5;31850.54;897.26
06.01.2017 22:00;896.77;897;893.03;894.43;8.88;7958.92;896.41
06.01.2017 22:01;893.06;894.39;893.06;894.28;3.06;2737.63;894.19
06.01.2017 22:02;893.02;894.16;893.02;894.15;3.52;3148.91;894.04
06.01.2017 22:03;893.53;894.44;893.5;894.44;83.55;74662.19;893.65
06.01.2017 22:04;894.49;894.5;894.04;894.5;12.26;10966.69;894.46
06.01.2017 22:05;894.49;895;894.06;895;0.36;321.88;894.1
06.01.2017 22:06;894.51;895.52;894.49;894.49;1.48;1319.74;894.56
06.01.2017 22:07;894.49;894.8;894.4;894.4;49.17;43976.24;894.42
06.01.2017 22:08;893.56;894.24;893;893;14.36;12821.53;893.15
06.01.2017 22:09;891.54;892.86;890;892.86;2.92;2601.61;892.41
06.01.2017 22:10;890.42;890.65;890.42;890.65;0.37;329.46;890.43
06.01.2017 22:11;890.66;891.33;890.66;891.29;0.5;441.02;890.74
06.01.2017 22:12;890.55;891.28;890.55;890.9;8.36;7444.4;891
06.01.2017 22:13;890.9;891.08;890;890;8.58;7638.69;890.26
06.01.2017 22:14;890.43;891.35;890.43;891.35;1.37;1216.73;891.1
06.01.2017 22:15;890.49;891.26;890.04;891.26;67.81;60422.8;891.01
06.01.2017 22:16;891.24;891.27;891.23;891.25;53.84;47985.17;891.24
06.01.2017 22:17;891.25;891.33;891.25;891.32;16.47;14681.25;891.26
06.01.2017 22:18;891.27;891.35;891.24;891.24;2.28;2031.84;891.28
06.01.2017 22:19;891.25;891.25;888.4;889.42;67.79;60293.39;889.35
06.01.2017 22:20;888.51;888.67;888;888;50.34;44715.36;888.27
06.01.2017 22:21;888.66;889.7;888.41;888.6;16.89;15006.32;888.48
06.01.2017 22:22;887.17;889.57;887.17;887.81;0.67;598.67;887.98
06.01.2017 22:23;887.81;887.81;887.8;887.8;0.24;215.74;887.8
06.01.2017 22:24;888.37;888.78;887.8;887.8;5.53;4915.8;888.21
06.01.2017 22:25;887.71;887.81;887.27;887.81;1.73;1539.92;887.63
06.01.2017 22:26;887.82;888.48;887.1;887.1;28.73;25491.54;887.37
06.01.2017 22:27;887.27;887.27;886;887.07;10.15;9002.87;886.9
06.01.2017 22:28;886;886.88;885.16;886.85;54.43;48253.72;886.48
06.01.2017 22:29;886.38;886.72;886.03;886.65;0.69;608.16;886.33
06.01.2017 22:30;886.13;887.03;885;885;47.79;42303.92;885.14
06.01.2017 22:31;884;884;882.51;882.51;155.53;137310.91;882.85
06.01.2017 22:32;883;883;881.37;881.37;35.28;31122.14;882.06
06.01.2017 22:33;884.19;884.75;882.91;883.1;18.64;16481.15;884.07
06.01.2017 22:34;883.1;883.1;883;883;0.2;176.62;883.09
06.01.2017 22:35;883.06;884.75;881.77;884.75;13.73;12131.13;883.39
06.01.2017 22:36;882.9;886.88;882.9;886.88;2.93;2595.79;885.24
06.01.2017 22:37;884.31;884.31;884.31;884.31;0.35;309.51;884.31
06.01.2017 22:38;884.5;886.51;883.03;883.04;0.69;614.19;883.75
06.01.2017 22:39;883.04;885.78;883.04;885.55;0.2;173.02;885.3
06.01.2017 22:40;883.04;883.04;883.04;883.04;0.35;309.06;883.04
06.01.2017 22:41;883.03;885.68;883.01;883.01;0.71;628.37;883.06
06.01.2017 22:42;885.64;885.64;883;885.42;58.27;51455.87;883.01
06.01.2017 22:43;883;885.32;882.78;885.1;5.69;5039.2;884.97
06.01.2017 22:44;885.09;888.72;882.9;888.72;30.33;26915.3;887.52
06.01.2017 22:45;888.72;888.72;887.7;887.7;10.35;9193.75;888.29
06.01.2017 22:46;889.03;891.21;887.12;887.12;0.96;853.47;887.84
06.01.2017 22:47;887.11;891.05;887.11;891.05;0.2;181.4;888.14
06.01.2017 22:48;888.89;888.89;887.23;887.23;0.35;310.61;887.46
06.01.2017 22:49;887.36;889.78;886;889.78;42.87;38000.64;886.47
06.01.2017 22:50;889.79;891;885.04;890.97;38.41;34077.44;887.31
06.01.2017 22:51;889.78;891.21;885.65;891.16;44.77;39762.44;888.22
06.01.2017 22:52;891.21;893;891.21;893;12.79;11403.23;891.59
06.01.2017 22:53;892.98;893.56;892.98;893.53;9.17;8190.68;893.36
06.01.2017 22:54;893;893.56;892.98;892.98;8.02;7162;893.03
06.01.2017 22:55;891.35;892.15;890;890;28.07;25027.42;891.51
06.01.2017 22:56;885.74;885.82;885.33;885.33;1.96;1732.89;885.72
06.01.2017 22:57;887.71;887.71;887.71;887.71;0.73;646.77;887.71
06.01.2017 22:58;887.75;887.75;887.75;887.75;0.35;310.71;887.75
06.01.2017 22:59;888.94;889.08;888.94;888.94;2.06;1829.19;889.03
06.01.2017 23:00;887.73;890.61;887.73;890.61;32.53;28924.66;889.12
06.01.2017 23:01;889.91;890.31;889.19;890.31;4.11;3660.87;889.87
06.01.2017 23:02;889.19;890.65;889.18;890.65;9.4;8372.09;890.4
06.01.2017 23:03;890.65;891.57;890.64;891.57;0.36;318.77;890.67
06.01.2017 23:04;890.74;890.74;889.18;889.18;11.33;10086.21;890.6
06.01.2017 23:05;889.18;889.18;887.74;889.16;14.65;13013.81;888.32
06.01.2017 23:06;889.16;889.16;887.7;887.7;16.28;14455.97;888.04
06.01.2017 23:07;885.16;885.16;879.4;880;117.34;103320.69;880.55
06.01.2017 23:08;879.71;883.47;879.4;883.39;53.01;46655.02;880.17
06.01.2017 23:09;883.41;883.48;880.07;880.07;11.39;10054.85;883.08
06.01.2017 23:10;880.05;881.29;880;881.24;9.44;8308.1;880.35
06.01.2017 23:11;881.24;882;881.22;881.22;19.01;16765.96;881.86
06.01.2017 23:12;880.55;880.99;880.02;880.02;24.11;21230.45;880.4
06.01.2017 23:13;879.52;882.14;879.52;882.14;4.45;3921.71;881.28
06.01.2017 23:14;882.19;882.95;882.19;882.32;8.74;7718.8;882.83
06.01.2017 23:15;882.13;882.5;880.98;882.5;72.59;63973.1;881.3
06.01.2017 23:16;882.49;885.1;882.49;885.1;13.61;12025.03;883.56
06.01.2017 23:17;884.59;887.45;883.41;883.74;0.99;874.59;884.77
06.01.2017 23:18;886.55;886.55;886.55;886.55;2.03;1802.8;886.55
06.01.2017 23:19;884.3;886.22;884.3;886.19;8.06;7145.15;886.13
06.01.2017 23:20;886.19;886.19;884.48;884.48;10.05;8894.93;885.25
06.01.2017 23:21;882.8;885.31;882.8;885.23;24.25;21458.75;884.97
06.01.2017 23:22;884.44;886.26;884.43;886.26;16.06;14217.82;885.2
06.01.2017 23:23;886.97;887;886.94;886.99;19.65;17426.87;886.97
06.01.2017 23:24;886.95;886.99;886.36;886.99;22.78;20207.12;886.98
06.01.2017 23:25;886.99;887.72;886.26;887.72;24.13;21401.15;886.86
06.01.2017 23:26;887;887.75;887;887.73;7.85;6971.99;887.71
06.01.2017 23:27;887.73;890.24;887.73;887.93;36;32031.8;889.72
06.01.2017 23:28;887.99;890.59;887.99;890.59;61.23;54372.9;888.03
06.01.2017 23:29;890.59;892.13;890.59;891.56;3.42;3046.56;891.47
06.01.2017 23:30;891.51;893.33;891.51;893.28;70.66;63115.62;893.21
06.01.2017 23:31;893.26;893.45;893.26;893.45;2.23;1991.27;893.37
06.01.2017 23:32;893.31;893.45;893.26;893.26;4.37;3906.33;893.28
06.01.2017 23:33;893.26;893.26;893.25;893.25;6.3;5630.68;893.26
06.01.2017 23:34;892.1;892.1;892.07;892.07;9.07;8088.08;892.08
06.01.2017 23:35;892.07;892.65;891.51;891.51;17.67;15763.6;891.94
06.01.2017 23:36;892.4;892.4;891.51;891.51;2.65;2362.06;891.51
06.01.2017 23:37;891.51;892.26;891.51;892.26;0.39;345.5;891.58
06.01.2017 23:38;891.51;891.51;891.51;891.51;0.35;312.03;891.51
06.01.2017 23:39;891.51;891.51;891.51;891.51;1.07;954;891.51
06.01.2017 23:40;891.28;892.56;891;892.56;33.46;29814.56;891.04
06.01.2017 23:41;890.61;892.48;890.21;890.21;20.39;18160.46;890.52
06.01.2017 23:42;890.22;890.58;890.21;890.58;0.62;550.5;890.37
06.01.2017 23:43;890.12;890.54;890.11;890.4;7.92;7050.39;890.2
06.01.2017 23:44;890.12;890.61;890.12;890.14;0.93;828.3;890.25
06.01.2017 23:45;890.14;891.79;888.67;891.79;10.13;9018.31;889.98
06.01.2017 23:46;890.61;891.78;889.53;891.78;0.4;357.41;890.57
06.01.2017 23:47;887.79;887.79;887.75;887.75;3.66;3252.26;887.75
06.01.2017 23:48;887.78;887.78;887.78;887.78;0.35;310.72;887.78
06.01.2017 23:49;888.12;891.99;888.12;891.99;0.99;884.85;890.5
06.01.2017 23:50;889.65;891.98;889.65;891.98;0.36;320.51;889.72
06.01.2017 23:51;889.86;891.98;889.86;891.95;5.43;4845.47;891.82
06.01.2017 23:52;891.95;891.96;891.95;891.95;1.16;1030.24;891.95
06.01.2017 23:53;890.32;895.78;890.32;895.55;35.2;31447.97;893.3
06.01.2017 23:54;892.09;895.42;892;894.37;8.62;7694.25;892.43
06.01.2017 23:55;892.26;894.46;892;892.54;13.06;11657.63;892.75
06.01.2017 23:56;892.24;894.41;892;892;16.84;15029.07;892.24
06.01.2017 23:57;891.3;894.34;891.3;894.34;0.44;393.97;891.8
06.01.2017 23:58;891.5;894.34;891.5;893.03;0.73;650.93;892.35
06.01.2017 23:59;894.43;894.46;893.89;893.89;43.29;38712.96;894.21
07.01.2017 00:00;894.02;895.5;894.02;895.5;0.36;324.55;894.07
07.01.2017 00:01;895.5;895.95;894.06;895.88;0.48;426.61;895.13
07.01.2017 00:02;892.52;892.78;892;892;50.35;44918.53;892.13
07.01.2017 00:03;892;892;891.57;891.64;0.7;624.14;891.63
07.01.2017 00:04;891.67;894.56;891.56;894.38;26.98;24059.92;891.7
07.01.2017 00:05;891.6;894.13;890.04;894.13;33.9;30209.49;891.14
07.01.2017 00:06;890.4;890.4;890.4;890.4;0.35;311.64;890.4
07.01.2017 00:07;890.65;893.46;890.2;890.37;12.74;11343.72;890.23
07.01.2017 00:08;0;0;0;0;0;0;0
07.01.2017 00:09;891.32;893.19;891.32;893.07;0.44;395.37;891.7
07.01.2017 00:10;890.01;892.96;890.01;890.03;1.62;1440.68;890.51
07.01.2017 00:11;890.13;894.19;890.13;894.19;0.47;415.05;891.06
07.01.2017 00:12;890.48;890.48;890.48;890.48;0.35;311.67;890.48
07.01.2017 00:13;890.68;890.68;890.04;890.04;1.18;1050.37;890.22
07.01.2017 00:14;890.12;893.45;890.12;890.59;0.72;638.44;890.43
07.01.2017 00:15;0;0;0;0;0;0;0
07.01.2017 00:16;890.71;893;890.71;891.22;0.73;648.68;891.04
07.01.2017 00:17;892.99;893;892.19;892.94;0.2;178.07;892.91
07.01.2017 00:18;891.24;892.99;890.51;892.11;4.81;4283.98;890.75
07.01.2017 00:19;892.99;892.99;892.99;892.99;0.04;35.72;892.99
07.01.2017 00:20;892.11;893.41;892.11;893.41;11.4;10187.44;893.31
07.01.2017 00:21;893;893.41;892.24;893.41;0.45;404.46;892.85
07.01.2017 00:22;892.03;893.4;892.02;893.4;0.38;339.01;892.14
07.01.2017 00:23;892.08;892.08;892.03;892.03;0.7;624.44;892.06
07.01.2017 00:24;893.4;893.4;893.4;893.4;0.14;128.65;893.4
07.01.2017 00:25;892.06;892.06;892.06;892.06;0.35;312.22;892.06
07.01.2017 00:26;892.23;895;892.23;895;32.35;28922.86;894.17
07.01.2017 00:27;894.87;896.07;894.87;895.09;11.22;10048.63;896
07.01.2017 00:28;896.77;896.77;896.77;896.77;0.07;62.77;896.77
07.01.2017 00:29;895.02;900.16;895;896.97;129.45;116454.62;899.59
07.01.2017 00:30;900.12;900.12;900.1;900.1;0.32;289.47;900.1
07.01.2017 00:31;897.26;900.13;897.26;900.13;0.39;346.72;897.53
07.01.2017 00:32;897.6;900.1;897.6;900.1;1.51;1362.15;899.51
07.01.2017 00:33;896.95;899.07;896.95;899.02;0.73;656.23;897.14
07.01.2017 00:34;897.19;897.19;896.79;896.79;0.39;347.96;896.8
07.01.2017 00:35;896.92;898.3;896.92;898.3;0.41;369.62;897.13
07.01.2017 00:36;898.3;898.32;896.72;896.72;14.41;12925.26;897.02
07.01.2017 00:37;895.59;896.45;893.51;896.45;4.96;4436.15;893.55
07.01.2017 00:38;893.76;893.76;891.92;893.73;19.75;17618.27;892.24
07.01.2017 00:39;892.1;892.1;892.1;892.1;0.35;312.24;892.1
07.01.2017 00:40;893.11;893.11;892.1;892.1;0.35;312.25;892.14
07.01.2017 00:41;892.1;892.13;890.52;890.52;3.88;3462.67;891.91
07.01.2017 00:42;890.52;893.1;890.52;891;0.82;729.61;891.01
07.01.2017 00:43;893.01;893.03;892.91;892.91;11.16;9965.5;893
07.01.2017 00:44;890.55;892.9;889.93;889.93;11.91;10603.34;890.23
07.01.2017 00:45;889.66;889.77;888.88;889.77;11.28;10035.61;889.59
07.01.2017 00:46;888.88;889.65;887.84;887.84;0.76;672.69;888.66
07.01.2017 00:47;887.86;887.86;885;885;115.48;102349.13;886.33
07.01.2017 00:48;885.92;886.08;885.92;886.07;7.72;6844.39;886.07
07.01.2017 00:49;886.09;888.69;886.09;886.87;0.87;767.17;886.9
07.01.2017 00:50;889.8;889.8;889.8;889.8;0.11;97.88;889.8
07.01.2017 00:51;888.56;888.56;888.56;888.56;0.35;311;888.56
07.01.2017 00:52;888.55;889;885.9;887.93;1.53;1357.31;888.1
07.01.2017 00:53;885.29;885.29;885.29;885.29;0.35;309.85;885.29
07.01.2017 00:54;884.69;886.08;884.69;885.93;0.47;418;885.03
07.01.2017 00:55;884.51;885.9;884.51;884.51;13.22;11689.63;884.56
07.01.2017 00:56;884.41;884.96;884.41;884.96;0.41;362.64;884.49
07.01.2017 00:57;884.41;884.94;884.41;884.94;1.53;1352.83;884.76
07.01.2017 00:58;884.44;886.54;884.44;886.47;0.41;364.35;884.75
07.01.2017 00:59;884.44;884.44;884.43;884.43;0.35;309.55;884.43
07.01.2017 01:00;884.53;886.75;884.43;884.45;0.72;635.96;884.5
07.01.2017 01:01;0;0;0;0;0;0;0
07.01.2017 01:02;884.41;884.41;884.41;884.41;0.7;619.09;884.41
07.01.2017 01:03;885.8;885.8;885.8;885.8;20;17716;885.8
07.01.2017 01:04;884.45;884.45;884.45;884.45;0.35;309.56;884.45
07.01.2017 01:05;885.12;886.84;885.12;886.84;11.9;10543.63;885.98
07.01.2017 01:06;886.84;886.84;886.84;886.84;0.7;620.79;886.84
07.01.2017 01:07;886.85;888.92;886.85;888.92;10.23;9075.73;886.86
07.01.2017 01:08;887.84;888.79;887.84;888.79;0.7;621.82;888.32
07.01.2017 01:09;889;889;889;889;0.03;26.71;889
07.01.2017 01:10;889.07;890;889.07;889.34;0.72;636.07;889.22
07.01.2017 01:11;890;892.29;890;892.29;11;9791.54;890
07.01.2017 01:12;890.15;890.25;890.13;890.25;9.29;8270.38;890.25
07.01.2017 01:13;888.93;891.97;888.88;891.81;3.89;3464.93;890.48
07.01.2017 01:14;889.17;891.69;889.17;891.32;0.43;383.43;889.63
07.01.2017 01:15;887.95;887.95;887.95;887.95;0.35;310.78;887.95
07.01.2017 01:16;888.25;888.33;888.25;888.25;0.47;419.85;888.26
07.01.2017 01:17;887.97;887.97;887.97;887.97;0.35;310.79;887.97
07.01.2017 01:18;887.88;887.88;887.88;887.88;0.35;310.76;887.88
07.01.2017 01:19;888.05;889.71;888.05;889.71;0.39;344.63;888.21
07.01.2017 01:20;888.86;891.27;888.86;891.27;0.39;344.08;889.09
07.01.2017 01:21;889.51;889.51;889.51;889.51;0.35;311.33;889.51
07.01.2017 01:22;888.76;891.16;888.76;891.16;0.37;332.45;888.91
07.01.2017 01:23;888.96;888.96;888.58;888.58;0.7;622.14;888.77
07.01.2017 01:24;0;0;0;0;0;0;0
07.01.2017 01:25;888.3;889.97;888.3;889.97;1.42;1267;889.56
07.01.2017 01:26;888.89;889.96;888.89;889.96;0.46;410.87;889.15
07.01.2017 01:27;889.05;889.99;889.05;889.34;11.05;9836.63;889.94
07.01.2017 01:28;889.99;890;889.99;890;1.21;1080.55;889.99
07.01.2017 01:29;890.66;895;890.66;890.95;75.79;67792.74;894.48
07.01.2017 01:30;894.73;895.99;894.73;895.99;17.6;15748.86;894.89
07.01.2017 01:31;895.01;895.97;895;895.02;0.75;671.31;895.08
07.01.2017 01:32;895.97;895.97;895;895;18.23;16314.39;895.15
07.01.2017 01:33;895;895;890.67;890.67;26.98;24035.38;890.93
07.01.2017 01:34;890.49;890.56;890.49;890.49;20.35;18121.97;890.51
07.01.2017 01:35;890.49;890.49;890.49;890.49;0.7;623.34;890.49
07.01.2017 01:36;891;892.65;891;892.65;1.12;1000.31;891.91
07.01.2017 01:37;890.5;891.97;890.49;891.97;0.4;358.22;890.67
07.01.2017 01:38;890.52;891.75;890.52;891.62;1.2;1071.24;891.39
07.01.2017 01:39;890.68;892.46;890.68;892.46;7.01;6252.63;892.2
07.01.2017 01:40;891.5;892.72;891.5;891.67;0.9;804.3;891.68
07.01.2017 01:41;890.53;890.53;890.49;890.49;10.94;9745.42;890.49
07.01.2017 01:42;890.53;890.53;888.68;889.01;0.7;622.21;888.87
07.01.2017 01:43;0;0;0;0;0;0;0
07.01.2017 01:44;888.74;888.74;888.74;888.74;0.35;311.06;888.74
07.01.2017 01:45;889.71;891.48;889.71;891.48;4.35;3877.28;891.33
07.01.2017 01:46;890;890;888.67;888.67;22.17;19716.18;889.14
07.01.2017 01:47;887;888.23;886.64;888.06;0.46;409.81;887.04
07.01.2017 01:48;886.64;886.64;883.63;883.63;37.28;32973.3;884.4
07.01.2017 01:49;883.63;883.63;878.21;879;90.77;79935.18;880.67
07.01.2017 01:50;879.51;879.51;875;875;115.95;101613.5;876.35
07.01.2017 01:51;875;875;864.76;864.76;244.37;212675.45;870.31
07.01.2017 01:52;864.6;867.88;863.51;866.28;98.41;85035.25;864.06
07.01.2017 01:53;866;866.01;858;858;146.62;126239.71;860.98
07.01.2017 01:54;857.31;864.6;856.42;864.6;42.84;36854.72;860.2
07.01.2017 01:55;863.65;867.51;863.65;867.51;21.4;18524.66;865.64
07.01.2017 01:56;866.85;871.67;864.74;864.87;26.95;23486.21;871.37
07.01.2017 01:57;867.99;873.06;867.99;873.06;28.34;24681.69;870.86
07.01.2017 01:58;868.84;868.84;867.04;867.04;1.14;993.95;868.76
07.01.2017 01:59;864.98;865.45;864.98;865.03;1.91;1654.71;865.02
07.01.2017 02:00;864.61;865.79;864.61;865.03;10.8;9339.65;865.08
07.01.2017 02:01;862.63;866.53;862.63;864.43;4.15;3590.51;865.32
07.01.2017 02:02;862.63;863;862.63;863;0.47;401.67;862.72
07.01.2017 02:03;861.64;862.4;860.7;862.4;0.75;648.6;861.3
07.01.2017 02:04;861.52;862.33;857;857;9.77;8382.69;857.65
07.01.2017 02:05;856.49;861.26;856.36;858.39;16.87;14487.46;858.68
07.01.2017 02:06;857;860.33;857;860.21;0.85;728.8;858.95
07.01.2017 02:07;857.1;857.1;857;857;16.66;14281.48;857
07.01.2017 02:08;856.21;856.21;853;854;103.78;88691.55;854.6
07.01.2017 02:09;853.16;853.16;853;853;35.05;29895.02;853
07.01.2017 02:10;852.64;853.27;848.51;848.51;255;216850.06;850.4
07.01.2017 02:11;848.24;848.24;844.62;847.7;115.85;98039.18;846.25
07.01.2017 02:12;845.48;850;845.48;850;26.67;22656.76;849.48
07.01.2017 02:13;849.36;854.13;849.36;850.36;98;83456.76;851.58
07.01.2017 02:14;854.07;857.15;853.96;857.15;34.88;29786.32;854.07
07.01.2017 02:15;852.49;859.26;852.48;853.07;14.04;11990.58;854.11
07.01.2017 02:16;853.07;857.25;853.02;854.49;2.64;2258.34;856.95
07.01.2017 02:17;853.02;854.18;850.02;850.02;12.5;10665.5;852.99
07.01.2017 02:18;850.02;850.02;844.08;846.32;25.84;21884.38;847.02
07.01.2017 02:19;845.01;846.28;843.25;843.25;4.46;3767.78;844.43
07.01.2017 02:20;843.24;843.93;843;843.9;5.11;4312.12;843.68
07.01.2017 02:21;843.04;843.75;840.81;840.81;49.42;41616.15;842.02
07.01.2017 02:22;840.57;840.57;837.46;838;192.37;161550.2;839.79
07.01.2017 02:23;837.46;839.89;836;839.6;14.34;12009.66;837.64
07.01.2017 02:24;839.69;840;839.6;839.6;27.71;23277.14;839.96
07.01.2017 02:25;839.6;839.69;830;831.75;165.85;138315.5;833.99
07.01.2017 02:26;831.75;832.21;830;830;184.78;153399.7;830.17
07.01.2017 02:27;830;831.26;830;830;119.36;99072.8;830
07.01.2017 02:28;830;830.01;828;828;34.34;28476.4;829.35
07.01.2017 02:29;828;830.08;827.94;830.08;74.97;62174.46;829.28
07.01.2017 02:30;830;841.99;829.72;841.34;157.75;132407.77;839.35
07.01.2017 02:31;840.02;841.36;840.02;840.03;54.1;45455.2;840.16
07.01.2017 02:32;840.11;846.29;838.49;838.49;125.37;105765.35;843.63
07.01.2017 02:33;838.49;844.03;838.49;842.41;3.77;3174.79;842.14
07.01.2017 02:34;841.33;845.95;841.33;845.89;5.39;4548.31;844.3
07.01.2017 02:35;843.61;845.89;839.81;839.81;13.51;11376.43;842.33
07.01.2017 02:36;838.65;844.01;838.62;838.62;37.54;31562.47;840.73
07.01.2017 02:37;838.59;846.03;838.55;844;41.5;34944.46;842.11
07.01.2017 02:38;846.01;848.19;845.91;845.91;0.41;345.7;846.11
07.01.2017 02:39;844;850;844;847.96;42.11;35748.13;848.97
07.01.2017 02:40;847.95;848.99;845.25;845.38;4.95;4194.5;847.2
07.01.2017 02:41;845.39;849;845.39;849;0.78;664.3;846.71
07.01.2017 02:42;848.99;849;846.06;847.58;2.9;2459.64;848.54
07.01.2017 02:43;847.58;847.58;843.88;843.88;20.09;16971.86;844.76
07.01.2017 02:44;845;849.34;843.88;843.88;28.45;24066.83;845.88
07.01.2017 02:45;843.88;844.88;838.03;839.67;9.34;7866.85;842.13
07.01.2017 02:46;840.01;842.51;836.98;838.03;23.47;19749.55;841.65
07.01.2017 02:47;841.76;844.48;841.76;844.48;10;8422.73;842.27
07.01.2017 02:48;838.48;838.48;838.48;838.48;0.35;293.47;838.48
07.01.2017 02:49;840.8;840.81;839;839.07;5.46;4583.35;840.12
07.01.2017 02:50;841.41;843.71;841.41;843.71;0.69;578.4;842.49
07.01.2017 02:51;842.37;849.32;842.37;849.32;21.01;17800.24;847.28
07.01.2017 02:52;845.23;850.39;845.23;849.33;5.93;5033.93;849.57
07.01.2017 02:53;849.49;849.49;849.49;849.49;1.45;1232.24;849.49
07.01.2017 02:54;851.95;852.8;851.95;852.8;57.24;48772.96;852.1
07.01.2017 02:55;849.99;852.4;848.13;848.75;22.72;19310.58;849.98
07.01.2017 02:56;848.79;851.9;848.79;851.9;1.44;1223.68;849.87
07.01.2017 02:57;846.68;850.73;846.49;846.49;1.15;975.23;848.09
07.01.2017 02:58;846.49;846.49;846.49;846.49;0.1;84.65;846.49
07.01.2017 02:59;846.47;848.67;846.47;846.72;4.64;3930.23;847.73
07.01.2017 03:00;849.8;849.8;848.21;848.21;11.08;9398.55;848.21
07.01.2017 03:01;848.26;848.26;846.43;846.45;5.89;4988.52;846.88
07.01.2017 03:02;847.92;850;847.92;850;27.39;23272.73;849.71
07.01.2017 03:03;850.04;852.74;850.04;852.74;0.7;596.76;851.39
07.01.2017 03:04;851.07;853;851.07;853;0.86;735.82;852.22
07.01.2017 03:05;852.99;853;850.1;850.14;24.38;20778.34;852.16
07.01.2017 03:06;850.2;852.96;850.2;852.96;1.35;1151.41;852.24
07.01.2017 03:07;850.55;852.96;850.55;852.96;3.34;2844.06;851.99
07.01.2017 03:08;848.51;853;847.99;848;62.88;53589.28;852.26
07.01.2017 03:09;850.91;850.91;848.12;848.2;6.04;5130.29;849.77
07.01.2017 03:10;848.31;851.39;848.31;848.55;0.82;696.44;848.86
07.01.2017 03:11;850.77;850.77;848;848;10.59;8988.32;848.53
07.01.2017 03:12;848.01;850.4;845.88;845.89;37.57;31881.23;848.59
07.01.2017 03:13;845.88;845.92;843.31;845.92;11.1;9381.03;844.96
07.01.2017 03:14;843.5;844.92;842.99;842.99;6.38;5378.45;843.38
07.01.2017 03:15;842.06;844.82;838;838.12;14.34;12049.06;840.46
07.01.2017 03:16;838.15;840.05;838;838.03;4.03;3377.25;838.36
07.01.2017 03:17;841.55;841.55;841.55;841.55;0.01;12.2;841.55
07.01.2017 03:18;838.01;841.82;836.9;841.82;3.67;3074.07;838.74
07.01.2017 03:19;837.03;837.04;837;837;1.32;1104.86;837.02
07.01.2017 03:20;837.05;838.81;833.91;833.91;34.34;28730.24;836.73
07.01.2017 03:21;833.91;835.08;833.61;833.61;10.36;8643.15;833.9
07.01.2017 03:22;834.62;838;834.62;836.01;9.12;7619.09;835.4
07.01.2017 03:23;836;836;833.63;834.11;4.28;3577.36;835.7
07.01.2017 03:24;833.63;834.05;833.63;833.7;3.68;3069.05;833.98
07.01.2017 03:25;833.72;834.03;832;832;38.55;32094.23;832.56
07.01.2017 03:26;832;833.5;832;833.5;8.55;7126.21;833.43
07.01.2017 03:27;833.5;833.5;830;831;104.78;87058.4;830.85
07.01.2017 03:28;831;831.63;829;829;36.92;30657.58;830.45
07.01.2017 03:29;831.21;831.21;827.5;827.51;30.75;25473.03;828.42
07.01.2017 03:30;827.51;827.51;826.9;827;49.31;40782.01;827.11
07.01.2017 03:31;826.9;827.87;826.15;827.77;84.41;69812.65;827.07
07.01.2017 03:32;826.16;827.72;825.48;825.49;4.12;3405.4;826.19
07.01.2017 03:33;825.49;827.72;825;825;20.78;17156.38;825.47
07.01.2017 03:34;825;827;825;826.53;34.88;28835.15;826.69
07.01.2017 03:35;826;831.39;825.01;831.11;7.83;6470.19;826.56
07.01.2017 03:36;828.03;831.08;828.03;829.61;8.87;7359.19;829.83
07.01.2017 03:37;829.65;831.55;829.6;830.22;13.58;11269.69;830.11
07.01.2017 03:38;831.56;833.34;831.56;833.02;0.47;393.4;833.02
07.01.2017 03:39;833.02;834.05;833.02;833.17;3.41;2844.2;833.62
07.01.2017 03:40;833.17;834.04;833.17;834.04;2.69;2245.62;833.51
07.01.2017 03:41;833.02;838.2;833.01;838.1;14.35;12022.54;837.81
07.01.2017 03:42;834.03;835.03;830.03;831.84;6.24;5202.36;833.78
07.01.2017 03:43;830.24;831.92;830.24;831.84;0.4;329.67;830.43
07.01.2017 03:44;831.84;831.84;827.54;831.36;5.62;4664.36;829.54
07.01.2017 03:45;828.55;831.3;827;827;31.8;26306.98;827.2
07.01.2017 03:46;828.33;828.33;827;827;2.97;2456.22;827.01
07.01.2017 03:47;828.31;828.32;828.31;828.32;0.4;331.33;828.31
07.01.2017 03:48;827.67;828.32;827.67;827.96;1.15;952.7;827.91
07.01.2017 03:49;827.51;828.32;827.09;828.32;0.13;108.59;827.31
07.01.2017 03:50;827.17;828.34;827.17;828.14;7.5;6210.58;827.64
07.01.2017 03:51;828.19;832.94;828.19;829.93;18.9;15691.7;830.4
07.01.2017 03:52;832.85;832.96;829.96;830.27;8.07;6709.08;831.52
07.01.2017 03:53;830.28;836.49;830.28;833.63;14.11;11760.67;833.74
07.01.2017 03:54;833.71;838.73;833.71;833.79;61.77;51498.96;833.78
07.01.2017 03:55;834.09;840.01;833.07;840.01;28.65;23992.28;837.52
07.01.2017 03:56;840;841.63;840;841;126.27;106144.72;840.62
07.01.2017 03:57;840;840.01;840;840;31.89;26785.79;840
07.01.2017 03:58;840;840;840;840;41.21;34612.98;840
07.01.2017 03:59;840;842.03;840;842.01;84.63;71203.77;841.35
07.01.2017 04:00;842.01;842.01;835.87;835.94;49.64;41746.69;840.99
07.01.2017 04:01;839.95;839.95;836.01;838.13;2.9;2427.54;837.9
07.01.2017 04:02;838.14;841.94;838.14;840.2;39.47;33138.14;839.68
07.01.2017 04:03;840.9;840.94;834.1;840.74;80.33;67391.26;838.95
07.01.2017 04:04;840.19;841.98;836.53;838.42;6.43;5395.3;839.06
07.01.2017 04:05;838.4;841.56;838.4;838.46;8.44;7081.25;838.91
07.01.2017 04:06;840.85;840.85;840.85;840.85;0.03;25.71;840.85
07.01.2017 04:07;838.56;842.02;835.36;842;105.16;88370.14;840.33
07.01.2017 04:08;838.24;838.56;838.24;838.56;14.77;12387.79;838.55
07.01.2017 04:09;838.67;839.04;836.03;836.03;8.92;7470.65;837.3
07.01.2017 04:10;836.04;839.57;835.03;835.03;11.92;9971.89;836.63
07.01.2017 04:11;835.03;836.29;833.51;833.54;13.32;11113.77;834.68
07.01.2017 04:12;833.82;835.61;833.53;835.61;25.66;21401.9;833.98
07.01.2017 04:13;834.01;834.02;833.04;833.04;57.7;48122.2;834.01
07.01.2017 04:14;834;834.69;832.05;834;52.45;43678.35;832.79
07.01.2017 04:15;832.93;832.98;830.28;830.28;82.59;68735;832.24
07.01.2017 04:16;831.04;834.14;831.04;834.14;4.17;3468.17;832.37
07.01.2017 04:17;833;834.11;833;833.28;1.89;1577.05;833.15
07.01.2017 04:18;833.05;833.89;831.06;831.06;40.67;33875.32;832.97
07.01.2017 04:19;831;832.4;831;831;2.11;1754.03;831.07
07.01.2017 04:20;831.01;832.55;830.1;830.1;22.48;18662.73;830.28
07.01.2017 04:21;830.96;830.97;827;827.51;62.08;51510.14;829.69
07.01.2017 04:22;827.51;827.51;827;827;25.61;21179.35;827.02
07.01.2017 04:23;827;827.48;827;827;25.43;21033.08;827.19
07.01.2017 04:24;827.1;827.46;827;827;35.46;29326.67;827
07.01.2017 04:25;827;827.1;827;827;35.43;29302.85;827.04
07.01.2017 04:26;827;827;825;826.96;61.91;51115.38;825.58
07.01.2017 04:27;825.21;826.69;825.21;825.29;20.45;16881.04;825.59
07.01.2017 04:28;825.01;827.09;825.01;827.09;0.78;643.64;825.18
07.01.2017 04:29;825.01;826.98;825;825.08;7.77;6415.05;825.1
07.01.2017 04:30;825.08;826.51;825.01;825.08;41.51;34248.79;825.1
07.01.2017 04:31;825.08;825.08;823.67;823.67;101.48;83693.55;824.76
07.01.2017 04:32;823.67;823.67;823;823.01;43.46;35774.15;823.24
07.01.2017 04:33;823.01;823.01;821.25;821.25;47.34;38929.93;822.35
07.01.2017 04:34;821.25;823.27;821.22;823.27;81.37;66948.68;822.76
07.01.2017 04:35;823.27;823.99;823;823.89;26.44;21773.87;823.39
07.01.2017 04:36;823.91;825.29;823.91;825.29;5.72;4714.89;824.01
07.01.2017 04:37;824;824.01;824;824.01;3.56;2937.4;824.01
07.01.2017 04:38;824;824.01;824;824;2.7;2225.72;824.01
07.01.2017 04:39;824.01;824.01;824.01;824.01;6.96;5736.14;824.01
07.01.2017 04:40;824;824.01;824;824.01;5.4;4451.83;824
07.01.2017 04:41;824.01;826.09;824.01;826.04;0.72;593.49;825.05
07.01.2017 04:42;826.05;831;826.05;831;6.64;5500.33;828.31
07.01.2017 04:43;830.34;832.81;830.33;830.33;6.2;5149.27;831.07
07.01.2017 04:44;831.89;834.17;831.88;834.17;14.64;12185.82;832.28
07.01.2017 04:45;832.25;835.13;832.22;835.13;11.91;9916.14;832.51
07.01.2017 04:46;834.44;835.84;834.44;835.84;2.3;1919.37;835.4
07.01.2017 04:47;833.81;835.64;832.06;832.22;1.66;1387.76;834.36
07.01.2017 04:48;832.34;836.82;832.34;836.4;10.68;8923.38;835.42
07.01.2017 04:49;837.78;839.89;837.78;839.89;0.36;305.95;839.81
07.01.2017 04:50;837.15;837.33;837.13;837.32;3.09;2589.22;837.31
07.01.2017 04:51;837.27;837.29;836.11;837.27;6.4;5356.3;836.92
07.01.2017 04:52;833.72;835.41;833.72;835.41;2.35;1962.62;835.16
07.01.2017 04:53;834.04;840;834.04;839.71;12.74;10692.56;839.1
07.01.2017 04:54;839.73;839.91;839.73;839.91;0.48;402.72;839.87
07.01.2017 04:55;839.96;841.85;836.4;841.85;10.37;8697.55;838.32
07.01.2017 04:56;840.3;841.77;837.32;837.32;1.83;1532.62;838.5
07.01.2017 04:57;837.5;840.96;837.5;840.96;3.17;2668;840.58
07.01.2017 04:58;836.77;837.19;836.77;837.18;50.39;42189.03;837.18
07.01.2017 04:59;837.2;837.2;836.48;836.74;1.76;1472.88;836.67
07.01.2017 05:00;837.48;840.64;837.04;837.04;10.08;8459.42;838.96
07.01.2017 05:01;837.06;841;837.06;837.42;49.9;41947.96;840.61
07.01.2017 05:02;837.57;837.7;837.57;837.7;0.41;345.12;837.68
07.01.2017 05:03;839.86;839.86;839.86;839.86;1.7;1426.37;839.86
07.01.2017 05:04;838;841.12;838;839.04;10.75;9016.31;839.09
07.01.2017 05:05;839.04;840.94;839;839.31;0.65;547.04;839.82
07.01.2017 05:06;839.37;840.56;839.37;839.52;25.37;21295.08;839.53
07.01.2017 05:07;839.01;839.52;839.01;839.06;27.13;22778.87;839.51
07.01.2017 05:08;842;844.12;842;844;28.05;23670.68;843.92
07.01.2017 05:09;844.15;849.36;844.15;846.18;19.26;16298.49;846.39
07.01.2017 05:10;846.28;849.34;846.27;849.34;1.54;1305.53;847.8
07.01.2017 05:11;849.34;849.96;847.09;847.11;18.02;15293.53;848.69
07.01.2017 05:12;845.05;849.85;845.05;848.99;17.85;15141.65;848.1
07.01.2017 05:13;845.54;845.54;845.01;845.17;3.52;2974.67;845.08
07.01.2017 05:14;846.08;847.96;841.23;841.36;13.47;11337.1;841.81
07.01.2017 05:15;841.37;841.37;841.3;841.34;0.78;658.36;841.35
07.01.2017 05:16;845.52;845.52;841.66;844.62;15.02;12697.53;845.32
07.01.2017 05:17;841.84;841.88;841.17;841.17;32.06;26986.34;841.78
07.01.2017 05:18;841.09;841.09;840.76;840.76;17.49;14704.87;840.91
07.01.2017 05:19;839.01;839.01;839.01;839.01;0.35;293.65;839.01
07.01.2017 05:20;839.02;839.13;835.26;835.26;5.75;4826.69;838.89
07.01.2017 05:21;0;0;0;0;0;0;0
07.01.2017 05:22;836.51;836.51;836.51;836.51;0.35;292.78;836.51
07.01.2017 05:23;837.63;837.63;837.63;837.63;0.35;293.17;837.63
07.01.2017 05:24;836.37;839.05;836.37;837.68;5.24;4388.83;837.62
07.01.2017 05:25;837.67;837.67;836.41;836.41;5.93;4966.94;837.6
07.01.2017 05:26;836.43;839.86;836.43;839.86;0.32;271.29;836.6
07.01.2017 05:27;836.71;839.13;834.46;834.46;6.85;5719.4;834.99
07.01.2017 05:28;835.01;835.01;834.68;834.68;1.2;1001.28;834.95
07.01.2017 05:29;834.79;835;834.72;835;5.73;4784.49;834.73
07.01.2017 05:30;835;835;834;834;5.71;4761.37;834.08
07.01.2017 05:31;834.95;835;834;834;7.24;6041.14;834.73
07.01.2017 05:32;834;836.85;834;834.09;0.53;445.1;834.29
07.01.2017 05:33;835;837.79;835;837.79;4.76;3990.18;837.59
07.01.2017 05:34;835.01;835.01;835.01;835.01;0.35;292.25;835.01
07.01.2017 05:35;834.04;834.04;834;834;10.35;8632.07;834.02
07.01.2017 05:36;834;834.65;834;834.65;0.75;629.08;834.34
07.01.2017 05:37;0;0;0;0;0;0;0
07.01.2017 05:38;834.65;838;834.65;838;19.84;16614.85;837.48
07.01.2017 05:39;837.31;841.09;837.31;840.15;5.02;4209.61;838.41
07.01.2017 05:40;841.09;843.62;841.09;843.62;3.5;2949.69;843.6
07.01.2017 05:41;840.35;840.35;840.35;840.35;0.35;294.12;840.35
07.01.2017 05:42;840.4;840.4;840.25;840.25;0.35;294.12;840.35
07.01.2017 05:43;839.3;839.3;839.3;839.3;0.35;293.76;839.3
07.01.2017 05:44;840;841.48;835.48;835.48;10.38;8675.01;835.98
07.01.2017 05:45;835.48;841.02;835.48;841.02;5.1;4289.74;840.64
07.01.2017 05:46;836.79;836.79;836.78;836.78;0.35;292.87;836.78
07.01.2017 05:47;836.64;836.64;836.34;836.34;0.7;585.54;836.49
07.01.2017 05:48;836.36;838.76;836.04;838.76;5.12;4279.58;836.13
07.01.2017 05:49;834.65;835;834.58;834.58;0.7;584.23;834.61
07.01.2017 05:50;837.75;837.75;834.52;834.52;0.36;297.9;834.58
07.01.2017 05:51;0;0;0;0;0;0;0
07.01.2017 05:52;834.42;834.47;834.42;834.47;0.7;584.11;834.45
07.01.2017 05:53;834.57;834.57;834.57;834.57;1.1;918.03;834.57
07.01.2017 05:54;834.65;835.43;834;834;10.35;8642.97;835.07
07.01.2017 05:55;834;837;834;834.01;0.7;583.83;834.05
07.01.2017 05:56;834.01;834.45;834;834;17.05;14216.74;834
07.01.2017 05:57;833.66;833.95;829.99;829.99;35.88;29841.87;831.72
07.01.2017 05:58;829.86;829.86;827.62;827.62;20.37;16895.04;829.29
07.01.2017 05:59;0;0;0;0;0;0;0
07.01.2017 06:00;827.62;827.71;827.62;827.71;1.73;1429.42;827.69
07.01.2017 06:01;827.84;827.9;825.44;825.44;19.47;16111.48;827.57
07.01.2017 06:02;825.44;827.37;825.44;827.37;2;1652.81;826.41
07.01.2017 06:03;825.45;827.2;825.45;827.2;1.15;953.43;826.22
07.01.2017 06:04;825.76;825.78;825.44;825.44;1.62;1339.03;825.75
07.01.2017 06:05;825.43;828.75;825.43;827;12.3;10174.94;827.05
07.01.2017 06:06;827.05;828.77;827.04;828.77;2.6;2151.81;828.54
07.01.2017 06:07;829.47;831.37;829.01;829.01;3.41;2836.07;830.9
07.01.2017 06:08;831.42;831.42;831.33;831.33;0.02;13.32;831.39
07.01.2017 06:09;830.11;830.66;828.17;828.17;24.07;19963.15;829.27
07.01.2017 06:10;829.22;829.95;828.39;829.59;0.84;696.59;829.28
07.01.2017 06:11;829.95;830;829.95;830;5.61;4659.65;829.99
07.01.2017 06:12;830.01;830.01;830;830;0.35;290.5;830.01
07.01.2017 06:13;829.63;831.09;829.61;829.61;0.87;722.35;829.91
07.01.2017 06:14;0;0;0;0;0;0;0
07.01.2017 06:15;829.61;829.61;825.43;827.41;13.87;11476.76;827.66
07.01.2017 06:16;825.44;827.29;825.44;825.44;2.46;2037.55;826.74
07.01.2017 06:17;827.17;827.17;827.17;827.17;0.24;198.28;827.17
07.01.2017 06:18;827.18;827.18;827.18;827.18;0.35;289.51;827.18
07.01.2017 06:19;827.28;830.61;827.28;830.61;0.56;468.13;828.55
07.01.2017 06:20;830.66;831.09;827.66;827.66;19.35;16074.65;830.86
07.01.2017 06:21;827.86;827.88;827.86;827.88;2.78;2305.57;827.87
07.01.2017 06:22;827.17;827.17;825.48;825.48;0.35;289.26;826.47
07.01.2017 06:23;825.87;828.71;825.87;828.09;1.13;932.97;827.64
07.01.2017 06:24;0;0;0;0;0;0;0
07.01.2017 06:25;828.57;832.55;828.12;832.55;10.51;8703.77;828.4
07.01.2017 06:26;828.11;828.29;828.11;828.29;0.7;579.74;828.2
07.01.2017 06:27;0;0;0;0;0;0;0
07.01.2017 06:28;829.35;829.35;829.35;829.35;0.35;290.27;829.35
07.01.2017 06:29;828.16;828.54;828.16;828.54;0.7;579.85;828.35
07.01.2017 06:30;829.48;829.48;829.48;829.48;0.18;149.39;829.48
07.01.2017 06:31;828.77;828.77;827.11;827.11;0.73;600.32;827.97
07.01.2017 06:32;828.75;828.77;828.42;828.42;21.34;17685.37;828.76
07.01.2017 06:33;828.77;830;828.77;830;1.83;1514.24;829.45
07.01.2017 06:34;830.73;832.2;830.73;832.13;11.35;9443.31;832.01
07.01.2017 06:35;832.21;836;832.21;833.7;6.23;5206.75;835.53
07.01.2017 06:36;833.94;833.94;833.94;833.94;3;2501.82;833.94
07.01.2017 06:37;834.03;834.33;834.03;834.33;0.7;583.93;834.18
07.01.2017 06:38;834.41;834.63;834.41;834.63;0.54;454.36;834.55
07.01.2017 06:39;835.99;836;834.98;836;20.2;16882.27;835.76
07.01.2017 06:40;835.01;836;835.01;836;0.45;375.05;835.23
07.01.2017 06:41;835.2;836;835.2;835.38;0.92;772.18;835.33
07.01.2017 06:42;836;836.08;836;836.08;0.45;379.46;836.07
07.01.2017 06:43;834.46;836.37;834.46;836.37;2.78;2322.56;834.62
07.01.2017 06:44;834.48;836.42;831.14;831.32;19.62;16357.61;833.53
07.01.2017 06:45;832.04;836.2;830.61;832.01;50.91;42339.35;831.71
07.01.2017 06:46;832.01;832.01;832.01;832.01;0.35;291.2;832.01
07.01.2017 06:47;832.01;832.01;828.45;828.45;0.7;581.28;830.4
07.01.2017 06:48;0;0;0;0;0;0;0
07.01.2017 06:49;829.4;834.18;829.4;834.18;6.68;5572.09;833.83
07.01.2017 06:50;828.55;833.7;828.55;828.62;7.48;6200.27;828.63
07.01.2017 06:51;828.7;828.7;828.69;828.7;0.61;503.1;828.7
07.01.2017 06:52;828.68;832.82;828.68;832.82;27.45;22858.46;832.77
07.01.2017 06:53;828.87;828.87;828.87;828.87;0.35;290.1;828.87
07.01.2017 06:54;829.72;833.69;829.72;831.07;31.65;26360.71;832.76
07.01.2017 06:55;831.07;831.44;831.07;831.43;5.7;4739.49;831.42
07.01.2017 06:56;829.06;830.03;825.52;825.52;19.33;16002.89;827.73
07.01.2017 06:57;825.52;825.52;825.51;825.51;0.7;577.86;825.51
07.01.2017 06:58;825.81;825.81;825.81;825.81;0.35;289.03;825.81
07.01.2017 06:59;827.21;827.21;827.21;827.21;0.19;153.94;827.21
07.01.2017 07:00;825.83;825.83;825.83;825.83;0.35;289.04;825.83
07.01.2017 07:01;825.8;828.26;825.8;826.11;3.91;3237.63;827.18
07.01.2017 07:02;0;0;0;0;0;0;0
07.01.2017 07:03;826.29;826.37;826.29;826.37;0.4;331.98;826.3
07.01.2017 07:04;826.46;826.47;826.19;826.19;12.14;10028.38;826.23
07.01.2017 07:05;826.28;826.28;826.06;826.06;21.35;17641;826.28
07.01.2017 07:06;826.06;826.06;826.06;826.06;2;1651.29;826.06
07.01.2017 07:07;826.06;826.06;820;823.38;338.5;278178.63;821.79
07.01.2017 07:08;824.9;824.9;823.47;823.47;5.68;4687.53;824.77
07.01.2017 07:09;823.93;831;823.93;831;108.9;90309.56;829.26
07.01.2017 07:10;826.52;826.52;826.51;826.51;0.35;289.28;826.52
07.01.2017 07:11;828.45;828.94;826.37;826.56;0.77;638.38;828.22
07.01.2017 07:12;829.26;829.26;829.26;829.26;0.01;8.29;829.26
07.01.2017 07:13;829.26;830.87;827.01;830.87;0.47;389.64;828.91
07.01.2017 07:14;827.45;830.87;824.68;824.68;12.74;10521.94;825.9
07.01.2017 07:15;826.85;826.85;826.85;826.85;0.7;578.79;826.85
07.01.2017 07:16;0;0;0;0;0;0;0
07.01.2017 07:17;826.85;830;826.85;830;0.72;596.94;828.47
07.01.2017 07:18;826.85;826.85;826.85;826.85;0.7;578.79;826.85
07.01.2017 07:19;0;0;0;0;0;0;0
07.01.2017 07:20;827.22;827.22;826.97;826.97;0.85;703.01;827.07
07.01.2017 07:21;827.04;827.04;826.85;826.85;1.7;1405.75;826.91
07.01.2017 07:22;824.34;824.34;824.34;824.34;0.09;72.87;824.34
07.01.2017 07:23;824.74;824.94;824.74;824.82;9.9;8163.9;824.9
07.01.2017 07:24;825;825;823.67;823.67;10.35;8530.93;824.24
07.01.2017 07:25;825.01;825.01;823.37;823.38;16.91;13949.74;824.92
07.01.2017 07:26;0;0;0;0;0;0;0
07.01.2017 07:27;823.37;824.83;823.37;824.83;0.77;633.79;824.17
07.01.2017 07:28;823.4;825.97;823.4;824.83;0.48;394.85;824.04
07.01.2017 07:29;823.39;826.97;823.37;823.4;0.78;644.45;823.86
07.01.2017 07:30;0;0;0;0;0;0;0
07.01.2017 07:31;823.43;823.43;823.43;823.43;0.35;288.2;823.43
07.01.2017 07:32;823.93;825.15;823.93;825.15;22.54;18596.32;825.04
07.01.2017 07:33;825.15;825.6;824.01;824.01;4;3300.01;825
07.01.2017 07:34;824.7;828.75;824.7;828.75;4.85;4008.96;826.94
07.01.2017 07:35;827.59;829.07;826.31;828.34;14.61;12092.32;827.62
07.01.2017 07:36;829.23;830;829.21;829.68;18.87;15656;829.65
07.01.2017 07:37;829.7;830.49;829.7;830.34;9.81;8142.87;830.06
07.01.2017 07:38;830.35;832.02;830;832.02;7.14;5931.06;831.14
07.01.2017 07:39;832.68;833.75;831.02;831.6;8.65;7207.55;832.9
07.01.2017 07:40;830.57;830.57;830.57;830.57;0.08;62.29;830.57
07.01.2017 07:41;832.5;832.89;832.5;832.69;0.92;768.36;832.67
07.01.2017 07:42;832.5;832.5;832.5;832.5;0.65;541.13;832.5
07.01.2017 07:43;830.11;832.61;830.11;832.61;0.97;805.41;831.7
07.01.2017 07:44;832.61;832.61;832.6;832.6;4.02;3351.11;832.61
07.01.2017 07:45;830.63;833.1;830;833.1;10.61;8810.94;830.62
07.01.2017 07:46;830.01;833.51;830.01;833.51;1.34;1111.78;830.24
07.01.2017 07:47;833;833;830.01;830.01;0.9;747.49;831.83
07.01.2017 07:48;830.01;830.01;830.01;830.01;0.35;290.5;830.01
07.01.2017 07:49;830.01;830.01;830.01;830.01;0.67;559.14;830.01
07.01.2017 07:50;830.01;831.45;830.01;830.01;0.91;754.24;830.31
07.01.2017 07:51;830.03;830.03;830.03;830.03;0.35;290.51;830.03
07.01.2017 07:52;0;0;0;0;0;0;0
07.01.2017 07:53;830.03;831;830.03;831;0.38;311.29;830.09
07.01.2017 07:54;830.33;830.33;830;830;10.33;8570.04;830.03
07.01.2017 07:55;830;830.31;830;830;1.22;1014.88;830.03
07.01.2017 07:56;828.33;829.83;825.03;829.82;7.11;5876.77;826.87
07.01.2017 07:57;824.14;824.14;824.14;824.14;0.35;288.45;824.14
07.01.2017 07:58;824.35;825;824.34;825;0.7;577.27;824.67
07.01.2017 07:59;828;830;828;829.91;41;34029.52;829.89
07.01.2017 08:00;825.63;828.17;825.63;825.93;0.4;326.99;825.72
07.01.2017 08:01;827.18;827.49;827.18;827.49;0.7;579.13;827.34
07.01.2017 08:02;829.01;829.9;829.01;829.18;1.37;1135.96;829.17
07.01.2017 08:03;829.2;832.63;829.2;832.45;0.63;521.4;830.46
07.01.2017 08:04;829.44;830.77;825.03;827.04;2.96;2458.43;829.25
07.01.2017 08:05;827.04;827.89;825;826.01;11.7;9667.79;826.31
07.01.2017 08:06;827.97;827.97;827.97;827.97;4;3311.88;827.97
07.01.2017 08:07;827.1;827.1;827.09;827.09;0.59;488.57;827.1
07.01.2017 08:08;826.85;826.85;826.84;826.84;0.37;303.74;826.85
07.01.2017 08:09;825.11;827.1;825.11;825.42;4.18;3457.82;826.71
07.01.2017 08:10;827.1;827.1;825.58;825.67;3.37;2785.13;826.94
07.01.2017 08:11;825.73;830.04;825.73;830.04;13.35;11030;826.22
07.01.2017 08:12;826.07;830.08;826.07;826.71;8.31;6877.43;827.14
07.01.2017 08:13;825.2;825.94;825.1;825.1;2.97;2449.64;825.74
07.01.2017 08:14;825.17;825.17;825.17;825.17;3.92;3236.11;825.17
07.01.2017 08:15;825.76;825.76;822.49;822.53;17.34;14280.4;823.4
07.01.2017 08:16;822.92;825.49;822.7;822.7;3.7;3049.94;824.31
07.01.2017 08:17;825.4;826;825.4;825.99;1.59;1315.72;825.89
07.01.2017 08:18;825.99;825.99;825.99;825.99;0.62;508.7;825.99
07.01.2017 08:19;825.99;825.99;825.99;825.99;0.35;289.1;825.99
07.01.2017 08:20;825.11;828.39;825.11;828.39;8.33;6883.67;826.06
07.01.2017 08:21;831.78;831.78;826.6;826.6;2.35;1952.87;831.01
07.01.2017 08:22;0;0;0;0;0;0;0
07.01.2017 08:23;826.14;826.33;826.14;826.33;1.35;1115.48;826.28
07.01.2017 08:24;826.42;826.42;823.01;823.01;44.02;36298.5;824.62
07.01.2017 08:25;823.01;828.86;823.01;823.03;17.76;14645.32;824.69
07.01.2017 08:26;828.73;828.73;828.73;828.73;1;828.73;828.73
07.01.2017 08:27;823.77;828.08;823.76;828.08;2.54;2101.56;827.48
07.01.2017 08:28;822.98;823.03;822.98;823.03;0.7;576.1;823.01
07.01.2017 08:29;826.72;826.72;822.58;822.58;1.17;962.15;825.48
07.01.2017 08:30;825.16;825.16;825.1;825.1;2.16;1781.22;825.1
07.01.2017 08:31;824.01;824.01;824.01;824.01;0.35;288.4;824.01
07.01.2017 08:32;824;824;822.28;822.28;4.91;4041.48;822.42
07.01.2017 08:33;823.45;824.3;822.32;824.3;7.47;6142.86;822.38
07.01.2017 08:34;823.85;823.91;822.28;823.91;0.58;474.28;823.09
07.01.2017 08:35;822.01;822.83;822;822.8;55.88;45965.71;822.65
07.01.2017 08:36;822.01;822.71;822.01;822.71;16.35;13450.35;822.65
07.01.2017 08:37;822.07;822.83;822.07;822.15;14.08;11588;822.78
07.01.2017 08:38;822.83;822.83;822.83;822.83;20.61;16957.21;822.83
07.01.2017 08:39;822.83;825.27;822.69;825.27;5.46;4494.68;823.06
07.01.2017 08:40;825.01;825.27;825;825.27;1.56;1287.33;825.21
07.01.2017 08:41;825.02;825.26;822.83;822.83;0.8;662.81;824.07
07.01.2017 08:42;824.55;824.55;818.36;822.82;201.04;165069.43;821.06
07.01.2017 08:43;819.34;822.66;819.34;822.02;2.49;2046.31;821.75
07.01.2017 08:44;818.41;821.54;818.37;819.99;16.6;13612.84;820.13
07.01.2017 08:45;820;821.87;817.89;817.89;31.91;26127.08;818.78
07.01.2017 08:46;821.83;823.74;821.45;823.3;3.69;3035.39;822.72
07.01.2017 08:47;823.3;823.78;821.06;823.57;3.31;2723.93;823.46
07.01.2017 08:48;823.21;823.57;822.78;823.42;3.26;2686.9;823.39
07.01.2017 08:49;820.19;823.39;820.19;820.37;9.6;7897.11;822.24
07.01.2017 08:50;820.4;820.77;820.38;820.77;5.78;4745.34;820.41
07.01.2017 08:51;821.99;823.08;820.37;823.08;1.55;1278.32;822.6
07.01.2017 08:52;820.93;822.89;820.93;822.89;2.35;1933.11;822.6
07.01.2017 08:53;819.13;821.74;817.89;818.41;1.01;825.27;819.56
07.01.2017 08:54;819.96;819.96;817;817;39.16;32076.31;819.14
07.01.2017 08:55;818.62;819.85;818.62;819.73;15.25;12501.02;819.79
07.01.2017 08:56;818.8;820.51;818.8;820.51;4.95;4055.86;819.52
07.01.2017 08:57;817.07;820.21;817;817;19.81;16223.14;818.99
07.01.2017 08:58;817.01;817.01;815.8;815.8;202.46;165370.03;816.81
07.01.2017 08:59;815.8;815.8;814.69;814.69;58.36;47584.73;815.35
07.01.2017 09:00;814;815.34;813.18;814.85;13.42;10926.93;814.25
07.01.2017 09:01;814.07;814.07;813.18;813.96;24.29;19772.83;813.87
07.01.2017 09:02;813.18;813.18;812.51;812.51;71.49;58114.76;812.95
07.01.2017 09:03;812.51;813.18;812.51;812.62;48.34;39290.19;812.72
07.01.2017 09:04;813.16;813.18;812.64;813.18;16.26;13222.84;813.18
07.01.2017 09:05;812.53;813.21;812.28;813.21;24.89;20234.42;813.04
07.01.2017 09:06;813.21;815.15;813.21;815.13;12.25;9977.65;814.81
07.01.2017 09:07;815.15;818.84;815.12;818.84;10.77;8807.21;817.78
07.01.2017 09:08;819;819.94;815.61;815.61;7.09;5809.71;818.99
07.01.2017 09:09;815.64;819.46;815.25;818.08;13.37;10924.73;816.91
07.01.2017 09:10;818.07;820;815.25;820;49.67;40704.74;819.57
07.01.2017 09:11;820.03;820.51;817.91;820.4;13.26;10874.63;819.84
07.01.2017 09:12;819.53;820.39;819;819;3.23;2652.71;820.12
07.01.2017 09:13;818.07;819;818.07;819;38.13;31221.01;818.89
07.01.2017 09:14;819.24;820.4;819.24;820.09;15.07;12359.16;820.12
07.01.2017 09:15;820.4;826.91;820.4;826.9;34.77;28589.41;822.25
07.01.2017 09:16;825.51;826.95;825.06;826.87;1.04;856.15;826.34
07.01.2017 09:17;824.53;826.92;824.53;826.92;10.35;8542.39;825.35
07.01.2017 09:18;825.39;826.32;825.39;826.32;11.75;9710.27;826.23
07.01.2017 09:19;825.88;828.35;825.88;828.35;3.25;2688.42;827.76
07.01.2017 09:20;828.35;830.02;826.98;830;27.78;23046.84;829.74
07.01.2017 09:21;830;830;829.96;829.96;10.84;8993.54;829.98
07.01.2017 09:22;827.7;829.84;826.94;828.86;5.32;4398.81;827.59
07.01.2017 09:23;828.2;828.2;816.52;828;207.09;170833.01;824.93
07.01.2017 09:24;826.52;829.98;823.97;823.97;18.64;15428.58;827.64
07.01.2017 09:25;823.97;828.99;823.97;823.97;4.05;3353.67;827.56
07.01.2017 09:26;826.37;827.31;823.89;823.89;3.35;2770.03;826.88
07.01.2017 09:27;827.09;827.94;826.87;827.94;4.44;3670.01;827.31
07.01.2017 09:28;827.3;828;827.3;828;8.08;6691.65;827.82
07.01.2017 09:29;827.44;828.1;826.88;828.01;35.96;29760.33;827.67
07.01.2017 09:30;828;832.96;828;830.02;10.08;8370.03;830.13
07.01.2017 09:31;832.95;833;830.08;830.08;8.34;6944.61;832.85
07.01.2017 09:32;832.59;832.99;831.98;832.98;14.27;11884.13;832.97
07.01.2017 09:33;832.01;833.2;832.01;832.19;5.6;4657.97;832.5
07.01.2017 09:34;832.2;835;829.68;829.68;27.78;23152.75;833.46
07.01.2017 09:35;832.42;834.79;832.42;834.48;2.37;1976.43;834.44
07.01.2017 09:36;829.92;834.28;829.92;830.07;3.12;2597.16;832.8
07.01.2017 09:37;833.93;833.93;830.65;830.65;0.39;324.98;830.99
07.01.2017 09:38;833.98;833.98;833.98;833.98;0.15;128.36;833.98
07.01.2017 09:39;832.04;834.51;832.04;834.51;3.42;2853.82;833.89
07.01.2017 09:40;833.55;834.43;833.55;834.02;7.01;5847.01;834.09
07.01.2017 09:41;834.24;834.27;834.24;834.27;0.65;542.27;834.25
07.01.2017 09:42;834.43;834.51;833.51;833.51;13.22;11024.62;834.15
07.01.2017 09:43;830.9;831.32;830.9;831.32;1.2;997.3;831.08
07.01.2017 09:44;831.59;831.59;830.89;830.89;13.14;10917.56;831.05
07.01.2017 09:45;832.22;833.33;832.22;833.33;1.39;1157.86;832.68
07.01.2017 09:46;833.88;835.74;833.87;835.74;7.32;6113.22;834.82
07.01.2017 09:47;835.74;846.11;835.23;845.01;39.43;33249.56;843.33
07.01.2017 09:48;846.11;848.64;845.58;848.64;40.2;34098.45;848.28
07.01.2017 09:49;848.64;852.15;848.64;851.03;66.85;56878.68;850.89
07.01.2017 09:50;852.19;866.66;852.19;864.86;81.22;69789.6;859.27
07.01.2017 09:51;864.86;869.1;863.41;866.66;56.65;49086.39;866.52
07.01.2017 09:52;866.66;866.99;860.01;860.03;42.45;36678.6;863.95
07.01.2017 09:53;860.02;869.9;860;869.89;71.16;61808.66;868.58
07.01.2017 09:54;869.9;878;869.37;873.7;178.42;155933.38;873.95
07.01.2017 09:55;871.26;873.65;868.06;870.93;53.39;46500.39;870.88
07.01.2017 09:56;870.93;873.71;870.93;871.13;41.41;36167.95;873.42
07.01.2017 09:57;871.18;878;871.18;878;69.07;60580.29;877.13
07.01.2017 09:58;878;887;877.26;878.7;128.49;113461;883
07.01.2017 09:59;880.59;885.87;880.59;884.9;7.84;6924.58;883.39
07.01.2017 10:00;884.05;885.17;879.14;879.53;68.55;60462.18;882.06
07.01.2017 10:01;878.02;879.5;878;878;55.61;48823.84;878.04
07.01.2017 10:02;878;879.25;871.38;872.98;14.58;12760.45;875.39
07.01.2017 10:03;872.21;876.99;867.51;871.61;61.54;53718.88;872.87
07.01.2017 10:04;871.63;873.9;870.1;870.1;18.89;16455.08;871.33
07.01.2017 10:05;870.1;873.87;870.1;870.1;24.16;21023.6;870.1
07.01.2017 10:06;870.1;871.88;870.1;871.88;0.52;456.91;871.53
07.01.2017 10:07;872.75;876.92;870.1;875.04;100.97;88184.88;873.36
07.01.2017 10:08;875.03;876.96;875;876.96;40.05;35063.41;875.49
07.01.2017 10:09;875.97;875.97;875.97;875.97;0.35;306.59;875.97
07.01.2017 10:10;876.01;876.01;872.95;874.95;62.45;54638.05;874.84
07.01.2017 10:11;872.95;874.89;872.95;874.83;19.76;17275.3;874.4
07.01.2017 10:12;873.68;873.81;872.95;872.95;20.04;17502.07;873.52
07.01.2017 10:13;872.95;872.95;870.22;870.22;1.85;1613.99;872.44
07.01.2017 10:14;870.22;870.89;864.54;868.93;56.02;48579.14;867.14
07.01.2017 10:15;868.93;873.39;868.9;873.17;4.27;3717.79;869.83
07.01.2017 10:16;872.91;873.17;872.91;873.17;39.21;34232.96;873.11
07.01.2017 10:17;873.14;879.17;873.14;879.17;22.28;19511.23;875.84
07.01.2017 10:18;877.14;879.42;875.91;875.91;14.38;12639.28;878.88
07.01.2017 10:19;879.3;879.3;877.98;878;41.63;36577.31;878.56
07.01.2017 10:20;876.65;878.02;873;873;13.81;12067.35;874.07
07.01.2017 10:21;872;876.78;871.54;876.78;2.35;2056.83;875.15
07.01.2017 10:22;870.49;876.3;870.49;875.8;6.47;5662.34;875.78
07.01.2017 10:23;872.97;876.36;872.95;876.36;5.53;4841.25;875.44
07.01.2017 10:24;873.45;876.46;870.25;870.25;13.35;11669.16;874.09
07.01.2017 10:25;870.27;876.37;870.27;873.46;2.73;2390.29;875.02
07.01.2017 10:26;876.11;876.46;874.74;874.74;2.35;2058.95;876.15
07.01.2017 10:27;875.2;875.2;875.2;875.2;1.81;1583.29;875.2
07.01.2017 10:28;873.54;875;869.89;874.86;22.06;19212.28;870.84
07.01.2017 10:29;870.29;875.01;870.29;875.01;47.65;41643.77;873.92
07.01.2017 10:30;875.25;875.25;871.04;873.2;10.61;9262.43;873.3
07.01.2017 10:31;869.92;871;869.92;870.33;62.45;54352.5;870.39
07.01.2017 10:32;870.33;870.99;870.33;870.99;0.36;315.33;870.35
07.01.2017 10:33;870.03;870.48;868.13;868.14;10.82;9416.99;870.23
07.01.2017 10:34;868.15;870.02;868.08;869.03;35.88;31178.22;868.97
07.01.2017 10:35;869.02;871;868.92;870.1;50.75;44159.91;870.15
07.01.2017 10:36;870.98;870.98;868.97;868.97;20.65;17957.95;869.63
07.01.2017 10:37;869.5;871;869.5;870.52;33.25;28927.41;870.04
07.01.2017 10:38;870.98;870.98;868.35;868.37;7.85;6821.47;869.23
07.01.2017 10:39;869.8;870.94;869.02;870.94;4.36;3792.71;870.54
07.01.2017 10:40;869.02;871;866.01;866.01;51.21;44499.18;868.88
07.01.2017 10:41;866;869.83;864.75;867.44;60.23;52134.9;865.65
07.01.2017 10:42;867;869.54;867;869;4.76;4137.9;868.85
07.01.2017 10:43;867.48;872;867.48;872;39.23;34140.54;870.32
07.01.2017 10:44;871.02;872;871;871;13.17;11470.33;871.19
07.01.2017 10:45;871;872;871;871.16;22.35;19485.85;871.86
07.01.2017 10:46;871.19;871.25;871.02;871.02;4.35;3788.59;871.23
07.01.2017 10:47;871.04;871.18;871;871;11.48;10000.83;871.02
07.01.2017 10:48;871;871;871;871;1.4;1216.19;871
07.01.2017 10:49;871;871;871;871;1.35;1175.85;871
07.01.2017 10:50;871;871;868.02;868.02;1.65;1436.02;870.31
07.01.2017 10:51;871.08;871.08;868.01;868.01;10.29;8934.79;868.16
07.01.2017 10:52;868;868;868;868;0.35;303.8;868
07.01.2017 10:53;868;868.07;868;868.07;1.35;1171.87;868.05
07.01.2017 10:54;869.09;869.09;867.17;867.17;10.35;8983.6;867.98
07.01.2017 10:55;867.17;868.06;867.17;868.06;0.4;346.04;867.28
07.01.2017 10:56;868.18;868.18;868.18;868.18;0.35;303.86;868.18
07.01.2017 10:57;869.19;876.68;869.19;876.63;19.72;17196.08;871.91
07.01.2017 10:58;874.31;878.55;873.42;878.54;47.29;41521.29;877.95
07.01.2017 10:59;876.86;879.76;876.86;879.76;3.89;3421.6;879.28
07.01.2017 11:00;879.77;884.44;879.77;883.35;11.5;10157.38;882.99
07.01.2017 11:01;882.85;883.36;882.69;882.69;62.78;55427.84;882.88
07.01.2017 11:02;880.07;883.99;878.83;878.83;8.51;7514.71;883.42
07.01.2017 11:03;878.88;883.42;878.88;879.13;14.62;12872.53;880.72
07.01.2017 11:04;879.13;882.04;879.13;879.25;10.72;9426.53;879.25
07.01.2017 11:05;881.93;881.93;877.12;877.12;7.36;6463.04;877.94
07.01.2017 11:06;877.88;878.99;877.87;877.87;5.22;4580.89;878.24
07.01.2017 11:07;878.94;878.94;876.71;876.71;9.4;8259.48;878.34
07.01.2017 11:08;877;877.87;875;875;3.73;3269.95;877.44
07.01.2017 11:09;875;877.87;875;875.46;6.14;5377.16;875.67
07.01.2017 11:10;875.46;877.87;875.46;877.87;0.41;359.75;875.82
07.01.2017 11:11;875.48;875.6;875.48;875.48;0.51;447.82;875.49
07.01.2017 11:12;875.46;875.48;875.46;875.46;3.5;3067.14;875.47
07.01.2017 11:13;875.48;875.48;871.34;871.34;4.99;4366.16;874.63
07.01.2017 11:14;874;874;870.13;870.13;11.28;9828.61;871.27
07.01.2017 11:15;870.36;870.36;870.25;870.25;0.35;304.59;870.25
07.01.2017 11:16;873.7;873.7;870.25;870.25;0.7;611.76;871.98
07.01.2017 11:17;0;0;0;0;0;0;0
07.01.2017 11:18;870.26;870.26;869.46;869.46;1.85;1607.97;870.11
07.01.2017 11:19;874.54;874.54;869.89;869.89;0.51;441.42;871.33
07.01.2017 11:20;872.98;872.98;870.19;870.19;0.37;325.52;870.37
07.01.2017 11:21;871.24;874.92;871.24;874.92;0.42;368.7;874.31
07.01.2017 11:22;872.77;874.98;872.36;874.98;0.38;334.47;872.64
07.01.2017 11:23;871.24;874.97;871.24;874.97;0.5;437.98;872.37
07.01.2017 11:24;873.33;873.33;872.25;872.25;10.35;9036;873.04
07.01.2017 11:25;872.25;874.9;872.25;874.9;0.4;350.23;872.4
07.01.2017 11:26;873.41;874.9;873.41;874.9;0.44;388.25;873.73
07.01.2017 11:27;873.46;874.9;873.41;873.41;0.74;645.65;873.51
07.01.2017 11:28;874.89;874.9;873.41;873.41;0.48;415.33;873.8
07.01.2017 11:29;873.41;873.41;873.41;873.41;0.35;305.69;873.41
07.01.2017 11:30;874;874;873.42;873.42;1.18;1031.12;873.83
07.01.2017 11:31;874.08;875.49;874.08;874.3;3.67;3215.32;875.06
07.01.2017 11:32;0;0;0;0;0;0;0
07.01.2017 11:33;874.42;876.82;874.42;876.82;0.39;339.9;874.66
07.01.2017 11:34;873.42;873.42;873.41;873.41;0.35;305.69;873.41
07.01.2017 11:35;873.41;875.82;873.41;875.82;50.44;44174.07;875.8
07.01.2017 11:36;873.42;875.25;873.42;873.42;1;871.36;873.97
07.01.2017 11:37;875.24;875.25;873.45;873.45;0.57;502.27;874.15
07.01.2017 11:38;875.25;875.25;873.45;873.45;0.36;315.95;873.51
07.01.2017 11:39;875.25;875.25;873.46;873.46;0.57;499.35;874.15
07.01.2017 11:40;873.47;873.47;873.47;873.47;0.35;305.71;873.47
07.01.2017 11:41;873.42;873.42;873.42;873.42;0.35;305.7;873.42
07.01.2017 11:42;874.43;874.43;874;874;0.12;108.39;874.08
07.01.2017 11:43;873.49;874;873.49;874;0.54;468.05;873.67
07.01.2017 11:44;873.99;874.43;873.41;874.43;1.04;907.37;874.09
07.01.2017 11:45;874.44;877.81;874.02;877.81;14.14;12374.53;875.15
07.01.2017 11:46;874.02;874.02;874.02;874.02;0.35;305.91;874.02
07.01.2017 11:47;874.02;876.48;874.02;876.09;0.65;567.57;875.13
07.01.2017 11:48;874.02;874.42;874.01;874.42;0.64;559.89;874.11
07.01.2017 11:49;874.01;874.42;874.01;874.42;0.85;743.67;874.24
07.01.2017 11:50;874.01;874.42;874.01;874.42;0.41;357.21;874.07
07.01.2017 11:51;874.01;874.42;874.01;874.01;1.31;1148.66;874.06
07.01.2017 11:52;874.01;874.42;874.01;874.01;5.91;5161.7;874.02
07.01.2017 11:53;874.01;874.42;874.01;874.01;1.13;985.31;874.05
07.01.2017 11:54;874.42;874.42;874.01;874.01;0.72;628.53;874.22
07.01.2017 11:55;874.41;874.41;874.01;874.01;0.36;316.22;874.02
07.01.2017 11:56;874.41;874.41;874.01;874.01;0.41;354.85;874.07
07.01.2017 11:57;874.01;874.01;874.01;874.01;0.35;305.9;874.01
07.01.2017 11:58;874.01;874.01;874.01;874.01;1.65;1443.2;874.01
07.01.2017 11:59;0;0;0;0;0;0;0
07.01.2017 12:00;874.01;874.41;874.01;874.01;1.83;1600.81;874.32
07.01.2017 12:01;874.01;874.4;874.01;874.01;5.35;4676.73;874.16
07.01.2017 12:02;874.01;874.01;874.01;874.01;0.35;305.9;874.01
07.01.2017 12:03;874.01;875.85;874.01;875.85;22.72;19866;874.57
07.01.2017 12:04;876.46;886.02;876.46;885.98;45.8;40467.93;883.66
07.01.2017 12:05;880.72;889;880.72;886.11;68.63;60930.39;887.77
07.01.2017 12:06;886.27;890;886.27;890;18.87;16777.16;888.91
07.01.2017 12:07;890;891.71;888.33;891.71;19.62;17476.55;890.82
07.01.2017 12:08;891.72;897.8;890.64;891.75;111.89;100178.81;895.33
07.01.2017 12:09;891.75;896.92;889;889.11;119.28;106496.34;892.79
07.01.2017 12:10;892.99;893.29;892.36;892.36;2.3;2051.9;893.04
07.01.2017 12:11;893.87;893.87;893.78;893.78;25.28;22590.64;893.79
07.01.2017 12:12;891.45;893.78;891.45;891.72;14.9;13285.64;891.76
07.01.2017 12:13;891.78;893.5;891.78;893.5;0.63;565.26;892.55
07.01.2017 12:14;891.35;893.51;891.35;893.51;9.08;8113.84;893.43
07.01.2017 12:15;891.35;893.15;891.35;893.03;2.7;2411.78;892.91
07.01.2017 12:16;892.3;892.62;891.33;892.62;0.37;327.11;891.87
07.01.2017 12:17;891.33;892.5;891.33;892.5;4.95;4416.73;892.34
07.01.2017 12:18;891.37;893.91;891.37;893.52;13.11;11713.1;893.38
07.01.2017 12:19;893.52;893.52;892.43;892.52;5.85;5221.47;892.56
07.01.2017 12:20;893.91;893.91;891.37;891.37;24.04;21434;891.63
07.01.2017 12:21;891.37;891.37;891.37;891.37;0.35;311.98;891.37
07.01.2017 12:22;891.69;893;891.33;891.33;23.34;20801.14;891.37
07.01.2017 12:23;891.35;891.35;888.02;888.02;25.46;22694.2;891.29
07.01.2017 12:24;891.27;891.27;888.04;888.04;0.97;863.4;890.1
07.01.2017 12:25;888.04;890.52;888.04;888.05;33.72;29948.62;888.07
07.01.2017 12:26;888.05;889.96;888;888;11.01;9783.08;888.31
07.01.2017 12:27;888.01;888.01;888;888;2.89;2562.84;888
07.01.2017 12:28;888;888.01;888;888;2.59;2298.52;888.01
07.01.2017 12:29;888.01;888.01;886.4;886.4;1.25;1108.08;887.88
07.01.2017 12:30;886.4;886.4;886.4;886.4;0.35;310.24;886.4
07.01.2017 12:31;886.44;887.27;886.44;887.27;1.35;1197.52;887.05
07.01.2017 12:32;886.84;886.84;886.84;886.84;2.98;2643.91;886.84
07.01.2017 12:33;886.84;887.24;886.83;886.83;1.2;1064.85;887.02
07.01.2017 12:34;886.83;887.24;885;885.01;69.79;61785.03;885.28
07.01.2017 12:35;0;0;0;0;0;0;0
07.01.2017 12:36;885.01;885.92;884.88;885.92;32.42;28693.92;885.16
07.01.2017 12:37;884.85;885.94;884.85;885.94;20.94;18553.12;885.83
07.01.2017 12:38;885.13;885.13;884.99;885.03;18.45;16329.32;885.02
07.01.2017 12:39;885.01;885.01;883.92;884.28;22.95;20291.57;884.16
07.01.2017 12:40;883.89;884.28;883.88;884.28;0.55;484.62;884.03
07.01.2017 12:41;882.82;884.26;882.81;883.31;2.35;2074.99;883.25
07.01.2017 12:42;883.31;884.02;881.78;883.93;9.13;8056.58;882.16
07.01.2017 12:43;882.78;883.84;882.78;883.74;14.94;13205.04;883.72
07.01.2017 12:44;881.89;884.26;881.89;884.26;1.26;1112.72;883.02
07.01.2017 12:45;882.71;884.77;882.71;884.77;27.86;24638.68;884.43
07.01.2017 12:46;884.39;886.04;884.39;886;5.53;4891.99;885.23
07.01.2017 12:47;885.04;886.02;885.04;885.6;2.41;2131.03;885.64
07.01.2017 12:48;883.12;885.92;883.12;885.84;0.87;772.79;884.72
07.01.2017 12:49;883.87;888.05;883.87;888.05;15.86;14059.56;886.69
07.01.2017 12:50;888.08;889.49;888;888.04;2.32;2062.15;888.2
07.01.2017 12:51;888.11;889;888.11;888.22;21.68;19267.71;888.9
07.01.2017 12:52;888.02;888.02;888.01;888.01;0.35;310.81;888.02
07.01.2017 12:53;888.63;888.63;883.99;883.99;2.94;2610.05;887.97
07.01.2017 12:54;887.52;887.52;883.58;883.58;24.52;21663.26;883.62
07.01.2017 12:55;883.58;885.21;883.56;883.56;8.51;7525.09;884.65
07.01.2017 12:56;883.56;884.88;883.21;883.21;22.73;20080.25;883.56
07.01.2017 12:57;883.54;883.54;882.71;883.02;55.96;49419.1;883.04
07.01.2017 12:58;882.72;883.03;882.72;883.01;0.44;385.51;882.78
07.01.2017 12:59;882.71;883.48;882.71;883.03;1.16;1021.47;882.94
07.01.2017 13:00;883.03;883.05;883.03;883.05;0.72;632.86;883.04
07.01.2017 13:01;883.05;883.49;883.05;883.49;0.45;397.42;883.15
07.01.2017 13:02;883.05;883.41;883.05;883.4;49.51;43736.54;883.39
07.01.2017 13:03;883.05;884.02;881.04;884;85.61;75590.44;883
07.01.2017 13:04;884;884.01;881.06;881.06;5.64;4984.3;883.44
07.01.2017 13:05;881.07;883.16;881.07;881.21;5.85;5156.98;881.53
07.01.2017 13:06;881.24;882.74;881.24;882.04;0.95;841.25;881.93
07.01.2017 13:07;882.61;883.16;882.19;882.19;0.42;368.62;882.28
07.01.2017 13:08;882.02;882.02;882;882;12.06;10638.46;882
07.01.2017 13:09;882;882.79;882;882;34.86;30750.19;882.01
07.01.2017 13:10;882;882;880;880;24.46;21560.47;881.59
07.01.2017 13:11;880.4;880.4;875.42;876;5.09;4465.09;877.37
07.01.2017 13:12;876.01;877.79;869.16;869.16;59.53;52067.12;874.64
07.01.2017 13:13;869.16;870.86;869.16;870.01;6.14;5341.65;869.98
07.01.2017 13:14;870.03;870.33;870.01;870.16;10.01;8709.38;870.03
07.01.2017 13:15;870;870.28;863.75;866.53;21.74;18815.53;865.32
07.01.2017 13:16;863.75;865.52;863.75;864;12.85;11106.11;863.98
07.01.2017 13:17;864;865;863.01;865;27.26;23538.87;863.45
07.01.2017 13:18;865;865.01;863;863.15;5.73;4945.48;863.22
07.01.2017 13:19;863.22;866.66;863.22;866.08;6.66;5769.33;865.79
07.01.2017 13:20;866.09;868.82;866.09;868;49.23;42725.99;867.93
07.01.2017 13:21;868;868.91;868;868.02;18.22;15812.26;868.02
07.01.2017 13:22;868;868.84;868;868.02;11.27;9792.78;868.78
07.01.2017 13:23;868.01;868.01;868;868;4.03;3501.26;868.01
07.01.2017 13:24;868;868.03;865.09;865.09;18.93;16430.37;868
07.01.2017 13:25;867.84;867.84;864.13;864.29;2.67;2315.83;867.14
07.01.2017 13:26;864.34;865.02;861.83;863.01;51.4;44390.27;863.65
07.01.2017 13:27;864.95;864.95;863;863;0.47;401.61;863.49
07.01.2017 13:28;864.54;864.54;862;862;1.15;994.94;863.73
07.01.2017 13:29;864.24;864.24;863.01;863.01;4.27;3690.08;864.07
07.01.2017 13:30;863.96;866.89;861.33;861.85;52.79;45532.39;862.54
07.01.2017 13:31;862;862;862;862;0.35;301.7;862
07.01.2017 13:32;863.95;866.09;862.94;862.94;3.56;3078.65;865.53
07.01.2017 13:33;865.46;865.46;862.94;862.94;0.47;401.82;863.57
07.01.2017 13:34;865.13;865.13;862;862;15.39;13286.22;863.08
07.01.2017 13:35;864.56;864.56;862.07;862.07;0.53;461.64;862.93
07.01.2017 13:36;864.21;864.97;864.09;864.97;15.02;12979.65;864.25
07.01.2017 13:37;864.99;864.99;864.54;864.55;45.21;39089.95;864.61
07.01.2017 13:38;864.55;864.58;864.55;864.58;9.44;8165.2;864.58
07.01.2017 13:39;864.62;864.62;864.61;864.61;0.35;302.62;864.62
07.01.2017 13:40;864.94;867;864.94;867;1.93;1673.18;866.62
07.01.2017 13:41;868;868.58;867;868.07;0.91;790.26;867.96
07.01.2017 13:42;868.07;869.8;868.06;868.75;11.76;10219.02;868.84
07.01.2017 13:43;868.06;869.76;868.06;868.06;3.89;3380.06;869.58
07.01.2017 13:44;868.06;870.51;868.04;870.5;16.47;14325.73;870.05
07.01.2017 13:45;870.5;873.91;868.08;873.91;17.08;14870.68;870.86
07.01.2017 13:46;873.91;875.99;869.24;875;23.18;20288.87;875.14
07.01.2017 13:47;875;876;875;876;2.92;2559.04;875.56
07.01.2017 13:48;875.99;878.03;875.99;877.61;17.65;15497.5;877.81
07.01.2017 13:49;877.64;879.17;877.63;879.1;17.3;15203.82;878.85
07.01.2017 13:50;879.1;881.98;879.1;881.32;59.38;52301.71;880.84
07.01.2017 13:51;881.33;881.4;880.46;881.31;25.29;22288.6;881.28
07.01.2017 13:52;881.34;881.34;877.68;880;71.47;62769.8;878.26
07.01.2017 13:53;879.13;880;879.13;879.99;16.44;14470.6;879.97
07.01.2017 13:54;879.17;879.89;876.96;876.96;19.95;17527.45;878.39
07.01.2017 13:55;876.96;877.88;876.15;877.88;32.53;28522.71;876.82
07.01.2017 13:56;876;877.74;876;876.93;0.88;773.96;876.23
07.01.2017 13:57;876.37;877.47;875;875;1.74;1522.89;876.13
07.01.2017 13:58;875;877.22;874.24;874.24;3.49;3059.37;875.96
07.01.2017 13:59;874.24;876.83;874.24;874.24;1.84;1609.66;874.49
07.01.2017 14:00;874.24;876.08;869.1;869.1;3.56;3103.84;873.08
07.01.2017 14:01;869.99;870;869.13;869.62;3.67;3195.52;869.82
07.01.2017 14:02;870;870;869.86;869.86;0.65;565.45;869.92
07.01.2017 14:03;870;873.89;870;873.89;2.23;1950.12;873.71
07.01.2017 14:04;872.75;872.97;870.26;870.26;10.7;9318.04;870.84
07.01.2017 14:05;874.9;874.9;873.95;873.95;0.36;316.56;873.98
07.01.2017 14:06;870.97;873.7;870.97;871.07;1.19;1038.37;872.07
07.01.2017 14:07;873.38;873.38;871.39;871.39;0.61;534.41;872.24
07.01.2017 14:08;873.33;873.38;872.51;873.38;1;869.9;873.33
07.01.2017 14:09;873.38;873.38;871.38;871.42;0.59;514.59;872.18
07.01.2017 14:10;871.44;871.44;869.6;870.22;21.52;18722.5;869.81
07.01.2017 14:11;871.37;871.37;871.37;871.37;0.35;304.98;871.37
07.01.2017 14:12;874.69;874.69;871.25;871.25;0.47;408.03;871.81
07.01.2017 14:13;873.12;873.13;871.5;871.5;0.61;532.77;872.2
07.01.2017 14:14;873.12;873.69;873.12;873.69;1.66;1452.03;873.25
07.01.2017 14:15;874.74;874.74;873.72;873.72;0.58;505.26;874.25
07.01.2017 14:16;873.72;873.72;873.71;873.71;0.35;305.8;873.71
07.01.2017 14:17;874.74;874.78;873.71;873.74;3.67;3211.74;874.53
07.01.2017 14:18;874.76;874.78;874.33;874.33;10.05;8795.55;874.77
07.01.2017 14:19;877.13;879.31;877.13;877.13;1.08;945.83;878.94
07.01.2017 14:20;875.43;878.87;875.43;878.87;0.87;765.23;877.17
07.01.2017 14:21;877.13;879.99;876.56;876.69;0.79;696.22;877.03
07.01.2017 14:22;879.55;879.55;875.73;875.73;0.43;375.29;876.4
07.01.2017 14:23;877.59;877.7;876.03;876.03;0.81;708.59;876.91
07.01.2017 14:24;876.82;877.01;876.01;877.01;3.15;2758.8;876.08
07.01.2017 14:25;873.77;873.77;873.76;873.76;0.35;305.82;873.76
07.01.2017 14:26;874.36;875.54;874.36;875.54;10.67;9344.26;875.5
07.01.2017 14:27;875.51;875.54;875.27;875.27;0.78;679.28;875.36
07.01.2017 14:28;875.54;879.03;875.54;877.85;1.07;938.13;876.72
07.01.2017 14:29;877.85;879.9;877.83;879.9;11.98;10530.49;878.95
07.01.2017 14:30;879.98;880;878;878.55;30.47;26794.41;879.34
07.01.2017 14:31;880;880;879.9;879.9;0.54;478.1;879.94
07.01.2017 14:32;880;881.4;879.94;879.94;4.35;3830.75;881.2
07.01.2017 14:33;879.9;881.03;879.9;881.03;0.72;634.73;880.84
07.01.2017 14:34;879.98;881.99;879.98;881.99;0.39;342.37;880.13
07.01.2017 14:35;880.66;882;880.66;882;11.81;10412.54;881.91
07.01.2017 14:36;881.64;884.02;881.64;884.01;3.4;3000.26;882.2
07.01.2017 14:37;882.01;883.63;881.13;883.62;0.67;589.48;882.49
07.01.2017 14:38;881.28;884.01;881.28;884.01;0.94;831.19;882.99
07.01.2017 14:39;881.46;883.5;881.46;883.5;0.38;332.26;881.61
07.01.2017 14:40;880.89;880.89;880.69;880.69;0.35;308.3;880.86
07.01.2017 14:41;883.42;883.42;883.41;883.41;0.45;397.54;883.41
07.01.2017 14:42;883.41;883.9;883.41;883.76;0.76;673.48;883.66
07.01.2017 14:43;883.42;883.99;883.41;883.98;0.62;547.96;883.67
07.01.2017 14:44;883.98;884.02;883.43;883.99;3.61;3193.62;883.98
07.01.2017 14:45;884.02;884.03;884;884.03;17.83;15766.36;884.02
07.01.2017 14:46;886.46;886.46;886.46;886.46;0.38;336.32;886.46
07.01.2017 14:47;886.26;886.57;886.26;886.48;2.57;2274.67;886.53
07.01.2017 14:48;886.57;886.58;886.56;886.58;8.48;7513.69;886.57
07.01.2017 14:49;887.41;889.58;887.41;888.53;14.86;13213.01;889.37
07.01.2017 14:50;889.46;889.59;889.46;889.5;12.95;11516.87;889.54
07.01.2017 14:51;889.59;890.91;889.59;890.63;32.33;28794.91;890.54
07.01.2017 14:52;890.64;890.64;889.63;889.63;61.74;54967.8;890.3
07.01.2017 14:53;890;890;887.96;890;58.83;52330.28;889.57
07.01.2017 14:54;889.25;890.91;889.25;890.91;4.32;3845.79;890.15
07.01.2017 14:55;891.33;891.35;887.87;889.99;8.18;7277.68;890.21
07.01.2017 14:56;887.86;890;887.86;889.99;52.38;46621.54;889.99
07.01.2017 14:57;888.17;889.98;887.81;887.81;8.5;7547.15;888.2
07.01.2017 14:58;887.8;889.69;887.78;887.78;0.83;738.99;888.1
07.01.2017 14:59;888;888;887.78;887.78;0.47;417.64;887.84
07.01.2017 15:00;888;888;887.78;887.78;2.43;2154.54;887.79
07.01.2017 15:01;887.41;887.89;883.49;883.53;30.94;27406;885.67
07.01.2017 15:02;885.55;885.55;883.51;883.51;0.79;700.88;883.72
07.01.2017 15:03;884.56;885.66;884.51;884.51;9.98;8835.08;885.33
07.01.2017 15:04;883.53;883.53;880.18;880.18;28.88;25472.66;882.09
07.01.2017 15:05;879.91;880.61;879.91;880.61;0.89;787.69;880.22
07.01.2017 15:06;880.28;881.29;879.9;881.29;4.29;3780.6;880.48
07.01.2017 15:07;880.15;881.31;879.9;880.08;9.34;8233.65;881.21
07.01.2017 15:08;881.31;881.31;880.67;880.67;0.71;625.51;880.99
07.01.2017 15:09;881.31;881.31;879.92;879.92;0.51;453.06;880.37
07.01.2017 15:10;880.08;880.08;880.08;880.08;0.35;308.03;880.08
07.01.2017 15:11;881.3;881.31;879.92;879.92;0.61;537.38;880.51
07.01.2017 15:12;881.3;881.3;879.92;879.92;0.37;323.17;879.98
07.01.2017 15:13;880.99;880.99;880.99;880.99;0.01;10.25;880.99
07.01.2017 15:14;879.92;881;879.92;880.99;7.35;6476.49;880.94
07.01.2017 15:15;880.01;880.01;880;880;0.71;624.8;880
07.01.2017 15:16;880;880.78;880;880.74;5.74;5054.47;880.37
07.01.2017 15:17;880.13;880.99;880.13;880.99;10.41;9169.23;880.96
07.01.2017 15:18;880.28;880.39;880.28;880.39;1.49;1308.73;880.36
07.01.2017 15:19;880.58;882;880.58;882;3.33;2932;881.04
07.01.2017 15:20;882;882;880.82;880.82;0.35;308.31;880.89
07.01.2017 15:21;881.07;884.48;881.07;882.05;0.73;646.08;882.63
07.01.2017 15:22;882.26;882.26;882.26;882.26;0.35;308.79;882.26
07.01.2017 15:23;883.42;883.42;883.42;883.42;0.35;309.2;883.42
07.01.2017 15:24;883.67;885.1;883.67;885.1;13.27;11743.07;885.06
07.01.2017 15:25;882.88;885.08;882.88;884.17;2.51;2216.74;884.77
07.01.2017 15:26;882.81;884.17;882.8;884.14;3.12;2758.14;883.99
07.01.2017 15:27;883;883.87;883;883.11;0.71;628.12;883.07
07.01.2017 15:28;883.5;883.5;883.28;883.28;0.41;360.85;883.31
07.01.2017 15:29;884.98;884.98;883.15;883.15;0.29;253.87;883.53
07.01.2017 15:30;883.1;884.98;883.1;884.98;0.75;667;884.36
07.01.2017 15:31;883.84;885.1;883.84;885.06;17.03;15073.97;885.04
07.01.2017 15:32;885.1;885.48;885.1;885.48;1.49;1322.72;885.27
07.01.2017 15:33;885.49;885.61;885.47;885.61;0.73;646.45;885.55
07.01.2017 15:34;885.2;885.4;883.38;885.12;14.38;12726.94;884.88
07.01.2017 15:35;883.59;883.59;883.59;883.59;0.35;309.26;883.59
07.01.2017 15:36;883.4;884.6;883.4;883.52;1.59;1406.01;883.79
07.01.2017 15:37;883.55;884.29;883;883;1.6;1414.6;883.52
07.01.2017 15:38;883;883;882.79;882.79;0.35;308.99;882.82
07.01.2017 15:39;882.79;882.79;882.79;882.79;0.7;617.95;882.79
07.01.2017 15:40;883.36;883.36;882.79;882.79;0.68;600.22;883.07
07.01.2017 15:41;882.8;885.35;882.79;882.79;4.67;4120.2;883.12
07.01.2017 15:42;884.95;885.13;882.81;882.81;1.16;1028.29;885.01
07.01.2017 15:43;884.76;884.76;882.79;882.79;1.12;989;884.17
07.01.2017 15:44;882.82;882.82;882.82;882.82;0.35;308.99;882.82
07.01.2017 15:45;884.27;884.29;882.95;883.43;3.37;2975.15;883.91
07.01.2017 15:46;884.39;885.53;884.25;884.25;30.35;26863.44;885.12
07.01.2017 15:47;885;885;884.61;884.61;0.36;315.2;884.62
07.01.2017 15:48;885;885.04;885;885.04;0.84;746.51;885.02
07.01.2017 15:49;885.47;885.47;885.21;885.21;0.52;460.3;885.29
07.01.2017 15:50;885.21;885.21;885.21;885.21;0.23;199.86;885.21
07.01.2017 15:51;885.1;885.14;885.1;885.14;0.69;611.01;885.12
07.01.2017 15:52;885.14;885.14;885.14;885.14;0.35;309.8;885.14
07.01.2017 15:53;885.45;888;885.45;887.99;29.86;26455.43;885.87
07.01.2017 15:54;888.84;888.84;888.83;888.83;10.23;9091.84;888.83
07.01.2017 15:55;886.79;886.79;886.78;886.78;0.35;310.38;886.79
07.01.2017 15:56;888.01;888.84;888.01;888.84;20.86;18538.3;888.82
07.01.2017 15:57;888.01;888.83;888;888.74;1.09;970.7;888.51
07.01.2017 15:58;888.04;888.64;887.99;888.64;2.35;2088.09;888.55
07.01.2017 15:59;887.99;887.99;887.99;887.99;0.35;310.8;887.99
07.01.2017 16:00;888;888.08;888;888.08;1.54;1370.84;888.04
07.01.2017 16:01;888.87;899.98;888.87;896.28;482.69;432968.05;896.99
07.01.2017 16:02;897.52;899.41;895.11;895.26;6.52;5853.23;898.3
07.01.2017 16:03;895.35;895.35;895.35;895.35;0.05;46.56;895.35
07.01.2017 16:04;895.72;898.97;890.11;898.97;112.03;100272.78;895.06
07.01.2017 16:05;894.29;899.98;890;899.98;199.18;178453.87;895.95
07.01.2017 16:06;897.63;899;897.62;897.62;1.31;1176.71;897.92
07.01.2017 16:07;898.98;900;898.98;898.99;232.68;209405.76;899.96
07.01.2017 16:08;900;900;898.6;898.6;6.88;6185.37;898.97
07.01.2017 16:09;898.6;898.83;898.6;898.6;0.36;321.75;898.62
07.01.2017 16:10;899.1;900;899.1;899.64;21.66;19492.07;899.96
07.01.2017 16:11;900;900.16;899.67;900.01;99.3;89356.07;899.83
07.01.2017 16:12;900.9;905;900.9;902.35;22.59;20432.15;904.66
07.01.2017 16:13;902.53;902.7;902.5;902.7;9.86;8894.54;902.52
07.01.2017 16:14;902.18;903.73;902.18;902.83;10.83;9786.64;903.66
07.01.2017 16:15;902.24;903.93;897.95;899.68;48.6;43795.89;901.14
07.01.2017 16:16;899.95;900;898.97;898.98;11.57;10409.12;899.68
07.01.2017 16:17;897.82;898.98;897.02;898.98;2.56;2293.7;897.21
07.01.2017 16:18;898;901.21;897.36;899.55;6.15;5535.13;899.64
07.01.2017 16:19;898.25;899.55;898.01;898.01;12.11;10877.39;898.22
07.01.2017 16:20;899.38;899.38;898.01;898.06;1.03;926.62;898.6
07.01.2017 16:21;898.08;898.08;898.08;898.08;0.35;314.33;898.08
07.01.2017 16:22;898.97;898.98;898.97;898.98;0.61;548.65;898.98
07.01.2017 16:23;898.15;899;898.15;899;1.85;1663.17;898.84
07.01.2017 16:24;898.43;900;898.42;900;11.4;10261.44;899.84
07.01.2017 16:25;899.07;900;899;900;18.05;16233.91;899.27
07.01.2017 16:26;898.52;899.92;898.52;899.01;0.95;851.37;899.06
07.01.2017 16:27;899.98;899.98;899.01;899.01;1.35;1214.87;899.9
07.01.2017 16:28;899.97;900;899.97;899.98;20.73;18659.32;900
07.01.2017 16:29;900;900.09;899.97;899.97;11.79;10614.89;900.06
07.01.2017 16:30;899.97;900.09;899.27;900.09;0.69;622.52;899.73
07.01.2017 16:31;899.27;899.27;897.05;897.05;15.94;14333.17;898.93
07.01.2017 16:32;895.53;895.53;895.52;895.52;0.35;313.43;895.52
07.01.2017 16:33;895.47;895.47;895.47;895.47;0.35;313.41;895.47
07.01.2017 16:34;898.52;901.63;898.45;901.63;12.28;11053.56;900.05
07.01.2017 16:35;895.74;900.99;895.74;898.54;2.92;2632.19;900.06
07.01.2017 16:36;899.5;899.5;898.6;898.6;2.15;1930.11;899.5
07.01.2017 16:37;898.83;899.88;898.83;899.88;20.83;18745.68;899.83
07.01.2017 16:38;899.07;899.88;899.07;899.88;1.3;1168.94;899.66
07.01.2017 16:39;900.01;900.74;900.01;900.68;1.66;1490.79;900.52
07.01.2017 16:40;900.22;902.73;900.22;901.55;2.64;2376.92;900.54
07.01.2017 16:41;901.55;901.74;899.88;899.88;14.61;13168.36;901.43
07.01.2017 16:42;900;900;900;900;0.11;99;900
07.01.2017 16:43;899.88;899.88;899.88;899.88;0.24;215.97;899.88
07.01.2017 16:44;899.88;900.48;899.88;899.88;12.89;11603.66;900.34
07.01.2017 16:45;900.39;900.41;899.87;900.28;9.83;8845.67;900
07.01.2017 16:46;899.88;900;898;898;14.23;12793.81;899.01
07.01.2017 16:47;898.45;898.47;898.01;898.01;13.81;12403.73;898.17
07.01.2017 16:48;0;0;0;0;0;0;0
07.01.2017 16:49;898.01;898.01;898.01;898.01;0.35;314.3;898.01
07.01.2017 16:50;898.01;898.72;898.01;898.2;1.46;1311.83;898.51
07.01.2017 16:51;898.01;898.18;897.46;897.46;4.71;4229.33;897.75
07.01.2017 16:52;896;896;895.66;895.66;0.79;711.57;895.69
07.01.2017 16:53;895.66;895.66;888.73;889;107.33;95472.73;889.5
07.01.2017 16:54;891.96;893.13;888.99;889.04;12.69;11313.03;891.76
07.01.2017 16:55;889;895.08;888.99;889.3;2.72;2430.79;893.06
07.01.2017 16:56;895.18;896.84;892.01;892.01;0.72;645.08;894.45
07.01.2017 16:57;897.16;897.16;897.16;897.16;0.03;25.79;897.16
07.01.2017 16:58;892.39;892.41;892.39;892.41;1.06;944.98;892.4
07.01.2017 16:59;892.52;896.96;892.51;893.31;0.71;635.05;892.98
07.01.2017 17:00;896.88;897.35;894.49;895.51;0.6;540.83;896.01
07.01.2017 17:01;897.35;899;897.35;897.36;4.98;4471.25;897.38
07.01.2017 17:02;898.99;898.99;897.35;897.35;1.1;985.14;897.62
07.01.2017 17:03;897.35;897.49;896.42;897.49;4.57;4094.64;896.69
07.01.2017 17:04;898.97;900;898.97;900;2.99;2686.74;899.97
07.01.2017 17:05;897.37;897.54;896.77;897.54;1.1;987.13;897.39
07.01.2017 17:06;897.59;899.99;897.36;897.36;1.03;923.2;897.88
07.01.2017 17:07;899.97;899.97;897.36;897.36;1.46;1311.71;899.36
07.01.2017 17:08;899.99;902;899.99;900.17;63.17;56852.56;900.01
07.01.2017 17:09;902.4;902.75;900.18;900.18;21.36;19261.56;901.78
07.01.2017 17:10;896.99;898.18;896.99;898.18;1.03;927.48;897.41
07.01.2017 17:11;898.03;898.03;898.03;898.03;0.35;314.31;898.03
07.01.2017 17:12;900.5;902;900.5;902;140.1;126358.02;901.89
07.01.2017 17:13;900.5;902.59;898.23;899.14;5.89;5312.43;901.92
07.01.2017 17:14;898.52;901.67;898.52;901.67;10.37;9348.04;901.45
07.01.2017 17:15;899.11;899.19;899.11;899.19;0.7;629.41;899.15
07.01.2017 17:16;899.49;899.49;899.12;899.12;0.35;314.77;899.35
07.01.2017 17:17;901.39;901.39;899.12;899.12;0.62;553.8;900.1
07.01.2017 17:18;900.58;900.58;898.48;898.48;2;1799.76;900.21
07.01.2017 17:19;899.62;899.62;899.62;899.62;0.1;89.96;899.62
07.01.2017 17:20;898.31;898.31;898.31;898.31;0.35;314.41;898.31
07.01.2017 17:21;898.42;898.42;898.42;898.42;0.35;314.45;898.42
07.01.2017 17:22;898.42;898.42;898.42;898.42;0.35;314.45;898.42
07.01.2017 17:23;898.42;900;898.42;900;0.72;649.03;899.23
07.01.2017 17:24;899.99;900;899.27;899.27;0.8;722.59;899.68
07.01.2017 17:25;899.39;899.5;899.39;899.5;4.99;4491.45;899.4
07.01.2017 17:26;900;901.97;900;901.96;10.66;9597.33;900.06
07.01.2017 17:27;0;0;0;0;0;0;0
07.01.2017 17:28;902.11;904.22;902.11;902.17;0.37;334.99;902.18
07.01.2017 17:29;904.46;905;902.31;902.54;11.18;10109.7;904.48
07.01.2017 17:30;902.56;904.97;902.56;902.73;1.02;921.9;903.26
07.01.2017 17:31;904.95;905;904.95;904.95;1.15;1039.54;904.98
07.01.2017 17:32;902.85;902.85;900.86;900.86;0.35;315.74;902.12
07.01.2017 17:33;900.89;904.69;900.89;901.32;1.21;1089.54;902.56
07.01.2017 17:34;903.99;904.83;902;904.83;12.17;11003.71;904.26
07.01.2017 17:35;902.15;905.7;902.15;905.7;22.71;20552.06;905.15
07.01.2017 17:36;902.72;904.94;902.72;904.94;3.35;3028.51;904.4
07.01.2017 17:37;902.98;902.98;901.03;902.83;12.32;11110.09;901.59
07.01.2017 17:38;902.83;902.83;901;901.13;11.6;10458.14;901.57
07.01.2017 17:39;901.13;901.13;901;901.01;1.2;1081.99;901.06
07.01.2017 17:40;901.01;901.02;901.01;901.02;1.11;1000.12;901.01
07.01.2017 17:41;901.51;906;901.04;901.04;103.53;93571.78;903.84
07.01.2017 17:42;901.29;901.31;901.02;901.02;5.5;4961.51;901.28
07.01.2017 17:43;0;0;0;0;0;0;0
07.01.2017 17:44;901.02;903.04;901.02;903.04;7.2;6496.55;902.85
07.01.2017 17:45;903.1;903.1;901.9;902.11;3.85;3480.12;902.9
07.01.2017 17:46;902.17;902.29;902.03;902.09;33.08;29844.18;902.09
07.01.2017 17:47;902.02;902.02;901.99;901.99;16.29;14692.33;902
07.01.2017 17:48;901.99;902.49;901.95;901.95;10.93;9861.21;902.02
07.01.2017 17:49;901.91;901.93;901.11;901.11;4.98;4490.17;901.83
07.01.2017 17:50;901.27;901.27;901.27;901.27;0.93;836.79;901.27
07.01.2017 17:51;901.26;901.26;901.01;901.01;0.35;315.41;901.17
07.01.2017 17:52;901.02;901.52;901;901.02;2.77;2498.84;901.06
07.01.2017 17:53;901.01;901.02;901;901;4.94;4451.96;901.01
07.01.2017 17:54;901.01;901.01;901;901;6.41;5773.14;901.01
07.01.2017 17:55;901.01;901.01;901;901;6.21;5598.28;901.01
07.01.2017 17:56;901.01;901.01;901;901;2.36;2126.39;901.01
07.01.2017 17:57;901.01;901.01;901.01;901.01;10;9010.1;901.01
07.01.2017 17:58;901.01;901.02;901.01;901.02;1.65;1485.91;901.02
07.01.2017 17:59;901.02;901.03;901.01;901.03;0.7;630.72;901.02
07.01.2017 18:00;901.92;901.94;901.9;901.94;3.08;2775.51;901.92
07.01.2017 18:01;901.99;904.23;901.99;904.23;5.96;5373.48;902.24
07.01.2017 18:02;902.55;902.55;902.55;902.55;0.35;315.89;902.55
07.01.2017 18:03;903.11;904.25;903.11;904.23;4.96;4484.01;904.15
07.01.2017 18:04;904.23;904.64;904.23;904.26;13.7;12395.18;904.53
07.01.2017 18:05;904.54;904.54;902.44;902.44;4.41;3987.27;904.17
07.01.2017 18:06;901.99;904.05;901.99;902.09;0.41;372.83;902.14
07.01.2017 18:07;901.99;901.99;901.99;901.99;0.35;315.7;901.99
07.01.2017 18:08;902;903.52;901.97;901.97;5.08;4579.14;902.03
07.01.2017 18:09;903.37;903.37;901.94;901.94;2.98;2692.69;902.1
07.01.2017 18:10;901.94;902.9;901.94;902.9;0.66;592.09;902.39
07.01.2017 18:11;901.94;902.86;901.94;902.86;0.72;649.74;902.41
07.01.2017 18:12;903.38;903.38;902.87;902.87;0.42;376.87;902.95
07.01.2017 18:13;903.3;903.3;902.86;902.86;3.5;3165.34;903.26
07.01.2017 18:14;902.88;902.88;902.88;902.88;0.35;316.01;902.88
07.01.2017 18:15;903.1;903.12;903.1;903.12;10.1;9123.6;903.12
07.01.2017 18:16;902.98;905;902.98;904.13;19.79;17895.65;904.44
07.01.2017 18:17;904.13;904.15;899.64;899.64;76.34;68917.81;902.76
07.01.2017 18:18;899.35;899.35;898;898;14.09;12670.03;899.13
07.01.2017 18:19;897;897.99;894.62;894.62;11.52;10334.45;896.75
07.01.2017 18:20;894.6;894.6;892.29;894.32;2.07;1847.82;892.73
07.01.2017 18:21;892.29;892.85;888.99;888.99;59.75;53316.38;892.29
07.01.2017 18:22;888.99;889.33;888.99;889.33;1.4;1245.67;889.17
07.01.2017 18:23;891.57;891.57;888.99;888.99;0.41;361.17;889.59
07.01.2017 18:24;890.99;890.99;889.02;889.02;0.42;372.63;889.34
07.01.2017 18:25;889.02;889.02;882;885.07;45.98;40707.93;885.36
07.01.2017 18:26;885.14;885.14;881.59;884.02;67.83;59951.49;883.79
07.01.2017 18:27;885.69;886;882.68;882.68;58.64;51900.78;885.1
07.01.2017 18:28;882.74;887.65;882.74;887.65;7.02;6199.87;882.99
07.01.2017 18:29;890;890.67;890;890.13;4.74;4214.86;890.12
07.01.2017 18:30;890;890.07;889.89;890.02;31.18;27744.82;889.93
07.01.2017 18:31;890.02;890.02;888;888;6.87;6109.72;889.9
07.01.2017 18:32;888.2;888.2;888.2;888.2;0.35;310.87;888.2
07.01.2017 18:33;888.97;892.36;888.97;892.36;46.41;41313.2;890.11
07.01.2017 18:34;891.31;894.2;891.31;892.38;8.59;7670.56;893.43
07.01.2017 18:35;894.19;894.2;894;894;7.1;6351.11;894.17
07.01.2017 18:36;892.73;894;892.73;894;0.47;417.83;893.05
07.01.2017 18:37;892.68;894.2;892.68;894.2;1.41;1259.56;893.7
07.01.2017 18:38;892.51;892.55;890.17;890.21;82.7;73664.38;890.74
07.01.2017 18:39;891.13;891.13;891.12;891.12;0.35;311.89;891.13
07.01.2017 18:40;891.71;891.82;891.58;891.82;16.01;14273.1;891.66
07.01.2017 18:41;892.43;892.43;892.43;892.43;0.35;312.35;892.43
07.01.2017 18:42;893.99;894.15;893.8;893.8;3.06;2732.42;894.05
07.01.2017 18:43;892.17;893.81;891.16;891.66;0.71;630.32;892.21
07.01.2017 18:44;891.84;893.48;891.62;891.62;0.82;729.22;891.98
07.01.2017 18:45;0;0;0;0;0;0;0
07.01.2017 18:46;892;893;892;892.3;16.09;14369.5;892.82
07.01.2017 18:47;893.4;894.26;892.46;894.26;32.15;28723.73;893.38
07.01.2017 18:48;894.6;897.59;894.6;894.86;8.16;7322.4;897.5
07.01.2017 18:49;894.87;897.49;894.87;897.44;1.46;1313.05;896.83
07.01.2017 18:50;895.19;895.19;892.33;892.33;20.5;18306.1;892.98
07.01.2017 18:51;897.36;897.36;892.44;892.44;0.52;462.28;893.9
07.01.2017 18:52;892.43;896.62;892.43;893.25;0.5;448.74;893.66
07.01.2017 18:53;896.3;896.3;896.26;896.26;0.02;20.02;896.28
07.01.2017 18:54;893.26;895.53;893.26;895.53;0.57;512.34;894.14
07.01.2017 18:55;893.27;893.28;892.4;892.4;25.91;23139.98;893.15
07.01.2017 18:56;892.41;892.41;892.4;892.4;0.35;312.34;892.4
07.01.2017 18:57;892.41;892.41;892;892;7.57;6754.43;892.06
07.01.2017 18:58;892;892;892;892;0.35;312.2;892
07.01.2017 18:59;892.01;892.01;892.01;892.01;0.22;200.61;892.01
07.01.2017 19:00;892;893.31;892;893.31;0.15;129.46;892.18
07.01.2017 19:01;892;894.89;892;892.02;3.13;2794.09;893.05
07.01.2017 19:02;894.55;894.55;893.28;893.28;1.45;1294.75;894.24
07.01.2017 19:03;894.55;898;894.55;897.53;69.37;62111.14;895.4
07.01.2017 19:04;898.42;898.88;898.42;898.88;0.39;350.54;898.83
07.01.2017 19:05;899.32;899.65;898.88;898.9;0.4;356.69;898.97
07.01.2017 19:06;898.9;898.9;898.9;898.9;0.69;620.24;898.9
07.01.2017 19:07;898.9;899.41;898.88;898.88;0.71;640.99;898.91
07.01.2017 19:08;898.88;898.88;898;898;10.35;9302.68;898.81
07.01.2017 19:09;898;898;898;898;0.75;673.23;898
07.01.2017 19:10;898.91;898.91;898.91;898.91;3.58;3215.56;898.91
07.01.2017 19:11;898;898.58;898;898.58;0.36;322.61;898.01
07.01.2017 19:12;898.01;899.57;898.01;899.57;2.57;2309.51;899.36
07.01.2017 19:13;898.01;898.02;898.01;898.02;0.7;628.61;898.02
07.01.2017 19:14;898.01;898.01;898.01;898.01;0.45;407.7;898.01
07.01.2017 19:15;898.67;898.67;898.01;898.57;0.64;571.68;898.43
07.01.2017 19:16;898.01;898.51;898.01;898.51;0.36;321.15;898.02
07.01.2017 19:17;898.01;898.04;898.01;898.04;0.7;628.62;898.03
07.01.2017 19:18;898.05;898.05;898.05;898.05;0.3;271.49;898.05
07.01.2017 19:19;898.04;898.04;898.03;898.03;1.26;1131.9;898.04
07.01.2017 19:20;898.03;898.03;898.01;898.01;3.55;3191.59;898.01
07.01.2017 19:21;898.01;898.03;898.01;898.02;3.76;3377.54;898.03
07.01.2017 19:22;898.02;898.02;898.02;898.02;0.35;314.31;898.02
07.01.2017 19:23;898.24;898.24;898.01;898.1;2.22;1997.55;898.05
07.01.2017 19:24;898.01;898.65;898.01;898.01;0.98;878.94;898.04
07.01.2017 19:25;898.02;898.02;898.01;898.01;1.06;948.67;898.01
07.01.2017 19:26;898.01;898.01;898.01;898.01;0.03;28.74;898.01
07.01.2017 19:27;898.01;898.51;898.01;898.51;0.46;417.03;898.13
07.01.2017 19:28;898.01;898.51;898.01;898.01;0.77;695.06;898.06
07.01.2017 19:29;898.01;898.01;898.01;898.01;0.35;314.3;898.01
07.01.2017 19:30;898.01;898.01;897.5;897.5;24.72;22195.8;897.8
07.01.2017 19:31;897;897.15;893.41;897.15;3.59;3219.5;896.99
07.01.2017 19:32;893.53;893.53;893.27;893.27;4.92;4391.49;893.31
07.01.2017 19:33;893.28;893.28;891.62;893.03;10.58;9455.15;893.27
07.01.2017 19:34;891.63;892.93;891.63;892.19;1.58;1410.52;892.48
07.01.2017 19:35;892.79;892.79;892.77;892.77;0.2;174.56;892.77
07.01.2017 19:36;892.77;892.78;892.7;892.7;0.84;745.86;892.76
07.01.2017 19:37;892;893.29;891.98;893.29;13.62;12163.15;892.83
07.01.2017 19:38;892.01;893.26;892;893.26;0.36;322.03;892.04
07.01.2017 19:39;892;893.29;892;892;0.98;877.19;892.36
07.01.2017 19:40;893.28;893.3;893.28;893.29;1.75;1559.88;893.29
07.01.2017 19:41;897.22;898;897.22;898;50;44885.78;897.72
07.01.2017 19:42;893.56;893.56;893.56;893.56;0.35;312.75;893.56
07.01.2017 19:43;893.93;896.03;892.5;892.5;0.99;884.2;894.03
07.01.2017 19:44;893.12;893.12;893.12;893.12;0.35;312.59;893.12
07.01.2017 19:45;0;0;0;0;0;0;0
07.01.2017 19:46;893.14;895.06;893;893;20.72;18506.31;893.06
07.01.2017 19:47;894.81;894.81;893;893;0.64;573.99;893.82
07.01.2017 19:48;0;0;0;0;0;0;0
07.01.2017 19:49;893.01;894.31;893.01;893.01;1.15;1030.4;893.52
07.01.2017 19:50;894.08;894.08;893.01;893.01;1.35;1206.63;893.8
07.01.2017 19:51;0;0;0;0;0;0;0
07.01.2017 19:52;893;893;893;893;0.35;312.55;893
07.01.2017 19:53;893;893;888.99;888.99;59.68;53231.82;891.92
07.01.2017 19:54;888.99;888.99;883.01;883.02;60.41;53449.43;884.78
07.01.2017 19:55;883.08;883.67;882.5;882.5;2.8;2472.88;883.39
07.01.2017 19:56;882.41;883.02;882;882.9;18.65;16451.25;882.3
07.01.2017 19:57;882.95;889.63;882.95;884.85;5.51;4887.16;886.25
07.01.2017 19:58;886.07;886.07;882.76;882.79;0.69;609.9;883.92
07.01.2017 19:59;885.96;885.96;884.28;884.28;1.02;901.13;885.38
07.01.2017 20:00;886.66;886.66;884.33;884.33;0.37;325.48;884.44
07.01.2017 20:01;885.8;885.8;885.8;885.8;0.2;172.73;885.8
07.01.2017 20:02;884.49;885.35;882.06;882.78;0.91;799.56;883.21
07.01.2017 20:03;884.84;884.84;882.97;882.97;0.47;411.66;883.44
07.01.2017 20:04;882.95;882.95;882.67;882.67;10.44;9220.06;882.82
07.01.2017 20:05;883;883;883;883;0.35;309.05;883
07.01.2017 20:06;883.01;883.75;883.01;883.75;0.52;459.21;883.25
07.01.2017 20:07;883;885.84;883;883.76;9.71;8599.21;885.64
07.01.2017 20:08;883.77;883.77;883.76;883.76;1.35;1193.08;883.76
07.01.2017 20:09;885.26;885.26;885.13;885.13;0.95;836.95;885.25
07.01.2017 20:10;883.76;884.9;883.76;884.9;0.48;423.05;884.07
07.01.2017 20:11;883.76;884.55;882.02;882.02;0.81;716.79;882.42
07.01.2017 20:12;884.32;886.26;884.32;886.03;16.78;14843.89;884.4
07.01.2017 20:13;886.56;886.56;886.56;886.56;0.35;310.3;886.56
07.01.2017 20:14;889.46;889.46;884.13;884.13;0.37;323.37;885.93
07.01.2017 20:15;885.08;885.08;884.19;884.19;0.7;619.24;884.64
07.01.2017 20:16;884.23;884.23;884.15;884.15;1.37;1211.37;884.21
07.01.2017 20:17;0;0;0;0;0;0;0
07.01.2017 20:18;884.26;886.71;884.26;886.71;1.36;1208.71;886.07
07.01.2017 20:19;884.79;886.78;884.79;885.32;7.32;6490.1;886.63
07.01.2017 20:20;886.49;891.12;886.49;887;7.99;7086.96;886.85
07.01.2017 20:21;890.88;890.88;888.48;888.48;0.4;353.98;888.77
07.01.2017 20:22;890.58;890.58;890.58;890.58;0.51;453.8;890.58
07.01.2017 20:23;890.58;890.58;888.59;888.59;0.35;311.04;888.69
07.01.2017 20:24;890.37;890.37;888.55;888.55;0.77;687.94;888.7
07.01.2017 20:25;888.55;889.56;888.55;888.57;3.36;2988.61;889.45
07.01.2017 20:26;0;0;0;0;0;0;0
07.01.2017 20:27;888.57;888.57;888.57;888.57;0.35;311;888.57
07.01.2017 20:28;888.57;888.57;885.36;885.36;10.71;9512.64;888.45
07.01.2017 20:29;887;887.72;885.11;885.11;8.65;7679.94;887.63
07.01.2017 20:30;885.9;885.9;885.63;885.63;0.74;654.37;885.77
07.01.2017 20:31;885.98;889.84;885.98;889.84;4.58;4060.58;887.06
07.01.2017 20:32;888.56;888.91;888.56;888.91;26.19;23281.5;888.8
07.01.2017 20:33;888.95;891.12;888.95;889.38;27.81;24746.7;889.82
07.01.2017 20:34;888.95;888.95;888.95;888.95;0.35;311.13;888.95
07.01.2017 20:35;890.93;890.93;890;890;0.47;419.93;890.24
07.01.2017 20:36;890.83;890.83;890.83;890.83;0.23;205.65;890.83
07.01.2017 20:37;890.19;890.2;888.55;889.8;20.75;18441.2;888.81
07.01.2017 20:38;888.55;889.27;888.55;888.59;10.7;9514.42;889.2
07.01.2017 20:39;890.85;890.85;889.04;889.04;0.4;355.71;889.27
07.01.2017 20:40;889.08;890.61;889.08;890.6;0.4;352.8;890.43
07.01.2017 20:41;890.6;890.6;890.6;890.6;0.35;311.71;890.6
07.01.2017 20:42;890.6;890.6;886.97;888.02;20.01;17769.44;888.03
07.01.2017 20:43;888.05;890.77;887.24;887.24;49.36;43935.7;890.11
07.01.2017 20:44;890.35;890.35;887.24;887.24;0.37;324.65;887.37
07.01.2017 20:45;0;0;0;0;0;0;0
07.01.2017 20:46;887.74;887.74;887.74;887.74;0.35;310.71;887.74
07.01.2017 20:47;887.25;887.25;885.01;885.01;20.7;18361.59;887.03
07.01.2017 20:48;888.86;888.86;885.13;885.38;26.95;23924.45;887.83
07.01.2017 20:49;888.53;888.53;888.53;888.53;1;888.53;888.53
07.01.2017 20:50;886.9;886.9;886.9;886.9;0.35;310.42;886.9
07.01.2017 20:51;887.39;888.53;886.92;886.92;0.98;872.05;887.55
07.01.2017 20:52;886.94;886.97;885.18;885.25;20.35;18031.44;886.07
07.01.2017 20:53;888.77;888.77;885.62;885.66;21;18657;888.48
07.01.2017 20:54;888.52;888.52;886.87;886.87;10.1;8958.48;886.89
07.01.2017 20:55;886.87;886.87;886.08;886.08;0.7;620.53;886.48
07.01.2017 20:56;0;0;0;0;0;0;0
07.01.2017 20:57;885.03;885.03;884.13;884.13;10;8846.43;884.64
07.01.2017 20:58;886.5;887.72;886.5;887.66;20.16;17897.5;887.67
07.01.2017 20:59;0;0;0;0;0;0;0
07.01.2017 21:00;887.35;887.35;887.19;887.19;0.21;190.55;887.28
07.01.2017 21:01;887.05;887.05;887.05;887.05;1;887.05;887.05
07.01.2017 21:02;886.63;886.63;884.13;884.14;10.05;8887.08;884.51
07.01.2017 21:03;886.92;886.94;886.92;886.94;10;8869.29;886.93
07.01.2017 21:04;886.35;886.35;886.35;886.35;0.22;195.8;886.35
07.01.2017 21:05;0;0;0;0;0;0;0
07.01.2017 21:06;886.06;886.06;886.06;886.06;0.06;50.53;886.06
07.01.2017 21:07;884.37;885.9;884.22;885.67;20.18;17845.44;884.36
07.01.2017 21:08;884.22;885.75;884.22;885.75;10.66;9443.01;885.57
07.01.2017 21:09;886.26;886.26;886.26;886.26;1;886.26;886.26
07.01.2017 21:10;0;0;0;0;0;0;0
07.01.2017 21:11;0;0;0;0;0;0;0
07.01.2017 21:12;885.6;885.6;884.13;884.15;20.5;18128.06;884.3
07.01.2017 21:13;885.23;885.23;885.12;885.12;20;17703.5;885.18
07.01.2017 21:14;884.64;884.64;883.68;883.68;9.09;8033.12;883.84
07.01.2017 21:15;0;0;0;0;0;0;0
07.01.2017 21:16;0;0;0;0;0;0;0
07.01.2017 21:17;883.67;884.73;879.98;879.99;32.79;28904.34;881.55
07.01.2017 21:18;879.99;884.37;879.99;884.3;20;17685.07;884.25
07.01.2017 21:19;883.42;883.42;881.98;881.98;1.09;960.25;882.95
07.01.2017 21:20;882.2;884.37;882.2;884.37;0.44;385.94;883.1
07.01.2017 21:21;885.51;885.51;885.51;885.51;0.17;149.65;885.51
07.01.2017 21:22;885.91;886.38;884.82;886.38;34.82;30833.82;885.5
07.01.2017 21:23;886.38;888.74;886.38;888.74;30;26638.79;887.96
07.01.2017 21:24;888.73;888.73;888.67;888.67;0.25;223.42;888.73
07.01.2017 21:25;888.56;888.56;888.5;888.5;0.04;31.39;888.54
07.01.2017 21:26;0;0;0;0;0;0;0
07.01.2017 21:27;888.47;888.47;887.15;888.44;24.69;21914.56;887.41
07.01.2017 21:28;888.49;888.67;888.49;888.67;20;17771.29;888.56
07.01.2017 21:29;0;0;0;0;0;0;0
07.01.2017 21:30;888.67;888.67;888.67;888.67;0.07;66.07;888.67
07.01.2017 21:31;888.67;891;888.67;890.48;21.04;18727.36;889.98
07.01.2017 21:32;890.5;890.98;890.11;890.98;20.05;17855.02;890.46
07.01.2017 21:33;890.92;895;890.92;894.99;20.08;17908.95;891.85
07.01.2017 21:34;0;0;0;0;0;0;0
07.01.2017 21:35;0;0;0;0;0;0;0
07.01.2017 21:36;893.83;893.83;893.83;893.83;0.01;10.25;893.83
07.01.2017 21:37;890.85;893.01;887.08;887.08;21;18687;889.86
07.01.2017 21:38;891.03;891.81;890.96;891.04;20;17821.87;891.09
07.01.2017 21:39;891.71;891.71;891.61;891.61;0.04;32.44;891.67
07.01.2017 21:40;0;0;0;0;0;0;0
07.01.2017 21:41;0;0;0;0;0;0;0
07.01.2017 21:42;893.44;893.44;893.44;893.44;6.51;5813.83;893.44
07.01.2017 21:43;893.36;893.38;888.43;888.43;2.31;2060.73;891.65
07.01.2017 21:44;888.54;890.64;888.54;890.64;0.12;102.27;889.27
07.01.2017 21:45;890.58;890.58;890.58;890.58;0.91;807.98;890.58
07.01.2017 21:46;889.1;889.13;888.62;888.62;20;17781.16;889.06
07.01.2017 21:47;889.12;889.12;889.12;889.12;0.03;25.62;889.12
07.01.2017 21:48;889.11;889.11;889.11;889.11;20.24;17997.16;889.11
07.01.2017 21:49;888.66;888.66;888.66;888.66;10;8886.6;888.66
07.01.2017 21:50;0;0;0;0;0;0;0
07.01.2017 21:51;889.07;889.07;889.07;889.07;0.12;104.41;889.07
07.01.2017 21:52;888.63;888.88;887.07;888.88;30.84;27401.31;888.55
07.01.2017 21:53;888.77;888.77;888.41;888.41;20.06;17818.22;888.46
07.01.2017 21:54;887.59;887.59;887.58;887.58;10.09;8958.36;887.59
07.01.2017 21:55;887.55;887.55;887.54;887.54;3.96;3517.66;887.54
07.01.2017 21:56;887.56;887.6;887.56;887.6;16.87;14971.91;887.57
07.01.2017 21:57;888.26;889.15;888.26;888.34;0.53;466.54;888.54
07.01.2017 21:58;889.15;889.88;889.14;889.88;10.22;9097.75;889.82
07.01.2017 21:59;889.77;889.77;889.77;889.77;0.06;49.88;889.77
07.01.2017 22:00;0;0;0;0;0;0;0
07.01.2017 22:01;889.78;889.78;889.78;889.78;0.29;260.43;889.78
07.01.2017 22:02;0;0;0;0;0;0;0
07.01.2017 22:03;0;0;0;0;0;0;0
07.01.2017 22:04;0;0;0;0;0;0;0
07.01.2017 22:05;889.86;890.67;889.86;890.67;6.32;5626.68;890.03
07.01.2017 22:06;0;0;0;0;0;0;0
07.01.2017 22:07;890.67;890.67;890.67;890.67;0.24;215.84;890.67
07.01.2017 22:08;890.66;890.66;890.66;890.66;0.13;113.98;890.66
07.01.2017 22:09;889.86;890.66;889.86;890.66;0.42;371.95;890.43
07.01.2017 22:10;889.82;889.82;889.79;889.79;10.01;8904.74;889.79
07.01.2017 22:11;889.79;889.79;887.19;889.7;20.07;17813.41;887.7
07.01.2017 22:12;889.66;889.66;889.66;889.66;0.22;199.5;889.66
07.01.2017 22:13;889.43;890.67;889.4;890.67;20;17799.3;889.97
07.01.2017 22:14;889.9;890.68;889.9;890.68;24.27;21613.56;890.39
07.01.2017 22:15;890.68;890.68;890.68;890.68;16.35;14558.27;890.68
07.01.2017 22:16;892.95;894.17;892.95;894.17;10.41;9309.9;894.07
07.01.2017 22:17;894.17;894.17;892.8;892.8;0.27;244.9;893.8
07.01.2017 22:18;894.17;894.17;894.17;894.17;0.11;102.72;894.17
07.01.2017 22:19;894.17;894.17;894.17;894.17;0.34;308.18;894.17
07.01.2017 22:20;894.03;894.17;894.03;894.17;1.11;994.28;894.17
07.01.2017 22:21;0;0;0;0;0;0;0
07.01.2017 22:22;894.11;894.11;894.11;894.11;0.35;308.47;894.11
07.01.2017 22:23;894.17;894.17;894.17;894.17;0.13;116.24;894.17
07.01.2017 22:24;894.17;897.26;894.17;897.26;32.1;28756.19;895.96
07.01.2017 22:25;897.27;897.27;897.26;897.26;0.24;216.39;897.27
07.01.2017 22:26;897;898;897;898;30.03;26947.4;897.31
07.01.2017 22:27;897.9;898;897.9;898;0.22;194.85;897.91
07.01.2017 22:28;897.12;897.12;897.11;897.11;2;1794.22;897.11
07.01.2017 22:29;897.86;898.59;897.86;898.59;11.3;10153.8;898.51
07.01.2017 22:30;898.8;902;898.8;902;45.65;41107.15;900.49
07.01.2017 22:31;901.89;901.89;901.89;901.89;0.11;98.39;901.89
07.01.2017 22:32;901.89;901.89;901.89;901.89;0.08;72.15;901.89
07.01.2017 22:33;0;0;0;0;0;0;0
07.01.2017 22:34;901.99;904.99;901;904.92;122.15;110397.78;903.81
07.01.2017 22:35;903.82;903.82;903.82;903.82;0.01;6.14;903.82
07.01.2017 22:36;903.71;903.92;903.71;903.92;1.33;1199.98;903.71
07.01.2017 22:37;0;0;0;0;0;0;0
07.01.2017 22:38;902.88;902.88;902.85;902.85;0.43;392.72;902.88
07.01.2017 22:39;900.81;903.53;900.77;902.89;3.53;3186.63;901.9
07.01.2017 22:40;902.89;902.89;902.89;902.89;0.27;243.78;902.89
07.01.2017 22:41;903.88;903.88;903.88;903.88;0.02;18.98;903.88
07.01.2017 22:42;902.89;903.22;902.89;903.22;0.2;177.75;903.13
07.01.2017 22:43;902.99;903.22;902.88;902.88;1.85;1673.43;902.96
07.01.2017 22:44;902.84;903.73;902.75;903.73;10.24;9252.32;903.49
07.01.2017 22:45;0;0;0;0;0;0;0
07.01.2017 22:46;899.25;899.25;894.62;898.78;17.57;15789.16;898.71
07.01.2017 22:47;899.25;899.25;899.25;899.25;0.09;76.66;899.25
07.01.2017 22:48;896.36;896.36;895.19;895.19;12.62;11304.31;895.48
07.01.2017 22:49;895.22;895.22;894.99;895.18;11.54;10329.05;895.2
07.01.2017 22:50;895.16;895.16;894.12;894.14;7;6258.35;894.16
07.01.2017 22:51;0;0;0;0;0;0;0
07.01.2017 22:52;895.19;895.19;895.19;895.19;0.02;14.32;895.19
07.01.2017 22:53;0;0;0;0;0;0;0
07.01.2017 22:54;895.19;897.04;895.19;897.04;10.05;9003.5;895.87
07.01.2017 22:55;897.34;897.34;897.34;897.34;0.12;106.78;897.34
07.01.2017 22:56;0;0;0;0;0;0;0
07.01.2017 22:57;0;0;0;0;0;0;0
07.01.2017 22:58;0;0;0;0;0;0;0
07.01.2017 22:59;0;0;0;0;0;0;0
07.01.2017 23:00;897.42;897.42;897.42;897.42;0.34;308.82;897.42
07.01.2017 23:01;897.41;897.41;897.26;897.26;0.34;306.4;897.27
07.01.2017 23:02;895.51;895.9;892.14;895.9;70.01;62491.36;892.56
07.01.2017 23:03;0;0;0;0;0;0;0
07.01.2017 23:04;0;0;0;0;0;0;0
07.01.2017 23:05;0;0;0;0;0;0;0
07.01.2017 23:06;894.77;894.8;894.77;894.8;12.06;10795;894.8
07.01.2017 23:07;899.23;899.23;899.23;899.23;0.33;296.75;899.23
07.01.2017 23:08;899.24;899.25;898.17;899.25;14.82;13321.89;899.12
07.01.2017 23:09;901.94;901.94;901.94;901.94;0.01;12.22;901.94
07.01.2017 23:10;898.99;898.99;898.99;898.99;0.03;28.61;898.99
07.01.2017 23:11;899.06;899.06;899.06;899.06;4;3596.24;899.06
07.01.2017 23:12;0;0;0;0;0;0;0
07.01.2017 23:13;900.36;900.36;900.33;900.33;1.16;1040.51;900.33
07.01.2017 23:14;899.59;899.59;899.59;899.59;10;8995.9;899.59
07.01.2017 23:15;899.5;901.65;899.5;899.61;12.81;11528.1;899.68
07.01.2017 23:16;0;0;0;0;0;0;0
07.01.2017 23:17;0;0;0;0;0;0;0
07.01.2017 23:18;899.6;899.82;899.6;899.82;17.26;15528.75;899.81
07.01.2017 23:19;899.64;899.64;899.6;899.6;1.03;922.4;899.63
07.01.2017 23:20;897.25;897.25;897.25;897.25;0.03;24.23;897.25
07.01.2017 23:21;899.13;899.13;899.13;899.13;0.11;95.67;899.13
07.01.2017 23:22;0;0;0;0;0;0;0
07.01.2017 23:23;0;0;0;0;0;0;0
07.01.2017 23:24;898.54;898.54;898.54;898.54;0.22;196.6;898.54
07.01.2017 23:25;0;0;0;0;0;0;0
07.01.2017 23:26;898.47;898.47;897;897;14.54;13045.13;897.25
07.01.2017 23:27;898.47;898.47;898.47;898.47;0.93;837.52;898.47
07.01.2017 23:28;0;0;0;0;0;0;0
07.01.2017 23:29;897.14;897.15;897.14;897.14;0.56;501.5;897.14
07.01.2017 23:30;0;0;0;0;0;0;0
07.01.2017 23:31;896.73;896.73;896.67;896.67;10;8966.78;896.68
07.01.2017 23:32;0;0;0;0;0;0;0
07.01.2017 23:33;0;0;0;0;0;0;0
07.01.2017 23:34;896.71;896.71;895.36;895.36;4.41;3951.73;896.58
07.01.2017 23:35;895.57;896.19;895.57;896.19;0.6;533.05;895.78
07.01.2017 23:36;896.19;896.2;896.19;896.2;0.06;49.75;896.2
07.01.2017 23:37;896.2;896.2;896.2;896.2;0.08;71.7;896.2
07.01.2017 23:38;896;896.72;896;896.72;2.56;2297.83;896.18
07.01.2017 23:39;896.72;897.15;896.72;897.15;0.53;477.66;897.04
07.01.2017 23:40;0;0;0;0;0;0;0
07.01.2017 23:41;898.49;898.51;898.49;898.51;10.18;9144.13;898.51
07.01.2017 23:42;898.58;900;898.58;900;0.06;49.73;899.15
07.01.2017 23:43;900;900;900;900;2.23;2010.92;900
07.01.2017 23:44;899.08;899.08;899.08;899.08;0.03;28.58;899.08
07.01.2017 23:45;899.86;899.86;899.83;899.83;10.22;9197.66;899.83
07.01.2017 23:46;899.83;899.83;898.49;898.49;2.58;2318.9;899.82
07.01.2017 23:47;898.5;899.35;898.49;899.35;1.78;1602.32;898.52
07.01.2017 23:48;898.5;900.89;897.71;900.79;3.87;3481.02;898.68
07.01.2017 23:49;900.87;900.99;900.81;900.99;10.06;9059.97;900.84
07.01.2017 23:50;900.99;905.19;900.99;905.19;84.09;75882.79;902.43
07.01.2017 23:51;903.01;906.99;903.01;906.99;11.95;10814.34;905.15
07.01.2017 23:52;905.1;907.01;905.1;907.01;19.69;17859.48;906.97
07.01.2017 23:53;907.05;907.05;907.05;907.05;0.06;54.42;907.05
07.01.2017 23:54;907.01;907.05;903;907.05;15.85;14340.01;904.94
07.01.2017 23:55;907.05;907.05;907.05;907.05;0.02;21.77;907.05
07.01.2017 23:56;904.15;906.39;902.9;906.39;8.87;8016.92;903.46
07.01.2017 23:57;906.16;906.16;906.16;906.16;0.06;51.28;906.16
07.01.2017 23:58;904.26;904.3;904;904;23.68;21405.73;904.12
07.01.2017 23:59;903.97;906.2;903.97;906.2;4.98;4504.48;904.54
08.01.2017 00:00;906.2;906.22;906.2;906.22;0.22;199.72;906.2
08.01.2017 00:01;906.82;906.88;906.78;906.78;26.83;24333.69;906.86
08.01.2017 00:02;906.07;906.5;903.74;906.07;4.65;4200.22;904.22
08.01.2017 00:03;906.04;906.04;906.01;906.01;0.3;269.1;906.04
08.01.2017 00:04;903.92;903.96;901.96;903.93;10.68;9653.08;903.71
08.01.2017 00:05;903.93;903.93;902.05;902.05;10;9035.22;903.76
08.01.2017 00:06;0;0;0;0;0;0;0
08.01.2017 00:07;0;0;0;0;0;0;0
08.01.2017 00:08;904.5;904.5;903.95;903.95;0.09;81.4;904.44
08.01.2017 00:09;903.05;903.11;902.9;902.9;6.67;6020.35;903.09
08.01.2017 00:10;902.72;902.72;902.67;902.67;0.68;609.41;902.71
08.01.2017 00:11;0;0;0;0;0;0;0
08.01.2017 00:12;0;0;0;0;0;0;0
08.01.2017 00:13;0;0;0;0;0;0;0
08.01.2017 00:14;902.95;904.74;902.95;904.74;8.83;7980.85;903.7
08.01.2017 00:15;902.92;903.81;902.92;903.81;0.27;241.88;903.61
08.01.2017 00:16;903.76;903.76;902.82;902.82;1.15;1040.16;902.91
08.01.2017 00:17;902.01;902.01;901.72;901.72;11.45;10324.3;902
08.01.2017 00:18;901.01;901.01;899.36;899.36;8.15;7337.48;900.75
08.01.2017 00:19;899.36;899.36;898.92;898.92;1.56;1402.7;899.14
08.01.2017 00:20;898.87;901.46;898.87;901.46;4.17;3751.43;898.98
08.01.2017 00:21;901.42;901.42;901.35;901.35;0.09;82.93;901.4
08.01.2017 00:22;898.93;898.93;898.93;898.93;0.01;12.97;898.93
08.01.2017 00:23;902.35;902.35;897.83;897.83;0.72;643.07;898.02
08.01.2017 00:24;0;0;0;0;0;0;0
08.01.2017 00:25;898.76;898.76;898.76;898.76;0.1;85.38;898.76
08.01.2017 00:26;0;0;0;0;0;0;0
08.01.2017 00:27;0;0;0;0;0;0;0
08.01.2017 00:28;0;0;0;0;0;0;0
08.01.2017 00:29;900.89;900.89;900.84;900.84;0.1;86.71;900.85
08.01.2017 00:30;0;0;0;0;0;0;0
08.01.2017 00:31;901.84;901.85;901.84;901.85;0.24;218.25;901.84
08.01.2017 00:32;901;901.92;900.98;901.92;6.66;5999.73;901.01
08.01.2017 00:33;901.82;902.6;901.82;902.6;3.68;3323.35;902.32
08.01.2017 00:34;902.69;902.69;902.69;902.69;1.13;1022.86;902.69
08.01.2017 00:35;902.69;902.69;902.69;902.69;0.06;50.18;902.69
08.01.2017 00:36;902.92;902.92;902.92;902.92;0.04;32.41;902.92
08.01.2017 00:37;0;0;0;0;0;0;0
08.01.2017 00:38;902.69;902.69;902.68;902.68;10.17;9176.3;902.69
08.01.2017 00:39;902.08;902.92;902.08;902.92;13.37;12058.27;902.21
08.01.2017 00:40;0;0;0;0;0;0;0
08.01.2017 00:41;900.55;900.64;900.55;900.64;2.03;1826.02;900.61
08.01.2017 00:42;900.69;900.71;900.69;900.69;0.63;567.23;900.69
08.01.2017 00:43;900.71;900.71;900.71;900.71;0.07;61.53;900.71
08.01.2017 00:44;900.71;900.72;900.71;900.72;0.25;220.67;900.71
08.01.2017 00:45;900.72;900.72;900.72;900.72;0.01;9.01;900.72
08.01.2017 00:46;0;0;0;0;0;0;0
08.01.2017 00:47;899.68;899.68;899.68;899.68;0.11;102.5;899.68
08.01.2017 00:48;899.68;899.68;899.68;899.68;0.05;40.81;899.68
08.01.2017 00:49;0;0;0;0;0;0;0
08.01.2017 00:50;0;0;0;0;0;0;0
08.01.2017 00:51;0;0;0;0;0;0;0
08.01.2017 00:52;899.66;899.66;897.27;897.53;21.2;19044.31;898.5
08.01.2017 00:53;896.03;896.03;892.57;893.13;6.98;6238.08;894.22
08.01.2017 00:54;893.87;894.23;893.87;894.23;0.61;546.61;894.18
08.01.2017 00:55;895.87;895.87;895.84;895.84;0.14;127.81;895.85
08.01.2017 00:56;895.67;895.7;895.67;895.7;3;2687.08;895.69
08.01.2017 00:57;895.7;895.7;895.7;895.7;0.06;49.26;895.7
08.01.2017 00:58;0;0;0;0;0;0;0
08.01.2017 00:59;0;0;0;0;0;0;0
08.01.2017 01:00;899.46;899.46;899.46;899.46;0.17;152.91;899.46
08.01.2017 01:01;0;0;0;0;0;0;0
08.01.2017 01:02;0;0;0;0;0;0;0
08.01.2017 01:03;0;0;0;0;0;0;0
08.01.2017 01:04;0;0;0;0;0;0;0
08.01.2017 01:05;896.4;896.4;895.74;895.74;37.24;33378.5;896.29
08.01.2017 01:06;897.98;897.98;897.98;897.98;0.02;17.96;897.98
08.01.2017 01:07;0;0;0;0;0;0;0
08.01.2017 01:08;0;0;0;0;0;0;0
08.01.2017 01:09;0;0;0;0;0;0;0
08.01.2017 01:10;898.21;898.25;898.21;898.25;2.02;1814.46;898.25
08.01.2017 01:11;898.21;898.21;898.21;898.21;0.9;810.57;898.21
08.01.2017 01:12;896.99;898.25;896.99;898.25;0.09;76.29;897.51
08.01.2017 01:13;898.25;900.68;898.25;900.68;2.73;2449.39;898.69
08.01.2017 01:14;900.68;901;899.78;899.78;20.54;18495.3;900.55
08.01.2017 01:15;0;0;0;0;0;0;0
08.01.2017 01:16;901.25;901.25;901.14;901.14;0.25;227.09;901.16
08.01.2017 01:17;0;0;0;0;0;0;0
08.01.2017 01:18;899.93;901.55;899.9;901.49;2.19;1970.56;899.94
08.01.2017 01:19;899.91;899.91;899.79;899.79;9.01;8103.22;899.8
08.01.2017 01:20;0;0;0;0;0;0;0
08.01.2017 01:21;0;0;0;0;0;0;0
08.01.2017 01:22;0;0;0;0;0;0;0
08.01.2017 01:23;900.31;900.31;900;900.24;1.12;1008.03;900.03
08.01.2017 01:24;900.12;900.12;900.12;900.12;0.03;28.8;900.12
08.01.2017 01:25;900.1;900.1;899.79;899.8;8.66;7792.72;899.87
08.01.2017 01:26;899.9;899.92;899.9;899.92;1.42;1276.96;899.9
08.01.2017 01:27;0;0;0;0;0;0;0
08.01.2017 01:28;0;0;0;0;0;0;0
08.01.2017 01:29;0;0;0;0;0;0;0
08.01.2017 01:30;900.1;900.1;897.49;897.49;10.04;9018.79;898.44
08.01.2017 01:31;899.74;899.74;899.74;899.74;0.47;426.48;899.74
08.01.2017 01:32;0;0;0;0;0;0;0
08.01.2017 01:33;0;0;0;0;0;0;0
08.01.2017 01:34;898.93;898.93;898.93;898.93;0.05;44.95;898.93
08.01.2017 01:35;898.59;898.59;898.55;898.56;5.5;4940.12;898.58
08.01.2017 01:36;898.51;898.51;898.47;898.47;8.55;7680.06;898.5
08.01.2017 01:37;898.28;898.28;898.28;898.28;0.05;45.13;898.28
08.01.2017 01:38;899.44;899.44;899.44;899.44;0.18;159.2;899.44
08.01.2017 01:39;899.17;899.17;899.17;899.17;0.05;47.66;899.17
08.01.2017 01:40;899.11;899.11;899;899;0.16;141.43;899.1
08.01.2017 01:41;0;0;0;0;0;0;0
08.01.2017 01:42;0;0;0;0;0;0;0
08.01.2017 01:43;898.98;898.98;898.98;898.98;0.07;65.63;898.98
08.01.2017 01:44;899.04;899.04;898.98;898.98;10.05;9034.01;898.98
08.01.2017 01:45;0;0;0;0;0;0;0
08.01.2017 01:46;898.99;898.99;898.99;898.99;0.03;27.11;898.99
08.01.2017 01:47;0;0;0;0;0;0;0
08.01.2017 01:48;0;0;0;0;0;0;0
08.01.2017 01:49;898.91;898.91;898.91;898.91;0.03;27;898.91
08.01.2017 01:50;898.91;898.91;898.91;898.91;0.09;79.51;898.91
08.01.2017 01:51;898.91;898.91;898.91;898.91;0.03;25.73;898.91
08.01.2017 01:52;898.91;898.91;898.91;898.91;0.13;119.81;898.91
08.01.2017 01:53;0;0;0;0;0;0;0
08.01.2017 01:54;898.91;898.91;897.99;897.99;0.73;652.25;898.9
08.01.2017 01:55;898.94;898.94;898.94;898.94;0.02;19.78;898.94
08.01.2017 01:56;0;0;0;0;0;0;0
08.01.2017 01:57;0;0;0;0;0;0;0
08.01.2017 01:58;0;0;0;0;0;0;0
08.01.2017 01:59;0;0;0;0;0;0;0
08.01.2017 02:00;898.86;898.86;898.86;898.86;5;4494.3;898.86
08.01.2017 02:01;0;0;0;0;0;0;0
08.01.2017 02:02;0;0;0;0;0;0;0
08.01.2017 02:03;898.95;899.04;898.95;899.04;10;8990.4;899.04
08.01.2017 02:04;899.04;899.04;899.04;899.04;0.01;10.79;899.04
08.01.2017 02:05;899.11;899.11;899.11;899.11;3.78;3394.99;899.11
08.01.2017 02:06;0;0;0;0;0;0;0
08.01.2017 02:07;0;0;0;0;0;0;0
08.01.2017 02:08;0;0;0;0;0;0;0
08.01.2017 02:09;899.09;899.12;899.09;899.12;1.06;952.93;899.12
08.01.2017 02:10;899.12;899.12;899.12;899.12;1.07;963.06;899.12
08.01.2017 02:11;0;0;0;0;0;0;0
08.01.2017 02:12;0;0;0;0;0;0;0
08.01.2017 02:13;899.28;899.28;899.08;899.08;0.95;851.35;899.09
08.01.2017 02:14;899.83;900.12;899.83;900.12;14.85;13369.06;900.03
08.01.2017 02:15;900.12;900.12;900.05;900.05;5.5;4953.24;900.12
08.01.2017 02:16;0;0;0;0;0;0;0
08.01.2017 02:17;900.99;900.99;900.99;900.99;5.15;4644.06;900.99
08.01.2017 02:18;900.98;900.98;900.98;900.98;0.14;128.88;900.98
08.01.2017 02:19;901.58;901.58;900.66;900.66;0.64;572.34;900.71
08.01.2017 02:20;0;0;0;0;0;0;0
08.01.2017 02:21;0;0;0;0;0;0;0
08.01.2017 02:22;0;0;0;0;0;0;0
08.01.2017 02:23;901.59;901.59;901.59;901.59;0.47;422.61;901.59
08.01.2017 02:24;0;0;0;0;0;0;0
08.01.2017 02:25;0;0;0;0;0;0;0
08.01.2017 02:26;901.59;901.59;901.59;901.59;0.1;92.4;901.59
08.01.2017 02:27;901.59;902.01;901.59;902.01;8.05;7260.78;901.59
08.01.2017 02:28;0;0;0;0;0;0;0
08.01.2017 02:29;901.9;901.9;901.9;901.9;0.58;520.01;901.9
08.01.2017 02:30;0;0;0;0;0;0;0
08.01.2017 02:31;901.9;902.95;901.9;902.95;20.34;18354.84;902.55
08.01.2017 02:32;902.95;904.91;902.95;904.91;22.69;20509.7;903.94
08.01.2017 02:33;906.25;906.25;905.15;905.15;1.22;1101;905.6
08.01.2017 02:34;0;0;0;0;0;0;0
08.01.2017 02:35;906.9;907.27;906.9;907.27;69;62586.16;906.99
08.01.2017 02:36;907.27;907.59;907.27;907.59;10.15;9209.41;907.28
08.01.2017 02:37;907.77;907.99;907.77;907.99;3;2723.96;907.99
08.01.2017 02:38;907.99;908.49;907.99;908.49;15.88;14420.3;908.24
08.01.2017 02:39;908.49;908.97;908.49;908.97;7.17;6519.34;908.83
08.01.2017 02:40;908.97;909.73;908.97;909.47;23.8;21642.38;909.26
08.01.2017 02:41;909.73;909.96;909.73;909.96;14.15;12872.55;909.88
08.01.2017 02:42;909.96;909.96;909.63;909.83;7.07;6432.81;909.87
08.01.2017 02:43;909.52;910;909.52;910;19.28;17544.93;909.99
08.01.2017 02:44;910.41;910.41;910;910.4;36.81;33506.65;910.38
08.01.2017 02:45;909.78;909.78;909.78;909.78;7;6368.46;909.78
08.01.2017 02:46;909.91;909.91;909.91;909.91;3.66;3326.87;909.91
08.01.2017 02:47;910.37;911.31;910.37;911.31;19.5;17761.59;910.72
08.01.2017 02:48;911.31;912.31;911.31;912.31;12.06;10998.56;911.99
08.01.2017 02:49;912.31;913.75;912.31;913.75;44.4;40535.42;912.91
08.01.2017 02:50;913.75;913.75;913.75;913.75;0.1;91.38;913.75
08.01.2017 02:51;913.61;913.99;913.61;913.99;10.28;9394.48;913.86
08.01.2017 02:52;913.99;915;913.99;915;44.74;40918.96;914.65
08.01.2017 02:53;915;915;914.69;915;62.91;57562.56;915
08.01.2017 02:54;915;915;915;915;30.65;28045.37;915
08.01.2017 02:55;915;915;915;915;0.18;161.59;915
08.01.2017 02:56;915;915;915;915;0.18;161.9;915
08.01.2017 02:57;915;915;915;915;1.68;1533.52;915
08.01.2017 02:58;915;915;915;915;0.23;206.26;915
08.01.2017 02:59;915;915;914.99;915;0.32;292.8;914.99
08.01.2017 03:00;915;915;914.89;915;5.18;4739.15;914.89
08.01.2017 03:01;915;915;914.87;915;7.22;6608.2;914.96
08.01.2017 03:02;915;915;914.99;915;0.23;209.54;915
08.01.2017 03:03;915;915;914.99;915;7.88;7209.83;915
08.01.2017 03:04;915;915;914.75;915;18.15;16605.43;914.9
08.01.2017 03:05;914.79;914.99;914.51;914.51;38.93;35618.58;914.91
08.01.2017 03:06;914.61;914.61;914.61;914.61;0.01;9.15;914.61
08.01.2017 03:07;915;915;914.78;915;0.17;151.69;914.98
08.01.2017 03:08;915;915;914.7;914.7;19.41;17757.73;914.73
08.01.2017 03:09;915;915;915;915;4;3660;915
08.01.2017 03:10;914.99;914.99;914.95;914.95;4.02;3678.18;914.97
08.01.2017 03:11;914.89;914.89;914.89;914.89;0.02;18.3;914.89
08.01.2017 03:12;914.94;914.99;914.94;914.99;0.04;36.6;914.97
08.01.2017 03:13;914.99;915;914.99;915;1.33;1218.09;915
08.01.2017 03:14;915;915;915;915;12.03;11008;915
08.01.2017 03:15;915;915;914.95;914.95;0.87;800.41;914.99
08.01.2017 03:16;914.88;914.88;914.8;914.8;0.47;429.18;914.81
08.01.2017 03:17;0;0;0;0;0;0;0
08.01.2017 03:18;914.79;914.79;914.79;914.79;0.05;49.56;914.79
08.01.2017 03:19;0;0;0;0;0;0;0
08.01.2017 03:20;914.37;914.37;914.37;914.37;0.08;74.16;914.37
08.01.2017 03:21;0;0;0;0;0;0;0
08.01.2017 03:22;0;0;0;0;0;0;0
08.01.2017 03:23;914.37;914.37;914.36;914.36;0.12;105.22;914.36
08.01.2017 03:24;914.27;914.27;914.26;914.26;10.14;9266.53;914.26
08.01.2017 03:25;0;0;0;0;0;0;0
08.01.2017 03:26;0;0;0;0;0;0;0
08.01.2017 03:27;913.49;913.49;913.49;913.49;0.81;735.36;913.49
08.01.2017 03:28;914.26;914.26;914.26;914.26;10;9142.6;914.26
08.01.2017 03:29;914.26;915;914.26;915;20;18296.02;914.8
08.01.2017 03:30;0;0;0;0;0;0;0
08.01.2017 03:31;915;915;913.91;914.08;21.45;19625.16;914.98
08.01.2017 03:32;914.99;914.99;914.14;914.14;0.12;106.1;914.26
08.01.2017 03:33;914.15;914.15;913.54;913.54;0.1;91.37;913.7
08.01.2017 03:34;914.97;915;913.63;913.63;10.15;9287.99;914.99
08.01.2017 03:35;913.88;913.94;913.88;913.94;0.43;396.56;913.89
08.01.2017 03:36;913.96;914.14;913.96;914.14;0.57;518.37;914.02
08.01.2017 03:37;914.5;914.97;913.65;913.65;0.2;182.85;914.27
08.01.2017 03:38;914.97;915;914.97;914.99;0.86;786.33;914.99
08.01.2017 03:39;915;915;914.99;914.99;0.47;430.78;915
08.01.2017 03:40;914.99;914.99;914.99;914.99;0.1;91.5;914.99
08.01.2017 03:41;915;915.58;915;915.58;3.25;2977.75;915.04
08.01.2017 03:42;915.9;915.93;915.9;915.93;0.12;109.91;915.93
08.01.2017 03:43;915.98;916.67;915.98;916.3;1.32;1206.96;916.26
08.01.2017 03:44;916.66;916.67;916.27;916.27;2.33;2138.84;916.57
08.01.2017 03:45;916.69;916.69;916.26;916.26;0.4;368.9;916.48
08.01.2017 03:46;916.26;916.7;916.26;916.7;2.98;2729.32;916.67
08.01.2017 03:47;916.91;917.01;916.91;917.01;15.18;13922.32;916.97
08.01.2017 03:48;917.99;920;917.99;918.23;43.07;39605.79;919.62
08.01.2017 03:49;919.32;919.9;918.05;919.9;13.81;12698.26;919.73
08.01.2017 03:50;919.92;920;918.17;918.17;18.4;16931.3;919.96
08.01.2017 03:51;920.01;920.01;918.18;918.25;0.12;113.77;918.5
08.01.2017 03:52;918.2;918.2;918.2;918.2;0.1;91.82;918.2
08.01.2017 03:53;918.23;918.23;918.23;918.23;0.1;91.82;918.23
08.01.2017 03:54;920.23;920.32;918.2;918.2;10.1;9295.01;920.3
08.01.2017 03:55;918.2;918.2;916.51;917.5;2.93;2686.09;917.44
08.01.2017 03:56;917.98;917.98;917.98;917.98;0.1;91.8;917.98
08.01.2017 03:57;920.4;920.4;918.35;918.35;0.52;474.72;920
08.01.2017 03:58;920.26;920.26;917.63;917.63;0.14;128.57;918.38
08.01.2017 03:59;917.7;917.7;917.51;917.54;0.42;385.4;917.62
08.01.2017 04:00;918.05;919.18;917.55;917.55;2.56;2354.41;919.02
08.01.2017 04:01;919.18;920.25;917.72;917.8;6.81;6248.31;917.92
08.01.2017 04:02;917.8;917.8;917.51;917.51;4.49;4125.08;917.75
08.01.2017 04:03;918.97;918.97;916.2;916.2;0.13;121.95;916.89
08.01.2017 04:04;918.86;919.62;916.62;916.62;10.13;9313.53;919.04
08.01.2017 04:05;920.21;920.21;917.16;917.16;0.16;144.17;918.27
08.01.2017 04:06;920.26;920.26;917.63;917.63;0.14;128.57;918.38
08.01.2017 04:07;920.26;920.26;917.2;917.2;0.12;110.13;917.71
08.01.2017 04:08;917.72;917.72;917.72;917.72;0.1;91.77;917.72
08.01.2017 04:09;917.53;917.53;917.53;917.53;0.1;91.75;917.53
08.01.2017 04:10;919.15;919.15;917.86;917.86;0.17;152.45;918.36
08.01.2017 04:11;918.08;918.08;918.08;918.08;0.1;91.81;918.08
08.01.2017 04:12;919.59;919.59;918.33;918.33;0.12;110.22;918.54
08.01.2017 04:13;918.61;918.61;918.61;918.61;0.1;91.86;918.61
08.01.2017 04:14;920.33;920.4;918.86;918.86;0.75;686.46;920.19
08.01.2017 04:15;920.41;920.41;919.29;919.29;0.73;669.03;920.26
08.01.2017 04:16;920.9;922;920.9;921.55;33.67;31046.48;921.98
08.01.2017 04:17;922.32;922.32;922.17;922.17;0.77;714;922.3
08.01.2017 04:18;922.32;922.32;922.32;922.32;1.52;1403.82;922.32
08.01.2017 04:19;923.09;923.35;923.09;923.35;40.6;37479.59;923.15
08.01.2017 04:20;924;924.27;924;924.27;71.69;66257.18;924.19
08.01.2017 04:21;924.5;925;924.48;924.48;36;33297.18;924.99
08.01.2017 04:22;925;925.03;925;925.03;8.19;7571.54;925
08.01.2017 04:23;925.3;925.44;925.3;925.44;0.11;97.63;925.43
08.01.2017 04:24;925.53;925.9;925.53;925.65;11.33;10487.64;925.84
08.01.2017 04:25;925.86;925.86;925.86;925.86;0.1;92.59;925.86
08.01.2017 04:26;926.06;926.06;926.06;926.06;0.1;92.61;926.06
08.01.2017 04:27;926.64;926.64;926.3;926.3;0.35;324.29;926.54
08.01.2017 04:28;926.34;926.71;926.33;926.71;34.84;32275.62;926.45
08.01.2017 04:29;926.94;926.94;926.94;926.94;0.1;92.69;926.94
08.01.2017 04:30;927.91;928.96;927.91;928.96;13.53;12568.95;928.65
08.01.2017 04:31;928.97;930.23;928.97;929.12;18.53;17228.52;929.97
08.01.2017 04:32;929.23;929.23;928;928;4.61;4282.65;929.05
08.01.2017 04:33;928.85;929.33;928;928;20.21;18777.78;928.94
08.01.2017 04:34;928.16;930.22;928.02;928.02;31.52;29269.12;928.64
08.01.2017 04:35;928.27;928.27;928.27;928.27;0.1;92.83;928.27
08.01.2017 04:36;930.23;930.41;930.23;930.41;13.87;12898.56;930.25
08.01.2017 04:37;930.41;930.89;930.41;930.89;19.18;17843.66;930.42
08.01.2017 04:38;930.88;931;930.88;931;0.22;204.81;930.94
08.01.2017 04:39;931;931.06;931;931.06;15.64;14565.58;931.02
08.01.2017 04:40;931;932.65;931;932.01;20.51;19123.15;932.32
08.01.2017 04:41;932.01;933.69;930.45;930.45;15.73;14673.01;932.66
08.01.2017 04:42;931.98;931.98;930.46;930.46;0.27;255.21;931.43
08.01.2017 04:43;931.98;931.99;930.52;931.98;1.8;1679.64;931.58
08.01.2017 04:44;931.99;935;931.99;935;13.4;12521.2;934.42
08.01.2017 04:45;934.51;935.88;932.93;932.93;16.1;15053.55;934.93
08.01.2017 04:46;934.92;935.88;934.92;934.97;3.86;3611.12;935.48
08.01.2017 04:47;934.97;934.97;932.9;933.3;9.71;9066.37;934.01
08.01.2017 04:48;934.96;934.96;933.56;933.56;0.78;730.98;934.76
08.01.2017 04:49;934.96;934.96;932.46;933.66;7.68;7166.6;933.65
08.01.2017 04:50;935.49;935.5;933.89;933.89;0.38;351.89;935.07
08.01.2017 04:51;935.49;935.89;934.11;934.11;1.07;1003.26;935.69
08.01.2017 04:52;935.89;935.89;934.28;934.28;0.53;499.6;935.59
08.01.2017 04:53;935.89;935.89;934.49;934.49;0.5;465.09;935.61
08.01.2017 04:54;935.89;937.96;934.5;935.09;3.4;3182.61;936.79
08.01.2017 04:55;937.96;937.96;935.93;935.93;0.39;364.48;937.44
08.01.2017 04:56;937.96;938;936.05;936.05;1.43;1343.01;937.86
08.01.2017 04:57;938;938;935.5;935.5;1.57;1472.9;936.1
08.01.2017 04:58;937.99;937.99;935.67;935.72;2.71;2537.37;937.17
08.01.2017 04:59;937.18;938;937.05;937.05;1.34;1259.77;937.89
08.01.2017 05:00;938;938;937.28;937.28;2.54;2384.67;937.97
08.01.2017 05:01;938;938.32;937.6;937.6;0.53;499.93;937.96
08.01.2017 05:02;938.32;938.32;937.79;938.31;5.98;5607.91;938.2
08.01.2017 05:03;938.31;938.31;935.5;935.5;4.29;4019.27;937.09
08.01.2017 05:04;938.26;938.39;935.52;935.52;10.62;9961.44;938.29
08.01.2017 05:05;938.47;939;935.51;935.77;31.35;29421.19;938.36
08.01.2017 05:06;938.99;939;934.01;934.01;12.09;11345.07;938.07
08.01.2017 05:07;934.89;934.89;926.99;928.38;94.66;88059.11;930.3
08.01.2017 05:08;933.68;933.68;929.14;929.14;2.89;2701.85;933.36
08.01.2017 05:09;929.14;933.5;929.14;929.67;3.58;3332.61;931.01
08.01.2017 05:10;933.29;933.29;930.03;932.66;0.57;534.11;932.62
08.01.2017 05:11;933.09;933.19;930.27;933.19;0.46;431.76;932.52
08.01.2017 05:12;933.19;933.21;933.19;933.19;1.94;1814.05;933.2
08.01.2017 05:13;933.19;933.21;930.69;930.69;0.82;766.59;932.89
08.01.2017 05:14;930.7;936.04;929.33;929.74;18.04;16819.28;932.44
08.01.2017 05:15;936.03;936.03;930.1;930.1;0.68;635.15;935.14
08.01.2017 05:16;935.89;935.89;930.46;930.46;0.64;601.63;934.93
08.01.2017 05:17;936.01;937.06;930.87;930.87;0.61;569.19;935.87
08.01.2017 05:18;936.09;936.14;931.1;931.1;0.5;466.9;935.1
08.01.2017 05:19;935.98;935.99;931.27;931.27;0.46;426.03;934.89
08.01.2017 05:20;935.99;935.99;933.02;933.02;0.46;433.07;935.35
08.01.2017 05:21;937.01;938.4;937.01;937.98;73.81;69236.03;938.01
08.01.2017 05:22;939.3;939.35;935.05;935.05;29.68;27873.41;939.27
08.01.2017 05:23;939.34;939.35;936.26;936.26;0.57;534.93;938.81
08.01.2017 05:24;939.34;940;936.73;936.73;9.82;9232.11;939.9
08.01.2017 05:25;940;940;936.96;937.18;58.85;55319.83;939.99
08.01.2017 05:26;940;940;934.16;934.16;0.36;338.04;937.71
08.01.2017 05:27;936.89;940;934.79;934.79;0.46;431.47;937.98
08.01.2017 05:28;940;940;935.9;935.9;0.42;398.15;939.03
08.01.2017 05:29;940;940;936.6;936.6;0.35;331.01;939.04
08.01.2017 05:30;939.99;939.99;936.56;936.73;0.51;477.72;938
08.01.2017 05:31;936.56;936.56;936.56;936.56;0.1;93.66;936.56
08.01.2017 05:32;936.56;936.56;936.56;936.56;0.1;93.66;936.56
08.01.2017 05:33;936.95;936.95;936.95;936.95;0.1;93.7;936.95
08.01.2017 05:34;939.98;940;936.83;936.83;10.1;9493.61;939.96
08.01.2017 05:35;936.89;936.89;936.65;936.65;0.2;185.21;936.77
08.01.2017 05:36;939.83;939.83;936.88;936.88;0.48;447.07;939.21
08.01.2017 05:37;936.88;937.09;936.88;937.09;0.12;113.92;937.05
08.01.2017 05:38;938.15;941.81;938.15;938.22;29.18;27413.62;939.34
08.01.2017 05:39;940.83;940.83;938.28;938.62;0.56;529.45;939.62
08.01.2017 05:40;938.72;938.82;938.72;938.82;0.26;244.08;938.77
08.01.2017 05:41;938.34;938.34;931.36;931.36;22.52;21075.47;935.97
08.01.2017 05:42;933.91;933.99;925.47;925.51;25.58;23750.62;928.33
08.01.2017 05:43;925.76;925.76;925.76;925.76;0.1;92.58;925.76
08.01.2017 05:44;927.82;927.82;925.69;925.69;10.1;9370.77;927.8
08.01.2017 05:45;926.01;926.01;919.25;920.42;109.97;101339.22;921.5
08.01.2017 05:46;920.8;925.19;919.27;921.45;25.87;23827.41;921.11
08.01.2017 05:47;919.38;919.38;919.38;919.38;0.1;91.94;919.38
08.01.2017 05:48;922.62;922.62;922.62;922.62;0.1;92.26;922.62
08.01.2017 05:49;923.7;929.3;923.7;925.29;7.51;6947.48;924.55
08.01.2017 05:50;925.31;931.48;925.31;926.23;3.46;3221.88;930.36
08.01.2017 05:51;927.14;927.14;927.14;927.14;0.1;92.71;927.14
08.01.2017 05:52;927.47;927.55;927.47;927.55;0.11;103.88;927.54
08.01.2017 05:53;927.82;927.82;927.82;927.82;0.1;92.78;927.82
08.01.2017 05:54;931.44;931.44;929.44;929.44;10.1;9407.34;931.42
08.01.2017 05:55;931.47;932.97;931.47;932.97;1.1;1022.92;931.83
08.01.2017 05:56;932.97;932.97;931.51;931.51;0.1;93.21;932.09
08.01.2017 05:57;933.72;934;931.47;931.47;8.1;7563.48;933.76
08.01.2017 05:58;931.48;931.48;931.48;931.48;0.1;93.15;931.48
08.01.2017 05:59;931.47;931.47;931.47;931.47;0.1;93.15;931.47
08.01.2017 06:00;931.47;931.54;930.11;930.11;2.14;1992.86;931.39
08.01.2017 06:01;931.26;931.26;930.26;930.26;0.12;106.99;930.39
08.01.2017 06:02;930.41;930.41;930.41;930.41;0.1;93.04;930.41
08.01.2017 06:03;930.99;930.99;930.99;930.99;0.1;93.1;930.99
08.01.2017 06:04;932.44;932.44;931.14;931.14;10.1;9417.51;932.43
08.01.2017 06:05;931.2;931.22;930.99;930.99;2.57;2392.02;931.12
08.01.2017 06:06;930.99;930.99;930.01;930.01;1.9;1768.78;930.94
08.01.2017 06:07;930.01;930.01;926.17;926.17;7.34;6822.43;929.95
08.01.2017 06:08;926.57;926.57;926.57;926.57;0.1;92.66;926.57
08.01.2017 06:09;926.63;926.63;925.03;925.17;8.49;7862.72;926.4
08.01.2017 06:10;927.06;927.06;927.05;927.05;10.33;9577.13;927.05
08.01.2017 06:11;925.32;925.94;925.32;925.94;0.2;185.13;925.63
08.01.2017 06:12;926.59;926.59;926.59;926.59;0.1;92.66;926.59
08.01.2017 06:13;927.08;927.08;927.08;927.08;0.1;92.71;927.08
08.01.2017 06:14;927.1;930.78;925.31;925.31;12.65;11765.79;930.03
08.01.2017 06:15;925.79;925.96;925.77;925.96;14.25;13193.84;925.78
08.01.2017 06:16;928.05;928.05;928.05;928.05;0.1;92.81;928.05
08.01.2017 06:17;928.44;928.44;928.44;928.44;0.1;92.84;928.44
08.01.2017 06:18;928.73;928.73;928.73;928.73;0.1;92.87;928.73
08.01.2017 06:19;928.91;928.91;927.08;927.08;6.87;6377.72;928.87
08.01.2017 06:20;927.11;927.11;927.11;927.11;0.1;92.71;927.11
08.01.2017 06:21;926.06;926.06;926.06;926.06;0.1;92.61;926.06
08.01.2017 06:22;926.6;926.6;926.6;926.6;0.1;92.66;926.6
08.01.2017 06:23;926.21;926.21;926.21;926.21;0.1;92.62;926.21
08.01.2017 06:24;930.88;931.9;929.25;929.25;10.41;9700.61;931.86
08.01.2017 06:25;929.26;929.6;929.26;929.6;0.12;113.04;929.54
08.01.2017 06:26;929.81;929.81;929.81;929.81;0.1;92.98;929.81
08.01.2017 06:27;929.26;929.26;929.26;929.26;0.1;92.93;929.26
08.01.2017 06:28;929.93;929.93;929.93;929.93;0.1;92.99;929.93
08.01.2017 06:29;930.71;930.71;930.71;930.71;0.1;93.07;930.71
08.01.2017 06:30;930.74;930.74;930.71;930.71;49.24;45828.46;930.74
08.01.2017 06:31;929.39;929.44;929.39;929.44;0.2;185.88;929.42
08.01.2017 06:32;927.9;927.9;927.9;927.9;0.1;92.79;927.9
08.01.2017 06:33;0;0;0;0;0;0;0
08.01.2017 06:34;928.05;934.9;928.05;929.29;10.2;9517.59;933.1
08.01.2017 06:35;930.73;930.74;930;930.74;24.97;23230.68;930.34
08.01.2017 06:36;930.74;930.74;930;930.66;22.63;21046.05;930.01
08.01.2017 06:37;934.29;934.29;932.53;932.53;0.23;212.15;933.45
08.01.2017 06:38;932.76;932.76;932.76;932.76;0.1;93.28;932.76
08.01.2017 06:39;933.01;933.18;933.01;933.17;0.12;112.66;933.14
08.01.2017 06:40;933.3;933.3;933.3;933.3;0.1;93.33;933.3
08.01.2017 06:41;933.59;934.2;933.41;933.41;0.16;152.11;933.6
08.01.2017 06:42;933.54;933.54;933.54;933.54;0.1;93.35;933.54
08.01.2017 06:43;933.56;935;933.47;935;4.88;4559.9;933.51
08.01.2017 06:44;935;937.53;935;935;12.92;12104.27;936.86
08.01.2017 06:45;937.49;937.49;935.21;935.21;0.51;474.38;937.04
08.01.2017 06:46;937.17;937.17;935.17;935.17;22.53;21116.09;937.16
08.01.2017 06:47;935.14;935.14;935.14;935.14;0.1;93.51;935.14
08.01.2017 06:48;936.16;936.16;935.18;935.18;0.6;561.6;936
08.01.2017 06:49;935.53;937.15;935.01;935.01;26.4;24727.19;936.63
08.01.2017 06:50;937.02;939.86;935.84;935.84;53.1;49834.57;938.5
08.01.2017 06:51;936.97;936.97;936.29;936.29;2.12;1989.46;936.94
08.01.2017 06:52;935.34;935.34;935;935;6.21;5803.33;935.07
08.01.2017 06:53;935.01;935.01;935.01;935.01;0.1;93.5;935.01
08.01.2017 06:54;935.43;935.44;935;935;10.1;9447.85;935.43
08.01.2017 06:55;936.35;938.75;935.17;935.17;43.1;40424.26;937.92
08.01.2017 06:56;935.8;935.8;935.8;935.8;0.1;93.58;935.8
08.01.2017 06:57;936.86;936.86;935.98;935.98;0.62;583.21;936.69
08.01.2017 06:58;935.99;936.01;935.01;935.01;7.21;6745.7;935.48
08.01.2017 06:59;935.2;935.2;935;935.01;4.45;4163.21;935.02
08.01.2017 07:00;935.01;935.02;935;935;23;21505.12;935.01
08.01.2017 07:01;935;935;935;935;75.34;70442.71;935
08.01.2017 07:02;935;935.01;935;935;106.75;99815.54;935
08.01.2017 07:03;935;935;929.36;929.36;2.57;2396.13;933.73
08.01.2017 07:04;929.4;932.43;929.4;929.5;53.82;50053.09;929.96
08.01.2017 07:05;929.51;929.51;929.51;929.51;0.1;92.95;929.51
08.01.2017 07:06;931.91;931.91;929.57;929.57;17.6;16401.38;931.9
08.01.2017 07:07;929.88;929.88;929.88;929.88;0.1;92.99;929.88
08.01.2017 07:08;929.85;929.85;929.85;929.85;0.1;92.99;929.85
08.01.2017 07:09;929.74;929.74;929.74;929.74;0.1;92.97;929.74
08.01.2017 07:10;930.76;930.76;930.76;930.76;0.1;93.08;930.76
08.01.2017 07:11;929.64;929.64;929.64;929.64;0.1;92.96;929.64
08.01.2017 07:12;933.38;933.38;929.67;929.67;4.58;4271.19;933.24
08.01.2017 07:13;933.25;934.39;933.13;934.39;26.15;24408.29;933.36
08.01.2017 07:14;935;937.03;935;937.03;19.64;18367.57;935.38
08.01.2017 07:15;933.59;937.03;933.59;933.89;0.37;343.51;934.46
08.01.2017 07:16;935;935;934.38;934.38;4.61;4305.91;934.99
08.01.2017 07:17;934.9;934.9;934.9;934.9;0.1;93.49;934.9
08.01.2017 07:18;935.43;935.43;935.43;935.43;0.1;93.54;935.43
08.01.2017 07:19;935.76;935.76;935.76;935.76;0.1;93.58;935.76
08.01.2017 07:20;935.86;936.02;935.86;936.02;0.11;98.66;936.01
08.01.2017 07:21;934.28;934.28;934.28;934.28;0.1;93.43;934.28
08.01.2017 07:22;934.95;934.95;934.95;934.95;0.1;93.5;934.95
08.01.2017 07:23;938.95;938.95;934.17;934.23;2.07;1934.02;935.26
08.01.2017 07:24;938.29;938.93;934.33;934.33;10.19;9558.27;938.27
08.01.2017 07:25;935.06;935.06;935.06;935.06;0.1;93.51;935.06
08.01.2017 07:26;935.5;935.5;935.5;935.5;0.1;93.55;935.5
08.01.2017 07:27;935.62;935.65;935.51;935.51;3.58;3353.06;935.63
08.01.2017 07:28;935.51;936;935.51;936;3.24;3031.14;935.7
08.01.2017 07:29;936.01;936.01;936.01;936.01;5.1;4773.65;936.01
08.01.2017 07:30;936.03;936.03;935.6;935.6;16.89;15810.6;935.92
08.01.2017 07:31;935.61;935.61;935.34;935.41;4.13;3864.4;935.6
08.01.2017 07:32;935.4;940;935.4;940;27.2;25462.35;936.2
08.01.2017 07:33;940;940;933.49;933.49;7.08;6621.36;935.25
08.01.2017 07:34;935.25;935.25;933.49;933.49;10.1;9445.85;935.23
08.01.2017 07:35;933.49;935.11;926.21;926.21;64.77;60311.18;931.2
08.01.2017 07:36;930.75;930.75;927.05;927.05;0.76;705.14;930.26
08.01.2017 07:37;926.07;926.07;926.07;926.07;0.1;92.61;926.07
08.01.2017 07:38;927.58;927.58;927.58;927.58;0.1;92.76;927.58
08.01.2017 07:39;930;930;927.78;927.78;0.17;157.13;928.69
08.01.2017 07:40;929.83;929.83;928.51;928.51;0.15;142.73;928.97
08.01.2017 07:41;931.41;932.29;928.83;928.83;40.59;37824.28;931.77
08.01.2017 07:42;929.47;929.47;929.47;929.47;0.1;92.95;929.47
08.01.2017 07:43;930.14;930.14;930.14;930.14;0.1;93.01;930.14
08.01.2017 07:44;930.75;930.75;930.75;930.75;0.1;93.08;930.75
08.01.2017 07:45;931.45;931.45;931.45;931.45;0.1;93.15;931.45
08.01.2017 07:46;932.16;932.16;932.16;932.16;0.1;93.22;932.16
08.01.2017 07:47;935.36;935.36;932.74;932.74;0.12;112.87;933.19
08.01.2017 07:48;932.31;932.31;932.31;932.31;0.1;93.23;932.31
08.01.2017 07:49;935.32;936.38;932.23;932.23;17.19;16098.66;936.27
08.01.2017 07:50;932.31;932.31;930.62;930.92;20.09;18712.3;931.42
08.01.2017 07:51;931.51;931.51;931.51;931.51;0.1;93.15;931.51
08.01.2017 07:52;931.3;931.3;931.3;931.3;0.1;93.13;931.3
08.01.2017 07:53;931.3;933.57;930.62;930.62;7.48;6972;931.89
08.01.2017 07:54;930.62;930.62;928.51;928.51;27.87;25899.54;929.16
08.01.2017 07:55;930;932.21;928.54;928.58;2.34;2180.73;931.24
08.01.2017 07:56;928.6;931.27;928.6;928.84;0.18;163.92;929.17
08.01.2017 07:57;930.69;930.7;928.52;928.52;0.43;401.28;930.19
08.01.2017 07:58;928.54;928.54;928.54;928.54;0.1;92.85;928.54
08.01.2017 07:59;930.72;930.72;928.51;929.37;17.75;16483.57;928.75
08.01.2017 08:00;929.35;929.37;928.51;929.37;8.32;7729.41;929.27
08.01.2017 08:01;929.37;929.97;929.37;929.37;17.94;16672.6;929.58
08.01.2017 08:02;929.95;929.99;925;926;11.77;10921.1;927.86
08.01.2017 08:03;929.37;929.94;926.03;929.62;10.35;9608.04;928.68
08.01.2017 08:04;929.97;929.99;929.97;929.98;30.1;27990.1;929.99
08.01.2017 08:05;929.99;929.99;929.98;929.99;25.64;23842.17;929.99
08.01.2017 08:06;930.02;930.02;929.94;929.94;28;26039.37;929.98
08.01.2017 08:07;929.96;929.99;929.94;929.99;7.57;7042.78;929.97
08.01.2017 08:08;929.99;930;929.99;930;12.95;12042.93;929.99
08.01.2017 08:09;930;931.87;930;930.71;1.59;1484.36;930.64
08.01.2017 08:10;930.71;930.71;925;925;22.81;21200.05;929.32
08.01.2017 08:11;925;927.66;921.52;927.66;6.54;6059.12;926.67
08.01.2017 08:12;921.53;928.73;921.53;928.73;20.3;18829.67;927.43
08.01.2017 08:13;929.94;929.94;928.85;928.85;0.12;112.79;929.04
08.01.2017 08:14;929.51;930.45;929.51;930.44;6.77;6299.32;930.39
08.01.2017 08:15;930.47;930.47;929.52;929.52;18.62;17325.19;930.44
08.01.2017 08:16;930.45;931.99;930.45;930.54;15.72;14638.31;931
08.01.2017 08:17;931.98;932.11;931.98;932.11;16.95;15794.41;932
08.01.2017 08:18;932.51;932.51;932.51;932.51;0.1;93.25;932.51
08.01.2017 08:19;932.69;932.69;932.69;932.69;0.1;93.27;932.69
08.01.2017 08:20;932.78;932.81;932.07;932.07;1.69;1573.79;932.76
08.01.2017 08:21;932.07;932.07;932.07;932.07;0.1;93.21;932.07
08.01.2017 08:22;932.08;932.11;932.08;932.11;35.1;32716.91;932.11
08.01.2017 08:23;932.23;932.23;932.23;932.23;0.1;93.22;932.23
08.01.2017 08:24;932.39;932.39;932.39;932.39;0.1;93.24;932.39
08.01.2017 08:25;932.8;933.81;932.54;932.54;0.25;236.64;933.23
08.01.2017 08:26;932.57;932.59;931.99;931.99;15.12;14101.24;932.37
08.01.2017 08:27;931.03;931.03;930.52;930.52;0.11;102.36;930.57
08.01.2017 08:28;930.46;930.46;928.82;928.82;5.84;5427.84;929.85
08.01.2017 08:29;928.83;928.83;928.73;928.73;14.78;13727.3;928.78
08.01.2017 08:30;928.82;928.82;928.74;928.74;2.7;2507.04;928.82
08.01.2017 08:31;928.82;928.82;928.73;928.73;0.11;102.16;928.74
08.01.2017 08:32;928.73;928.73;927.65;927.65;2.6;2411.76;928.59
08.01.2017 08:33;928.61;929.79;928.58;928.88;5.12;4759.86;928.98
08.01.2017 08:34;929.77;930.11;928.9;930.11;20.21;18791.03;929.78
08.01.2017 08:35;930.38;930.38;930.38;930.38;0.1;93.04;930.38
08.01.2017 08:36;930.45;931;930.45;931;0.31;287.81;930.63
08.01.2017 08:37;931.01;931.01;931;931;5.66;5267.73;931.01
08.01.2017 08:38;931.01;931.01;931;931;4.96;4613.25;931
08.01.2017 08:39;931;931;930.04;930.05;9.36;8708.23;930.59
08.01.2017 08:40;930.05;930.05;930.05;930.05;0.12;108.73;930.05
08.01.2017 08:41;930.05;930.05;930.05;930.05;0.1;93.01;930.05
08.01.2017 08:42;930.05;930.09;930.05;930.09;0.35;325.52;930.06
08.01.2017 08:43;930.04;930.04;930.04;930.04;0.1;93;930.04
08.01.2017 08:44;930.05;930.05;930.05;930.05;0.1;93.01;930.05
08.01.2017 08:45;931.01;931.04;930.21;930.21;4.1;3817.14;931.01
08.01.2017 08:46;930.68;931.04;930.68;931.04;0.25;231.7;930.9
08.01.2017 08:47;931.04;931.04;930.84;930.84;0.2;184.85;930.94
08.01.2017 08:48;931.04;931.04;930.99;930.99;0.13;123.9;931
08.01.2017 08:49;931.04;931.04;930.8;930.8;2.07;1924.21;930.92
08.01.2017 08:50;930.8;930.8;930.8;930.8;20.1;18709.21;930.8
08.01.2017 08:51;931.04;931.04;930.83;930.83;0.5;465.19;931
08.01.2017 08:52;930.12;930.14;930.12;930.14;2.5;2326.74;930.12
08.01.2017 08:53;930.15;930.15;930.04;930.05;9.91;9214.06;930.04
08.01.2017 08:54;930.05;930.07;930.05;930.07;1.27;1182.88;930.07
08.01.2017 08:55;930.08;930.08;930.08;930.08;0.1;93.01;930.08
08.01.2017 08:56;930.09;930.09;930.08;930.08;0.11;102.31;930.08
08.01.2017 08:57;930.09;930.09;930.08;930.08;0.27;250.49;930.09
08.01.2017 08:58;930.09;930.12;930.09;930.12;15.08;14021.42;930.1
08.01.2017 08:59;930.8;930.8;930.15;930.15;2.47;2298.08;930.77
08.01.2017 09:00;930.15;930.15;930.15;930.15;0.1;93.02;930.15
08.01.2017 09:01;930.2;930.2;930.19;930.19;0.6;558.12;930.2
08.01.2017 09:02;930.74;930.74;930.15;930.15;0.54;497.97;930.61
08.01.2017 09:03;930.7;930.83;930.7;930.7;0.9;840.32;930.76
08.01.2017 09:04;930.85;931.01;930.7;930.84;2.68;2495.98;930.93
08.01.2017 09:05;930.85;931;930.84;930.99;6.92;6443.46;930.96
08.01.2017 09:06;930.85;930.85;930.85;930.85;2.75;2562.31;930.85
08.01.2017 09:07;931.01;931.01;930.85;930.85;0.22;206.2;930.94
08.01.2017 09:08;931.01;931.01;930.85;930.85;0.19;173.51;930.91
08.01.2017 09:09;931.01;931.01;930.85;930.85;0.16;149.93;930.9
08.01.2017 09:10;930.85;930.85;930.85;930.85;0.1;93.09;930.85
08.01.2017 09:11;931.01;931.14;931.01;931.14;10.08;9382.84;931.02
08.01.2017 09:12;932.78;932.78;931.32;931.35;1.31;1219.27;932.19
08.01.2017 09:13;931.37;931.47;930.85;930.9;7.22;6721.24;931.14
08.01.2017 09:14;930.85;932.19;930.85;930.85;0.56;521.53;931
08.01.2017 09:15;930.87;930.87;930.87;930.87;0.1;93.09;930.87
08.01.2017 09:16;930.87;930.88;930.87;930.88;0.3;279.26;930.87
08.01.2017 09:17;930.88;930.88;930.85;930.85;0.88;815.8;930.86
08.01.2017 09:18;931.6;931.6;930.94;930.94;2.1;1956.29;931.57
08.01.2017 09:19;932.2;933.5;932.2;933.06;12.15;11334.17;932.8
08.01.2017 09:20;933.1;933.15;933.1;933.15;0.14;130.27;933.14
08.01.2017 09:21;932.22;932.22;931.59;931.59;0.1;93.16;931.59
08.01.2017 09:22;931.32;931.32;931.32;931.32;0.1;93.13;931.32
08.01.2017 09:23;933.5;933.5;931.89;931.89;0.18;169.89;932.62
08.01.2017 09:24;931.9;931.9;931.4;931.4;1.1;1025.04;931.86
08.01.2017 09:25;931.91;933.5;931.91;932.65;0.23;210.99;933.02
08.01.2017 09:26;932.65;933.84;932.65;932.66;10.85;10131.7;933.77
08.01.2017 09:27;934.98;934.98;933.98;934.12;21.22;19840.18;934.93
08.01.2017 09:28;934.93;934.93;934.32;934.32;0.4;373.16;934.78
08.01.2017 09:29;934.32;934.32;932.57;932.57;47.74;44535.49;932.8
08.01.2017 09:30;932.57;932.57;931.6;931.6;0.1;93.26;932.56
08.01.2017 09:31;931.52;931.52;931.52;931.52;0.1;93.15;931.52
08.01.2017 09:32;932.05;934.93;931.55;931.55;0.3;277.39;932.39
08.01.2017 09:33;931.6;931.6;931.36;931.36;2.62;2438.08;931.52
08.01.2017 09:34;931.36;931.36;931.36;931.36;0.1;93.14;931.36
08.01.2017 09:35;931.38;931.38;928.61;928.61;19.3;17967.64;930.78
08.01.2017 09:36;929.97;930;929.61;929.61;5.43;5046.18;929.98
08.01.2017 09:37;930;932.54;930;932.54;29.56;27521.03;931.06
08.01.2017 09:38;932.85;933.51;931.03;932.54;41.28;38468.33;931.95
08.01.2017 09:39;932.49;932.49;931.01;931.01;20.1;18728.24;931.75
08.01.2017 09:40;930.98;930.99;930;930;0.41;385.93;930.77
08.01.2017 09:41;930.99;930.99;929.71;929.71;10.1;9393.58;930.06
08.01.2017 09:42;929.62;929.62;929.62;929.62;0.1;92.96;929.62
08.01.2017 09:43;931.94;932;929.91;929.91;5.02;4681.17;931.94
08.01.2017 09:44;930.12;932;930.1;930.14;5.11;4752.85;930.11
08.01.2017 09:45;931.98;933.38;930.1;932.87;17.14;15955.33;931.1
08.01.2017 09:46;933.36;933.51;932.87;932.87;0.86;799.66;933.18
08.01.2017 09:47;932.87;932.87;930.65;930.65;5.03;4688.67;932.13
08.01.2017 09:48;930.65;930.65;930.1;930.1;20.1;18701.12;930.4
08.01.2017 09:49;930.1;930.1;930.1;930.1;0.1;93.01;930.1
08.01.2017 09:50;930.98;930.98;930.98;930.98;0.1;93.1;930.98
08.01.2017 09:51;931;931;930.1;930.1;0.5;465.41;930.82
08.01.2017 09:52;930.97;931.96;930.97;931.16;5.48;5099.33;931
08.01.2017 09:53;931.03;931.03;929.58;929.58;25.66;23875.72;930.46
08.01.2017 09:54;928.79;928.79;928.79;928.79;0.1;92.88;928.79
08.01.2017 09:55;928.93;928.93;928.93;928.93;0.1;92.89;928.93
08.01.2017 09:56;931.49;931.5;929.01;929.01;0.36;334.96;930.8
08.01.2017 09:57;929.03;929.03;929.03;929.03;0.1;92.9;929.03
08.01.2017 09:58;931.47;931.5;928.78;928.78;0.51;472.19;930.94
08.01.2017 09:59;931.38;931.38;929.53;929.53;0.26;242.58;930.67
08.01.2017 10:00;929.53;932;929.53;929.79;19.43;18106.23;931.86
08.01.2017 10:01;930.98;930.98;930.98;930.98;0.1;93.1;930.98
08.01.2017 10:02;930.98;930.98;928.73;928.73;4.8;4464;930.32
08.01.2017 10:03;928.73;928.73;928.73;928.73;0.1;92.87;928.73
08.01.2017 10:04;928.73;929.53;928.71;929.39;10.2;9474.56;928.74
08.01.2017 10:05;928.75;929.38;928.72;928.74;21.23;19718.91;928.8
08.01.2017 10:06;928.72;928.74;928.25;928.74;3.77;3496.17;928.49
08.01.2017 10:07;928.74;928.75;928.74;928.75;1.18;1091.99;928.74
08.01.2017 10:08;928.75;928.75;926.97;927.65;6.77;6283.06;927.43
08.01.2017 10:09;926.66;926.66;926.66;926.66;0.1;92.67;926.66
08.01.2017 10:10;926.79;926.79;926.79;926.79;0.1;92.68;926.79
08.01.2017 10:11;926.78;926.78;926.78;926.78;0.11;100.04;926.78
08.01.2017 10:12;927;927;926.85;926.85;0.19;174.81;926.92
08.01.2017 10:13;927;927;926.67;926.67;0.35;320.18;926.9
08.01.2017 10:14;926.67;926.67;926.12;926.12;5.9;5461.53;926.28
08.01.2017 10:15;926.12;926.12;926.12;926.12;1.59;1471.51;926.12
08.01.2017 10:16;926.13;926.18;926.12;926.12;4.91;4546.84;926.15
08.01.2017 10:17;926.18;926.18;925.5;925.5;26.74;24761.71;926.13
08.01.2017 10:18;925.51;925.51;925.51;925.51;0.1;92.55;925.51
08.01.2017 10:19;925.99;926.22;925.99;926;7.16;6630.26;926.17
08.01.2017 10:20;926.22;926.22;926.08;926.12;1.14;1055.8;926.21
08.01.2017 10:21;926.22;926.22;926.21;926.21;2.16;1996.87;926.22
08.01.2017 10:22;926.22;926.57;926.22;926.57;9.58;8870.4;926.22
08.01.2017 10:23;927;927;926.86;926.86;0.53;491.18;926.97
08.01.2017 10:24;927;927;926.99;926.99;2.18;2018.61;927
08.01.2017 10:25;926.99;926.99;926.21;926.21;20.95;19416.84;926.99
08.01.2017 10:26;926.91;926.91;926.41;926.41;0.26;237.62;926.71
08.01.2017 10:27;926.4;926.4;925.77;925.77;0.25;231.54;926.15
08.01.2017 10:28;925.68;926.65;925.66;925.66;2.19;2028.89;925.7
08.01.2017 10:29;926.31;926.31;925.15;925.15;0.31;288.15;925.94
08.01.2017 10:30;925.15;925.15;925.15;925.15;0.1;92.52;925.15
08.01.2017 10:31;925.15;925.15;925.15;925.15;0.1;92.52;925.15
08.01.2017 10:32;925.56;925.56;925.16;925.16;0.37;345.13;925.41
08.01.2017 10:33;925.22;925.22;925.22;925.22;0.1;92.52;925.22
08.01.2017 10:34;925.2;925.2;925.2;925.2;0.1;92.52;925.2
08.01.2017 10:35;926.6;926.75;925.24;925.24;0.36;331.81;926.26
08.01.2017 10:36;925.56;925.56;925.56;925.56;0.1;92.56;925.56
08.01.2017 10:37;926.75;926.89;925.83;925.83;4.1;3800.11;926.86
08.01.2017 10:38;926.91;926.91;926.01;926.01;0.55;506.39;926.75
08.01.2017 10:39;925.49;925.49;925.49;925.49;0.1;92.55;925.49
08.01.2017 10:40;925.81;925.81;925.81;925.81;0.1;92.58;925.81
08.01.2017 10:41;926.55;926.55;925.69;925.69;0.61;565.79;925.82
08.01.2017 10:42;926.9;926.9;925.9;925.9;0.13;122.59;926.14
08.01.2017 10:43;925.93;926.9;925.93;926.05;1.13;1042.83;925.96
08.01.2017 10:44;926.83;926.91;926.66;926.66;1.1;1019.56;926.88
08.01.2017 10:45;926.66;926.66;926.66;926.66;0.1;92.67;926.66
08.01.2017 10:46;926.85;926.85;926.66;926.66;20.45;18952.39;926.67
08.01.2017 10:47;926.84;926.85;926.67;926.67;3.1;2873.22;926.84
08.01.2017 10:48;926.91;927;926.72;926.72;7.37;6831.56;926.95
08.01.2017 10:49;926.76;926.76;926.76;926.76;0.1;92.68;926.76
08.01.2017 10:50;926.84;926.9;926.76;926.76;1.17;1088.25;926.86
08.01.2017 10:51;926.89;927.14;926.89;927.14;11.33;10504.86;926.98
08.01.2017 10:52;928.01;928.01;927.44;927.44;0.58;539.74;927.9
08.01.2017 10:53;926.97;926.97;926.97;926.97;0.1;92.7;926.97
08.01.2017 10:54;927.98;927.98;926.87;926.87;0.44;403.71;927.72
08.01.2017 10:55;927.99;928.02;927.99;928.02;4.04;3751.45;928.02
08.01.2017 10:56;928.02;928.21;928.01;928.21;0.35;328.29;928.08
08.01.2017 10:57;928.49;928.49;928.49;928.49;0.1;92.85;928.49
08.01.2017 10:58;928.74;928.74;927.36;927.36;0.15;142.62;927.84
08.01.2017 10:59;928.74;928.74;927.48;927.48;0.14;127.7;927.82
08.01.2017 11:00;927.7;927.7;927.7;927.7;0.1;92.77;927.7
08.01.2017 11:01;928.74;928.74;927.77;927.77;0.35;325.2;928.46
08.01.2017 11:02;927.37;927.37;927.37;927.37;0.1;92.74;927.37
08.01.2017 11:03;926.97;926.97;926.97;926.97;0.1;92.7;926.97
08.01.2017 11:04;928.74;928.74;927.13;927.13;0.14;131.74;927.61
08.01.2017 11:05;927.16;927.16;927.16;927.16;0.1;92.72;927.16
08.01.2017 11:06;927.16;927.16;927.15;927.15;0.1;92.72;927.15
08.01.2017 11:07;927.15;927.15;927.15;927.15;0.1;92.72;927.15
08.01.2017 11:08;927.15;928.34;927.15;927.15;1.99;1842.18;927.75
08.01.2017 11:09;927.18;927.18;927.18;927.18;0.1;92.72;927.18
08.01.2017 11:10;927.99;927.99;927.17;927.17;0.13;124.21;927.38
08.01.2017 11:11;927.16;927.16;927.16;927.16;0.1;92.72;927.16
08.01.2017 11:12;928.68;928.68;927.16;927.16;2.89;2680.22;928.63
08.01.2017 11:13;928.43;928.43;927.16;927.16;0.46;426.34;928.12
08.01.2017 11:14;927.15;927.15;927.15;927.15;0.1;92.72;927.15
08.01.2017 11:15;927.96;927.96;927.15;927.15;0.42;390.21;927.77
08.01.2017 11:16;927.15;927.15;927.15;927.15;0.1;92.72;927.15
08.01.2017 11:17;927.64;927.64;927.15;927.15;4.97;4606.13;927.63
08.01.2017 11:18;927.64;927.64;927.15;927.15;0.5;463.77;927.54
08.01.2017 11:19;927.15;927.15;926.55;926.55;11;10200.89;927.14
08.01.2017 11:20;926.55;926.55;926.55;926.55;0.1;92.66;926.55
08.01.2017 11:21;926.55;926.55;925.04;925.04;2.83;2625.18;926.5
08.01.2017 11:22;925.02;925.02;922.5;922.53;34.32;31723.19;924.21
08.01.2017 11:23;922.5;923.58;922.01;922.01;4.49;4147.02;922.62
08.01.2017 11:24;924.71;924.71;922;922;0.14;124.56;922.7
08.01.2017 11:25;922.01;924.39;922;922.01;25.22;23251.08;922.02
08.01.2017 11:26;922.01;923.9;922.01;922.01;15.1;13927.82;922.12
08.01.2017 11:27;923.65;923.65;922.02;922.02;4.56;4211.3;923.53
08.01.2017 11:28;922.02;923.06;922.01;922.03;2.68;2473.11;922.8
08.01.2017 11:29;922.05;922.05;922.05;922.05;0.1;92.21;922.05
08.01.2017 11:30;924.75;924.75;922.05;922.05;0.25;227.4;923.65
08.01.2017 11:31;923.82;923.82;922.03;922.03;0.66;606.47;923.55
08.01.2017 11:32;922.04;922.04;922.04;922.04;0.1;92.2;922.04
08.01.2017 11:33;922.04;922.04;921.97;921.99;11.87;10947.22;922
08.01.2017 11:34;921.17;921.17;921.17;921.17;0.1;92.12;921.17
08.01.2017 11:35;921.95;921.95;921.17;921.17;2.12;1953.01;921.9
08.01.2017 11:36;921.25;921.5;921.25;921.39;1.57;1442.21;921.33
08.01.2017 11:37;921.5;924.7;921.5;921.78;4.88;4498.72;922.48
08.01.2017 11:38;924.68;924.71;922.34;922.34;1.57;1454.26;924.52
08.01.2017 11:39;924.49;924.49;921.11;921.11;5.34;4923.29;921.55
08.01.2017 11:40;921.13;921.13;921.13;921.13;0.1;92.11;921.13
08.01.2017 11:41;921.19;921.19;921.19;921.19;0.1;92.12;921.19
08.01.2017 11:42;921.32;921.32;921.32;921.32;0.1;92.13;921.32
08.01.2017 11:43;921.19;921.19;921.19;921.19;0.1;92.12;921.19
08.01.2017 11:44;922.54;922.54;921.36;921.36;0.58;530.51;922.33
08.01.2017 11:45;922.82;924.83;921.86;921.86;0.36;331.94;923.58
08.01.2017 11:46;922.27;922.45;922.27;922.45;0.22;203.75;922.35
08.01.2017 11:47;922.88;922.88;922.68;922.68;0.12;107.07;922.71
08.01.2017 11:48;922.89;922.9;922.89;922.9;0.12;107.09;922.9
08.01.2017 11:49;924.82;924.82;923.04;923.38;1.53;1412.22;924.21
08.01.2017 11:50;924.13;924.13;923.23;923.23;0.12;107.82;923.36
08.01.2017 11:51;923.39;923.39;923.39;923.39;0.1;92.34;923.39
08.01.2017 11:52;923.6;923.6;923.6;923.6;0.1;92.36;923.6
08.01.2017 11:53;923.69;923.69;922.99;922.99;0.52;484.55;923.56
08.01.2017 11:54;923.33;923.33;922.92;922.96;0.66;611.97;922.94
08.01.2017 11:55;923.87;923.87;922.99;922.99;0.42;391.85;923.66
08.01.2017 11:56;923.71;923.71;910.73;910.73;55.91;51245.8;916.62
08.01.2017 11:57;910.44;910.44;898;900.86;240.61;217324.77;903.23
08.01.2017 11:58;900.86;906.97;900.86;901.26;11.64;10517.36;903.44
08.01.2017 11:59;905.83;905.83;901.38;901.89;4.24;3823.36;901.73
08.01.2017 12:00;905;905.72;905;905.03;0.2;182.21;905.04
08.01.2017 12:01;907.89;907.89;906.45;906.47;7.83;7103.62;907.33
08.01.2017 12:02;907.49;907.55;907.49;907.55;0.11;99.83;907.54
08.01.2017 12:03;907.98;911.75;907.98;908.07;13.53;12319.57;910.38
08.01.2017 12:04;911.32;911.32;909.16;909.66;6.02;5478.26;909.81
08.01.2017 12:05;909.77;910.83;909.76;909.85;9.95;9054.06;909.77
08.01.2017 12:06;910.13;910.13;910.13;910.13;0.1;91.01;910.13
08.01.2017 12:07;911.81;911.87;911.81;911.87;40.22;36677.03;911.83
08.01.2017 12:08;912.1;914.54;912.1;913.56;0.23;207.14;913.03
08.01.2017 12:09;914.46;916.02;913.67;913.67;17.09;15628.18;914.56
08.01.2017 12:10;913.67;914.54;913.5;913.5;3.98;3637.25;913.61
08.01.2017 12:11;914.53;914.53;913.51;913.51;0.5;453.78;914.32
08.01.2017 12:12;913.51;914.51;909.49;909.49;17.98;16418.04;913.29
08.01.2017 12:13;909.52;913.08;909.51;910.65;8.33;7578.71;909.56
08.01.2017 12:14;910.65;910.66;910.65;910.66;0.4;364.26;910.65
08.01.2017 12:15;910.66;910.67;910.66;910.67;16.51;15034.66;910.67
08.01.2017 12:16;912.57;912.57;910.76;910.76;0.2;182.33;911.67
08.01.2017 12:17;910.7;911.01;910.7;911.01;7.96;7253.08;910.7
08.01.2017 12:18;911.01;911.01;911.01;911.01;0.1;91.1;911.01
08.01.2017 12:19;912.94;915.57;912.94;913.05;1.68;1534.71;915.15
08.01.2017 12:20;915.32;915.55;914.01;914.06;0.45;414.15;914.96
08.01.2017 12:21;915.46;915.51;914.25;914.25;8.31;7609.78;915.47
08.01.2017 12:22;914.44;914.44;914;914;0.1;91.41;914.09
08.01.2017 12:23;914.43;915.45;914.04;914.04;1.92;1756.24;915.36
08.01.2017 12:24;914.03;914.03;914.03;914.03;0.1;91.4;914.03
08.01.2017 12:25;914.06;914.14;914.06;914.14;0.11;100.46;914.13
08.01.2017 12:26;914.15;914.15;914.1;914.1;5.1;4662.16;914.15
08.01.2017 12:27;914.1;914.1;914.02;914.02;1.12;1023.77;914.08
08.01.2017 12:28;914.02;914.02;910.37;910.37;19.4;17730.6;913.95
08.01.2017 12:29;910.99;910.99;910.99;910.99;0.1;91.1;910.99
08.01.2017 12:30;911.68;911.68;911.68;911.68;0.1;91.17;911.68
08.01.2017 12:31;913.43;913.99;912.3;912.3;0.22;198.72;913.03
08.01.2017 12:32;913.97;913.97;913.1;913.25;0.4;362.45;913.75
08.01.2017 12:33;913.25;913.25;913.24;913.24;0.35;319.64;913.25
08.01.2017 12:34;913.96;913.96;913.62;913.62;0.16;142.79;913.74
08.01.2017 12:35;913.17;913.17;913.17;913.17;0.1;91.32;913.17
08.01.2017 12:36;913.96;913.97;913.51;913.51;0.32;296.11;913.83
08.01.2017 12:37;913.97;913.97;913.68;913.68;0.16;143.5;913.79
08.01.2017 12:38;913.9;913.9;913.06;913.06;2.1;1919.11;913.86
08.01.2017 12:39;913.01;913.01;913.01;913.01;0.1;91.3;913.01
08.01.2017 12:40;913.6;913.6;913;913;0.45;414.29;913.3
08.01.2017 12:41;913.5;913.5;913;913;2.1;1918.3;913.48
08.01.2017 12:42;913;913;913;913;0.11;100.43;913
08.01.2017 12:43;913;913;910.06;910.06;9.68;8838.44;912.97
08.01.2017 12:44;912.92;912.92;910.13;910.13;0.16;142.23;911.13
08.01.2017 12:45;910.07;910.07;910.06;910.06;0.1;91.01;910.06
08.01.2017 12:46;912.42;912.42;910.06;910.06;0.11;99.81;910.27
08.01.2017 12:47;912.29;912.29;910.06;910.06;0.18;164.47;911.04
08.01.2017 12:48;912.07;912.08;910.08;910.08;0.47;425.95;911.65
08.01.2017 12:49;911.89;911.89;910.08;910.08;0.13;116.64;910.48
08.01.2017 12:50;911.02;911.02;908.34;908.34;0.21;193.16;909.76
08.01.2017 12:51;908.38;908.76;908.38;908.76;0.63;568.12;908.48
08.01.2017 12:52;909.13;909.13;909.13;909.13;0.1;90.91;909.13
08.01.2017 12:53;909.45;909.45;909.45;909.45;0.1;90.95;909.45
08.01.2017 12:54;909.52;911.2;909.52;909.89;8.18;7442.46;909.99
08.01.2017 12:55;909.95;910.02;909.95;910.02;7.49;6813.59;909.97
08.01.2017 12:56;911.14;911.14;910.15;910.15;1.63;1486.59;911.04
08.01.2017 12:57;910.12;910.12;910.12;910.12;0.1;91.01;910.12
08.01.2017 12:58;910.81;910.81;907.52;907.52;16.16;14703.57;910.04
08.01.2017 12:59;910.42;910.42;907.81;907.81;0.37;340.03;909.69
08.01.2017 13:00;907.83;911.19;907.83;908.04;3.86;3509.92;908.53
08.01.2017 13:01;911.14;911.14;908.32;908.32;0.12;111.35;908.84
08.01.2017 13:02;911.11;911.19;908.45;908.45;4.19;3817.69;911.12
08.01.2017 13:03;911.18;911.2;909.18;909.18;0.19;168.69;910.11
08.01.2017 13:04;909.55;909.55;909.55;909.55;0.1;90.96;909.55
08.01.2017 13:05;909.82;909.82;909.82;909.82;0.1;90.98;909.82
08.01.2017 13:06;911.19;911.2;911.19;911.2;1.25;1141.26;911.2
08.01.2017 13:07;911.2;911.2;911.2;911.2;2.37;2156.56;911.2
08.01.2017 13:08;911.5;911.5;911.5;911.5;0.55;499.16;911.5
08.01.2017 13:09;0;0;0;0;0;0;0
08.01.2017 13:10;0;0;0;0;0;0;0
08.01.2017 13:11;911.5;911.5;911.5;911.5;0.04;31.92;911.5
08.01.2017 13:12;911.5;913.94;911.5;913.94;0.39;359.64;913.48
08.01.2017 13:13;913.98;914.46;913.98;914.46;3.02;2756.52;914.01
08.01.2017 13:14;914.46;915.24;914.46;915.24;2.25;2060.35;915.19
08.01.2017 13:15;915.24;915.57;915.24;915.57;10.83;9911.3;915.27
08.01.2017 13:16;915.57;920;915.57;920;5.85;5366.81;916.96
08.01.2017 13:17;0;0;0;0;0;0;0
08.01.2017 13:18;919.52;919.52;919.22;919.22;1.6;1466.68;919.45
08.01.2017 13:19;919.21;924.02;919.07;924.02;22.61;20867.43;922.79
08.01.2017 13:20;923;923;923;923;0.04;36.92;923
08.01.2017 13:21;924.02;924.02;924.02;924.02;1.83;1695.12;924.02
08.01.2017 13:22;923;924.83;923;924.83;9.96;9205.77;924.65
08.01.2017 13:23;924;924;924;924;0.61;559.17;924
08.01.2017 13:24;924.01;924.6;924;924.6;1.45;1337.31;924.09
08.01.2017 13:25;921.12;921.12;921.12;921.12;4;3684.48;921.12
08.01.2017 13:26;922.54;922.54;922.54;922.54;0.02;15.5;922.54
08.01.2017 13:27;0;0;0;0;0;0;0
08.01.2017 13:28;922.54;922.95;922.54;922.95;0.73;671.51;922.55
08.01.2017 13:29;923.27;923.27;923.27;923.27;0.02;15.5;923.27
08.01.2017 13:30;923.27;924.6;923.27;924.15;14.09;13024.55;924.3
08.01.2017 13:31;0;0;0;0;0;0;0
08.01.2017 13:32;0;0;0;0;0;0;0
08.01.2017 13:33;0;0;0;0;0;0;0
08.01.2017 13:34;923.53;923.53;923.5;923.5;1.58;1457.02;923.51
08.01.2017 13:35;924.03;924.03;923.55;923.55;0.33;305.5;923.56
08.01.2017 13:36;924.36;924.36;923.55;923.55;1.14;1050.51;923.82
08.01.2017 13:37;923.53;923.53;923.53;923.53;0.02;18.47;923.53
08.01.2017 13:38;923.53;923.53;922;922;14.23;13135.33;923.07
08.01.2017 13:39;922;922;922;922;1.79;1648.09;922
08.01.2017 13:40;0;0;0;0;0;0;0
08.01.2017 13:41;922;922;922;922;1.8;1655.55;922
08.01.2017 13:42;0;0;0;0;0;0;0
08.01.2017 13:43;0;0;0;0;0;0;0
08.01.2017 13:44;919.91;921;918.99;921;1.37;1259.74;920.79
08.01.2017 13:45;919.91;919.91;919.91;919.91;1;919.36;919.91
08.01.2017 13:46;919.91;919.91;913.8;913.81;51.01;46667.15;914.91
08.01.2017 13:47;914.97;919.01;914.97;919.01;5.6;5142.79;918.35
08.01.2017 13:48;919.01;919.01;919.01;919.01;0.03;24.91;919.01
08.01.2017 13:49;917.67;917.67;917.67;917.67;0.06;51.61;917.67
08.01.2017 13:50;915.41;915.5;915.41;915.5;10.03;9184.29;915.5
08.01.2017 13:51;915.51;915.51;915.5;915.5;0.78;717.07;915.5
08.01.2017 13:52;916.59;916.59;912.6;912.66;11.28;10304.83;913.17
08.01.2017 13:53;0;0;0;0;0;0;0
08.01.2017 13:54;912.67;912.67;912.67;912.67;1;912.67;912.67
08.01.2017 13:55;912.69;914.56;912.18;914.56;1.01;925.98;912.29
08.01.2017 13:56;914.54;914.54;914.3;914.3;0.83;754.8;914.52
08.01.2017 13:57;913.91;913.91;913.91;913.91;0.03;26.5;913.91
08.01.2017 13:58;912.19;912.19;912.19;912.19;0.02;21.89;912.19
08.01.2017 13:59;913.52;913.52;913.49;913.49;0.1;92.26;913.5
08.01.2017 14:00;915.15;915.15;914.88;914.88;0.21;188.71;915.05
08.01.2017 14:01;914.87;915.55;914.87;915.55;24.14;22099.45;915.54
08.01.2017 14:02;915.58;915.58;915.58;915.58;0.03;24.49;915.58
08.01.2017 14:03;915.58;915.58;915.58;915.58;0.04;35.53;915.58
08.01.2017 14:04;915.58;915.6;915.58;915.6;5.63;5158.41;915.6
08.01.2017 14:05;919.69;919.69;919.69;919.69;0.21;188.54;919.69
08.01.2017 14:06;919.62;919.62;918.99;918.99;0.06;56.07;919.16
08.01.2017 14:07;916.98;916.98;916.03;916.03;0.99;903.42;916.13
08.01.2017 14:08;916.98;916.98;916.07;916.97;0.94;862.63;916.2
08.01.2017 14:09;916.99;916.99;916.99;916.99;0.1;91.7;916.99
08.01.2017 14:10;917.99;917.99;917.99;917.99;0.01;10.28;917.99
08.01.2017 14:11;917.99;917.99;917.99;917.99;0.09;81.52;917.99
08.01.2017 14:12;918;919;918;919;1;922.12;918.98
08.01.2017 14:13;919;919;918.99;918.99;0.15;136.01;918.99
08.01.2017 14:14;918.99;918.99;918.99;918.99;0.08;75.31;918.99
08.01.2017 14:15;918.99;918.99;918.99;918.99;0.05;47.52;918.99
08.01.2017 14:16;918.99;919;918.99;919;0.08;73.52;918.99
08.01.2017 14:17;0;0;0;0;0;0;0
08.01.2017 14:18;917.45;917.45;917.45;917.45;0.05;45.87;917.45
08.01.2017 14:19;917.44;917.44;917.44;917.44;0.08;70.45;917.44
08.01.2017 14:20;0;0;0;0;0;0;0
08.01.2017 14:21;917.45;917.45;917.45;917.45;0.1;89.91;917.45
08.01.2017 14:22;917.45;917.45;917.45;917.45;0.02;21.1;917.45
08.01.2017 14:23;0;0;0;0;0;0;0
08.01.2017 14:24;917.45;917.45;917.45;917.45;0.18;162.59;917.45
08.01.2017 14:25;917.45;921.09;917.45;920.96;67.7;62231.35;919.19
08.01.2017 14:26;920.88;920.88;920.82;920.82;0.58;529.64;920.87
08.01.2017 14:27;920.66;920.66;920.66;920.66;0.03;24.97;920.66
08.01.2017 14:28;0;0;0;0;0;0;0
08.01.2017 14:29;0;0;0;0;0;0;0
08.01.2017 14:30;920.18;920.47;920.18;920.47;6.73;6190.57;920.19
08.01.2017 14:31;918.94;918.94;917.03;917.03;0.04;40.42;918.59
08.01.2017 14:32;917.03;917.03;917.03;917.03;0.24;221.92;917.03
08.01.2017 14:33;918.8;918.8;918.8;918.8;0.33;307.38;918.8
08.01.2017 14:34;0;0;0;0;0;0;0
08.01.2017 14:35;0;0;0;0;0;0;0
08.01.2017 14:36;0;0;0;0;0;0;0
08.01.2017 14:37;0;0;0;0;0;0;0
08.01.2017 14:38;919.67;919.67;919.63;919.64;7.11;6537.44;919.63
08.01.2017 14:39;920.73;920.73;920.61;920.61;0.35;322.69;920.72
08.01.2017 14:40;0;0;0;0;0;0;0
08.01.2017 14:41;918.93;918.93;918.93;918.93;0.12;107.68;918.93
08.01.2017 14:42;920.16;920.16;920.16;920.16;0.05;46.16;920.16
08.01.2017 14:43;920.04;920.04;920.04;920.04;0.06;56.12;920.04
08.01.2017 14:44;918.7;920.7;918.7;920.7;0.15;140.67;919.39
08.01.2017 14:45;920.52;920.52;920.5;920.5;0.35;320.44;920.5
08.01.2017 14:46;920.54;920.54;919.3;919.3;3.56;3273.34;920.42
08.01.2017 14:47;920.37;920.37;920.32;920.32;0.12;106.83;920.34
08.01.2017 14:48;918;918;913.98;914;15.17;13903.51;916.32
08.01.2017 14:49;914;914;913.98;914;35.91;32825.63;914
08.01.2017 14:50;914;914;914;914;7.63;6974.28;914
08.01.2017 14:51;914;914;914;914;14.88;13600.8;914
08.01.2017 14:52;914;914;914;914;1.74;1592.9;914
08.01.2017 14:53;914;914;914;914;11.36;10384.12;914
08.01.2017 14:54;914;914;913.8;913.8;4.41;4028.54;913.96
08.01.2017 14:55;914;917.51;914;917.21;0.4;369.35;916.43
08.01.2017 14:56;914.01;914.04;914.01;914.04;5.31;4853.4;914.01
08.01.2017 14:57;916.35;918.53;916.26;918.53;2.84;2605.11;918.26
08.01.2017 14:58;0;0;0;0;0;0;0
08.01.2017 14:59;918.5;918.5;914.69;918.05;0.39;358.53;916.94
08.01.2017 15:00;917.88;917.88;917.84;917.84;2;1836.77;917.84
08.01.2017 15:01;915.24;915.24;915.24;915.24;0.31;283.72;915.24
08.01.2017 15:02;915.02;915.02;915.02;915.02;0.24;220.65;915.02
08.01.2017 15:03;915;915;904.14;904.14;61.35;55653.3;907.09
08.01.2017 15:04;904.14;912;904.14;911.78;0.32;293.93;905.7
08.01.2017 15:05;908.74;911.73;903.25;905.1;26.6;24141.45;907.6
08.01.2017 15:06;906.02;906.02;905.98;905.98;0.07;63.06;906
08.01.2017 15:07;905;908.68;905;908.68;7.37;6688.76;907.19
08.01.2017 15:08;905.5;909.51;904.56;904.56;8.07;7326.29;907.85
08.01.2017 15:09;908.76;908.76;906.99;906.99;1.18;1070.66;908.72
08.01.2017 15:10;0;0;0;0;0;0;0
08.01.2017 15:11;906;906;903;903;65.38;59144.09;904.63
08.01.2017 15:12;902.85;904.29;902.58;902.58;41.71;37655.19;902.8
08.01.2017 15:13;902.15;902.15;899;900.57;42.04;37810.17;899.46
08.01.2017 15:14;900.04;902.29;900.04;902.29;24.5;22065.67;900.48
08.01.2017 15:15;901;901;899;899;13.45;12111.64;900.41
08.01.2017 15:16;900.07;900.07;899.99;900;59.67;53699.9;900
08.01.2017 15:17;900.65;901.61;895.91;895.91;44.94;40314.51;897.05
08.01.2017 15:18;895.91;895.91;894.4;895.9;72.83;65147.93;894.55
08.01.2017 15:19;895.84;895.87;893.41;893.41;101.88;91147.52;894.64
08.01.2017 15:20;893.4;893.4;893;893;0.3;265.27;893.18
08.01.2017 15:21;892.46;893.96;892.46;893.96;6.64;5925.61;892.53
08.01.2017 15:22;893.74;895.06;893.72;895.06;8.68;7761.31;894.07
08.01.2017 15:23;895.06;901.45;895.06;901.45;61.12;54945.29;898.91
08.01.2017 15:24;901.4;901.4;901.4;901.4;0.04;39.59;901.4
08.01.2017 15:25;901.59;901.59;901;901;0.37;333.16;901.53
08.01.2017 15:26;901;901;901;901;0.08;71.92;901
08.01.2017 15:27;901;901;901;901;4.32;3891.01;901
08.01.2017 15:28;901;901;901;901;0.08;76.39;901
08.01.2017 15:29;898.52;901;898.5;901;3.85;3469.93;900.66
08.01.2017 15:30;898.57;898.57;898.57;898.57;0.01;12.35;898.57
08.01.2017 15:31;899.95;899.95;899.95;899.95;0.33;300.62;899.95
08.01.2017 15:32;899.95;901;899.95;901;21.53;19401.04;900.94
08.01.2017 15:33;901;901;901;901;7.13;6421.64;901
08.01.2017 15:34;904.89;906.61;901.09;901.09;2.73;2465.78;903.7
08.01.2017 15:35;905.83;905.83;905.82;905.82;5.08;4604.59;905.82
08.01.2017 15:36;901.1;904.41;901;901;1.91;1720.98;901.1
08.01.2017 15:37;900.1;900.97;898.06;900.97;6.55;5894.23;899.24
08.01.2017 15:38;900.97;900.97;898.28;899.28;6.2;5570.75;898.41
08.01.2017 15:39;899.45;906.44;899.45;906.39;0.08;71.12;905.18
08.01.2017 15:40;899.67;906.31;899.67;906.31;0.91;819.79;899.75
08.01.2017 15:41;900.12;902.03;900.12;901.99;50.62;45568.54;900.15
08.01.2017 15:42;901.94;902.02;900.19;902.02;64.75;58359.11;901.3
08.01.2017 15:43;900.48;902;899.02;899.02;32.6;29346.28;900.3
08.01.2017 15:44;899.02;900.01;899.02;900.01;23.4;21040.86;899.08
08.01.2017 15:45;900.01;900.01;900.01;900.01;0.37;330.6;900.01
08.01.2017 15:46;899.02;899.91;899.02;899.91;0.6;543.14;899.23
08.01.2017 15:47;901.96;901.96;901.96;901.96;2;1804.49;901.96
08.01.2017 15:48;901.81;901.81;901.81;901.81;0.03;23.96;901.81
08.01.2017 15:49;901.96;901.96;900.03;900.03;0.38;341.41;901.34
08.01.2017 15:50;902.03;904.99;902.03;902.14;2.12;1909.18;902.11
08.01.2017 15:51;902.27;904.96;902.19;902.19;2.56;2306.38;902.55
08.01.2017 15:52;902.22;904.99;902.2;904.99;0.13;118.01;902.69
08.01.2017 15:53;902.2;902.2;902.17;902.17;0.32;288.7;902.18
08.01.2017 15:54;0;0;0;0;0;0;0
08.01.2017 15:55;904.47;904.47;904.44;904.44;0.09;80.71;904.46
08.01.2017 15:56;903.94;904;903.92;904;1.27;1147.25;903.97
08.01.2017 15:57;904.01;904.06;900.78;904.06;10.12;9119.06;900.82
08.01.2017 15:58;904.06;904.06;904.06;904.06;0.04;32.55;904.06
08.01.2017 15:59;904.7;904.7;904.06;904.06;0.14;130.83;904.2
08.01.2017 16:00;904.06;904.06;900.58;904;3.24;2923.99;903.86
08.01.2017 16:01;903.98;904;900.58;900.58;22.41;20260.23;903.95
08.01.2017 16:02;0;0;0;0;0;0;0
08.01.2017 16:03;904;904;903.97;903.97;0.17;153.39;903.99
08.01.2017 16:04;903.92;903.92;903.92;903.92;0.03;29.83;903.92
08.01.2017 16:05;0;0;0;0;0;0;0
08.01.2017 16:06;902.87;902.87;902.86;902.86;0.05;44.32;902.87
08.01.2017 16:07;902.79;902.79;900;900.02;102.5;92247.97;900.02
08.01.2017 16:08;900.06;900.06;900;900;25.54;22989.68;900.01
08.01.2017 16:09;898.34;899.95;898.31;898.31;9.01;8090.15;898.41
08.01.2017 16:10;896.91;898.3;895.51;897.01;19.81;17745.72;895.88
08.01.2017 16:11;897.02;898.31;897.02;898.31;0.4;359.62;897.62
08.01.2017 16:12;898;899.85;898;899.85;0.88;793.25;898.77
08.01.2017 16:13;899.48;899.49;899.45;899.49;19.93;17929.27;899.45
08.01.2017 16:14;900;900;900;900;19.56;17605.85;900
08.01.2017 16:15;900;903.93;900;900.67;60.73;54688.6;900.57
08.01.2017 16:16;902.98;903;900.76;900.78;0.52;465.25;901.66
08.01.2017 16:17;903;903;900.84;900.84;0.39;355.3;901.25
08.01.2017 16:18;903;903.99;903;903.93;3.6;3251.14;903.76
08.01.2017 16:19;903.78;904;903.78;904;0.44;397.74;903.96
08.01.2017 16:20;901.37;904;901.37;904;0.89;804.42;901.39
08.01.2017 16:21;901.59;903.92;901.59;903.92;1;905.67;901.7
08.01.2017 16:22;903.99;903.99;901.96;903.96;10.46;9455.01;903.97
08.01.2017 16:23;902.05;903.82;902.05;903.5;1.39;1251.95;902.5
08.01.2017 16:24;903.5;903.5;903.35;903.35;0.68;610.54;903.4
08.01.2017 16:25;0;0;0;0;0;0;0
08.01.2017 16:26;903.16;903.27;897.91;903.17;51.68;46511.06;900.02
08.01.2017 16:27;903.16;903.16;903.16;903.16;0.11;95.68;903.16
08.01.2017 16:28;903.26;905.98;903.26;905.98;1.97;1778.91;903.83
08.01.2017 16:29;905.88;905.88;905.63;905.63;0.15;139.49;905.77
08.01.2017 16:30;905.15;905.15;905.05;905.07;50.31;45534.01;905.07
08.01.2017 16:31;904.99;904.99;901.41;901.41;0.14;126.71;904.63
08.01.2017 16:32;901.86;901.86;901.86;901.86;0.31;279.58;901.86
08.01.2017 16:33;901.97;901.97;898.08;898.83;6.36;5714.13;898.9
08.01.2017 16:34;903.83;903.83;903.62;903.62;0.33;299.79;903.75
08.01.2017 16:35;902.72;902.72;902.72;902.72;0.34;309.63;902.72
08.01.2017 16:36;902.48;902.48;902.46;902.46;0.43;390.52;902.47
08.01.2017 16:37;900.46;900.46;895.49;895.49;50;44869.23;897.38
08.01.2017 16:38;901.06;906;901.06;906;34.81;31486.13;904.4
08.01.2017 16:39;899.31;903.39;899.31;899.31;47.35;42580.16;899.31
08.01.2017 16:40;903.3;903.3;898.42;903;38.81;35056.47;903.29
08.01.2017 16:41;902.94;902.94;902.82;902.82;0.55;498.6;902.92
08.01.2017 16:42;0;0;0;0;0;0;0
08.01.2017 16:43;897.36;902.34;897.36;902.34;0.85;762.29;898.03
08.01.2017 16:44;0;0;0;0;0;0;0
08.01.2017 16:45;901.64;901.64;901.64;901.64;0.05;41.24;901.64
08.01.2017 16:46;0;0;0;0;0;0;0
08.01.2017 16:47;900.87;900.87;900.87;900.87;0.11;102.32;900.87
08.01.2017 16:48;897.42;897.42;897.42;897.42;4;3589.68;897.42
08.01.2017 16:49;897.48;898.73;897.34;898.73;11.57;10388.01;897.47
08.01.2017 16:50;898.55;898.55;898.55;898.55;0.01;7.8;898.55
08.01.2017 16:51;896.78;897.98;896.78;897.93;1.24;1114.56;896.94
08.01.2017 16:52;897.8;897.8;897.8;897.8;0.23;206.54;897.8
08.01.2017 16:53;0;0;0;0;0;0;0
08.01.2017 16:54;897.05;897.05;897.05;897.05;3.71;3328.06;897.05
08.01.2017 16:55;896.85;896.85;896.76;896.76;0.11;98.58;896.77
08.01.2017 16:56;896.66;896.66;896.66;896.66;0.49;442.7;896.66
08.01.2017 16:57;0;0;0;0;0;0;0
08.01.2017 16:58;896.66;896.66;896.2;896.23;1.59;1425.9;896.5
08.01.2017 16:59;896.99;896.99;896.91;896.91;0.54;485.43;896.96
08.01.2017 17:00;896.92;896.92;896.92;896.92;1.54;1384.03;896.92
08.01.2017 17:01;897.02;897.02;897.02;897.02;0.05;40.76;897.02
08.01.2017 17:02;0;0;0;0;0;0;0
08.01.2017 17:03;897.02;897.02;897.02;897.02;0.01;11.96;897.02
08.01.2017 17:04;897.02;897.02;897.02;897.02;5.5;4937.7;897.02
08.01.2017 17:05;897.03;897.03;897.03;897.03;0.37;332.95;897.03
08.01.2017 17:06;897.02;897.03;897.02;897.03;0.23;206.09;897.03
08.01.2017 17:07;897;897.03;897;897.03;8.4;7535.45;897
08.01.2017 17:08;897.03;897.03;897.03;897.03;1.11;997.61;897.03
08.01.2017 17:09;897.03;897.03;897.03;897.03;1;897.03;897.03
08.01.2017 17:10;897;897;897;897;0.03;27.01;897
08.01.2017 17:11;896.51;896.51;896.51;896.51;0.01;5.38;896.51
08.01.2017 17:12;0;0;0;0;0;0;0
08.01.2017 17:13;896.82;896.82;896.82;896.82;1.01;907.49;896.82
08.01.2017 17:14;896.89;896.89;896.89;896.89;0.19;172.39;896.89
08.01.2017 17:15;0;0;0;0;0;0;0
08.01.2017 17:16;0;0;0;0;0;0;0
08.01.2017 17:17;896.4;896.4;896.4;896.4;0.02;20.04;896.4
08.01.2017 17:18;896.4;896.4;889.79;889.79;144.3;128544.5;890.82
08.01.2017 17:19;890.1;892.85;890.1;890.71;14.34;12767.09;890.36
08.01.2017 17:20;890.71;890.71;890.25;890.4;2.41;2146.07;890.44
08.01.2017 17:21;890.41;892.98;887.07;887.07;54.23;48175.57;888.38
08.01.2017 17:22;888.24;890.57;885.51;890.53;27.31;24213.31;886.47
08.01.2017 17:23;890.22;890.22;883.51;886.86;67.87;60094.19;885.43
08.01.2017 17:24;883.51;883.57;882;883.55;129.5;114324.88;882.81
08.01.2017 17:25;882;888.16;881.3;883.55;14.7;12958.85;881.74
08.01.2017 17:26;885;890.67;885;890.67;1.64;1460.03;889.65
08.01.2017 17:27;885.04;885.04;884.94;884.94;0.31;274.35;885
08.01.2017 17:28;0;0;0;0;0;0;0
08.01.2017 17:29;889.38;889.38;888.53;888.53;0.11;100.99;888.95
08.01.2017 17:30;888.94;888.94;884;884;6.03;5349.58;887.14
08.01.2017 17:31;884.48;884.48;883;883.17;27.92;24653.33;883.02
08.01.2017 17:32;883.14;883.14;881.32;882;20.28;17892.91;882.44
08.01.2017 17:33;882.2;884.29;882;884.21;2.57;2270.65;882.42
08.01.2017 17:34;884.13;884.13;882.5;882.5;10.05;8873.63;882.52
08.01.2017 17:35;884.13;884.13;884.1;884.1;0.12;104.5;884.1
08.01.2017 17:36;884.09;884.09;883;884.09;0.39;348.61;883.23
08.01.2017 17:37;884.09;884.1;884.09;884.1;0.83;733.12;884.1
08.01.2017 17:38;887.92;887.92;886.27;886.27;1.85;1643.48;886.82
08.01.2017 17:39;890.69;890.69;889.66;890;5.02;4471.39;889.96
08.01.2017 17:40;890.71;894.94;890.03;894.92;13.7;12251.69;894.1
08.01.2017 17:41;893.4;897.02;893.4;896.02;1.04;929.71;896.76
08.01.2017 17:42;896.01;896.01;894.92;894.92;9.18;8229;895.96
08.01.2017 17:43;892.26;895.79;892.26;895.79;6.83;6114.75;894.95
08.01.2017 17:44;895.8;895.8;893.4;893.4;10.03;8967.59;894.26
08.01.2017 17:45;895.78;902.81;895.78;902.81;47.12;42349.73;898.82
08.01.2017 17:46;902.06;902.06;896.73;896.83;3.1;2795.74;901.77
08.01.2017 17:47;896.86;901.05;896.86;900.95;20.68;18629.31;901.01
08.01.2017 17:48;900.87;900.87;900.87;900.87;0.05;47.9;900.87
08.01.2017 17:49;899.9;903.02;896.23;903.02;21.99;19837.08;902.1
08.01.2017 17:50;901.98;902;897.72;898.07;4.19;3764.68;898.85
08.01.2017 17:51;898.16;898.41;898.16;898.41;3.02;2714.54;898.16
08.01.2017 17:52;898.88;898.94;898.88;898.94;0.08;68.01;898.91
08.01.2017 17:53;900.74;900.74;899.26;899.26;1.33;1201.26;900.72
08.01.2017 17:54;900.74;900.74;898.95;898.95;16.05;14428.6;899.15
08.01.2017 17:55;898.95;902;898.95;902;14.6;13142.75;899.91
08.01.2017 17:56;902;907.76;900.64;907.56;13.59;12276.41;903.54
08.01.2017 17:57;907.58;910.91;902.63;903.55;115.52;105045.31;909.32
08.01.2017 17:58;909.48;909.48;903.96;903.96;0.84;764.89;909.22
08.01.2017 17:59;909.48;909.48;904.33;904.33;0.01;11.02;906.94
08.01.2017 18:00;904.74;908.67;904.74;905.22;13.31;12043.26;904.96
08.01.2017 18:01;905.28;905.32;902.31;902.31;8.1;7318.44;903.98
08.01.2017 18:02;0;0;0;0;0;0;0
08.01.2017 18:03;903.01;904.88;903;904.82;6.44;5820.36;903.18
08.01.2017 18:04;903;903;900.07;900.12;3.69;3323.74;900.22
08.01.2017 18:05;900.25;901.36;900.25;901.36;2.83;2544.7;900.46
08.01.2017 18:06;0;0;0;0;0;0;0
08.01.2017 18:07;0;0;0;0;0;0;0
08.01.2017 18:08;0;0;0;0;0;0;0
08.01.2017 18:09;901.42;901.44;901;901;55.13;49694.53;901.33
08.01.2017 18:10;901;901.36;901;901.34;5.61;5055.87;901.03
08.01.2017 18:11;901;904.99;901;904.9;41.19;37242.59;904.19
08.01.2017 18:12;904.87;904.87;904.79;904.79;0.34;308.37;904.85
08.01.2017 18:13;0;0;0;0;0;0;0
08.01.2017 18:14;901.54;904.99;901.54;904.99;0.4;360.27;904.06
08.01.2017 18:15;905;905;905;905;0.01;9.96;905
08.01.2017 18:16;901.65;905;901.52;905;12.18;10978.79;901.75
08.01.2017 18:17;901.96;905;901.96;902.05;0.39;353.6;902.63
08.01.2017 18:18;904.99;905;904.99;905;0.04;37.1;904.99
08.01.2017 18:19;905;905;903.38;903.38;0.32;293.31;904.97
08.01.2017 18:20;905;905.28;905;905.28;0.04;32.24;905.16
08.01.2017 18:21;906;908;905.31;907.99;5.43;4927.23;907.79
08.01.2017 18:22;906.51;906.51;903.65;903.74;0.36;322.69;904.18
08.01.2017 18:23;904.28;904.28;904.28;904.28;0.02;13.74;904.28
08.01.2017 18:24;0;0;0;0;0;0;0
08.01.2017 18:25;0;0;0;0;0;0;0
08.01.2017 18:26;905.49;905.49;903.83;905.49;2.95;2669.03;905.41
08.01.2017 18:27;905.49;905.49;902.42;905.47;8.04;7265.36;903.67
08.01.2017 18:28;902.64;902.64;902.64;902.64;0.23;206.91;902.64
08.01.2017 18:29;901.79;901.79;901.79;901.79;0.01;5.41;901.79
08.01.2017 18:30;903.38;907.77;903.38;905.37;1.39;1265.08;906.99
08.01.2017 18:31;905.38;905.38;905.26;905.38;0.02;19.95;905.35
08.01.2017 18:32;905.47;907.79;905.38;905.38;0.13;120.68;905.57
08.01.2017 18:33;905.38;905.38;901;901;4;3606.04;901.51
08.01.2017 18:34;907.25;907.25;901.39;904.91;0.07;62.55;904.81
08.01.2017 18:35;904.73;904.73;901.97;901.97;0.51;459.32;904.7
08.01.2017 18:36;904.57;904.57;904.57;904.57;0.73;664.68;904.57
08.01.2017 18:37;901.04;904.41;901.04;904.37;0.06;54.82;903.14
08.01.2017 18:38;904.23;904.23;904.23;904.23;0.01;11.45;904.23
08.01.2017 18:39;904.13;904.13;904.13;904.13;0.03;25.69;904.13
08.01.2017 18:40;903.06;903.06;902.7;902.7;0.09;80.42;903.03
08.01.2017 18:41;0;0;0;0;0;0;0
08.01.2017 18:42;903.13;905;901.26;904.95;2.6;2341.14;901.44
08.01.2017 18:43;903.55;903.55;903.55;903.55;0.1;93.22;903.55
08.01.2017 18:44;903.89;903.89;903.79;903.79;4.01;3622.13;903.79
08.01.2017 18:45;903.13;903.99;902.08;903.97;2.7;2438;903.77
08.01.2017 18:46;904.98;906;904.98;906;4.51;4083.75;905.4
08.01.2017 18:47;906.04;906.93;906.04;906.93;1.25;1132.77;906.22
08.01.2017 18:48;906.7;906.7;906.7;906.7;0.12;107.99;906.7
08.01.2017 18:49;903.54;903.55;903.54;903.55;0.49;439.85;903.54
08.01.2017 18:50;906.94;906.94;906.84;906.84;8.44;7651.85;906.94
08.01.2017 18:51;907;908;907;908;11.17;10143.2;907.8
08.01.2017 18:52;907.99;907.99;907.56;907.99;3.13;2837.9;907.95
08.01.2017 18:53;904.11;907.99;904.11;907.99;0.48;438.47;906.12
08.01.2017 18:54;0;0;0;0;0;0;0
08.01.2017 18:55;906;906;900;900;100;90182.42;901.82
08.01.2017 18:56;0;0;0;0;0;0;0
08.01.2017 18:57;901.03;901.03;901.03;901.03;0.01;9.99;901.03
08.01.2017 18:58;904.28;904.28;904.28;904.28;0.01;5.57;904.28
08.01.2017 18:59;900.67;903.33;900.67;903.33;0.35;316;903.25
08.01.2017 19:00;903.71;904.32;901.68;901.68;0.18;165.6;903.43
08.01.2017 19:01;903.68;905.62;903.68;905.62;1.03;930.15;904.57
08.01.2017 19:02;905.43;905.44;902.91;902.91;10.29;9314.66;905.22
08.01.2017 19:03;906.71;906.71;905.93;905.93;4.22;3819.91;905.97
08.01.2017 19:04;906.44;906.44;906.44;906.44;0.38;347.62;906.44
08.01.2017 19:05;907.94;907.94;907.94;907.94;0.29;263.3;907.94
08.01.2017 19:06;905.45;907.85;905.45;907.85;0.46;416.65;907.79
08.01.2017 19:07;905.59;905.59;903.96;903.96;0.01;9.05;905.26
08.01.2017 19:08;904.03;904.03;904.03;904.03;6.47;5844.64;904.03
08.01.2017 19:09;0;0;0;0;0;0;0
08.01.2017 19:10;0;0;0;0;0;0;0
08.01.2017 19:11;904.63;904.63;902.33;902.33;0.32;290.55;902.56
08.01.2017 19:12;0;0;0;0;0;0;0
08.01.2017 19:13;901.56;901.56;901.56;901.56;0.05;45.08;901.56
08.01.2017 19:14;903.25;903.28;903.25;903.28;0.07;65.19;903.27
08.01.2017 19:15;903.27;903.27;903.04;903.04;0.01;10.98;903.16
08.01.2017 19:16;0;0;0;0;0;0;0
08.01.2017 19:17;903.14;903.14;903.04;903.04;0.03;27.64;903.06
08.01.2017 19:18;901.65;901.66;901.65;901.66;0.02;15.38;901.65
08.01.2017 19:19;902.82;902.82;902.06;902.06;0.21;189.79;902.4
08.01.2017 19:20;902.06;902.06;902.06;902.06;0.46;410.69;902.06
08.01.2017 19:21;0;0;0;0;0;0;0
08.01.2017 19:22;0;0;0;0;0;0;0
08.01.2017 19:23;0;0;0;0;0;0;0
08.01.2017 19:24;0;0;0;0;0;0;0
08.01.2017 19:25;0;0;0;0;0;0;0
08.01.2017 19:26;902.06;902.06;901.17;901.17;2.31;2083.64;901.21
08.01.2017 19:27;901.17;901.82;901.03;901.03;7.89;7108.13;901.09
08.01.2017 19:28;901.03;901.03;898;898;12.26;11043.54;900.64
08.01.2017 19:29;898.62;898.62;898.59;898.6;26.83;24108.75;898.61
08.01.2017 19:30;898.01;898.53;898.01;898.5;56.29;50548.87;898.02
08.01.2017 19:31;899.28;899.28;899.25;899.25;0.02;17.44;899.26
08.01.2017 19:32;899.02;899.02;898.89;898.89;0.39;350.99;898.89
08.01.2017 19:33;898.59;898.59;898.59;898.59;0.01;9.88;898.59
08.01.2017 19:34;898.48;898.48;895.12;895.12;0.78;700.82;897.93
08.01.2017 19:35;0;0;0;0;0;0;0
08.01.2017 19:36;897.74;897.75;895.01;895.53;0.6;536.65;895.95
08.01.2017 19:37;897.4;897.4;896.96;896.96;0.04;31.4;897.09
08.01.2017 19:38;896.77;896.77;896.68;896.68;0.17;150.94;896.69
08.01.2017 19:39;897.06;897.06;897.06;897.06;0.17;153.4;897.06
08.01.2017 19:40;896.66;900.93;896.66;900.93;2.35;2110.37;897.09
08.01.2017 19:41;0;0;0;0;0;0;0
08.01.2017 19:42;901.03;901.03;900.8;900.8;0.05;48.65;900.91
08.01.2017 19:43;900.72;900.72;896.56;900.48;1.29;1158.15;897.43
08.01.2017 19:44;900.25;900.25;900.13;900.13;1.26;1131.91;900.25
08.01.2017 19:45;899.92;899.92;899.92;899.92;1.45;1307.61;899.92
08.01.2017 19:46;899.73;899.92;899.64;899.92;0.76;681.86;899.84
08.01.2017 19:47;899.93;899.93;899.85;899.85;9.03;8124.43;899.87
08.01.2017 19:48;899.21;899.49;899.21;899.49;0.39;354.19;899.48
08.01.2017 19:49;899.44;899.9;899.44;899.9;0.1;93.38;899.55
08.01.2017 19:50;899.9;899.9;899.9;899.9;0.1;89.99;899.9
08.01.2017 19:51;898.23;898.23;898.23;898.23;2.72;2441.25;898.23
08.01.2017 19:52;899.88;899.88;899.09;899.09;0.07;64.95;899.78
08.01.2017 19:53;899.1;899.1;899.09;899.09;0.98;884.86;899.09
08.01.2017 19:54;899.93;900;899.93;900;0.18;159.29;899.97
08.01.2017 19:55;900;900;900;900;0.03;27.98;900
08.01.2017 19:56;900;900;900;900;0.03;27;900
08.01.2017 19:57;900;900;900;900;0.24;217.8;900
08.01.2017 19:58;900;900.48;900;900.48;6.71;6037.26;900.07
08.01.2017 19:59;900.3;900.48;900.01;900.48;0.69;622.85;900.2
08.01.2017 20:00;900.29;900.29;900.29;900.29;2.85;2568.96;900.29
08.01.2017 20:01;900.48;902.07;900.48;902.07;9.77;8800.95;900.84
08.01.2017 20:02;902.07;904.79;902.07;904.73;4.87;4409.38;904.69
08.01.2017 20:03;902.24;902.3;902.07;902.07;18.34;16549.4;902.3
08.01.2017 20:04;0;0;0;0;0;0;0
08.01.2017 20:05;901.42;901.43;900.27;900.27;5.57;5010.39;900.33
08.01.2017 20:06;903.38;903.38;903.38;903.38;0.1;89.95;903.38
08.01.2017 20:07;900.02;902.67;899.3;902.64;3.02;2719.68;900.06
08.01.2017 20:08;897.99;901.82;897.05;897.05;7.19;6463.11;898.78
08.01.2017 20:09;0;0;0;0;0;0;0
08.01.2017 20:10;897.7;901.85;897.7;901.61;0.63;564.5;898.34
08.01.2017 20:11;901.56;901.56;897.7;897.7;0.95;851.98;898.16
08.01.2017 20:12;0;0;0;0;0;0;0
08.01.2017 20:13;899.01;901.77;898.05;901.7;2.9;2608.52;899.26
08.01.2017 20:14;897.77;897.77;897.77;897.77;0.01;10.01;897.77
08.01.2017 20:15;897.8;901;897.8;901;0.3;269.66;898.87
08.01.2017 20:16;901.98;904.37;901.98;904.35;0.28;254.01;903.51
08.01.2017 20:17;904.78;904.78;904.76;904.76;0.16;140.4;904.77
08.01.2017 20:18;902.04;902.04;901.93;901.93;0.08;72.25;902
08.01.2017 20:19;902.11;904.99;902.11;904.99;0.8;725.08;902.74
08.01.2017 20:20;905;907;905;906.99;36.24;32852.82;906.65
08.01.2017 20:21;907;907.97;905.1;907.96;11.32;10266.77;906.67
08.01.2017 20:22;907.99;909.4;907.94;909.4;38.2;34717.66;908.91
08.01.2017 20:23;908.24;908.24;906.74;906.74;0.31;279.64;907.81
08.01.2017 20:24;908.2;908.2;906.05;906.17;0.42;381.52;906.4
08.01.2017 20:25;906.31;907.8;906.31;906.41;3.34;3029.9;907.33
08.01.2017 20:26;906.5;907.77;906.5;907.77;0.12;111.97;906.72
08.01.2017 20:27;906.59;909.2;906.59;909.2;3.24;2935.74;907.26
08.01.2017 20:28;908.31;908.31;907.85;907.85;0.03;30.11;907.93
08.01.2017 20:29;0;0;0;0;0;0;0
08.01.2017 20:30;908.99;908.99;906.15;906.15;1.4;1274.4;908.55
08.01.2017 20:31;908.84;909.71;906.91;909;2.32;2107.24;908.94
08.01.2017 20:32;0;0;0;0;0;0;0
08.01.2017 20:33;908.94;909;907.11;907.11;1.47;1331.39;907.9
08.01.2017 20:34;908.27;908.27;908.27;908.27;1;910.09;908.27
08.01.2017 20:35;0;0;0;0;0;0;0
08.01.2017 20:36;908.2;908.2;908.2;908.2;0.05;43.59;908.2
08.01.2017 20:37;908.99;908.99;908.84;908.84;0.15;135.43;908.91
08.01.2017 20:38;908.99;908.99;907.56;907.56;0.75;684.43;908.43
08.01.2017 20:39;908.97;908.97;907.31;908.92;13.07;11861.96;907.34
08.01.2017 20:40;908.8;908.8;907.31;908.72;0.35;314.1;907.53
08.01.2017 20:41;908.72;908.72;907.31;908.57;4.29;3889.77;907.47
08.01.2017 20:42;907.75;907.75;907.75;907.75;1.11;1003.16;907.75
08.01.2017 20:43;908.98;909;908.98;909;2.21;2006.35;908.99
08.01.2017 20:44;909.73;909.73;909.73;909.73;0.08;74.6;909.73
08.01.2017 20:45;909.73;909.73;909.69;909.69;0.14;128.03;909.71
08.01.2017 20:46;909.7;909.71;907.31;907.31;5.82;5287.78;908.15
08.01.2017 20:47;907.37;908.34;907.37;907.44;0.45;408.09;907.71
08.01.2017 20:48;907.53;908.34;907.53;908.34;0.08;68.4;908.11
08.01.2017 20:49;908.3;908.3;908.3;908.3;0.07;64.49;908.3
08.01.2017 20:50;908.21;908.21;908.15;908.15;0.55;496.22;908.15
08.01.2017 20:51;907.91;907.91;907.91;907.91;0.08;69.91;907.91
08.01.2017 20:52;907.3;907.3;907.3;907.3;0.2;181.46;907.3
08.01.2017 20:53;907.3;907.3;907.3;907.3;0.06;56.48;907.3
08.01.2017 20:54;907.3;907.3;907.1;907.1;0.21;194.48;907.14
08.01.2017 20:55;906.99;906.99;906.97;906.97;0.19;175.48;906.98
08.01.2017 20:56;906.06;906.06;906.06;906.06;0.35;313.79;906.06
08.01.2017 20:57;906.76;908.34;906.76;908.34;6.78;6150.49;907.39
08.01.2017 20:58;908.34;908.34;907.47;908.33;0.77;697;907.55
08.01.2017 20:59;907.62;908.33;907.05;907.05;0.28;252.69;907.65
08.01.2017 21:00;907.11;908.34;907.11;908.33;0.43;386.74;907.62
08.01.2017 21:01;908.33;908.33;908.33;908.33;1.32;1195.1;908.33
08.01.2017 21:02;908.2;908.42;908.2;908.42;2.66;2414.27;908.4
08.01.2017 21:03;909.72;909.72;909.72;909.72;0.05;47.91;909.72
08.01.2017 21:04;909.72;909.72;909.72;909.72;0.25;227.43;909.72
08.01.2017 21:05;909.72;909.72;909.72;909.72;0.17;153.95;909.72
08.01.2017 21:06;909.73;909.73;909.73;909.73;0.28;253.95;909.73
08.01.2017 21:07;910;910;909.73;909.73;0.44;398.72;909.83
08.01.2017 21:08;910;910;910;910;2;1820.99;910
08.01.2017 21:09;909.99;909.99;909.99;909.99;2.88;2622.1;909.99
08.01.2017 21:10;909.99;909.99;909.99;909.99;2.33;2121.01;909.99
08.01.2017 21:11;909.74;909.74;908.34;909.23;0.98;893.78;909.68
08.01.2017 21:12;0;0;0;0;0;0;0
08.01.2017 21:13;908.34;909.09;906.88;909.09;0.18;160.07;907.87
08.01.2017 21:14;909.09;910.52;909.09;910.52;30.53;27760.44;909.29
08.01.2017 21:15;910.55;910.91;910.55;910.91;16.44;14974.82;910.9
08.01.2017 21:16;911;911.98;911;911.98;2.64;2405.21;911
08.01.2017 21:17;0;0;0;0;0;0;0
08.01.2017 21:18;911.97;911.97;911.97;911.97;0.01;12.95;911.97
08.01.2017 21:19;910.84;911.98;910.84;911.98;0.02;15.26;911.57
08.01.2017 21:20;911.98;911.98;911.98;911.98;0.02;20.06;911.98
08.01.2017 21:21;910.88;912;910.88;912;0.27;244.38;911.85
08.01.2017 21:22;911.98;911.98;911.98;911.98;0.04;39.6;911.98
08.01.2017 21:23;911.99;912;911.99;912;0.06;50.77;911.99
08.01.2017 21:24;912;914.3;912;912;17.84;16305.41;913.96
08.01.2017 21:25;914.29;914.29;910.84;912;0.54;496.55;911.5
08.01.2017 21:26;912;914.27;912;914.27;0.04;33.04;913.87
08.01.2017 21:27;914.29;914.29;914.29;914.29;0.17;151.77;914.29
08.01.2017 21:28;914.29;914.29;914.29;914.29;0.02;20.65;914.29
08.01.2017 21:29;914.29;914.29;914.29;914.29;2.28;2087.68;914.29
08.01.2017 21:30;914.29;914.29;914.29;914.29;0.1;87;914.29
08.01.2017 21:31;914.29;914.29;914;914;0.15;135.21;914.26
08.01.2017 21:32;0;0;0;0;0;0;0
08.01.2017 21:33;913.88;913.88;910.85;913.78;0.12;104.87;911.93
08.01.2017 21:34;913.88;913.88;913.45;913.45;0.06;54.47;913.78
08.01.2017 21:35;913.23;913.23;912.91;912.91;2.01;1836.78;912.91
08.01.2017 21:36;0;0;0;0;0;0;0
08.01.2017 21:37;911.79;911.79;907.19;911.79;0.31;286.25;911.62
08.01.2017 21:38;910;910;908.5;908.5;0.05;44.58;909.82
08.01.2017 21:39;909;909;908.7;909;3.26;2960.19;908.98
08.01.2017 21:40;909.03;910;909.03;910;0.06;50.03;909.61
08.01.2017 21:41;910;910;910;910;0.07;67.34;910
08.01.2017 21:42;0;0;0;0;0;0;0
08.01.2017 21:43;910;911.55;909.15;911.54;0.34;309.83;910.8
08.01.2017 21:44;911.8;911.8;911.75;911.75;0.16;149.1;911.75
08.01.2017 21:45;0;0;0;0;0;0;0
08.01.2017 21:46;910.15;911;910.15;910.97;0.16;144.83;910.96
08.01.2017 21:47;910.16;910.26;910.16;910.22;0.6;547.56;910.16
08.01.2017 21:48;0;0;0;0;0;0;0
08.01.2017 21:49;910.21;910.21;910;910;0.05;41.89;910.16
08.01.2017 21:50;909.99;909.99;909.99;909.99;0.13;122.67;909.99
08.01.2017 21:51;909.99;909.99;908.06;908.06;5.41;4910.16;908.11
08.01.2017 21:52;908.05;908.05;908;908.03;1.55;1404.49;908.02
08.01.2017 21:53;908;911.04;908;911.04;3.69;3350.92;908.09
08.01.2017 21:54;910.78;910.78;908;908;5.51;5009.89;908.56
08.01.2017 21:55;0;0;0;0;0;0;0
08.01.2017 21:56;907.91;907.91;907.88;907.9;0.18;160.11;907.89
08.01.2017 21:57;907.91;907.91;907.91;907.91;0.03;30.79;907.91
08.01.2017 21:58;907;907;906.89;906.89;0.14;123.53;906.94
08.01.2017 21:59;906.89;906.89;906.76;906.76;0.01;11.16;906.83
08.01.2017 22:00;906.76;906.76;904.58;906.56;10.03;9076.54;905.21
08.01.2017 22:01;905.87;905.87;905.61;905.61;0.47;423.19;905.85
08.01.2017 22:02;904.41;904.41;904.41;904.41;0.15;135.66;904.41
08.01.2017 22:03;904.14;904.14;901.24;901.24;7.83;7054.72;901.33
08.01.2017 22:04;901.24;902.21;901.23;902.14;8.14;7336.11;901.24
08.01.2017 22:05;901.24;902.09;901.24;902.09;6.63;5971.32;901.27
08.01.2017 22:06;902.2;902.2;902.2;902.2;0.34;307.84;902.2
08.01.2017 22:07;902.1;902.1;901.24;901.24;2.21;1989.21;901.32
08.01.2017 22:08;902.25;902.27;902.25;902.27;0.17;150.43;902.25
08.01.2017 22:09;902.26;902.4;902.26;902.4;3.88;3496.85;902.3
08.01.2017 22:10;902.2;902.79;902.16;902.79;12.23;11036.07;902.18
08.01.2017 22:11;900.01;901.94;900.01;901.94;12.1;10901.34;901.14
08.01.2017 22:12;901.73;901.73;900.24;900.26;0.63;570.97;901
08.01.2017 22:13;900.42;901.55;900.42;901.55;2.19;1969.64;900.45
08.01.2017 22:14;901.53;905;901.53;905;25.93;23464.78;904.76
08.01.2017 22:15;905.35;905.35;905.35;905.35;0.04;38.02;905.35
08.01.2017 22:16;905.97;906;905.94;906;4.9;4440.41;905.98
08.01.2017 22:17;905.9;906;902.97;905.95;18.81;17010.75;904.35
08.01.2017 22:18;905.95;906;905.95;906;6.06;5491.37;905.96
08.01.2017 22:19;906;906;906;906;0.33;295.71;906
08.01.2017 22:20;906;906;906;906;11.27;10212.65;906
08.01.2017 22:21;906;906;906;906;0.02;20.52;906
08.01.2017 22:22;906;906;906;906;3.48;3149.53;906
08.01.2017 22:23;905.99;906;905.99;906;1.94;1754.28;906
08.01.2017 22:24;906;906.89;906;906.89;26.68;24176.68;906.03
08.01.2017 22:25;906.89;907.97;906.89;907.97;0.03;28.92;907.57
08.01.2017 22:26;907.95;907.95;907.95;907.95;0.15;138.01;907.95
08.01.2017 22:27;907.95;907.95;907.94;907.94;0.07;61.29;907.94
08.01.2017 22:28;907.92;907.92;907.92;907.92;0.08;71.98;907.92
08.01.2017 22:29;907.9;907.9;907.87;907.87;0.24;216.36;907.87
08.01.2017 22:30;907.87;907.87;907.87;907.87;0.1;90.79;907.87
08.01.2017 22:31;0;0;0;0;0;0;0
08.01.2017 22:32;907.87;907.87;907.87;907.87;0.34;308.36;907.87
08.01.2017 22:33;907.71;907.71;907.68;907.68;0.09;78.06;907.7
08.01.2017 22:34;907.59;907.59;907.59;907.59;0.19;172.44;907.59
08.01.2017 22:35;907.09;907.54;907.09;907.54;0.32;292.76;907.2
08.01.2017 22:36;907.83;908;907.83;908;0.19;174.32;907.93
08.01.2017 22:37;0;0;0;0;0;0;0
08.01.2017 22:38;908;908;908;908;0.62;560.24;908
08.01.2017 22:39;908;908;908;908;0.41;376.27;908
08.01.2017 22:40;908.24;908.24;908.24;908.24;0.05;43.6;908.24
08.01.2017 22:41;908.24;910.95;908.24;910.94;0.9;814.09;908.61
08.01.2017 22:42;910.94;911.49;910.8;910.8;0.57;518.39;911.17
08.01.2017 22:43;910.89;910.98;910.89;910.98;6.03;5488.41;910.89
08.01.2017 22:44;912;912;911.19;911.97;0.41;375.91;911.96
08.01.2017 22:45;911.49;911.49;911.49;911.49;0.1;95.12;911.49
08.01.2017 22:46;910.94;910.94;910.94;910.94;0.03;30.06;910.94
08.01.2017 22:47;911;911.97;911;911.97;3;2735.82;911.07
08.01.2017 22:48;911.12;911.12;911.12;911.12;0.09;82.19;911.12
08.01.2017 22:49;912;912;912;912;0.03;23.71;912
08.01.2017 22:50;912;912;912;912;0.49;446.99;912
08.01.2017 22:51;912;912;911.87;911.87;0.44;405.06;911.89
08.01.2017 22:52;911.91;911.91;911.91;911.91;0.05;45.6;911.91
08.01.2017 22:53;910.99;911.95;910.84;911.95;1.67;1516.8;910.99
08.01.2017 22:54;0;0;0;0;0;0;0
08.01.2017 22:55;910.73;911.5;910.73;911.5;0.75;684.9;910.77
08.01.2017 22:56;911.34;911.34;911.34;911.34;0.28;255.18;911.34
08.01.2017 22:57;910.73;911.16;910.2;911.16;0.27;241.53;910.62
08.01.2017 22:58;0;0;0;0;0;0;0
08.01.2017 22:59;910.95;910.95;910.83;910.83;0.41;370.8;910.94
08.01.2017 23:00;910.69;910.69;910.66;910.66;0.09;78.3;910.68
08.01.2017 23:01;910.61;910.73;910.61;910.73;1.52;1385.07;910.64
08.01.2017 23:02;0;0;0;0;0;0;0
08.01.2017 23:03;910.72;910.73;910.72;910.73;5.64;5140.37;910.72
08.01.2017 23:04;910.73;910.75;910.72;910.75;30.83;28081.4;910.74
08.01.2017 23:05;910.75;910.75;910.74;910.75;13.64;12424.41;910.74
08.01.2017 23:06;912;912;910.2;910.2;7.85;7157.69;911.56
08.01.2017 23:07;910.2;911.24;906.27;911.24;5.95;5395.56;906.7
08.01.2017 23:08;910.96;910.96;910.87;910.87;0.17;157.19;910.9
08.01.2017 23:09;910.26;910.26;909.89;909.89;0.34;310.88;910.01
08.01.2017 23:10;909.29;909.29;909.23;909.23;0.07;67.17;909.25
08.01.2017 23:11;909.11;909.11;907.78;907.78;0.15;139.12;908.82
08.01.2017 23:12;908.94;911.64;908.94;911.27;0.13;122.97;911.42
08.01.2017 23:13;911.18;911.18;911.03;911.03;3.04;2772.21;911.18
08.01.2017 23:14;0;0;0;0;0;0;0
08.01.2017 23:15;910.39;910.39;910.39;910.39;0.04;40.79;910.39
08.01.2017 23:16;910.19;910.19;909.87;909.87;2.14;1948.87;909.89
08.01.2017 23:17;909.84;909.84;909.84;909.84;0.15;136.48;909.84
08.01.2017 23:18;908.03;908.03;907.82;907.82;0.34;307.98;908
08.01.2017 23:19;907.82;907.89;907.62;907.62;0.65;593.01;907.66
08.01.2017 23:20;907.39;907.39;907.35;907.35;1.06;961.34;907.39
08.01.2017 23:21;907.22;907.22;907.14;907.14;0.52;474.03;907.21
08.01.2017 23:22;0;0;0;0;0;0;0
08.01.2017 23:23;0;0;0;0;0;0;0
08.01.2017 23:24;907.67;907.68;907.65;907.65;0.97;879.66;907.67
08.01.2017 23:25;906.01;907.39;906.01;907.33;1.22;1105.05;907.32
08.01.2017 23:26;907.19;907.19;907.06;907.06;0.02;15.71;907.12
08.01.2017 23:27;906.96;906.96;906.96;906.96;4;3627.84;906.96
08.01.2017 23:28;906.74;906.74;906.29;906.29;1.15;1046.08;906.48
08.01.2017 23:29;906.17;906.17;906.17;906.17;0.63;571.79;906.17
08.01.2017 23:30;0;0;0;0;0;0;0
08.01.2017 23:31;0;0;0;0;0;0;0
08.01.2017 23:32;907.69;907.69;907.68;907.68;0.03;25.7;907.68
08.01.2017 23:33;905.93;906.99;905.93;906.99;0.14;123.29;906.9
08.01.2017 23:34;906.99;906.99;906.99;906.99;52.3;47435.18;906.99
08.01.2017 23:35;906.99;906.99;906.02;906.99;1.33;1201.65;906.62
08.01.2017 23:36;906.99;906.99;905.91;905.91;0.34;304.94;906.66
08.01.2017 23:37;906.99;906.99;905.91;905.91;0.28;252.15;906.27
08.01.2017 23:38;0;0;0;0;0;0;0
08.01.2017 23:39;905.91;905.91;905.91;905.91;0.06;54.04;905.91
08.01.2017 23:40;906.64;906.64;906.64;906.64;0.03;23.57;906.64
08.01.2017 23:41;906.53;906.53;906.14;906.45;0.14;125.39;906.42
08.01.2017 23:42;907.8;908.08;906.14;907.79;5.57;5057.77;907.7
08.01.2017 23:43;906.17;908.08;906.17;908.08;0.95;858.87;907.94
08.01.2017 23:44;907.81;908.08;906.9;908.08;0.4;358.66;907.6
08.01.2017 23:45;908.07;908.07;905.11;905.11;0.47;430.96;907.58
08.01.2017 23:46;908.08;908.08;905.52;908.08;0.47;429.22;907.63
08.01.2017 23:47;908.08;908.08;908.08;908.08;0.05;45.4;908.08
08.01.2017 23:48;908.08;909.88;906.48;909.88;1.61;1463.49;908.28
08.01.2017 23:49;909.97;909.97;907.25;909.95;0.11;104.44;908.67
08.01.2017 23:50;909.99;911.69;909.99;911.69;19.95;18159.87;910.21
08.01.2017 23:51;910.64;910.98;910.64;910.98;0.13;114.36;910.69
08.01.2017 23:52;906.76;910.5;906.76;906.9;0.2;185.93;909.47
08.01.2017 23:53;910.45;910.49;910.45;910.49;0.03;30.04;910.45
08.01.2017 23:54;910.49;910.49;910.49;910.49;0.12;106.73;910.49
08.01.2017 23:55;0;0;0;0;0;0;0
08.01.2017 23:56;907.77;910.49;907.77;910.49;0.04;38.37;908.74
08.01.2017 23:57;0;0;0;0;0;0;0
08.01.2017 23:58;910.5;910.5;910.5;910.5;0.01;9.11;910.5
08.01.2017 23:59;909.6;909.75;909.6;909.75;3.06;2782.93;909.6
09.01.2017 00:00;909.8;909.8;909.8;909.8;0.03;24.77;909.8
09.01.2017 00:01;0;0;0;0;0;0;0
09.01.2017 00:02;910.04;910.04;910.04;910.04;0.08;73.95;910.04
09.01.2017 00:03;0;0;0;0;0;0;0
09.01.2017 00:04;910.97;910.98;910.04;910.04;0.22;196.92;910.77
09.01.2017 00:05;0;0;0;0;0;0;0
09.01.2017 00:06;912.87;912.87;912.87;912.87;0.08;71.79;912.87
09.01.2017 00:07;911.67;911.81;911.67;911.81;1.43;1301.24;911.78
09.01.2017 00:08;911.27;911.27;911.27;911.27;0.09;81.71;911.27
09.01.2017 00:09;0;0;0;0;0;0;0
09.01.2017 00:10;0;0;0;0;0;0;0
09.01.2017 00:11;912.02;912.02;912.02;912.02;0.53;480.6;912.02
09.01.2017 00:12;0;0;0;0;0;0;0
09.01.2017 00:13;909.36;909.36;909.36;909.36;0.07;65.17;909.36
09.01.2017 00:14;910.11;910.58;910.11;910.19;25.66;23369.86;910.58
09.01.2017 00:15;912.32;912.32;909.87;909.87;0.3;275.79;912.26
09.01.2017 00:16;908.7;908.79;908.7;908.79;0.04;37.85;908.72
09.01.2017 00:17;909.98;909.98;906.41;906.41;0.14;131.49;906.82
09.01.2017 00:18;0;0;0;0;0;0;0
09.01.2017 00:19;912.18;912.18;912.18;912.18;0.02;17.19;912.18
09.01.2017 00:20;908.32;908.32;908.32;908.32;0.03;25.71;908.32
09.01.2017 00:21;0;0;0;0;0;0;0
09.01.2017 00:22;908.63;911.63;908.63;911.63;0.2;183.67;910.48
09.01.2017 00:23;908.83;908.9;908.81;908.9;1.05;954.68;908.86
09.01.2017 00:24;908.92;908.92;908.91;908.91;0.85;776.98;908.91
09.01.2017 00:25;0;0;0;0;0;0;0
09.01.2017 00:26;908.92;909.14;908.92;909.14;0.13;117.38;908.95
09.01.2017 00:27;908.92;908.92;908.92;908.92;0.48;440.7;908.92
09.01.2017 00:28;906.13;906.13;900.65;905.87;25.96;23435;902.75
09.01.2017 00:29;905.78;905.79;905.64;905.64;4.89;4425.4;905.69
09.01.2017 00:30;902.37;902.37;899.02;899.02;9.62;8665.98;901.23
09.01.2017 00:31;899.87;899.87;892.12;894.98;53.87;48303.29;896.64
09.01.2017 00:32;894.8;895;894.77;895;7.04;6297.58;894.82
09.01.2017 00:33;895.01;895.01;892.71;892.86;3.54;3163.64;892.96
09.01.2017 00:34;892.99;894.08;890.03;890.03;29.35;26181.62;892.09
09.01.2017 00:35;890.03;891.04;890;890.96;22.04;19613.3;890.09
09.01.2017 00:36;890.91;890.91;887.19;887.19;30.28;26922.56;889.09
09.01.2017 00:37;887.27;893.03;887.27;893.03;23.76;21187.36;891.64
09.01.2017 00:38;893;893;890.15;890.15;2.01;1790.61;892.98
09.01.2017 00:39;891.32;891.32;890.15;890.15;0.08;69.92;890.9
09.01.2017 00:40;892.47;892.47;890;890;2.12;1884.8;890.49
09.01.2017 00:41;890.7;890.71;889.2;889.2;34.02;30255.7;889.43
09.01.2017 00:42;890.19;892.94;889.2;892.94;27.43;24400.34;889.41
09.01.2017 00:43;893.02;893.31;893;893.31;9.8;8751.62;893.02
09.01.2017 00:44;893.31;896.76;893.28;893.5;14.7;13135.88;893.56
09.01.2017 00:45;896.38;896.38;893.5;893.52;3.75;3352.65;893.58
09.01.2017 00:46;893.5;893.5;893.5;893.5;0.1;87.69;893.5
09.01.2017 00:47;893.45;893.45;892.61;892.88;12.05;10759.14;892.91
09.01.2017 00:48;893.44;893.44;890.11;890.11;0.24;217.7;890.42
09.01.2017 00:49;891.01;891.01;891.01;891.01;0.4;357.89;891.01
09.01.2017 00:50;893.41;893.41;891.51;892;0.13;113.64;892.69
09.01.2017 00:51;892.99;893.28;892.99;893.28;0.44;389.82;893.24
09.01.2017 00:52;893.26;893.26;890.02;893.26;0.25;222.38;892.4
09.01.2017 00:53;0;0;0;0;0;0;0
09.01.2017 00:54;892.17;892.17;889.44;889.44;4.77;4247.01;890.39
09.01.2017 00:55;889.3;892.61;888.67;891.18;1.74;1551.79;889.65
09.01.2017 00:56;892.57;892.58;887;892.35;3.96;3524.81;889
09.01.2017 00:57;892.31;892.31;892.27;892.27;0.17;153.83;892.28
09.01.2017 00:58;0;0;0;0;0;0;0
09.01.2017 00:59;892.55;892.55;887.9;887.91;28.95;25713.96;888.25
09.01.2017 01:00;887.91;888;884.28;884.48;14.47;12814.48;885.72
09.01.2017 01:01;884.28;884.92;884.26;884.26;145.94;129050.88;884.26
09.01.2017 01:02;884.4;884.42;884.26;884.26;147.01;130004.93;884.32
09.01.2017 01:03;884.3;884.76;884.26;884.26;0.93;821.47;884.27
09.01.2017 01:04;884.76;884.76;884.26;884.26;79.8;70560.28;884.26
09.01.2017 01:05;884.41;887.31;883.53;883.53;53.31;47219.27;885.78
09.01.2017 01:06;883.87;883.87;881.2;881.21;9.05;7991.68;882.99
09.01.2017 01:07;882;882;881;881.99;10.29;9064.25;881.22
09.01.2017 01:08;881.01;882;881.01;882;5.16;4549.61;881.42
09.01.2017 01:09;885.09;885.09;882.59;884.91;1.07;947.04;884.06
09.01.2017 01:10;0;0;0;0;0;0;0
09.01.2017 01:11;886.27;886.27;882;886;11.03;9758.44;884.67
09.01.2017 01:12;883.31;890.08;883.31;890.08;21.88;19451.33;889.13
09.01.2017 01:13;887.77;887.77;883.76;883.76;0.4;357.66;884.96
09.01.2017 01:14;884.09;885;882;882;10.03;8849.56;882.65
09.01.2017 01:15;882.03;887.81;882.03;887.81;0.47;413.75;887.27
09.01.2017 01:16;887.67;887.67;887.67;887.67;0.02;15.09;887.67
09.01.2017 01:17;888.52;895.81;888.03;888.03;58.73;52438.01;892.82
09.01.2017 01:18;893.02;893.02;893.02;893.02;0.29;260.62;893.02
09.01.2017 01:19;891;893.06;888.5;888.5;8.09;7203.08;890.61
09.01.2017 01:20;888.52;888.52;888.52;888.52;0.2;176.75;888.52
09.01.2017 01:21;888.88;888.88;888.57;888.57;0.01;11.33;888.81
09.01.2017 01:22;890.87;890.87;890.87;890.87;0.02;20.49;890.87
09.01.2017 01:23;0;0;0;0;0;0;0
09.01.2017 01:24;889.84;889.84;887.74;887.74;10;8890.72;889.07
09.01.2017 01:25;888.54;890.83;888.54;888.54;0.18;159.28;888.98
09.01.2017 01:26;890.76;890.91;890.76;890.91;3.94;3511.57;890.87
09.01.2017 01:27;889.11;889.11;889.11;889.11;0.2;177.74;889.11
09.01.2017 01:28;889.4;889.4;889.4;889.4;1.4;1242.49;889.4
09.01.2017 01:29;0;0;0;0;0;0;0
09.01.2017 01:30;0;0;0;0;0;0;0
09.01.2017 01:31;889.8;889.8;886.55;888.44;9.91;8800.95;887.87
09.01.2017 01:32;888.44;888.44;883.57;883.57;6.97;6170.39;885.76
09.01.2017 01:33;887.71;887.71;884.18;884.18;0.1;92.38;885.88
09.01.2017 01:34;0;0;0;0;0;0;0
09.01.2017 01:35;887.76;887.76;887.76;887.76;0.11;97.65;887.76
09.01.2017 01:36;0;0;0;0;0;0;0
09.01.2017 01:37;886;887.22;886;887.18;50.08;44373.27;886.01
09.01.2017 01:38;886.01;886.13;883.03;886.13;5.83;5151.63;884.38
09.01.2017 01:39;883.03;883.03;881.3;881.31;8.97;7914.72;882.65
09.01.2017 01:40;881.31;881.31;881.31;881.31;0.02;19.93;881.31
09.01.2017 01:41;883.89;883.89;880;880;98.09;86333.92;880.11
09.01.2017 01:42;880;881.46;880;881;109.48;96434.78;880.87
09.01.2017 01:43;882.99;882.99;880;880;91.06;80154.49;880.2
09.01.2017 01:44;880.08;880.08;876;876;121.41;106833.5;879.93
09.01.2017 01:45;876;876.93;875.23;876.86;6.04;5291.14;875.78
09.01.2017 01:46;876.83;880;876.83;879;10.81;9482.16;877.28
09.01.2017 01:47;878.99;878.99;878.99;878.99;0.23;198.65;878.99
09.01.2017 01:48;878.99;878.99;877.92;877.92;1.21;1063.45;878.02
09.01.2017 01:49;878.99;879.03;878.99;879.03;5.59;4916.33;879.01
09.01.2017 01:50;879.04;879.04;878.16;878.16;0.16;143.83;878.94
09.01.2017 01:51;879.72;879.72;879.72;879.72;0.01;5.28;879.72
09.01.2017 01:52;879.53;879.53;879.53;879.53;0.04;39.13;879.53
09.01.2017 01:53;879.51;879.51;877;879.25;0.25;223.52;877.39
09.01.2017 01:54;879.1;879.1;875;875;16.13;14145.33;876.7
09.01.2017 01:55;879.38;879.79;879.28;879.28;0.29;250.67;879.39
09.01.2017 01:56;877.33;877.33;876.88;877;4.1;3595.4;876.94
09.01.2017 01:57;877.23;879.96;876.51;879.96;0.28;242.63;877.01
09.01.2017 01:58;879.27;879.27;879.27;879.27;0.23;202.14;879.27
09.01.2017 01:59;879.97;881.26;879.97;881.26;4.36;3841.33;880.73
09.01.2017 02:00;886.01;886.01;886;886;2.12;1876.8;886.01
09.01.2017 02:01;882.23;882.23;880;880.74;8.73;7687.45;880.41
09.01.2017 02:02;0;0;0;0;0;0;0
09.01.2017 02:03;883.58;885.15;882.45;882.45;0.25;220.63;884.38
09.01.2017 02:04;883.61;883.61;879.27;879.27;10;8797.68;879.77
09.01.2017 02:05;0;0;0;0;0;0;0
09.01.2017 02:06;881.15;881.15;880.16;880.16;0.02;20.26;880.81
09.01.2017 02:07;880.16;880.16;880.15;880.15;0.41;363.58;880.16
09.01.2017 02:08;881.38;881.38;881.38;881.38;4.57;4023.69;881.38
09.01.2017 02:09;0;0;0;0;0;0;0
09.01.2017 02:10;881.38;882;879.21;882;24.97;21998.77;881.15
09.01.2017 02:11;880.78;880.89;880.78;880.89;0.72;635.2;880.79
09.01.2017 02:12;885.22;885.22;885.22;885.22;0.01;8.6;885.22
09.01.2017 02:13;884.74;884.74;884.71;884.71;0.42;371.93;884.74
09.01.2017 02:14;0;0;0;0;0;0;0
09.01.2017 02:15;883.68;885.8;883.68;885.8;3.37;2989.29;885.79
09.01.2017 02:16;888.33;888.36;888.33;888.36;0.36;316.07;888.36
09.01.2017 02:17;888.52;888.52;888.52;888.52;0.01;8;888.52
09.01.2017 02:18;888.25;888.25;888.25;888.25;0.09;78.17;888.25
09.01.2017 02:19;888.03;888.03;882.18;882.2;1.11;978.47;882.69
09.01.2017 02:20;882.31;882.38;882.31;882.38;2.14;1888.83;882.34
09.01.2017 02:21;883.46;883.73;883.46;883.73;8.11;7168.4;883.73
09.01.2017 02:22;0;0;0;0;0;0;0
09.01.2017 02:23;0;0;0;0;0;0;0
09.01.2017 02:24;885.1;885.1;885.1;885.1;10;8851;885.1
09.01.2017 02:25;885.13;886.99;885.13;886.97;0.33;295.98;886.42
09.01.2017 02:26;886.55;886.55;886.55;886.55;0.08;74.47;886.55
09.01.2017 02:27;886.26;888.35;886.26;886.26;13.78;12210.59;886.27
09.01.2017 02:28;0;0;0;0;0;0;0
09.01.2017 02:29;884.35;888.31;884.35;887.75;0.21;190.3;887.15
09.01.2017 02:30;0;0;0;0;0;0;0
09.01.2017 02:31;0;0;0;0;0;0;0
09.01.2017 02:32;888.53;888.55;888.53;888.55;3.54;3149.18;888.55
09.01.2017 02:33;0;0;0;0;0;0;0
09.01.2017 02:34;888.02;888.02;888.02;888.02;0.21;186.1;888.02
09.01.2017 02:35;0;0;0;0;0;0;0
09.01.2017 02:36;889.87;889.98;889.87;889.98;4.51;4012.65;889.98
09.01.2017 02:37;886.34;889.98;886.34;889.98;7.89;7011.36;888.17
09.01.2017 02:38;886.79;886.79;886.79;886.79;3.91;3468.82;886.79
09.01.2017 02:39;886.32;889.55;884.16;889.55;2.08;1839.18;885.44
09.01.2017 02:40;0;0;0;0;0;0;0
09.01.2017 02:41;884.04;884.04;884.04;884.04;0.04;34.26;884.04
09.01.2017 02:42;0;0;0;0;0;0;0
09.01.2017 02:43;0;0;0;0;0;0;0
09.01.2017 02:44;884.51;884.51;884.51;884.51;0.03;22.7;884.51
09.01.2017 02:45;885.14;889.26;885.14;889.26;0.08;67.85;886.87
09.01.2017 02:46;887.61;887.61;886.39;886.39;0.21;186.26;886.98
09.01.2017 02:47;0;0;0;0;0;0;0
09.01.2017 02:48;887.52;887.52;887.52;887.52;1;887.52;887.52
09.01.2017 02:49;885.51;885.51;885.51;885.51;0.04;39.45;885.51
09.01.2017 02:50;0;0;0;0;0;0;0
09.01.2017 02:51;884.92;884.92;884.92;884.92;0.02;22.02;884.92
09.01.2017 02:52;885.38;885.56;885.38;885.56;0.69;607.18;885.54
09.01.2017 02:53;886.42;889.46;886.42;889.46;15.7;13964.99;889.3
09.01.2017 02:54;889.71;889.71;889.71;889.71;0.21;187.23;889.71
09.01.2017 02:55;889.77;892;889.77;890.66;0.35;315.12;891.71
09.01.2017 02:56;891.51;891.6;889.24;889.24;6.04;5377;890.68
09.01.2017 02:57;891.84;891.84;891.84;891.84;0.22;196.2;891.84
09.01.2017 02:58;891.81;892;890.53;890.53;2.34;2086.37;891.67
09.01.2017 02:59;891.66;891.67;891.66;891.67;1.01;905.04;891.67
09.01.2017 03:00;891.68;891.68;887.9;887.9;4.11;3654.38;888.93
09.01.2017 03:01;0;0;0;0;0;0;0
09.01.2017 03:02;891.04;891.07;889.24;889.24;0.72;638.96;890.98
09.01.2017 03:03;0;0;0;0;0;0;0
09.01.2017 03:04;0;0;0;0;0;0;0
09.01.2017 03:05;889.67;889.67;889.67;889.67;0.05;48.02;889.67
09.01.2017 03:06;890.69;890.69;890.69;890.69;0.11;96.42;890.69
09.01.2017 03:07;0;0;0;0;0;0;0
09.01.2017 03:08;890.56;890.56;890.56;890.56;10;8905.6;890.56
09.01.2017 03:09;890.8;890.8;890.8;890.8;2.07;1845.89;890.8
09.01.2017 03:10;0;0;0;0;0;0;0
09.01.2017 03:11;0;0;0;0;0;0;0
09.01.2017 03:12;890.47;890.47;890.47;890.47;3.76;3348.17;890.47
09.01.2017 03:13;0;0;0;0;0;0;0
09.01.2017 03:14;890.4;890.4;887.73;887.73;5.19;4610.95;888.81
09.01.2017 03:15;0;0;0;0;0;0;0
09.01.2017 03:16;887.71;887.71;887.71;887.71;0.03;29.66;887.71
09.01.2017 03:17;0;0;0;0;0;0;0
09.01.2017 03:18;0;0;0;0;0;0;0
09.01.2017 03:19;0;0;0;0;0;0;0
09.01.2017 03:20;0;0;0;0;0;0;0
09.01.2017 03:21;0;0;0;0;0;0;0
09.01.2017 03:22;890.59;890.59;890;890;10.01;8911.04;890
09.01.2017 03:23;888.17;888.17;887.78;887.78;0.19;167.88;887.8
09.01.2017 03:24;891.3;891.3;891.22;891.22;0.44;391.39;891.23
09.01.2017 03:25;891.09;891.09;891.09;891.09;0.01;8.27;891.09
09.01.2017 03:26;890.7;890.7;890.7;890.7;1;890.7;890.7
09.01.2017 03:27;888.59;888.59;888.59;888.59;0.27;238.65;888.59
09.01.2017 03:28;0;0;0;0;0;0;0
09.01.2017 03:29;0;0;0;0;0;0;0
09.01.2017 03:30;889.75;889.75;889.68;889.68;0.1;87.21;889.72
09.01.2017 03:31;890.53;890.53;890.53;890.53;0.09;82.77;890.53
09.01.2017 03:32;890.33;890.33;889.56;889.56;0.63;563.26;890.3
09.01.2017 03:33;0;0;0;0;0;0;0
09.01.2017 03:34;891.13;891.98;891.13;891.88;0.14;125.02;891.45
09.01.2017 03:35;891.01;891.01;891.01;891.01;0.12;104.19;891.01
09.01.2017 03:36;891.89;891.89;891.84;891.84;0.54;483.4;891.89
09.01.2017 03:37;891.69;891.69;891.5;891.5;0.08;70.98;891.61
09.01.2017 03:38;0;0;0;0;0;0;0
09.01.2017 03:39;891;891;890.99;890.99;0.12;108.7;890.99
09.01.2017 03:40;0;0;0;0;0;0;0
09.01.2017 03:41;887.86;890.81;887.86;890.81;0.19;167.01;889.05
09.01.2017 03:42;888.65;888.93;888.65;888.93;0.72;635.92;888.91
09.01.2017 03:43;888.69;888.69;888.69;888.69;0.34;298.99;888.69
09.01.2017 03:44;885.16;888.68;885.16;887.97;5.17;4590.7;887.82
09.01.2017 03:45;887.87;887.87;887.69;887.69;0.21;188.2;887.75
09.01.2017 03:46;888.34;888.34;888.12;888.15;0.18;161.55;888.26
09.01.2017 03:47;885.64;885.64;885.64;885.64;1.17;1033.5;885.64
09.01.2017 03:48;887.73;887.73;887.73;887.73;0.03;30.18;887.73
09.01.2017 03:49;887.03;887.03;884.84;884.84;0.09;77.88;885.79
09.01.2017 03:50;884.94;884.94;884.94;884.94;0.07;62.13;884.94
09.01.2017 03:51;884.96;884.96;884.96;884.96;10;8849.6;884.96
09.01.2017 03:52;0;0;0;0;0;0;0
09.01.2017 03:53;886.67;886.67;886.67;886.67;0.01;8.87;886.67
09.01.2017 03:54;886.47;887.2;885.17;886.88;8.78;7792.49;887.1
09.01.2017 03:55;888.76;888.76;888.76;888.76;0.02;15.11;888.76
09.01.2017 03:56;888.83;888.99;888.83;888.99;0.05;48.03;888.94
09.01.2017 03:57;888.99;888.99;888.94;888.94;0.2;179.41;888.98
09.01.2017 03:58;887.94;887.94;885.2;885.2;0.04;39.25;885.69
09.01.2017 03:59;888.77;888.77;888.77;888.77;0.5;444.39;888.77
09.01.2017 04:00;0;0;0;0;0;0;0
09.01.2017 04:01;888.28;888.99;888.28;888.99;1.13;1008.18;888.29
09.01.2017 04:02;888.99;888.99;888.99;888.99;0.05;46.23;888.99
09.01.2017 04:03;888.46;888.46;888.46;888.46;0.19;165.17;888.46
09.01.2017 04:04;888.76;888.79;888.76;888.79;0.2;175.1;888.78
09.01.2017 04:05;888.78;888.78;888.78;888.78;0.09;79.18;888.78
09.01.2017 04:06;888.97;888.97;888.77;888.77;0.33;292.43;888.84
09.01.2017 04:07;888.66;888.66;888.66;888.66;1.95;1728.56;888.66
09.01.2017 04:08;0;0;0;0;0;0;0
09.01.2017 04:09;886.85;886.85;886.85;886.85;0.02;16.12;886.85
09.01.2017 04:10;888.71;888.71;888.59;888.59;0.73;646.63;888.64
09.01.2017 04:11;888.54;888.54;888.25;888.25;0.48;429.99;888.41
09.01.2017 04:12;885.99;886.1;885.99;886.1;0.02;17.87;886.03
09.01.2017 04:13;886.1;886.1;885.11;885.11;0.21;190.18;885.11
09.01.2017 04:14;885;885;885;885;0.5;442.5;885
09.01.2017 04:15;882.38;882.8;882.38;882.8;0.13;116.42;882.7
09.01.2017 04:16;0;0;0;0;0;0;0
09.01.2017 04:17;886.39;886.39;886.39;886.39;0.08;68.43;886.39
09.01.2017 04:18;0;0;0;0;0;0;0
09.01.2017 04:19;0;0;0;0;0;0;0
09.01.2017 04:20;0;0;0;0;0;0;0
09.01.2017 04:21;0;0;0;0;0;0;0
09.01.2017 04:22;0;0;0;0;0;0;0
09.01.2017 04:23;0;0;0;0;0;0;0
09.01.2017 04:24;0;0;0;0;0;0;0
09.01.2017 04:25;884.3;884.3;884.3;884.3;0.01;12.8;884.3
09.01.2017 04:26;884;884;884;884;0.14;123.5;884
09.01.2017 04:27;883.02;883.02;880.54;880.54;0.39;343.2;880.75
09.01.2017 04:28;880.42;880.42;880.42;880.42;0.8;700.55;880.42
09.01.2017 04:29;0;0;0;0;0;0;0
09.01.2017 04:30;881.49;881.49;881.49;881.49;0.01;9.89;881.49
09.01.2017 04:31;881.45;881.5;881.45;881.5;0.31;273.26;881.48
09.01.2017 04:32;881.3;881.3;881.3;881.3;0.01;6.58;881.3
09.01.2017 04:33;0;0;0;0;0;0;0
09.01.2017 04:34;884.38;884.38;884.38;884.38;0.02;13.3;884.38
09.01.2017 04:35;884.41;884.42;884.41;884.42;10.74;9495.8;884.41
09.01.2017 04:36;884.48;884.48;884.48;884.48;2.26;2001.42;884.48
09.01.2017 04:37;887.84;887.84;884.4;884.4;0.06;49.84;884.75
09.01.2017 04:38;887.35;887.35;887.35;887.35;0.01;6.48;887.35
09.01.2017 04:39;882.36;882.36;882.36;882.36;0.06;50.98;882.36
09.01.2017 04:40;0;0;0;0;0;0;0
09.01.2017 04:41;0;0;0;0;0;0;0
09.01.2017 04:42;883.17;883.17;883.17;883.17;0.02;19.74;883.17
09.01.2017 04:43;0;0;0;0;0;0;0
09.01.2017 04:44;0;0;0;0;0;0;0
09.01.2017 04:45;885;885;885;885;2.97;2628.45;885
09.01.2017 04:46;885.35;888.39;885.35;888.39;0.31;276.69;885.68
09.01.2017 04:47;0;0;0;0;0;0;0
09.01.2017 04:48;0;0;0;0;0;0;0
09.01.2017 04:49;888.41;888.41;888.41;888.41;0.17;152.24;888.41
09.01.2017 04:50;883.91;883.91;883.91;883.91;0.01;5.04;883.91
09.01.2017 04:51;0;0;0;0;0;0;0
09.01.2017 04:52;888.49;888.49;888.49;888.49;0.03;26.65;888.49
09.01.2017 04:53;888.24;888.24;888.24;888.24;0.01;8.88;888.24
09.01.2017 04:54;0;0;0;0;0;0;0
09.01.2017 04:55;888.72;888.72;888.72;888.72;0.02;15.11;888.72
09.01.2017 04:56;888.12;888.12;888.12;888.12;0.05;39.97;888.12
09.01.2017 04:57;0;0;0;0;0;0;0
09.01.2017 04:58;886.86;886.86;884.56;884.56;0.52;464.12;886.76
09.01.2017 04:59;884.65;884.65;884.65;884.65;0.62;546.31;884.65
09.01.2017 05:00;0;0;0;0;0;0;0
09.01.2017 05:01;885.01;887.38;885.01;887.38;0.1;89.32;886.4
09.01.2017 05:02;887.74;889.09;887.74;889.09;6.34;5630.15;887.76
09.01.2017 05:03;889.67;890;889.12;890;42.73;38031.35;889.95
09.01.2017 05:04;890.24;892;890.24;892;4.83;4311.25;891.79
09.01.2017 05:05;894.08;894.95;894.08;894.95;2.59;2320.74;894.9
09.01.2017 05:06;894.98;896.78;894.94;894.94;1.79;1601.15;896.47
09.01.2017 05:07;0;0;0;0;0;0;0
09.01.2017 05:08;893.69;893.69;893.69;893.69;0.06;56.14;893.69
09.01.2017 05:09;894.97;894.99;893.99;894.99;4.93;4408.65;894.97
09.01.2017 05:10;895.4;895.4;895.38;895.38;1.44;1293.42;895.4
09.01.2017 05:11;892.6;895.18;891.43;891.43;0.27;242.79;894.95
09.01.2017 05:12;0;0;0;0;0;0;0
09.01.2017 05:13;0;0;0;0;0;0;0
09.01.2017 05:14;0;0;0;0;0;0;0
09.01.2017 05:15;893.71;893.71;893.71;893.71;14;12511.94;893.71
09.01.2017 05:16;894.01;894.01;894;894;0.73;649.07;894
09.01.2017 05:17;894;894;891.9;891.9;10.84;9671.63;892.42
09.01.2017 05:18;891.23;891.88;891.23;891.88;0.72;639.38;891.53
09.01.2017 05:19;895.11;895.13;895.11;895.13;0.84;749.2;895.12
09.01.2017 05:20;895.28;895.28;895.28;895.28;0.36;318.67;895.28
09.01.2017 05:21;893.7;895.28;892.31;895.28;9.56;8528.46;892.41
09.01.2017 05:22;892.62;892.62;892.6;892.6;10;8926.07;892.61
09.01.2017 05:23;893.89;897.98;893.89;897.98;14.15;12665.22;895.32
09.01.2017 05:24;897.99;899.56;897.98;899.56;7.82;7021.5;898.11
09.01.2017 05:25;895.63;895.63;895.32;895.39;2.1;1877.1;895.38
09.01.2017 05:26;0;0;0;0;0;0;0
09.01.2017 05:27;897.66;897.66;896.25;896.25;0.03;29.79;897.07
09.01.2017 05:28;0;0;0;0;0;0;0
09.01.2017 05:29;895.37;895.37;895.37;895.37;0.08;68.01;895.37
09.01.2017 05:30;0;0;0;0;0;0;0
09.01.2017 05:31;0;0;0;0;0;0;0
09.01.2017 05:32;0;0;0;0;0;0;0
09.01.2017 05:33;893.97;894.09;893.97;894.09;0.14;129.16;893.99
09.01.2017 05:34;892.19;892.19;892.16;892.16;1.78;1591.33;892.18
09.01.2017 05:35;890.62;896.22;890.62;896.22;0.01;10.12;893.4
09.01.2017 05:36;893.29;893.29;893.29;893.29;0.01;10.03;893.29
09.01.2017 05:37;893.29;893.29;890.72;890.72;2;1781.46;890.73
09.01.2017 05:38;0;0;0;0;0;0;0
09.01.2017 05:39;892.06;892.15;892.02;892.06;61.19;54586.44;892.08
09.01.2017 05:40;892.04;892.06;892.04;892.06;9.08;8101.15;892.06
09.01.2017 05:41;891.74;892.06;891.74;892.06;10.02;8936.36;892.06
09.01.2017 05:42;891.75;891.75;890.59;890.59;1.12;1001.31;890.95
09.01.2017 05:43;0;0;0;0;0;0;0
09.01.2017 05:44;0;0;0;0;0;0;0
09.01.2017 05:45;892.05;892.06;892.05;892.06;7.42;6616.56;892.06
09.01.2017 05:46;892.06;894;892.06;894;19.06;17001.36;892.06
09.01.2017 05:47;898.01;898.01;898.01;898.01;2.98;2678.76;898.01
09.01.2017 05:48;897.39;897.39;897.22;897.22;0.39;347.72;897.39
09.01.2017 05:49;892.53;892.53;892.53;892.53;0.01;5.09;892.53
09.01.2017 05:50;894.72;895;894.72;895;19.9;17808.94;894.92
09.01.2017 05:51;896.76;896.76;896.76;896.76;0.01;5.04;896.76
09.01.2017 05:52;891.28;891.28;891.28;891.28;0.01;5.08;891.28
09.01.2017 05:53;0;0;0;0;0;0;0
09.01.2017 05:54;893;893;890.71;890.71;0.05;44.06;890.97
09.01.2017 05:55;890.79;890.81;890.79;890.81;0.04;35.85;890.79
09.01.2017 05:56;0;0;0;0;0;0;0
09.01.2017 05:57;892.11;892.11;892.11;892.11;0.01;10.54;892.11
09.01.2017 05:58;0;0;0;0;0;0;0
09.01.2017 05:59;894.38;894.41;894.38;894.41;45.89;41045.21;894.41
09.01.2017 06:00;0;0;0;0;0;0;0
09.01.2017 06:01;0;0;0;0;0;0;0
09.01.2017 06:02;894.7;894.7;894.7;894.7;0.01;8.95;894.7
09.01.2017 06:03;0;0;0;0;0;0;0
09.01.2017 06:04;894.95;895.46;894.71;894.71;2.9;2592.26;895.07
09.01.2017 06:05;894.71;894.71;894.71;894.71;0.12;102.89;894.71
09.01.2017 06:06;0;0;0;0;0;0;0
09.01.2017 06:07;894.7;894.7;894.7;894.7;0.31;274.99;894.7
09.01.2017 06:08;894.7;894.7;894.7;894.7;0.52;461.18;894.7
09.01.2017 06:09;0;0;0;0;0;0;0
09.01.2017 06:10;892.01;892.01;892.01;892.01;0.05;40.97;892.01
09.01.2017 06:11;892.43;892.43;892.43;892.43;0.15;131.94;892.43
09.01.2017 06:12;893.92;893.92;893.92;893.92;0.02;14.75;893.92
09.01.2017 06:13;893.69;893.69;893.69;893.69;0.29;261.51;893.69
09.01.2017 06:14;892;893.42;891.11;893.42;1.07;951.52;893.38
09.01.2017 06:15;893.1;893.1;893.1;893.1;0.05;41.08;893.1
09.01.2017 06:16;892.62;892.62;892.62;892.62;0.06;49.89;892.62
09.01.2017 06:17;0;0;0;0;0;0;0
09.01.2017 06:18;0;0;0;0;0;0;0
09.01.2017 06:19;892.37;892.48;892.37;892.48;0.06;52.54;892.45
09.01.2017 06:20;892.38;892.39;892.24;892.24;0.26;228.44;892.33
09.01.2017 06:21;892.21;892.21;892.21;892.21;0.4;353.98;892.21
09.01.2017 06:22;890.4;890.4;890.4;890.4;1;890.4;890.4
09.01.2017 06:23;891.65;891.65;891.65;891.65;0.1;89.17;891.65
09.01.2017 06:24;0;0;0;0;0;0;0
09.01.2017 06:25;890.04;890.04;890.04;890.04;0.01;11.04;890.04
09.01.2017 06:26;890.29;891.28;890.29;891.28;0.18;158.44;891.17
09.01.2017 06:27;0;0;0;0;0;0;0
09.01.2017 06:28;891.98;891.98;891;891.09;1.04;928.82;891.07
09.01.2017 06:29;891.42;891.7;891.42;891.7;3.48;3098.72;891.66
09.01.2017 06:30;0;0;0;0;0;0;0
09.01.2017 06:31;890.65;892;890.65;892;3.17;2824.53;891.89
09.01.2017 06:32;894.84;894.84;894.82;894.82;0.3;269.34;894.83
09.01.2017 06:33;894.69;894.73;894.69;894.73;0.38;340.43;894.73
09.01.2017 06:34;0;0;0;0;0;0;0
09.01.2017 06:35;0;0;0;0;0;0;0
09.01.2017 06:36;895.37;895.44;894.85;894.85;10.43;9336.25;895.33
09.01.2017 06:37;895.43;895.44;895.43;895.44;0.39;353.43;895.43
09.01.2017 06:38;895.44;897.58;895.44;897.58;2.12;1899.71;895.71
09.01.2017 06:39;897.58;897.76;897.58;897.76;10;8976.53;897.65
09.01.2017 06:40;0;0;0;0;0;0;0
09.01.2017 06:41;897.03;898;895.47;898;10.11;9075.66;897.28
09.01.2017 06:42;896.91;898.69;896.91;898.69;0.16;141.5;897.65
09.01.2017 06:43;0;0;0;0;0;0;0
09.01.2017 06:44;0;0;0;0;0;0;0
09.01.2017 06:45;0;0;0;0;0;0;0
09.01.2017 06:46;0;0;0;0;0;0;0
09.01.2017 06:47;0;0;0;0;0;0;0
09.01.2017 06:48;895.49;895.49;895.49;895.49;0.05;47.19;895.49
09.01.2017 06:49;0;0;0;0;0;0;0
09.01.2017 06:50;0;0;0;0;0;0;0
09.01.2017 06:51;0;0;0;0;0;0;0
09.01.2017 06:52;0;0;0;0;0;0;0
09.01.2017 06:53;895.49;895.51;895.49;895.51;0.12;105.85;895.51
09.01.2017 06:54;0;0;0;0;0;0;0
09.01.2017 06:55;0;0;0;0;0;0;0
09.01.2017 06:56;895.49;895.49;895.47;895.47;50;44773.59;895.47
09.01.2017 06:57;895.46;895.46;895.44;895.44;2.8;2508.65;895.44
09.01.2017 06:58;892.32;894.27;892.32;894.27;5.5;4908.47;892.5
09.01.2017 06:59;0;0;0;0;0;0;0
09.01.2017 07:00;0;0;0;0;0;0;0
09.01.2017 07:01;0;0;0;0;0;0;0
09.01.2017 07:02;893.75;894.82;893.75;894.82;0.25;222.73;894.71
09.01.2017 07:03;0;0;0;0;0;0;0
09.01.2017 07:04;896.76;897;896.76;897;6.35;5696.23;896.76
09.01.2017 07:05;896.95;896.95;896.79;896.79;12.13;10877.4;896.92
09.01.2017 07:06;894.31;895.28;894.28;894.98;7.42;6643.6;894.81
09.01.2017 07:07;0;0;0;0;0;0;0
09.01.2017 07:08;0;0;0;0;0;0;0
09.01.2017 07:09;894.95;894.95;894.95;894.95;0.06;51.2;894.95
09.01.2017 07:10;0;0;0;0;0;0;0
09.01.2017 07:11;894.96;894.96;894.22;894.22;0.09;78.71;894.44
09.01.2017 07:12;0;0;0;0;0;0;0
09.01.2017 07:13;0;0;0;0;0;0;0
09.01.2017 07:14;894.88;894.88;894.88;894.88;0.04;33.11;894.88
09.01.2017 07:15;0;0;0;0;0;0;0
09.01.2017 07:16;0;0;0;0;0;0;0
09.01.2017 07:17;893.81;893.81;893.45;893.45;1.04;926.69;893.63
09.01.2017 07:18;892.85;893.5;890.68;890.68;20.97;18686.07;891.25
09.01.2017 07:19;893.74;893.74;890.7;890.7;10.33;9197.53;890.72
09.01.2017 07:20;0;0;0;0;0;0;0
09.01.2017 07:21;0;0;0;0;0;0;0
09.01.2017 07:22;891.82;893.93;891.82;893.81;0.17;149.6;893.66
09.01.2017 07:23;893.14;893.14;893.01;893.01;0.1;91.59;893.04
09.01.2017 07:24;0;0;0;0;0;0;0
09.01.2017 07:25;892.1;892.1;892.1;892.1;0.35;314.02;892.1
09.01.2017 07:26;890;890;889.21;889.21;12.23;10881.87;889.58
09.01.2017 07:27;891.34;891.83;889.07;891.83;0.46;412.57;889.57
09.01.2017 07:28;891.61;891.61;891.61;891.61;0.12;105.21;891.61
09.01.2017 07:29;889.18;890.2;889.08;889.17;14.72;13092.05;889.17
09.01.2017 07:30;890.18;890.2;890.18;890.2;0.71;633.52;890.18
09.01.2017 07:31;890.2;890.2;890.2;890.2;0.6;532.51;890.2
09.01.2017 07:32;889.1;890.2;889.1;890.2;0.08;74.07;889.81
09.01.2017 07:33;888.76;888.76;888.76;888.76;0.02;19.1;888.76
09.01.2017 07:34;890.2;890.2;890.2;890.2;0.05;41.84;890.2
09.01.2017 07:35;890.08;890.08;890.08;890.08;0.02;16.02;890.08
09.01.2017 07:36;888.8;888.8;885.03;885.03;10.26;9086.66;885.38
09.01.2017 07:37;885.01;885.01;885;885;0.29;256.65;885
09.01.2017 07:38;887.74;887.74;885;887.18;1.74;1538.03;885.44
09.01.2017 07:39;887.08;887.08;886.7;886.7;0.07;62.08;886.87
09.01.2017 07:40;886.53;886.53;884.94;886.12;1.23;1085.77;886.24
09.01.2017 07:41;884.94;885.96;884.94;885.55;0.1;89.83;885.42
09.01.2017 07:42;885.46;885.46;883.68;883.68;0.29;255.09;884.79
09.01.2017 07:43;883.67;883.68;883.67;883.68;0.58;509.61;883.68
09.01.2017 07:44;883.68;883.7;883.68;883.7;0.79;701.12;883.69
09.01.2017 07:45;883.7;886.1;883.7;886.1;2.21;1953.15;883.74
09.01.2017 07:46;884.05;884.05;883.32;883.32;0.06;50.08;883.62
09.01.2017 07:47;884.47;884.47;884.47;884.47;0.01;5.74;884.47
09.01.2017 07:48;885.98;885.98;885.98;885.98;0.01;8.86;885.98
09.01.2017 07:49;886.18;886.18;886.18;886.18;0.11;95.71;886.18
09.01.2017 07:50;0;0;0;0;0;0;0
09.01.2017 07:51;886.18;886.2;886.18;886.2;2.02;1789.24;886.2
09.01.2017 07:52;886.2;886.2;885.92;885.92;0.05;48.5;886.11
09.01.2017 07:53;886.13;886.13;886.13;886.13;1;886.13;886.13
09.01.2017 07:54;885.03;886.01;885;885;11.74;10390.22;885.01
09.01.2017 07:55;885;885;885;885;10.57;9356.73;885
09.01.2017 07:56;883.99;883.99;883.75;883.75;12.47;11018.63;883.88
09.01.2017 07:57;0;0;0;0;0;0;0
09.01.2017 07:58;883.22;886.09;883.22;883.36;0.66;584.46;885.54
09.01.2017 07:59;883.17;884.91;883.17;884.91;50.41;44608.83;884.85
09.01.2017 08:00;885;885;884.88;884.91;154.48;136703.45;884.9
09.01.2017 08:01;0;0;0;0;0;0;0
09.01.2017 08:02;883.17;883.17;883.17;883.17;0.09;77.65;883.17
09.01.2017 08:03;883.36;883.36;883.36;883.36;0.13;112.3;883.36
09.01.2017 08:04;884.7;884.9;884.7;884.9;51.57;45633.81;884.9
09.01.2017 08:05;884.84;884.99;884.84;884.99;0.11;99.27;884.95
09.01.2017 08:06;884.97;885;884.97;885;0.71;630.3;884.99
09.01.2017 08:07;885;885.07;885;885.07;1.34;1182.09;885
09.01.2017 08:08;889.92;889.92;886.78;886.78;0.77;683.74;889.87
09.01.2017 08:09;886.82;889.61;886.82;889.61;20.02;17760.2;886.91
09.01.2017 08:10;889.61;889.61;889.61;889.61;0.4;354.95;889.61
09.01.2017 08:11;0;0;0;0;0;0;0
09.01.2017 08:12;889.6;889.6;889.6;889.6;0.34;299.8;889.6
09.01.2017 08:13;888.71;888.99;885.67;886.55;3.35;2972.92;887.85
09.01.2017 08:14;888.87;888.87;888.87;888.87;0.05;45.33;888.87
09.01.2017 08:15;888.68;889.95;888.01;889.95;6.45;5736.17;888.87
09.01.2017 08:16;889.82;889.82;889.82;889.82;6.96;6190.14;889.82
09.01.2017 08:17;889.75;889.75;889.75;889.75;0.01;9.98;889.75
09.01.2017 08:18;889.4;889.4;889.34;889.34;0.3;270.1;889.38
09.01.2017 08:19;889.24;889.24;889.18;889.18;0.06;52.39;889.22
09.01.2017 08:20;885.52;889.09;885.52;889.02;1.82;1614.7;886.69
09.01.2017 08:21;886.49;886.49;886.49;886.49;0.08;69.72;886.49
09.01.2017 08:22;887.07;888.77;887.07;888.59;0.35;307.01;888.49
09.01.2017 08:23;886.26;886.26;886.26;886.26;2.98;2641.02;886.26
09.01.2017 08:24;889.89;889.89;886.78;886.78;0.22;193.97;889.6
09.01.2017 08:25;888.68;888.68;888.65;888.65;3.5;3110.37;888.68
09.01.2017 08:26;888.03;888.03;888.03;888.03;0.15;133.2;888.03
09.01.2017 08:27;889.48;889.48;889.37;889.37;0.26;231.97;889.44
09.01.2017 08:28;888;888;886.27;886.27;40.08;35524.75;886.32
09.01.2017 08:29;886.21;886.21;886.21;886.21;0.63;554.73;886.21
09.01.2017 08:30;887.44;887.44;886;886;3.83;3390.67;886.11
09.01.2017 08:31;887.33;887.33;887.18;887.18;0.3;268.42;887.29
09.01.2017 08:32;0;0;0;0;0;0;0
09.01.2017 08:33;0;0;0;0;0;0;0
09.01.2017 08:34;887.98;888;886.42;886.42;0.38;340.08;887.94
09.01.2017 08:35;0;0;0;0;0;0;0
09.01.2017 08:36;886.36;888;886.36;888;0.36;322.77;886.65
09.01.2017 08:37;0;0;0;0;0;0;0
09.01.2017 08:38;887.89;887.89;887.89;887.89;0.21;189.43;887.89
09.01.2017 08:39;885.75;885.75;885.75;885.75;0.01;9.57;885.75
09.01.2017 08:40;0;0;0;0;0;0;0
09.01.2017 08:41;887.82;887.82;885.6;885.6;39.93;35366.47;885.63
09.01.2017 08:42;887.6;887.6;887.07;887.07;0.88;783.68;887.34
09.01.2017 08:43;0;0;0;0;0;0;0
09.01.2017 08:44;886.87;886.87;886.87;886.87;0.23;199.75;886.87
09.01.2017 08:45;887.52;887.52;887.41;887.42;2.11;1872.88;887.44
09.01.2017 08:46;887.96;887.96;887.96;887.96;0.39;347.8;887.96
09.01.2017 08:47;885.76;886.64;882.8;886.64;100.02;88510.58;884.95
09.01.2017 08:48;885.5;887.8;885.5;887.72;1.11;984.95;885.73
09.01.2017 08:49;0;0;0;0;0;0;0
09.01.2017 08:50;887.88;887.88;887.88;887.88;0.18;156.32;887.88
09.01.2017 08:51;886.28;886.28;886.28;886.28;0.05;42.12;886.28
09.01.2017 08:52;887.97;888;886.54;886.54;18.29;16240.01;888
09.01.2017 08:53;886.55;888;886.55;888;10.63;9441.34;888
09.01.2017 08:54;889;889;889;889;0.13;111.13;889
09.01.2017 08:55;0;0;0;0;0;0;0
09.01.2017 08:56;0;0;0;0;0;0;0
09.01.2017 08:57;888.99;888.99;887.02;888.99;1.26;1123.63;888.95
09.01.2017 08:58;0;0;0;0;0;0;0
09.01.2017 08:59;889.96;889.96;889.96;889.96;0.5;444.98;889.96
09.01.2017 09:00;889.93;889.95;889.93;889.95;33.4;29725.93;889.95
09.01.2017 09:01;888.16;888.16;888.03;888.03;0.34;299.41;888.08
09.01.2017 09:02;888.02;888.02;885.66;885.66;20;17753.92;887.7
09.01.2017 09:03;883.71;888.56;883;888.56;30.02;26524.92;883.71
09.01.2017 09:04;885.61;885.61;885.61;885.61;0.01;8.86;885.61
09.01.2017 09:05;883.77;885.52;883.77;885.52;0.15;130.79;883.9
09.01.2017 09:06;884.43;884.43;880.18;881.98;52.71;46410.13;880.56
09.01.2017 09:07;881.97;881.98;881.97;881.98;44.69;39418.53;881.97
09.01.2017 09:08;881.98;885.01;881.97;881.97;1.77;1563.26;882.55
09.01.2017 09:09;881.99;881.99;881.97;881.97;1.05;922.02;881.98
09.01.2017 09:10;884.52;884.52;884.52;884.52;0.67;593.43;884.52
09.01.2017 09:11;884.25;884.25;881.97;881.97;50.51;44547.38;881.99
09.01.2017 09:12;881.97;881.97;880.18;880.18;13.98;12310.9;880.73
09.01.2017 09:13;880.7;880.7;880.43;880.43;0.32;281.67;880.53
09.01.2017 09:14;880.69;880.69;880.41;880.41;1.02;896.65;880.51
09.01.2017 09:15;880.32;880.65;880.16;880.18;7.31;6433.94;880.24
09.01.2017 09:16;880.18;880.18;880.18;880.18;11.92;10488.1;880.18
09.01.2017 09:17;880.99;880.99;880.99;880.99;0.12;105.72;880.99
09.01.2017 09:18;880.99;880.99;880.99;880.99;0.08;67.06;880.99
09.01.2017 09:19;880.99;881;880.01;881;0.11;97.94;880.54
09.01.2017 09:20;881;881;881;881;0.95;836.77;881
09.01.2017 09:21;886.7;886.7;886.23;886.23;2.28;2017.11;886.61
09.01.2017 09:22;886.04;886.04;886.04;886.04;4.91;4352.05;886.04
09.01.2017 09:23;885.11;885.15;885.11;885.15;5;4425.58;885.12
09.01.2017 09:24;0;0;0;0;0;0;0
09.01.2017 09:25;0;0;0;0;0;0;0
09.01.2017 09:26;883.03;884.46;881.02;884.44;18.73;16539.21;883.25
09.01.2017 09:27;881.02;881.03;880.98;880.98;15.07;13278.89;881.01
09.01.2017 09:28;880.74;880.74;879.94;879.94;1.66;1460.45;880.21
09.01.2017 09:29;0;0;0;0;0;0;0
09.01.2017 09:30;879.94;879.95;879.94;879.95;0.48;422.37;879.95
09.01.2017 09:31;880.48;880.48;880.48;880.48;0.1;88.05;880.48
09.01.2017 09:32;880.48;884.43;880.48;884.43;4.2;3703.39;880.95
09.01.2017 09:33;884.16;884.16;884.16;884.16;0.06;51.89;884.16
09.01.2017 09:34;884;884;884;884;0.01;10.8;884
09.01.2017 09:35;883.65;883.65;883.65;883.65;0.18;155.45;883.65
09.01.2017 09:36;0;0;0;0;0;0;0
09.01.2017 09:37;0;0;0;0;0;0;0
09.01.2017 09:38;0;0;0;0;0;0;0
09.01.2017 09:39;884.93;884.93;884.93;884.93;0.17;147.08;884.93
09.01.2017 09:40;884.84;884.84;882.64;882.66;0.48;424.45;882.91
09.01.2017 09:41;0;0;0;0;0;0;0
09.01.2017 09:42;884.17;884.17;883.47;883.47;8.38;7407.9;884.14
09.01.2017 09:43;884.13;884.17;884.13;884.17;0.83;737.44;884.16
09.01.2017 09:44;885.2;885.2;885.14;885.14;0.3;268.94;885.15
09.01.2017 09:45;882.86;882.86;882.86;882.86;0.02;13.9;882.86
09.01.2017 09:46;885.97;885.99;885.93;885.93;2.2;1952.36;885.98
09.01.2017 09:47;885.93;885.97;883.26;883.26;25.93;22907.7;883.41
09.01.2017 09:48;882.51;882.51;882.51;882.51;0.02;14.12;882.51
09.01.2017 09:49;882.5;882.5;882.46;882.46;0.65;576.78;882.5
09.01.2017 09:50;882.35;882.35;882.28;882.28;0.24;214.84;882.35
09.01.2017 09:51;882.14;882.14;882.14;882.14;0.1;91.77;882.14
09.01.2017 09:52;881.9;881.9;881.9;881.9;0.02;13.74;881.9
09.01.2017 09:53;883.41;883.43;883.41;883.43;1;883.43;883.43
09.01.2017 09:54;883.16;883.16;883.16;883.16;0.09;76.63;883.16
09.01.2017 09:55;0;0;0;0;0;0;0
09.01.2017 09:56;0;0;0;0;0;0;0
09.01.2017 09:57;885.28;885.28;885.28;885.28;0.14;124.37;885.28
09.01.2017 09:58;882.27;882.27;880.97;880.97;16.29;14352.25;881.11
09.01.2017 09:59;883.89;883.89;883.41;883.41;0.07;61.64;883.49
09.01.2017 10:00;883.34;883.34;882.74;882.74;2.81;2479.81;883.19
09.01.2017 10:01;882.67;882.82;880.98;882.82;4.58;4041.19;882.76
09.01.2017 10:02;882.73;882.73;881.14;882.63;0.6;528.26;882.05
09.01.2017 10:03;882.08;885.68;881.5;882;37.6;33165.12;882.06
09.01.2017 10:04;882.06;887.94;881.99;887.67;58.25;51417.27;882.71
09.01.2017 10:05;887.54;887.54;887.06;887.06;3.33;2958.26;887.09
09.01.2017 10:06;886.95;886.97;886.95;886.97;5.28;4685.04;886.95
09.01.2017 10:07;886.71;886.71;884.58;884.58;4.12;3649.44;886.25
09.01.2017 10:08;884.82;886.98;884.82;886.96;1.72;1524.47;885.1
09.01.2017 10:09;886.84;886.84;886.84;886.84;16.35;14502.31;886.84
09.01.2017 10:10;886.81;886.81;886.69;886.69;2.1;1859.26;886.69
09.01.2017 10:11;885.84;886.66;885.84;886.66;0.31;270.47;885.97
09.01.2017 10:12;886.59;887;886.59;887;0.49;431.59;886.94
09.01.2017 10:13;0;0;0;0;0;0;0
09.01.2017 10:14;887;887;887;887;0.02;20.38;887
09.01.2017 10:15;887;887;887;887;2.82;2501.73;887
09.01.2017 10:16;886.66;886.66;886.61;886.61;11;9752.75;886.61
09.01.2017 10:17;886.72;886.72;886.72;886.72;0.36;323.04;886.72
09.01.2017 10:18;886.97;886.97;886.97;886.97;0.01;11.21;886.97
09.01.2017 10:19;0;0;0;0;0;0;0
09.01.2017 10:20;886.97;887;886.97;887;1;884.24;886.98
09.01.2017 10:21;887;887;887;887;0.01;11.28;887
09.01.2017 10:22;886.76;886.76;886.76;886.76;0.59;521.11;886.76
09.01.2017 10:23;887;887;887;887;0.41;367.78;887
09.01.2017 10:24;886.85;887;886.85;887;23.26;20630.2;886.9
09.01.2017 10:25;889;889.99;889;889.99;1.88;1675.26;889.5
09.01.2017 10:26;0;0;0;0;0;0;0
09.01.2017 10:27;890.23;890.23;890.23;890.23;0.02;18.98;890.23
09.01.2017 10:28;0;0;0;0;0;0;0
09.01.2017 10:29;888.88;890.28;888.88;890.28;6.13;5446.29;889.13
09.01.2017 10:30;891;897;891;897;17.79;15916.82;894.81
09.01.2017 10:31;897;898.5;896.39;896.39;4.11;3693.47;897.67
09.01.2017 10:32;0;0;0;0;0;0;0
09.01.2017 10:33;898.5;899;898.5;898.58;11.46;10303.07;898.88
09.01.2017 10:34;899;899;898.71;898.71;8.27;7434.44;898.73
09.01.2017 10:35;898.71;902.99;898.71;902.98;15.09;13576.5;899.86
09.01.2017 10:36;902.8;902.96;898.97;898.97;3.39;3062.64;902.79
09.01.2017 10:37;899.98;903;899.98;900.19;262.21;236463.57;901.79
09.01.2017 10:38;902.5;905;902.5;904.92;20.04;18119.42;904.16
09.01.2017 10:39;904.9;904.92;904.9;904.9;3.36;3040.49;904.91
09.01.2017 10:40;0;0;0;0;0;0;0
09.01.2017 10:41;902.93;903.64;899.71;903.64;0.33;299.34;902.95
09.01.2017 10:42;903.95;903.99;903.95;903.99;1.18;1063.87;903.99
09.01.2017 10:43;900.73;903.79;900.73;903.79;0.99;892.99;900.82
09.01.2017 10:44;0;0;0;0;0;0;0
09.01.2017 10:45;903.7;903.7;903.7;903.7;0.01;11.15;903.7
09.01.2017 10:46;903.75;903.8;903.75;903.8;0.7;632.64;903.76
09.01.2017 10:47;903.58;903.78;903.58;903.78;1.27;1148.57;903.74
09.01.2017 10:48;902.01;902.01;902.01;902.01;0.09;77.57;902.01
09.01.2017 10:49;901.02;902.04;900;902.04;10.2;9185.99;900.59
09.01.2017 10:50;902.16;903.27;902.16;902.21;0.68;612.25;902.34
09.01.2017 10:51;903.27;905;902.25;904.91;34.15;30895.02;904.62
09.01.2017 10:52;902.99;902.99;902;902.96;2.1;1893.11;902.55
09.01.2017 10:53;900;900;900;900;0.49;437.44;900
09.01.2017 10:54;900;900;900;900;0.63;565.62;900
09.01.2017 10:55;901.62;901.62;900.17;900.17;1.91;1720.37;900.8
09.01.2017 10:56;900.29;900.67;900.29;900.67;0.31;282.5;900.62
09.01.2017 10:57;902.37;902.37;900;900;1.17;1055.57;900.35
09.01.2017 10:58;901.11;901.13;901.05;901.13;1.53;1378.77;901.11
09.01.2017 10:59;902.93;903.62;902.93;903.62;0.23;208.22;903.1
09.01.2017 11:00;900.34;900.56;900.34;900.56;0.16;147.85;900.54
09.01.2017 11:01;900.74;900.74;900.71;900.71;0.31;275.53;900.71
09.01.2017 11:02;900.29;900.29;900.29;900.29;0.39;352.91;900.29
09.01.2017 11:03;0;0;0;0;0;0;0
09.01.2017 11:04;900.02;900.09;900.02;900.09;0.2;181.74;900.03
09.01.2017 11:05;903.62;903.62;903.61;903.61;0.61;552.74;903.61
09.01.2017 11:06;0;0;0;0;0;0;0
09.01.2017 11:07;0;0;0;0;0;0;0
09.01.2017 11:08;0;0;0;0;0;0;0
09.01.2017 11:09;0;0;0;0;0;0;0
09.01.2017 11:10;0;0;0;0;0;0;0
09.01.2017 11:11;0;0;0;0;0;0;0
09.01.2017 11:12;901.02;903.5;901.02;903.5;3.15;2845.65;903.38
09.01.2017 11:13;0;0;0;0;0;0;0
09.01.2017 11:14;0;0;0;0;0;0;0
09.01.2017 11:15;903.22;903.22;903.22;903.22;4;3612.88;903.22
09.01.2017 11:16;902.99;902.99;902.99;902.99;3;2708.97;902.99
09.01.2017 11:17;902.94;902.99;902.94;902.99;8.97;8101.78;902.97
09.01.2017 11:18;900.08;902.99;900.08;902.99;7.24;6538.52;902.89
09.01.2017 11:19;900.4;904.23;900.4;900.57;51.63;46506.33;900.84
09.01.2017 11:20;0;0;0;0;0;0;0
09.01.2017 11:21;900.84;900.84;900.84;900.84;0.08;70.81;900.84
09.01.2017 11:22;901.99;901.99;900.86;900.86;0.86;775.4;901.01
09.01.2017 11:23;903.55;903.55;902.97;902.99;4.81;4342.76;903.03
09.01.2017 11:24;902.96;902.99;901.44;901.44;11.64;10501.74;901.84
09.01.2017 11:25;901.47;901.59;901.47;901.59;0.09;83.45;901.54
09.01.2017 11:26;902.99;902.99;902.99;902.99;0.13;116.71;902.99
09.01.2017 11:27;902.97;902.97;902.97;902.97;0.09;80.36;902.97
09.01.2017 11:28;902.97;902.97;901.64;902.97;12.75;11512.25;902.69
09.01.2017 11:29;902.97;903.83;902.97;903.77;4.26;3852.49;903.77
09.01.2017 11:30;902.16;903.69;902.16;903.69;2.12;1911.71;902.18
09.01.2017 11:31;903;903;902.4;902.4;0.51;457.35;902.99
09.01.2017 11:32;903.79;905.01;903.79;905;8.57;7755.17;904.93
09.01.2017 11:33;0;0;0;0;0;0;0
09.01.2017 11:34;906.87;906.95;906.15;906.95;3.55;3220.9;906.91
09.01.2017 11:35;907.77;908.62;907.04;908.62;7.23;6564.25;908.39
09.01.2017 11:36;908.62;908.63;907.12;907.12;69;62652.25;908
09.01.2017 11:37;907.15;908.59;907.15;908.45;9.13;8292.27;908.19
09.01.2017 11:38;908.37;908.37;907.5;908.25;0.8;724.09;907.79
09.01.2017 11:39;907.5;907.5;907.5;907.5;1.01;918.99;907.5
09.01.2017 11:40;907.5;907.89;907.5;907.5;10.8;9804.09;907.87
09.01.2017 11:41;907.5;907.8;907.5;907.8;0.16;147.94;907.63
09.01.2017 11:42;907.52;907.52;907.52;907.52;0.05;47.1;907.52
09.01.2017 11:43;907.61;907.61;907.61;907.61;0.02;20.71;907.61
09.01.2017 11:44;908.21;908.21;907.8;907.8;2.59;2349.33;907.97
09.01.2017 11:45;907.5;907.5;901.28;901.28;8.8;7933.74;901.4
09.01.2017 11:46;904.89;904.89;902;902;115.97;104665.16;902.55
09.01.2017 11:47;902;904.16;902;904.16;55.05;49650.95;902
09.01.2017 11:48;904.02;904.02;902;902;2.36;2129.25;902.02
09.01.2017 11:49;903;903;903;903;0.1;90.3;903
09.01.2017 11:50;903;906.57;903;906.57;2.49;2252.08;904.82
09.01.2017 11:51;906.5;906.5;906.5;906.5;0.02;14.79;906.5
09.01.2017 11:52;905.85;905.85;902.13;902.13;0.05;47.34;904.4
09.01.2017 11:53;0;0;0;0;0;0;0
09.01.2017 11:54;0;0;0;0;0;0;0
09.01.2017 11:55;905.14;905.23;900.85;900.85;0.61;549.31;904.88
09.01.2017 11:56;900.85;900.86;899.5;899.5;10.04;9038.41;900.33
09.01.2017 11:57;899.5;901.43;899.5;901.43;0.19;173.83;900.35
09.01.2017 11:58;0;0;0;0;0;0;0
09.01.2017 11:59;899.51;900.83;899.51;900.83;0.09;80.69;900.01
09.01.2017 12:00;900.83;901.43;900.83;901.43;0.61;553.51;901.05
09.01.2017 12:01;901.43;901.45;899.5;901.45;17.97;16194.26;901.25
09.01.2017 12:02;903.02;903.02;903;903;38.8;35038.76;903
09.01.2017 12:03;0;0;0;0;0;0;0
09.01.2017 12:04;904.76;904.76;903;904.74;0.65;589.86;904.02
09.01.2017 12:05;904.74;904.74;904.74;904.74;0.49;439.87;904.74
09.01.2017 12:06;906.02;906.02;906.02;906.02;0.27;244.99;906.02
09.01.2017 12:07;906.02;906.67;906.02;906.67;0.15;132.66;906.55
09.01.2017 12:08;906.26;906.26;903.02;903.02;0.13;117.71;903.4
09.01.2017 12:09;905.11;907.4;903;907.4;3;2713.53;905.41
09.01.2017 12:10;907.33;907.33;906.7;906.7;1.15;1040.71;906.77
09.01.2017 12:11;0;0;0;0;0;0;0
09.01.2017 12:12;906.17;906.18;906;906;1.08;981.37;906.16
09.01.2017 12:13;906;907.23;905.99;906;11.53;10447.71;906.09
09.01.2017 12:14;907.15;907.62;907.15;907.62;1.14;1030.79;907.54
09.01.2017 12:15;907.85;908.63;907.85;908.63;169.7;154081.13;907.95
09.01.2017 12:16;908.33;908.63;908.25;908.25;3.75;3407.87;908.31
09.01.2017 12:17;907.37;908.34;904.87;904.87;4.72;4274.21;905.76
09.01.2017 12:18;907.88;908.3;907.88;908.3;16.94;15385.35;908.14
09.01.2017 12:19;908.3;908.63;908.3;908.32;1.33;1204.13;908.54
09.01.2017 12:20;908.62;908.97;908.32;908.32;1.02;926.62;908.63
09.01.2017 12:21;908.96;909.1;908.96;909.1;1.28;1162.9;909.01
09.01.2017 12:22;908.32;908.91;904.1;904.1;5.95;5401.16;908.05
09.01.2017 12:23;906.24;908.49;906.24;908.49;1.77;1605.23;907.67
09.01.2017 12:24;908.49;908.59;908.49;908.59;1.26;1147.36;908.5
09.01.2017 12:25;906.28;908.54;906.28;906.67;1.07;968.62;908.41
09.01.2017 12:26;908.39;908.39;908.39;908.39;1.1;1000.14;908.39
09.01.2017 12:27;908.38;908.39;906.1;908.32;2.2;1995.1;907.27
09.01.2017 12:28;908.23;908.23;906.32;906.32;1.04;946.32;908.15
09.01.2017 12:29;906.13;910;906.13;910;164.73;149804.65;909.39
09.01.2017 12:30;910;910.43;910;910.43;5.17;4707.15;910.11
09.01.2017 12:31;910.58;910.58;910.01;910.01;0.92;833.18;910.3
09.01.2017 12:32;910.01;910.01;910;910;43.11;39229.05;910
09.01.2017 12:33;906.44;910.29;906.44;910.29;2.24;2033.11;908.78
09.01.2017 12:34;906.56;906.56;906.56;906.56;2.83;2567.98;906.56
09.01.2017 12:35;906.11;906.11;906.11;906.11;0.05;45.31;906.11
09.01.2017 12:36;906.36;908.14;906.36;906.36;26.18;23749.6;907.31
09.01.2017 12:37;908.54;909.75;908.54;909.75;8.52;7743.61;908.76
09.01.2017 12:38;909.97;909.97;904.11;906.11;2.03;1840.41;906.1
09.01.2017 12:39;906.14;906.14;906.14;906.14;0.59;537.61;906.14
09.01.2017 12:40;0;0;0;0;0;0;0
09.01.2017 12:41;0;0;0;0;0;0;0
09.01.2017 12:42;907.03;907.03;907.03;907.03;0.05;40.88;907.03
09.01.2017 12:43;909.25;909.25;909.25;909.25;0.07;59.95;909.25
09.01.2017 12:44;909.25;909.25;906.43;909.25;0.69;627.13;907.21
09.01.2017 12:45;908;908;907.42;907.42;0.27;245.91;907.66
09.01.2017 12:46;909.25;909.74;907.25;907.25;0.75;684.35;907.4
09.01.2017 12:47;909.74;909.97;909.74;909.97;0.26;233.23;909.79
09.01.2017 12:48;909.76;909.76;909.76;909.76;0.27;246.5;909.76
09.01.2017 12:49;909.76;909.76;909.76;909.76;0.05;45.49;909.76
09.01.2017 12:50;909.97;910;909.97;910;2.82;2563.72;909.99
09.01.2017 12:51;909.76;909.76;909.76;909.76;5.63;5121.95;909.76
09.01.2017 12:52;906.96;907.02;906.96;907.02;3;2721;907
09.01.2017 12:53;907.27;907.27;907.27;907.27;0.72;649.9;907.27
09.01.2017 12:54;907.26;907.3;907.25;907.25;2.98;2700.87;907.25
09.01.2017 12:55;907.23;907.23;907.23;907.23;0.11;103.77;907.23
09.01.2017 12:56;905.92;905.92;903.13;904.43;15.99;14465.09;904.44
09.01.2017 12:57;904.17;904.17;904;904;0.09;78.58;904.02
09.01.2017 12:58;904.17;904.17;904.17;904.17;0.01;9.04;904.17
09.01.2017 12:59;905.77;905.77;905.77;905.77;0.01;11.46;905.77
09.01.2017 13:00;904.63;905.62;903.86;905.51;4.3;3895.06;905.51
09.01.2017 13:01;905.45;908.91;904.52;904.52;7.58;6869.22;905.87
09.01.2017 13:02;905.99;907.44;905.99;907.44;4.4;3990.78;906.75
09.01.2017 13:03;907.19;907.2;907.19;907.2;8.02;7277.41;907.19
09.01.2017 13:04;907.15;907.15;907.15;907.15;0.03;25.64;907.15
09.01.2017 13:05;905.67;907;905.66;906.99;0.25;228.36;906.79
09.01.2017 13:06;906.99;906.99;906.99;906.99;0.92;831.32;906.99
09.01.2017 13:07;905.99;906.84;905.37;906.84;2.03;1844.12;906.48
09.01.2017 13:08;906.91;906.91;906.89;906.89;2.32;2099.52;906.89
09.01.2017 13:09;906.94;906.99;906.94;906.99;0.45;411.3;906.97
09.01.2017 13:10;906.91;906.91;905.35;905.37;4.35;3936.82;905.45
09.01.2017 13:11;905.73;905.73;905.62;905.62;0.1;91.62;905.67
09.01.2017 13:12;905.83;905.83;905.83;905.83;0.19;171.03;905.83
09.01.2017 13:13;904.63;904.63;904.63;904.63;0.01;9.05;904.63
09.01.2017 13:14;904.38;904.38;904.38;904.38;0.02;18.24;904.38
09.01.2017 13:15;904.63;906.95;904.57;904.57;8.93;8077.9;904.63
09.01.2017 13:16;904.63;904.63;903.12;903.12;5.09;4606.05;904.35
09.01.2017 13:17;903.69;903.69;903.57;903.57;0.92;832.59;903.57
09.01.2017 13:18;903.84;903.84;903.84;903.84;0.46;411.69;903.84
09.01.2017 13:19;0;0;0;0;0;0;0
09.01.2017 13:20;0;0;0;0;0;0;0
09.01.2017 13:21;903.96;903.97;903.96;903.97;0.35;312.72;903.96
09.01.2017 13:22;903.97;904;903.97;904;4.46;4036.01;903.99
09.01.2017 13:23;903.99;903.99;903.99;903.99;0.03;23.67;903.99
09.01.2017 13:24;904;904;904;904;0.04;39.93;904
09.01.2017 13:25;904;904;904;904;3.96;3576.84;904
09.01.2017 13:26;904;904;903.75;903.75;0.48;438.21;903.76
09.01.2017 13:27;0;0;0;0;0;0;0
09.01.2017 13:28;903.99;903.99;903.99;903.99;0.05;48.3;903.99
09.01.2017 13:29;903.99;903.99;903.99;903.99;0.6;541.76;903.99
09.01.2017 13:30;903.76;903.76;903.76;903.76;0.27;244.9;903.76
09.01.2017 13:31;903.76;903.76;903.44;903.44;3.56;3219.17;903.74
09.01.2017 13:32;903.48;903.48;903.48;903.48;50;45174;903.48
09.01.2017 13:33;903.93;903.93;903.93;903.93;0.23;210.2;903.93
09.01.2017 13:34;903.08;903.08;903.08;903.08;0.06;51.84;903.08
09.01.2017 13:35;903.41;903.41;903.07;903.07;1;903.37;903.37
09.01.2017 13:36;903.98;904;903;903;11.85;10708.44;903.48
09.01.2017 13:37;902.48;902.84;901.91;901.91;48.77;44013.02;902.43
09.01.2017 13:38;902.58;903.81;902.58;903.81;8.02;7248.81;903.79
09.01.2017 13:39;903.97;903.98;903.97;903.98;0.28;249.69;903.98
09.01.2017 13:40;903.24;903.24;903.12;903.12;0.02;20.81;903.17
09.01.2017 13:41;0;0;0;0;0;0;0
09.01.2017 13:42;903.22;903.98;903.22;903.98;0.41;371.88;903.82
09.01.2017 13:43;903.95;903.95;903.95;903.95;0.54;484.17;903.95
09.01.2017 13:44;903.95;903.95;903.95;903.95;0.15;135.59;903.95
09.01.2017 13:45;902.78;903.99;902.78;903.99;2.2;1987.67;903.95
09.01.2017 13:46;902.84;902.84;902.84;902.84;0.2;180.57;902.84
09.01.2017 13:47;903.06;903.06;903.06;903.06;0.34;310.69;903.06
09.01.2017 13:48;903.12;903.99;903.12;903.15;2.73;2467.18;903.36
09.01.2017 13:49;903.99;903.99;902;902;9.39;8470.48;902.2
09.01.2017 13:50;901.98;903.92;901.89;901.89;6.29;5676.73;901.92
09.01.2017 13:51;0;0;0;0;0;0;0
09.01.2017 13:52;902.18;903.04;902.18;903.04;1.04;937.22;902.33
09.01.2017 13:53;0;0;0;0;0;0;0
09.01.2017 13:54;902.81;902.81;902.81;902.81;0.02;19.57;902.81
09.01.2017 13:55;902.71;902.71;902.28;902.28;4.62;4168.51;902.52
09.01.2017 13:56;902.28;902.42;901.28;902.33;36.27;32724.3;902.29
09.01.2017 13:57;902.37;902.37;902.26;902.26;0.19;170.9;902.28
09.01.2017 13:58;901.45;901.45;901.45;901.45;0.04;38.49;901.45
09.01.2017 13:59;902.45;902.45;902.45;902.45;0.72;652.47;902.45
09.01.2017 14:00;902.45;902.45;902.45;902.45;0.06;51.25;902.45
09.01.2017 14:01;902.24;902.24;900.85;900.85;4.93;4446.66;901.74
09.01.2017 14:02;0;0;0;0;0;0;0
09.01.2017 14:03;0;0;0;0;0;0;0
09.01.2017 14:04;901.29;901.29;901.29;901.29;0.29;261.37;901.29
09.01.2017 14:05;900.82;901.95;900.82;901.86;3.17;2855.3;900.97
09.01.2017 14:06;901.65;902.16;901.65;902.16;1.26;1135.63;901.68
09.01.2017 14:07;902.25;902.25;902.25;902.25;0.19;174.18;902.25
09.01.2017 14:08;902.16;902.16;902.16;902.16;0.05;41.07;902.16
09.01.2017 14:09;902.16;902.16;901.3;901.3;7.05;6357.96;901.44
09.01.2017 14:10;0;0;0;0;0;0;0
09.01.2017 14:11;901.66;902.03;901.3;901.3;4.77;4301.79;901.34
09.01.2017 14:12;901.29;901.29;901.27;901.27;0.6;536.54;901.28
09.01.2017 14:13;900.79;901.18;900.59;901.18;0.39;348.44;900.79
09.01.2017 14:14;901.11;901.11;901.11;901.11;0.34;308.23;901.11
09.01.2017 14:15;900.94;900.94;900.94;900.94;0.01;9.66;900.94
09.01.2017 14:16;901.06;901.06;900.96;900.96;1.92;1734.12;901.02
09.01.2017 14:17;901.17;901.3;901.17;901.3;3.24;2922.39;901.27
09.01.2017 14:18;901.3;901.3;901.3;901.3;0.05;41.05;901.3
09.01.2017 14:19;901.3;901.3;901.27;901.27;0.3;272.25;901.27
09.01.2017 14:20;901.3;901.3;901.3;901.3;2.83;2554.32;901.3
09.01.2017 14:21;0;0;0;0;0;0;0
09.01.2017 14:22;902.24;902.26;902.24;902.26;1.24;1121.99;902.24
09.01.2017 14:23;902.26;902.26;902.22;902.22;5.67;5112.22;902.25
09.01.2017 14:24;0;0;0;0;0;0;0
09.01.2017 14:25;902.25;902.25;902.24;902.24;0.41;373.38;902.24
09.01.2017 14:26;901.75;901.75;901.75;901.75;0.27;244.39;901.75
09.01.2017 14:27;901.75;902.59;901.73;902.59;1.48;1338.72;901.79
09.01.2017 14:28;0;0;0;0;0;0;0
09.01.2017 14:29;901.73;901.73;900.26;900.26;4.7;4235.95;900.75
09.01.2017 14:30;900.1;900.1;900.03;900.09;1.54;1387.61;900.03
09.01.2017 14:31;900.02;900.03;900;900;22.41;20169.88;900
09.01.2017 14:32;899.84;899.84;899.7;899.7;1.01;910.21;899.83
09.01.2017 14:33;898.12;898.12;896.04;896.99;21.01;18841.81;896.99
09.01.2017 14:34;898.87;898.87;898.87;898.87;0.1;85.45;898.87
09.01.2017 14:35;897.9;897.9;897.33;897.33;2;1795.23;897.62
09.01.2017 14:36;897.75;899.01;897.75;899.01;1.3;1164.27;898.87
09.01.2017 14:37;0;0;0;0;0;0;0
09.01.2017 14:38;900.05;900.05;899.87;899.87;0.08;76.23;899.99
09.01.2017 14:39;899.74;899.74;899.71;899.71;21.4;19255.85;899.74
09.01.2017 14:40;899.68;899.68;899.68;899.68;0.02;18.46;899.68
09.01.2017 14:41;0;0;0;0;0;0;0
09.01.2017 14:42;899.91;899.91;898.05;898.05;35.83;32193.65;898.46
09.01.2017 14:43;898.09;898.09;898.09;898.09;0.13;118.11;898.09
09.01.2017 14:44;898.08;898.08;897.98;898.05;0.78;699.21;898.06
09.01.2017 14:45;898.05;898.08;898.04;898.08;8.56;7687.83;898.07
09.01.2017 14:46;898.18;900.41;898.18;898.3;5.78;5200.34;899.64
09.01.2017 14:47;898.55;900.71;898.55;898.71;1.49;1339.89;899.31
09.01.2017 14:48;899.05;900.53;899.05;900.53;0.62;557.34;899.84
09.01.2017 14:49;900.42;900.42;900.38;900.38;6.28;5651.55;900.39
09.01.2017 14:50;900.38;900.38;900.38;900.38;0.5;450.19;900.38
09.01.2017 14:51;900.84;902.62;900.84;902.6;10.47;9445.91;902.08
09.01.2017 14:52;902.58;902.58;902.58;902.58;0.15;135.39;902.58
09.01.2017 14:53;902.58;902.58;902.58;902.58;1.19;1072.14;902.58
09.01.2017 14:54;902.49;902.49;900.89;900.89;0.58;520.07;902.21
09.01.2017 14:55;900.88;902.45;900.05;900.99;62.06;55862.52;900.09
09.01.2017 14:56;900.9;900.9;900.68;900.85;3.96;3563.41;900.81
09.01.2017 14:57;900.39;900.99;900.39;900.99;6.91;6221.9;900.47
09.01.2017 14:58;900.99;900.99;900.52;900.99;0.81;733.62;900.97
09.01.2017 14:59;900.99;900.99;900.99;900.99;3.48;3132.11;900.99
09.01.2017 15:00;901;901;900.47;900.47;7.05;6348.82;900.54
09.01.2017 15:01;901;901;900.56;900.56;0.59;532.19;900.9
09.01.2017 15:02;0;0;0;0;0;0;0
09.01.2017 15:03;900.93;902.38;900.87;902.38;4.96;4474.71;901.43
09.01.2017 15:04;902.09;902.09;902.09;902.09;0.17;149.74;902.09
09.01.2017 15:05;901.96;901.96;901.83;901.83;0.47;424.32;901.87
09.01.2017 15:06;901.7;901.7;901.7;901.7;0.5;448.54;901.7
09.01.2017 15:07;901.49;901.49;901.49;901.49;0.22;199.64;901.49
09.01.2017 15:08;900.61;901.34;899.72;900.13;11.94;10751.93;900.26
09.01.2017 15:09;900.11;901.11;900.11;900.94;0.2;179.07;900.55
09.01.2017 15:10;900.76;903.13;900.73;903.1;15.58;14059.86;902.53
09.01.2017 15:11;903.1;903.1;903.01;903.01;0.48;429.83;903.07
09.01.2017 15:12;0;0;0;0;0;0;0
09.01.2017 15:13;900.58;902.66;900.58;902.65;2.33;2096.79;901.76
09.01.2017 15:14;902.73;902.73;902.52;902.52;0.14;127.23;902.7
09.01.2017 15:15;902.7;902.7;902.7;902.7;5.52;4985.98;902.7
09.01.2017 15:16;899.94;902.74;899.94;902.74;0.93;834.18;901.31
09.01.2017 15:17;902.6;902.65;899.98;902.65;23.04;20743.8;900.24
09.01.2017 15:18;902.58;902.58;902.06;902.06;6.45;5820.58;902.51
09.01.2017 15:19;902.03;902.03;899.72;901.58;3.2;2887.41;901.74
09.01.2017 15:20;901.53;902.69;901.5;902.5;0.61;554.08;902.29
09.01.2017 15:21;902.54;903.98;902.54;903.98;2.07;1864.8;903
09.01.2017 15:22;903.99;904;903.99;904;5.76;5210.33;903.99
09.01.2017 15:23;903.98;904;901.91;904;1.1;998.28;903.95
09.01.2017 15:24;904;904;903.88;904;2.4;2172.33;903.94
09.01.2017 15:25;901.76;903.99;901.76;903.99;0.39;348.93;903.81
09.01.2017 15:26;0;0;0;0;0;0;0
09.01.2017 15:27;903.9;903.9;901.4;903.83;18.09;16307.1;901.48
09.01.2017 15:28;903.6;903.6;903.6;903.6;0.23;211.58;903.6
09.01.2017 15:29;903.46;903.46;901.74;901.74;0.61;552.88;902.23
09.01.2017 15:30;903.2;903.2;903.18;903.18;0.15;137.74;903.19
09.01.2017 15:31;902.57;902.57;902.57;902.57;0.17;148.92;902.57
09.01.2017 15:32;901.75;903.75;901.3;902.32;2.08;1870.66;901.52
09.01.2017 15:33;902;902;901.9;901.9;0.04;35.56;901.91
09.01.2017 15:34;901.6;902;899.91;901.39;4.91;4422.89;901.6
09.01.2017 15:35;0;0;0;0;0;0;0
09.01.2017 15:36;900.96;901.97;899.92;901.97;38.56;34743.76;901
09.01.2017 15:37;901.94;901.94;899.92;899.92;0.2;182.4;901.34
09.01.2017 15:38;899.9;899.9;899.9;899.9;0.27;245.22;899.9
09.01.2017 15:39;899.38;899.9;899.38;899.9;0.96;867.36;899.57
09.01.2017 15:40;899.89;899.89;899.89;899.89;0.45;403.02;899.89
09.01.2017 15:41;899.84;899.89;899.84;899.89;0.71;635.32;899.88
09.01.2017 15:42;899.87;899.89;899.87;899.88;0.21;190.56;899.89
09.01.2017 15:43;899.9;899.9;897.77;899.9;0.98;878.97;899.9
09.01.2017 15:44;899.88;899.9;899.88;899.9;0.19;174.18;899.89
09.01.2017 15:45;899.9;903.32;899.9;903.3;7.57;6831.43;901.89
09.01.2017 15:46;899.36;899.36;899.36;899.36;0.14;126.42;899.36
09.01.2017 15:47;903.32;903.32;903.32;903.32;0.01;5.04;903.32
09.01.2017 15:48;903.28;903.28;903.26;903.27;0.32;287.91;903.27
09.01.2017 15:49;903.33;903.33;903.03;903.03;0.19;169.58;903.29
09.01.2017 15:50;903.04;903.04;902.76;902.76;0.09;83.85;902.89
09.01.2017 15:51;901.33;901.74;901.33;901.74;0.22;199.22;901.45
09.01.2017 15:52;901.74;901.74;899.88;899.89;7.34;6601.89;899.89
09.01.2017 15:53;901.55;901.55;899.88;900.8;0.73;657.45;900.83
09.01.2017 15:54;900.7;900.7;900.7;900.7;0.08;74.76;900.7
09.01.2017 15:55;900.7;900.7;900.7;900.7;0.2;180.14;900.7
09.01.2017 15:56;900.89;900.9;900.89;900.9;1;898.11;900.9
09.01.2017 15:57;901.99;901.99;900.37;900.41;0.24;219.95;900.54
09.01.2017 15:58;901.79;901.79;900.45;900.45;0.85;763.81;900.72
09.01.2017 15:59;901.79;901.79;901.79;901.79;0.02;15.33;901.79
09.01.2017 16:00;0;0;0;0;0;0;0
09.01.2017 16:01;900.44;900.95;900.42;900.43;1.04;936.05;900.45
09.01.2017 16:02;900.43;900.43;899.03;899.03;1;895.14;899.18
09.01.2017 16:03;900.39;900.39;899.02;900.32;9.24;8311.15;899.06
09.01.2017 16:04;899.2;899.2;899.01;899.01;10.36;9313.56;899.13
09.01.2017 16:05;900.36;900.36;899.21;899.21;1.91;1717.37;899.25
09.01.2017 16:06;899.56;899.56;896;898.5;55.72;49978.93;896.92
09.01.2017 16:07;896.03;898.35;896.03;898.35;0.69;621.4;896.68
09.01.2017 16:08;0;0;0;0;0;0;0
09.01.2017 16:09;897.68;897.68;893.81;897.2;97.69;87502.4;895.75
09.01.2017 16:10;897.12;897.12;897.07;897.07;0.14;129.43;897.1
09.01.2017 16:11;896.22;896.22;896.22;896.22;0.02;17.03;896.22
09.01.2017 16:12;896.13;896.13;895.91;895.91;0.38;343.58;895.96
09.01.2017 16:13;895.92;895.92;892.3;894.98;14.14;12648.39;894.21
09.01.2017 16:14;895.65;895.65;894.01;895.65;9.12;8154.93;894.04
09.01.2017 16:15;897.44;897.44;897.42;897.42;0.13;119.5;897.43
09.01.2017 16:16;897.02;897.02;894.27;894.27;1.27;1142.29;896.74
09.01.2017 16:17;894.27;894.3;894.26;894.27;0.89;798.31;894.26
09.01.2017 16:18;894.25;894.3;894.17;894.17;1.73;1549.2;894.24
09.01.2017 16:19;894.23;894.23;892.61;892.81;12.06;10767.19;892.83
09.01.2017 16:20;892.79;894.23;892.47;892.47;21.23;18949.65;892.71
09.01.2017 16:21;894.11;894.11;892.06;892.06;20;17852.42;892.62
09.01.2017 16:22;894.05;894.05;892.01;893.91;0.38;335.42;893.25
09.01.2017 16:23;893.87;893.87;890.29;890.29;2.47;2200.35;891.53
09.01.2017 16:24;0;0;0;0;0;0;0
09.01.2017 16:25;890.4;890.4;890;890;16.86;15005.64;890.07
09.01.2017 16:26;892.89;893;889.98;893;27.33;24322.05;890.06
09.01.2017 16:27;889.09;891.39;889.09;891.32;12.42;11066.17;891.26
09.01.2017 16:28;889.14;889.14;889.1;889.1;6;5334.63;889.11
09.01.2017 16:29;891.88;891.88;889.22;889.22;20.1;17879.34;889.36
09.01.2017 16:30;889.2;889.22;889.2;889.22;14.24;12665.5;889.22
09.01.2017 16:31;889.13;889.24;889.13;889.22;20.58;18303.06;889.2
09.01.2017 16:32;889.22;892.39;889.22;889.35;11.99;10664.12;889.37
09.01.2017 16:33;890;890;889.98;889.98;0.11;100.24;889.99
09.01.2017 16:34;889.17;891.99;889.17;889.26;12.45;11083.34;890.31
09.01.2017 16:35;889.26;892;889.22;892;10.12;9002.46;889.58
09.01.2017 16:36;891.99;892;889.13;889.13;6.84;6080.41;889.26
09.01.2017 16:37;889;889.98;889;889.98;3.11;2767.06;889.58
09.01.2017 16:38;889.92;889.92;889;889.88;4.91;4370.66;889.76
09.01.2017 16:39;889.88;889.9;889.88;889.9;2.29;2033.78;889.89
09.01.2017 16:40;889.57;890.16;889.25;889.25;33.01;29365.58;889.55
09.01.2017 16:41;889.35;893;888.98;893;51.23;45569.8;889.47
09.01.2017 16:42;888.93;893;888.93;888.98;2.23;1982.08;889.21
09.01.2017 16:43;0;0;0;0;0;0;0
09.01.2017 16:44;888.93;893;888.93;892.99;0.1;88.97;889.74
09.01.2017 16:45;0;0;0;0;0;0;0
09.01.2017 16:46;892.96;892.96;890.04;890.04;0.41;368.28;892.74
09.01.2017 16:47;891.98;891.98;891.98;891.98;0.14;122.73;891.98
09.01.2017 16:48;891.98;892;891.98;892;2.06;1838.39;891.99
09.01.2017 16:49;892.1;892.1;891.98;892;9.53;8500.38;892.03
09.01.2017 16:50;892;892;891.98;891.98;4.02;3584.29;891.98
09.01.2017 16:51;891.99;892;888.98;891.84;83.66;74412.8;889.51
09.01.2017 16:52;892;893.69;892;893.69;5.11;4564.36;893.56
09.01.2017 16:53;889.25;894.21;889.25;893.76;10.28;9187;893.92
09.01.2017 16:54;893.74;894.39;892.05;894.39;10.61;9483.39;893.76
09.01.2017 16:55;892.05;893.87;890;893.87;97.8;87084.32;890.4
09.01.2017 16:56;892.05;893.08;891.3;892.98;1.13;1011.09;893.02
09.01.2017 16:57;892.08;892.08;892.08;892.08;5.11;4554.11;892.08
09.01.2017 16:58;891.67;893.08;888.93;888.93;20.13;17941.76;891.22
09.01.2017 16:59;888.94;888.94;888.11;888.59;8.97;7973.69;888.52
09.01.2017 17:00;888.56;888.56;888.5;888.5;0.33;290.24;888.54
09.01.2017 17:01;888;888;888;888;0.73;648.24;888
09.01.2017 17:02;0;0;0;0;0;0;0
09.01.2017 17:03;0;0;0;0;0;0;0
09.01.2017 17:04;0;0;0;0;0;0;0
09.01.2017 17:05;0;0;0;0;0;0;0
09.01.2017 17:06;0;0;0;0;0;0;0
09.01.2017 17:07;889.03;892.99;889;892.99;10.39;9239.26;889.16
09.01.2017 17:08;0;0;0;0;0;0;0
09.01.2017 17:09;892.99;892.99;891.89;891.89;0.25;225.97;892.95
09.01.2017 17:10;893.01;894.54;893.01;894.48;0.6;532.91;893.25
09.01.2017 17:11;894.37;894.37;894.3;894.3;1.02;909.1;894.34
09.01.2017 17:12;894.17;894.17;890.06;890.06;2.21;1972.84;892.09
09.01.2017 17:13;0;0;0;0;0;0;0
09.01.2017 17:14;890.79;893.88;890.79;893.88;1.04;930.02;893.15
09.01.2017 17:15;890.22;890.22;889.95;889.95;22.68;20184.69;890.02
09.01.2017 17:16;0;0;0;0;0;0;0
09.01.2017 17:17;890.71;890.71;890.71;890.71;1.67;1483.03;890.71
09.01.2017 17:18;890.71;890.71;890.71;890.71;0.19;166.77;890.71
09.01.2017 17:19;890.69;890.69;890;890.69;3.98;3539.65;890.09
09.01.2017 17:20;890;890;890;890;0.02;21.36;890
09.01.2017 17:21;0;0;0;0;0;0;0
09.01.2017 17:22;890.69;890.69;890.69;890.69;0.02;21.1;890.69
09.01.2017 17:23;0;0;0;0;0;0;0
09.01.2017 17:24;890.16;890.65;890;890;9.12;8115.69;890.22
09.01.2017 17:25;889.98;889.99;889.98;889.99;2;1779.97;889.98
09.01.2017 17:26;889.1;889.99;888.98;889.99;4.35;3864.56;889.08
09.01.2017 17:27;889.95;889.96;888;889.93;6.2;5505.9;888.4
09.01.2017 17:28;893.22;893.22;889.33;892.94;0.54;477.93;893.03
09.01.2017 17:29;0;0;0;0;0;0;0
09.01.2017 17:30;889.35;889.37;889.35;889.37;0.1;86.1;889.35
09.01.2017 17:31;890.72;890.72;890.72;890.72;3.12;2781.06;890.72
09.01.2017 17:32;890.09;890.09;889.4;889.4;0.11;96.41;889.9
09.01.2017 17:33;889.46;889.47;889.46;889.47;1.36;1209.68;889.47
09.01.2017 17:34;0;0;0;0;0;0;0
09.01.2017 17:35;891.54;891.54;891.26;891.26;0.16;138.45;891.46
09.01.2017 17:36;890.75;890.75;890.75;890.75;0.03;27.61;890.75
09.01.2017 17:37;892.57;892.57;892.57;892.57;0.46;411.47;892.57
09.01.2017 17:38;892.24;892.24;892.13;892.13;2.16;1928.13;892.13
09.01.2017 17:39;891.48;891.48;891.37;891.37;0.2;181.8;891.47
09.01.2017 17:40;889.42;891.03;889.42;891.03;0.55;486.57;890.89
09.01.2017 17:41;0;0;0;0;0;0;0
09.01.2017 17:42;890;890;890;890;0.98;870.88;890
09.01.2017 17:43;889.97;889.97;889.97;889.97;0.23;208.34;889.97
09.01.2017 17:44;889.81;889.81;889.4;889.4;0.14;120.14;889.47
09.01.2017 17:45;889.66;889.66;889.51;889.51;0.3;265.98;889.56
09.01.2017 17:46;889.4;889.99;889.4;889.99;0.94;835.93;889.61
09.01.2017 17:47;0;0;0;0;0;0;0
09.01.2017 17:48;890;891;890;891;0.44;389.35;890.95
09.01.2017 17:49;889.92;892.48;889.92;891.21;3.38;3010.06;890.29
09.01.2017 17:50;889.97;891.11;889.4;889.4;27.3;24293.55;889.75
09.01.2017 17:51;0;0;0;0;0;0;0
09.01.2017 17:52;889.19;889.19;888.34;888.34;1.47;1309.32;888.48
09.01.2017 17:53;889.03;892.46;889.03;892.46;0.38;335.78;889.71
09.01.2017 17:54;889.21;889.21;889.21;889.21;0.02;13.34;889.21
09.01.2017 17:55;889.9;889.9;889.9;889.9;0.02;20.57;889.9
09.01.2017 17:56;889.05;889.75;889.05;889.66;0.82;726.68;889.7
09.01.2017 17:57;889.66;889.66;889.66;889.66;2.07;1840.08;889.66
09.01.2017 17:58;889.06;889.06;888;888.11;3;2665.25;888.42
09.01.2017 17:59;889.31;889.89;889.31;889.89;0.07;64.57;889.59
09.01.2017 18:00;889.86;889.86;888;888;3.68;3273.45;889.38
09.01.2017 18:01;0;0;0;0;0;0;0
09.01.2017 18:02;889.08;889.08;888.02;888.96;2.19;1944.55;889.03
09.01.2017 18:03;888.11;888.93;886.29;886.29;11.29;10026.48;887.93
09.01.2017 18:04;887.79;887.79;886.36;886.36;2.33;2065.48;886.58
09.01.2017 18:05;886.61;887.59;886.61;887.59;1.01;897.11;886.62
09.01.2017 18:06;887.47;887.47;887.42;887.42;0.41;362.83;887.43
09.01.2017 18:07;887.36;887.36;886.61;887.24;1.06;943.91;887.25
09.01.2017 18:08;886.7;887.17;886.7;887.17;0.74;655.96;886.71
09.01.2017 18:09;887.02;888;886.99;886.99;3.14;2791.45;887.66
09.01.2017 18:10;887.99;887.99;887.98;887.98;1.25;1111.75;887.98
09.01.2017 18:11;888.49;888.49;888.38;888.38;0.39;345.51;888.43
09.01.2017 18:12;888.36;889.19;888.32;888.32;0.36;322.66;888.36
09.01.2017 18:13;888.32;889.99;888.32;889.91;0.31;274.3;888.94
09.01.2017 18:14;889.87;889.87;889.86;889.86;0.08;66.74;889.87
09.01.2017 18:15;889.69;889.69;889.49;889.49;0.44;390.39;889.51
09.01.2017 18:16;0;0;0;0;0;0;0
09.01.2017 18:17;888.01;888.01;888.01;888.01;0.04;39.93;888.01
09.01.2017 18:18;888.09;888.09;887.5;887.5;4.42;3921.43;887.94
09.01.2017 18:19;887.59;887.91;887.59;887.91;0.9;797.38;887.62
09.01.2017 18:20;887.96;887.96;887.96;887.96;0.23;205.75;887.96
09.01.2017 18:21;887.94;887.94;887.9;887.93;7.82;6940.62;887.93
09.01.2017 18:22;887.91;887.91;886.01;886.01;10.45;9264.3;886.77
09.01.2017 18:23;887.99;889.93;886.33;888.92;19.42;17251.45;888.23
09.01.2017 18:24;889;889.71;887.4;889.69;1.25;1111.46;888.81
09.01.2017 18:25;889.62;889.62;887.46;887.46;0.19;172.73;888.82
09.01.2017 18:26;888.89;888.89;887.47;887.47;1.14;1008.57;887.9
09.01.2017 18:27;887.48;888.32;887.48;888.32;0.62;546.38;887.77
09.01.2017 18:28;888.82;888.82;888.49;888.49;26.75;23771.8;888.5
09.01.2017 18:29;888.49;888.49;888.46;888.46;0.92;820.05;888.48
09.01.2017 18:30;888.52;888.52;888.52;888.52;0.04;31.99;888.52
09.01.2017 18:31;888.76;888.76;888.67;888.67;0.44;390.85;888.67
09.01.2017 18:32;888.54;888.54;888.53;888.53;0.47;414.06;888.54
09.01.2017 18:33;889.66;889.66;889.66;889.66;0.25;224.44;889.66
09.01.2017 18:34;0;0;0;0;0;0;0
09.01.2017 18:35;888.54;888.54;888.54;888.54;0.22;195.3;888.54
09.01.2017 18:36;889.49;889.49;889.43;889.43;10.55;9384.08;889.49
09.01.2017 18:37;889.4;889.4;889;889.31;1.39;1235.26;889.39
09.01.2017 18:38;889.1;889.1;889.1;889.1;0.22;194.57;889.1
09.01.2017 18:39;889.07;889.07;888.52;888.52;2.44;2172.04;888.72
09.01.2017 18:40;888.52;888.8;888.52;888.66;0.35;310.17;888.62
09.01.2017 18:41;888.1;888.1;887.45;887.46;9.84;8736.11;887.48
09.01.2017 18:42;887.83;887.83;887.83;887.83;0.11;100;887.83
09.01.2017 18:43;887.77;887.77;884.98;884.98;85.38;75612.53;885.64
09.01.2017 18:44;0;0;0;0;0;0;0
09.01.2017 18:45;0;0;0;0;0;0;0
09.01.2017 18:46;888.41;888.41;888.41;888.41;1.52;1346.45;888.41
09.01.2017 18:47;888.05;889.07;888.05;889.07;0.09;80.78;888.44
09.01.2017 18:48;888.72;888.72;888.72;888.72;1.14;1015.63;888.72
09.01.2017 18:49;0;0;0;0;0;0;0
09.01.2017 18:50;887.64;887.64;887.26;887.26;0.14;123.84;887.37
09.01.2017 18:51;887.14;889.18;887.14;889.15;0.11;98.68;888.37
09.01.2017 18:52;888.86;888.86;885.46;888.68;0.68;602.5;885.76
09.01.2017 18:53;888.26;888.26;888.26;888.26;0.02;19.95;888.26
09.01.2017 18:54;887.84;887.84;887.55;887.55;1.17;1036.75;887.61
09.01.2017 18:55;887.17;887.17;886.84;886.84;0.49;434.61;886.96
09.01.2017 18:56;889.15;889.15;888.89;888.89;0.42;371.35;889.13
09.01.2017 18:57;886.2;888.76;886.2;888.63;1.13;1004.1;886.38
09.01.2017 18:58;0;0;0;0;0;0;0
09.01.2017 18:59;0;0;0;0;0;0;0
09.01.2017 19:00;887.48;887.48;887.48;887.48;0.31;278.19;887.48
09.01.2017 19:01;886.77;886.77;885.97;885.97;6.25;5545.77;886.62
09.01.2017 19:02;885.34;885.44;884.98;884.98;84.81;75067.81;885.12
09.01.2017 19:03;884.97;885;884.97;885;4.36;3859.8;884.98
09.01.2017 19:04;889;889.96;885.15;889.89;1.24;1102.19;887.59
09.01.2017 19:05;889.5;889.5;889.47;889.47;0.07;63.68;889.5
09.01.2017 19:06;0;0;0;0;0;0;0
09.01.2017 19:07;889.2;889.2;885.7;885.7;9.08;8041.86;886.12
09.01.2017 19:08;885.7;889.7;885;889.7;1.56;1381.81;885.75
09.01.2017 19:09;889.56;889.56;889.19;889.19;0.62;549.43;889.33
09.01.2017 19:10;888.93;888.93;888.43;888.43;0.68;600.14;888.89
09.01.2017 19:11;888.39;888.39;884.47;884.47;1.84;1633.36;886.17
09.01.2017 19:12;884.47;884.47;883.98;883.98;26.29;23244.06;884.11
09.01.2017 19:13;883.98;883.98;883.98;883.98;0.05;46.52;883.98
09.01.2017 19:14;887.46;887.46;887.46;887.46;0.77;686.25;887.46
09.01.2017 19:15;887.45;887.45;887.43;887.43;0.62;553.43;887.44
09.01.2017 19:16;884.4;889.1;884;888.93;19.25;17027.65;884.6
09.01.2017 19:17;888.82;888.82;888.33;888.33;0.82;727.37;888.57
09.01.2017 19:18;888.4;888.4;888.4;888.4;0.38;337.27;888.4
09.01.2017 19:19;888.4;890;888.4;890;268.41;238871.43;889.97
09.01.2017 19:20;889.99;890;889.43;889.43;46.84;41683.86;890
09.01.2017 19:21;890;890;889.58;889.58;26.01;23151.39;890
09.01.2017 19:22;890;890;888.68;888.68;0.58;514.87;889.3
09.01.2017 19:23;890;890;889.69;890;0.46;413.4;890
09.01.2017 19:24;889.71;890;888.68;888.68;0.59;525.61;889.49
09.01.2017 19:25;889.76;890;889.76;890;0.02;20.76;889.88
09.01.2017 19:26;890;890;889.76;889.76;0.29;260.17;890
09.01.2017 19:27;890;890;889.76;890;0.14;128.42;889.98
09.01.2017 19:28;890;890;890;890;1.07;953.63;890
09.01.2017 19:29;890;890;890;890;0.53;473.28;890
09.01.2017 19:30;0;0;0;0;0;0;0
09.01.2017 19:31;0;0;0;0;0;0;0
09.01.2017 19:32;890;890;890;890;2.33;2073.47;890
09.01.2017 19:33;0;0;0;0;0;0;0
09.01.2017 19:34;890;890;890;890;0.02;17.8;890
09.01.2017 19:35;890;890;890;890;0.77;688.82;890
09.01.2017 19:36;890;890;889.99;889.99;1.23;1094.34;890
09.01.2017 19:37;890;890;890;890;0.56;498.9;890
09.01.2017 19:38;890;890;889.99;890;0.58;518.09;890
09.01.2017 19:39;0;0;0;0;0;0;0
09.01.2017 19:40;892.34;892.34;892.34;892.34;0.03;22.31;892.34
09.01.2017 19:41;0;0;0;0;0;0;0
09.01.2017 19:42;892.41;892.41;892.41;892.41;0.22;200.08;892.41
09.01.2017 19:43;892.09;892.09;892.09;892.09;0.35;309.3;892.09
09.01.2017 19:44;892.06;892.06;892.06;892.06;0.47;416.17;892.06
09.01.2017 19:45;892.09;892.09;892.09;892.09;0.45;398.84;892.09
09.01.2017 19:46;890.03;890.03;890;890;0.29;258.11;890.03
09.01.2017 19:47;892.35;892.35;892.35;892.35;0.3;269.35;892.35
09.01.2017 19:48;892.25;892.25;892.25;892.25;0.13;118.68;892.25
09.01.2017 19:49;0;0;0;0;0;0;0
09.01.2017 19:50;892.25;892.38;892.25;892.28;0.88;781.09;892.3
09.01.2017 19:51;892.22;892.22;892.22;892.22;0.12;104.43;892.22
09.01.2017 19:52;892.22;892.34;892.22;892.33;1.77;1583.51;892.3
09.01.2017 19:53;890.08;890.08;890.08;890.08;0.01;5.04;890.08
09.01.2017 19:54;0;0;0;0;0;0;0
09.01.2017 19:55;890.51;890.51;890.48;890.48;2;1781.01;890.5
09.01.2017 19:56;892.6;892.6;892.6;892.6;0.6;537.07;892.6
09.01.2017 19:57;892.01;892.01;892.01;892.01;0.47;421.39;892.01
09.01.2017 19:58;892.01;894.29;892.01;894.27;0.91;809.98;893.53
09.01.2017 19:59;894.17;894.17;894.14;894.14;0.63;559.63;894.15
09.01.2017 20:00;0;0;0;0;0;0;0
09.01.2017 20:01;894.03;894.91;894.03;894.91;0.52;466.08;894.67
09.01.2017 20:02;894.88;894.88;892.02;894.88;10.01;8944.72;893.44
09.01.2017 20:03;894.39;894.39;892.61;892.61;11.29;10099.45;894.35
09.01.2017 20:04;894.29;894.29;894.29;894.29;0.11;96.07;894.29
09.01.2017 20:05;894.29;894.99;894.29;894.99;0.01;10.01;894.83
09.01.2017 20:06;894.49;894.99;894.38;894.99;19.98;17872.74;894.42
09.01.2017 20:07;894.99;894.99;894.57;894.57;1.2;1070.57;894.85
09.01.2017 20:08;0;0;0;0;0;0;0
09.01.2017 20:09;894.62;894.62;894.62;894.62;0.47;417.12;894.62
09.01.2017 20:10;0;0;0;0;0;0;0
09.01.2017 20:11;894.64;894.64;893.97;893.97;1.73;1545.89;894.09
09.01.2017 20:12;0;0;0;0;0;0;0
09.01.2017 20:13;893.77;894.65;893.77;894.65;1.19;1065.25;893.99
09.01.2017 20:14;894.65;894.65;894.65;894.65;0.64;577.04;894.65
09.01.2017 20:15;892.35;895;892.35;894.77;0.67;602.88;894.55
09.01.2017 20:16;894.71;895;894.53;895;1.6;1430.45;894.8
09.01.2017 20:17;895;896.21;895;896.08;1.17;1047.14;896.13
09.01.2017 20:18;895.56;895.56;895.56;895.56;0.06;56.59;895.56
09.01.2017 20:19;895.16;895.16;895.05;895.05;2.25;2014.36;895.11
09.01.2017 20:20;897.15;897.15;897.15;897.15;0.12;103.3;897.15
09.01.2017 20:21;896.8;896.8;896.79;896.79;0.13;113.76;896.8
09.01.2017 20:22;896.64;896.64;896.58;896.58;0.2;180.36;896.62
09.01.2017 20:23;896.46;896.46;896.4;896.4;0.38;340.38;896.45
09.01.2017 20:24;896.21;897.53;896.21;897.44;1.37;1228.16;896.74
09.01.2017 20:25;897.16;897.16;897.13;897.15;1.42;1272.81;897.14
09.01.2017 20:26;0;0;0;0;0;0;0
09.01.2017 20:27;894.79;897.05;894.79;897.05;2.51;2248.98;897.04
09.01.2017 20:28;897.56;897.63;893.26;897.63;1.38;1232.38;895.23
09.01.2017 20:29;897.58;897.58;897.46;897.46;0.5;448.88;897.56
09.01.2017 20:30;893.73;893.73;893.73;893.73;0.02;18.88;893.73
09.01.2017 20:31;896.62;896.62;896.62;896.62;0.08;71.21;896.62
09.01.2017 20:32;895.56;895.56;895.56;895.56;0.03;29.32;895.56
09.01.2017 20:33;895.55;895.56;895.55;895.55;0.15;134.63;895.56
09.01.2017 20:34;895.42;895.42;895.34;895.34;4.57;4091.17;895.34
09.01.2017 20:35;895.3;895.3;894.45;894.45;0.95;853.34;894.45
09.01.2017 20:36;893;893.33;887.12;888;294.23;261334;888.18
09.01.2017 20:37;892.02;892.02;891.65;891.65;0.45;398.7;891.81
09.01.2017 20:38;0;0;0;0;0;0;0
09.01.2017 20:39;887.61;890.91;885.24;890.91;12.17;10790.58;886.57
09.01.2017 20:40;890.45;890.45;890.37;890.37;0.37;329.04;890.37
09.01.2017 20:41;891.86;891.86;891.86;891.86;1.52;1352.02;891.86
09.01.2017 20:42;891.56;891.56;891.38;891.38;0.15;136.07;891.49
09.01.2017 20:43;891.17;891.17;890.79;890.79;0.18;156.95;890.95
09.01.2017 20:44;890.65;890.65;890.44;890.44;0.1;89.05;890.5
09.01.2017 20:45;890.14;890.14;886.55;889.78;8.65;7674.2;886.98
09.01.2017 20:46;889.47;889.47;889.47;889.47;0.23;204.75;889.47
09.01.2017 20:47;890.99;890.99;890.47;890.47;6.14;5468.7;890.78
09.01.2017 20:48;892.09;892.09;892.09;892.09;0.28;249.79;892.09
09.01.2017 20:49;891.92;891.92;891.24;891.24;0.13;117.95;891.42
09.01.2017 20:50;891.17;891.17;888.09;888.13;1.87;1660.26;888.33
09.01.2017 20:51;890.67;890.67;888.24;888.24;0.15;134.9;888.59
09.01.2017 20:52;892.31;892.31;892.17;892.17;1.13;1009.59;892.17
09.01.2017 20:53;0;0;0;0;0;0;0
09.01.2017 20:54;892.94;892.94;892.94;892.94;0.02;17.78;892.94
09.01.2017 20:55;890.03;890.03;889.98;889.98;12.54;11156.75;890.03
09.01.2017 20:56;889.98;889.98;889.98;889.98;0.05;42.06;889.98
09.01.2017 20:57;0;0;0;0;0;0;0
09.01.2017 20:58;889.98;893.48;889.98;890.03;0.16;144.5;891.77
09.01.2017 20:59;893.15;893.15;890.03;890.03;1.07;957.64;892.71
09.01.2017 21:00;890.09;892.98;890.09;892.98;0.25;219.32;890.63
09.01.2017 21:01;0;0;0;0;0;0;0
09.01.2017 21:02;890.64;890.71;890.64;890.71;0.24;217.33;890.7
09.01.2017 21:03;893.78;893.78;889.41;890.11;35.13;31250.81;889.69
09.01.2017 21:04;891.99;894;891.99;894;0.27;245.25;892.54
09.01.2017 21:05;890.01;893.15;890.01;890.01;0.53;474.48;890.79
09.01.2017 21:06;892.56;892.56;892.56;892.56;0.26;229.41;892.56
09.01.2017 21:07;891;891;891;891;0.06;49.26;891
09.01.2017 21:08;890.99;891.01;890.99;891.01;2.35;2089.78;891
09.01.2017 21:09;0;0;0;0;0;0;0
09.01.2017 21:10;891;891;891;891;0.28;250.06;891
09.01.2017 21:11;890;895.22;889;895.22;16.38;14578.76;890.08
09.01.2017 21:12;895.26;895.27;895.12;895.27;0.61;547.03;895.26
09.01.2017 21:13;894.57;894.57;894.57;894.57;0.22;198.07;894.57
09.01.2017 21:14;895.1;895.26;895.09;895.26;1.29;1157.93;895.24
09.01.2017 21:15;895.26;895.26;895.24;895.24;0.19;169.34;895.24
09.01.2017 21:16;895.24;895.24;895.24;895.24;11.67;10450.23;895.24
09.01.2017 21:17;894.48;895.2;890.56;895.2;19.21;17184.93;894.46
09.01.2017 21:18;895.14;895.14;891.03;891.03;0.53;472.74;891.12
09.01.2017 21:19;895.07;895.07;894.95;894.95;1.48;1328.27;895.04
09.01.2017 21:20;894.66;894.66;894.66;894.66;0.03;23.57;894.66
09.01.2017 21:21;893.91;893.91;893.85;893.85;2.81;2514.57;893.9
09.01.2017 21:22;893.73;893.73;892.98;892.98;0.1;92.9;893.25
09.01.2017 21:23;892.98;892.98;891.16;891.16;1.19;1056.14;891.26
09.01.2017 21:24;891.16;892.98;889.61;892.98;7.01;6245.61;890.97
09.01.2017 21:25;892.77;892.77;892.77;892.77;0.19;166.44;892.77
09.01.2017 21:26;0;0;0;0;0;0;0
09.01.2017 21:27;892.27;892.27;890;892.19;1.18;1053.08;891.26
09.01.2017 21:28;892.17;892.98;892.17;892.98;0.12;102.81;892.21
09.01.2017 21:29;892.98;894.97;892.98;894.97;0.07;58.17;894.85
09.01.2017 21:30;894.9;894.9;894.84;894.84;0.15;131.52;894.87
09.01.2017 21:31;890.22;893.49;890;890.22;4.33;3860.05;892.12
09.01.2017 21:32;890;890;890;890;5.43;4834.04;890
09.01.2017 21:33;890;890;890;890;8.3;7385.31;890
09.01.2017 21:34;890;890;890;890;0.08;66.76;890
09.01.2017 21:35;890;890;890;890;1.9;1691.94;890
09.01.2017 21:36;890;890;890;890;12.8;11391.64;890
09.01.2017 21:37;890;890;890;890;2.28;2027.18;890
09.01.2017 21:38;890;894.57;890;894.57;1.85;1648.65;890.34
09.01.2017 21:39;890.37;894.58;890.37;894.48;0.07;62.57;893.92
09.01.2017 21:40;0;0;0;0;0;0;0
09.01.2017 21:41;894.51;894.54;893.97;893.97;202.36;180911.01;894
09.01.2017 21:42;893.81;893.81;893.81;893.81;0.06;51.41;893.81
09.01.2017 21:43;893.72;893.72;893.72;893.72;0.05;48.52;893.72
09.01.2017 21:44;0;0;0;0;0;0;0
09.01.2017 21:45;894.03;894.03;894.03;894.03;0.16;140.36;894.03
09.01.2017 21:46;893.88;893.88;893.88;893.88;0.11;101.01;893.88
09.01.2017 21:47;890.55;890.55;890.55;890.55;0.01;11.08;890.55
09.01.2017 21:48;893.52;893.52;893.52;893.52;0.04;33.98;893.52
09.01.2017 21:49;893.4;893.4;893.4;893.4;0.26;232.8;893.4
09.01.2017 21:50;893.28;893.28;893.25;893.25;0.41;369.34;893.27
09.01.2017 21:51;894.06;894.06;894.06;894.06;0.06;55.43;894.06
09.01.2017 21:52;890.68;893.92;890.68;893.89;0.27;237.43;892.01
09.01.2017 21:53;893.08;893.08;893.08;893.08;0.12;107.17;893.08
09.01.2017 21:54;893.06;893.06;890.81;893.05;0.96;853.76;892.42
09.01.2017 21:55;893.07;893.07;891.5;891.5;0.07;61.7;892.84
09.01.2017 21:56;891.48;891.5;891.48;891.5;2.11;1880.58;891.49
09.01.2017 21:57;892.4;892.4;892.4;892.4;4;3569.6;892.4
09.01.2017 21:58;893.06;893.2;893.06;893.2;0.06;51.32;893.13
09.01.2017 21:59;0;0;0;0;0;0;0
09.01.2017 22:00;891.9;891.9;891.9;891.9;0.85;759.45;891.9
09.01.2017 22:01;0;0;0;0;0;0;0
09.01.2017 22:02;892.41;893.07;892.4;893.07;0.16;142;892.74
09.01.2017 22:03;893;893.06;893;893.06;0.07;60.84;893.03
09.01.2017 22:04;892.86;893;892.86;893;0.17;151.62;892.91
09.01.2017 22:05;893;893.06;892.97;893.06;0.85;756.31;892.98
09.01.2017 22:06;893;893;892.97;892.97;0.33;291.2;892.99
09.01.2017 22:07;892.94;893.98;892.4;892.4;7.12;6356.99;892.94
09.01.2017 22:08;892.4;892.4;892.4;892.4;0.27;236.74;892.4
09.01.2017 22:09;0;0;0;0;0;0;0
09.01.2017 22:10;892.89;893.48;892.89;893.37;0.69;613.14;893.29
09.01.2017 22:11;893.29;893.29;893.19;893.19;0.1;89.91;893.26
09.01.2017 22:12;891.99;894.03;891.99;894.03;1.09;974.02;892.02
09.01.2017 22:13;892.99;894.06;892.99;894.06;0.2;179.85;894
09.01.2017 22:14;894.06;894.06;892.99;894.04;5.77;5159.71;894.06
09.01.2017 22:15;892.97;893.4;892.06;893.4;0.21;190.94;892.25
09.01.2017 22:16;892.34;892.44;891.99;891.99;0.26;232.93;892.1
09.01.2017 22:17;891.88;892.41;891.88;892.4;0.04;33.91;892.27
09.01.2017 22:18;893.3;893.3;892.43;892.43;0.1;87.53;893.21
09.01.2017 22:19;893.3;893.51;892.43;893.44;0.33;294.18;893.31
09.01.2017 22:20;893.25;893.51;893.25;893.49;1.62;1446.67;893.27
09.01.2017 22:21;893.48;893.48;892.43;892.43;0.18;158.08;892.54
09.01.2017 22:22;892.31;892.31;887.33;887.33;37.84;33642.4;889.03
09.01.2017 22:23;890.99;890.99;890.98;890.98;0.04;38.15;890.98
09.01.2017 22:24;0;0;0;0;0;0;0
09.01.2017 22:25;890.27;892.95;890.17;892.95;2.52;2242.02;890.91
09.01.2017 22:26;0;0;0;0;0;0;0
09.01.2017 22:27;890.76;890.76;890.54;890.54;0.3;266.71;890.66
09.01.2017 22:28;890.51;890.51;888.77;889;3.66;3250.79;888.91
09.01.2017 22:29;889;889;888.78;888.98;1.32;1175.13;888.99
09.01.2017 22:30;888.98;889;888.98;889;12.69;11277.65;889
09.01.2017 22:31;889;892.91;888.46;892.64;2.01;1789.91;889.91
09.01.2017 22:32;892.58;892.94;892.52;892.9;5.48;4896.37;892.78
09.01.2017 22:33;892.57;892.98;892.54;892.89;2.49;2227.27;892.83
09.01.2017 22:34;893;893;891.04;892.99;0.13;112.07;891.46
09.01.2017 22:35;893;893;892.99;892.99;0.21;183.27;892.99
09.01.2017 22:36;892.99;892.99;892.99;892.99;0.02;15.18;892.99
09.01.2017 22:37;892.98;892.99;892.98;892.99;0.24;214.56;892.99
09.01.2017 22:38;893;893;893;893;0.85;762.08;893
09.01.2017 22:39;893;893;893;893;2.85;2546.08;893
09.01.2017 22:40;893;893;893;893;1.1;979.63;893
09.01.2017 22:41;892.01;893.86;892.01;893.86;6.68;5969.74;893.04
09.01.2017 22:42;893.83;893.83;893.83;893.83;0.06;57.9;893.83
09.01.2017 22:43;893.83;893.83;893.76;893.76;40.17;35906.57;893.76
09.01.2017 22:44;891.64;891.64;891.64;891.64;40;35665.6;891.64
09.01.2017 22:45;893.61;893.61;893.56;893.56;0.1;91.73;893.57
09.01.2017 22:46;893.87;893.87;893.87;893.87;0.07;61.79;893.87
09.01.2017 22:47;893.88;893.88;893.88;893.88;0.66;593.5;893.88
09.01.2017 22:48;893.88;893.88;893.88;893.88;0.3;271.47;893.88
09.01.2017 22:49;893.88;893.88;893.88;893.88;0.16;145.73;893.88
09.01.2017 22:50;893.88;893.88;891.67;891.67;0.19;172.56;892.05
09.01.2017 22:51;893.88;893.88;893.88;893.88;0.76;675.1;893.88
09.01.2017 22:52;893.88;893.88;891.69;893.88;0.07;65.79;893.18
09.01.2017 22:53;893.88;894.5;893.88;894.5;5.61;5017.8;894.27
09.01.2017 22:54;894.5;894.5;894.5;894.5;0.04;37.12;894.5
09.01.2017 22:55;894.49;894.5;894.49;894.5;0.09;83.12;894.49
09.01.2017 22:56;894.5;894.5;894.25;894.5;33.66;30101.68;894.37
09.01.2017 22:57;894.5;894.5;894.5;894.5;0.15;132.79;894.5
09.01.2017 22:58;894.5;896.48;894.25;896.48;10.89;9759;896.27
09.01.2017 22:59;896.48;896.48;896.48;896.48;0.22;200.86;896.48
09.01.2017 23:00;896.48;896.48;896.48;896.48;1.29;1158.63;896.48
09.01.2017 23:01;896.48;896.48;896;896;2.25;2013.58;896.43
09.01.2017 23:02;0;0;0;0;0;0;0
09.01.2017 23:03;895.8;895.8;895.8;895.8;0.05;42.1;895.8
09.01.2017 23:04;895.8;895.8;895.8;895.8;0.17;150.68;895.8
09.01.2017 23:05;895.8;895.8;895.8;895.8;5.92;5305.82;895.8
09.01.2017 23:06;895.8;896;895.8;896;23;20605.31;895.88
09.01.2017 23:07;895.99;895.99;895.99;895.99;0.12;104.83;895.99
09.01.2017 23:08;0;0;0;0;0;0;0
09.01.2017 23:09;895.79;895.8;894.53;894.53;0.21;185.97;895.19
09.01.2017 23:10;0;0;0;0;0;0;0
09.01.2017 23:11;895.79;895.79;895.79;895.79;0.68;612.35;895.79
09.01.2017 23:12;895.79;895.87;892.54;895.87;4.51;4033.8;894.41
09.01.2017 23:13;895.86;895.86;895.86;895.86;0.03;26.88;895.86
09.01.2017 23:14;895.86;896;895.86;896;55.88;50062.44;895.93
09.01.2017 23:15;895.99;895.99;895.87;895.99;2.77;2484.57;895.98
09.01.2017 23:16;895.87;899.99;895.87;899.95;343.51;308238.19;897.32
09.01.2017 23:17;899.81;899.81;899.81;899.81;0.03;26.99;899.81
09.01.2017 23:18;899.66;899.66;899.66;899.66;0.08;69.81;899.66
09.01.2017 23:19;899.59;899.59;899.59;899.59;0.07;64.77;899.59
09.01.2017 23:20;899.36;899.36;899.36;899.36;0.02;14.39;899.36
09.01.2017 23:21;899.34;899.99;899.34;899.99;13.48;12130.92;899.99
09.01.2017 23:22;899.98;899.98;899.98;899.98;3.2;2880.85;899.98
09.01.2017 23:23;899.98;899.98;897.12;899.98;35.52;31867.97;897.16
09.01.2017 23:24;899.98;899.98;899.98;899.98;0.02;14.29;899.98
09.01.2017 23:25;899.98;899.98;899.98;899.98;0.16;144;899.98
09.01.2017 23:26;899.98;899.99;899.98;899.99;0.11;97.12;899.99
09.01.2017 23:27;899.98;899.98;899.98;899.98;0.25;228.5;899.98
09.01.2017 23:28;0;0;0;0;0;0;0
09.01.2017 23:29;899.99;899.99;899.99;899.99;0.02;18;899.99
09.01.2017 23:30;899.98;899.98;899.98;899.98;9.26;8336.94;899.98
09.01.2017 23:31;0;0;0;0;0;0;0
09.01.2017 23:32;0;0;0;0;0;0;0
09.01.2017 23:33;899.98;899.98;897.04;897.04;0.26;237.98;899.87
09.01.2017 23:34;0;0;0;0;0;0;0
09.01.2017 23:35;899.98;899.98;897.77;897.77;0.28;255.19;897.86
09.01.2017 23:36;897.98;897.98;897.98;897.98;10;8979.8;897.98
09.01.2017 23:37;899;899;895.99;898;0.59;527.25;896.39
09.01.2017 23:38;0;0;0;0;0;0;0
09.01.2017 23:39;895.86;898;895.86;898;0.31;279.82;897.48
09.01.2017 23:40;898;898;898;898;0.03;25.05;898
09.01.2017 23:41;898;898;895.16;895.16;1;897.04;897.04
09.01.2017 23:42;899.94;899.94;899.89;899.89;0.46;416.88;899.94
09.01.2017 23:43;899.94;899.94;899.79;899.79;0.71;635.7;899.82
09.01.2017 23:44;899.98;899.98;899.98;899.98;0.01;10.31;899.98
09.01.2017 23:45;899.94;899.94;899.94;899.94;2.86;2573.29;899.94
09.01.2017 23:46;899.92;899.92;896.07;899.9;3.04;2738.37;899.89
09.01.2017 23:47;899.87;899.9;899.84;899.85;5.17;4655.75;899.84
09.01.2017 23:48;899.84;899.84;897;899.81;0.21;192.98;899.49
09.01.2017 23:49;897.18;899.78;897.18;899.78;0.29;259.1;897.33
09.01.2017 23:50;899.88;899.88;899.4;899.88;0.4;360.76;899.64
09.01.2017 23:51;899.88;899.88;899.88;899.88;0.03;30.6;899.88
09.01.2017 23:52;899.79;899.79;896.92;896.92;0.22;193.55;897.08
09.01.2017 23:53;0;0;0;0;0;0;0
09.01.2017 23:54;896.92;899.53;896.92;899.53;0.6;542.72;898.07
09.01.2017 23:55;899.46;899.46;895.01;899.22;15.25;13687.31;897.27
09.01.2017 23:56;898.16;898.16;898.13;898.13;0.63;565.26;898.16
09.01.2017 23:57;898.02;898.02;897.98;897.98;0.25;222.36;897.99
09.01.2017 23:58;897.91;897.91;897.32;897.32;0.04;31.42;897.57
09.01.2017 23:59;896.96;896.96;896.23;896.23;0.28;252.74;896.57
10.01.2017 00:00;896.09;896.09;896.06;896.06;0.05;47.9;896.08
10.01.2017 00:01;895.97;895.97;895.85;895.85;25.87;23174.81;895.96
10.01.2017 00:02;895.84;897;895.84;897;0.32;287.03;896.96
10.01.2017 00:03;896.78;896.78;896.78;896.78;0.05;41.25;896.78
10.01.2017 00:04;895.84;895.84;895.04;895.04;0.06;54.91;895.17
10.01.2017 00:05;0;0;0;0;0;0;0
10.01.2017 00:06;895.04;897.03;895.01;897.03;1.21;1085.45;895.1
10.01.2017 00:07;896.56;896.56;896.56;896.56;0.28;251.93;896.56
10.01.2017 00:08;896.41;896.41;894.89;896.34;1.27;1135.12;895.2
10.01.2017 00:09;896.17;896.17;896.17;896.17;0.02;19.18;896.17
10.01.2017 00:10;895.72;895.72;895.72;895.72;0.03;23.29;895.72
10.01.2017 00:11;896.91;896.91;896.91;896.91;0.01;11.66;896.91
10.01.2017 00:12;896.43;896.43;896.43;896.43;0.04;38.55;896.43
10.01.2017 00:13;896.28;896.28;894.9;894.9;0.69;620.22;895.74
10.01.2017 00:14;0;0;0;0;0;0;0
10.01.2017 00:15;895.76;895.76;895.76;895.76;0.16;146.57;895.76
10.01.2017 00:16;0;0;0;0;0;0;0
10.01.2017 00:17;896;896;896;896;0.01;8.96;896
10.01.2017 00:18;897;897;897;897;0.01;8.97;897
10.01.2017 00:19;0;0;0;0;0;0;0
10.01.2017 00:20;898.82;898.82;897.94;897.94;0.11;103.28;898.47
10.01.2017 00:21;898;898.89;898;898.89;0.04;35.05;898.66
10.01.2017 00:22;898.89;898.89;898.89;898.89;0.34;302.03;898.89
10.01.2017 00:23;0;0;0;0;0;0;0
10.01.2017 00:24;898.58;898.58;898.58;898.58;0.03;23.36;898.58
10.01.2017 00:25;898.4;898.4;898.4;898.4;0.1;87.14;898.4
10.01.2017 00:26;0;0;0;0;0;0;0
10.01.2017 00:27;898.13;898.13;898.07;898.07;0.34;308.32;898.1
10.01.2017 00:28;898.01;898.01;898.01;898.01;0.31;276.63;898.01
10.01.2017 00:29;897.83;897.83;897.83;897.83;0.01;11.67;897.83
10.01.2017 00:30;897.71;897.71;897.71;897.71;0.14;126.58;897.71
10.01.2017 00:31;897.57;897.57;897.56;897.56;0.34;302.8;897.56
10.01.2017 00:32;897.07;897.53;897.01;897.08;39.56;35488.66;897.02
10.01.2017 00:33;897.1;897.1;897.1;897.1;2.4;2150.61;897.1
10.01.2017 00:34;897.1;897.1;897.1;897.1;0.36;321.55;897.1
10.01.2017 00:35;897.1;897.1;897.1;897.1;0.01;5.43;897.1
10.01.2017 00:36;897.1;897.1;897.1;897.1;0.58;523.33;897.1
10.01.2017 00:37;897.1;897.1;897.06;897.06;0.22;195.16;897.07
10.01.2017 00:38;897;897;897;897;0.01;8.97;897
10.01.2017 00:39;896.95;896.95;896.01;896.82;4.58;4110.46;896.89
10.01.2017 00:40;896.88;896.88;896.84;896.84;0.04;34.26;896.86
10.01.2017 00:41;896.84;896.84;896.84;896.84;0.02;18.83;896.84
10.01.2017 00:42;0;0;0;0;0;0;0
10.01.2017 00:43;897.05;898.8;897.04;897.04;0.05;43.41;897.92
10.01.2017 00:44;0;0;0;0;0;0;0
10.01.2017 00:45;896.84;896.84;896.15;896.2;10.39;9319.93;896.75
10.01.2017 00:46;0;0;0;0;0;0;0
10.01.2017 00:47;898.55;898.55;898.49;898.49;0.11;96.02;898.54
10.01.2017 00:48;0;0;0;0;0;0;0
10.01.2017 00:49;896.4;898.49;896.4;898.49;36.47;32769.12;898.4
10.01.2017 00:50;898.49;898.89;898.49;898.89;13.44;12080;898.51
10.01.2017 00:51;898.89;899.99;898.89;899.98;11.47;10319.92;899.98
10.01.2017 00:52;899.99;899.99;899.99;899.99;42.84;38559.22;899.99
10.01.2017 00:53;899.99;901.2;899.99;901.2;9.74;8761.92;900.03
10.01.2017 00:54;0;0;0;0;0;0;0
10.01.2017 00:55;901.68;901.68;901.4;901.4;17.31;15605.41;901.54
10.01.2017 00:56;901.68;901.68;901.68;901.68;31.76;28641.11;901.68
10.01.2017 00:57;901.89;903;901.89;903;9.01;8133.47;902.98
10.01.2017 00:58;903;904.72;903;904.72;2.32;2100.31;903.57
10.01.2017 00:59;904.65;904.72;904.65;904.72;3.08;2786.25;904.65
10.01.2017 01:00;904.72;904.72;904.72;904.72;0.06;50.66;904.72
10.01.2017 01:01;0;0;0;0;0;0;0
10.01.2017 01:02;904.72;904.72;904.72;904.72;9.02;8160.23;904.72
10.01.2017 01:03;904.69;904.69;904.68;904.68;0.53;483.99;904.68
10.01.2017 01:04;904.73;905;903.97;904.99;62.79;56792.06;904.49
10.01.2017 01:05;904.99;908.26;904.99;908.26;24.67;22360.34;906.3
10.01.2017 01:06;904.63;904.63;904.63;904.63;0.27;246.21;904.63
10.01.2017 01:07;908.26;909.54;908.26;909.54;8.47;7697.52;909.07
10.01.2017 01:08;909.55;909.99;909.55;909.99;40.14;36514.58;909.61
10.01.2017 01:09;909.58;909.58;909.54;909.54;2.67;2430.56;909.54
10.01.2017 01:10;906.54;909.78;906.54;909.78;15.48;14032.85;906.58
10.01.2017 01:11;906.85;906.85;906.8;906.8;3.25;2942.79;906.81
10.01.2017 01:12;907;908.82;907;908.82;1.56;1416.85;908.24
10.01.2017 01:13;0;0;0;0;0;0;0
10.01.2017 01:14;905.37;905.37;905.37;905.37;15.27;13826.32;905.37
10.01.2017 01:15;907.85;907.85;907.79;907.79;0.15;137.99;907.82
10.01.2017 01:16;905.55;906.67;903.07;906.67;8.95;8085.38;903.34
10.01.2017 01:17;0;0;0;0;0;0;0
10.01.2017 01:18;903.06;903.06;902.92;902.92;1.4;1259.74;902.98
10.01.2017 01:19;906.5;906.5;903.45;903.45;0.39;356.49;904.66
10.01.2017 01:20;0;0;0;0;0;0;0
10.01.2017 01:21;906.26;906.26;902.9;902.9;2.45;2216.21;903.66
10.01.2017 01:22;903.9;906.27;903.89;906;7.94;7196.54;905.98
10.01.2017 01:23;906.27;906.55;903.89;906.55;2.77;2512.55;906.49
10.01.2017 01:24;906;907;906;907;10.12;9176.1;906.38
10.01.2017 01:25;907;908.49;903.96;903.96;2.72;2470.2;906.79
10.01.2017 01:26;906;906.89;906;906.89;1;906.12;906.12
10.01.2017 01:27;906.88;906.89;903.65;906.89;3.69;3337.86;905.2
10.01.2017 01:28;905.5;905.5;905.49;905.5;2.66;2407.72;905.5
10.01.2017 01:29;905.5;905.5;905.5;905.5;0.01;9.06;905.5
10.01.2017 01:30;905.5;906.48;905.5;906.48;0.28;255.39;905.64
10.01.2017 01:31;904.5;906.19;904.5;906.09;1.07;971.5;904.61
10.01.2017 01:32;905.91;905.91;905.91;905.91;0.11;103.27;905.91
10.01.2017 01:33;906.1;906.1;903.34;903.34;0.74;665.8;904.67
10.01.2017 01:34;906.1;906.1;906.1;906.1;0.01;9.06;906.1
10.01.2017 01:35;0;0;0;0;0;0;0
10.01.2017 01:36;905.94;906;905.8;906;7.41;6712.27;905.82
10.01.2017 01:37;906;906;905.86;905.86;3.64;3294.66;905.88
10.01.2017 01:38;905.81;905.81;905.81;905.81;0.29;264.84;905.81
10.01.2017 01:39;905.83;908.5;904.6;908.5;15.87;14370.76;905.65
10.01.2017 01:40;906.5;908.49;906.5;908.33;0.28;258.45;908.05
10.01.2017 01:41;908.34;908.34;908.34;908.34;0.03;26.34;908.34
10.01.2017 01:42;0;0;0;0;0;0;0
10.01.2017 01:43;907;907;906.52;906.52;32.42;29393.4;906.54
10.01.2017 01:44;906.52;906.79;906.52;906.52;19.65;17813.33;906.52
10.01.2017 01:45;906.53;906.53;906.53;906.53;0.01;9.07;906.53
10.01.2017 01:46;906.99;906.99;906.53;906.53;2.41;2185.33;906.53
10.01.2017 01:47;906.96;906.96;906.96;906.96;24.94;22617.17;906.96
10.01.2017 01:48;0;0;0;0;0;0;0
10.01.2017 01:49;906.72;906.72;906.72;906.72;0.2;181.34;906.72
10.01.2017 01:50;906.54;906.54;906.39;906.39;0.18;164.06;906.42
10.01.2017 01:51;0;0;0;0;0;0;0
10.01.2017 01:52;905.97;905.97;901.23;905.68;5.81;5234.77;901.61
10.01.2017 01:53;901.01;903;901.01;903;2;1805.66;901.03
10.01.2017 01:54;0;0;0;0;0;0;0
10.01.2017 01:55;0;0;0;0;0;0;0
10.01.2017 01:56;901.6;906.86;901.6;906.86;11.55;10421.49;902.31
10.01.2017 01:57;906.78;906.78;906.78;906.78;0.03;23.58;906.78
10.01.2017 01:58;0;0;0;0;0;0;0
10.01.2017 01:59;906.34;906.34;906.34;906.34;0.01;7.25;906.34
10.01.2017 02:00;906.24;906.24;906.15;906.15;1.97;1786.53;906.24
10.01.2017 02:01;0;0;0;0;0;0;0
10.01.2017 02:02;0;0;0;0;0;0;0
10.01.2017 02:03;0;0;0;0;0;0;0
10.01.2017 02:04;0;0;0;0;0;0;0
10.01.2017 02:05;906.76;906.76;906.69;906.69;0.81;731.93;906.69
10.01.2017 02:06;906.66;906.66;906.63;906.63;1.37;1238.82;906.64
10.01.2017 02:07;0;0;0;0;0;0;0
10.01.2017 02:08;906.03;906.03;906.03;906.03;0.39;356.31;906.03
10.01.2017 02:09;905.85;905.85;905.85;905.85;1.5;1358.78;905.85
10.01.2017 02:10;0;0;0;0;0;0;0
10.01.2017 02:11;0;0;0;0;0;0;0
10.01.2017 02:12;0;0;0;0;0;0;0
10.01.2017 02:13;0;0;0;0;0;0;0
10.01.2017 02:14;0;0;0;0;0;0;0
10.01.2017 02:15;0;0;0;0;0;0;0
10.01.2017 02:16;905.91;905.91;905.91;905.91;0.1;94.84;905.91
10.01.2017 02:17;0;0;0;0;0;0;0
10.01.2017 02:18;0;0;0;0;0;0;0
10.01.2017 02:19;905.65;905.65;903;903;5;4515.22;903.04
10.01.2017 02:20;903;903;903;903;0.01;10.25;903
10.01.2017 02:21;904.49;907;904.49;907;7.35;6661.85;906.84
10.01.2017 02:22;906.99;907.02;906.99;907.02;39.72;36024.2;906.99
10.01.2017 02:23;0;0;0;0;0;0;0
10.01.2017 02:24;907.5;907.5;907.5;907.5;0.03;24.5;907.5
10.01.2017 02:25;907.5;907.5;904.43;907.41;61.2;55358.67;904.49
10.01.2017 02:26;907.49;907.49;907.49;907.49;0.81;737.8;907.49
10.01.2017 02:27;907.49;907.49;907.24;907.24;2.19;1991.12;907.38
10.01.2017 02:28;0;0;0;0;0;0;0
10.01.2017 02:29;0;0;0;0;0;0;0
10.01.2017 02:30;903.68;903.68;903.68;903.68;0.02;18.89;903.68
10.01.2017 02:31;0;0;0;0;0;0;0
10.01.2017 02:32;906.99;906.99;906.99;906.99;0.03;26.3;906.99
10.01.2017 02:33;906.99;906.99;906.99;906.99;0.88;797.22;906.99
10.01.2017 02:34;903.5;906.49;903.5;906.49;0.15;138.58;906.04
10.01.2017 02:35;906.45;906.45;906.45;906.45;0.13;120.56;906.45
10.01.2017 02:36;906.45;906.45;904.78;906.45;2.01;1819.23;905.19
10.01.2017 02:37;906.45;906.45;906.45;906.45;0.24;220.61;906.45
10.01.2017 02:38;906.44;906.44;904.58;906.41;24.6;22284.89;905.9
10.01.2017 02:39;0;0;0;0;0;0;0
10.01.2017 02:40;0;0;0;0;0;0;0
10.01.2017 02:41;906.04;906.04;904.16;905.95;25.84;23375.2;904.58
10.01.2017 02:42;905.89;905.89;905.8;905.8;0.22;201.1;905.88
10.01.2017 02:43;0;0;0;0;0;0;0
10.01.2017 02:44;0;0;0;0;0;0;0
10.01.2017 02:45;0;0;0;0;0;0;0
10.01.2017 02:46;0;0;0;0;0;0;0
10.01.2017 02:47;905.62;905.62;905.62;905.62;0.11;96.9;905.62
10.01.2017 02:48;0;0;0;0;0;0;0
10.01.2017 02:49;0;0;0;0;0;0;0
10.01.2017 02:50;0;0;0;0;0;0;0
10.01.2017 02:51;0;0;0;0;0;0;0
10.01.2017 02:52;0;0;0;0;0;0;0
10.01.2017 02:53;0;0;0;0;0;0;0
10.01.2017 02:54;905.62;905.62;903.4;904.49;16.93;15308.41;903.98
10.01.2017 02:55;0;0;0;0;0;0;0
10.01.2017 02:56;906.26;906.26;906.21;906.21;0.36;328.95;906.25
10.01.2017 02:57;0;0;0;0;0;0;0
10.01.2017 02:58;0;0;0;0;0;0;0
10.01.2017 02:59;905.72;905.72;905.72;905.72;0.11;96.01;905.72
10.01.2017 03:00;902.41;902.41;902.41;902.41;0.11;102.53;902.41
10.01.2017 03:01;906.17;906.17;902;902;8.07;7280.78;902.09
10.01.2017 03:02;903;903.02;903;903;20;18060.01;903
10.01.2017 03:03;902;905.24;902;905.24;20.02;18055.39;902
10.01.2017 03:04;904.56;904.56;904.56;904.56;0.74;665.12;904.56
10.01.2017 03:05;903.82;903.82;903.82;903.82;0.34;305.89;903.82
10.01.2017 03:06;901.01;901.01;898.46;900.98;65.79;59192.77;899.71
10.01.2017 03:07;900.98;900.98;900;900;50.11;45097.51;900.02
10.01.2017 03:08;904.41;904.41;904.41;904.41;0.04;37.08;904.41
10.01.2017 03:09;904.3;904.3;904.3;904.3;0.38;342.07;904.3
10.01.2017 03:10;903.7;903.7;903.7;903.7;0.25;224.01;903.7
10.01.2017 03:11;900.01;903.35;900;903.26;54.11;48695;900.01
10.01.2017 03:12;900.01;900.01;900.01;900.01;0.1;94.36;900.01
10.01.2017 03:13;0;0;0;0;0;0;0
10.01.2017 03:14;902.24;902.24;897;902.09;53.25;47774.33;897.24
10.01.2017 03:15;0;0;0;0;0;0;0
10.01.2017 03:16;901.4;901.4;901.37;901.37;0.04;38.86;901.39
10.01.2017 03:17;904.15;904.15;903.92;903.92;0.49;443.66;904.09
10.01.2017 03:18;903.54;903.54;903.36;903.36;0.3;272.84;903.45
10.01.2017 03:19;0;0;0;0;0;0;0
10.01.2017 03:20;903.96;903.96;900.22;900.22;0.31;283.17;900.69
10.01.2017 03:21;903.59;903.59;903.59;903.59;0.15;132.1;903.59
10.01.2017 03:22;0;0;0;0;0;0;0
10.01.2017 03:23;900.24;900.24;900;900;50;45000.71;900.01
10.01.2017 03:24;903.83;903.83;903.64;903.64;1.22;1100.38;903.82
10.01.2017 03:25;0;0;0;0;0;0;0
10.01.2017 03:26;0;0;0;0;0;0;0
10.01.2017 03:27;900.03;900.03;900;900;34.28;30847.76;900
10.01.2017 03:28;902.78;902.78;902.78;902.78;0.14;124.58;902.78
10.01.2017 03:29;902.48;902.48;902.48;902.48;0.11;99.27;902.48
10.01.2017 03:30;899.13;899.13;899.13;899.13;0.01;5.02;899.13
10.01.2017 03:31;0;0;0;0;0;0;0
10.01.2017 03:32;900;900;900;900;0.04;34.2;900
10.01.2017 03:33;900;902.8;900;902.8;0.5;450.3;902.41
10.01.2017 03:34;902.38;902.38;902.33;902.33;0.49;439.07;902.35
10.01.2017 03:35;901.59;901.59;901.59;901.59;0.21;187.47;901.59
10.01.2017 03:36;0;0;0;0;0;0;0
10.01.2017 03:37;903.33;903.33;903.33;903.33;0.12;110.25;903.33
10.01.2017 03:38;901.58;901.58;901.58;901.58;0.01;10.44;901.58
10.01.2017 03:39;901.22;901.22;901.22;901.22;0.01;6.23;901.22
10.01.2017 03:40;0;0;0;0;0;0;0
10.01.2017 03:41;0;0;0;0;0;0;0
10.01.2017 03:42;900.14;900.14;900.14;900.14;0.31;283.32;900.14
10.01.2017 03:43;0;0;0;0;0;0;0
10.01.2017 03:44;0;0;0;0;0;0;0
10.01.2017 03:45;897.54;897.54;897.54;897.54;0.02;15.71;897.54
10.01.2017 03:46;897.7;897.7;897.7;897.7;0.01;10.02;897.7
10.01.2017 03:47;0;0;0;0;0;0;0
10.01.2017 03:48;0;0;0;0;0;0;0
10.01.2017 03:49;0;0;0;0;0;0;0
10.01.2017 03:50;899.95;899.95;899.95;899.95;0.02;14.28;899.95
10.01.2017 03:51;0;0;0;0;0;0;0
10.01.2017 03:52;899.51;899.51;899.51;899.51;0.15;131.06;899.51
10.01.2017 03:53;899.35;899.35;899.35;899.35;0.16;141.02;899.35
10.01.2017 03:54;896.09;896.09;894.93;894.93;6.15;5509.58;895.79
10.01.2017 03:55;897.73;897.73;897.73;897.73;0.02;13.74;897.73
10.01.2017 03:56;0;0;0;0;0;0;0
10.01.2017 03:57;897.66;897.66;897.66;897.66;0.23;204.25;897.66
10.01.2017 03:58;897.66;899.99;897.66;899.99;3.82;3435.18;899.91
10.01.2017 03:59;899.69;899.69;899.69;899.69;3.43;3086.09;899.69
10.01.2017 04:00;0;0;0;0;0;0;0
10.01.2017 04:01;0;0;0;0;0;0;0
10.01.2017 04:02;899.99;900;899.69;900;0.29;260.72;899.98
10.01.2017 04:03;0;0;0;0;0;0;0
10.01.2017 04:04;0;0;0;0;0;0;0
10.01.2017 04:05;900;900;899.91;899.93;5.31;4775.8;899.91
10.01.2017 04:06;896.55;896.55;895.97;895.98;24.34;21808.66;896.11
10.01.2017 04:07;897.05;897.06;897.05;897.06;4;3588.2;897.05
10.01.2017 04:08;896.16;896.16;896.14;896.14;0.7;626.41;896.15
10.01.2017 04:09;897.02;897.02;897.02;897.02;3.9;3500.98;897.02
10.01.2017 04:10;897;897;897;897;30.25;27134.25;897
10.01.2017 04:11;895.13;897.06;893.11;897.06;49.1;43879.14;893.63
10.01.2017 04:12;0;0;0;0;0;0;0
10.01.2017 04:13;895.81;895.81;895.81;895.81;5.3;4746.09;895.81
10.01.2017 04:14;895.38;895.38;895.38;895.38;0.28;250.23;895.38
10.01.2017 04:15;895.35;895.35;895.35;895.35;0.27;243.45;895.35
10.01.2017 04:16;0;0;0;0;0;0;0
10.01.2017 04:17;0;0;0;0;0;0;0
10.01.2017 04:18;0;0;0;0;0;0;0
10.01.2017 04:19;896.13;896.13;896.13;896.13;2.69;2414.56;896.13
10.01.2017 04:20;895.79;895.79;895.69;895.69;8.82;7904.51;895.73
10.01.2017 04:21;893.2;897.07;893.2;897.07;23.95;21405.06;893.69
10.01.2017 04:22;896.74;896.74;896.74;896.74;0.11;99.54;896.74
10.01.2017 04:23;896.55;896.55;895.75;895.75;6.55;5868.94;895.9
10.01.2017 04:24;893.1;895.62;893.1;895.62;0.75;674.01;894.68
10.01.2017 04:25;893.17;897;893.17;896.89;11.62;10408.38;895.35
10.01.2017 04:26;0;0;0;0;0;0;0
10.01.2017 04:27;898.05;898.05;898.05;898.05;0.58;520.13;898.05
10.01.2017 04:28;0;0;0;0;0;0;0
10.01.2017 04:29;897.7;897.7;897.7;897.7;3.8;3411.93;897.7
10.01.2017 04:30;897.79;897.79;897.75;897.79;1.09;974.25;897.79
10.01.2017 04:31;897.75;897.8;895;897.79;1.84;1647.55;896.27
10.01.2017 04:32;0;0;0;0;0;0;0
10.01.2017 04:33;0;0;0;0;0;0;0
10.01.2017 04:34;0;0;0;0;0;0;0
10.01.2017 04:35;894.99;894.99;894.99;894.99;0.21;185.26;894.99
10.01.2017 04:36;894.99;894.99;893.48;893.48;1.21;1079.08;893.74
10.01.2017 04:37;0;0;0;0;0;0;0
10.01.2017 04:38;0;0;0;0;0;0;0
10.01.2017 04:39;894.15;894.15;893.02;893.02;13;11620.86;893.91
10.01.2017 04:40;0;0;0;0;0;0;0
10.01.2017 04:41;0;0;0;0;0;0;0
10.01.2017 04:42;0;0;0;0;0;0;0
10.01.2017 04:43;0;0;0;0;0;0;0
10.01.2017 04:44;897.68;897.68;892.69;892.69;10.99;9814.23;893.41
10.01.2017 04:45;897.34;897.34;897.34;897.34;0.03;23.75;897.34
10.01.2017 04:46;893.67;893.67;893.66;893.66;0.28;246.46;893.66
10.01.2017 04:47;0;0;0;0;0;0;0
10.01.2017 04:48;0;0;0;0;0;0;0
10.01.2017 04:49;0;0;0;0;0;0;0
10.01.2017 04:50;0;0;0;0;0;0;0
10.01.2017 04:51;892.74;892.74;891.59;891.59;3.42;3054.62;892.28
10.01.2017 04:52;0;0;0;0;0;0;0
10.01.2017 04:53;0;0;0;0;0;0;0
10.01.2017 04:54;892.74;892.74;892.74;892.74;0.1;84.81;892.74
10.01.2017 04:55;0;0;0;0;0;0;0
10.01.2017 04:56;895.63;895.63;895.63;895.63;0.03;25.97;895.63
10.01.2017 04:57;0;0;0;0;0;0;0
10.01.2017 04:58;895.63;895.63;895.63;895.63;0.05;44.75;895.63
10.01.2017 04:59;895.62;895.62;895.62;895.62;0.4;358.25;895.62
10.01.2017 05:00;0;0;0;0;0;0;0
10.01.2017 05:01;0;0;0;0;0;0;0
10.01.2017 05:02;0;0;0;0;0;0;0
10.01.2017 05:03;895.48;895.48;895.4;895.4;0.4;359.95;895.4
10.01.2017 05:04;897.94;897.94;897.94;897.94;0.01;8.99;897.94
10.01.2017 05:05;893.72;893.72;893.72;893.72;0.04;36.64;893.72
10.01.2017 05:06;0;0;0;0;0;0;0
10.01.2017 05:07;0;0;0;0;0;0;0
10.01.2017 05:08;893.91;898.13;893.91;898.13;0.01;11.28;896.24
10.01.2017 05:09;0;0;0;0;0;0;0
10.01.2017 05:10;0;0;0;0;0;0;0
10.01.2017 05:11;894.27;896.8;894.27;896.77;0.21;189.03;895.72
10.01.2017 05:12;896.76;896.76;896.71;896.71;0.19;169.54;896.72
10.01.2017 05:13;0;0;0;0;0;0;0
10.01.2017 05:14;0;0;0;0;0;0;0
10.01.2017 05:15;896.22;896.22;896.22;896.22;1.38;1232.45;896.22
10.01.2017 05:16;0;0;0;0;0;0;0
10.01.2017 05:17;0;0;0;0;0;0;0
10.01.2017 05:18;0;0;0;0;0;0;0
10.01.2017 05:19;0;0;0;0;0;0;0
10.01.2017 05:20;895.91;897.34;895.91;897.34;2.1;1882.45;897.27
10.01.2017 05:21;0;0;0;0;0;0;0
10.01.2017 05:22;898.72;898.72;898.54;898.54;0.29;258.44;898.55
10.01.2017 05:23;0;0;0;0;0;0;0
10.01.2017 05:24;0;0;0;0;0;0;0
10.01.2017 05:25;0;0;0;0;0;0;0
10.01.2017 05:26;0;0;0;0;0;0;0
10.01.2017 05:27;897.61;898.26;897.6;898.23;3.41;3062.17;897.68
10.01.2017 05:28;0;0;0;0;0;0;0
10.01.2017 05:29;895.95;895.95;895.95;895.95;0.03;25.07;895.95
10.01.2017 05:30;898.49;898.89;898.4;898.89;7.3;6557.19;898.64
10.01.2017 05:31;895.95;895.95;895.95;895.95;0.28;247.53;895.95
10.01.2017 05:32;895.95;895.95;895;895;22.8;20408.49;895.07
10.01.2017 05:33;895;895;895;895;2.24;2003.42;895
10.01.2017 05:34;0;0;0;0;0;0;0
10.01.2017 05:35;0;0;0;0;0;0;0
10.01.2017 05:36;895;895;895;895;0.37;333.5;895
10.01.2017 05:37;0;0;0;0;0;0;0
10.01.2017 05:38;0;0;0;0;0;0;0
10.01.2017 05:39;895.77;895.77;895.77;895.77;0.16;141.49;895.77
10.01.2017 05:40;0;0;0;0;0;0;0
10.01.2017 05:41;0;0;0;0;0;0;0
10.01.2017 05:42;894.9;894.9;894.9;894.9;0.28;247.48;894.9
10.01.2017 05:43;894.84;894.84;892.65;892.65;18.17;16237.16;893.62
10.01.2017 05:44;891;891;890;890;33.45;29772.84;890.17
10.01.2017 05:45;889.47;894.29;889.47;894.26;1.42;1265.54;893.58
10.01.2017 05:46;889.52;889.53;889.52;889.53;0.42;370.26;889.52
10.01.2017 05:47;893.3;893.3;893.24;893.24;0.49;439.66;893.3
10.01.2017 05:48;0;0;0;0;0;0;0
10.01.2017 05:49;0;0;0;0;0;0;0
10.01.2017 05:50;889.41;889.44;889.41;889.44;0.21;186.97;889.42
10.01.2017 05:51;0;0;0;0;0;0;0
10.01.2017 05:52;891.57;892.68;891.57;892.68;50.12;44741.96;892.68
10.01.2017 05:53;892.68;892.71;892.68;892.71;4.12;3674.79;892.71
10.01.2017 05:54;893.01;893.01;893;893;7.7;6876.11;893
10.01.2017 05:55;0;0;0;0;0;0;0
10.01.2017 05:56;893.55;893.55;893.55;893.55;0.24;218.03;893.55
10.01.2017 05:57;0;0;0;0;0;0;0
10.01.2017 05:58;893.55;893.55;893.55;893.55;0.02;16.69;893.55
10.01.2017 05:59;893.55;893.55;893.55;893.55;0.04;31.67;893.55
10.01.2017 06:00;894.23;894.23;894.23;894.23;13;11624.99;894.23
10.01.2017 06:01;0;0;0;0;0;0;0
10.01.2017 06:02;0;0;0;0;0;0;0
10.01.2017 06:03;894.88;894.89;893;893;1.28;1144.45;894.48
10.01.2017 06:04;0;0;0;0;0;0;0
10.01.2017 06:05;0;0;0;0;0;0;0
10.01.2017 06:06;893.02;893.14;893;893;44.47;39715.1;893.01
10.01.2017 06:07;0;0;0;0;0;0;0
10.01.2017 06:08;894.93;894.93;894.93;894.93;0.4;356.7;894.93
10.01.2017 06:09;890.41;890.47;890.41;890.46;30.62;27264.35;890.41
10.01.2017 06:10;890.41;894.12;890.41;894.09;0.96;853.58;891.2
10.01.2017 06:11;0;0;0;0;0;0;0
10.01.2017 06:12;0;0;0;0;0;0;0
10.01.2017 06:13;0;0;0;0;0;0;0
10.01.2017 06:14;0;0;0;0;0;0;0
10.01.2017 06:15;0;0;0;0;0;0;0
10.01.2017 06:16;896.2;896.2;895.88;895.88;0.19;169.68;896.07
10.01.2017 06:17;892.03;892.03;892.03;892.03;0.28;248.7;892.03
10.01.2017 06:18;897.01;897.01;897.01;897.01;0.34;309.31;897.01
10.01.2017 06:19;0;0;0;0;0;0;0
10.01.2017 06:20;0;0;0;0;0;0;0
10.01.2017 06:21;0;0;0;0;0;0;0
10.01.2017 06:22;0;0;0;0;0;0;0
10.01.2017 06:23;0;0;0;0;0;0;0
10.01.2017 06:24;893.91;893.91;893.06;893.06;0.03;25.53;893.49
10.01.2017 06:25;0;0;0;0;0;0;0
10.01.2017 06:26;893.67;893.67;893.05;893.05;0.3;270.43;893.1
10.01.2017 06:27;893.44;893.44;893.44;893.44;0.15;130.5;893.44
10.01.2017 06:28;0;0;0;0;0;0;0
10.01.2017 06:29;0;0;0;0;0;0;0
10.01.2017 06:30;0;0;0;0;0;0;0
10.01.2017 06:31;893.05;895.89;890.52;895.89;25.77;22955.37;890.81
10.01.2017 06:32;895.53;895.53;890.55;890.55;2.99;2668.46;893.96
10.01.2017 06:33;0;0;0;0;0;0;0
10.01.2017 06:34;0;0;0;0;0;0;0
10.01.2017 06:35;893.84;893.84;893.84;893.84;0.22;200.85;893.84
10.01.2017 06:36;891.3;891.3;891.3;891.3;0.28;248.49;891.3
10.01.2017 06:37;895.76;895.76;895.7;895.7;0.51;460.17;895.73
10.01.2017 06:38;0;0;0;0;0;0;0
10.01.2017 06:39;895.02;895.02;894.97;895;0.66;586.73;894.97
10.01.2017 06:40;0;0;0;0;0;0;0
10.01.2017 06:41;895;895;895;895;0.21;188.34;895
10.01.2017 06:42;892.59;892.59;891.87;891.87;10;8919.95;891.99
10.01.2017 06:43;893;893;892.16;892.16;11;9814.6;892.24
10.01.2017 06:44;896.5;897.03;891.53;897.03;26.53;23674.91;892.55
10.01.2017 06:45;896.68;896.68;896.55;896.55;0.63;564.49;896.57
10.01.2017 06:46;0;0;0;0;0;0;0
10.01.2017 06:47;891.67;891.67;891.67;891.67;0.03;25.51;891.67
10.01.2017 06:48;0;0;0;0;0;0;0
10.01.2017 06:49;895.97;895.97;895.97;895.97;0.05;46.33;895.97
10.01.2017 06:50;0;0;0;0;0;0;0
10.01.2017 06:51;895.44;895.44;895.44;895.44;0.32;289.2;895.44
10.01.2017 06:52;0;0;0;0;0;0;0
10.01.2017 06:53;895.83;895.83;895.8;895.8;1.53;1366.89;895.82
10.01.2017 06:54;896.54;896.54;896.49;896.51;33.94;30424.99;896.53
10.01.2017 06:55;896.51;896.51;896.51;896.51;0.28;253.63;896.51
10.01.2017 06:56;896.5;896.51;895.3;895.3;69.19;61984.65;895.86
10.01.2017 06:57;894.41;896.25;894.4;894.4;66.51;59493.17;894.45
10.01.2017 06:58;0;0;0;0;0;0;0
10.01.2017 06:59;0;0;0;0;0;0;0
10.01.2017 07:00;895.59;895.59;893.9;893.9;1.94;1736.06;893.95
10.01.2017 07:01;895.39;895.39;893.8;895.3;23.86;21331.93;893.93
10.01.2017 07:02;0;0;0;0;0;0;0
10.01.2017 07:03;894.85;894.85;894.82;894.82;0.32;287.15;894.85
10.01.2017 07:04;894.74;895.75;893.1;895.75;1.15;1027.42;894.17
10.01.2017 07:05;893.41;893.51;893.41;893.5;0.57;509.93;893.48
10.01.2017 07:06;893.52;894.2;893.52;894.2;0.11;102.1;893.62
10.01.2017 07:07;894.22;894.22;894.22;894.22;0.03;24.61;894.22
10.01.2017 07:08;0;0;0;0;0;0;0
10.01.2017 07:09;895.67;898.14;895.67;898.14;29.67;26635.29;897.83
10.01.2017 07:10;0;0;0;0;0;0;0
10.01.2017 07:11;895.51;896.97;895.51;896.97;0.36;319.36;895.83
10.01.2017 07:12;895.89;895.89;895.89;895.89;5.51;4939.31;895.89
10.01.2017 07:13;0;0;0;0;0;0;0
10.01.2017 07:14;895.07;898.07;895.07;898.07;0.79;706.28;895.19
10.01.2017 07:15;898.18;898.18;898.18;898.18;0.01;9.04;898.18
10.01.2017 07:16;898.17;898.17;898.17;898.17;0.05;41.2;898.17
10.01.2017 07:17;896.2;896.2;896.2;896.2;0.28;250.03;896.2
10.01.2017 07:18;0;0;0;0;0;0;0
10.01.2017 07:19;898.17;898.17;896.48;896.48;0.46;413.2;897.42
10.01.2017 07:20;896.98;896.98;896.98;896.98;0.53;475.42;896.98
10.01.2017 07:21;0;0;0;0;0;0;0
10.01.2017 07:22;895.44;897.02;895.44;897.02;0.12;108.32;896.75
10.01.2017 07:23;0;0;0;0;0;0;0
10.01.2017 07:24;0;0;0;0;0;0;0
10.01.2017 07:25;0;0;0;0;0;0;0
10.01.2017 07:26;896.35;896.35;896.35;896.35;0.28;249.94;896.35
10.01.2017 07:27;0;0;0;0;0;0;0
10.01.2017 07:28;0;0;0;0;0;0;0
10.01.2017 07:29;896.75;896.75;896.49;896.49;3.49;3132.68;896.73
10.01.2017 07:30;896.46;896.46;895.35;895.48;9.34;8367.04;895.42
10.01.2017 07:31;0;0;0;0;0;0;0
10.01.2017 07:32;0;0;0;0;0;0;0
10.01.2017 07:33;0;0;0;0;0;0;0
10.01.2017 07:34;895.33;898.6;895.04;895.04;2.45;2193.39;895.26
10.01.2017 07:35;895.4;895.4;895.4;895.4;0.01;5.55;895.4
10.01.2017 07:36;897.83;897.83;897.73;897.73;1.19;1069.47;897.8
10.01.2017 07:37;0;0;0;0;0;0;0
10.01.2017 07:38;897.52;897.52;895.18;897.45;0.4;358.3;895.81
10.01.2017 07:39;895.23;897.23;895.23;897.23;0.7;622.99;896.07
10.01.2017 07:40;895.65;895.65;895.65;895.65;0.29;261.31;895.65
10.01.2017 07:41;0;0;0;0;0;0;0
10.01.2017 07:42;898.71;898.71;898.71;898.71;0.03;29.19;898.71
10.01.2017 07:43;0;0;0;0;0;0;0
10.01.2017 07:44;895.14;895.14;895.14;895.14;0.5;447.57;895.14
10.01.2017 07:45;898.87;898.87;898.87;898.87;0.08;69.43;898.87
10.01.2017 07:46;898.63;898.63;898.63;898.63;0.01;4.9;898.63
10.01.2017 07:47;896.07;898.27;896.07;898.27;0.44;391.34;896.87
10.01.2017 07:48;897.42;898.01;897.42;898.01;5.01;4493.07;897.68
10.01.2017 07:49;898;898.85;897.45;898.84;12.18;10934;897.5
10.01.2017 07:50;898.78;898.78;897.5;897.5;21.38;19192.63;897.51
10.01.2017 07:51;897.51;897.51;897.51;897.51;4.77;4282.91;897.51
10.01.2017 07:52;0;0;0;0;0;0;0
10.01.2017 07:53;898.44;898.44;898.44;898.44;0.23;210.77;898.44
10.01.2017 07:54;0;0;0;0;0;0;0
10.01.2017 07:55;898.4;898.4;898.4;898.4;24;21561.6;898.4
10.01.2017 07:56;898.83;898.83;897.91;897.91;5.01;4502.42;897.91
10.01.2017 07:57;898.55;900;898.55;900;41.02;36882.22;899.15
10.01.2017 07:58;900;900.09;898.03;898.03;5.27;4733.6;898.09
10.01.2017 07:59;0;0;0;0;0;0;0
10.01.2017 08:00;0;0;0;0;0;0;0
10.01.2017 08:01;900;900.09;899.98;899.98;1.1;991.68;900
10.01.2017 08:02;899.88;900.08;899.12;900.08;1.25;1127.02;899.42
10.01.2017 08:03;899.39;899.39;899.39;899.39;1.13;1012.7;899.39
10.01.2017 08:04;900.09;902.35;899.2;899.2;29.5;26605.8;901.89
10.01.2017 08:05;0;0;0;0;0;0;0
10.01.2017 08:06;0;0;0;0;0;0;0
10.01.2017 08:07;902.03;902.94;902.03;902.94;16.29;14700.26;902.23
10.01.2017 08:08;902.43;903.22;900.46;900.48;2.93;2639.04;901.36
10.01.2017 08:09;900.84;900.92;900.84;900.92;7.13;6420.3;900.86
10.01.2017 08:10;0;0;0;0;0;0;0
10.01.2017 08:11;903.26;903.26;903.26;903.26;1.68;1517.48;903.26
10.01.2017 08:12;903.48;903.48;901.81;901.81;3.71;3350.74;902.13
10.01.2017 08:13;902.78;903.09;902.78;903.09;0.14;122.8;903.07
10.01.2017 08:14;0;0;0;0;0;0;0
10.01.2017 08:15;903.13;903.13;903.13;903.13;0.39;354.61;903.13
10.01.2017 08:16;0;0;0;0;0;0;0
10.01.2017 08:17;903.48;903.5;903.48;903.5;7.91;7146.37;903.48
10.01.2017 08:18;904.76;904.76;904.76;904.76;1.96;1773.06;904.76
10.01.2017 08:19;903.55;903.55;903.55;903.55;0.01;5.87;903.55
10.01.2017 08:20;904.89;904.89;904.89;904.89;0.01;10.78;904.89
10.01.2017 08:21;904.83;904.83;904.83;904.83;0.39;350.08;904.83
10.01.2017 08:22;904.54;904.54;904.54;904.54;0.44;399.96;904.54
10.01.2017 08:23;0;0;0;0;0;0;0
10.01.2017 08:24;903.51;904.1;903.49;903.51;0.97;876.71;903.51
10.01.2017 08:25;0;0;0;0;0;0;0
10.01.2017 08:26;904.77;904.77;904.77;904.77;0.06;51.59;904.77
10.01.2017 08:27;0;0;0;0;0;0;0
10.01.2017 08:28;904.51;905.19;904.51;905.19;5.5;4979.55;905.05
10.01.2017 08:29;902.51;903.04;902.51;903.04;0.83;746.85;902.98
10.01.2017 08:30;0;0;0;0;0;0;0
10.01.2017 08:31;903.28;905.19;903.28;905.19;1.6;1450.9;904.85
10.01.2017 08:32;0;0;0;0;0;0;0
10.01.2017 08:33;0;0;0;0;0;0;0
10.01.2017 08:34;903.78;905.18;903.78;905.18;0.33;296.94;904.79
10.01.2017 08:35;0;0;0;0;0;0;0
10.01.2017 08:36;903.58;905.17;903.58;905.17;0.43;384.9;903.78
10.01.2017 08:37;905.17;905.17;905.17;905.17;0.11;100.08;905.17
10.01.2017 08:38;903.86;903.86;903.3;903.3;1.46;1316.78;903.51
10.01.2017 08:39;903.77;903.77;903.23;903.23;1.67;1504.99;903.32
10.01.2017 08:40;903.73;903.73;903.73;903.73;0.02;20.6;903.73
10.01.2017 08:41;903.73;903.73;903.23;903.24;2.15;1946.56;903.45
10.01.2017 08:42;0;0;0;0;0;0;0
10.01.2017 08:43;903.3;903.3;903.3;903.3;0.06;54.2;903.3
10.01.2017 08:44;0;0;0;0;0;0;0
10.01.2017 08:45;903.73;903.73;903.73;903.73;0.03;27.11;903.73
10.01.2017 08:46;903.23;903.23;900.18;900.18;16.55;14949.19;903.2
10.01.2017 08:47;900.62;902.8;900.61;902.8;87;78399.65;901.15
10.01.2017 08:48;902.8;903.46;902.8;903.46;10.01;9038.3;902.8
10.01.2017 08:49;903.72;903.72;903.72;903.72;2.25;2034.91;903.72
10.01.2017 08:50;903.69;903.71;903.69;903.71;45;40666.93;903.71
10.01.2017 08:51;0;0;0;0;0;0;0
10.01.2017 08:52;0;0;0;0;0;0;0
10.01.2017 08:53;902.33;902.33;901.59;901.59;0.9;812.46;901.65
10.01.2017 08:54;901.52;902.07;899.95;902.07;0.35;313.04;901.94
10.01.2017 08:55;902;902;901.98;901.98;0.11;99.45;901.99
10.01.2017 08:56;901.86;901.86;900.25;900.25;0.77;690.08;900.81
10.01.2017 08:57;900.96;903.41;900.96;903.41;0.45;408.84;902.85
10.01.2017 08:58;903.23;903.23;903.23;903.23;0.03;27.89;903.23
10.01.2017 08:59;901.16;901.16;901.16;901.16;0.01;12.02;901.16
10.01.2017 09:00;901.87;902.8;900.22;901.75;53.49;48157.79;900.34
10.01.2017 09:01;902.99;902.99;902.99;902.99;0.02;18.06;902.99
10.01.2017 09:02;902.75;903.33;902.75;903.33;0.07;59.7;902.93
10.01.2017 09:03;902.85;902.85;901.76;901.76;1.08;971.03;901.87
10.01.2017 09:04;901;902.83;901;902.83;0.04;40.49;902.31
10.01.2017 09:05;902.62;902.62;902.62;902.62;0.07;65.89;902.62
10.01.2017 09:06;0;0;0;0;0;0;0
10.01.2017 09:07;902.7;902.7;901.49;901.49;0.3;269.9;902.66
10.01.2017 09:08;901.48;901.48;901.48;901.48;0.34;308.77;901.48
10.01.2017 09:09;0;0;0;0;0;0;0
10.01.2017 09:10;902.6;902.6;900.31;900.31;2.04;1832.92;900.7
10.01.2017 09:11;902.82;903.42;902.82;903.4;0.83;748.49;903.27
10.01.2017 09:12;903.39;903.39;903.39;903.39;0.27;245.64;903.39
10.01.2017 09:13;903.39;903.39;902.01;902.01;0.79;713.44;903.27
10.01.2017 09:14;0;0;0;0;0;0;0
10.01.2017 09:15;903.18;903.18;901.5;901.5;3.47;3133.46;901.89
10.01.2017 09:16;900.88;902.98;900.17;902.98;4.6;4140.94;900.24
10.01.2017 09:17;902.89;902.89;902.89;902.89;0.03;30.7;902.89
10.01.2017 09:18;901.15;901.15;900.92;900.92;1.13;1015.47;901.04
10.01.2017 09:19;903.13;903.13;903.03;903.03;0.08;72.25;903.09
10.01.2017 09:20;903.22;903.22;903.22;903.22;0.11;103.06;903.22
10.01.2017 09:21;901.33;901.33;901.33;901.33;0.5;450.67;901.33
10.01.2017 09:22;0;0;0;0;0;0;0
10.01.2017 09:23;0;0;0;0;0;0;0
10.01.2017 09:24;902.33;902.33;902.33;902.33;1.91;1720.41;902.33
10.01.2017 09:25;903.36;903.37;903.36;903.37;0.66;597.54;903.37
10.01.2017 09:26;903.37;903.39;903.37;903.39;0.37;335.32;903.38
10.01.2017 09:27;903.39;903.39;903.39;903.39;0.65;585.06;903.39
10.01.2017 09:28;903.39;903.39;903.39;903.39;0.05;41.84;903.39
10.01.2017 09:29;903.39;903.39;903.39;903.39;0.28;248.98;903.39
10.01.2017 09:30;902.41;902.41;901.6;901.6;28.48;25685.14;901.78
10.01.2017 09:31;901.57;903.39;901.57;903.39;1.98;1783.82;902.53
10.01.2017 09:32;0;0;0;0;0;0;0
10.01.2017 09:33;903.26;904.89;903.26;904.89;49.9;45141.7;904.67
10.01.2017 09:34;904.89;905;904.89;905;23.76;21503.59;904.89
10.01.2017 09:35;904.99;905.18;904.99;905.18;1.66;1503.42;905.07
10.01.2017 09:36;905.55;906;905.55;906;2.94;2660.56;905.55
10.01.2017 09:37;906;906.9;906;906.9;5.28;4790.48;906.8
10.01.2017 09:38;906.9;906.9;906.9;906.9;0.62;558.83;906.9
10.01.2017 09:39;903.86;906.89;903.86;906.89;1.01;914.62;903.9
10.01.2017 09:40;906.5;906.9;906.5;906.9;18.76;17011.79;906.73
10.01.2017 09:41;905.72;905.72;904.86;904.93;12.07;10924.15;904.87
10.01.2017 09:42;904.96;905.99;904.96;905.99;0.11;102.78;905.7
10.01.2017 09:43;905.88;905.88;905.88;905.88;6;5435.28;905.88
10.01.2017 09:44;905.8;905.8;905.8;905.8;0.54;491.38;905.8
10.01.2017 09:45;906.05;906.07;906.05;906.07;0.5;453.03;906.06
10.01.2017 09:46;0;0;0;0;0;0;0
10.01.2017 09:47;905.83;906.26;905.83;905.89;0.81;737.12;905.88
10.01.2017 09:48;906.26;906.9;906.25;906.25;1.43;1295.83;906.34
10.01.2017 09:49;906;906;904.64;906;15.83;14321.08;904.73
10.01.2017 09:50;906.86;906.87;906;906;1.71;1551.07;906.61
10.01.2017 09:51;0;0;0;0;0;0;0
10.01.2017 09:52;0;0;0;0;0;0;0
10.01.2017 09:53;906.23;906.23;906.22;906.22;0.91;826.04;906.22
10.01.2017 09:54;906.23;906.69;906.23;906.69;0.34;307.74;906.37
10.01.2017 09:55;906.69;906.7;906.69;906.7;14.37;13024.81;906.69
10.01.2017 09:56;906.69;906.69;906.69;906.69;0.01;5.44;906.69
10.01.2017 09:57;906.69;906.88;906.69;906.88;2.26;2046.99;906.7
10.01.2017 09:58;0;0;0;0;0;0;0
10.01.2017 09:59;906.87;907;906.87;907;10.14;9198.55;906.97
10.01.2017 10:00;0;0;0;0;0;0;0
10.01.2017 10:01;0;0;0;0;0;0;0
10.01.2017 10:02;0;0;0;0;0;0;0
10.01.2017 10:03;906.88;906.88;906.88;906.88;0.67;609.42;906.88
10.01.2017 10:04;906.42;906.99;906.42;906.99;2.08;1881.4;906.47
10.01.2017 10:05;906.35;906.35;906.35;906.35;0.03;27.26;906.35
10.01.2017 10:06;906.98;906.98;906.61;906.61;1.12;1015.68;906.65
10.01.2017 10:07;907;907;906.7;906.99;1.26;1138.49;906.76
10.01.2017 10:08;906.38;906.38;906.38;906.38;0.09;83.31;906.38
10.01.2017 10:09;0;0;0;0;0;0;0
10.01.2017 10:10;906.7;909.95;906.7;909.69;34.57;31420.78;908.95
10.01.2017 10:11;909.78;909.78;909.78;909.78;0.11;103.37;909.78
10.01.2017 10:12;0;0;0;0;0;0;0
10.01.2017 10:13;909.78;909.99;909.78;909.99;0.33;303.8;909.9
10.01.2017 10:14;909.63;909.63;909.61;909.61;4.54;4129.73;909.62
10.01.2017 10:15;909.9;910;909.9;910;7.15;6505.58;909.98
10.01.2017 10:16;910.03;911.79;910.03;911.79;6.05;5513.67;910.88
10.01.2017 10:17;911.84;911.86;910.39;911.86;19.47;17757.81;911.84
10.01.2017 10:18;911.97;911.97;911.87;911.87;0.61;560.73;911.89
10.01.2017 10:19;910.39;911.46;910.37;911.46;2.14;1950.57;910.42
10.01.2017 10:20;911.28;911.28;910.37;911.14;9.31;8482.83;910.87
10.01.2017 10:21;905.88;905.88;905.88;905.88;2.03;1841.01;905.88
10.01.2017 10:22;911.29;911.29;911.29;911.29;0.14;123.08;911.29
10.01.2017 10:23;911.29;912;911.29;912;0.32;296.22;911.62
10.01.2017 10:24;911.3;911.99;911.3;911.99;1.27;1154.61;911.46
10.01.2017 10:25;0;0;0;0;0;0;0
10.01.2017 10:26;912;912.33;911.99;911.99;0.39;354.97;912.24
10.01.2017 10:27;912.33;912.47;911.99;911.99;0.85;772.46;912.24
10.01.2017 10:28;911.99;912.34;910.01;910.01;4.22;3845.14;911.84
10.01.2017 10:29;910.01;910.01;909.99;910;2.26;2056.02;910
10.01.2017 10:30;910;910;910;910;0.46;422.63;910
10.01.2017 10:31;909.12;909.14;909.12;909.12;60.11;54648.14;909.12
10.01.2017 10:32;908.23;908.23;908.2;908.2;20.57;18685.68;908.21
10.01.2017 10:33;907.69;907.69;907.23;907.23;0.6;545.03;907.48
10.01.2017 10:34;908.02;908.02;908.01;908.01;1.19;1079.46;908.02
10.01.2017 10:35;909.93;909.93;909.93;909.93;0.06;57.05;909.93
10.01.2017 10:36;909.77;909.77;909.77;909.77;0.12;106.46;909.77
10.01.2017 10:37;909.72;909.72;908.61;908.61;0.17;158.91;908.96
10.01.2017 10:38;909.11;909.11;909.11;909.11;1.41;1284.07;909.11
10.01.2017 10:39;908.99;910;908.99;909.93;5.42;4932.24;909.85
10.01.2017 10:40;909.48;909.5;909.48;909.5;1.27;1157.63;909.48
10.01.2017 10:41;909.5;910;909.5;910;2.58;2342.75;909.51
10.01.2017 10:42;909.99;909.99;909.99;909.99;0.17;155.61;909.99
10.01.2017 10:43;909.73;909.73;907.88;907.88;4.95;4493.37;908.37
10.01.2017 10:44;909.71;909.95;909.71;909.95;2.26;2058.42;909.85
10.01.2017 10:45;909.46;910;909.46;910;7.35;6689.52;910
10.01.2017 10:46;910;910;910;910;16;14558.7;910
10.01.2017 10:47;909.47;910;908.48;910;0.16;147.14;909.43
10.01.2017 10:48;910;910;908.5;909.99;7.15;6505.22;909.99
10.01.2017 10:49;910;910;907.84;908.67;26.26;23874.55;909.24
10.01.2017 10:50;909.97;909.97;908.52;909.94;6.46;5868.29;908.63
10.01.2017 10:51;0;0;0;0;0;0;0
10.01.2017 10:52;909.7;909.7;909.7;909.7;0.2;181.94;909.7
10.01.2017 10:53;909.58;909.58;908.5;908.5;0.67;604.62;908.53
10.01.2017 10:54;908.79;908.79;908.79;908.79;0.04;35.44;908.79
10.01.2017 10:55;909.84;909.84;909.84;909.84;0.11;97.79;909.84
10.01.2017 10:56;909.64;909.64;909.64;909.64;0.26;236.4;909.64
10.01.2017 10:57;909.94;909.94;909.91;909.91;0.12;105.55;909.91
10.01.2017 10:58;909.85;909.85;909.79;909.79;0.56;513.39;909.85
10.01.2017 10:59;909.72;909.98;909.7;909.98;0.27;247.92;909.73
10.01.2017 11:00;909.85;909.85;909.79;909.79;0.22;196.85;909.81
10.01.2017 11:01;909.76;909.76;909.62;909.62;2.9;2634.1;909.63
10.01.2017 11:02;909.33;909.33;908.51;908.51;2.98;2710.72;909.08
10.01.2017 11:03;908.53;908.85;908.5;908.5;18.16;16498.09;908.6
10.01.2017 11:04;908.5;909.8;908.47;909.78;7.68;6985.16;909.35
10.01.2017 11:05;908.52;908.52;908.51;908.51;5.51;5005.89;908.51
10.01.2017 11:06;909.38;909.38;909.34;909.34;5.63;5123.98;909.34
10.01.2017 11:07;909.15;909.15;908.5;909.02;6.37;5783.98;908.57
10.01.2017 11:08;0;0;0;0;0;0;0
10.01.2017 11:09;908.75;909.08;908.75;909.08;0.93;848.24;908.77
10.01.2017 11:10;0;0;0;0;0;0;0
10.01.2017 11:11;908.75;908.75;908.36;908.36;8.42;7648.46;908.56
10.01.2017 11:12;908.36;908.36;906.18;908.27;0.16;142.57;907.76
10.01.2017 11:13;907.52;907.96;906.15;906.15;11.82;10726.59;907.78
10.01.2017 11:14;906.16;906.16;906.13;906.16;2.52;2282.36;906.13
10.01.2017 11:15;909.26;909.26;909.19;909.19;0.12;109.1;909.2
10.01.2017 11:16;0;0;0;0;0;0;0
10.01.2017 11:17;906.98;907;906.74;906.77;3.3;2989.55;906.85
10.01.2017 11:18;0;0;0;0;0;0;0
10.01.2017 11:19;908.47;909.25;908.47;909.25;1.09;987.32;909.18
10.01.2017 11:20;906.9;909.19;906.9;909.19;2.83;2569.89;909.1
10.01.2017 11:21;909.09;909.09;909.09;909.09;16.14;14670.8;909.09
10.01.2017 11:22;909.07;909.07;909.06;909.06;9.64;8760.13;909.07
10.01.2017 11:23;0;0;0;0;0;0;0
10.01.2017 11:24;908.79;908.79;907.13;907.13;0.33;299.86;908.61
10.01.2017 11:25;907.12;908.47;905.41;905.41;5.16;4678.69;906.05
10.01.2017 11:26;907.29;907.29;907.29;907.29;0.35;314.9;907.29
10.01.2017 11:27;906;907;906;907;0.79;714.49;906.28
10.01.2017 11:28;907.1;907.1;905.85;905.85;1.05;950.02;905.99
10.01.2017 11:29;905.84;906.33;905.36;906.33;10.1;9140.31;905.4
10.01.2017 11:30;906.19;906.19;905;906.18;12.16;11007.76;905.02
10.01.2017 11:31;905.01;905.01;903;904.21;21.89;19801.78;904.55
10.01.2017 11:32;903.01;904.14;901.01;904.11;5.42;4898.24;903.65
10.01.2017 11:33;903.69;903.69;903.69;903.69;0.1;90.37;903.69
10.01.2017 11:34;903.66;903.66;903.66;903.66;0.05;41.07;903.66
10.01.2017 11:35;904.19;904.19;901.24;904.08;3.22;2906.46;901.37
10.01.2017 11:36;904.06;904.08;903.96;903.96;0.88;798.91;904.05
10.01.2017 11:37;903.94;903.94;901.45;903.8;5.07;4573.03;901.58
10.01.2017 11:38;903.7;903.7;903.64;903.64;0.03;26.05;903.66
10.01.2017 11:39;0;0;0;0;0;0;0
10.01.2017 11:40;903.46;903.46;902.13;902.13;0.44;398.07;902.58
10.01.2017 11:41;902.15;902.63;902.15;902.63;4.59;4144.43;902.61
10.01.2017 11:42;902.67;902.67;902.36;902.36;0.57;515.34;902.61
10.01.2017 11:43;901.92;901.92;901.9;901.92;3.14;2827.58;901.91
10.01.2017 11:44;901.23;901.23;895.93;895.93;167.93;151005.57;899.22
10.01.2017 11:45;899;899;899;899;1.2;1078.8;899
10.01.2017 11:46;899.64;899.64;899.64;899.64;0.1;91.76;899.64
10.01.2017 11:47;899.6;899.6;899.58;899.58;0.09;81.86;899.59
10.01.2017 11:48;899.46;899.58;899.41;899.58;6.01;5406.16;899.45
10.01.2017 11:49;899.57;899.57;899.56;899.56;0.31;281.11;899.56
10.01.2017 11:50;899.58;899.58;899.58;899.58;0.02;15.29;899.58
10.01.2017 11:51;899.58;899.58;899.57;899.58;8.01;7203.49;899.57
10.01.2017 11:52;902.35;902.35;902.35;902.35;0.02;14.87;902.35
10.01.2017 11:53;0;0;0;0;0;0;0
10.01.2017 11:54;0;0;0;0;0;0;0
10.01.2017 11:55;0;0;0;0;0;0;0
10.01.2017 11:56;0;0;0;0;0;0;0
10.01.2017 11:57;0;0;0;0;0;0;0
10.01.2017 11:58;902.13;902.13;902.13;902.13;0.01;9.98;902.13
10.01.2017 11:59;902.48;902.48;900.23;902.38;5.23;4707.79;900.35
10.01.2017 12:00;902.33;902.33;902.33;902.33;0.28;252.2;902.33
10.01.2017 12:01;902.45;902.45;902.33;902.33;4.52;4082.35;902.39
10.01.2017 12:02;902.59;902.59;902.59;902.59;2.96;2667.55;902.59
10.01.2017 12:03;900.97;900.97;900.97;900.97;4.27;3850.43;900.97
10.01.2017 12:04;901.58;902.53;901;901;42.39;38209.32;901.46
10.01.2017 12:05;902.13;902.13;902.13;902.13;0.11;99.77;902.13
10.01.2017 12:06;901.01;902.36;900.22;902.36;4.41;3976.18;900.7
10.01.2017 12:07;900.03;900.03;899.62;899.62;1.08;975.84;899.97
10.01.2017 12:08;0;0;0;0;0;0;0
10.01.2017 12:09;899.62;899.62;899.62;899.62;0.27;239.3;899.62
10.01.2017 12:10;900.82;900.82;900.82;900.82;1;900.82;900.82
10.01.2017 12:11;900.61;900.61;900.61;900.61;20;18012.2;900.61
10.01.2017 12:12;900.46;902.03;899.5;899.5;30.8;27747.94;900.76
10.01.2017 12:13;0;0;0;0;0;0;0
10.01.2017 12:14;901.54;901.54;901.51;901.51;1.24;1119.38;901.53
10.01.2017 12:15;901.35;901.35;901.35;901.35;8.04;7242.43;901.35
10.01.2017 12:16;901.13;901.13;901.01;901.01;0.4;362.93;901.04
10.01.2017 12:17;899.88;900.87;899.88;900.87;8.3;7480.66;900.8
10.01.2017 12:18;0;0;0;0;0;0;0
10.01.2017 12:19;901.94;901.94;901.94;901.94;0.06;57.53;901.94
10.01.2017 12:20;900.23;900.29;899.5;899.5;3.81;3431.6;899.9
10.01.2017 12:21;901.71;901.71;901.64;901.64;1.54;1393.02;901.7
10.01.2017 12:22;901.57;901.57;901.57;901.57;0.03;25.74;901.57
10.01.2017 12:23;902.48;903.02;902.46;903;40.84;36876.17;902.95
10.01.2017 12:24;0;0;0;0;0;0;0
10.01.2017 12:25;903.9;906.35;903.9;906.35;0.35;317.27;904.72
10.01.2017 12:26;906.35;907.38;906.35;907.38;200.22;181573.45;906.86
10.01.2017 12:27;906.37;907.29;906.37;906.37;0.16;146.91;906.5
10.01.2017 12:28;906.37;906.37;906.37;906.37;0.12;108.76;906.37
10.01.2017 12:29;907.35;907.35;904.21;904.21;0.28;250.19;905.35
10.01.2017 12:30;904.58;904.62;904.21;904.62;0.6;545.45;904.28
10.01.2017 12:31;904.62;904.62;904.62;904.62;0.35;314.87;904.62
10.01.2017 12:32;904.23;904.23;904.21;904.21;1.97;1781.71;904.22
10.01.2017 12:33;904.62;904.62;904.62;904.62;0.05;48.9;904.62
10.01.2017 12:34;904.21;904.21;904.21;904.21;1.66;1499.83;904.21
10.01.2017 12:35;0;0;0;0;0;0;0
10.01.2017 12:36;904.38;904.41;904.38;904.41;0.24;218.94;904.38
10.01.2017 12:37;904.41;904.41;904.41;904.41;0.64;582.44;904.41
10.01.2017 12:38;904.59;904.59;904.41;904.59;0.47;422.08;904.59
10.01.2017 12:39;904.59;904.62;904.59;904.62;0.46;420.49;904.6
10.01.2017 12:40;0;0;0;0;0;0;0
10.01.2017 12:41;904.41;904.95;903;904.95;16.61;15024.03;904.52
10.01.2017 12:42;903.03;903.03;903.03;903.03;0.15;139.73;903.03
10.01.2017 12:43;904.98;905;903.32;903.32;120.04;108618.97;904.89
10.01.2017 12:44;906.17;906.17;906.17;906.17;0.06;56.33;906.17
10.01.2017 12:45;906.17;906.17;906.17;906.17;0.11;103.16;906.17
10.01.2017 12:46;906.18;906.18;906.18;906.18;2.98;2695.96;906.18
10.01.2017 12:47;905.35;905.35;905.35;905.35;0.28;254.89;905.35
10.01.2017 12:48;906.18;906.18;906.18;906.18;0.17;155.56;906.18
10.01.2017 12:49;905.72;905.72;905.05;905.05;1.6;1448.6;905.38
10.01.2017 12:50;905.81;906.02;903.04;903.04;10.43;9440.42;905.08
10.01.2017 12:51;905.89;905.89;903.59;903.59;2.4;2176.03;905.29
10.01.2017 12:52;903.59;905.65;903.59;905.65;0.02;17.05;904.62
10.01.2017 12:53;0;0;0;0;0;0;0
10.01.2017 12:54;905.31;905.34;905.31;905.34;0.74;671.45;905.31
10.01.2017 12:55;903.82;903.82;903.82;903.82;0.38;343.45;903.82
10.01.2017 12:56;903.88;903.94;903.88;903.94;0.68;615.13;903.92
10.01.2017 12:57;904.04;904.04;904.04;904.04;1;904.04;904.04
10.01.2017 12:58;905.85;905.85;905.85;905.85;0.03;28.99;905.85
10.01.2017 12:59;904.36;904.36;904.36;904.36;0.22;196.29;904.36
10.01.2017 13:00;0;0;0;0;0;0;0
10.01.2017 13:01;906.1;906.1;906.1;906.1;1.1;997.59;906.1
10.01.2017 13:02;904.78;904.78;904.78;904.78;0.23;205.04;904.78
10.01.2017 13:03;0;0;0;0;0;0;0
10.01.2017 13:04;0;0;0;0;0;0;0
10.01.2017 13:05;905.09;905.09;905.09;905.09;1;905.09;905.09
10.01.2017 13:06;905.83;905.83;905.83;905.83;0.12;112.32;905.83
10.01.2017 13:07;905.83;906.19;905.43;905.43;0.91;826.49;906.05
10.01.2017 13:08;905.67;905.67;905.67;905.67;0.28;254.41;905.67
10.01.2017 13:09;906.19;906.19;906.19;906.19;0.06;55.86;906.19
10.01.2017 13:10;906.18;906.19;906.18;906.19;0.07;67.08;906.19
10.01.2017 13:11;906.19;907;906.1;907;23.63;21432.05;906.86
10.01.2017 13:12;906.23;906.23;906.05;906.05;1.02;925.06;906.09
10.01.2017 13:13;907;907;907;907;0.01;10.3;907
10.01.2017 13:14;907;907;907;907;0.39;357.18;907
10.01.2017 13:15;0;0;0;0;0;0;0
10.01.2017 13:16;907;907;907;907;0.02;20.6;907
10.01.2017 13:17;907;907;905.47;905.47;1.38;1251.08;906.69
10.01.2017 13:18;907;907;907;907;0.14;122.57;907
10.01.2017 13:19;905.59;905.62;905.59;905.62;4.12;3731.03;905.6
10.01.2017 13:20;906.99;906.99;906.99;906.99;0.07;61.74;906.99
10.01.2017 13:21;906.99;907.99;906.99;907.99;5.49;4979.53;907
10.01.2017 13:22;907.02;907.99;907.01;907.01;2.56;2321.53;907.13
10.01.2017 13:23;907.01;907.01;907.01;907.01;2.65;2402.67;907.01
10.01.2017 13:24;907.01;907.97;905.51;905.51;14.07;12755.7;906.91
10.01.2017 13:25;904.03;904.03;904.03;904.03;1.03;927.05;904.03
10.01.2017 13:26;904.25;904.25;904.25;904.25;0.28;254.44;904.25
10.01.2017 13:27;0;0;0;0;0;0;0
10.01.2017 13:28;903.73;903.73;903.73;903.73;0.01;5.24;903.73
10.01.2017 13:29;905.46;905.46;905.46;905.46;0.01;8.52;905.46
10.01.2017 13:30;905.46;906.95;904.44;904.44;0.27;243.89;905.38
10.01.2017 13:31;0;0;0;0;0;0;0
10.01.2017 13:32;904.83;904.83;904.83;904.83;0.32;290.48;904.83
10.01.2017 13:33;907.35;907.35;904.85;904.85;0.35;317.27;907.28
10.01.2017 13:34;907.39;907.39;904.92;904.92;0.18;161.81;906.57
10.01.2017 13:35;0;0;0;0;0;0;0
10.01.2017 13:36;905.09;907.37;904;907.35;61.4;55514.29;904.15
10.01.2017 13:37;905.01;905.01;904.88;904.88;89.01;80552.83;904.96
10.01.2017 13:38;904.85;904.85;904.12;904.49;30.91;27946.99;904.14
10.01.2017 13:39;904.14;904.14;904.11;904.11;1.47;1330.93;904.12
10.01.2017 13:40;904.11;904.78;904.1;904.78;7.83;7081.71;904.12
10.01.2017 13:41;904.52;904.52;904.52;904.52;0.08;69.03;904.52
10.01.2017 13:42;903.78;904.98;903.78;904.94;14;12662.26;904.15
10.01.2017 13:43;0;0;0;0;0;0;0
10.01.2017 13:44;904.15;904.15;903.02;903.02;15.02;13569.88;903.4
10.01.2017 13:45;903.05;903.05;901;902.85;58.67;52871.46;901.24
10.01.2017 13:46;900.85;902.87;900.85;902.87;2.76;2487.19;902.23
10.01.2017 13:47;901.02;902.87;901.02;902.87;0.33;298.33;902.82
10.01.2017 13:48;902.87;902.87;902.84;902.87;0.62;557.58;902.86
10.01.2017 13:49;0;0;0;0;0;0;0
10.01.2017 13:50;902.87;902.87;901.29;901.29;1.02;919.34;901.32
10.01.2017 13:51;901.31;901.31;901.31;901.31;0.29;259.53;901.31
10.01.2017 13:52;902.85;902.85;902.85;902.85;0.02;22.17;902.85
10.01.2017 13:53;0;0;0;0;0;0;0
10.01.2017 13:54;901.33;902.84;901.33;902.75;7.35;6623.95;901.55
10.01.2017 13:55;901.35;901.35;901.3;901.32;15.46;13934.47;901.31
10.01.2017 13:56;902.46;902.49;901.32;901.32;5.49;4946.57;901.53
10.01.2017 13:57;0;0;0;0;0;0;0
10.01.2017 13:58;901.31;904.94;901.31;904.94;3.69;3327.61;902.75
10.01.2017 13:59;901.33;901.33;901.33;901.33;0.45;401.99;901.33
10.01.2017 14:00;901.9;901.9;901.9;901.9;5.65;5093.42;901.9
10.01.2017 14:01;904.77;904.77;904.77;904.77;0.01;5;904.77
10.01.2017 14:02;903.64;903.64;903.64;903.64;1.1;997.61;903.64
10.01.2017 14:03;903.96;903.96;903.88;903.88;3.15;2848.75;903.96
10.01.2017 14:04;903.88;903.88;902.03;902.03;1.08;976.96;902.08
10.01.2017 14:05;903.99;903.99;902.27;902.27;0.3;268.99;902.33
10.01.2017 14:06;0;0;0;0;0;0;0
10.01.2017 14:07;0;0;0;0;0;0;0
10.01.2017 14:08;903.99;903.99;902.73;902.73;0.09;82.22;903.9
10.01.2017 14:09;903.84;903.84;903.84;903.84;0.34;305.5;903.84
10.01.2017 14:10;903.96;903.96;902.94;903.03;2.72;2451.91;903.04
10.01.2017 14:11;903.03;904;902.78;903.87;2.94;2657.76;903.79
10.01.2017 14:12;0;0;0;0;0;0;0
10.01.2017 14:13;0;0;0;0;0;0;0
10.01.2017 14:14;0;0;0;0;0;0;0
10.01.2017 14:15;903.69;903.69;903.69;903.69;10;9036.9;903.69
10.01.2017 14:16;903.38;903.4;903.38;903.4;9.85;8899.03;903.39
10.01.2017 14:17;0;0;0;0;0;0;0
10.01.2017 14:18;902.99;902.99;902.99;902.99;0.11;102.72;902.99
10.01.2017 14:19;0;0;0;0;0;0;0
10.01.2017 14:20;902.99;902.99;902.99;902.99;0.02;20.56;902.99
10.01.2017 14:21;902.99;902.99;902.01;902.99;0.69;623.83;902.58
10.01.2017 14:22;902.98;902.98;902.98;902.98;0.29;264.28;902.98
10.01.2017 14:23;902.01;902.01;902;902;18.2;16413.9;902
10.01.2017 14:24;902;902;900;901.89;41.38;37322.01;901.84
10.01.2017 14:25;902;902;902;902;12.34;11135.13;902
10.01.2017 14:26;902;902;902;902;31.74;28626.04;902
10.01.2017 14:27;901.98;902;901.94;901.99;17.55;15828.48;901.99
10.01.2017 14:28;901.99;902.99;901.99;902.99;2.73;2466.94;902.01
10.01.2017 14:29;902.1;902.99;902.1;902.99;8.76;7903.89;902.69
10.01.2017 14:30;903;903.2;903;903.19;0.36;323.92;903.16
10.01.2017 14:31;903.19;903.2;903.19;903.2;10.27;9271.25;903.19
10.01.2017 14:32;903.19;903.2;903.19;903.2;0.38;345.73;903.19
10.01.2017 14:33;903.2;903.2;903.19;903.2;14.51;13108.36;903.2
10.01.2017 14:34;903.2;903.3;903.2;903.3;9.89;8933.25;903.22
10.01.2017 14:35;903.27;903.29;901.89;901.89;80.83;72979.88;902.87
10.01.2017 14:36;901.89;903.15;901.89;902.91;14.55;13142.66;903.08
10.01.2017 14:37;902.8;902.8;898.32;898.32;5.24;4716.24;899.94
10.01.2017 14:38;898.31;898.9;898.25;898.25;6.94;6238.13;898.44
10.01.2017 14:39;0;0;0;0;0;0;0
10.01.2017 14:40;899.03;899.03;898.67;898.67;10.29;9248.8;899.02
10.01.2017 14:41;899.02;899.1;899.02;899.1;0.55;491.69;899.05
10.01.2017 14:42;899.15;901.86;898.31;901.78;12.09;10884.15;900.57
10.01.2017 14:43;901.67;902;901.67;902;20.17;18188.65;901.83
10.01.2017 14:44;899.36;899.36;899.32;899.32;4.35;3914.6;899.34
10.01.2017 14:45;899.34;899.38;899.34;899.37;102.4;92094.6;899.37
10.01.2017 14:46;899.37;901.12;899.37;899.37;1.04;936.74;899.89
10.01.2017 14:47;900.1;900.1;899.37;900.03;8.22;7400.42;900.04
10.01.2017 14:48;900.02;900.02;899.87;899.87;7.02;6317.89;899.94
10.01.2017 14:49;899.84;899.93;899.76;899.93;25.67;23097.25;899.88
10.01.2017 14:50;899.9;899.93;899.81;899.93;19.12;17207.67;899.88
10.01.2017 14:51;899.93;899.93;898.61;899.85;55.28;49691.73;898.88
10.01.2017 14:52;899.85;899.91;899.77;899.9;30.23;27198.74;899.85
10.01.2017 14:53;899.86;899.94;899.36;899.8;113.1;101760.17;899.74
10.01.2017 14:54;899.8;899.95;899.35;899.94;100.56;90495.89;899.88
10.01.2017 14:55;899.94;899.95;899.9;899.95;22.41;20167.21;899.91
10.01.2017 14:56;899.94;899.94;899.8;899.8;41.07;36954.36;899.83
10.01.2017 14:57;899.8;899.8;899.79;899.8;40.31;36268.04;899.8
10.01.2017 14:58;899.8;899.8;899.8;899.8;18.91;17018.95;899.8
10.01.2017 14:59;899.94;899.95;899.94;899.95;17.94;16142.22;899.95
10.01.2017 15:00;899.95;899.99;899.95;899.99;13.54;12182.96;899.98
10.01.2017 15:01;900.13;902.44;900.13;900.64;21.8;19640.6;900.74
10.01.2017 15:02;900.65;902.43;900.65;901.13;7.2;6491.91;901.69
10.01.2017 15:03;901.13;902.37;900.65;902.13;96.39;86873.07;901.23
10.01.2017 15:04;902.29;902.29;902.13;902.13;21.64;19520.43;902.2
10.01.2017 15:05;902.06;902.06;902.06;902.06;0.12;110.26;902.06
10.01.2017 15:06;901.17;901.9;901.17;901.9;30.01;27067.74;901.9
10.01.2017 15:07;902.04;902.04;902.04;902.04;0.8;721.63;902.04
10.01.2017 15:08;0;0;0;0;0;0;0
10.01.2017 15:09;901.54;901.92;901.54;901.92;0.22;195.67;901.83
10.01.2017 15:10;901.92;902.18;901.92;902.18;3.6;3244.52;901.94
10.01.2017 15:11;902.17;902.17;901.93;901.93;0.06;52.43;901.98
10.01.2017 15:12;901.9;902.14;901.81;901.86;50.69;45714.55;901.9
10.01.2017 15:13;902.18;902.2;901.18;902.2;2.01;1808.84;902.07
10.01.2017 15:14;902.2;902.2;902.2;902.2;1.12;1012.45;902.2
10.01.2017 15:15;902.2;902.2;902.2;902.2;1.79;1611.94;902.2
10.01.2017 15:16;902.2;902.2;901.85;902.2;2.52;2271.67;902.06
10.01.2017 15:17;902.2;902.2;901.85;902.2;2.22;2005.44;902.07
10.01.2017 15:18;902.2;902.2;902.2;902.2;1;902.2;902.2
10.01.2017 15:19;902.2;902.2;902.18;902.18;3.39;3060.31;902.2
10.01.2017 15:20;902.18;902.2;902.18;902.2;1.1;994.37;902.19
10.01.2017 15:21;902.2;902.2;901.13;901.16;21.02;18940.46;901.2
10.01.2017 15:22;901.97;901.97;901.97;901.97;1.14;1029.58;901.97
10.01.2017 15:23;901.9;901.9;901.73;901.73;1.49;1341.33;901.84
10.01.2017 15:24;901.73;901.73;901.21;901.21;4.88;4398.33;901.67
10.01.2017 15:25;901.87;901.87;901.87;901.87;1;901.87;901.87
10.01.2017 15:26;901.96;901.97;901.96;901.97;1.02;923.63;901.96
10.01.2017 15:27;901.97;901.99;901.63;901.99;6.05;5456.44;901.97
10.01.2017 15:28;901.99;901.99;901.99;901.99;16.9;15242.49;901.99
10.01.2017 15:29;901.99;902.2;901.99;902.2;18.39;16592.15;902.09
10.01.2017 15:30;903.82;903.82;901.99;902.9;44.56;40235.82;903
10.01.2017 15:31;902.89;902.97;902.3;902.91;42.8;38642.05;902.87
10.01.2017 15:32;902.92;902.92;898.85;902.85;9.64;8697.94;902.06
10.01.2017 15:33;902.91;902.91;899.05;902.07;20.31;18319.32;901.89
10.01.2017 15:34;902.06;902.06;902;902;17.28;15586.46;902.05
10.01.2017 15:35;901.97;901.97;900.99;900.99;8.66;7805.19;901.64
10.01.2017 15:36;900.99;902.99;900.99;902.99;9.78;8816.84;901.71
10.01.2017 15:37;902.99;902.99;902.99;902.99;9.91;8951.79;902.99
10.01.2017 15:38;903;903;902.93;902.93;1.11;999.36;903
10.01.2017 15:39;902.93;902.93;900.23;900.24;101.52;91396.35;900.28
10.01.2017 15:40;0;0;0;0;0;0;0
10.01.2017 15:41;901.68;901.68;901.61;901.61;22.61;20389.4;901.61
10.01.2017 15:42;901.63;901.63;901.63;901.63;0.03;28.93;901.63
10.01.2017 15:43;901.65;901.65;901.65;901.65;1.76;1590.45;901.65
10.01.2017 15:44;900.28;901.65;900.28;901.65;10.04;9040.45;900.42
10.01.2017 15:45;901.65;901.65;901.65;901.65;1.13;1019.87;901.65
10.01.2017 15:46;901.65;901.65;901.65;901.65;7.7;6940.9;901.65
10.01.2017 15:47;901.65;902.5;900.62;901.65;7.09;6392.75;902.02
10.01.2017 15:48;902.36;902.36;900.3;900.3;2.13;1917.26;901.68
10.01.2017 15:49;903.11;903.11;903.11;903.11;1;903.11;903.11
10.01.2017 15:50;903.04;903.43;900.39;900.39;15.55;14025.35;901.89
10.01.2017 15:51;901.72;903.12;901.72;903.05;1.03;925.62;902.35
10.01.2017 15:52;902.99;902.99;901.73;901.73;1.05;948.09;902.96
10.01.2017 15:53;902.83;903.48;902.83;903.48;1.68;1517.99;903.17
10.01.2017 15:54;903.75;904.43;901.91;903.81;20.02;18090.38;903.81
10.01.2017 15:55;903.81;904.42;902.47;902.47;18.38;16606.65;903.38
10.01.2017 15:56;903.71;903.71;903.62;903.62;1.09;986.98;903.71
10.01.2017 15:57;903.56;903.56;903.47;903.47;1.03;927.28;903.56
10.01.2017 15:58;903.44;903.44;902.59;903.29;3.64;3284.94;903.3
10.01.2017 15:59;903.29;903.8;903.27;903.77;9.96;9001.01;903.56
10.01.2017 16:00;903.76;903.76;903.76;903.76;0.4;361.5;903.76
10.01.2017 16:01;903.76;903.76;903.76;903.76;0.44;399.87;903.76
10.01.2017 16:02;0;0;0;0;0;0;0
10.01.2017 16:03;903.8;903.8;903.8;903.8;3.51;3171.68;903.8
10.01.2017 16:04;903.8;903.8;903.51;903.8;68.55;61936.2;903.56
10.01.2017 16:05;903.52;903.8;903.51;903.8;0.39;352.2;903.58
10.01.2017 16:06;903.8;903.8;903.8;903.8;0.26;238.8;903.8
10.01.2017 16:07;903.79;903.79;903.51;903.51;0.48;429.59;903.54
10.01.2017 16:08;903.52;903.52;903.51;903.51;3.63;3282.5;903.51
10.01.2017 16:09;903.51;903.51;903.51;903.51;3.89;3518.8;903.51
10.01.2017 16:10;903.51;903.51;903.51;903.51;0.25;227.14;903.51
10.01.2017 16:11;903.5;903.5;903.5;903.5;0.05;44.27;903.5
10.01.2017 16:12;903.5;903.51;903.5;903.51;1.17;1059.91;903.5
10.01.2017 16:13;903.5;903.51;903.5;903.51;0.03;28.65;903.51
10.01.2017 16:14;903.5;903.51;903.5;903.51;0.41;366.49;903.51
10.01.2017 16:15;903.51;903.51;903.51;903.51;0.08;72.26;903.51
10.01.2017 16:16;903.5;903.5;903.5;903.5;1.29;1169.4;903.5
10.01.2017 16:17;903.51;903.51;903.51;903.51;0.57;511.46;903.51
10.01.2017 16:18;903.51;903.51;903.51;903.51;1.86;1682.62;903.51
10.01.2017 16:19;903.51;903.51;903.51;903.51;8.35;7546.12;903.51
10.01.2017 16:20;903.51;903.51;903.51;903.51;11.02;9955.14;903.51
10.01.2017 16:21;903.5;903.5;903.5;903.5;0.21;189.41;903.5
10.01.2017 16:22;903.5;903.5;902.48;902.48;31.61;28533.14;902.53
10.01.2017 16:23;903.52;903.52;903.52;903.52;0.02;13.71;903.52
10.01.2017 16:24;0;0;0;0;0;0;0
10.01.2017 16:25;0;0;0;0;0;0;0
10.01.2017 16:26;0;0;0;0;0;0;0
10.01.2017 16:27;903.51;903.51;903.51;903.51;4.07;3673.05;903.51
10.01.2017 16:28;902.55;903.49;902.54;903.49;4.47;4030.97;902.6
10.01.2017 16:29;0;0;0;0;0;0;0
10.01.2017 16:30;903.49;903.49;903.49;903.49;0.15;134.56;903.49
10.01.2017 16:31;903.49;903.49;901.51;901.51;27.07;24445.89;903.2
10.01.2017 16:32;903.42;903.42;903.3;903.3;0.61;555.39;903.38
10.01.2017 16:33;900.48;900.48;900.3;900.3;50;45021.26;900.43
10.01.2017 16:34;903.23;903.23;901.91;901.91;10.97;9901.86;902.5
10.01.2017 16:35;901.9;902.15;900.28;901.49;10.42;9398.64;901.84
10.01.2017 16:36;902.7;902.7;902.7;902.7;13.9;12546.7;902.7
10.01.2017 16:37;902.5;902.5;902.5;902.5;0.01;10.2;902.5
10.01.2017 16:38;902.49;902.49;902.49;902.49;0.07;64.42;902.49
10.01.2017 16:39;902.49;902.5;902.49;902.5;0.21;191.96;902.5
10.01.2017 16:40;902.49;902.49;901.49;901.49;30;27046.84;901.56
10.01.2017 16:41;902.16;902.5;902.16;902.5;0.02;14.96;902.39
10.01.2017 16:42;901.5;901.5;901;901;2.13;1922.93;901.47
10.01.2017 16:43;902.47;902.47;901;901;2.21;1994.34;901.07
10.01.2017 16:44;901.01;901.01;901.01;901.01;0.01;9.91;901.01
10.01.2017 16:45;902;902.5;902;902.5;0.8;717.27;902.19
10.01.2017 16:46;903.3;903.3;900.36;902.76;2.3;2073.76;901.8
10.01.2017 16:47;903.39;903.39;900.24;900.37;2.37;2133.82;900.48
10.01.2017 16:48;903.14;903.14;903.08;903.08;5.11;4617.74;903.14
10.01.2017 16:49;903.3;903.3;903.3;903.3;0.08;69.3;903.3
10.01.2017 16:50;0;0;0;0;0;0;0
10.01.2017 16:51;902;902.96;902;902.96;2.81;2539.15;902.59
10.01.2017 16:52;903.34;903.34;903.33;903.33;2.29;2067.75;903.34
10.01.2017 16:53;903.33;903.33;903.33;903.33;0.39;354.53;903.33
10.01.2017 16:54;0;0;0;0;0;0;0
10.01.2017 16:55;902.04;902.04;902.04;902.04;1;902.04;902.04
10.01.2017 16:56;902.17;903.48;902.17;903.48;3.57;3224.34;902.67
10.01.2017 16:57;0;0;0;0;0;0;0
10.01.2017 16:58;903.47;903.47;903.47;903.47;0.07;62.88;903.47
10.01.2017 16:59;903.51;903.51;903.51;903.51;25;22587.75;903.51
10.01.2017 17:00;903.52;903.52;903.52;903.52;0.15;138.65;903.52
10.01.2017 17:01;903.51;903.51;903.51;903.51;0.13;119.79;903.51
10.01.2017 17:02;903.51;903.51;903.51;903.51;0.57;518.56;903.51
10.01.2017 17:03;903.51;903.51;903.51;903.51;1.62;1460.24;903.51
10.01.2017 17:04;903.51;903.51;903.51;903.51;12.2;11026.88;903.51
10.01.2017 17:05;903.5;903.51;903.5;903.51;0.85;769.01;903.51
10.01.2017 17:06;903.51;903.51;903.51;903.51;0.11;99.76;903.51
10.01.2017 17:07;903.51;903.51;903.51;903.51;49.02;44287.04;903.51
10.01.2017 17:08;903.52;903.52;903.51;903.51;0.72;651.7;903.51
10.01.2017 17:09;903.5;903.5;903.49;903.49;0.11;99.5;903.5
10.01.2017 17:10;0;0;0;0;0;0;0
10.01.2017 17:11;903.47;903.47;903;903;0.28;257.36;903.39
10.01.2017 17:12;902.99;903.49;902.99;903.49;1.32;1192.53;903.22
10.01.2017 17:13;903.52;903.79;903.52;903.79;2.76;2494.01;903.78
10.01.2017 17:14;0;0;0;0;0;0;0
10.01.2017 17:15;0;0;0;0;0;0;0
10.01.2017 17:16;903.79;903.8;903.79;903.8;34.59;31265.38;903.8
10.01.2017 17:17;0;0;0;0;0;0;0
10.01.2017 17:18;903.82;904;903.82;904;0.56;507.1;903.93
10.01.2017 17:19;0;0;0;0;0;0;0
10.01.2017 17:20;904.18;904.18;904.18;904.18;0.08;75.7;904.18
10.01.2017 17:21;0;0;0;0;0;0;0
10.01.2017 17:22;904.18;904.18;904.18;904.18;0.11;103.08;904.18
10.01.2017 17:23;0;0;0;0;0;0;0
10.01.2017 17:24;904.18;904.18;904.18;904.18;1.65;1496.26;904.18
10.01.2017 17:25;904.18;904.18;904.18;904.18;0.04;35.1;904.18
10.01.2017 17:26;0;0;0;0;0;0;0
10.01.2017 17:27;0;0;0;0;0;0;0
10.01.2017 17:28;0;0;0;0;0;0;0
10.01.2017 17:29;0;0;0;0;0;0;0
10.01.2017 17:30;904.19;904.19;904.19;904.19;0.1;89.51;904.19
10.01.2017 17:31;0;0;0;0;0;0;0
10.01.2017 17:32;0;0;0;0;0;0;0
10.01.2017 17:33;0;0;0;0;0;0;0
10.01.2017 17:34;0;0;0;0;0;0;0
10.01.2017 17:35;0;0;0;0;0;0;0
10.01.2017 17:36;902.51;902.51;902.51;902.51;0.07;63.18;902.51
10.01.2017 17:37;0;0;0;0;0;0;0
10.01.2017 17:38;0;0;0;0;0;0;0
10.01.2017 17:39;904.17;904.17;904.17;904.17;0.28;252.05;904.17
10.01.2017 17:40;902.52;902.52;902.52;902.52;0.07;67.43;902.52
10.01.2017 17:41;0;0;0;0;0;0;0
10.01.2017 17:42;0;0;0;0;0;0;0
10.01.2017 17:43;0;0;0;0;0;0;0
10.01.2017 17:44;0;0;0;0;0;0;0
10.01.2017 17:45;904.16;904.19;904.16;904.19;0.1;91.76;904.17
10.01.2017 17:46;904.19;904.19;902.54;902.54;0.06;49.67;903.14
10.01.2017 17:47;0;0;0;0;0;0;0
10.01.2017 17:48;0;0;0;0;0;0;0
10.01.2017 17:49;904.15;904.15;904.15;904.15;0.07;63.29;904.15
10.01.2017 17:50;904.19;905;904.19;905;13.76;12444.53;904.43
10.01.2017 17:51;902.54;902.54;902.54;902.54;0.01;13.27;902.54
10.01.2017 17:52;0;0;0;0;0;0;0
10.01.2017 17:53;905;905;905;905;0.66;593.78;905
10.01.2017 17:54;0;0;0;0;0;0;0
10.01.2017 17:55;0;0;0;0;0;0;0
10.01.2017 17:56;0;0;0;0;0;0;0
10.01.2017 17:57;0;0;0;0;0;0;0
10.01.2017 17:58;904;904;904;904;0.01;6.02;904
10.01.2017 17:59;904;904;904;904;0.36;327.76;904
10.01.2017 18:00;0;0;0;0;0;0;0
10.01.2017 18:01;904;904.98;902.56;902.56;2.33;2103.53;904.31
10.01.2017 18:02;0;0;0;0;0;0;0
10.01.2017 18:03;0;0;0;0;0;0;0
10.01.2017 18:04;0;0;0;0;0;0;0
10.01.2017 18:05;904.97;905;904.97;905;0.37;332.76;904.97
10.01.2017 18:06;902.58;902.58;902.58;902.58;0.29;264.37;902.58
10.01.2017 18:07;0;0;0;0;0;0;0
10.01.2017 18:08;904;904;904;904;0.6;542.4;904
10.01.2017 18:09;903.99;903.99;903.99;903.99;0.09;79.55;903.99
10.01.2017 18:10;903.99;903.99;903.99;903.99;0.07;62.38;903.99
10.01.2017 18:11;903.79;903.79;903.79;903.79;0.58;520.02;903.79
10.01.2017 18:12;903.8;903.8;903.8;903.8;0.06;54.23;903.8
10.01.2017 18:13;0;0;0;0;0;0;0
10.01.2017 18:14;0;0;0;0;0;0;0
10.01.2017 18:15;903.8;903.8;903.8;903.8;0.14;123.82;903.8
10.01.2017 18:16;903.8;903.8;903.8;903.8;0.1;91.28;903.8
10.01.2017 18:17;903.8;903.8;903.8;903.8;0.15;139.19;903.8
10.01.2017 18:18;903.8;903.8;903.8;903.8;0.09;76.82;903.8
10.01.2017 18:19;903.8;903.8;903.8;903.8;0.12;111.17;903.8
10.01.2017 18:20;903.8;903.8;903.8;903.8;0.02;15.36;903.8
10.01.2017 18:21;903.8;903.8;903.8;903.8;0.2;179.99;903.8
10.01.2017 18:22;903.8;903.8;903.8;903.8;0.01;11.75;903.8
10.01.2017 18:23;903.8;903.8;903.8;903.8;0.11;97.87;903.8
10.01.2017 18:24;902.68;903.8;902.68;903.8;0.23;209.77;902.74
10.01.2017 18:25;903.8;903.8;903.8;903.8;0.1;94;903.8
10.01.2017 18:26;903.8;903.8;903.8;903.8;0.04;34.34;903.8
10.01.2017 18:27;0;0;0;0;0;0;0
10.01.2017 18:28;903.8;903.8;903.8;903.8;0.14;130.15;903.8
10.01.2017 18:29;902.78;903.8;902.78;903.8;1.47;1331.32;903.6
10.01.2017 18:30;0;0;0;0;0;0;0
10.01.2017 18:31;903.8;903.8;903.8;903.8;0.01;8.59;903.8
10.01.2017 18:32;0;0;0;0;0;0;0
10.01.2017 18:33;0;0;0;0;0;0;0
10.01.2017 18:34;0;0;0;0;0;0;0
10.01.2017 18:35;903;903.8;903;903.8;2.04;1841.36;903.41
10.01.2017 18:36;903.8;903.8;903.8;903.8;0.23;211.49;903.8
10.01.2017 18:37;903.8;903.8;902.71;903.79;0.34;305.05;902.85
10.01.2017 18:38;0;0;0;0;0;0;0
10.01.2017 18:39;0;0;0;0;0;0;0
10.01.2017 18:40;903.8;903.8;902.71;902.71;0.49;438.81;902.9
10.01.2017 18:41;903.79;903.79;903.79;903.79;0.03;30.87;903.79
10.01.2017 18:42;903.79;903.79;903.79;903.79;0.1;88.57;903.79
10.01.2017 18:43;903.8;903.8;903.8;903.8;0.07;60.55;903.8
10.01.2017 18:44;903.8;903.8;903.8;903.8;0.13;113.88;903.8
10.01.2017 18:45;0;0;0;0;0;0;0
10.01.2017 18:46;903.79;903.79;903.79;903.79;0.06;52.42;903.79
10.01.2017 18:47;903.79;903.79;903.79;903.79;0.08;74.11;903.79
10.01.2017 18:48;903.79;903.79;903.79;903.79;0.04;31.63;903.79
10.01.2017 18:49;903.79;903.79;903.79;903.79;0.12;109.36;903.79
10.01.2017 18:50;0;0;0;0;0;0;0
10.01.2017 18:51;903.79;904.9;903.79;904.9;8.96;8110.73;904.71
10.01.2017 18:52;0;0;0;0;0;0;0
10.01.2017 18:53;903.07;903.07;903.07;903.07;1;903.07;903.07
10.01.2017 18:54;0;0;0;0;0;0;0
10.01.2017 18:55;0;0;0;0;0;0;0
10.01.2017 18:56;904.89;904.89;904.89;904.89;0.02;13.57;904.89
10.01.2017 18:57;904.89;904.89;904.89;904.89;0.02;14.48;904.89
10.01.2017 18:58;904.89;904.89;904.89;904.89;0.11;103.16;904.89
10.01.2017 18:59;904.89;904.89;903.08;903.08;2.02;1823.18;903.1
10.01.2017 19:00;0;0;0;0;0;0;0
10.01.2017 19:01;0;0;0;0;0;0;0
10.01.2017 19:02;904.89;904.89;904.89;904.89;0.06;52.48;904.89
10.01.2017 19:03;903.1;904.87;903.1;904.87;1.01;913.96;903.12
10.01.2017 19:04;904.85;904.85;903.1;903.1;0.59;533.38;903.55
10.01.2017 19:05;0;0;0;0;0;0;0
10.01.2017 19:06;0;0;0;0;0;0;0
10.01.2017 19:07;0;0;0;0;0;0;0
10.01.2017 19:08;0;0;0;0;0;0;0
10.01.2017 19:09;903.09;904;903.09;903.09;1.94;1747.59;903.14
10.01.2017 19:10;903;903;903;903;0.04;34.99;903
10.01.2017 19:11;903.95;903.95;903.95;903.95;0.25;229.26;903.95
10.01.2017 19:12;903.94;903.94;902.53;902.53;1.04;936.46;902.58
10.01.2017 19:13;904.49;904.49;904.49;904.49;0.02;13.57;904.49
10.01.2017 19:14;0;0;0;0;0;0;0
10.01.2017 19:15;903;903;903;903;0.22;197.68;903
10.01.2017 19:16;904.49;904.49;904.49;904.49;0.01;4.99;904.49
10.01.2017 19:17;904.49;904.49;903.03;904.47;0.57;511.04;903.73
10.01.2017 19:18;903.03;903.03;903.03;903.03;75.93;68563.13;903.03
10.01.2017 19:19;904.39;904.39;904.39;904.39;0.04;35.57;904.39
10.01.2017 19:20;0;0;0;0;0;0;0
10.01.2017 19:21;904.99;904.99;904.99;904.99;0.06;58.07;904.99
10.01.2017 19:22;0;0;0;0;0;0;0
10.01.2017 19:23;904.88;904.88;904.88;904.88;2;1809.76;904.88
10.01.2017 19:24;904;904;904;904;1.58;1424.39;904
10.01.2017 19:25;0;0;0;0;0;0;0
10.01.2017 19:26;0;0;0;0;0;0;0
10.01.2017 19:27;904;904.94;904;904.94;0.31;282.59;904.28
10.01.2017 19:28;904;904;904;904;4.48;4052.95;904
10.01.2017 19:29;904.65;904.97;904.61;904.97;1.11;1004.64;904.87
10.01.2017 19:30;904.05;904.95;904.05;904.95;0.3;267.56;904.39
10.01.2017 19:31;904.05;904.05;904.02;904.05;0.81;733.64;904.03
10.01.2017 19:32;904.12;904.13;904.12;904.13;0.06;52.83;904.12
10.01.2017 19:33;904.05;904.05;904.04;904.05;0.92;829.98;904.05
10.01.2017 19:34;0;0;0;0;0;0;0
10.01.2017 19:35;0;0;0;0;0;0;0
10.01.2017 19:36;904.92;904.92;903.99;903.99;11.94;10793.94;904.07
10.01.2017 19:37;904.92;904.93;904.04;904.93;0.2;182.46;904.45
10.01.2017 19:38;0;0;0;0;0;0;0
10.01.2017 19:39;904.8;904.8;904.8;904.8;0.02;20.99;904.8
10.01.2017 19:40;904.77;904.77;904.77;904.77;0.77;699.05;904.77
10.01.2017 19:41;904.05;904.05;904.05;904.05;0.02;20.61;904.05
10.01.2017 19:42;904.97;904.97;904.04;904.04;1.06;961.5;904.12
10.01.2017 19:43;904.03;904.03;903.99;903.99;0.88;797.28;904
10.01.2017 19:44;0;0;0;0;0;0;0
10.01.2017 19:45;903.99;904.05;903.99;904.05;0.44;400.65;904.03
10.01.2017 19:46;903.99;903.99;903.99;903.99;0.12;108.11;903.99
10.01.2017 19:47;903.99;903.99;902.52;902.52;0.29;262.67;902.86
10.01.2017 19:48;904.04;904.05;903.99;904.05;0.45;409.43;904.02
10.01.2017 19:49;904.05;904.05;904.05;904.05;0.01;10.3;904.05
10.01.2017 19:50;902.53;904.05;900.25;904.04;32.96;29740.2;902.18
10.01.2017 19:51;904;904.04;904;904.04;9.89;8945.39;904.04
10.01.2017 19:52;904.05;904.05;902;902;18.52;16714.01;902.41
10.01.2017 19:53;901.98;903.99;901.97;903.73;1.76;1586;903
10.01.2017 19:54;901.98;901.98;900.01;900.01;6;5400.49;900.08
10.01.2017 19:55;902.03;903.4;900.02;900.02;1.67;1503.26;901.8
10.01.2017 19:56;900.02;902.06;900.01;902.06;1.83;1652.12;901.74
10.01.2017 19:57;903;903.99;900;902.07;1.81;1630.93;902.53
10.01.2017 19:58;902.85;902.85;902.74;902.79;2.61;2352.62;902.76
10.01.2017 19:59;904.35;904.35;904.29;904.29;0.17;155.61;904.3
10.01.2017 20:00;904.2;904.2;902.84;904.11;2.25;2033.95;903.16
10.01.2017 20:01;903.9;903.9;903.9;903.9;0.04;33.44;903.9
10.01.2017 20:02;903.78;903.78;903.78;903.78;0.09;81.43;903.78
10.01.2017 20:03;0;0;0;0;0;0;0
10.01.2017 20:04;903;903;903;903;0.02;21.67;903
10.01.2017 20:05;902.93;902.93;902.8;902.8;1.09;982.92;902.85
10.01.2017 20:06;0;0;0;0;0;0;0
10.01.2017 20:07;904.12;904.12;902.9;902.9;0.22;196.77;903.31
10.01.2017 20:08;903.86;903.86;903.86;903.86;0.04;31.64;903.86
10.01.2017 20:09;0;0;0;0;0;0;0
10.01.2017 20:10;903.17;904.23;903.17;904.17;1.16;1050.8;903.73
10.01.2017 20:11;903.97;903.97;903.97;903.97;0.17;154.35;903.97
10.01.2017 20:12;903.84;903.84;903.01;903.01;1.68;1515.97;903.33
10.01.2017 20:13;0;0;0;0;0;0;0
10.01.2017 20:14;904.34;904.34;904.3;904.3;0.11;96.68;904.32
10.01.2017 20:15;904.17;904.39;902.78;904.39;39.66;35848.78;903.91
10.01.2017 20:16;904.31;904.37;904.31;904.37;0.48;437.7;904.34
10.01.2017 20:17;903.09;903.09;903.09;903.09;3.07;2770.78;903.09
10.01.2017 20:18;904.38;904.38;903;903;18.06;16313.93;903.11
10.01.2017 20:19;902.75;902.75;902.75;902.75;0.1;90.28;902.75
10.01.2017 20:20;900;902.62;900;902.62;1.44;1303.24;901.9
10.01.2017 20:21;900.01;902.46;900.01;902.44;0.56;502.98;901.18
10.01.2017 20:22;902;902;901.97;901.97;0.14;128.3;901.99
10.01.2017 20:23;902;904.23;902;904.23;0.1;92.11;903.03
10.01.2017 20:24;904.19;904.19;904.07;904.07;2.04;1844.22;904.1
10.01.2017 20:25;902.01;903.81;902.01;903.81;1.92;1737.8;902.81
10.01.2017 20:26;903.66;903.66;903.66;903.66;0.28;257.16;903.66
10.01.2017 20:27;903.57;903.57;903.44;903.44;1.2;1079.85;903.47
10.01.2017 20:28;903.36;903.36;903.25;903.25;0.14;124.65;903.27
10.01.2017 20:29;903.16;903.16;903.08;903.08;0.24;212.23;903.1
10.01.2017 20:30;902.35;902.35;902.35;902.35;0.11;101.06;902.35
10.01.2017 20:31;902.86;902.86;902.85;902.86;11.55;10429.13;902.86
10.01.2017 20:32;904.31;904.31;902.9;902.9;2.37;2145.97;904.14
10.01.2017 20:33;902.93;904.38;902.93;904.38;1.03;928.08;902.97
10.01.2017 20:34;904.35;904.35;904.35;904.35;0.07;64.35;904.35
10.01.2017 20:35;902.91;902.91;901.94;901.94;3.27;2948.99;902.73
10.01.2017 20:36;0;0;0;0;0;0;0
10.01.2017 20:37;902.46;902.46;902.46;902.46;4.56;4119.2;902.46
10.01.2017 20:38;900.48;900.48;900;900;23.68;21325.95;900.45
10.01.2017 20:39;0;0;0;0;0;0;0
10.01.2017 20:40;899.62;901.93;899.62;901;4.13;3718.87;900.87
10.01.2017 20:41;901;903.65;901;903.59;8.63;7797.06;903.13
10.01.2017 20:42;903.57;903.59;903.51;903.59;13.09;11825.59;903.57
10.01.2017 20:43;903.59;903.59;900.97;901.22;23.42;21108.86;901.18
10.01.2017 20:44;901.19;901.22;900.98;901.22;2.31;2077.79;901.16
10.01.2017 20:45;901.05;901.09;900.98;900.98;13.13;11834.89;901.05
10.01.2017 20:46;901.22;901.24;901.22;901.24;1.03;932.04;901.23
10.01.2017 20:47;900.95;900.95;900.95;900.95;0.09;82.4;900.95
10.01.2017 20:48;900.95;900.95;900.95;900.95;0.58;522.15;900.95
10.01.2017 20:49;899.18;904.08;899.18;904.08;1.06;955.71;901.77
10.01.2017 20:50;903.84;904.39;903.83;904.36;0.86;774.31;904.19
10.01.2017 20:51;904;904;904;904;0.03;23.5;904
10.01.2017 20:52;904;904.39;904;904.39;3.74;3382.73;904.39
10.01.2017 20:53;904.43;904.43;901.92;902;38.24;34499.86;902.09
10.01.2017 20:54;904.94;905;904.93;905;1.3;1176.38;904.95
10.01.2017 20:55;905;905;905;905;1;905;905
10.01.2017 20:56;905;907;905;906.91;1.16;1050.4;905.73
10.01.2017 20:57;906.91;906.91;906.91;906.91;0.38;341.62;906.91
10.01.2017 20:58;903.15;903.16;903;903;14.03;12667.42;903.02
10.01.2017 20:59;0;0;0;0;0;0;0
10.01.2017 21:00;902.25;906.5;902.25;906.5;101.31;91838.65;906.49
10.01.2017 21:01;906.5;907;906.5;907;1;906.56;906.56
10.01.2017 21:02;907;907;906.99;906.99;0.21;188.37;907
10.01.2017 21:03;906.99;906.99;906.99;906.99;0.02;20.6;906.99
10.01.2017 21:04;907;907;906.99;906.99;0.53;478.95;907
10.01.2017 21:05;906.97;906.97;906.97;906.97;0.25;222.58;906.97
10.01.2017 21:06;904.49;906.97;904.49;906.97;0.16;143.5;904.67
10.01.2017 21:07;0;0;0;0;0;0;0
10.01.2017 21:08;906.97;906.97;904.7;904.7;1.08;975.92;904.88
10.01.2017 21:09;906.68;906.68;906.66;906.66;0.12;108.36;906.67
10.01.2017 21:10;906.6;906.6;904.53;906.58;6.82;6182.31;906.56
10.01.2017 21:11;906.99;906.99;906.78;906.78;1.12;1015.6;906.79
10.01.2017 21:12;906.76;906.76;906.67;906.68;11.31;10254.71;906.69
10.01.2017 21:13;906.68;906.99;906.09;906.09;1.08;981.59;906.66
10.01.2017 21:14;906.99;906.99;906.99;906.99;0.21;186.9;906.99
10.01.2017 21:15;907;907;906.99;906.99;1.12;1018.49;907
10.01.2017 21:16;907;907;907;907;2.08;1883.53;907
10.01.2017 21:17;906.99;907;906.72;906.72;1.59;1446.52;906.95
10.01.2017 21:18;906.99;906.99;905.98;905.98;56.17;50938.99;906.8
10.01.2017 21:19;905.92;906.83;905.92;906.83;0.05;42.61;906.29
10.01.2017 21:20;905.94;907;905;907;7.78;7053.04;906.18
10.01.2017 21:21;907;908;907;908;97.1;88075.05;907.03
10.01.2017 21:22;907.22;907.22;907;907;20.87;18934.96;907.14
10.01.2017 21:23;906.98;908;906.37;907.99;34.07;30905.9;907.04
10.01.2017 21:24;0;0;0;0;0;0;0
10.01.2017 21:25;908;908;908;908;0.07;65.81;908
10.01.2017 21:26;0;0;0;0;0;0;0
10.01.2017 21:27;907.99;907.99;902.2;902.2;51.47;46540.5;904.25
10.01.2017 21:28;903.64;903.64;903.64;903.64;0.02;22.45;903.64
10.01.2017 21:29;907.2;907.2;907.2;907.2;0.12;110.22;907.2
10.01.2017 21:30;907.54;907.54;907.54;907.54;0.01;4.93;907.54
10.01.2017 21:31;907.36;907.36;903.77;903.77;0.04;37.46;904.8
10.01.2017 21:32;0;0;0;0;0;0;0
10.01.2017 21:33;907.6;907.6;907.53;907.54;100.02;90772.59;907.53
10.01.2017 21:34;907.75;908;907.75;908;6.51;5912.79;907.99
10.01.2017 21:35;908;908;905.14;907.99;102.21;92521.29;905.24
10.01.2017 21:36;907.99;907.99;907.97;907.97;0.36;331.29;907.98
10.01.2017 21:37;903.81;903.81;903.8;903.8;0.6;542.28;903.8
10.01.2017 21:38;907.39;907.39;907.39;907.39;0.18;159.32;907.39
10.01.2017 21:39;907.35;907.35;907.35;907.35;0.05;41.31;907.35
10.01.2017 21:40;0;0;0;0;0;0;0
10.01.2017 21:41;0;0;0;0;0;0;0
10.01.2017 21:42;0;0;0;0;0;0;0
10.01.2017 21:43;904.3;904.3;904.3;904.3;0.02;16.89;904.3
10.01.2017 21:44;907.58;907.58;907.53;907.53;0.36;327.49;907.57
10.01.2017 21:45;0;0;0;0;0;0;0
10.01.2017 21:46;907.3;907.3;907.29;907.29;0.42;377.28;907.3
10.01.2017 21:47;907.6;907.6;907.6;907.6;0.05;43.41;907.6
10.01.2017 21:48;907.6;907.6;907.6;907.6;11.7;10618.54;907.6
10.01.2017 21:49;907.6;907.6;905.55;907.6;15.16;13759.76;907.5
10.01.2017 21:50;0;0;0;0;0;0;0
10.01.2017 21:51;907.36;907.43;907.36;907.42;71.04;64460.73;907.36
10.01.2017 21:52;907.43;907.43;907.39;907.39;1.33;1205.43;907.42
10.01.2017 21:53;907.42;907.42;907.42;907.42;0.37;336.92;907.42
10.01.2017 21:54;907.43;907.43;907.03;907.03;0.76;686.27;907.05
10.01.2017 21:55;907.03;907.04;906.11;906.11;14.64;13272.23;906.55
10.01.2017 21:56;907.4;907.4;905.08;905.08;0.23;205.74;905.89
10.01.2017 21:57;907.33;907.33;907.15;907.15;0.56;510.28;907.33
10.01.2017 21:58;906.98;906.98;906.98;906.98;0.08;76.73;906.98
10.01.2017 21:59;906.68;906.68;906.68;906.68;0.11;102.74;906.68
10.01.2017 22:00;906.46;906.46;905;905;1.7;1538.18;905.36
10.01.2017 22:01;905.13;907.28;905.1;907.28;1.52;1380.3;905.3
10.01.2017 22:02;907.41;907.43;906.89;906.89;1.83;1657.4;907.35
10.01.2017 22:03;906.13;906.13;906.1;906.1;0.55;498.18;906.11
10.01.2017 22:04;907.29;907.29;907.29;907.29;0.05;48.99;907.29
10.01.2017 22:05;907.37;907.37;907.37;907.37;0.11;102.85;907.37
10.01.2017 22:06;907.3;907.3;905.21;905.21;0.25;229.87;905.47
10.01.2017 22:07;907.33;907.33;906.74;906.74;0.03;24.53;907.13
10.01.2017 22:08;907.42;907.43;907.42;907.43;1.42;1285.82;907.43
10.01.2017 22:09;907.43;907.43;907.43;907.43;0.05;41.92;907.43
10.01.2017 22:10;906.49;906.49;905.17;905.17;9.98;9035.24;905.33
10.01.2017 22:11;0;0;0;0;0;0;0
10.01.2017 22:12;907.4;907.43;906.02;906.02;101.87;92304.29;906.12
10.01.2017 22:13;907.19;907.19;905.11;905.11;0.27;246;905.97
10.01.2017 22:14;906.88;906.88;906.88;906.88;0.11;102.78;906.88
10.01.2017 22:15;905.12;905.12;905.12;905.12;1;905.12;905.12
10.01.2017 22:16;906.5;907.42;906.5;906.9;1.38;1247.19;906.76
10.01.2017 22:17;907.42;907.42;906.89;907.41;0.51;464.75;907.03
10.01.2017 22:18;906.59;907.41;906.52;907.41;0.34;307.89;906.64
10.01.2017 22:19;906.98;906.98;904.98;904.99;30.84;27918.38;905.28
10.01.2017 22:20;906.77;906.77;906.77;906.77;0.11;100.65;906.77
10.01.2017 22:21;906.65;906.65;906.04;906.04;1.91;1729.88;906.63
10.01.2017 22:22;906.56;906.98;906.56;906.96;50.51;45787.62;906.56
10.01.2017 22:23;906.15;906.98;906.15;906.98;0.46;421.17;906.45
10.01.2017 22:24;906.98;906.98;906.5;906.5;11.5;10430.03;906.96
10.01.2017 22:25;906.98;906.98;906.98;906.98;0.04;31.74;906.98
10.01.2017 22:26;906.72;906.99;906.72;906.99;0.85;766.57;906.9
10.01.2017 22:27;906.8;906.99;906.8;906.99;1.13;1027.46;906.91
10.01.2017 22:28;906.98;907.43;906.98;907.37;2.31;2090.89;906.99
10.01.2017 22:29;907.32;907.32;907.32;907.32;0.04;39.92;907.32
10.01.2017 22:30;0;0;0;0;0;0;0
10.01.2017 22:31;907.42;907.43;907.41;907.41;0.35;321.9;907.42
10.01.2017 22:32;907.41;907.41;907.41;907.41;2.8;2540.75;907.41
10.01.2017 22:33;907.41;907.41;907.41;907.41;0.19;168.67;907.41
10.01.2017 22:34;907.41;907.41;907.35;907.35;1.09;984.52;907.39
10.01.2017 22:35;907.41;907.43;907.41;907.43;0.11;102.8;907.41
10.01.2017 22:36;907.43;907.99;907.37;907.37;9.38;8514.41;907.89
10.01.2017 22:37;0;0;0;0;0;0;0
10.01.2017 22:38;907.38;907.38;907.38;907.38;0.04;39.92;907.38
10.01.2017 22:39;907.99;907.99;907.99;907.99;0.24;222.15;907.99
10.01.2017 22:40;907.99;907.99;907.32;907.97;12.17;11040.07;907.37
10.01.2017 22:41;907.8;907.8;907.8;907.8;0.45;405.62;907.8
10.01.2017 22:42;907.8;907.97;907.8;907.97;0.43;389.35;907.95
10.01.2017 22:43;904.5;907.93;904.37;907.93;0.69;626.69;904.63
10.01.2017 22:44;907.83;907.98;907.8;907.8;0.62;560.17;907.83
10.01.2017 22:45;907.63;907.63;907.63;907.63;0.05;44.89;907.63
10.01.2017 22:46;0;0;0;0;0;0;0
10.01.2017 22:47;907.63;907.63;906.29;906.29;0.35;314.6;906.47
10.01.2017 22:48;907.59;907.59;907.45;907.45;0.47;426.26;907.47
10.01.2017 22:49;907.42;907.42;905.32;905.32;0.7;636.94;906.15
10.01.2017 22:50;907.42;907.42;907.42;907.42;17.18;15584.99;907.42
10.01.2017 22:51;907.42;907.42;905.58;905.58;8.01;7267.16;907.4
10.01.2017 22:52;907.19;907.19;907.19;907.19;0.09;85.86;907.19
10.01.2017 22:53;905.71;905.71;904.23;905.6;61.04;55198.11;904.26
10.01.2017 22:54;904.75;904.75;904.75;904.75;0.52;466.89;904.75
10.01.2017 22:55;905.34;905.34;904;905.26;28.07;25376.23;904.17
10.01.2017 22:56;0;0;0;0;0;0;0
10.01.2017 22:57;905.58;905.58;903.51;903.51;0.51;460.81;903.55
10.01.2017 22:58;905.34;905.34;905.34;905.34;0.01;9.05;905.34
10.01.2017 22:59;904.97;904.97;904.97;904.97;0.04;36.33;904.97
10.01.2017 23:00;0;0;0;0;0;0;0
10.01.2017 23:01;905.44;905.7;903.55;903.55;3.13;2833.51;905.5
10.01.2017 23:02;905.7;905.7;905.7;905.7;1;905.7;905.7
10.01.2017 23:03;905.7;905.7;903;903;5.71;5161.36;903.86
10.01.2017 23:04;903;903;901.84;903;20.39;18405.51;902.64
10.01.2017 23:05;905.65;905.65;902.37;904.89;33.85;30597.73;903.92
10.01.2017 23:06;904.89;904.89;901.55;904.79;22.63;20450.5;903.74
10.01.2017 23:07;904.79;904.89;904.35;904.35;23.54;21294.91;904.54
10.01.2017 23:08;904.34;904.9;902.43;904.89;4.29;3879.92;904.66
10.01.2017 23:09;904.89;904.89;904.89;904.89;13.05;11805.83;904.89
10.01.2017 23:10;904.89;904.9;904.89;904.9;22.07;19971.68;904.89
10.01.2017 23:11;905.71;907;905.71;907;7.77;7040.93;906.66
10.01.2017 23:12;907;907.9;907;907.9;25.09;22775.39;907.61
10.01.2017 23:13;907.83;907.96;907.44;907.44;21.52;19531.42;907.64
10.01.2017 23:14;907.93;907.94;907.15;907.15;0.8;727.99;907.72
10.01.2017 23:15;907.15;907.89;907.15;907.89;1.12;1020.51;907.23
10.01.2017 23:16;0;0;0;0;0;0;0
10.01.2017 23:17;907.89;907.91;907.89;907.91;0.44;403.05;907.9
10.01.2017 23:18;907.91;907.91;907.91;907.91;0.57;521.31;907.91
10.01.2017 23:19;907.91;907.91;907.91;907.91;0.02;18.16;907.91
10.01.2017 23:20;907.95;907.99;907.95;907.99;8.12;7372.8;907.99
10.01.2017 23:21;907.99;907.99;906.99;906.99;72.79;66035.96;907.2
10.01.2017 23:22;907.69;907.69;907.64;907.64;0.31;278.84;907.64
10.01.2017 23:23;907.24;907.24;907.23;907.23;0.06;54.43;907.23
10.01.2017 23:24;907.21;907.23;907.21;907.23;0.46;414.72;907.21
10.01.2017 23:25;0;0;0;0;0;0;0
10.01.2017 23:26;907.24;907.24;907.24;907.24;0.05;41.73;907.24
10.01.2017 23:27;907.24;907.24;907.24;907.24;0.27;244.88;907.24
10.01.2017 23:28;907.24;907.24;907.23;907.23;1.51;1367.7;907.23
10.01.2017 23:29;907;907.96;907;907.96;7.95;7209.54;907.43
10.01.2017 23:30;907.96;907.99;907.96;907.99;15.19;13792.64;907.98
10.01.2017 23:31;907.98;907.98;907.96;907.96;27.84;25279.51;907.97
10.01.2017 23:32;0;0;0;0;0;0;0
10.01.2017 23:33;907.97;907.97;907.97;907.97;0.04;39.04;907.97
10.01.2017 23:34;907.97;907.97;907.96;907.97;0.76;687.94;907.97
10.01.2017 23:35;907.96;907.96;907.03;907.95;4.69;4253.68;907.87
10.01.2017 23:36;907.04;907.92;904.29;907.71;19.52;17685.38;906.12
10.01.2017 23:37;907.56;907.56;907.47;907.47;0.02;18.15;907.52
10.01.2017 23:38;907.01;907.01;906.88;906.9;12.36;11206.92;906.92
10.01.2017 23:39;907.04;907.04;907.04;907.04;14.19;12872.19;907.04
10.01.2017 23:40;907.04;907.88;907.04;907.88;49.93;45305.33;907.29
10.01.2017 23:41;907.88;907.99;907.88;907.88;13.38;12145.94;907.88
10.01.2017 23:42;907.07;907.2;903.31;903.31;22.5;20402.02;906.71
10.01.2017 23:43;906.83;906.83;903.82;905.96;55.45;50117.35;903.85
10.01.2017 23:44;0;0;0;0;0;0;0
10.01.2017 23:45;905.14;905.14;905.14;905.14;0.06;57.02;905.14
10.01.2017 23:46;904.86;904.86;904.86;904.86;0.24;212.64;904.86
10.01.2017 23:47;903.92;903.92;903.86;903.86;2.75;2485.69;903.89
10.01.2017 23:48;903.78;903.78;902.99;903.59;17.59;15889.29;903.28
10.01.2017 23:49;903.59;904.23;903.55;904.11;3.55;3206.58;903.8
10.01.2017 23:50;903.9;903.9;903.9;903.9;0.04;37.13;903.9
10.01.2017 23:51;903.6;904.14;903.58;903.93;3.44;3107.57;903.99
10.01.2017 23:52;903.84;903.84;903.66;903.66;1.55;1396.55;903.84
10.01.2017 23:53;904.26;904.26;903.41;903.41;1.77;1601.46;903.57
10.01.2017 23:54;903;903.49;902.99;903.37;1.46;1322.89;903.07
10.01.2017 23:55;903.43;903.43;902.99;902.99;0.11;103.46;903.33
10.01.2017 23:56;903.48;903.48;903.48;903.48;0.04;39.75;903.48
10.01.2017 23:57;903.39;903.48;903.39;903.48;8.66;7822.82;903.47
10.01.2017 23:58;903.48;903.48;903.45;903.46;22.2;20055.73;903.46
10.01.2017 23:59;903.46;905.05;903.45;905.05;28.31;25575.7;903.51
11.01.2017 00:00;905.24;905.24;904.08;904.08;0.11;100.38;904.32
11.01.2017 00:01;904.44;904.55;904.44;904.55;0.48;430.6;904.53
11.01.2017 00:02;905.23;905.23;905.23;905.23;0.12;106.91;905.23
11.01.2017 00:03;904.07;905.13;904.07;905.13;1;905.09;905.09
11.01.2017 00:04;904.07;904.08;904.07;904.08;0.02;18.08;904.08
11.01.2017 00:05;904.07;904.08;904.07;904.08;0.04;31.64;904.08
11.01.2017 00:06;904.08;905.81;904.08;905.81;0.35;316.29;905.39
11.01.2017 00:07;905.81;905.99;905.81;905.83;10.82;9806.71;905.94
11.01.2017 00:08;905.99;905.99;905.83;905.83;21.11;19129.8;905.99
11.01.2017 00:09;905.99;905.99;905.99;905.99;0.09;77.47;905.99
11.01.2017 00:10;905.83;905.83;905.83;905.83;0.25;229.52;905.83
11.01.2017 00:11;905.83;905.99;905.83;905.83;0.47;424.99;905.87
11.01.2017 00:12;905.99;905.99;905.99;905.99;0.06;52.82;905.99
11.01.2017 00:13;905.99;905.99;905.99;905.99;0.33;296.74;905.99
11.01.2017 00:14;905.84;905.99;905.84;905.99;1.3;1177.77;905.98
11.01.2017 00:15;905.98;905.99;905.98;905.99;6.11;5531.42;905.99
11.01.2017 00:16;905.99;905.99;905.99;905.99;0.15;133.18;905.99
11.01.2017 00:17;905.83;905.83;905.83;905.83;0.55;498.21;905.83
11.01.2017 00:18;905.99;905.99;905.12;905.12;60.46;54721.45;905.13
11.01.2017 00:19;905.78;905.78;905.74;905.74;0.21;193.66;905.77
11.01.2017 00:20;905.64;905.65;905.64;905.65;0.29;265.15;905.65
11.01.2017 00:21;905.61;905.97;905.14;905.14;0.31;280.99;905.62
11.01.2017 00:22;905.85;906.99;905.85;906.99;6.7;6069.51;905.99
11.01.2017 00:23;907.07;907.07;907.07;907.07;0.01;9.07;907.07
11.01.2017 00:24;907.21;907.21;907.21;907.21;0.09;81.65;907.21
11.01.2017 00:25;907.07;907.07;906.95;906.95;0.91;824.55;906.98
11.01.2017 00:26;907.64;907.64;907.63;907.63;0.17;152.11;907.64
11.01.2017 00:27;907.11;907.11;907.09;907.09;0.83;754.71;907.1
11.01.2017 00:28;907.08;907.08;907.03;907.03;0.05;48.51;907.04
11.01.2017 00:29;907;907;906.95;906.95;4.41;3999.45;906.95
11.01.2017 00:30;906.09;906.09;906.09;906.09;0.88;799.71;906.09
11.01.2017 00:31;906.76;907.04;906.02;907;15.09;13687.87;906.98
11.01.2017 00:32;907;907.04;906.9;907.04;19.65;17821.97;907
11.01.2017 00:33;907.04;907.08;907.03;907.03;8.33;7556.33;907.04
11.01.2017 00:34;907.66;907.67;906.96;907.02;12.49;11333.39;907.04
11.01.2017 00:35;906.93;906.93;905.96;905.96;35.44;32120.32;906.33
11.01.2017 00:36;905.89;905.89;905.07;905.08;0.56;508.65;905.74
11.01.2017 00:37;0;0;0;0;0;0;0
11.01.2017 00:38;905.11;905.11;905.11;905.11;0.02;20.55;905.11
11.01.2017 00:39;905.92;906.89;905.92;906.89;0.01;10.27;906.03
11.01.2017 00:40;905.11;906.67;905.11;906.67;0.32;294.01;905.43
11.01.2017 00:41;906.41;907.88;906.39;907.88;4.09;3706.68;907.25
11.01.2017 00:42;907.58;907.88;907.47;907.88;17.9;16253.57;907.87
11.01.2017 00:43;907.88;907.88;907.77;907.88;28.89;26230.69;907.88
11.01.2017 00:44;907.88;907.88;907.88;907.88;4.55;4134.35;907.88
11.01.2017 00:45;907.78;907.78;907.78;907.78;0.1;88.96;907.78
11.01.2017 00:46;907.78;907.78;907.78;907.78;1.5;1361.67;907.78
11.01.2017 00:47;907.77;907.77;907.58;907.58;1.7;1546.96;907.61
11.01.2017 00:48;907.48;907.48;907.45;907.45;5;4537.26;907.45
11.01.2017 00:49;0;0;0;0;0;0;0
11.01.2017 00:50;907.42;907.42;906.64;906.64;56;50773.56;906.68
11.01.2017 00:51;907.27;907.47;906.41;907.42;13.99;12689.04;906.97
11.01.2017 00:52;907.48;907.89;907.48;907.86;20.53;18638.32;907.74
11.01.2017 00:53;907.91;907.96;907.85;907.96;16.48;14958.72;907.92
11.01.2017 00:54;907.96;907.96;907.55;907.55;22.08;20042.17;907.8
11.01.2017 00:55;907.55;907.55;905.92;905.92;8.85;8030.73;907.43
11.01.2017 00:56;905.33;905.75;905.33;905.75;3.48;3148.88;905.39
11.01.2017 00:57;905.68;905.68;905.54;905.54;3.03;2748.08;905.68
11.01.2017 00:58;905.49;905.49;905.43;905.43;3.07;2775.71;905.49
11.01.2017 00:59;906.13;906.15;906.13;906.15;2.92;2650.12;906.15
11.01.2017 01:00;906.12;906.13;906.12;906.13;0.08;74.3;906.13
11.01.2017 01:01;906.23;906.28;905.64;905.64;49.74;45044.68;905.64
11.01.2017 01:02;905.63;907.95;905.63;907.92;4.57;4142.7;906.72
11.01.2017 01:03;907.92;907.92;906.97;907;39.86;36161.08;907.11
11.01.2017 01:04;907;907;907;907;1.34;1215.38;907
11.01.2017 01:05;906.99;906.99;906.99;906.99;0.1;90.7;906.99
11.01.2017 01:06;906.98;907;906.94;907;1.2;1092.55;906.99
11.01.2017 01:07;906.4;906.99;906.4;906.94;1.48;1339.84;906.87
11.01.2017 01:08;907;907;907;907;3.45;3132.78;907
11.01.2017 01:09;907;907;907;907;9;8163;907
11.01.2017 01:10;907;907;907;907;0.02;20.57;907
11.01.2017 01:11;906.99;906.99;906.99;906.99;1.37;1242.79;906.99
11.01.2017 01:12;906.99;907;906.98;906.99;14.82;13440.36;906.99
11.01.2017 01:13;906.99;907;906.99;907;10.35;9389.59;907
11.01.2017 01:14;907;907;907;907;16.4;14874.8;907
11.01.2017 01:15;0;0;0;0;0;0;0
11.01.2017 01:16;907;907;907;907;1.97;1784.56;907
11.01.2017 01:17;907;907.91;907;907.91;18.55;16822.9;907
11.01.2017 01:18;907.13;907.74;907.13;907.74;17.19;15597.95;907.14
11.01.2017 01:19;907.74;907.74;906.99;906.99;20.97;19027.73;907.19
11.01.2017 01:20;906.99;907.74;906.99;907.74;18.02;16352.69;907.57
11.01.2017 01:21;907.74;907.75;907.07;907.75;38.27;34728.05;907.54
11.01.2017 01:22;907.75;907.75;907.74;907.75;50.6;45930.49;907.74
11.01.2017 01:23;907.75;907.75;907.74;907.75;23.97;21761.01;907.75
11.01.2017 01:24;907.75;907.75;907.75;907.75;4.71;4275.05;907.75
11.01.2017 01:25;0;0;0;0;0;0;0
11.01.2017 01:26;907.75;907.75;907.75;907.75;0.02;18.34;907.75
11.01.2017 01:27;0;0;0;0;0;0;0
11.01.2017 01:28;0;0;0;0;0;0;0
11.01.2017 01:29;907.75;907.75;907.72;907.72;1.09;990.22;907.73
11.01.2017 01:30;907.71;907.71;907.69;907.69;1.73;1570.48;907.71
11.01.2017 01:31;0;0;0;0;0;0;0
11.01.2017 01:32;907.8;907.97;907.72;907.97;2.48;2248.54;907.75
11.01.2017 01:33;907.99;907.99;907.99;907.99;2.89;2622.52;907.99
11.01.2017 01:34;907.99;907.99;907.98;907.99;5.72;5194.39;907.99
11.01.2017 01:35;907.98;907.98;907.98;907.98;5;4539.9;907.98
11.01.2017 01:36;907.98;907.99;907.98;907.99;0.42;385.09;907.98
11.01.2017 01:37;907.98;907.98;907.95;907.95;3.04;2761.39;907.96
11.01.2017 01:38;907.96;907.96;907.96;907.96;1;907.96;907.96
11.01.2017 01:39;907.97;907.99;907.96;907.98;4.1;3722.91;907.98
11.01.2017 01:40;907.97;907.99;907.97;907.98;5.1;4627.67;907.98
11.01.2017 01:41;907.99;907.99;907.99;907.99;21.4;19431.66;907.99
11.01.2017 01:42;907.99;907.99;907.97;907.99;7.15;6491.34;907.99
11.01.2017 01:43;907.99;907.99;907.99;907.99;12.58;11422.74;907.99
11.01.2017 01:44;907.99;907.99;907.73;907.99;16.19;14696.02;907.94
11.01.2017 01:45;907.99;908.5;907.99;908.49;24.75;22479.9;908.18
11.01.2017 01:46;908.49;908.49;908.49;908.49;3.55;3226.6;908.49
11.01.2017 01:47;908.08;908.08;908.08;908.08;0.22;200.43;908.08
11.01.2017 01:48;908.26;908.26;908.26;908.26;2.5;2270.65;908.26
11.01.2017 01:49;0;0;0;0;0;0;0
11.01.2017 01:50;908.49;908.49;908.49;908.49;0.01;11.35;908.49
11.01.2017 01:51;908.5;908.5;908.5;908.5;0.01;7.13;908.5
11.01.2017 01:52;908.44;908.44;908.44;908.44;8;7267.52;908.44
11.01.2017 01:53;908.08;908.43;907.99;908.4;20.23;18370.38;908.05
11.01.2017 01:54;908.38;908.49;908.35;908.49;19.91;18082.59;908.44
11.01.2017 01:55;908.49;908.67;908.49;908.67;12.41;11277.19;908.51
11.01.2017 01:56;908.72;908.82;908.72;908.82;10.14;9213.97;908.72
11.01.2017 01:57;908.95;909;908.94;909;20.25;18410.41;908.94
11.01.2017 01:58;909.02;909.33;908.99;909.33;15.07;13699.78;908.99
11.01.2017 01:59;0;0;0;0;0;0;0
11.01.2017 02:00;0;0;0;0;0;0;0
11.01.2017 02:01;909.38;909.38;909.38;909.38;0.18;160.96;909.38
11.01.2017 02:02;0;0;0;0;0;0;0
11.01.2017 02:03;0;0;0;0;0;0;0
11.01.2017 02:04;909.02;909.28;908.99;909.22;1.47;1338.26;909.24
11.01.2017 02:05;909.19;909.33;909;909.33;27.31;24829.52;909.12
11.01.2017 02:06;909.33;909.35;909;909.35;27.02;24570.16;909.28
11.01.2017 02:07;909.35;909.35;909.34;909.34;14.6;13280.66;909.35
11.01.2017 02:08;909.33;909.33;909.33;909.33;0.01;8.43;909.33
11.01.2017 02:09;0;0;0;0;0;0;0
11.01.2017 02:10;909.35;909.35;909.35;909.35;0.01;9.28;909.35
11.01.2017 02:11;908.99;908.99;908.48;908.48;2.58;2348.32;908.67
11.01.2017 02:12;908.46;908.46;908.46;908.46;0.92;839.84;908.46
11.01.2017 02:13;909.32;909.32;909.32;909.32;0.02;13.67;909.32
11.01.2017 02:14;909.32;909.35;909.32;909.35;3;2728.01;909.34
11.01.2017 02:15;909.35;909.35;909.35;909.35;18.95;17229;909.35
11.01.2017 02:16;909.35;909.4;909.35;909.4;12.81;11646.83;909.38
11.01.2017 02:17;909.4;909.4;909.39;909.39;22.9;20826.39;909.39
11.01.2017 02:18;0;0;0;0;0;0;0
11.01.2017 02:19;0;0;0;0;0;0;0
11.01.2017 02:20;909.39;909.39;909.39;909.39;0.02;14.59;909.39
11.01.2017 02:21;909.39;909.39;909.39;909.39;0.05;49.7;909.39
11.01.2017 02:22;909.36;909.39;908.47;909.39;1.51;1376.43;909.33
11.01.2017 02:23;909.39;909.39;909.39;909.39;21.59;19629.83;909.39
11.01.2017 02:24;909.39;909.39;908.47;908.47;5.24;4763.39;909.34
11.01.2017 02:25;909.28;909.28;909.28;909.28;0.01;9.09;909.28
11.01.2017 02:26;909.29;909.3;909.29;909.3;5.59;5083.45;909.3
11.01.2017 02:27;909.3;909.3;909.3;909.3;0.15;137.28;909.3
11.01.2017 02:28;909.28;909.28;908.47;908.47;0.29;265.02;908.6
11.01.2017 02:29;0;0;0;0;0;0;0
11.01.2017 02:30;0;0;0;0;0;0;0
11.01.2017 02:31;909.29;909.35;909.29;909.35;3.7;3363.02;909.31
11.01.2017 02:32;909.35;909.36;909.34;909.34;10.09;9178.04;909.35
11.01.2017 02:33;0;0;0;0;0;0;0
11.01.2017 02:34;909.34;909.34;909.34;909.34;0.23;210.37;909.34
11.01.2017 02:35;0;0;0;0;0;0;0
11.01.2017 02:36;909.3;909.3;909.3;909.3;0.29;265.23;909.3
11.01.2017 02:37;909.34;909.34;909.34;909.34;14.58;13258.77;909.34
11.01.2017 02:38;0;0;0;0;0;0;0
11.01.2017 02:39;909.34;909.34;909.34;909.34;7.68;6985.1;909.34
11.01.2017 02:40;909.34;909.34;909.34;909.34;13.13;11938.36;909.34
11.01.2017 02:41;909.34;909.34;909.34;909.34;0.11;96.99;909.34
11.01.2017 02:42;909.34;909.34;909.34;909.34;15.8;14367.57;909.34
11.01.2017 02:43;909.34;909.34;909.34;909.34;0.48;436.05;909.34
11.01.2017 02:44;0;0;0;0;0;0;0
11.01.2017 02:45;0;0;0;0;0;0;0
11.01.2017 02:46;0;0;0;0;0;0;0
11.01.2017 02:47;909.34;909.34;909.34;909.34;0.16;147.43;909.34
11.01.2017 02:48;909.34;909.34;909.34;909.34;26.19;23819.68;909.34
11.01.2017 02:49;909.34;909.34;909.34;909.34;16.2;14731.66;909.34
11.01.2017 02:50;0;0;0;0;0;0;0
11.01.2017 02:51;909.34;909.34;909.34;909.34;0.02;20.18;909.34
11.01.2017 02:52;0;0;0;0;0;0;0
11.01.2017 02:53;0;0;0;0;0;0;0
11.01.2017 02:54;908.51;909.34;908.51;909.34;0.25;226.39;908.61
11.01.2017 02:55;0;0;0;0;0;0;0
11.01.2017 02:56;909.34;909.34;909.34;909.34;0.02;17.12;909.34
11.01.2017 02:57;0;0;0;0;0;0;0
11.01.2017 02:58;909.34;909.34;909.34;909.34;0.48;434.66;909.34
11.01.2017 02:59;909.34;909.34;909.34;909.34;0.08;75.2;909.34
11.01.2017 03:00;908.51;908.51;908.51;908.51;0.06;56.51;908.51
11.01.2017 03:01;0;0;0;0;0;0;0
11.01.2017 03:02;909.33;909.34;909.33;909.33;0.8;729.94;909.33
11.01.2017 03:03;0;0;0;0;0;0;0
11.01.2017 03:04;909.34;909.34;909.34;909.34;0.03;25.92;909.34
11.01.2017 03:05;909.34;909.34;909.33;909.33;0.09;84.11;909.33
11.01.2017 03:06;908.47;908.89;908.39;908.86;2.42;2197.98;908.56
11.01.2017 03:07;908.82;908.82;908.74;908.74;0.3;271.04;908.81
11.01.2017 03:08;908.37;908.37;908.36;908.36;5.02;4563.5;908.37
11.01.2017 03:09;908.28;908.28;908.28;908.28;0.01;9.08;908.28
11.01.2017 03:10;908.15;908.15;908.15;908.15;0.05;41.77;908.15
11.01.2017 03:11;0;0;0;0;0;0;0
11.01.2017 03:12;908.17;908.17;908.17;908.17;0.38;344.95;908.17
11.01.2017 03:13;908.08;908.08;908.08;908.08;0.47;430.02;908.08
11.01.2017 03:14;0;0;0;0;0;0;0
11.01.2017 03:15;907.73;907.73;907.72;907.72;0.67;609.28;907.72
11.01.2017 03:16;907.84;907.84;907.84;907.84;0.36;326.24;907.84
11.01.2017 03:17;907.73;907.73;907.73;907.73;0.02;18.15;907.73
11.01.2017 03:18;907.73;907.73;907.73;907.73;0.22;198.58;907.73
11.01.2017 03:19;0;0;0;0;0;0;0
11.01.2017 03:20;907.73;908;907.73;908;0.69;629.92;907.92
11.01.2017 03:21;907.75;907.75;907.75;907.75;0.29;263.25;907.75
11.01.2017 03:22;908;908;908;908;0.06;50.55;908
11.01.2017 03:23;908;908;908;908;2.54;2304.8;908
11.01.2017 03:24;908.88;908.88;908.88;908.88;0.29;261.17;908.88
11.01.2017 03:25;908.88;908.88;908.88;908.88;0.05;41.66;908.88
11.01.2017 03:26;0;0;0;0;0;0;0
11.01.2017 03:27;0;0;0;0;0;0;0
11.01.2017 03:28;0;0;0;0;0;0;0
11.01.2017 03:29;0;0;0;0;0;0;0
11.01.2017 03:30;908.73;908.84;908.73;908.84;0.51;466.47;908.78
11.01.2017 03:31;0;0;0;0;0;0;0
11.01.2017 03:32;908.4;908.4;908.4;908.4;0.62;565.66;908.4
11.01.2017 03:33;908.4;908.4;908.03;908.03;6.02;5468.5;908.09
11.01.2017 03:34;0;0;0;0;0;0;0
11.01.2017 03:35;908.22;908.22;908.22;908.22;0.03;30.81;908.22
11.01.2017 03:36;908.34;908.35;908.34;908.35;0.71;646.7;908.35
11.01.2017 03:37;908.23;908.23;908.22;908.22;0.07;66.48;908.22
11.01.2017 03:38;908.38;908.38;908.38;908.38;0.03;25.66;908.38
11.01.2017 03:39;0;0;0;0;0;0;0
11.01.2017 03:40;0;0;0;0;0;0;0
11.01.2017 03:41;0;0;0;0;0;0;0
11.01.2017 03:42;908.39;908.4;908.39;908.4;0.48;436.08;908.4
11.01.2017 03:43;908.14;908.14;908.14;908.14;0.05;45.41;908.14
11.01.2017 03:44;907.72;907.72;907.72;907.72;0.02;18.15;907.72
11.01.2017 03:45;0;0;0;0;0;0;0
11.01.2017 03:46;0;0;0;0;0;0;0
11.01.2017 03:47;908.13;908.13;908.12;908.12;2;1816.24;908.12
11.01.2017 03:48;0;0;0;0;0;0;0
11.01.2017 03:49;908.39;908.4;908.39;908.4;0.4;359.89;908.39
11.01.2017 03:50;908.15;908.39;908.15;908.39;1.28;1158.25;908.34
11.01.2017 03:51;0;0;0;0;0;0;0
11.01.2017 03:52;908.39;908.4;908.39;908.4;0.73;664.85;908.39
11.01.2017 03:53;0;0;0;0;0;0;0
11.01.2017 03:54;908.3;908.39;907.77;908.39;10.02;9092.96;907.82
11.01.2017 03:55;907.73;907.73;907.72;907.72;0.38;341.83;907.73
11.01.2017 03:56;907.73;907.73;906.99;906.99;0.56;512.78;907.58
11.01.2017 03:57;907.74;907.74;907.73;907.73;0.07;63.54;907.73
11.01.2017 03:58;907.72;907.89;907.72;907.88;7.06;6406.37;907.88
11.01.2017 03:59;907.73;907.73;906.91;906.91;22;19953.26;906.97
11.01.2017 04:00;908.36;908.36;908.36;908.36;0.14;122.72;908.36
11.01.2017 04:01;908.36;908.37;908.36;908.36;0.66;598.39;908.36
11.01.2017 04:02;908.22;908.22;908.22;908.22;0.04;33.88;908.22
11.01.2017 04:03;0;0;0;0;0;0;0
11.01.2017 04:04;0;0;0;0;0;0;0
11.01.2017 04:05;907.8;907.8;907.78;907.78;0.14;129.48;907.79
11.01.2017 04:06;907.71;908.36;907.7;908.36;0.07;67.73;907.95
11.01.2017 04:07;908.32;908.85;907.74;907.76;79.07;71807.62;908.1
11.01.2017 04:08;907.71;908.82;907.39;908.75;0.33;300.23;907.97
11.01.2017 04:09;0;0;0;0;0;0;0
11.01.2017 04:10;0;0;0;0;0;0;0
11.01.2017 04:11;907.39;907.39;907.01;907.01;0.29;264.66;907.18
11.01.2017 04:12;0;0;0;0;0;0;0
11.01.2017 04:13;908.26;908.26;908.26;908.26;0.05;49.71;908.26
11.01.2017 04:14;908.07;908.07;908.06;908.06;0.07;64.67;908.06
11.01.2017 04:15;907.75;907.75;907.75;907.75;0.04;33.86;907.75
11.01.2017 04:16;908.18;908.18;907.08;907.08;1.84;1674.64;908.15
11.01.2017 04:17;0;0;0;0;0;0;0
11.01.2017 04:18;907.08;907.08;907.08;907.08;1;907.08;907.08
11.01.2017 04:19;907.08;907.76;907.08;907.76;0.85;767.44;907.09
11.01.2017 04:20;907.66;907.66;907.08;907.08;0.23;204.92;907.36
11.01.2017 04:21;907.08;907.97;907.02;907.95;2.84;2573.77;907.64
11.01.2017 04:22;907.9;907.9;907.1;907.74;0.27;242.68;907.77
11.01.2017 04:23;907.1;907.1;907.02;907.02;2;1814.19;907.1
11.01.2017 04:24;907.11;907.11;907.11;907.11;0.01;9.07;907.11
11.01.2017 04:25;907.02;907.02;907;907;1.72;1560.06;907.01
11.01.2017 04:26;907;907;907;907;0.16;141;907
11.01.2017 04:27;907;907.01;906.13;907.01;0.3;276.09;906.7
11.01.2017 04:28;907.02;907.92;907.02;907.92;3.81;3463.15;907.89
11.01.2017 04:29;0;0;0;0;0;0;0
11.01.2017 04:30;907.28;907.28;907.28;907.28;0.89;810.93;907.28
11.01.2017 04:31;907.76;907.76;907.22;907.22;1.53;1390.2;907.23
11.01.2017 04:32;907.98;908.01;907.98;908.01;1.47;1336.92;907.98
11.01.2017 04:33;908.07;908.11;908.07;908.11;0.03;27.24;908.09
11.01.2017 04:34;908.02;908.02;908.01;908.01;0.99;900.94;908.01
11.01.2017 04:35;908.3;908.3;908.3;908.3;0.25;228.33;908.3
11.01.2017 04:36;0;0;0;0;0;0;0
11.01.2017 04:37;908.02;908.02;908.02;908.02;45;40860.9;908.02
11.01.2017 04:38;907.31;907.85;907.31;907.85;45.03;40857.83;907.31
11.01.2017 04:39;907.99;908.34;907.99;908.34;0.09;86.05;908.3
11.01.2017 04:40;0;0;0;0;0;0;0
11.01.2017 04:41;908.32;908.32;908.32;908.32;0.17;152.01;908.32
11.01.2017 04:42;0;0;0;0;0;0;0
11.01.2017 04:43;907.16;908.25;907.16;908.25;0.12;105.39;907.31
11.01.2017 04:44;0;0;0;0;0;0;0
11.01.2017 04:45;908.25;908.25;908.25;908.25;0.08;71.35;908.25
11.01.2017 04:46;0;0;0;0;0;0;0
11.01.2017 04:47;908.32;908.32;908.32;908.32;0.01;11.71;908.32
11.01.2017 04:48;0;0;0;0;0;0;0
11.01.2017 04:49;0;0;0;0;0;0;0
11.01.2017 04:50;0;0;0;0;0;0;0
11.01.2017 04:51;907.95;907.95;907.95;907.95;0.02;21.06;907.95
11.01.2017 04:52;907.63;907.63;906.98;906.98;3;2721.27;907.09
11.01.2017 04:53;907.64;907.64;907.64;907.64;0.01;9.08;907.64
11.01.2017 04:54;0;0;0;0;0;0;0
11.01.2017 04:55;907.17;907.17;907.17;907.17;1.81;1639.58;907.17
11.01.2017 04:56;0;0;0;0;0;0;0
11.01.2017 04:57;907.19;907.19;907.19;907.19;1.76;1599.38;907.19
11.01.2017 04:58;907.19;908.64;907.19;908.64;18.32;16627.54;907.4
11.01.2017 04:59;908.85;908.85;908.85;908.85;13.09;11896.85;908.85
11.01.2017 05:00;908.85;908.89;908.8;908.8;55.75;50662.33;908.81
11.01.2017 05:01;908.8;910.05;908.8;910.02;155.73;141582.87;909.17
11.01.2017 05:02;910.05;911.4;910.05;911.4;81.12;73845.45;910.37
11.01.2017 05:03;910.39;911.38;910.34;911.38;50.08;45600.17;910.59
11.01.2017 05:04;911.38;912;911.37;912;22.76;20743.95;911.55
11.01.2017 05:05;912;912;911.52;911.52;5.03;4589.74;911.94
11.01.2017 05:06;912;912;911.67;911.67;0.38;348;911.75
11.01.2017 05:07;912;914;912;914;57.37;52421.66;913.69
11.01.2017 05:08;913.38;914.03;913.38;914;42.14;38516.05;914
11.01.2017 05:09;914.01;914.01;914;914;7;6398.04;914.01
11.01.2017 05:10;914.04;914.25;911.77;911.77;23.59;21536.02;912.77
11.01.2017 05:11;913.31;913.31;912;912;0.3;275.15;912.05
11.01.2017 05:12;913.33;913.33;912.02;913.32;1.96;1789.31;912.91
11.01.2017 05:13;913.28;913.3;913.28;913.3;4.06;3705.15;913.29
11.01.2017 05:14;913.3;913.3;909.96;913.27;23.67;21576.71;911.5
11.01.2017 05:15;913.27;913.33;912.27;913.33;66.42;60662.03;913.28
11.01.2017 05:16;912.47;912.62;912.47;912.62;0.07;62.72;912.52
11.01.2017 05:17;912.69;912.69;912.69;912.69;0.99;902.65;912.69
11.01.2017 05:18;913.19;913.19;913.19;913.19;0.23;209.12;913.19
11.01.2017 05:19;913.28;913.38;913.28;913.38;8.4;7671.64;913.29
11.01.2017 05:20;913.54;913.54;912.47;912.47;5.77;5267.04;913.53
11.01.2017 05:21;914.25;914.32;914.25;914.32;5.91;5401.04;914.32
11.01.2017 05:22;0;0;0;0;0;0;0
11.01.2017 05:23;914.33;914.96;914.33;914.96;0.89;817.25;914.94
11.01.2017 05:24;0;0;0;0;0;0;0
11.01.2017 05:25;0;0;0;0;0;0;0
11.01.2017 05:26;0;0;0;0;0;0;0
11.01.2017 05:27;0;0;0;0;0;0;0
11.01.2017 05:28;914.99;916.2;914.99;916.19;30.61;28035.4;915.93
11.01.2017 05:29;916.13;916.13;916.13;916.13;0.12;108.05;916.13
11.01.2017 05:30;915.35;916.15;914.37;914.37;13.71;12552.83;915.5
11.01.2017 05:31;0;0;0;0;0;0;0
11.01.2017 05:32;914.71;914.81;913.55;914.8;0.79;723.56;914.18
11.01.2017 05:33;914.46;914.46;912.6;912.6;1.02;936.23;913.84
11.01.2017 05:34;912.57;912.57;912.57;912.57;0.01;13.61;912.57
11.01.2017 05:35;912.57;912.65;912.49;912.65;11.9;10858.75;912.53
11.01.2017 05:36;913.17;913.17;913.17;913.17;5;4565.85;913.17
11.01.2017 05:37;913.17;913.17;913.17;913.17;0.01;13.61;913.17
11.01.2017 05:38;913.17;915.99;913.17;915.99;0.63;572.2;913.88
11.01.2017 05:39;915.57;915.57;915.57;915.57;5.8;5310.31;915.57
11.01.2017 05:40;915.57;915.57;915.57;915.57;3.99;3656.18;915.57
11.01.2017 05:41;915.55;915.56;915.55;915.56;11.01;10080.21;915.55
11.01.2017 05:42;0;0;0;0;0;0;0
11.01.2017 05:43;915.04;915.04;913.62;913.62;1.25;1141.58;914.98
11.01.2017 05:44;914.46;915.3;914.46;915.3;8.43;7705.09;914.49
11.01.2017 05:45;0;0;0;0;0;0;0
11.01.2017 05:46;915.3;915.3;915.3;915.3;0.04;35.91;915.3
11.01.2017 05:47;0;0;0;0;0;0;0
11.01.2017 05:48;915.53;915.97;915.53;915.97;0.47;431.55;915.85
11.01.2017 05:49;0;0;0;0;0;0;0
11.01.2017 05:50;915.4;915.4;914.53;914.53;0.63;576;914.67
11.01.2017 05:51;914.53;914.57;914.46;914.47;0.65;592.3;914.52
11.01.2017 05:52;0;0;0;0;0;0;0
11.01.2017 05:53;914.39;915.39;914.39;915.39;0.02;15.66;914.81
11.01.2017 05:54;914.39;914.39;913.59;913.59;0.75;682.72;913.6
11.01.2017 05:55;915.38;915.38;915.38;915.38;0.11;103.39;915.38
11.01.2017 05:56;0;0;0;0;0;0;0
11.01.2017 05:57;0;0;0;0;0;0;0
11.01.2017 05:58;914.23;914.32;914.23;914.32;0.53;487.76;914.32
11.01.2017 05:59;0;0;0;0;0;0;0
11.01.2017 06:00;0;0;0;0;0;0;0
11.01.2017 06:01;0;0;0;0;0;0;0
11.01.2017 06:02;0;0;0;0;0;0;0
11.01.2017 06:03;914.6;914.6;913.72;913.72;0.06;52.3;913.87
11.01.2017 06:04;913.82;913.82;913.82;913.82;0.12;110.57;913.82
11.01.2017 06:05;914.64;914.64;914.64;914.64;0.02;18.58;914.64
11.01.2017 06:06;0;0;0;0;0;0;0
11.01.2017 06:07;914.89;915.97;914.89;915.97;2;1829.98;914.99
11.01.2017 06:08;0;0;0;0;0;0;0
11.01.2017 06:09;0;0;0;0;0;0;0
11.01.2017 06:10;0;0;0;0;0;0;0
11.01.2017 06:11;914.54;914.54;914.54;914.54;0.01;7.82;914.54
11.01.2017 06:12;914.89;916.25;914.89;916.25;7;6412.18;916.03
11.01.2017 06:13;0;0;0;0;0;0;0
11.01.2017 06:14;915.19;915.19;915.19;915.19;0.02;18.3;915.19
11.01.2017 06:15;0;0;0;0;0;0;0
11.01.2017 06:16;0;0;0;0;0;0;0
11.01.2017 06:17;0;0;0;0;0;0;0
11.01.2017 06:18;0;0;0;0;0;0;0
11.01.2017 06:19;916.28;916.3;916.28;916.3;4.43;4062.08;916.29
11.01.2017 06:20;916.28;916.28;916.28;916.28;10.85;9945.36;916.28
11.01.2017 06:21;916.25;916.3;916.25;916.3;13.39;12273.16;916.28
11.01.2017 06:22;916.56;917;916.31;916.31;0.52;474.01;916.32
11.01.2017 06:23;917;917.13;917;917.13;0.91;830.94;917.01
11.01.2017 06:24;917.27;917.31;917.27;917.31;0.04;36.69;917.29
11.01.2017 06:25;918;918.4;918;918.4;5.54;5085.82;918.39
11.01.2017 06:26;918.12;918.12;918.12;918.12;0.03;24.48;918.12
11.01.2017 06:27;918.04;918.04;918.04;918.04;0.01;9.18;918.04
11.01.2017 06:28;917.27;917.27;917.04;917.04;0.02;18.34;917.16
11.01.2017 06:29;0;0;0;0;0;0;0
11.01.2017 06:30;0;0;0;0;0;0;0
11.01.2017 06:31;916.82;917.65;916.82;917.65;0.07;62.9;917.26
11.01.2017 06:32;916.89;917.08;916.89;917.08;6.25;5730.02;916.91
11.01.2017 06:33;917.11;917.23;917.11;917.23;22.17;20337.2;917.13
11.01.2017 06:34;917.11;917.11;917.11;917.11;0.02;16.05;917.11
11.01.2017 06:35;0;0;0;0;0;0;0
11.01.2017 06:36;917.52;917.52;917.52;917.52;2;1835.04;917.52
11.01.2017 06:37;917.82;917.82;917.82;917.82;0.01;9.18;917.82
11.01.2017 06:38;0;0;0;0;0;0;0
11.01.2017 06:39;917.93;918.03;917.93;918.03;10.28;9436.66;917.93
11.01.2017 06:40;917.95;917.95;917.95;917.95;0.06;59.37;917.95
11.01.2017 06:41;917.82;917.82;917.82;917.82;3.5;3215.48;917.82
11.01.2017 06:42;0;0;0;0;0;0;0
11.01.2017 06:43;0;0;0;0;0;0;0
11.01.2017 06:44;0;0;0;0;0;0;0
11.01.2017 06:45;917.8;917.82;917.8;917.82;0.97;894.44;917.82
11.01.2017 06:46;917.8;917.8;916.31;916.31;16.56;15179.84;916.66
11.01.2017 06:47;916.33;916.33;909.03;909.03;100.24;91228.28;910.14
11.01.2017 06:48;913.82;913.82;913.81;913.81;1.05;959.5;913.81
11.01.2017 06:49;0;0;0;0;0;0;0
11.01.2017 06:50;913.4;913.65;913.4;913.65;0.22;197.29;913.46
11.01.2017 06:51;913.4;913.4;910.7;912.39;3.97;3626.88;912.45
11.01.2017 06:52;911.88;911.88;911.88;911.88;0.03;28.82;911.88
11.01.2017 06:53;911.85;911.85;911.85;911.85;1;916.34;911.85
11.01.2017 06:54;911.72;911.72;911.71;911.71;1.69;1539.01;911.71
11.01.2017 06:55;911.72;911.72;911.72;911.72;0.01;9.12;911.72
11.01.2017 06:56;0;0;0;0;0;0;0
11.01.2017 06:57;0;0;0;0;0;0;0
11.01.2017 06:58;0;0;0;0;0;0;0
11.01.2017 06:59;0;0;0;0;0;0;0
11.01.2017 07:00;911.72;911.72;911.72;911.72;0.07;67.94;911.72
11.01.2017 07:01;0;0;0;0;0;0;0
11.01.2017 07:02;912.08;912.08;912.08;912.08;0.4;363;912.08
11.01.2017 07:03;0;0;0;0;0;0;0
11.01.2017 07:04;0;0;0;0;0;0;0
11.01.2017 07:05;912.25;912.25;911.72;912.22;1.7;1551.27;912.01
11.01.2017 07:06;0;0;0;0;0;0;0
11.01.2017 07:07;911.9;911.9;911.9;911.9;0.13;115.36;911.9
11.01.2017 07:08;912.14;912.14;912.14;912.14;0.08;70.99;912.14
11.01.2017 07:09;911.92;911.92;911.92;911.92;0.21;191.32;911.92
11.01.2017 07:10;0;0;0;0;0;0;0
11.01.2017 07:11;912.27;912.27;912.27;912.27;1.38;1261.83;912.27
11.01.2017 07:12;912.07;912.68;912.07;912.68;0.94;856.88;912.09
11.01.2017 07:13;911.9;911.9;910.72;910.72;0.57;517.28;911.45
11.01.2017 07:14;910.41;910.7;910.35;910.35;1.92;1748.25;910.55
11.01.2017 07:15;910.34;910.34;910.34;910.34;0.56;513.72;910.34
11.01.2017 07:16;0;0;0;0;0;0;0
11.01.2017 07:17;910.33;910.33;910.33;910.33;4.65;4230.73;910.33
11.01.2017 07:18;910.34;910.34;910.34;910.34;0.01;9.1;910.34
11.01.2017 07:19;910.46;910.46;910.36;910.38;2.87;2615.31;910.41
11.01.2017 07:20;910.35;910.35;910.35;910.35;0.76;691.87;910.35
11.01.2017 07:21;909.6;909.6;909.6;909.6;1.92;1745.67;909.6
11.01.2017 07:22;910.18;910.18;910.18;910.18;0.51;464.18;910.18
11.01.2017 07:23;910.28;910.28;910.28;910.28;0.02;13.68;910.28
11.01.2017 07:24;0;0;0;0;0;0;0
11.01.2017 07:25;909.6;909.6;909.6;909.6;0.4;363.84;909.6
11.01.2017 07:26;0;0;0;0;0;0;0
11.01.2017 07:27;0;0;0;0;0;0;0
11.01.2017 07:28;910.31;911.28;910.31;911.28;0.74;670.51;911.26
11.01.2017 07:29;911.31;912.31;911.31;912.31;0.05;41.64;911.52
11.01.2017 07:30;0;0;0;0;0;0;0
11.01.2017 07:31;0;0;0;0;0;0;0
11.01.2017 07:32;0;0;0;0;0;0;0
11.01.2017 07:33;912.31;913.39;912.31;913.39;0.03;23.51;912.8
11.01.2017 07:34;0;0;0;0;0;0;0
11.01.2017 07:35;0;0;0;0;0;0;0
11.01.2017 07:36;912.99;912.99;912.99;912.99;0.12;113.2;912.99
11.01.2017 07:37;0;0;0;0;0;0;0
11.01.2017 07:38;912.99;912.99;912.99;912.99;0.38;344.22;912.99
11.01.2017 07:39;0;0;0;0;0;0;0
11.01.2017 07:40;0;0;0;0;0;0;0
11.01.2017 07:41;0;0;0;0;0;0;0
11.01.2017 07:42;912.95;912.96;912.95;912.96;0.72;659.4;912.96
11.01.2017 07:43;912.96;912.96;912.96;912.96;0.38;349.99;912.96
11.01.2017 07:44;912.72;912.72;912.72;912.72;0.01;12.78;912.72
11.01.2017 07:45;0;0;0;0;0;0;0
11.01.2017 07:46;0;0;0;0;0;0;0
11.01.2017 07:47;912.96;913;912.83;912.83;14.66;13379.85;912.84
11.01.2017 07:48;912.57;912.84;912;912.84;1.17;1065.53;912.82
11.01.2017 07:49;912.11;912.11;909.24;909.24;7;6372.02;910.29
11.01.2017 07:50;909.58;909.58;909.58;909.58;0.74;674.91;909.58
11.01.2017 07:51;909.58;911.47;909.05;911.47;0.89;810.1;909.71
11.01.2017 07:52;909.59;911.27;909.05;911.27;1.69;1538.66;910.45
11.01.2017 07:53;0;0;0;0;0;0;0
11.01.2017 07:54;910.89;910.89;909.61;909.61;0.22;204.1;909.93
11.01.2017 07:55;0;0;0;0;0;0;0
11.01.2017 07:56;0;0;0;0;0;0;0
11.01.2017 07:57;910.54;910.61;910.54;910.61;0.02;13.72;910.56
11.01.2017 07:58;0;0;0;0;0;0;0
11.01.2017 07:59;910.61;911.57;910.61;911.43;6.03;5499.2;911.45
11.01.2017 08:00;910.71;910.71;910.69;910.69;2.68;2438.06;910.7
11.01.2017 08:01;0;0;0;0;0;0;0
11.01.2017 08:02;910.71;910.71;910.71;910.71;0.71;649.44;910.71
11.01.2017 08:03;910.71;910.72;910.71;910.72;1.31;1196.69;910.71
11.01.2017 08:04;910.72;910.72;910.72;910.72;0.22;204.21;910.72
11.01.2017 08:05;910.66;910.72;910.66;910.72;19.2;17485.45;910.72
11.01.2017 08:06;910.72;910.72;910.72;910.72;0.05;41.07;910.72
11.01.2017 08:07;0;0;0;0;0;0;0
11.01.2017 08:08;910.72;910.72;910.72;910.72;15.08;13729.83;910.72
11.01.2017 08:09;910.72;910.72;910.72;910.72;0.02;19.12;910.72
11.01.2017 08:10;910.66;910.66;910.66;910.66;0.54;489.49;910.66
11.01.2017 08:11;910.72;910.72;910.72;910.72;0.06;50.65;910.72
11.01.2017 08:12;910.71;910.71;910.7;910.7;0.64;584.04;910.71
11.01.2017 08:13;910.7;910.7;910.65;910.65;1.62;1474.66;910.68
11.01.2017 08:14;910.54;910.54;909.88;909.88;0.57;519.41;909.89
11.01.2017 08:15;909.88;909.9;909.88;909.88;6;5459.29;909.88
11.01.2017 08:16;909.99;910;909.76;909.76;3.89;3539.1;909.83
11.01.2017 08:17;909.77;909.77;909.77;909.77;3;2729.31;909.77
11.01.2017 08:18;909.73;910;909.66;910;17.23;15677.38;909.94
11.01.2017 08:19;909.73;909.73;909.1;909.1;20.51;18649.45;909.29
11.01.2017 08:20;909.59;910;908.99;909.98;60.2;54730.49;909.17
11.01.2017 08:21;909.98;910;909.52;909.52;5.3;4821.3;909.75
11.01.2017 08:22;909.52;909.88;909.5;909.88;8.1;7365.27;909.51
11.01.2017 08:23;909.51;909.9;908.79;908.79;13.27;12064.38;909.12
11.01.2017 08:24;909.11;909.11;908.6;908.6;35;31804.68;908.71
11.01.2017 08:25;908.6;909.56;908.58;909.56;1.17;1064.29;909.49
11.01.2017 08:26;909.43;909.43;909.43;909.43;0.22;199.08;909.43
11.01.2017 08:27;909.52;909.52;909.52;909.52;0.22;199.17;909.52
11.01.2017 08:28;909.43;909.57;909.36;909.57;0.85;774.39;909.43
11.01.2017 08:29;909.57;910.5;906.9;910.5;86.55;78585.97;908.01
11.01.2017 08:30;0;0;0;0;0;0;0
11.01.2017 08:31;910.48;910.49;910.48;910.49;0.2;183;910.49
11.01.2017 08:32;910.44;910.44;910.44;910.44;0.48;437.32;910.44
11.01.2017 08:33;909.99;909.99;909.61;909.61;0.2;183.09;909.65
11.01.2017 08:34;909.67;910.45;909.67;910.45;11.5;10470.66;910.38
11.01.2017 08:35;0;0;0;0;0;0;0
11.01.2017 08:36;910.09;910.09;910;910;11.89;10822.52;910.09
11.01.2017 08:37;0;0;0;0;0;0;0
11.01.2017 08:38;909.81;909.81;909.75;909.76;1.22;1110.81;909.8
11.01.2017 08:39;0;0;0;0;0;0;0
11.01.2017 08:40;0;0;0;0;0;0;0
11.01.2017 08:41;0;0;0;0;0;0;0
11.01.2017 08:42;909.61;909.98;909.61;909.98;0.18;162.04;909.66
11.01.2017 08:43;909.98;910;909.98;910;38.8;35307.98;910
11.01.2017 08:44;910.46;910.5;910.46;910.5;43.1;39242.55;910.5
11.01.2017 08:45;910.5;911;910.5;911;5.32;4842.45;910.93
11.01.2017 08:46;911;911.5;911;911.5;53.54;48779.65;911.08
11.01.2017 08:47;910.55;911.5;910.55;911.5;0.32;294.85;911.2
11.01.2017 08:48;0;0;0;0;0;0;0
11.01.2017 08:49;911.49;911.5;911.49;911.5;50.87;46369.46;911.49
11.01.2017 08:50;0;0;0;0;0;0;0
11.01.2017 08:51;911.5;911.5;911.5;911.5;8;7292;911.5
11.01.2017 08:52;911.5;911.5;911.5;911.5;0.62;564.83;911.5
11.01.2017 08:53;911.5;911.5;911.49;911.49;1.71;1561.51;911.5
11.01.2017 08:54;911.5;911.5;911.5;911.5;0.02;15.42;911.5
11.01.2017 08:55;911.5;911.5;911.5;911.5;27.58;25139.66;911.5
11.01.2017 08:56;911.5;911.5;911.5;911.5;1.1;1000.29;911.5
11.01.2017 08:57;911.49;911.5;911.49;911.5;50.22;45775.84;911.49
11.01.2017 08:58;911.5;911.5;911.16;911.45;0.88;803.82;911.3
11.01.2017 08:59;911.43;911.43;910.42;910.51;1.9;1730.85;910.65
11.01.2017 09:00;911.22;911.22;910.4;910.4;12.02;10946.82;910.55
11.01.2017 09:01;910.69;910.69;910.5;910.5;0.94;857.55;910.58
11.01.2017 09:02;910.36;910.36;909;910.1;6.26;5694.12;910.12
11.01.2017 09:03;909.03;910.03;909.02;909.5;5.2;4729.66;909.42
11.01.2017 09:04;909.69;909.69;909.02;909.56;1.84;1672.44;909.16
11.01.2017 09:05;909.02;909.56;909.01;909.56;6.31;5739.61;909.55
11.01.2017 09:06;909.56;909.56;909.56;909.56;1.02;924.24;909.56
11.01.2017 09:07;910.04;910.04;910.04;910.04;0.1;91.77;910.04
11.01.2017 09:08;909.51;909.51;906.22;906.22;59.98;54497.29;908.55
11.01.2017 09:09;906.22;906.22;905;905.22;32.15;29110.7;905.54
11.01.2017 09:10;905.01;905.01;902.85;902.85;39.12;35358.58;903.9
11.01.2017 09:11;902.22;902.69;901.04;902.21;23.04;20790.3;902.19
11.01.2017 09:12;902.21;903.55;900.02;900.02;79.9;72020.33;901.38
11.01.2017 09:13;900.87;901.01;899;901.01;43.82;39438.48;899.93
11.01.2017 09:14;900.91;900.92;893.33;893.33;64.79;58129.85;897.16
11.01.2017 09:15;893.01;893.42;890;892;136.52;121670.62;891.2
11.01.2017 09:16;892.95;892.95;890;891.94;17.03;15179.82;891.16
11.01.2017 09:17;891;896;891;894;16.44;14709.39;894.73
11.01.2017 09:18;894.66;894.66;892;894.62;10.29;9196.49;893.82
11.01.2017 09:19;893.01;893.82;891.98;892;86.07;76801.5;892.31
11.01.2017 09:20;892;892;889;889.07;155.66;138538.85;889.99
11.01.2017 09:21;889.06;890.36;888.97;890.36;5.32;4732.26;889.22
11.01.2017 09:22;890.36;890.51;887.5;887.5;46.1;40995.38;889.32
11.01.2017 09:23;887.4;887.49;882;882.02;72.2;63858.85;884.42
11.01.2017 09:24;882.01;883.91;880;883.91;139.25;122640.06;880.74
11.01.2017 09:25;883.91;884;880.03;882.2;18.53;16351.77;882.61
11.01.2017 09:26;882.2;882.2;876.1;876.1;316.05;277115.98;876.82
11.01.2017 09:27;876.03;877.55;863.73;863.73;512.66;446506.1;870.96
11.01.2017 09:28;863.73;863.73;861.49;863.64;68.06;58739.76;863.02
11.01.2017 09:29;863.64;866.29;862.02;866.26;45.34;39153.99;863.59
11.01.2017 09:30;866.26;868.25;863.59;868.24;113.45;98099.52;864.67
11.01.2017 09:31;868.24;877.8;868.23;874.06;99.13;86783.92;875.44
11.01.2017 09:32;873.5;876;873.09;875;83.8;73319.08;874.97
11.01.2017 09:33;875;875;874;874.5;41.56;36352.32;874.65
11.01.2017 09:34;874;874.49;864.07;870.68;43.43;37822.21;870.78
11.01.2017 09:35;869.99;869.99;865.08;869.98;12.61;10950.85;868.41
11.01.2017 09:36;869;872.86;867;869.98;8.37;7276.84;869.31
11.01.2017 09:37;869.95;874.5;869;871.97;112.36;97945.72;871.75
11.01.2017 09:38;871.95;872.99;871.62;871.96;40.86;35632.94;872
11.01.2017 09:39;871.96;872;868;868;32.6;28374.28;870.32
11.01.2017 09:40;869.09;870.5;863.59;868;39.42;34109.15;865.26
11.01.2017 09:41;867.99;868.2;860.01;863.19;243.94;210372.17;862.39
11.01.2017 09:42;860.01;862.97;850;856.4;308.77;264564.77;856.84
11.01.2017 09:43;856.39;856.43;850;856.43;74.79;63752.5;852.46
11.01.2017 09:44;856.42;856.42;850.52;854.43;38.16;32515.79;852.02
11.01.2017 09:45;854.42;854.43;853.37;853.43;13.41;11446.7;853.46
11.01.2017 09:46;853.4;854;850.47;850.47;9.25;7894.05;853.48
11.01.2017 09:47;852;853.71;850.47;851;3.37;2869.52;851.71
11.01.2017 09:48;851;855;845.32;845.32;172.42;146663.12;850.59
11.01.2017 09:49;849.37;849.37;845;845;29.12;24621.09;845.47
11.01.2017 09:50;845.96;857.86;845.96;857.86;27.9;23665.58;848.17
11.01.2017 09:51;855.25;858.99;855.25;857.86;41.21;35340.37;857.64
11.01.2017 09:52;857.86;861.25;857.86;861.25;67.24;57734;858.67
11.01.2017 09:53;861.99;865.84;861.99;864.98;50.54;43725.79;865.09
11.01.2017 09:54;864.96;867.52;863.71;863.71;37.7;32603.56;864.81
11.01.2017 09:55;865.03;865.51;860.71;865.03;15.23;13146.13;863.2
11.01.2017 09:56;868;868;864.02;865;6.22;5393.87;866.9
11.01.2017 09:57;865.03;865.03;865;865;9.1;7867.84;865
11.01.2017 09:58;865;865;861.98;861.98;12.06;10400.66;862.61
11.01.2017 09:59;863.54;865.97;861.97;865.97;54.19;46845.62;864.49
11.01.2017 10:00;866;869.52;865;868.48;47.94;41600.97;867.7
11.01.2017 10:01;867.68;869.52;860.02;865.93;40.52;35012.52;864.18
11.01.2017 10:02;865.93;866.45;864;864.67;40.62;35120.85;864.69
11.01.2017 10:03;864.58;870.52;864.05;867.99;36.19;31453.7;869.2
11.01.2017 10:04;867.98;868;864.9;864.9;12;10384.2;865.35
11.01.2017 10:05;866.59;868.21;866.59;868.21;1.07;932.12;868.02
11.01.2017 10:06;867.96;868.43;865;865;11.3;9778.77;865.4
11.01.2017 10:07;866.02;868.59;864.65;866;22.05;19087.27;865.55
11.01.2017 10:08;865.99;870;864.24;865.12;50.55;43855.23;867.64
11.01.2017 10:09;865.12;866.02;864.01;866.02;2.8;2424.97;864.91
11.01.2017 10:10;866.01;868.98;866.01;867.02;14.19;12293.48;866.65
11.01.2017 10:11;867.02;867.93;866.05;866.06;12.37;10716.61;866.42
11.01.2017 10:12;866.06;867.77;866.06;866.98;3.08;2671.73;866.14
11.01.2017 10:13;867;868.99;867;868.99;1.74;1514.2;867.91
11.01.2017 10:14;868.94;871;868.94;870;62.89;54727.08;870.23
11.01.2017 10:15;869.98;872.52;869.98;870.15;55.03;47910.11;870.67
11.01.2017 10:16;870.15;875.52;870;870.04;264.37;230622.29;872.35
11.01.2017 10:17;870.06;873.81;870;870.02;12.23;10641.33;870.37
11.01.2017 10:18;870.02;870.27;868;868.01;200.22;174186.19;869.98
11.01.2017 10:19;868.01;870;868;868.01;66.49;57819.07;869.53
11.01.2017 10:20;868.01;871.99;868;871;26.14;22749.55;870.22
11.01.2017 10:21;870.99;871.74;870.99;871.74;0.11;96.54;871.67
11.01.2017 10:22;870.7;871.67;868.01;871.67;3.29;2864.18;870.24
11.01.2017 10:23;871.66;871.67;871.66;871.67;1.39;1208.66;871.66
11.01.2017 10:24;871.67;871.67;871.2;871.2;10.13;8826.56;871.21
11.01.2017 10:25;871.67;871.67;871.27;871.66;3.18;2767.57;871.65
11.01.2017 10:26;871.66;873.8;871.17;871.17;15.39;13424.29;872.11
11.01.2017 10:27;871.16;873.66;871.14;871.19;8.14;7099.74;871.9
11.01.2017 10:28;871.28;871.28;871.25;871.25;5.98;5208.34;871.25
11.01.2017 10:29;873.17;873.17;868.01;869.09;19.28;16770.38;870.02
11.01.2017 10:30;868.03;870.1;868.02;870;0.87;753.93;868.94
11.01.2017 10:31;868.3;870.08;868.3;868.3;16.06;13951.96;868.83
11.01.2017 10:32;868.3;868.43;868.3;868.32;4.82;4188.03;868.35
11.01.2017 10:33;868.39;868.51;868.39;868.51;8.28;7187.03;868.5
11.01.2017 10:34;869.3;873.1;869.3;870;10.03;8726.13;870
11.01.2017 10:35;872.36;873.04;872.36;873.04;12.7;11082.59;872.4
11.01.2017 10:36;873.02;873.04;873.02;873.04;0.17;150.16;873.03
11.01.2017 10:37;871;872.88;871;871.89;28.89;25167.64;871.19
11.01.2017 10:38;871.03;871.03;870;870;3.18;2769.13;870.98
11.01.2017 10:39;869.26;869.26;867.94;867.94;20.61;17887.94;868.13
11.01.2017 10:40;867.95;867.95;865;865.11;24.15;20910.6;865.79
11.01.2017 10:41;864.67;864.67;861.14;864.53;18.5;15951.3;862.11
11.01.2017 10:42;863.06;863.06;862.95;862.95;1.93;1668.76;862.98
11.01.2017 10:43;861.33;862.89;861.33;862.77;0.6;515.97;862.22
11.01.2017 10:44;862.01;863;860.01;860.01;37.48;32316.82;862.34
11.01.2017 10:45;861.99;861.99;861.55;861.55;0.83;718.32;861.87
11.01.2017 10:46;861.31;861.47;861.31;861.45;1;858.8;861.38
11.01.2017 10:47;861.48;862;861.48;862;4.37;3762.95;861.99
11.01.2017 10:48;862;867.02;862;867;3.57;3094.18;866.48
11.01.2017 10:49;867;867;867;867;0.1;88.35;867
11.01.2017 10:50;866.42;866.42;865.82;865.82;0.71;612.95;866.22
11.01.2017 10:51;865.81;866.43;863.81;865.27;60.57;52374.36;864.64
11.01.2017 10:52;866.25;866.4;866.25;866.27;32.68;28309.08;866.36
11.01.2017 10:53;0;0;0;0;0;0;0
11.01.2017 10:54;865.27;865.27;863;863;10;8630.1;863.01
11.01.2017 10:55;863;865.6;863;863.01;16.25;14027.34;863.01
11.01.2017 10:56;863;865.47;863;865.47;23.78;20526.35;863
11.01.2017 10:57;865.32;865.32;865.32;865.32;0.02;15.62;865.32
11.01.2017 10:58;865;867.94;865;867.94;56.23;48711.23;866.26
11.01.2017 10:59;867.94;869.63;866.19;868.17;0.83;717.05;866.72
11.01.2017 11:00;868.16;868.16;868;868;5.1;4424.28;868
11.01.2017 11:01;868.02;868.02;868.02;868.02;0.04;30.76;868.02
11.01.2017 11:02;868.08;868.08;866.71;866.71;0.6;521.15;867.94
11.01.2017 11:03;867.74;867.75;866.76;866.76;0.52;453.47;867.7
11.01.2017 11:04;868.13;868.17;863.5;863.5;11.4;9864.79;865.28
11.01.2017 11:05;867.19;868.03;867.19;868.03;4.25;3691.62;868.03
11.01.2017 11:06;0;0;0;0;0;0;0
11.01.2017 11:07;864.53;864.53;864.53;864.53;23.8;20575.81;864.53
11.01.2017 11:08;866.92;868.17;866.92;868.16;100.58;87254.5;867.47
11.01.2017 11:09;867.41;867.41;867.41;867.41;50;43370.5;867.41
11.01.2017 11:10;867.36;867.47;867.36;867.47;4.5;3902.26;867.36
11.01.2017 11:11;868.13;868.13;868.13;868.13;0.05;43.58;868.13
11.01.2017 11:12;867.16;867.16;866.94;866.94;5.74;4980.97;867.04
11.01.2017 11:13;867.02;867.02;865.16;865.16;10.7;9258.19;865.38
11.01.2017 11:14;865.02;865.04;861.83;861.83;30;25930.64;864.35
11.01.2017 11:15;861.91;861.91;859.29;859.29;23.77;20461.94;860.93
11.01.2017 11:16;859.29;859.29;850.03;851.12;178.28;152511.16;855.44
11.01.2017 11:17;851.12;854.46;847.96;847.99;139.92;118787.58;848.99
11.01.2017 11:18;847.96;856.23;846.66;850.99;89.5;75938.25;848.48
11.01.2017 11:19;851.94;851.99;847.4;847.4;64.19;54653.8;851.46
11.01.2017 11:20;847.77;851.08;847;849.5;12.73;10806.28;848.7
11.01.2017 11:21;849.35;849.48;845.11;845.12;116.41;98671.07;847.6
11.01.2017 11:22;845.11;846.02;842;842;102.99;87013.3;844.85
11.01.2017 11:23;842;842;838.1;841.02;32.44;27257.9;840.19
11.01.2017 11:24;841.03;843.66;837;841.5;28.7;24122.94;840.58
11.01.2017 11:25;838.85;842.69;835.45;836.04;188.81;157887.21;836.21
11.01.2017 11:26;836.01;836.98;832;832;257.6;215055.79;834.83
11.01.2017 11:27;832;834.35;830;830;75.09;62447.53;831.59
11.01.2017 11:28;830;830;825.05;826;134.59;111519.51;828.61
11.01.2017 11:29;825.3;826;825.05;825.92;63.89;52737.91;825.48
11.01.2017 11:30;825.92;832.72;825.91;828.3;43.12;35826.55;830.85
11.01.2017 11:31;832.9;842.63;832.9;835.54;53.97;45264.8;838.66
11.01.2017 11:32;837.14;837.14;835.54;836.05;31.16;26044.34;835.95
11.01.2017 11:33;836.05;837.02;835.55;835.87;93.2;77913.54;835.95
11.01.2017 11:34;837.14;847.73;835.89;841.01;89.22;75348.26;844.55
11.01.2017 11:35;844.99;844.99;841.02;843.99;3.91;3299.21;844.32
11.01.2017 11:36;841.45;842.99;840;841;16.83;14154.05;841.13
11.01.2017 11:37;841;841;837.95;837.95;25.07;21032.45;838.91
11.01.2017 11:38;837.86;841.02;836.58;837.97;15.3;12812.48;837.53
11.01.2017 11:39;838.03;842.53;837.19;840.93;1.9;1597.61;838.91
11.01.2017 11:40;840.92;842.92;840.92;841;13.33;11210.2;841.05
11.01.2017 11:41;841;841;840.92;840.92;4.33;3638.51;841
11.01.2017 11:42;840.98;840.98;830;830;118.32;98349.03;831.23
11.01.2017 11:43;833.91;833.91;831.7;831.7;2.73;2276.24;833.79
11.01.2017 11:44;831.7;834;830.5;831.21;41.72;34718.59;832.16
11.01.2017 11:45;831.54;834;831.54;834;32.79;27317.73;833.23
11.01.2017 11:46;834;835.98;833.99;834.95;28.9;24128.73;834.93
11.01.2017 11:47;834.96;837.98;831.5;833.01;64.64;53921.47;834.21
11.01.2017 11:48;833.98;839.07;832.02;839.07;31.9;26600.08;833.76
11.01.2017 11:49;836.01;836.01;832.03;832.03;4.38;3660;835.38
11.01.2017 11:50;833.25;833.25;831.52;831.52;1.32;1101.2;833.1
11.01.2017 11:51;833.83;833.84;832;832;0.38;317.12;833.69
11.01.2017 11:52;832.1;833.73;832.1;833.59;12.77;10637.24;832.91
11.01.2017 11:53;833.59;834.95;832.17;833.02;104.92;87420.71;833.24
11.01.2017 11:54;834.98;839.74;832.72;839.74;31.13;25996.84;835.06
11.01.2017 11:55;838.95;839.56;837;837;6.09;5099.96;837.68
11.01.2017 11:56;837;839.17;837;837.58;0.71;598.33;837.56
11.01.2017 11:57;837.1;837.62;834.01;836.93;15.32;12807.2;836.02
11.01.2017 11:58;836.93;836.93;836.93;836.93;0.53;443.57;836.93
11.01.2017 11:59;835.95;835.95;833.97;833.98;1.28;1068.48;834.02
11.01.2017 12:00;833.08;833.08;826;826;116.56;96923.67;831.53
11.01.2017 12:01;826.03;826.89;825;825.9;119.65;98775.09;825.52
11.01.2017 12:02;825;825.05;815;815;180.02;147734.82;820.65
11.01.2017 12:03;817.47;820;814;814.65;192;156714.58;816.23
11.01.2017 12:04;814.64;814.64;811;813.98;166.47;135311.69;812.81
11.01.2017 12:05;812.98;820.29;811;817.74;68.45;55647.13;812.98
11.01.2017 12:06;817.74;819.86;814.74;818.03;4.65;3789.02;815.58
11.01.2017 12:07;818.03;824.23;813;813.77;73.63;60265.91;818.47
11.01.2017 12:08;813.04;813.04;810;810;55.76;45218.27;810.89
11.01.2017 12:09;809.42;811.02;809;809;91.54;74059.81;809.05
11.01.2017 12:10;808.95;810;803.12;805.5;134.7;108570.6;806.02
11.01.2017 12:11;803.79;814.03;803.1;806.03;55.11;44428.72;806.24
11.01.2017 12:12;805.99;810.47;805.29;809.36;42.6;34380.36;807.02
11.01.2017 12:13;809.35;809.96;800;809.26;472.82;379348.41;802.31
11.01.2017 12:14;810;810;804.02;804.02;43.08;34715.17;805.88
11.01.2017 12:15;807.06;808.93;795;800;308.69;247309.85;801.15
11.01.2017 12:16;799.96;809.98;799.01;807.28;36.09;29030.62;804.38
11.01.2017 12:17;808.28;810;805;805;35.62;28775.83;807.82
11.01.2017 12:18;804.97;805;801;801;25.21;20247.09;803.24
11.01.2017 12:19;802.49;804.32;791.77;794.39;234.3;186715.66;796.92
11.01.2017 12:20;795;798.98;790.9;794;41.77;33119.34;792.89
11.01.2017 12:21;794;798.99;790;790;100.4;79564.11;792.45
11.01.2017 12:22;793;798.97;793;798.97;29.58;23465.42;793.36
11.01.2017 12:23;798.98;805;793.32;805;58.42;46725.36;799.81
11.01.2017 12:24;800.01;801.49;793;800;31.63;25244.26;798.17
11.01.2017 12:25;798.95;801.4;795.95;801.33;5.24;4190.53;799.28
11.01.2017 12:26;801.39;805;801.33;805;23.85;19172.27;803.87
11.01.2017 12:27;804.39;805.39;804.39;805.39;22.99;18504.43;805
11.01.2017 12:28;805.39;825.94;805.39;810.53;38.27;31300.07;817.83
11.01.2017 12:29;809.39;816;807.8;814.55;16.12;13130.67;814.33
11.01.2017 12:30;815.55;815.89;805;809.53;49.01;39647.76;808.99
11.01.2017 12:31;809;809;805.02;805.03;3.64;2939.06;807.47
11.01.2017 12:32;805.02;809.14;805;806;28.15;22674.09;805.33
11.01.2017 12:33;805.72;805.75;805;805.75;1.94;1563.48;805.4
11.01.2017 12:34;805.03;805.73;801.49;801.49;42.62;34279.23;804.28
11.01.2017 12:35;801.5;807.57;801.49;806.99;29.67;23871.05;804.57
11.01.2017 12:36;806.99;812.99;803.21;809.72;29.98;24237.98;808.49
11.01.2017 12:37;809.7;811.92;805.91;806.03;14.97;12091.39;807.64
11.01.2017 12:38;806.21;809.53;806.21;809.53;11.2;9052.55;808.06
11.01.2017 12:39;809.53;813.54;807;813.54;7.36;5957.55;809.01
11.01.2017 12:40;812;813.43;808.1;809.1;74.94;60827.49;811.66
11.01.2017 12:41;812.03;812.03;808.11;809.11;53.86;43554.95;808.63
11.01.2017 12:42;810.03;813.57;810;810;23.78;19265.53;810.23
11.01.2017 12:43;811.12;813.58;810;811.18;19.77;16018.75;810.21
11.01.2017 12:44;810.17;819.99;810;812.59;103.23;84181.52;815.44
11.01.2017 12:45;813.61;815;810.21;814.99;27.15;22087.08;813.5
11.01.2017 12:46;811.73;813.4;810.61;811.26;12.19;9904.56;812.27
11.01.2017 12:47;811.26;811.26;810.76;810.99;6.67;5407.08;810.78
11.01.2017 12:48;811.28;819.73;811.28;815.99;23.27;18968.28;815.09
11.01.2017 12:49;815.99;828;813.9;817.28;51.98;42634.32;820.2
11.01.2017 12:50;817.29;821;817.26;820.4;45.66;37425.71;819.73
11.01.2017 12:51;819;819;815;815;63.54;51834.39;815.73
11.01.2017 12:52;815.01;819;814;817;48.42;39592.27;817.65
11.01.2017 12:53;816.99;816.99;815.01;815.12;10.89;8876.2;815.45
11.01.2017 12:54;815.12;816.95;810.99;810.99;22.74;18541.47;815.49
11.01.2017 12:55;816.91;816.98;811.15;811.15;14.55;11881.67;816.72
11.01.2017 12:56;811.14;814.49;810;810;65.52;53133.04;811
11.01.2017 12:57;810.01;811.11;805;809;48.71;39346.07;807.82
11.01.2017 12:58;805.01;807.24;800;805.01;120.18;96477.41;802.79
11.01.2017 12:59;803.28;804.99;800.99;801;15.92;12764.87;801.99
11.01.2017 13:00;801;808.75;800.51;808.75;28.14;22657.77;805.24
11.01.2017 13:01;809;809.03;805;805;24.21;19561.77;808.04
11.01.2017 13:02;805.02;807.59;801.81;801.81;15.31;12314.73;804.4
11.01.2017 13:03;802.01;802.05;801;801;19.75;15829.96;801.33
11.01.2017 13:04;801.01;807.07;801;801.98;19.96;16005.35;801.94
11.01.2017 13:05;803.05;804.84;801.98;801.98;20.63;16553.89;802.26
11.01.2017 13:06;801.98;801.99;795.01;795.01;102.66;82094.59;799.67
11.01.2017 13:07;795.01;798.12;793.33;797.01;41.89;33316.94;795.38
11.01.2017 13:08;798;798;793;793.02;71.43;56744.63;794.45
11.01.2017 13:09;793.01;793.01;791;791;33.34;26395.02;791.69
11.01.2017 13:10;790.99;792.77;790;790.05;143.26;113280.59;790.74
11.01.2017 13:11;790.06;791.91;790;790;37.45;29591.48;790.15
11.01.2017 13:12;790.05;794.13;790;794.13;44.9;35518.75;791.12
11.01.2017 13:13;794.12;800;793;794.66;28.88;23023.06;797.18
11.01.2017 13:14;794.13;799.95;794;794;12.64;10044.76;794.69
11.01.2017 13:15;796.73;798.5;794.66;798.47;26.03;20755.08;797.37
11.01.2017 13:16;797.96;797.96;794.66;796.69;8.76;6964.07;795.36
11.01.2017 13:17;796.69;796.71;794;795.69;21.4;17024.9;795.47
11.01.2017 13:18;795.68;796.63;794.36;794.51;6.13;4875.59;795.06
11.01.2017 13:19;795.44;796.71;794.36;794.39;21.01;16715.08;795.4
11.01.2017 13:20;796.68;802;796.6;800.03;109.68;87605.34;798.75
11.01.2017 13:21;800.03;800.03;794;799.96;52.68;41912.33;795.62
11.01.2017 13:22;799.96;801.08;797.3;801.08;41.28;32941.94;797.95
11.01.2017 13:23;801.07;806;799.2;806;57.4;45984.26;801.05
11.01.2017 13:24;806;807.98;798.14;798.14;19.57;15680.94;801.19
11.01.2017 13:25;807.8;808;803.25;807.98;45.1;36396.43;807.05
11.01.2017 13:26;808;809.98;807.98;808.75;30.33;24530.04;808.73
11.01.2017 13:27;808.78;810;799.81;806.93;363.32;293444;807.68
11.01.2017 13:28;802;810;801.59;810;18.76;15087.98;804.34
11.01.2017 13:29;809.49;810;805.81;807;18.37;14861.35;808.79
11.01.2017 13:30;806.99;807;806.89;806.89;0.64;513.62;806.99
11.01.2017 13:31;806.89;807.88;806;807.88;50.52;40788.55;807.36
11.01.2017 13:32;808.88;809.99;808.88;809.77;4.5;3644.86;809.82
11.01.2017 13:33;809.02;809.02;809;809;16;12944.03;809
11.01.2017 13:34;809.01;809.94;809.01;809.03;10.14;8205.52;809.04
11.01.2017 13:35;809.97;809.99;809.96;809.99;3.82;3094.74;809.98
11.01.2017 13:36;809.98;810.59;809.98;810;99.31;80436.77;809.99
11.01.2017 13:37;810.58;813;810;813;51.05;41468.51;812.25
11.01.2017 13:38;812.98;815;810.38;811.33;34.69;28192.9;812.76
11.01.2017 13:39;811.33;820.02;811.33;815.01;69.53;56895.01;818.28
11.01.2017 13:40;819.78;819.81;815.24;816.25;23.55;19295.41;819.22
11.01.2017 13:41;816.28;819.65;816.27;819.47;48.64;39799.27;818.16
11.01.2017 13:42;816.48;819.42;816.24;816.24;48.76;39861.47;817.51
11.01.2017 13:43;819.17;819.4;816.25;816.38;18.95;15522.95;819.14
11.01.2017 13:44;819.05;819.05;816;816;64.44;52626.02;816.67
11.01.2017 13:45;816;819.67;816;817.01;53.9;44020.31;816.64
11.01.2017 13:46;817.01;818.39;817;817;6.47;5290.1;817.14
11.01.2017 13:47;817;818.39;816;817.99;30.35;24819.36;817.68
11.01.2017 13:48;816.04;818.79;811.4;811.4;45.68;37287.49;816.26
11.01.2017 13:49;811.47;814.99;808;810;254.31;206013.54;810.09
11.01.2017 13:50;811.98;812.01;810;812.01;27.6;22362.21;810.37
11.01.2017 13:51;811.98;812.01;811.98;812.01;8.66;7033.37;812.01
11.01.2017 13:52;812.01;812.01;810.01;810.01;39.08;31691.41;810.9
11.01.2017 13:53;810.01;810.98;810;810;22.77;18451.32;810.29
11.01.2017 13:54;810.96;810.96;806.88;806.88;58.04;46942.68;808.73
11.01.2017 13:55;808.93;810;806.1;806.1;33.97;27465.6;808.49
11.01.2017 13:56;810;810.53;806.26;810.53;22.69;18336;808.02
11.01.2017 13:57;810.5;810.53;808;808;40.21;32489.94;808.02
11.01.2017 13:58;810;810.55;808;810.55;13.4;10837.39;808.64
11.01.2017 13:59;808.12;811;808.11;808.12;55.97;45367.55;810.56
11.01.2017 14:00;809.11;819.98;809.11;816.76;65.81;53633.29;814.97
11.01.2017 14:01;816.75;818.96;816.12;818.44;18.97;15517.57;818.1
11.01.2017 14:02;818.44;818.97;816.16;818.88;25.56;20930.25;818.78
11.01.2017 14:03;818.85;818.85;809.03;815;41.08;33552.13;816.78
11.01.2017 14:04;813;815.02;808.12;814;61.71;50190.88;813.33
11.01.2017 14:05;814.02;815;813.53;814;48.89;39821.9;814.47
11.01.2017 14:06;814.97;815;810;810;42.76;34827.9;814.45
11.01.2017 14:07;809.99;810;800.1;807.03;146.4;117948.01;805.63
11.01.2017 14:08;808.75;808.76;800;800.98;89.84;72036.76;801.8
11.01.2017 14:09;800.02;801.02;800;801.02;74.01;59229.36;800.25
11.01.2017 14:10;801.01;802.96;799.98;801.99;267.06;213789.38;800.52
11.01.2017 14:11;802.94;806.86;799.77;800;138.58;110879.81;800.13
11.01.2017 14:12;800.98;807.04;800.98;807.04;22.01;17755.97;806.66
11.01.2017 14:13;807.04;808.97;807.04;808.42;16.24;13127.47;808.14
11.01.2017 14:14;808.41;808.42;807.04;807.96;77.44;62555.41;807.79
11.01.2017 14:15;807.95;809;806.98;808.98;40.28;32561.36;808.32
11.01.2017 14:16;808.98;809.49;806.74;809;57.63;46612.2;808.82
11.01.2017 14:17;809.5;810;809;810;86.05;69685.43;809.79
11.01.2017 14:18;809.5;813;809.01;812.98;63.43;51450.5;811.14
11.01.2017 14:19;812.98;812.99;810;810;35.56;28895.87;812.62
11.01.2017 14:20;812.99;815.84;809.99;815.84;27.66;22525.43;814.38
11.01.2017 14:21;811.99;816;805.58;815;55.31;44913.53;811.98
11.01.2017 14:22;810.45;816;810;815;53.1;43223.89;813.95
11.01.2017 14:23;812.99;815;810;814.96;47.18;38323.42;812.32
11.01.2017 14:24;814.92;814.96;805.49;805.93;45.71;37099.97;811.62
11.01.2017 14:25;805.93;813.39;805;810.78;44.8;36144.51;806.81
11.01.2017 14:26;810.78;812.8;809.97;810.47;25.11;20350.26;810.37
11.01.2017 14:27;810.48;812.89;809.8;809.8;56.11;45488.25;810.72
11.01.2017 14:28;810.43;811.62;810.03;810.44;48.77;39534.83;810.61
11.01.2017 14:29;811;814;810.43;810.43;32.45;26343.59;811.82
11.01.2017 14:30;811.64;813.51;805.98;811.64;33.78;27412.61;811.46
11.01.2017 14:31;811.64;814;811.63;811.67;19.95;16208.39;812.34
11.01.2017 14:32;813;813.51;810.65;812.02;34.05;27660.21;812.37
11.01.2017 14:33;811.66;814.93;811.66;813.54;24.46;19893.68;813.19
11.01.2017 14:34;810.99;813.64;804.96;812.63;81.61;65922.25;807.78
11.01.2017 14:35;813.53;814.98;806.43;814.92;42.32;34407.36;812.96
11.01.2017 14:36;814.89;814.89;812.99;813.01;44.17;35945.94;813.84
11.01.2017 14:37;813.01;815;812.63;814.99;51.62;42033.67;814.25
11.01.2017 14:38;813.69;814.87;812.63;813.9;32.88;26754.86;813.82
11.01.2017 14:39;813.97;814.62;808;811.99;47.51;38538.7;811.08
11.01.2017 14:40;811.99;814.6;808.41;811.61;58.36;47407.33;812.31
11.01.2017 14:41;811.61;814.21;809.73;814.06;47.16;38320.85;812.66
11.01.2017 14:42;814.09;814.56;812.93;813.93;18.49;15055.62;814.15
11.01.2017 14:43;813.94;814.59;810.7;814.59;20.93;17016.11;813.02
11.01.2017 14:44;814.59;814.62;809.02;809.68;51.52;41871.54;812.75
11.01.2017 14:45;809.68;815;809.68;814.99;36.82;29994.08;814.55
11.01.2017 14:46;810.16;814.99;810.16;813.04;65.41;53174.44;812.89
11.01.2017 14:47;813.04;815;811.35;811.35;66.23;53896.88;813.84
11.01.2017 14:48;811.35;815;810.42;814.99;29.44;23950.46;813.57
11.01.2017 14:49;814.98;814.99;810.6;811.11;20.28;16495.77;813.28
11.01.2017 14:50;810.6;815;810.05;813.99;85.16;69272.73;813.42
11.01.2017 14:51;813.98;814.3;808.05;812.99;58.88;47761.2;811.2
11.01.2017 14:52;812.99;814;809.2;813;97.52;79333.13;813.49
11.01.2017 14:53;811.99;813;809.23;811.36;25.49;20714.73;812.64
11.01.2017 14:54;812.98;813;809.2;809.62;44.11;35826.11;812.14
11.01.2017 14:55;809.62;813;809.62;809.9;26.7;21697.81;812.7
11.01.2017 14:56;812.99;813;809.2;809.92;30.53;24791.53;812.01
11.01.2017 14:57;812.98;813.44;809.02;813.44;50.69;41198.11;812.8
11.01.2017 14:58;813;813.5;809;813;148.42;120658.94;812.95
11.01.2017 14:59;813;813;809;813;77.48;62982.52;812.84
11.01.2017 15:00;811.73;813;809;811.96;13.17;10692.4;811.85
11.01.2017 15:01;811.98;812.75;809;812;59.14;48024.28;812
11.01.2017 15:02;809.02;812;809.02;811.98;44.43;36072.66;811.95
11.01.2017 15:03;811.98;812;809.02;812;59.98;48706.39;811.98
11.01.2017 15:04;809.02;812;804.96;804.96;52.12;42233.92;810.35
11.01.2017 15:05;804.94;808.62;804.94;808.02;5.41;4372.33;807.85
11.01.2017 15:06;808.02;809;804.95;808.78;28.48;23027.15;808.43
11.01.2017 15:07;804.95;806.38;804.95;805;3.01;2426.65;805.47
11.01.2017 15:08;808.25;808.25;805;805;5.35;4312.46;805.39
11.01.2017 15:09;808.31;809.43;808.31;808.96;14.18;11469.41;808.98
11.01.2017 15:10;808.72;808.72;808.72;808.72;0.02;19.41;808.72
11.01.2017 15:11;808.68;808.7;805.07;805.07;7.7;6224.45;808.37
11.01.2017 15:12;807.99;808.88;807.99;808.88;0.02;16.18;808.1
11.01.2017 15:13;808.88;808.88;805.06;805.06;12.85;10349.06;805.45
11.01.2017 15:14;805.06;805.08;803.86;804.9;38.79;31217.01;804.73
11.01.2017 15:15;804.9;804.9;803.86;804.89;15.08;12122.67;803.88
11.01.2017 15:16;803.86;804.76;803.86;804.76;0.38;302.86;803.92
11.01.2017 15:17;804.65;804.65;804.4;804.41;0.24;189.62;804.49
11.01.2017 15:18;804.01;806.01;803;805.99;31.1;25002.11;803.97
11.01.2017 15:19;805.99;808.94;805.99;807.18;2.83;2291.25;808.51
11.01.2017 15:20;809.18;809.96;808.98;808.99;0.79;642.84;809.01
11.01.2017 15:21;808.99;808.99;808.99;808.99;0.21;172.46;808.99
11.01.2017 15:22;809.99;810;808;808;19.02;15391.85;809.05
11.01.2017 15:23;807.99;809.02;807.99;809.02;0.03;21.83;808.63
11.01.2017 15:24;807.98;811.98;805.51;811.97;32.04;25920.26;809.03
11.01.2017 15:25;810.97;810.98;804.01;810.42;3.1;2499.67;807.2
11.01.2017 15:26;810.42;810.95;805;810.3;34.85;28240.08;810.29
11.01.2017 15:27;810.91;811;804.01;811;60.13;48602.3;808.23
11.01.2017 15:28;810.98;812;807;808;88.43;71606.99;809.8
11.01.2017 15:29;808;808;806.06;807.98;30.56;24671.26;807.29
11.01.2017 15:30;806.99;808;806.04;807.99;22.22;17936.33;807.32
11.01.2017 15:31;807.99;808;806.04;808;27.43;22145.15;807.2
11.01.2017 15:32;808;808.01;807.99;807.99;17.72;14317.68;807.99
11.01.2017 15:33;807.99;808;807.98;807.98;16.88;13634.95;807.99
11.01.2017 15:34;807.99;808;804.1;804.96;15.86;12776.73;805.51
11.01.2017 15:35;804.98;804.98;804;804;50.91;40934.33;804.06
11.01.2017 15:36;803;807.75;799.35;800;50.18;40211.87;801.41
11.01.2017 15:37;800;804.88;797.99;797.99;64.75;51727.68;798.9
11.01.2017 15:38;797.98;801;797.98;798;75.37;60180.71;798.46
11.01.2017 15:39;798;798;797.99;798;30.15;24058.94;798
11.01.2017 15:40;797.98;798.52;797.54;798.52;26.31;20996.06;798.04
11.01.2017 15:41;798.52;801;797.52;800.92;16.24;12968.16;798.41
11.01.2017 15:42;800;800;797.5;798.98;10.46;8342.73;797.61
11.01.2017 15:43;797.51;799.88;797.5;799;5.92;4721.43;797.65
11.01.2017 15:44;799;801;797.1;799.87;26.12;20879.09;799.3
11.01.2017 15:45;799.87;801;797.05;799.88;52.44;41956.17;800.06
11.01.2017 15:46;801;801;801;801;2.53;2024.05;801
11.01.2017 15:47;800.98;800.98;798.08;798.09;0.22;173.34;798.8
11.01.2017 15:48;798.12;801.69;798.12;801.67;6.73;5372.01;798.39
11.01.2017 15:49;801.4;801.4;800.99;800.99;0.47;378.21;801.01
11.01.2017 15:50;800.97;800.97;797.05;799.52;41.83;33391.25;798.31
11.01.2017 15:51;799;799.51;797.05;798;13.11;10452.58;797.39
11.01.2017 15:52;798.99;803.37;795.92;795.92;36.3;28946.83;797.4
11.01.2017 15:53;795.92;797.7;790.59;795.94;46.47;36865.15;793.38
11.01.2017 15:54;791.63;797;791.23;791.23;12.47;9888.83;792.73
11.01.2017 15:55;795.02;796.87;793.84;795.93;102.49;81564.5;795.83
11.01.2017 15:56;795.87;796.13;795.74;796.13;20.9;16638.3;796.01
11.01.2017 15:57;796.94;799.96;795.42;797.97;19.89;15844.73;796.76
11.01.2017 15:58;797.97;798.28;795.01;795.01;19.9;15862.66;797.23
11.01.2017 15:59;795;795.78;791.56;795.55;40.59;32216.64;793.69
11.01.2017 16:00;793.66;795.44;793.56;794.96;9.25;7344.42;793.64
11.01.2017 16:01;793.56;794.68;791;791;59.27;47018.84;793.25
11.01.2017 16:02;794.67;794.87;792.74;794.87;10.47;8310.42;793.41
11.01.2017 16:03;794.85;794.87;792.85;794.87;17.71;14055.1;793.72
11.01.2017 16:04;794.87;794.88;793.48;793.69;20.49;16260.89;793.73
11.01.2017 16:05;795.88;796.99;795.88;796.99;15.03;11976.62;796.98
11.01.2017 16:06;796.01;797.87;796;797.84;15.08;12019.89;797.01
11.01.2017 16:07;797.88;799;792.76;792.76;10.84;8628.79;795.84
11.01.2017 16:08;793.01;797;792.97;797;18.2;14448.54;793.69
11.01.2017 16:09;794.99;797;794.99;796.97;0.19;153.88;796.82
11.01.2017 16:10;796.97;796.97;796.97;796.97;88.92;70864.57;796.97
11.01.2017 16:11;796.95;796.95;794;795.86;21.55;17141.52;795.37
11.01.2017 16:12;794.3;797.95;794.3;797.95;9;7151.52;794.61
11.01.2017 16:13;796.9;797.9;796.88;797.9;40.03;31902.09;797.01
11.01.2017 16:14;797.55;797.55;795.34;797.55;15.18;12082.96;796.17
11.01.2017 16:15;794.99;797.49;794.99;797.46;0.88;698.66;795.29
11.01.2017 16:16;797.89;797.9;797.02;797.02;26.49;21117.12;797.07
11.01.2017 16:17;797.89;797.89;797.11;797.5;31.8;25351.7;797.13
11.01.2017 16:18;797.18;797.18;797.1;797.1;30;23913.02;797.1
11.01.2017 16:19;797.31;797.9;796.9;797.9;11.97;9543.45;796.99
11.01.2017 16:20;797.42;797.9;797.42;797.9;0.33;266.66;797.89
11.01.2017 16:21;797.9;797.9;797.9;797.9;0.67;536.4;797.9
11.01.2017 16:22;797.9;797.9;797.9;797.9;0.07;56.84;797.9
11.01.2017 16:23;797.9;797.9;797.6;797.6;20.37;16244.86;797.65
11.01.2017 16:24;797.9;797.9;796.83;796.83;10.04;8003.65;796.84
11.01.2017 16:25;796.49;796.49;796.47;796.47;0.48;379.13;796.49
11.01.2017 16:26;796.46;796.46;794.97;794.97;19.07;15183.59;796.2
11.01.2017 16:27;796.46;796.49;796.46;796.47;7;5575.35;796.48
11.01.2017 16:28;796.46;798.99;796.46;798.87;0.24;188.63;798.71
11.01.2017 16:29;796.47;796.47;794.89;796;0.38;304.5;796.15
11.01.2017 16:30;796;796;794.85;795;14.44;11475.72;794.9
11.01.2017 16:31;794.09;795.98;793.44;793.44;12.26;9737.37;794.09
11.01.2017 16:32;793.43;794;791.91;791.92;27.4;21708.77;792.4
11.01.2017 16:33;791.9;791.92;791;791.92;16.81;13302.55;791.34
11.01.2017 16:34;791.79;794.02;791.79;792;74.11;58710.02;792.24
11.01.2017 16:35;794.92;794.92;792.02;792.02;42.07;33383.29;793.47
11.01.2017 16:36;792.02;792.02;791;791.92;78.94;62504.37;791.79
11.01.2017 16:37;791.04;792;791;792;22.08;17483.64;791.78
11.01.2017 16:38;792.02;792.02;792;792;6.04;4781.7;792
11.01.2017 16:39;792.02;792.02;791.97;791.97;79.93;63302.6;792
11.01.2017 16:40;791.97;796.49;791.05;792;50.16;39719.43;791.8
11.01.2017 16:41;796.39;796.39;796.32;796.32;0.95;752.89;796.39
11.01.2017 16:42;796.23;796.25;796.15;796.15;9.78;7789.47;796.25
11.01.2017 16:43;795.2;796.02;795.2;796.02;0.5;400.61;795.24
11.01.2017 16:44;795.15;795.27;792;792;10.11;8017.91;793.26
11.01.2017 16:45;795.27;795.27;795.23;795.23;0.35;281.87;795.24
11.01.2017 16:46;792.2;795.15;792;792.01;48.57;38474.65;792.17
11.01.2017 16:47;792.01;795.24;792;795.24;40.5;32079.15;792
11.01.2017 16:48;795.15;795.27;791.91;795.27;4.35;3443.45;791.97
11.01.2017 16:49;792.02;795.28;792.02;795.28;0.1;82.92;794.22
11.01.2017 16:50;795.26;795.28;792.1;795.24;123.45;98092.51;794.62
11.01.2017 16:51;795.2;795.2;793.8;793.8;60.28;47852.86;793.81
11.01.2017 16:52;795.28;800;795.28;800;84.62;67528.41;798.06
11.01.2017 16:53;800;809.95;800;806.08;23.13;18580.63;803.23
11.01.2017 16:54;807;808.69;803.78;803.78;40.35;32593.54;807.83
11.01.2017 16:55;807.09;808.74;807.09;808.74;0.48;388.9;807.18
11.01.2017 16:56;807.11;807.11;806.68;806.68;16.63;13422.22;806.96
11.01.2017 16:57;806.67;806.68;805.14;806.67;2.92;2355.86;806.41
11.01.2017 16:58;806.66;806.66;805.17;805.17;32.49;26159.96;805.18
11.01.2017 16:59;803.48;803.48;800;800;24.73;19812.08;801.02
11.01.2017 17:00;805.44;805.44;805.32;805.32;1.54;1242.79;805.44
11.01.2017 17:01;800.15;800.15;800.02;800.04;6.06;4845.46;800.07
11.01.2017 17:02;800.04;804.33;800.03;803.76;24.1;19282.82;800.06
11.01.2017 17:03;803.73;803.73;799.66;799.66;1.97;1574.91;799.71
11.01.2017 17:04;799.66;803.89;798;798.03;8.75;6992.61;799.28
11.01.2017 17:05;798.01;798.03;796.68;796.99;11.82;9425.58;797.17
11.01.2017 17:06;796.68;796.68;790;790.56;194.34;153588.49;790.29
11.01.2017 17:07;790.01;798.76;790;797;174.77;138436.18;792.09
11.01.2017 17:08;799.11;799.11;790.57;791;40.74;32241.65;791.36
11.01.2017 17:09;790;790.99;787.53;787.53;173.75;137092.99;789
11.01.2017 17:10;787.53;787.53;781.7;781.78;208.53;163525.97;784.2
11.01.2017 17:11;781.7;783.53;780.16;781.72;59.32;46350.58;781.3
11.01.2017 17:12;780.01;786.5;780;786.49;59.9;46869.76;782.43
11.01.2017 17:13;784.59;786.5;782;784.56;37.52;29435.56;784.48
11.01.2017 17:14;784.56;784.56;777.77;779.88;159.2;124016.2;778.98
11.01.2017 17:15;777.78;779.9;777.78;779;34.49;26880.52;779.31
11.01.2017 17:16;779;779.9;779;779;21.52;16776.12;779.68
11.01.2017 17:17;779.01;779.01;776.02;776.88;17.42;13541.7;777.29
11.01.2017 17:18;776.02;783.36;775;781.19;95.52;74200.23;776.83
11.01.2017 17:19;777;780.2;776;776;5.14;3993.16;776.51
11.01.2017 17:20;776.92;776.92;776;776;20.87;16198.92;776.04
11.01.2017 17:21;776.75;776.85;775.05;775.05;46.16;35831.17;776.17
11.01.2017 17:22;775.05;775.11;774;775.09;90.07;69763.63;774.58
11.01.2017 17:23;775.09;776;771.71;773.99;140.76;108827.18;773.13
11.01.2017 17:24;773.97;773.97;769.28;770.03;113.55;87467.92;770.32
11.01.2017 17:25;770.02;775.01;770;775.01;254.97;197326.65;773.93
11.01.2017 17:26;775;775;771.17;774.36;30.03;23235.58;773.8
11.01.2017 17:27;774.98;774.98;774.97;774.98;0.68;527.29;774.98
11.01.2017 17:28;774.98;775;774.98;775;6.91;5354.18;774.98
11.01.2017 17:29;774.99;775.01;772;772;44.11;34137.51;773.86
11.01.2017 17:30;772;775.02;771.5;775.02;38.39;29734.17;774.48
11.01.2017 17:31;775.05;776;775;775;0.89;687.54;775.14
11.01.2017 17:32;774;775.99;774;774;11.93;9236.6;774.01
11.01.2017 17:33;774;775.03;774;775.02;14.28;11050.15;774.02
11.01.2017 17:34;775.02;775.93;771.5;775.93;10.6;8178.34;771.78
11.01.2017 17:35;775.9;775.99;771.11;775.21;4.3;3327.13;774.52
11.01.2017 17:36;771.12;774.44;771.11;771.11;3.24;2501.08;772.24
11.01.2017 17:37;774.4;774.4;771.11;774.28;10.86;8408.03;774.05
11.01.2017 17:38;774.31;774.31;771.11;771.11;7.43;5754.16;774.28
11.01.2017 17:39;774.29;774.65;771;774.64;0.76;586.2;771.86
11.01.2017 17:40;774.59;774.59;770.03;772;1.4;1080.8;770.7
11.01.2017 17:41;774.27;775;772;772;12.54;9709.25;774.25
11.01.2017 17:42;774.53;774.53;772;772;2.55;1965.95;772.42
11.01.2017 17:43;774.08;774.6;770.05;774.6;18.31;14110.57;770.8
11.01.2017 17:44;770.05;770.99;769.75;769.75;33.86;26075.5;770.19
11.01.2017 17:45;769.75;770.48;766;766;26.23;20150.88;768.35
11.01.2017 17:46;765.97;766;763.75;764.46;75.63;57852.08;764.95
11.01.2017 17:47;764.38;769.74;764.07;765.01;69.21;53011.57;765.94
11.01.2017 17:48;769.53;770;766;766;32.64;25104.28;769.2
11.01.2017 17:49;769.7;769.98;760.88;760.99;228.5;173992.81;761.47
11.01.2017 17:50;760.9;760.99;757.96;757.96;77.26;58709.27;759.9
11.01.2017 17:51;757.95;766.03;755;761.99;113.36;85905.68;757.78
11.01.2017 17:52;758.01;760.72;757.97;760.49;44.67;33960.94;760.23
11.01.2017 17:53;759.85;760.66;758.42;759.92;7.18;5449.3;759.39
11.01.2017 17:54;758.47;760;758.31;758.51;20.87;15837.97;759.06
11.01.2017 17:55;759.99;766;759.99;766;227.27;173290.55;762.5
11.01.2017 17:56;766;766;765.04;766;35.3;27026.69;765.66
11.01.2017 17:57;766;766;765.31;765.99;75.4;57751.37;765.94
11.01.2017 17:58;765.99;773.15;765.99;766.09;86.11;66114.33;767.8
11.01.2017 17:59;772.89;772.89;771.8;771.8;3.88;2997.37;771.95
11.01.2017 18:00;771.44;777;771;775.12;103.28;79937.67;773.98
11.01.2017 18:01;776.96;781.23;776.96;781.23;88.26;68789.97;779.4
11.01.2017 18:02;781.22;783.35;777.09;777.09;8.46;6597.43;779.64
11.01.2017 18:03;780.8;780.8;777.11;778.97;72.95;56820.73;778.89
11.01.2017 18:04;778.01;778.94;773.68;774.96;31.59;24493.81;775.39
11.01.2017 18:05;779.95;779.95;770.05;775.35;38.33;29616.57;772.64
11.01.2017 18:06;775.32;775.32;769;774.95;53.52;41209.08;770.03
11.01.2017 18:07;769.01;774.71;769.01;769.06;20.91;16081.17;769.12
11.01.2017 18:08;769.06;769.06;769;769.06;17.35;13344.74;769.06
11.01.2017 18:09;769.06;769.06;768.05;768.05;2.48;1903.83;768.97
11.01.2017 18:10;768.05;768.05;768;768;29.84;22918.02;768
11.01.2017 18:11;768.05;769.06;768.02;769.06;14.63;11247.76;768.92
11.01.2017 18:12;769.06;770;768.2;770;17.18;13205.11;768.43
11.01.2017 18:13;770;770;767.99;770;21.03;16150.55;768.12
11.01.2017 18:14;768.08;772.68;768;768;66.23;50863.86;768.04
11.01.2017 18:15;772.62;772.62;767.02;767.09;56.27;43192.42;767.65
11.01.2017 18:16;768;773;768;773;25.67;19842.08;772.95
11.01.2017 18:17;768.63;773.9;768.63;768.72;2.28;1752.82;769.27
11.01.2017 18:18;768.79;778.23;768.57;775.9;14.91;11478.96;769.71
11.01.2017 18:19;768.89;775;768.89;774.69;14.55;11197.46;769.58
11.01.2017 18:20;774.69;774.69;769;773.35;39.11;30271.59;774.09
11.01.2017 18:21;774.35;774.35;770.93;770.93;35.42;27402.98;773.64
11.01.2017 18:22;770.97;775.9;770.97;775.76;3.48;2698.26;774.29
11.01.2017 18:23;774.98;775;773;773;40.35;31192.1;773.08
11.01.2017 18:24;774.98;775.44;772.02;772.02;10.62;8200.75;772.21
11.01.2017 18:25;772.02;772.02;770;770;13.16;10136.81;770.45
11.01.2017 18:26;774.07;774.08;774.07;774.08;3.41;2641.15;774.07
11.01.2017 18:27;772.02;774.95;770;770.96;130.06;100153.05;770.03
11.01.2017 18:28;770.93;774.95;770.01;773.99;4.27;3301.8;773.16
11.01.2017 18:29;773.85;773.85;771.02;773.74;0.52;403.08;771.62
11.01.2017 18:30;771.03;772.99;770;771;62.66;48294.93;770.72
11.01.2017 18:31;771.01;771.01;771;771;35.1;27065.11;771
11.01.2017 18:32;770;770.97;762;769.95;167.65;128387.23;765.81
11.01.2017 18:33;764.1;767.91;764.07;767.87;4.25;3262.39;767.62
11.01.2017 18:34;767.87;768.01;767.87;767.88;19.76;15176.39;767.89
11.01.2017 18:35;768;771.94;767.89;771.01;7.77;5969.89;768.5
11.01.2017 18:36;771.82;771.82;767.89;768.9;1.62;1250.02;770.03
11.01.2017 18:37;768;772;767.89;772;5.52;4257.68;770.7
11.01.2017 18:38;770.98;773.17;767.88;767.91;2.8;2151.43;769.55
11.01.2017 18:39;768.01;773.12;768.01;768.03;2.33;1791.11;768.86
11.01.2017 18:40;768.02;772.99;768.01;771.97;1.94;1489.93;768.93
11.01.2017 18:41;768.02;771.98;768.02;771;0.9;695.07;770
11.01.2017 18:42;771;772.87;769;772.87;19.28;14890.18;772.21
11.01.2017 18:43;772.83;772.83;770.09;772.69;1;773.91;770.52
11.01.2017 18:44;771.99;771.99;770.04;770.04;14.18;10923.29;770.39
11.01.2017 18:45;772.87;773;771.1;773;8.47;6537.04;771.42
11.01.2017 18:46;773.99;773.99;773.99;773.99;0.1;76.8;773.99
11.01.2017 18:47;773.97;773.99;772.88;772.88;5.69;4396.1;773.02
11.01.2017 18:48;774;778.53;774;778.43;33.17;25787.44;777.43
11.01.2017 18:49;778.43;778.45;776.11;778.21;22.09;17191.27;778.08
11.01.2017 18:50;778.18;778.45;776.15;778.45;3.44;2674;776.89
11.01.2017 18:51;776.27;776.49;775.97;775.97;33.85;26279.46;776.4
11.01.2017 18:52;775.86;775.86;775.86;775.86;0.4;308.53;775.86
11.01.2017 18:53;774.01;774.01;773.99;773.99;1.71;1324.43;774
11.01.2017 18:54;774;774;772;772;11.79;9107.91;772.68
11.01.2017 18:55;772.93;772.93;771.01;771.01;23.19;17898.34;771.77
11.01.2017 18:56;771.89;771.89;771.05;771.05;43.15;33301.35;771.74
11.01.2017 18:57;771.7;771.7;771.59;771.59;0.51;394.31;771.64
11.01.2017 18:58;771.56;773.45;771.01;773.45;51.71;39961.44;772.82
11.01.2017 18:59;773.45;773.45;773.45;773.45;0.28;215.45;773.45
11.01.2017 19:00;772.15;773.45;772.15;773.45;3.25;2514.77;773.19
11.01.2017 19:01;773.45;775.68;772.24;774.18;28.84;22273.96;772.43
11.01.2017 19:02;774.14;775.96;772.31;775.96;61.55;47686.86;774.74
11.01.2017 19:03;775.96;775.96;772.46;775.88;29.17;22567.3;773.73
11.01.2017 19:04;775.79;776;773.06;773.06;42.41;32877.17;775.25
11.01.2017 19:05;775.99;780.2;775.99;780.01;59.28;46110.74;777.91
11.01.2017 19:06;780.01;781.98;780;780.23;38.2;29831.43;780.9
11.01.2017 19:07;781;781.97;776;780.83;142.05;110432.99;777.4
11.01.2017 19:08;780.83;780.83;776.09;777.04;22.44;17423.75;776.31
11.01.2017 19:09;780.61;780.61;780.59;780.59;30.85;24084.85;780.61
11.01.2017 19:10;780;780.85;777.2;780.85;52.91;41295.56;780.49
11.01.2017 19:11;780.85;780.85;780.6;780.6;0.3;230.36;780.68
11.01.2017 19:12;780.83;780.83;779.74;779.74;5.57;4347.04;780.17
11.01.2017 19:13;779.71;779.71;776;776;10.43;8094.99;776.41
11.01.2017 19:14;776.16;776.16;776.16;776.16;10;7761.6;776.16
11.01.2017 19:15;778.79;783.74;778.79;783.74;48.48;37843.72;780.67
11.01.2017 19:16;779.63;779.63;779.15;779.15;0.06;46.75;779.23
11.01.2017 19:17;779.62;779.63;779.62;779.62;0.35;272.87;779.62
11.01.2017 19:18;779.64;784.89;779.17;784.88;119.75;93868.08;783.87
11.01.2017 19:19;779.24;783.48;779.24;783.4;7.79;6094.4;781.98
11.01.2017 19:20;783;787;779.36;779.42;33.46;26237.7;784.25
11.01.2017 19:21;783;783;779.62;782.35;43.34;33844.38;780.94
11.01.2017 19:22;783.35;783.35;779.67;783.03;19.77;15416.73;779.71
11.01.2017 19:23;779.67;787;779.67;787;37.8;29597.87;782.97
11.01.2017 19:24;783.84;783.84;777.22;783.79;11.37;8864.53;779.84
11.01.2017 19:25;783.7;786.97;778.88;778.88;24.1;18914.76;784.72
11.01.2017 19:26;786.37;791.11;783.88;791.11;59;46514.9;788.33
11.01.2017 19:27;788.45;796.86;788.45;788.58;48.19;38176.24;792.14
11.01.2017 19:28;788.58;798.99;783.95;790;66.31;52714.11;794.95
11.01.2017 19:29;790.63;798.99;790.1;790.11;73.24;58189.36;794.51
11.01.2017 19:30;795.09;798.99;785.75;790.15;162.1;128156.84;790.59
11.01.2017 19:31;792.2;799;792.2;798.99;71.18;56776.53;797.64
11.01.2017 19:32;792.23;799;792.22;792.25;66.06;52765.45;798.71
11.01.2017 19:33;792.25;799;792.25;793;41.29;32967.62;798.43
11.01.2017 19:34;793;800;792;797;104.47;83255.69;796.91
11.01.2017 19:35;797.89;798.99;796.98;797;44.48;35486.54;797.82
11.01.2017 19:36;797.91;800.01;791.99;798;151.31;120945.05;799.32
11.01.2017 19:37;797.97;799.97;791.91;796.99;13.25;10560.62;797.26
11.01.2017 19:38;797;802;797;800;5.22;4167.17;798.8
11.01.2017 19:39;804.94;810;800.06;805.58;32.83;26492.17;807
11.01.2017 19:40;805.58;825.99;805;810;133.78;109252.71;816.67
11.01.2017 19:41;810;819;810;811.02;82.8;67513.82;815.38
11.01.2017 19:42;818.99;820;811;812.02;134.08;109609.25;817.49
11.01.2017 19:43;812.02;818;810.05;811.02;103.32;84142.8;814.36
11.01.2017 19:44;814.18;818.67;810.5;810.5;96.16;78161.21;812.84
11.01.2017 19:45;811.03;817.99;808.87;811.03;130.77;106334.07;813.15
11.01.2017 19:46;811.01;817;810.55;813.98;80.1;65192.72;813.85
11.01.2017 19:47;814;815;810.55;811.03;45.47;37006.89;813.83
11.01.2017 19:48;811.03;811.96;805.03;806.5;38.42;31089.93;809.15
11.01.2017 19:49;805.07;810.55;803.45;808.86;46.04;37232.39;808.71
11.01.2017 19:50;810.51;811.01;804.05;804.05;15.7;12638.94;805.06
11.01.2017 19:51;804.05;806;804;804.01;6.52;5250.05;804.67
11.01.2017 19:52;804.89;804.95;800;801.08;69.46;55712.42;802.05
11.01.2017 19:53;800.24;809.84;800.17;809.84;27.34;22041.09;806.3
11.01.2017 19:54;803.99;813.5;799.86;802;111.3;90239.57;810.78
11.01.2017 19:55;802;810;802;804.47;43.54;35076.34;805.55
11.01.2017 19:56;808.98;810;802;809.7;63.78;51480.8;807.1
11.01.2017 19:57;809.99;810;802;802.11;24.93;20129.71;807.41
11.01.2017 19:58;802.11;802.11;802.03;802.04;46.16;37022.91;802.04
11.01.2017 19:59;802.03;803.91;799.81;802.06;106.43;85494.08;803.29
11.01.2017 20:00;803.86;803.86;802.06;802.07;56.67;45461.61;802.24
11.01.2017 20:01;802.08;803;802.08;802.11;59.42;47713.43;802.97
11.01.2017 20:02;802.99;803;802.13;802.13;4.79;3846;802.97
11.01.2017 20:03;802.13;802.97;802.08;802.08;2.93;2351.25;802.11
11.01.2017 20:04;802.11;802.75;797.01;798.54;14.46;11561.83;799.8
11.01.2017 20:05;800.08;801.27;799.97;799.98;1.22;977.79;800.35
11.01.2017 20:06;798.84;798.84;798.83;798.83;0.32;258.31;798.84
11.01.2017 20:07;800.22;801.5;800.22;801.5;7.51;6018.05;801.49
11.01.2017 20:08;801.5;801.5;800.24;800.3;6.85;5490.66;801.41
11.01.2017 20:09;801.49;801.5;800.3;800.3;10.38;8319.97;801.45
11.01.2017 20:10;801.28;801.28;800;800;14.74;11796.88;800.18
11.01.2017 20:11;799.98;801.5;799.98;801.5;13.3;10653.09;800.79
11.01.2017 20:12;800.33;801.5;800.33;801.5;1.5;1199.63;801.33
11.01.2017 20:13;801.25;801.25;801.25;801.25;0.21;167.79;801.25
11.01.2017 20:14;800.41;800.41;799.18;799.18;10;7993.96;799.4
11.01.2017 20:15;800.36;801.23;799.18;801.23;0.62;493.87;800.73
11.01.2017 20:16;799.26;799.26;797.97;798;52.71;42097.19;798.6
11.01.2017 20:17;797.24;798;797.24;798;3.98;3176.69;797.86
11.01.2017 20:18;798;798;797.11;797.98;5.53;4409.65;797.38
11.01.2017 20:19;797.23;798;797.23;798;0.55;436.43;797.71
11.01.2017 20:20;798;798;798;798;18.43;14704.43;798
11.01.2017 20:21;798;798;798;798;25.78;20572.69;798
11.01.2017 20:22;0;0;0;0;0;0;0
11.01.2017 20:23;799;801;799;801;1.98;1580.93;800.43
11.01.2017 20:24;801.24;801.24;796.92;796.92;10.1;8057;797.52
11.01.2017 20:25;795.93;799.62;795.93;799.62;0.36;290.54;797.5
11.01.2017 20:26;798.94;798.94;798.03;798.03;0.53;421.54;798.29
11.01.2017 20:27;798.75;798.75;798.75;798.75;56.25;44931.02;798.75
11.01.2017 20:28;798.53;798.53;798.35;798.35;22.47;17941.62;798.47
11.01.2017 20:29;798.34;798.34;798.03;798.03;0.7;562.64;798.23
11.01.2017 20:30;796.94;796.94;796.94;796.94;25;19923.1;796.94
11.01.2017 20:31;796.95;797.98;796.95;796.95;41.97;33445.53;796.96
11.01.2017 20:32;796.95;796.95;796.94;796.94;0.25;200.65;796.94
11.01.2017 20:33;796.94;796.94;796.93;796.93;1.65;1310.97;796.94
11.01.2017 20:34;796.01;796.93;794.12;794.17;25.63;20358.82;794.43
11.01.2017 20:35;794.23;794.23;793;793;26.69;21176.73;793.45
11.01.2017 20:36;793.02;796.89;793;793.01;13.83;10968.7;793.09
11.01.2017 20:37;793.11;796;792.54;793.12;44.94;35709.32;794.62
11.01.2017 20:38;796;796;793.1;794.28;1.24;983.2;794.94
11.01.2017 20:39;796;796;792.57;794.36;2.16;1713.06;793.64
11.01.2017 20:40;794.99;794.99;793.13;793.13;18.24;14490.01;794.2
11.01.2017 20:41;792.77;793.34;790.4;790.4;88.92;70436.11;792.17
11.01.2017 20:42;790.4;790.4;790;790;292.37;230969.94;790
11.01.2017 20:43;790;790;790;790;22.2;17535.39;790
11.01.2017 20:44;790;791.54;786.54;786.69;42.55;33510.53;787.62
11.01.2017 20:45;786.59;786.6;786.54;786.54;0.67;526.45;786.58
11.01.2017 20:46;786.54;786.57;786.54;786.55;33.4;26269.42;786.54
11.01.2017 20:47;786.54;786.55;785;785;27.86;21899.73;786.18
11.01.2017 20:48;785;785.91;780;780;58.76;45929.24;781.6
11.01.2017 20:49;784.91;784.91;782.71;782.71;0.16;125.41;783.84
11.01.2017 20:50;782.7;786.59;782.7;786.59;6.92;5431.9;784.66
11.01.2017 20:51;786.58;786.58;782.28;784.73;3.24;2544.77;784.83
11.01.2017 20:52;786.58;787.49;786.37;787.49;11.31;8903.17;787.38
11.01.2017 20:53;787.41;787.49;784.76;787.47;57.71;45442.58;787.4
11.01.2017 20:54;784.8;787.43;783.29;783.29;16.59;13007.43;784.05
11.01.2017 20:55;783.12;785.53;783.12;785.42;0.46;357.38;784.4
11.01.2017 20:56;784.99;784.99;784.96;784.96;20.02;15711.67;784.99
11.01.2017 20:57;784.91;784.91;784;784.78;54.84;43001.09;784.07
11.01.2017 20:58;783.76;784.4;783.76;784.33;1.39;1090.12;784.26
11.01.2017 20:59;784.28;784.28;784;784;0.88;686.86;784.25
11.01.2017 21:00;783.27;785.73;783.27;785.73;26;20401.48;784.81
11.01.2017 21:01;785.73;787.48;785.73;787.48;3.85;3030.77;786.92
11.01.2017 21:02;787.49;791.97;787.49;791.92;26.99;21321.6;789.94
11.01.2017 21:03;791.86;791.86;790;791.77;22.21;17555.34;790.33
11.01.2017 21:04;791;792.22;789.27;789.4;11.34;8954.13;789.71
11.01.2017 21:05;0;0;0;0;0;0;0
11.01.2017 21:06;789.76;792.44;789.76;792.44;2.89;2292.13;792.25
11.01.2017 21:07;789.46;789.46;789.34;789.34;0.85;672.55;789.38
11.01.2017 21:08;789.45;789.45;787.63;787.63;1.49;1173.7;788.83
11.01.2017 21:09;789.41;789.41;787.61;787.73;1.13;888.11;789.22
11.01.2017 21:10;789.31;789.31;787.74;787.74;4.57;3602.85;787.9
11.01.2017 21:11;787.76;788.98;787.71;787.71;32.06;25253.09;787.8
11.01.2017 21:12;787.71;787.71;785.12;787.54;9.19;7230.82;786.91
11.01.2017 21:13;787.51;788;787.5;788;25.58;20142.62;787.51
11.01.2017 21:14;788;788;785.31;785.31;20.49;16104.83;786.17
11.01.2017 21:15;787.93;788.97;787.81;788.97;0.66;519.13;788.12
11.01.2017 21:16;788.94;788.94;788;788.82;19.17;15113.59;788.49
11.01.2017 21:17;788.97;790;788.01;790;6.62;5221.51;789.07
11.01.2017 21:18;791.67;794.91;790;790;31.52;25034.41;794.12
11.01.2017 21:19;794.56;794.56;794.56;794.56;4.66;3705.11;794.56
11.01.2017 21:20;794.08;794.54;790;794.51;23;18246.38;793.16
11.01.2017 21:21;790.1;794.47;790.06;790.21;55.42;43791.25;790.12
11.01.2017 21:22;790.25;790.25;790.25;790.25;48;37932;790.25
11.01.2017 21:23;0;0;0;0;0;0;0
11.01.2017 21:24;790.68;793.16;790.3;793.16;11.26;8898.21;790.4
11.01.2017 21:25;790.68;792.98;790.67;792.98;33.46;26531.78;792.92
11.01.2017 21:26;791;793.6;791;793.6;1.15;907.33;791.23
11.01.2017 21:27;790.96;791.02;790.96;791.02;2.14;1692.71;790.99
11.01.2017 21:28;791.05;792.05;790.98;792.05;0.04;29.35;791.29
11.01.2017 21:29;791.3;793.36;791.3;793.36;30.39;24109.2;793.35
11.01.2017 21:30;793.61;793.61;793.35;793.35;0.33;265.32;793.51
11.01.2017 21:31;793.35;793.55;790.08;791.14;6.29;4973.74;791.1
11.01.2017 21:32;789.19;791.06;789.19;791;0.88;697.77;790.45
11.01.2017 21:33;790.92;790.92;788;788;6.44;5078.3;788.95
11.01.2017 21:34;788;789.96;788;788.19;11.92;9399.32;788.49
11.01.2017 21:35;789.16;789.16;787.99;787.99;10;7881.93;788.3
11.01.2017 21:36;787.8;787.8;787.8;787.8;0.17;133.49;787.8
11.01.2017 21:37;787.71;787.71;785.92;785.92;0.71;555.17;786.2
11.01.2017 21:38;785.92;786.85;785;786.85;0.43;337.46;786.12
11.01.2017 21:39;786.69;786.69;785.02;785.02;2.52;1979.46;786.61
11.01.2017 21:40;786.91;786.91;786.89;786.89;0.98;768.85;786.89
11.01.2017 21:41;786.93;786.99;786.93;786.99;0.51;398.27;786.93
11.01.2017 21:42;786.93;786.98;784.56;785.13;24.07;18896.35;785.13
11.01.2017 21:43;785.12;785.13;785.12;785.13;3.91;3070.39;785.13
11.01.2017 21:44;785.13;786.01;785.13;786;37.31;29305.62;785.41
11.01.2017 21:45;786.01;786.01;786;786;1;786;786
11.01.2017 21:46;786.12;786.12;786.12;786.12;0.01;7.86;786.12
11.01.2017 21:47;787.07;787.07;782.56;783.06;42.91;33655.7;784.26
11.01.2017 21:48;783.04;783.04;780.3;780.97;53.76;41995.29;781.15
11.01.2017 21:49;780.97;781;780;780;25.89;20202.86;780.21
11.01.2017 21:50;780.8;780.8;780.01;780.59;1.36;1059.38;780.68
11.01.2017 21:51;780.9;783.16;780;783.08;108.53;84705.63;780.47
11.01.2017 21:52;782.07;783.92;780.85;782.43;15.51;12127.88;782.05
11.01.2017 21:53;0;0;0;0;0;0;0
11.01.2017 21:54;783.79;783.79;780.76;782.42;10.23;7993.07;781.12
11.01.2017 21:55;783.05;788.67;783.03;785.97;4.52;3549.85;785.11
11.01.2017 21:56;788.66;791.62;788.59;788.59;4.12;3246.79;788.64
11.01.2017 21:57;787.79;789.99;785.85;785.85;25.17;19835.6;788.13
11.01.2017 21:58;785.78;785.79;785.78;785.79;1.19;935.09;785.79
11.01.2017 21:59;785.77;789.99;785.77;788.7;3.67;2889.36;788.1
11.01.2017 22:00;787.63;788.96;786.78;788.96;2.07;1626.93;786.92
11.01.2017 22:01;787.65;790;787.65;790;48.87;38605.01;789.88
11.01.2017 22:02;790.63;792.76;786.78;790.35;1.63;1289.85;790.32
11.01.2017 22:03;790.36;794;790.36;793.04;1.84;1455.78;792.76
11.01.2017 22:04;793.01;795;789.11;794.99;19.37;15343.25;792.18
11.01.2017 22:05;793.24;793.9;793.24;793.9;0.77;614.33;793.33
11.01.2017 22:06;793.9;794.09;790.99;792.87;16.67;13211.09;792.67
11.01.2017 22:07;792.96;793.26;791.01;793.26;1.11;879.11;791.4
11.01.2017 22:08;792.33;795;792.26;795;0.7;558.6;794.15
11.01.2017 22:09;794.99;797.6;793;795.99;4.07;3239.1;796.18
11.01.2017 22:10;795.06;795.11;794.99;794.99;1.32;1048;795.06
11.01.2017 22:11;794.06;794.06;789.97;789.97;89.58;70813.28;790.48
11.01.2017 22:12;789.18;790.12;789.12;790.12;31.81;25117.74;789.72
11.01.2017 22:13;790.99;792.55;789.98;790;29.94;23658.48;790.28
11.01.2017 22:14;791.12;792.58;790;790;10.12;7993.79;790.05
11.01.2017 22:15;791.13;792.55;790;790;46.25;36538.93;790.01
11.01.2017 22:16;791.12;792.56;789.01;790.01;5.76;4543.78;789.32
11.01.2017 22:17;789.02;792.56;789.01;792.56;0.37;291.35;790.39
11.01.2017 22:18;792.56;792.56;792.55;792.55;0.37;291.25;792.56
11.01.2017 22:19;792.55;792.55;791;791;0.82;649.35;791.08
11.01.2017 22:20;792.01;792.56;791.55;792.56;0.81;638.38;792.47
11.01.2017 22:21;792.56;792.58;792.47;792.58;0.74;586.85;792.52
11.01.2017 22:22;792.58;792.58;792.58;792.58;0.03;24.33;792.58
11.01.2017 22:23;792.57;792.57;792.57;792.57;0.06;49.93;792.57
11.01.2017 22:24;792.47;792.47;791.48;791.48;1;791.61;791.61
11.01.2017 22:25;791.47;792.39;791.47;792.31;0.6;474.3;792.08
11.01.2017 22:26;792.25;792.25;789.97;792.17;11.54;9129.91;791.45
11.01.2017 22:27;789.09;792.14;789.09;790;22.25;17559.79;789.13
11.01.2017 22:28;789.55;790.99;789.55;790.01;8.48;6702.46;790.03
11.01.2017 22:29;791.03;791.87;791.03;791.84;3.88;3070.04;791.8
11.01.2017 22:30;791.78;791.78;790.06;791.69;1.15;905.49;790.19
11.01.2017 22:31;790.02;790.04;790;790.02;1.12;885.61;790.02
11.01.2017 22:32;790;790;789;789;18.16;14329.81;789.09
11.01.2017 22:33;789.29;789.29;787;787.96;5.24;4127.46;788.12
11.01.2017 22:34;787.89;787.89;787;787.79;12.46;9804.88;787.17
11.01.2017 22:35;787.77;787.77;787.03;787.04;4.12;3239.15;787.1
11.01.2017 22:36;787.99;788.97;786;786.01;7.66;6025.51;786.56
11.01.2017 22:37;786.95;787.04;786.89;786.89;0.75;590.82;786.98
11.01.2017 22:38;786.87;787.02;786.87;787.01;30.03;23632.4;787.02
11.01.2017 22:39;787.01;787.01;785.34;786;71.54;56238.03;786.08
11.01.2017 22:40;786;787.04;786;787.04;3.24;2543.06;786.03
11.01.2017 22:41;787.04;787.04;783.98;786.99;99.19;77766.57;784.02
11.01.2017 22:42;786.98;786.99;786.98;786.99;0.44;344.8;786.98
11.01.2017 22:43;786.96;786.96;786.96;786.96;0.33;257.34;786.96
11.01.2017 22:44;786.96;786.96;784.04;784.04;4.16;3271.12;785.57
11.01.2017 22:45;785.99;787.97;785.99;787.97;11.38;8946.4;786.05
11.01.2017 22:46;0;0;0;0;0;0;0
11.01.2017 22:47;788.04;788.04;788.03;788.03;0.5;391.45;788.03
11.01.2017 22:48;788.03;789;788.03;788.14;1.21;957.72;788.31
11.01.2017 22:49;787.98;788.98;786.72;788.98;10.46;8241.08;787.56
11.01.2017 22:50;787.98;787.98;787.98;787.98;0.22;176.11;787.98
11.01.2017 22:51;787.98;788.95;787.26;788.95;10.31;8121.2;788.03
11.01.2017 22:52;787.99;788.95;787.99;788.95;1.36;1071.18;788.89
11.01.2017 22:53;788.95;788.95;785.07;788.91;40.84;32130.83;786.7
11.01.2017 22:54;788.91;788.91;788.91;788.91;0.11;89.66;788.91
11.01.2017 22:55;788.91;788.91;786.15;787.47;0.68;535.67;788.41
11.01.2017 22:56;787.47;788.47;787.47;788.47;1.28;1010.74;787.55
11.01.2017 22:57;788.48;788.88;788.48;788.88;1.66;1307.34;788.77
11.01.2017 22:58;788.7;788.7;788.64;788.64;1.79;1411.21;788.69
11.01.2017 22:59;788.55;788.55;788.49;788.49;0.94;744.44;788.52
11.01.2017 23:00;788.43;788.43;786.39;788.34;1.95;1539.51;788.17
11.01.2017 23:01;788.29;788.38;786.33;788.38;6.59;5195.8;788.23
11.01.2017 23:02;787.34;787.34;786.07;786.08;6.35;4994.09;786.51
11.01.2017 23:03;786.09;786.94;786.07;786.07;17.54;13797.11;786.57
11.01.2017 23:04;786.07;786.32;785.07;785.07;3.16;2481.57;785.38
11.01.2017 23:05;786.15;786.15;785;786.03;30.32;23804.71;785.19
11.01.2017 23:06;785.75;785.75;785.75;785.75;0.09;70.72;785.75
11.01.2017 23:07;785.08;785.09;785.02;785.09;18.91;14844.58;785.09
11.01.2017 23:08;785.26;785.26;785.26;785.26;0.23;182.5;785.26
11.01.2017 23:09;785.26;785.26;785.23;785.23;0.1;81.67;785.25
11.01.2017 23:10;785.15;785.15;785.03;785.03;0.91;714.7;785.08
11.01.2017 23:11;784.99;786.71;784.36;786.71;5.16;4049.52;785.53
11.01.2017 23:12;786.69;786.71;785.74;786.71;19.15;15065.25;786.7
11.01.2017 23:13;787.34;788.91;787.34;788.91;4.73;3731.5;788.9
11.01.2017 23:14;788.47;788.91;788.47;788.51;16.8;13248.79;788.64
11.01.2017 23:15;787.83;792;785.41;791.94;91.86;72359.17;787.68
11.01.2017 23:16;791;791;788.81;790.28;0.36;285.89;789.76
11.01.2017 23:17;789.97;789.98;788.83;789.97;0.57;453.23;789.32
11.01.2017 23:18;789.88;789.98;789.88;789.94;0.82;649.25;789.94
11.01.2017 23:19;789.94;790;789.94;790;1.76;1388.29;789.98
11.01.2017 23:20;790;790;790;790;0.47;367.83;790
11.01.2017 23:21;789.99;789.99;789.87;789.87;0.33;260.09;789.91
11.01.2017 23:22;789.99;789.99;789.99;789.99;0.03;23.7;789.99
11.01.2017 23:23;789.87;789.91;789.85;789.85;0.72;568.29;789.88
11.01.2017 23:24;788.97;789.85;788.8;788.97;1.22;960.1;788.98
11.01.2017 23:25;789;789;788.96;788.96;10.33;8153.8;788.96
11.01.2017 23:26;788.96;788.96;788.81;788.81;0.51;398.55;788.86
11.01.2017 23:27;788.88;788.96;787.92;787.92;2.05;1613.59;788.74
11.01.2017 23:28;787.88;788.83;787;788.72;17.81;14015.42;787.12
11.01.2017 23:29;788.69;788.81;787.63;788.81;2.84;2238.64;787.73
11.01.2017 23:30;788.69;788.69;785;786.87;6.9;5421.15;786.13
11.01.2017 23:31;786.88;787.88;786.88;787.88;0.03;21.26;787.51
11.01.2017 23:32;787.88;788.77;786.87;786.87;0.6;474.09;787.55
11.01.2017 23:33;786.87;788.94;786.87;788.94;2.37;1864.63;788.37
11.01.2017 23:34;788.88;789;783.6;788.98;12.94;10152.49;784.7
11.01.2017 23:35;787.69;787.69;787.69;787.69;0.03;23.63;787.69
11.01.2017 23:36;787.64;787.64;787.43;787.43;0.1;78.76;787.57
11.01.2017 23:37;784.62;787.47;784.62;787.35;0.26;201.13;786.86
11.01.2017 23:38;0;0;0;0;0;0;0
11.01.2017 23:39;787.01;787.01;787.01;787.01;0.1;78.7;787.01
11.01.2017 23:40;786.83;786.83;786.79;786.79;0.09;70.98;786.82
11.01.2017 23:41;786.54;786.54;786.54;786.54;0.01;10.23;786.54
11.01.2017 23:42;786.51;786.51;786.47;786.47;0.55;428.79;786.49
11.01.2017 23:43;786.27;786.27;783.62;783.62;0.35;275.13;785.84
11.01.2017 23:44;783.47;783.82;781.01;781.01;21.96;17183.78;782.48
11.01.2017 23:45;782.46;782.46;782.33;782.34;1.59;1243.75;782.36
11.01.2017 23:46;782.38;782.38;782.37;782.38;10.35;8100.51;782.37
11.01.2017 23:47;782.37;782.37;781.01;781.02;5.56;4345.97;781.9
11.01.2017 23:48;782.42;782.47;782.42;782.47;0.02;15.65;782.45
11.01.2017 23:49;783.36;787.07;781.45;781.45;3.66;2860.44;782.35
11.01.2017 23:50;783.32;783.32;783.32;783.32;1;783.32;783.32
11.01.2017 23:51;782.35;782.35;779.44;779.44;272.37;212466.27;780.08
11.01.2017 23:52;779.18;780.94;779.18;780.81;2.42;1887.89;779.52
11.01.2017 23:53;779.23;780.58;779.18;780.58;16.12;12560.91;779.21
11.01.2017 23:54;779.2;779.2;778.2;778.2;7.91;6158.32;778.85
11.01.2017 23:55;779.17;780.98;779.17;780.92;2.83;2210.88;780.36
11.01.2017 23:56;779.99;779.99;778.17;778.17;1.3;1015.11;779.34
11.01.2017 23:57;777.89;778.58;775.11;778.58;71.24;55329.45;776.68
11.01.2017 23:58;777.64;778.55;777.64;777.64;2.71;2108.27;777.65
11.01.2017 23:59;778.54;778.99;777.61;778.62;2.13;1658.22;777.88
12.01.2017 00:00;778.7;778.7;777.56;777.56;5.02;3907.33;777.6
12.01.2017 00:01;777.16;778.49;776.97;776.97;2.19;1699.8;777.11
12.01.2017 00:02;776.96;776.97;773.01;773.19;49.94;38670.04;774.38
12.01.2017 00:03;774.19;774.49;770;771;147.9;113973.42;770.59
12.01.2017 00:04;771;772;770;770;60.67;46761.01;770.69
12.01.2017 00:05;770.01;770.01;769.2;769.98;125.61;96712.41;769.94
12.01.2017 00:06;769.98;770;768.05;768.05;8.55;6573.83;768.73
12.01.2017 00:07;769.93;769.93;767.55;768.88;8.04;6178.78;768.39
12.01.2017 00:08;768.74;768.74;768.72;768.72;1.04;801.03;768.74
12.01.2017 00:09;767.55;768.64;764.02;764.02;69.14;52952.5;765.91
12.01.2017 00:10;764.98;765;762.93;762.93;31.87;24361.31;764.3
12.01.2017 00:11;764.32;764.98;762.04;762.04;12.56;9583.34;762.84
12.01.2017 00:12;762.1;762.35;760.03;760.03;24.62;18725.54;760.66
12.01.2017 00:13;761.31;762.31;757.89;757.89;234.26;177992.86;759.82
12.01.2017 00:14;757.89;758.51;755;755;51.23;38704.88;755.56
12.01.2017 00:15;755;756.99;755;756.99;35.78;27016.63;755.01
12.01.2017 00:16;757;757.73;755;757.73;17.66;13349.09;755.94
12.01.2017 00:17;757.73;782.37;757.73;763;123.75;95048.75;768.08
12.01.2017 00:18;763;763.83;760.37;760.37;5.7;4338.55;760.9
12.01.2017 00:19;760.37;760.38;757.71;757.71;12.03;9148.02;760.14
12.01.2017 00:20;757.72;758.99;755;756.74;55.91;42224.6;755.18
12.01.2017 00:21;757.73;757.74;756.72;756.74;3.41;2582.55;756.75
12.01.2017 00:22;756.73;762.1;755.73;762.1;9.75;7398.05;758.56
12.01.2017 00:23;761.73;765.8;758.17;765;15.43;11781.94;763.48
12.01.2017 00:24;765;765;760.73;762.32;81.94;62586.63;763.84
12.01.2017 00:25;763.3;764;763.28;763.36;16.15;12333.54;763.62
12.01.2017 00:26;763.36;763.91;762.21;762.95;12.38;9438.55;762.45
12.01.2017 00:27;762.69;764;762.12;764;24.68;18836.96;763.32
12.01.2017 00:28;764;771.43;764;770;25.6;19657.39;767.79
12.01.2017 00:29;770;770;767.88;770;3.05;2348.55;770
12.01.2017 00:30;770;770.05;770;770.05;10.77;8292.87;770.04
12.01.2017 00:31;770.09;770.09;769.02;769.94;3.39;2605.37;769.46
12.01.2017 00:32;769.88;769.88;768.01;768.01;1.08;832.22;769.51
12.01.2017 00:33;768.08;768.92;768.08;768.92;52.02;39953.86;768.1
12.01.2017 00:34;768.97;768.97;763.96;763.96;11.64;8914.72;766.18
12.01.2017 00:35;766.75;766.92;766.75;766.92;3.03;2325.07;766.76
12.01.2017 00:36;765.62;765.62;764.54;764.54;1.03;787.89;764.62
12.01.2017 00:37;764.52;764.52;764.52;764.52;0.01;7.65;764.52
12.01.2017 00:38;765.6;766.62;763.06;763.06;8.09;6185.66;764.94
12.01.2017 00:39;765.03;765.03;765.03;765.03;0.13;99.8;765.03
12.01.2017 00:40;765.03;765.07;765.03;765.07;7.05;5392.19;765.07
12.01.2017 00:41;765.07;770;765.07;770;27.56;21142.4;767.21
12.01.2017 00:42;770;770;769;769;112.43;86467.32;769.05
12.01.2017 00:43;769.93;769.97;769.04;769.97;5.68;4374.51;769.93
12.01.2017 00:44;769.97;769.97;765;769.01;14.13;10837.19;766.73
12.01.2017 00:45;765.21;767.81;765.21;767.81;20.63;15790.02;765.26
12.01.2017 00:46;765.18;765.18;764.89;764.89;3.95;3021.64;764.92
12.01.2017 00:47;764.81;764.86;764.18;764.84;1.32;1008.25;764.52
12.01.2017 00:48;764.82;764.82;764.74;764.74;0.22;170.19;764.74
12.01.2017 00:49;764.56;764.6;764.5;764.6;1.13;860.87;764.56
12.01.2017 00:50;764.63;764.63;757;757;71.99;54714.59;760.06
12.01.2017 00:51;763.17;765;759.81;759.81;7.09;5417.29;763.68
12.01.2017 00:52;760.67;763.17;759.84;760;9.61;7303.2;760.03
12.01.2017 00:53;759.81;759.81;757.13;759.63;1.3;986.64;757.78
12.01.2017 00:54;757.18;760;756.7;756.7;12.28;9302.35;757.39
12.01.2017 00:55;758.59;759;755.77;759;3.64;2761.37;758.73
12.01.2017 00:56;759;761.65;759;761.65;10.52;7986.05;759.2
12.01.2017 00:57;762.65;768.52;762.65;767.55;1.19;910.25;767.49
12.01.2017 00:58;766.94;766.95;765.55;766.08;9.8;7510.33;766.74
12.01.2017 00:59;766.26;766.26;766.05;766.05;12.35;9460.56;766.16
12.01.2017 01:00;766;766;758.98;759;64.24;48813.85;759.85
12.01.2017 01:01;765.21;765.56;765.21;765.56;0.04;28.32;765.47
12.01.2017 01:02;764.26;765.51;759.99;764;16.6;12651.16;761.98
12.01.2017 01:03;763.94;763.94;762.98;763;3.37;2575.58;763.29
12.01.2017 01:04;762.95;765.47;761.65;763.01;22.44;17116.89;762.9
12.01.2017 01:05;765.08;768.55;765.08;768.55;6.26;4796.01;766.5
12.01.2017 01:06;767.09;767.09;761.79;761.81;12.46;9510.67;763.04
12.01.2017 01:07;762.39;763.97;762.39;763.96;1.62;1236.94;763.95
12.01.2017 01:08;765.43;765.43;765.31;765.31;1.27;972.63;765.4
12.01.2017 01:09;765.3;765.3;765.3;765.3;2.73;2088.7;765.3
12.01.2017 01:10;765.57;766.31;765.57;766.31;0.02;15.32;765.94
12.01.2017 01:11;766.34;766.57;765.94;765.94;15.91;12190.3;766.09
12.01.2017 01:12;765.57;766.82;765.57;766.72;0.04;30.66;766.46
12.01.2017 01:13;765.5;766.5;765;765;6.9;5283.66;765.54
12.01.2017 01:14;765;765;759;759;17.07;12988.42;761.02
12.01.2017 01:15;759.76;759.76;759.68;759.68;5.51;4182.37;759.72
12.01.2017 01:16;759.79;759.79;755.53;759.52;35.05;26577.16;758.21
12.01.2017 01:17;760.51;762;760.51;762;6.05;4608.39;761.79
12.01.2017 01:18;761.77;761.77;761.7;761.7;0.83;633.66;761.7
12.01.2017 01:19;0;0;0;0;0;0;0
12.01.2017 01:20;761.95;761.95;761.95;761.95;0.26;198.95;761.95
12.01.2017 01:21;761.97;761.97;761.97;761.97;0.85;649.82;761.97
12.01.2017 01:22;762;762;761.27;761.27;0.17;129.44;761.4
12.01.2017 01:23;762;763.01;762;763.01;0.33;249.66;762.23
12.01.2017 01:24;763.01;763.03;755.12;761.52;23.59;17924.71;759.88
12.01.2017 01:25;763.3;763.3;762;762;3.95;3014.59;763.28
12.01.2017 01:26;761.51;761.51;761.51;761.51;20;15230.2;761.51
12.01.2017 01:27;761.36;761.36;759;760.61;32.37;24619.5;760.62
12.01.2017 01:28;759.09;761.31;759.09;761.31;2.14;1625.37;759.24
12.01.2017 01:29;760;761.41;759.99;761.37;0.58;440.34;760.45
12.01.2017 01:30;761.22;761.22;761.22;761.22;1.03;780.75;761.22
12.01.2017 01:31;760.94;760.94;759.99;759.99;0.67;509.22;760.03
12.01.2017 01:32;759.87;759.87;759.84;759.84;0.5;377.55;759.86
12.01.2017 01:33;760.99;760.99;759.03;760.99;0.16;120.36;760.54
12.01.2017 01:34;759.19;759.19;757;759.19;10.23;7754.94;758.06
12.01.2017 01:35;759.95;759.98;759.91;759.98;1.12;852.2;759.93
12.01.2017 01:36;759.98;759.98;758.56;758.56;20.46;15548.19;759.95
12.01.2017 01:37;758.05;758.05;758;758;1.57;1192.74;758.02
12.01.2017 01:38;757.56;757.56;755.97;755.97;9.22;6978.78;756.94
12.01.2017 01:39;755.56;755.83;755.05;755.78;7.73;5835.15;755.11
12.01.2017 01:40;755.69;755.69;755.64;755.66;18.6;14056.6;755.68
12.01.2017 01:41;755.66;756.55;755.66;755.67;39.56;29895.06;755.67
12.01.2017 01:42;756.45;757.53;756.39;757.53;1.18;893.67;757.35
12.01.2017 01:43;757.45;759.24;757.37;759.24;0.52;394.38;758.42
12.01.2017 01:44;759.18;759.18;755.05;755.05;10.3;7783.83;755.38
12.01.2017 01:45;757.5;759.25;757.5;759.04;1.26;953.04;759.05
12.01.2017 01:46;758.23;758.23;758.22;758.22;0.36;272.42;758.23
12.01.2017 01:47;757.97;758;757.97;758;25.33;19200.64;758
12.01.2017 01:48;758;765;758;762.9;20.74;15781.01;760.98
12.01.2017 01:49;765;768.62;759.62;761.86;10.05;7686.27;764.8
12.01.2017 01:50;762.85;773.48;761.86;768.96;14.99;11495.1;766.63
12.01.2017 01:51;771;776.27;768.84;768.84;33.5;25833.42;771.11
12.01.2017 01:52;770.38;770.38;768.02;769.03;2.92;2247.04;769.27
12.01.2017 01:53;769.02;770.37;768.02;768.02;4.19;3225.42;769.16
12.01.2017 01:54;767.61;767.61;759.66;760;30;22908.87;763.53
12.01.2017 01:55;760;767.02;759.99;766.93;15.96;12129.06;760.08
12.01.2017 01:56;766;766;765.47;765.47;1.88;1439.67;765.82
12.01.2017 01:57;765.4;766.93;765.01;766.86;1.2;920.09;766.54
12.01.2017 01:58;765.08;766.97;765.08;766.84;6.08;4651.83;765.1
12.01.2017 01:59;766.84;766.84;763.98;763.99;9.83;7512.79;764.2
12.01.2017 02:00;763.1;765.99;761.98;765.53;6.85;5224.03;762.57
12.01.2017 02:01;765.96;765.99;764.99;765;5.22;3998.89;765.39
12.01.2017 02:02;764.99;764.99;763.21;764.97;1.53;1169.84;763.52
12.01.2017 02:03;763.96;764.99;763.11;764.99;9.02;6883.79;763.17
12.01.2017 02:04;765.88;765.88;763.48;763.48;10.43;7968.59;764.01
12.01.2017 02:05;0;0;0;0;0;0;0
12.01.2017 02:06;764.94;765.9;764.94;765.9;7.58;5807.23;765.88
12.01.2017 02:07;765.9;765.9;764.96;765.88;7.51;5747.23;765.28
12.01.2017 02:08;765.88;766;764.92;765.98;24.27;18588.64;765.75
12.01.2017 02:09;765.98;767;764.9;766.94;21.82;16720.08;766.15
12.01.2017 02:10;766.94;769.9;764.99;765;49.96;38350.11;767.56
12.01.2017 02:11;767.94;769.88;767.94;769.88;1;769.81;769.81
12.01.2017 02:12;769.54;777.63;769;773.8;80.83;62464.11;772.79
12.01.2017 02:13;773.8;773.9;772.14;773.9;24.31;18789;772.86
12.01.2017 02:14;773.99;777.9;770.98;772.9;38.53;29781.59;773.02
12.01.2017 02:15;771.04;775.52;766.66;766.66;67.13;51693.18;770.01
12.01.2017 02:16;767.9;775.49;766.66;772.84;73.34;56392.87;768.96
12.01.2017 02:17;771.95;772.76;767.07;768.03;20.04;15399.25;768.39
12.01.2017 02:18;768.04;770.11;767.07;770.11;12.13;9313.23;767.94
12.01.2017 02:19;770.11;773.43;769.11;772.01;9.05;6970.45;770.13
12.01.2017 02:20;772.01;772.01;769.49;769.49;18.19;14041.19;771.79
12.01.2017 02:21;769.07;769.07;767.01;768.07;3.29;2526.53;767.94
12.01.2017 02:22;768.09;771.37;768.09;771.37;0.37;282.32;769.58
12.01.2017 02:23;771.62;772.69;768.35;768.35;6.24;4809.52;770.78
12.01.2017 02:24;768.07;768.07;768;768;10.02;7695.36;768
12.01.2017 02:25;768.31;769.07;768.31;769.07;1.28;982.67;768.33
12.01.2017 02:26;769.31;773;769.31;773;17.11;13208.99;772.08
12.01.2017 02:27;772.72;772.72;770.99;770.99;10.62;8188.42;771.19
12.01.2017 02:28;772.23;772.23;770.72;770.72;6.28;4847.84;771.89
12.01.2017 02:29;770.63;770.63;769.62;769.62;0.35;267.5;769.93
12.01.2017 02:30;769.32;769.32;769.32;769.32;0.05;40.77;769.32
12.01.2017 02:31;769.32;769.32;768;768;4.43;3402.43;768.26
12.01.2017 02:32;767.99;768;767.9;768;89.88;69026.99;767.97
12.01.2017 02:33;769.74;771.46;768.97;769.96;0.99;762.39;770.09
12.01.2017 02:34;768.32;768.32;768.27;768.29;30;23048.79;768.29
12.01.2017 02:35;769.96;769.98;769.96;769.98;0.01;9.24;769.96
12.01.2017 02:36;769.98;770.94;769.98;770.94;0.26;199.5;770.91
12.01.2017 02:37;769.23;769.42;769.23;769.42;43.25;33270.14;769.23
12.01.2017 02:38;770.93;770.93;768.99;770.28;14.12;10872.3;769.82
12.01.2017 02:39;768.96;768.96;767.95;767.95;5;3839.76;767.95
12.01.2017 02:40;767.94;767.94;767;767;6.41;4925.12;767.76
12.01.2017 02:41;767;767;765.98;766;7.6;5825.23;766.17
12.01.2017 02:42;766.99;768.15;766.16;766.16;7.3;5598.77;767.07
12.01.2017 02:43;767.89;767.89;765.98;766;4.19;3211.73;766.6
12.01.2017 02:44;765.94;765.94;761;763.92;27.34;20875.1;763.6
12.01.2017 02:45;763.84;765;763.84;764.98;4.03;3081.39;764.99
12.01.2017 02:46;764.96;765.99;764.96;765;15.24;11660.61;764.97
12.01.2017 02:47;765.99;765.99;765.99;765.99;0.03;22.97;765.99
12.01.2017 02:48;765.18;765.96;765.16;765.87;7.5;5736.08;765.22
12.01.2017 02:49;765.78;765.78;765.78;765.78;0.05;37.52;765.78
12.01.2017 02:50;765.2;765.2;765.2;765.2;8.33;6374.12;765.2
12.01.2017 02:51;765.2;765.2;764.98;764.98;1.73;1321.81;765.2
12.01.2017 02:52;763.99;763.99;761.15;761.15;2.86;2184.63;762.79
12.01.2017 02:53;761.1;761.1;758.39;760;6;4549.74;758.54
12.01.2017 02:54;758.46;761.84;758.46;758.52;16.55;12552.35;758.58
12.01.2017 02:55;758.51;758.51;758.32;758.32;14.99;11365.74;758.32
12.01.2017 02:56;758.34;758.99;757.9;758;2.95;2239.31;758.06
12.01.2017 02:57;759;761.95;758.88;758.88;1.23;933.26;761.7
12.01.2017 02:58;758.88;761.39;758.08;758.08;5.06;3835.42;758.3
12.01.2017 02:59;761.59;761.59;761.41;761.41;1.01;769.2;761.59
12.01.2017 03:00;761.88;762;761.88;762;16.24;12376.71;761.97
12.01.2017 03:01;762;762;762;762;11;8382;762
12.01.2017 03:02;762.88;765.97;761.34;761.34;8;6095.26;761.91
12.01.2017 03:03;765.12;765.12;762.96;762.96;23.01;17577.18;763.9
12.01.2017 03:04;765.66;765.66;760.47;764.94;10.53;8022.53;762.17
12.01.2017 03:05;763.86;763.86;758.79;762.74;2.83;2150.85;760.1
12.01.2017 03:06;762.7;763.84;762.54;763.82;0.67;513.61;763.05
12.01.2017 03:07;763.74;763.74;763.7;763.7;0.18;137.01;763.72
12.01.2017 03:08;763.64;763.64;760.99;760.99;3.22;2456.25;761.77
12.01.2017 03:09;761;762.77;760.41;761.63;9.66;7351.43;761.23
12.01.2017 03:10;761.57;763.87;761.55;763.87;2.7;2053.39;761.58
12.01.2017 03:11;763.82;770.98;762.05;766.49;12.58;9617.46;764.55
12.01.2017 03:12;766.5;768.95;765;765;0.57;438.6;766.78
12.01.2017 03:13;765;766.45;763.83;763.99;0.53;403.8;765.36
12.01.2017 03:14;763.5;767.44;761.86;763.52;23.42;17864.24;762.9
12.01.2017 03:15;767.22;767.22;764;764;0.35;265.61;766.03
12.01.2017 03:16;763.01;763.01;762.99;762.99;0.19;148.4;762.99
12.01.2017 03:17;762.99;763;762.99;763;0.13;102.7;763
12.01.2017 03:18;763;763;762.85;762.96;0.48;367.28;762.93
12.01.2017 03:19;762.51;762.51;758.01;759.84;25.7;19532.11;759.9
12.01.2017 03:20;759.82;761.98;759.82;761.02;21.24;16155.07;760.75
12.01.2017 03:21;761.06;762.99;761;762.95;25.22;19197.08;761.06
12.01.2017 03:22;762.88;762.88;760.12;762.69;10.44;7934.8;760.29
12.01.2017 03:23;762.64;762.64;762.45;762.45;0.18;137.11;762.58
12.01.2017 03:24;761.95;762.11;760.35;762.11;27.23;20740.38;761.71
12.01.2017 03:25;761.84;762.11;760.92;762.11;24.11;18350.25;761.1
12.01.2017 03:26;762.11;763;762.11;763;6.07;4625.19;762.16
12.01.2017 03:27;763;770.78;763;770.78;0.54;414.91;765.08
12.01.2017 03:28;770.56;770.73;770.56;770.67;0.22;166.38;770.68
12.01.2017 03:29;770.63;770.68;770.34;770.34;0.27;207.13;770.56
12.01.2017 03:30;770.28;770.28;765.28;768.86;1.91;1466.72;767.68
12.01.2017 03:31;768.83;768.83;767.94;768.59;0.52;396.95;768.68
12.01.2017 03:32;768.54;768.63;767.01;768.63;12.31;9445.88;767.07
12.01.2017 03:33;768.58;769.86;766.49;766.49;18.87;14473.2;766.82
12.01.2017 03:34;766.5;770.04;763.97;770.01;31.29;23971.23;766.08
12.01.2017 03:35;767;767;764.94;766.93;24.86;19025.44;765.32
12.01.2017 03:36;766.91;772.92;766.91;772.72;9.82;7539.77;767.8
12.01.2017 03:37;771.69;771.69;770.99;770.99;0.08;58.21;771.17
12.01.2017 03:38;770.99;770.99;768.54;768.54;0.31;238.41;770.31
12.01.2017 03:39;769.62;771.68;768.3;769;20.78;15978.95;768.85
12.01.2017 03:40;769;771.68;769;771.68;0.7;538.96;769.21
12.01.2017 03:41;771.68;773.58;770.08;770.08;13.59;10475.09;770.59
12.01.2017 03:42;771.69;773.52;770;772.11;32.17;24782;770.46
12.01.2017 03:43;772.12;774.33;771.07;774.19;12.96;9996.12;771.33
12.01.2017 03:44;774.09;774.54;771.17;774.2;83.78;64689.33;772.15
12.01.2017 03:45;773.19;774.53;773.18;774.45;3.99;3087.57;774.49
12.01.2017 03:46;774.41;774.54;774.35;774.54;5.85;4529.22;774.38
12.01.2017 03:47;775.18;775.18;770.75;772.19;10.03;7758.12;773.85
12.01.2017 03:48;773.18;774.18;773.18;773.95;0.07;57.67;773.77
12.01.2017 03:49;773.84;773.84;773.19;773.19;1.29;995.12;773.81
12.01.2017 03:50;773.19;773.19;773;773;0.86;662.24;773.13
12.01.2017 03:51;772.96;772.96;770;770;15.04;11593.16;770.58
12.01.2017 03:52;771;772.78;767.39;767.39;15.29;11767.89;769.63
12.01.2017 03:53;768;769.39;766.46;769.39;8.03;6160.12;767.14
12.01.2017 03:54;770.39;773;770.01;771;18.74;14446.79;770.93
12.01.2017 03:55;771;771;770.02;770.94;31.64;24373.48;770.39
12.01.2017 03:56;770.84;770.84;770.04;770.05;6.01;4627.56;770.45
12.01.2017 03:57;770.04;770.04;770.03;770.03;4;3080.15;770.04
12.01.2017 03:58;770.03;770.03;766.43;770.02;19.61;15061.55;767.89
12.01.2017 03:59;769;770.02;767.01;768.01;0.12;88.89;768.52
12.01.2017 04:00;769;770.02;769;770.02;10.15;7819.39;770.02
12.01.2017 04:01;769.06;769.85;769.02;769.85;25.58;19674.68;769.15
12.01.2017 04:02;769.78;769.81;769.03;769.81;8.89;6845.86;769.71
12.01.2017 04:03;769.81;769.81;769.81;769.81;4;3079.24;769.81
12.01.2017 04:04;769.9;769.9;766.19;766.19;14.56;11186.27;768.34
12.01.2017 04:05;768.01;769.91;767.99;769.68;20.08;15444.96;769.19
12.01.2017 04:06;769.61;769.99;765.83;769.99;29.28;22475.66;767.52
12.01.2017 04:07;770.01;770.01;763.88;767.04;35.72;27391.95;766.85
12.01.2017 04:08;765.2;767.04;763.43;765.05;38.26;29267.5;765.01
12.01.2017 04:09;767.03;767.04;767.02;767.04;16.94;12997.1;767.03
12.01.2017 04:10;767.04;768.2;767.04;768.2;0.2;150.57;767.17
12.01.2017 04:11;769.27;769.57;767.95;768.24;4.45;3421.62;768.27
12.01.2017 04:12;0;0;0;0;0;0;0
12.01.2017 04:13;767.21;767.21;764.97;764.98;8.09;6191.46;765.1
12.01.2017 04:14;764.07;764.97;764.06;764.97;18.53;14160.08;764.32
12.01.2017 04:15;764.97;764.97;764.06;764.77;44.15;33753.41;764.58
12.01.2017 04:16;764.96;764.96;764.16;764.88;40.56;31005.33;764.49
12.01.2017 04:17;764.85;764.97;764.85;764.96;4.95;3790.2;764.95
12.01.2017 04:18;764.96;764.97;764.96;764.97;14.75;11284.85;764.97
12.01.2017 04:19;765;765.19;765;765.13;26.37;20176.45;765.14
12.01.2017 04:20;765.98;767.94;765.98;767.94;3.6;2762.96;767.77
12.01.2017 04:21;767.94;767.94;767.94;767.94;4.81;3695.6;767.94
12.01.2017 04:22;767.95;767.95;767.95;767.95;1;767.95;767.95
12.01.2017 04:23;768.21;769.2;768.21;769.2;0.07;50.64;768.96
12.01.2017 04:24;769.2;769.2;769.2;769.2;23.91;18390.16;769.2
12.01.2017 04:25;769.17;769.19;769.17;769.19;6.01;4624.46;769.18
12.01.2017 04:26;769.19;769.19;768.82;769.17;12.36;9507.16;769.15
12.01.2017 04:27;769.19;772.01;769.19;772.01;61.9;47692.01;770.47
12.01.2017 04:28;772.06;772.92;770.11;771.08;1.73;1334.29;771.95
12.01.2017 04:29;771.08;772.63;770.25;770.26;2.52;1940.13;770.7
12.01.2017 04:30;770.46;770.46;768.33;768.33;22.63;17401.7;769
12.01.2017 04:31;768.33;768.33;768;768;16.96;13028.73;768.31
12.01.2017 04:32;767.59;768.37;766.59;766.59;11.17;8577.89;767.74
12.01.2017 04:33;766.58;768.41;765.7;767.61;1.76;1351.6;767.54
12.01.2017 04:34;767.61;768.46;767.61;768.46;9.21;7075.31;768.05
12.01.2017 04:35;0;0;0;0;0;0;0
12.01.2017 04:36;767.86;768.39;767.8;768.37;63.59;48824.38;767.83
12.01.2017 04:37;768.36;768.37;767.88;767.88;7.47;5738.01;768.29
12.01.2017 04:38;768.39;768.39;767.8;767.8;12.97;9964.3;768.34
12.01.2017 04:39;768.39;768.59;768.39;768.59;10.15;7801.18;768.4
12.01.2017 04:40;768.58;768.58;768.58;768.58;8.45;6498.23;768.58
12.01.2017 04:41;768.58;768.58;768.58;768.58;9.23;7097.46;768.58
12.01.2017 04:42;768.58;768.58;768.58;768.58;9;6919.04;768.58
12.01.2017 04:43;768.58;768.58;768.58;768.58;0.61;465.9;768.58
12.01.2017 04:44;768.54;768.58;768.44;768.58;8.65;6651;768.5
12.01.2017 04:45;768.58;768.58;767.62;767.62;28.38;21800.64;768.03
12.01.2017 04:46;767.63;768.57;764.1;764.1;43.26;33072.95;764.46
12.01.2017 04:47;764.1;764.1;763.98;763.98;36.92;28207.13;764.09
12.01.2017 04:48;763.96;765.08;763;764.92;16.47;12580.3;763.77
12.01.2017 04:49;764.82;764.82;763.01;764.59;18;13752.87;764.05
12.01.2017 04:50;0;0;0;0;0;0;0
12.01.2017 04:51;764.53;764.53;764.53;764.53;1;764.53;764.53
12.01.2017 04:52;764.45;766.06;764.44;765.98;14.19;10857.48;765
12.01.2017 04:53;765.87;765.87;765.85;765.85;6.03;4618.08;765.85
12.01.2017 04:54;765.74;766.03;765;765;27.5;21052.01;765.53
12.01.2017 04:55;765.01;765.01;764.87;764.87;10.71;8196.1;765.01
12.01.2017 04:56;764.62;764.62;764.41;764.41;19.97;15263.74;764.51
12.01.2017 04:57;764.27;764.27;764.27;764.27;0.08;62.64;764.27
12.01.2017 04:58;764.07;764.07;764.07;764.07;0.01;7.64;764.07
12.01.2017 04:59;0;0;0;0;0;0;0
12.01.2017 05:00;763.48;763.48;762.25;762.25;7;5337.26;762.47
12.01.2017 05:01;762.26;762.26;761.05;761.95;38.08;28991.22;761.36
12.01.2017 05:02;761.92;761.92;761.81;761.81;1.17;889.22;761.85
12.01.2017 05:03;761.71;761.71;761.71;761.71;0.05;34.28;761.71
12.01.2017 05:04;761.91;761.91;761.06;761.06;10.12;7702.37;761.07
12.01.2017 05:05;761.06;761.06;761.06;761.06;43.08;32786.52;761.06
12.01.2017 05:06;761.9;761.9;761.89;761.89;1.06;804.22;761.89
12.01.2017 05:07;761.66;761.66;761.66;761.66;0.01;5.99;761.66
12.01.2017 05:08;761.05;761.05;761.04;761.05;5.86;4458.98;761.04
12.01.2017 05:09;761.57;762.01;761.57;762.01;1.83;1391.23;761.87
12.01.2017 05:10;0;0;0;0;0;0;0
12.01.2017 05:11;761.97;761.97;761.97;761.97;0.23;178.78;761.97
12.01.2017 05:12;762.25;763.24;762.25;763.24;3.01;2298.84;763.23
12.01.2017 05:13;763.24;763.24;763.24;763.24;2.33;1778.46;763.24
12.01.2017 05:14;763.2;763.2;763.2;763.2;0.23;178.85;763.2
12.01.2017 05:15;762.31;762.31;762.27;762.27;20.21;15405.66;762.27
12.01.2017 05:16;0;0;0;0;0;0;0
12.01.2017 05:17;0;0;0;0;0;0;0
12.01.2017 05:18;762.37;762.37;762.21;762.21;2.58;1964.75;762.28
12.01.2017 05:19;761.26;761.26;761.2;761.2;1.13;863.53;761.23
12.01.2017 05:20;761;761;760.89;760.89;0.08;60.31;760.96
12.01.2017 05:21;760.84;760.84;760.84;760.84;0.01;7.61;760.84
12.01.2017 05:22;760.89;762.12;760.89;760.99;0.88;670.94;761.66
12.01.2017 05:23;761.23;761.23;761.23;761.23;0.02;18.63;761.23
12.01.2017 05:24;761.34;761.42;760.38;760.38;10.07;7662.87;760.63
12.01.2017 05:25;761.99;762.09;760;762.09;29.1;22131.3;760.42
12.01.2017 05:26;760.4;760.53;760.29;760.29;15.37;11687.25;760.35
12.01.2017 05:27;761.3;762.9;761.3;762.9;0.26;194.88;762.72
12.01.2017 05:28;762.89;763.17;762.01;763.17;0.69;528.88;762.62
12.01.2017 05:29;0;0;0;0;0;0;0
12.01.2017 05:30;762.93;763;762.93;763;18;13733.93;763
12.01.2017 05:31;762.9;762.9;761.27;761.27;20;15228.92;761.45
12.01.2017 05:32;0;0;0;0;0;0;0
12.01.2017 05:33;761.51;762.89;761.51;762.89;26.53;20201.83;761.57
12.01.2017 05:34;761.48;761.48;761.48;761.48;2.04;1557.15;761.48
12.01.2017 05:35;761.26;761.26;761.26;761.26;5;3806.3;761.26
12.01.2017 05:36;761.28;761.28;761.25;761.25;7.64;5816;761.26
12.01.2017 05:37;760.26;760.26;759.98;759.98;0.12;90.71;760.07
12.01.2017 05:38;759.26;759.26;758.26;758.26;0.03;22.77;758.83
12.01.2017 05:39;759.07;759.07;758.92;758.92;0.05;38.5;758.99
12.01.2017 05:40;759.21;759.21;759.19;759.19;1.13;857.26;759.2
12.01.2017 05:41;0;0;0;0;0;0;0
12.01.2017 05:42;759.21;759.21;759.21;759.21;0.26;198.93;759.21
12.01.2017 05:43;759.2;759.2;759.2;759.2;0.01;5.69;759.2
12.01.2017 05:44;758.98;758.98;758.05;758.05;1.04;791.09;758.29
12.01.2017 05:45;0;0;0;0;0;0;0
12.01.2017 05:46;758.72;758.72;758.04;758.04;0.12;89.24;758.22
12.01.2017 05:47;759.22;759.26;759.22;759.26;0.02;15.18;759.24
12.01.2017 05:48;760;760.02;759.59;759.59;35.24;26786.04;760
12.01.2017 05:49;759.59;759.59;759.59;759.59;0.11;86.89;759.59
12.01.2017 05:50;0;0;0;0;0;0;0
12.01.2017 05:51;758.31;758.31;758.31;758.31;0.6;454.99;758.31
12.01.2017 05:52;759.77;759.82;759.77;759.82;2.04;1548.85;759.8
12.01.2017 05:53;0;0;0;0;0;0;0
12.01.2017 05:54;760.19;760.19;758.22;758.22;10.26;7788.61;758.95
12.01.2017 05:55;759.17;759.17;759.14;759.15;28.31;21494.32;759.17
12.01.2017 05:56;0;0;0;0;0;0;0
12.01.2017 05:57;758.29;762.25;758.29;762.25;32.86;25025.42;761.5
12.01.2017 05:58;0;0;0;0;0;0;0
12.01.2017 05:59;760.5;761.45;760.5;761.45;89.29;67930.49;760.79
12.01.2017 06:00;761.4;761.4;761.39;761.39;1.26;961.88;761.39
12.01.2017 06:01;760.21;760.21;759.09;759.09;3.27;2482.74;759.55
12.01.2017 06:02;0;0;0;0;0;0;0
12.01.2017 06:03;758.21;758.21;758;758.19;2.67;2025.97;758.12
12.01.2017 06:04;758.01;758.01;758.01;758.01;0.02;13.79;758.01
12.01.2017 06:05;758.13;759.59;758.13;759.59;19.04;14444.97;758.57
12.01.2017 06:06;758.28;759.42;758.28;759.39;43.47;32969.38;758.45
12.01.2017 06:07;759.1;759.1;759.1;759.1;0.2;153.19;759.1
12.01.2017 06:08;758.5;758.5;758.5;758.5;1.21;914.22;758.5
12.01.2017 06:09;759.02;759.04;757.59;757.59;51.06;38729.85;758.46
12.01.2017 06:10;757.59;757.81;757;757.5;22.44;16991.79;757.35
12.01.2017 06:11;757.5;757.5;757.5;757.5;26.48;20060.87;757.5
12.01.2017 06:12;757.5;759.27;757.5;757.5;20.91;15856.83;758.19
12.01.2017 06:13;0;0;0;0;0;0;0
12.01.2017 06:14;757.53;758.25;757.05;757.05;13.42;10164.97;757.55
12.01.2017 06:15;757.01;758.08;757;757;76.98;58283.9;757.15
12.01.2017 06:16;757;757.9;756.99;757.84;23;17422.44;757.5
12.01.2017 06:17;756.98;757.69;756.51;757.69;10.04;7607.47;757.69
12.01.2017 06:18;757.54;757.54;756.51;757.44;12.51;9478.38;757.41
12.01.2017 06:19;757.19;757.19;757.12;757.12;15;11357.15;757.14
12.01.2017 06:20;756.51;756.51;756.51;756.51;0.74;557.33;756.51
12.01.2017 06:21;0;0;0;0;0;0;0
12.01.2017 06:22;757.84;760;756.64;760;30.1;22811.92;757.79
12.01.2017 06:23;759.99;762.26;759.99;760.99;10.81;8233.52;761.69
12.01.2017 06:24;760.09;763;760.08;763;30.05;22914.57;762.51
12.01.2017 06:25;761.25;761.25;761.25;761.25;0.02;11.97;761.25
12.01.2017 06:26;0;0;0;0;0;0;0
12.01.2017 06:27;762.25;763.2;762.25;763.2;0.14;103.28;763.13
12.01.2017 06:28;763.2;763.2;763.2;763.2;0.8;610.56;763.2
12.01.2017 06:29;763.2;763.22;763.2;763.22;9.12;6961.52;763.2
12.01.2017 06:30;763.23;763.23;763.2;763.2;10;7632.02;763.2
12.01.2017 06:31;763.2;763.2;763.2;763.2;0.01;7.63;763.2
12.01.2017 06:32;0;0;0;0;0;0;0
12.01.2017 06:33;763.2;763.3;761.34;761.34;9.05;6893.04;761.78
12.01.2017 06:34;0;0;0;0;0;0;0
12.01.2017 06:35;761.24;761.24;761.24;761.24;10;7612.4;761.24
12.01.2017 06:36;0;0;0;0;0;0;0
12.01.2017 06:37;762;762;762;762;0.06;41.91;762
12.01.2017 06:38;762.23;762.23;762.23;762.23;0.01;7.62;762.23
12.01.2017 06:39;0;0;0;0;0;0;0
12.01.2017 06:40;762.23;762.24;761.31;762.24;3.76;2862.58;762.11
12.01.2017 06:41;761.41;762.24;761.41;762.24;0.23;175.42;761.7
12.01.2017 06:42;762.24;763.31;762.24;763.31;30.62;23355.17;762.73
12.01.2017 06:43;763.31;768.58;763.31;768.58;39.05;29964.04;767.25
12.01.2017 06:44;764.21;765.23;764.21;765.23;2.05;1570.18;764.25
12.01.2017 06:45;765.24;765.24;765.24;765.24;0.04;28.31;765.24
12.01.2017 06:46;0;0;0;0;0;0;0
12.01.2017 06:47;766.23;768.36;765.77;767.24;10.65;8178.28;767.99
12.01.2017 06:48;767.24;767.25;766.24;766.9;1.95;1495.54;767
12.01.2017 06:49;766.23;766.23;765.49;765.49;0.26;199.03;765.52
12.01.2017 06:50;766.83;766.83;766.83;766.83;0.01;9.69;766.83
12.01.2017 06:51;765.59;765.59;765.58;765.58;0.92;704.09;765.58
12.01.2017 06:52;765.24;765.24;765.24;765.24;0.02;15.3;765.24
12.01.2017 06:53;764.27;766.92;764.24;766.92;4.27;3275.85;766.53
12.01.2017 06:54;766.93;766.93;766.93;766.93;0.02;11.89;766.93
12.01.2017 06:55;764.87;764.87;764.58;764.58;70.92;54238.1;764.82
12.01.2017 06:56;766.1;766.1;766.08;766.08;0.08;57.54;766.09
12.01.2017 06:57;765.92;765.92;764.33;764.33;1.47;1128.43;765.85
12.01.2017 06:58;764.33;765.77;764.33;765.65;8;6123.33;765.76
12.01.2017 06:59;765.56;765.56;764.56;764.56;9.43;7208.74;764.57
12.01.2017 07:00;764.32;764.52;764.17;764.52;1.83;1396.6;764.2
12.01.2017 07:01;764.17;764.17;764.17;764.17;2.18;1665.24;764.17
12.01.2017 07:02;763.5;763.66;763.32;763.66;0.5;380.32;763.65
12.01.2017 07:03;762.5;762.5;762.32;762.32;0.02;15.25;762.41
12.01.2017 07:04;762.59;762.59;762;762.5;82.76;63101.71;762.46
12.01.2017 07:05;762.54;764.87;762.54;764.87;23.76;18134.39;763.31
12.01.2017 07:06;764.87;765.31;764.5;764.88;44.31;33889.96;764.77
12.01.2017 07:07;764.32;764.32;764.31;764.31;0.02;15.29;764.32
12.01.2017 07:08;763.52;763.52;763.32;763.32;0.02;15.27;763.42
12.01.2017 07:09;762.8;763.32;762.8;763.32;0.04;27.58;763.18
12.01.2017 07:10;0;0;0;0;0;0;0
12.01.2017 07:11;0;0;0;0;0;0;0
12.01.2017 07:12;763.07;763.07;763.07;763.07;0.14;106.83;763.07
12.01.2017 07:13;0;0;0;0;0;0;0
12.01.2017 07:14;0;0;0;0;0;0;0
12.01.2017 07:15;0;0;0;0;0;0;0
12.01.2017 07:16;0;0;0;0;0;0;0
12.01.2017 07:17;764.18;764.2;764.18;764.2;0.27;203.82;764.18
12.01.2017 07:18;764.2;764.2;764.2;764.2;0.45;340.37;764.2
12.01.2017 07:19;763.11;763.11;763.07;763.07;0.78;598.56;763.08
12.01.2017 07:20;763.83;764.23;763.09;763.11;15.93;12167.32;763.96
12.01.2017 07:21;763.13;763.13;763.03;763.03;9.03;6891.69;763.06
12.01.2017 07:22;763.03;763.03;763.03;763.03;8.25;6296.56;763.03
12.01.2017 07:23;763.67;763.99;763.03;763.03;2.08;1591.81;763.69
12.01.2017 07:24;762.32;763.98;762.08;762.66;0.74;565.6;763.45
12.01.2017 07:25;762.14;762.64;762.14;762.64;0.34;260.92;762.22
12.01.2017 07:26;762.14;762.14;762.14;762.14;0.3;228.64;762.14
12.01.2017 07:27;762.14;762.14;762.14;762.14;0.05;39.23;762.14
12.01.2017 07:28;762.64;762.64;762.64;762.64;0.14;103.07;762.64
12.01.2017 07:29;0;0;0;0;0;0;0
12.01.2017 07:30;0;0;0;0;0;0;0
12.01.2017 07:31;762.64;762.64;762.64;762.64;0.04;29.93;762.64
12.01.2017 07:32;762.64;762.65;762.2;762.2;0.29;219.63;762.49
12.01.2017 07:33;762.14;762.14;762.1;762.1;6.49;4945.28;762.1
12.01.2017 07:34;762.1;762.1;762;762;0.15;114.31;762.1
12.01.2017 07:35;762.1;762.1;762.1;762.1;3.18;2423.13;762.1
12.01.2017 07:36;762.1;762.1;761.66;761.66;16.83;12827.7;762.04
12.01.2017 07:37;761.5;761.5;761;761;10.29;7833.1;761.23
12.01.2017 07:38;761;761.1;761;761.1;0.27;208.25;761.09
12.01.2017 07:39;761.1;761.1;761.1;761.1;7.97;6062.37;761.1
12.01.2017 07:40;761.1;761.1;761.1;761.1;6.01;4577.83;761.1
12.01.2017 07:41;761;761;760.02;760.02;0.26;198.58;760.05
12.01.2017 07:42;760.02;760.02;760.02;760.02;0.79;597.95;760.02
12.01.2017 07:43;760.02;760.02;759.99;759.99;9.4;7141.85;760.02
12.01.2017 07:44;759.66;759.66;756.46;756.46;36.92;27932.34;756.55
12.01.2017 07:45;756.46;756.46;752.04;752.04;180.6;136121.58;753.72
12.01.2017 07:46;752;752.81;751.34;752.8;44;33088.2;752
12.01.2017 07:47;753.3;760.76;753.3;759.24;27.91;21171.19;758.56
12.01.2017 07:48;0;0;0;0;0;0;0
12.01.2017 07:49;759.12;759.12;759.12;759.12;0.73;555.61;759.12
12.01.2017 07:50;759.11;759.11;759.1;759.1;0.83;632.42;759.1
12.01.2017 07:51;758.11;758.11;756;756;0.91;684.97;756.04
12.01.2017 07:52;754.57;757.19;754.57;757;18.42;13940.17;756.67
12.01.2017 07:53;757.35;757.35;757.35;757.35;0.9;678.06;757.35
12.01.2017 07:54;757.32;758.11;757.31;758.11;22.57;17094.2;757.51
12.01.2017 07:55;758.1;758.1;758.1;758.1;21.3;16144.99;758.1
12.01.2017 07:56;758.1;758.1;758;758.04;2.98;2262.3;758.04
12.01.2017 07:57;758;758;758;758;0.02;11.37;758
12.01.2017 07:58;758;758;756.19;757.99;11.82;8961.11;757.99
12.01.2017 07:59;757.99;758.07;757.32;758.07;4.97;3770.14;758.02
12.01.2017 08:00;758.07;758.24;757.38;758.24;23.42;17745.12;757.55
12.01.2017 08:01;758.5;759.34;758.5;759.34;6.95;5273.21;758.99
12.01.2017 08:02;759.34;761.1;757.53;757.53;20.62;15656.49;759.32
12.01.2017 08:03;757.54;757.62;756.37;756.52;31.68;23985.42;757.04
12.01.2017 08:04;757.36;758.81;755.92;756.66;22.41;16964.44;756.83
12.01.2017 08:05;756.66;757.33;753.52;753.52;10.86;8195.75;754.37
12.01.2017 08:06;753.52;754.95;753.5;753.5;7.07;5331.45;753.77
12.01.2017 08:07;754.9;757.26;753.6;754.91;12.41;9370.56;754.82
12.01.2017 08:08;754.96;755.02;753.6;755.02;7.33;5530.64;754.92
12.01.2017 08:09;755.02;755.02;755.02;755.02;18.89;14261.67;755.02
12.01.2017 08:10;755.02;755.02;755.01;755.01;56.63;42758.03;755.02
12.01.2017 08:11;755.9;756.9;755.01;756;15.94;12043.74;755.5
12.01.2017 08:12;756;756.01;756;756.01;0.05;37.8;756
12.01.2017 08:13;757.01;760.02;757.01;760.02;4.68;3556.16;759.93
12.01.2017 08:14;760.33;760.35;759.06;759.17;12.02;9127.57;759.37
12.01.2017 08:15;759.23;759.23;758.62;758.62;1.1;834.46;759.22
12.01.2017 08:16;758.62;760.35;754.94;758.19;33.41;25377.24;759.64
12.01.2017 08:17;760;760.35;760;760.11;5.01;3810.97;760.06
12.01.2017 08:18;760.35;762.33;760.23;760.24;44.16;33644.11;761.89
12.01.2017 08:19;760.26;764.22;760.26;764.22;91.6;69848.34;762.54
12.01.2017 08:20;764.21;764.23;764;764;16.64;12710.87;764.1
12.01.2017 08:21;764;764;764;764;0.79;605.09;764
12.01.2017 08:22;764;764;761.32;761.34;8.58;6543.04;762.51
12.01.2017 08:23;761.34;763.96;761.34;763.96;6.42;4892.01;761.9
12.01.2017 08:24;761.36;761.84;761.36;761.61;10.73;8175.02;761.6
12.01.2017 08:25;764;764.32;764;764.32;8.63;6592.8;764.23
12.01.2017 08:26;764.5;766.04;764.5;766.02;11.22;8590.16;765.61
12.01.2017 08:27;766.04;766.05;766.04;766.05;5.58;4272.05;766.05
12.01.2017 08:28;766.84;766.84;766.84;766.84;6.74;5169.5;766.84
12.01.2017 08:29;766.82;766.82;766.77;766.77;21.85;16753.1;766.82
12.01.2017 08:30;766.93;766.93;766.83;766.83;6.33;4855.84;766.86
12.01.2017 08:31;766.93;766.93;766.93;766.93;0.39;299.1;766.93
12.01.2017 08:32;766.93;768.58;766.93;768.57;11.59;8891.75;767.49
12.01.2017 08:33;768.09;768.61;768.09;768.61;12.24;9406.38;768.57
12.01.2017 08:34;768.83;768.86;767.04;767.04;10.06;7725.28;767.74
12.01.2017 08:35;768.83;768.83;768.43;768.43;1.13;868.58;768.78
12.01.2017 08:36;767.03;767.03;767;767;0.02;15.34;767.02
12.01.2017 08:37;766.92;766.92;766.92;766.92;1.3;998.5;766.92
12.01.2017 08:38;766.83;766.83;765.04;765.04;34.3;26240.9;765.11
12.01.2017 08:39;765.92;766;765.82;766;13.06;10007.53;766
12.01.2017 08:40;766.01;766.66;766.01;766.66;0.13;103.39;766.61
12.01.2017 08:41;766.61;766.61;765;765;2.37;1814.49;765.88
12.01.2017 08:42;0;0;0;0;0;0;0
12.01.2017 08:43;764.22;764.22;764.22;764.22;1.31;998.5;764.22
12.01.2017 08:44;764.04;764.04;761.4;761.4;20.36;15516.81;762.28
12.01.2017 08:45;762.93;762.93;760.17;760.17;6.48;4927.26;760.81
12.01.2017 08:46;760.15;760.19;760;760.01;7.45;5660.65;760.02
12.01.2017 08:47;760.01;761.95;760.01;760.01;20.12;15293.04;760.21
12.01.2017 08:48;760.11;762.68;759.3;762.63;12.88;9794.4;760.31
12.01.2017 08:49;761.04;762.55;761.04;761.15;4.53;3447.54;761.39
12.01.2017 08:50;761.04;764.62;759.1;764.62;2.32;1764.73;760.02
12.01.2017 08:51;761.03;761.06;761.03;761.06;3.35;2550.28;761.05
12.01.2017 08:52;761.06;763.59;760.5;760.51;3.9;2968.18;761.07
12.01.2017 08:53;760.51;763.72;760.04;760.09;2.5;1906.05;761.51
12.01.2017 08:54;761.01;761.01;761;761;10;7610;761
12.01.2017 08:55;761.98;761.98;760.03;760.03;1.1;835.87;760.36
12.01.2017 08:56;761.08;764;761.08;764;1.6;1219.95;763.93
12.01.2017 08:57;762.06;762.06;762.06;762.06;0.23;178.32;762.06
12.01.2017 08:58;762.1;764;762.09;763.1;12.52;9563.4;763.88
12.01.2017 08:59;763.12;763.97;762;762.05;3.09;2356.39;763.08
12.01.2017 09:00;762.05;763;762;762.03;2.46;1876.43;762.44
12.01.2017 09:01;762.05;762.83;762.05;762.83;0.13;99.24;762.17
12.01.2017 09:02;762.99;762.99;762.99;762.99;1.31;997.61;762.99
12.01.2017 09:03;762.95;764;760.87;760.87;15.99;12202.12;762.91
12.01.2017 09:04;760.07;760.14;760;760;24.15;18353.41;760.01
12.01.2017 09:05;760;760.69;760;760;25.8;19611.11;760.01
12.01.2017 09:06;760;760;759;759;26.8;20346.14;759.22
12.01.2017 09:07;759;759;755.01;755.01;24.17;18341.39;758.83
12.01.2017 09:08;755.01;755.96;754.27;754.27;20.74;15666.6;755.37
12.01.2017 09:09;754.27;758.02;754.27;755.92;9.76;7378.5;756.24
12.01.2017 09:10;756.6;756.62;755.87;755.87;0.33;249.02;756.08
12.01.2017 09:11;756.02;756.97;756.02;756.09;6.13;4641.86;756.87
12.01.2017 09:12;756.14;756.94;755.03;755.03;6.46;4887.03;756.54
12.01.2017 09:13;756.08;756.08;755.01;755.01;5.91;4467.26;755.66
12.01.2017 09:14;755.06;758.06;755.02;756.12;16.83;12726.91;756.2
12.01.2017 09:15;757.3;757.36;757.3;757.36;3.86;2925.56;757.32
12.01.2017 09:16;758.73;758.8;757.3;757.34;6.66;5040.07;757.34
12.01.2017 09:17;757.34;758.72;756;756.01;10.97;8306.12;756.89
12.01.2017 09:18;756.05;758.28;756;758.28;11.92;9024.56;757.09
12.01.2017 09:19;756.26;758.28;756.26;758.28;4.62;3501.2;758.25
12.01.2017 09:20;757.3;759;757.3;759;11.45;8685.27;758.6
12.01.2017 09:21;759;760.5;758.88;760.26;16.64;12640.9;759.8
12.01.2017 09:22;760.5;764;760.26;762.25;18.85;14354.83;761.62
12.01.2017 09:23;762.28;763.99;762.28;763.98;13.4;10239.33;763.86
12.01.2017 09:24;763.93;763.93;763.93;763.93;0.14;107.62;763.93
12.01.2017 09:25;763.74;763.74;762.54;762.56;1.83;1393.6;762.89
12.01.2017 09:26;762.57;763.48;762.5;762.5;1.52;1158.02;762.86
12.01.2017 09:27;762.61;762.98;762.47;762.98;6.65;5069.63;762.58
12.01.2017 09:28;762.51;762.98;762.47;762.47;7.28;5552;762.7
12.01.2017 09:29;762.96;762.96;762.96;762.96;0.02;11.59;762.96
12.01.2017 09:30;762.97;762.99;762.48;762.99;1.32;1006.82;762.78
12.01.2017 09:31;762.48;762.99;762.48;762.99;4.17;3181.39;762.92
12.01.2017 09:32;762.99;763.7;762.99;762.99;15.57;11880.15;762.99
12.01.2017 09:33;762.99;763.45;762.47;763.45;5.98;4565.1;762.99
12.01.2017 09:34;762.48;763.84;762.48;762.48;11.29;8609.33;762.49
12.01.2017 09:35;0;0;0;0;0;0;0
12.01.2017 09:36;763.92;763.94;762.41;763.94;8.56;6531.97;763.47
12.01.2017 09:37;763.94;764;763.94;764;3.14;2397.17;763.99
12.01.2017 09:38;764.01;764.02;763.94;763.94;3.83;2929;763.96
12.01.2017 09:39;763.96;764.06;763.02;764.06;15.28;11671.88;764.04
12.01.2017 09:40;764.09;764.21;764.02;764.02;9.15;6990.35;764.18
12.01.2017 09:41;764.21;764.21;762.99;762.99;14.88;11363.66;763.53
12.01.2017 09:42;762.99;763.73;762.99;762.99;2.2;1677.07;762.99
12.01.2017 09:43;762.99;763.59;762.99;762.99;8.23;6285.07;763.23
12.01.2017 09:44;762.99;763.49;762.99;763.49;1.61;1232.24;763.02
12.01.2017 09:45;763.49;763.49;763.49;763.49;4.11;3136.07;763.49
12.01.2017 09:46;762.99;763.49;762.99;762.99;20.66;15766.15;763.03
12.01.2017 09:47;0;0;0;0;0;0;0
12.01.2017 09:48;763.49;763.49;762.99;762.99;0.31;237.04;763.47
12.01.2017 09:49;763.49;763.49;763.49;763.49;11.71;8939.22;763.49
12.01.2017 09:50;763;763;763;763;0.2;152.6;763
12.01.2017 09:51;763.49;763.58;762.99;762.99;9.69;7395.2;763.39
12.01.2017 09:52;763;763;762.99;762.99;7.3;5573.34;762.99
12.01.2017 09:53;762.84;762.85;762.03;762.03;4.83;3681.74;762.85
12.01.2017 09:54;761.36;761.36;761.36;761.36;0.26;195.67;761.36
12.01.2017 09:55;761.37;761.97;761.24;761.25;12.21;9297.85;761.29
12.01.2017 09:56;761.25;761.97;761.25;761.26;39.76;30264.75;761.26
12.01.2017 09:57;761.26;761.89;761.24;761.24;10.93;8320.61;761.31
12.01.2017 09:58;761.24;761.25;760.24;761.21;9.61;7316.96;761.18
12.01.2017 09:59;760.24;761.28;757.47;758.33;16.94;12873.21;759.83
12.01.2017 10:00;758.82;758.91;757.33;758.91;4;3031.19;758.66
12.01.2017 10:01;758.81;759.69;758.8;758.8;1.43;1082.32;758.99
12.01.2017 10:02;759.83;761.99;759.83;761.99;7.07;5385.43;761.76
12.01.2017 10:03;761.99;763.76;761.99;762.07;20.34;15504.22;762.44
12.01.2017 10:04;763.7;764.61;763.7;764;34.9;26658.15;763.87
12.01.2017 10:05;764;764;764;764;7.73;5907.13;764
12.01.2017 10:06;764.58;764.83;764.11;764.83;35.38;27039.01;764.28
12.01.2017 10:07;764.97;764.97;764.71;764.71;0.4;303.42;764.88
12.01.2017 10:08;764.97;764.97;764.97;764.97;0.06;45.85;764.97
12.01.2017 10:09;764.97;766.3;764.97;766.3;1.05;800.18;765.42
12.01.2017 10:10;766.14;766.14;766.14;766.14;0.03;19.15;766.14
12.01.2017 10:11;766.13;766.13;766.13;766.13;0.32;243.6;766.13
12.01.2017 10:12;766.13;766.13;764.02;764.02;4.05;3097.02;765.32
12.01.2017 10:13;764.02;764.02;764.02;764.02;0.06;47.02;764.02
12.01.2017 10:14;0;0;0;0;0;0;0
12.01.2017 10:15;764.02;764.02;764.02;764.02;0.07;53.44;764.02
12.01.2017 10:16;764.02;764.02;764;764;0.32;240.69;764.01
12.01.2017 10:17;764;764;764;764;0.79;602.8;764
12.01.2017 10:18;764.94;764.94;764;764.91;30.77;23533.34;764.89
12.01.2017 10:19;764.91;764.91;764.01;764.01;1.16;885.48;764.11
12.01.2017 10:20;764.85;764.85;764.01;764.01;0.61;467.84;764.45
12.01.2017 10:21;764.88;764.94;764.01;764.01;1.14;874.61;764.28
12.01.2017 10:22;764.01;764.04;764;764.04;2.04;1557.08;764.02
12.01.2017 10:23;764.04;764.04;764.04;764.04;1.32;1007;764.04
12.01.2017 10:24;764.06;764.74;764.06;764.06;5.88;4494.14;764.22
12.01.2017 10:25;764.06;764.06;764.06;764.06;4.43;3385.93;764.06
12.01.2017 10:26;764.06;764.06;764.06;764.06;0.46;354.52;764.06
12.01.2017 10:27;764.06;764.64;764.06;764.06;3.6;2751.21;764.16
12.01.2017 10:28;764.06;764.09;764.06;764.09;0.85;648.69;764.06
12.01.2017 10:29;764.09;764.09;764.09;764.09;0.36;275.84;764.09
12.01.2017 10:30;764.09;764.1;764.09;764.09;12.57;9604.84;764.1
12.01.2017 10:31;764.09;764.74;764.06;764.07;20.51;15675.75;764.34
12.01.2017 10:32;764.08;764.74;764.06;764.07;14.89;11381.41;764.3
12.01.2017 10:33;764.07;764.6;764.06;764.07;5.25;4010.8;764.08
12.01.2017 10:34;764.07;764.68;764.07;764.68;3.64;2784.63;764.07
12.01.2017 10:35;764.13;764.7;764.07;764.07;13.07;9990.37;764.22
12.01.2017 10:36;764.07;764.67;764.07;764.07;2.97;2272.7;764.13
12.01.2017 10:37;764.07;764.56;764.07;764.56;1.75;1335.77;764.09
12.01.2017 10:38;764.56;764.56;764.56;764.56;0.02;16.24;764.56
12.01.2017 10:39;764.67;764.67;764.67;764.67;5.96;4557.43;764.67
12.01.2017 10:40;764.68;764.68;764.68;764.68;0.66;507.1;764.68
12.01.2017 10:41;764.51;764.7;764.4;764.69;6.92;5290.37;764.58
12.01.2017 10:42;764.69;764.7;764.06;764.06;21.13;16154.11;764.33
12.01.2017 10:43;764.06;764.7;764.06;764.7;13.14;10048.53;764.48
12.01.2017 10:44;764.1;764.68;764.07;764.08;3.57;2726.58;764.36
12.01.2017 10:45;764.07;764.07;764.07;764.07;4.66;3557.88;764.07
12.01.2017 10:46;764.07;764.66;764.07;764.07;7.13;5448.57;764.08
12.01.2017 10:47;764.07;764.66;764;764;7.6;5808.45;764.05
12.01.2017 10:48;764;764.67;764;764;13.14;10046.28;764.3
12.01.2017 10:49;764;764.67;764;764.07;11.1;8485.19;764.48
12.01.2017 10:50;764.08;764.67;764;764;15.86;12119.25;764.14
12.01.2017 10:51;764.64;764.7;764.07;764.7;17.29;13217.12;764.64
12.01.2017 10:52;764.07;764.07;764.07;764.07;0.17;128.62;764.07
12.01.2017 10:53;764.7;766.91;764.7;765.82;19.85;15182.42;765.01
12.01.2017 10:54;765;765.82;765;765;4.45;3403.44;765.01
12.01.2017 10:55;765;767;765;767;83.04;63648.78;766.52
12.01.2017 10:56;767.01;767.04;767.01;767.04;2.87;2199.03;767.02
12.01.2017 10:57;767.06;771.61;767.06;771.61;17.78;13677.46;769.1
12.01.2017 10:58;771.24;776.91;771.24;776.91;51.75;40016.64;773.26
12.01.2017 10:59;776.9;778.9;776.9;778.52;1.92;1491.33;777
12.01.2017 11:00;778.57;780.79;778.57;780.77;30.51;23782.9;779.51
12.01.2017 11:01;779.09;780.74;773.92;775.98;9.7;7554.34;778.79
12.01.2017 11:02;776.05;776.92;776.05;776.91;0.56;431.84;776.9
12.01.2017 11:03;776.91;776.94;776.91;776.94;0.21;165.98;776.92
12.01.2017 11:04;776.92;780;776.92;778.55;65.63;51147.19;779.27
12.01.2017 11:05;779.86;780.08;779;780.08;89.72;69979.76;779.94
12.01.2017 11:06;780.49;782;780.49;780.49;37.55;29353.06;781.79
12.01.2017 11:07;780.5;780.55;777.93;777.93;47;36659.8;779.98
12.01.2017 11:08;777.93;777.96;777.93;777.93;7.75;6031.46;777.95
12.01.2017 11:09;777.93;778.58;777.93;777.93;10.65;8283.46;778.1
12.01.2017 11:10;778.54;778.54;773.25;773.34;15.28;11852.45;775.89
12.01.2017 11:11;0;0;0;0;0;0;0
12.01.2017 11:12;0;0;0;0;0;0;0
12.01.2017 11:13;775.05;775.97;775.05;775.97;4.09;3171.9;775.07
12.01.2017 11:14;775.9;775.91;775;775.91;54.67;42377.49;775.11
12.01.2017 11:15;775.05;775.05;775.05;775.05;1;775.05;775.05
12.01.2017 11:16;0;0;0;0;0;0;0
12.01.2017 11:17;775.05;775.05;775.05;775.05;4.78;3700.86;775.05
12.01.2017 11:18;775.05;775.05;772;772;5.03;3893.03;774.58
12.01.2017 11:19;772.01;772.01;771;771;3.47;2678.88;771.97
12.01.2017 11:20;772.01;773.89;772.01;773.89;0.03;26.83;772.81
12.01.2017 11:21;772.9;772.9;770.57;770.57;0.4;310.51;770.85
12.01.2017 11:22;770.59;770.59;770.1;770.1;4.14;3189.27;770.14
12.01.2017 11:23;770.4;770.4;770;770;21.17;16306.37;770.09
12.01.2017 11:24;770;771.17;766.85;766.85;51.15;39363.42;769.51
12.01.2017 11:25;766.85;767.88;765;765;29.38;22487.32;765.46
12.01.2017 11:26;765.1;765.1;764.08;765;32.29;24703.59;764.99
12.01.2017 11:27;764.1;764.98;764.1;764.1;3.01;2297.91;764.11
12.01.2017 11:28;764.1;764.99;764.04;764.99;16.27;12442.87;764.6
12.01.2017 11:29;764.07;764.07;764.07;764.07;0.29;220.98;764.07
12.01.2017 11:30;764.07;764.07;763;763;16.33;12467.04;763.59
12.01.2017 11:31;762.83;764.07;762.68;764.07;10.72;8181.1;763.02
12.01.2017 11:32;764.07;764.84;762.68;764.59;0.29;220.13;764.12
12.01.2017 11:33;0;0;0;0;0;0;0
12.01.2017 11:34;763.13;764.29;763.1;763.1;0.66;500.81;764.01
12.01.2017 11:35;763.11;764.16;763.1;763.1;7.47;5700.54;763.18
12.01.2017 11:36;764.25;764.25;763.1;763.1;1.49;1135.88;763.87
12.01.2017 11:37;763.1;764.02;761.3;762.76;10.92;8330.06;762.9
12.01.2017 11:38;762.76;762.76;761.24;761.24;9.63;7333.55;761.48
12.01.2017 11:39;761.24;762.67;761.24;761.24;5.53;4208.08;761.45
12.01.2017 11:40;761.24;762.57;761.24;762.49;15.85;12082.76;762.56
12.01.2017 11:41;762.53;764.28;762.53;764.28;3.69;2819.81;764.24
12.01.2017 11:42;764;764.28;762.53;763.39;15.69;11984.6;764.06
12.01.2017 11:43;764.23;764.23;764.23;764.23;0.36;274.27;764.23
12.01.2017 11:44;763.39;764.22;759.01;764.17;48.57;37077.79;763.45
12.01.2017 11:45;763.51;763.51;760.05;762.76;4.49;3428.49;762.85
12.01.2017 11:46;762.55;762.55;762.55;762.55;0.27;206.67;762.55
12.01.2017 11:47;762.55;764.29;756;764.29;76.27;58008.35;760.55
12.01.2017 11:48;764.39;766.04;761.21;761.21;9.73;7442.28;764.94
12.01.2017 11:49;763.67;764.64;763.67;764.64;0.33;252.96;764.53
12.01.2017 11:50;764.87;768.5;764.87;768.5;4.86;3727.59;767.46
12.01.2017 11:51;769.58;770.02;769.58;770;14.61;11248.99;769.97
12.01.2017 11:52;770.57;770.65;770.57;770.65;0.14;107.09;770.64
12.01.2017 11:53;770.64;770.64;765;765;2.53;1936.7;766.33
12.01.2017 11:54;765.01;766.99;765.01;765.02;6.4;4897.55;765.21
12.01.2017 11:55;766.77;767;766.77;767;14;10735.36;766.81
12.01.2017 11:56;765.14;766.77;765.01;765.01;9.19;7042.26;766.44
12.01.2017 11:57;765.01;768.25;765.01;767;28.7;22020.8;767.28
12.01.2017 11:58;768.25;768.25;767;767;1.38;1061.94;767.03
12.01.2017 11:59;767;768.17;766.71;767.11;3.64;2790.26;767.01
12.01.2017 12:00;767.11;768.25;767.11;768.25;6.13;4711.77;768.2
12.01.2017 12:01;769.01;769.01;768.98;768.98;1.66;1274.72;769
12.01.2017 12:02;768.3;769.82;766.73;769.79;12.45;9569.03;768.81
12.01.2017 12:03;769.76;770.81;767.02;767.02;18.55;14273.58;769.52
12.01.2017 12:04;0;0;0;0;0;0;0
12.01.2017 12:05;769.74;770.99;768.1;769.93;10.89;8381.81;769.78
12.01.2017 12:06;770.99;770.99;770.99;770.99;0.05;42.06;770.99
12.01.2017 12:07;769.93;769.93;768.01;768.01;5.31;4086.11;769.55
12.01.2017 12:08;768.01;770.8;768.01;769.01;2.18;1679.03;769.88
12.01.2017 12:09;769.01;770.72;768.01;768.11;8.35;6419.67;768.52
12.01.2017 12:10;768.11;768.99;767.79;767.79;19.98;15360.47;768.72
12.01.2017 12:11;768.94;769.92;767.78;769.92;19.5;14994.55;768.91
12.01.2017 12:12;768.99;769.01;768.99;769;5.04;3875.77;769
12.01.2017 12:13;770.95;770.95;770.92;770.92;0.68;524.95;770.94
12.01.2017 12:14;769.02;769.02;768.99;768.99;12.44;9569.64;769.02
12.01.2017 12:15;770.91;770.91;768.98;768.98;1.39;1066.11;769.46
12.01.2017 12:16;768.99;770.84;768.99;770.84;9.87;7599.46;769.65
12.01.2017 12:17;770.82;770.82;770.82;770.82;0.81;624.24;770.82
12.01.2017 12:18;770;770;769.01;769.01;0.82;633.53;769.94
12.01.2017 12:19;769.01;770;768.99;770;1.49;1145.63;769.56
12.01.2017 12:20;769.99;770;768.99;770;3.92;3018.54;769.96
12.01.2017 12:21;770;770.56;767.05;770.56;1.47;1129.21;769.71
12.01.2017 12:22;770.49;770.93;770.49;770.57;0.2;152.52;770.63
12.01.2017 12:23;770.49;770.94;767.16;770.94;2.16;1661.35;770.78
12.01.2017 12:24;770.94;770.99;770.94;770.94;2.24;1726.01;770.94
12.01.2017 12:25;770.9;770.94;770.9;770.94;4.35;3350.86;770.92
12.01.2017 12:26;770;770.94;770;770.94;11.04;8502.26;770.09
12.01.2017 12:27;769.46;770.93;769.46;770.93;0.98;754.09;769.48
12.01.2017 12:28;770.93;770.94;770.93;770.94;1.12;863.16;770.93
12.01.2017 12:29;770.94;770.98;770.94;770.98;11.96;9220.55;770.95
12.01.2017 12:30;770.98;770.98;770.98;770.98;1.49;1147.51;770.98
12.01.2017 12:31;770.98;770.98;770.98;770.98;2.09;1611.72;770.98
12.01.2017 12:32;770.98;770.98;769.76;769.85;1.98;1524.18;770.53
12.01.2017 12:33;769.97;770.99;769.97;770.03;4.3;3315.88;770.76
12.01.2017 12:34;770.99;770.99;770.13;770.13;0.8;620.14;770.46
12.01.2017 12:35;770.99;770.99;770.39;770.53;1.41;1089.21;770.71
12.01.2017 12:36;770.55;770.99;770.55;770.64;17.54;13520.52;770.95
12.01.2017 12:37;770.7;771;770.7;770.82;3;2312.76;770.92
12.01.2017 12:38;0;0;0;0;0;0;0
12.01.2017 12:39;770.99;770.99;770.99;770.99;0.05;36.08;770.99
12.01.2017 12:40;770.99;770.99;770.98;770.98;2.82;2176.5;770.99
12.01.2017 12:41;771;771;770.76;770.76;4.93;3800.86;770.77
12.01.2017 12:42;771;771;771;771;0.37;288.19;771
12.01.2017 12:43;771;771;771;771;0.19;149.4;771
12.01.2017 12:44;770.89;770.92;770.08;770.89;15.01;11567.98;770.64
12.01.2017 12:45;770.09;770.99;770.08;770.89;23.92;18435.76;770.77
12.01.2017 12:46;770.89;770.89;770.08;770.08;6;4624;770.67
12.01.2017 12:47;770.1;770.1;770.1;770.1;0.04;30.7;770.1
12.01.2017 12:48;0;0;0;0;0;0;0
12.01.2017 12:49;770.08;770.08;770.08;770.08;0.1;77.01;770.08
12.01.2017 12:50;770.1;770.99;770.1;770.89;1.69;1301.78;770.62
12.01.2017 12:51;770.96;770.99;770.96;770.99;4.04;3112.22;770.98
12.01.2017 12:52;770.94;770.94;770.94;770.94;1.07;825.37;770.94
12.01.2017 12:53;0;0;0;0;0;0;0
12.01.2017 12:54;770.98;770.98;770.98;770.98;1.05;812.51;770.98
12.01.2017 12:55;770.98;770.98;770.98;770.98;0.16;125.78;770.98
12.01.2017 12:56;770.98;770.98;770.96;770.96;9.03;6965.64;770.96
12.01.2017 12:57;770.98;770.98;770.98;770.98;1.19;916.77;770.98
12.01.2017 12:58;770.98;770.98;770.98;770.98;3.99;3077.88;770.98
12.01.2017 12:59;770.98;770.98;770.98;770.98;1.49;1148.54;770.98
12.01.2017 13:00;770.98;770.99;770.97;770.99;5.08;3914.14;770.99
12.01.2017 13:01;0;0;0;0;0;0;0
12.01.2017 13:02;770.99;771.16;770.97;771.16;5.56;4284.41;771.02
12.01.2017 13:03;771.16;771.16;771.16;771.16;6.57;5065.92;771.16
12.01.2017 13:04;771.16;773.45;771.16;773.45;4.5;3475.14;772.2
12.01.2017 13:05;773.42;773.42;771.3;773.42;5;3868.47;773.4
12.01.2017 13:06;0;0;0;0;0;0;0
12.01.2017 13:07;773.4;773.4;773.4;773.4;6.6;5102.79;773.4
12.01.2017 13:08;773.4;773.42;773.4;773.42;0.83;639.35;773.4
12.01.2017 13:09;772.15;773.42;771.62;773.41;1.49;1152.7;772.17
12.01.2017 13:10;773.41;773.42;773.41;773.42;2.06;1594.54;773.42
12.01.2017 13:11;0;0;0;0;0;0;0
12.01.2017 13:12;773.42;773.42;773.42;773.42;1.98;1534.01;773.42
12.01.2017 13:13;773.42;774.99;773.42;774.99;3.33;2576.14;773.9
12.01.2017 13:14;775;775;775;775;2.13;1652.83;775
12.01.2017 13:15;775;775;775;775;0.52;400.28;775
12.01.2017 13:16;775;775.04;774.99;775.04;19.58;15173.68;775
12.01.2017 13:17;775.14;775.36;775.04;775.36;0.33;252.87;775.32
12.01.2017 13:18;775.36;776.04;775.36;776.03;13.83;10730.48;775.84
12.01.2017 13:19;776.94;777.93;776.94;777.93;1.03;802.55;777.91
12.01.2017 13:20;776.65;777.93;774.08;774.08;2.21;1715.18;776.7
12.01.2017 13:21;776.01;777.88;776.01;777.88;0.2;158.64;776.13
12.01.2017 13:22;777.48;777.48;777.48;777.48;0.33;256.95;777.48
12.01.2017 13:23;777.48;778.05;777.48;778;20.26;15760.38;777.87
12.01.2017 13:24;778;778.37;777.05;777.53;22.75;17694.09;777.62
12.01.2017 13:25;778;778.02;778;778;8.91;6933.52;778
12.01.2017 13:26;778;778.02;778;778;21.49;16717.57;778.01
12.01.2017 13:27;778;778.02;775.03;778.02;5.2;4041.9;777.66
12.01.2017 13:28;778.01;778.02;775.52;778.02;11.37;8841.74;777.9
12.01.2017 13:29;775.84;775.84;775.84;775.84;0.9;698.26;775.84
12.01.2017 13:30;0;0;0;0;0;0;0
12.01.2017 13:31;777.96;778;776.44;776.44;6.43;4992.07;776.88
12.01.2017 13:32;776.42;776.42;776.42;776.42;0.03;25.19;776.42
12.01.2017 13:33;774.51;776.42;774.51;776.42;0.52;406.89;776.33
12.01.2017 13:34;776;778;776;777;13.72;10657.7;776.77
12.01.2017 13:35;777.99;778.02;777.99;778.02;1.69;1311.66;778
12.01.2017 13:36;778.02;778.8;778.02;778.8;3;2336.12;778.71
12.01.2017 13:37;778.03;778.03;778.03;778.03;0.26;199.95;778.03
12.01.2017 13:38;778.8;778.84;778.02;778.02;3.13;2439.23;778.56
12.01.2017 13:39;778.03;778.83;778.03;778.83;14.1;10975.81;778.26
12.01.2017 13:40;778.84;778.84;778.28;778.28;0.41;322.49;778.57
12.01.2017 13:41;778.94;780;778.94;779.99;10.06;7844.92;779.96
12.01.2017 13:42;779.97;779.97;779.97;779.97;1.28;998.5;779.97
12.01.2017 13:43;779.9;779.9;778.82;778.82;2.54;1980.13;779.47
12.01.2017 13:44;779.88;779.88;779.88;779.88;1.26;979.75;779.88
12.01.2017 13:45;779.88;779.88;779.88;779.88;6.59;5142.78;779.88
12.01.2017 13:46;779.88;779.88;779.5;779.88;0.12;89.93;779.72
12.01.2017 13:47;0;0;0;0;0;0;0
12.01.2017 13:48;779.88;779.88;779.52;779.52;1.35;1049.36;779.52
12.01.2017 13:49;779.87;780.01;779.87;780.01;13.72;10698.11;779.92
12.01.2017 13:50;780.01;781.4;778.81;781.4;61.35;47855.64;780.05
12.01.2017 13:51;781.43;781.43;778.82;780.78;8.23;6427.37;780.75
12.01.2017 13:52;780.75;780.77;778.81;778.81;16.82;13130.07;780.5
12.01.2017 13:53;778.81;778.85;778.81;778.85;0.96;744.41;778.84
12.01.2017 13:54;778.86;779.98;778.86;778.88;2.29;1781.94;779.55
12.01.2017 13:55;779.79;779.98;778.93;779.98;28.92;22546.79;779.5
12.01.2017 13:56;779;779;779;779;0.06;48.9;779
12.01.2017 13:57;779.11;779.11;778.86;778.86;10;7788.94;778.89
12.01.2017 13:58;0;0;0;0;0;0;0
12.01.2017 13:59;778.86;778.86;778.86;778.86;0.05;39.4;778.86
12.01.2017 14:00;779.94;779.95;779.94;779.95;0.3;231.32;779.95
12.01.2017 14:01;779.01;779.01;779.01;779.01;0.41;317.79;779.01
12.01.2017 14:02;0;0;0;0;0;0;0
12.01.2017 14:03;779.89;779.9;779.89;779.9;1.69;1319.61;779.9
12.01.2017 14:04;0;0;0;0;0;0;0
12.01.2017 14:05;779.03;779.03;779.03;779.03;0.03;22.59;779.03
12.01.2017 14:06;779.88;779.94;779.88;779.94;15;11698.28;779.89
12.01.2017 14:07;0;0;0;0;0;0;0
12.01.2017 14:08;779.88;779.98;779.41;779.41;13.84;10793.84;779.79
12.01.2017 14:09;779.55;779.59;779.54;779.59;2.48;1933.27;779.55
12.01.2017 14:10;0;0;0;0;0;0;0
12.01.2017 14:11;779.11;779.92;779.11;779.92;1.84;1435.58;779.37
12.01.2017 14:12;779.96;781.8;779.96;779.99;12.99;10141.46;780.85
12.01.2017 14:13;780.14;780.66;779.95;779.95;10.21;7966.96;780.03
12.01.2017 14:14;779.97;779.97;779.96;779.96;16.75;13062.84;779.96
12.01.2017 14:15;779.96;779.96;779.95;779.95;3.19;2488.53;779.95
12.01.2017 14:16;779.95;779.95;779.07;779.16;6.94;5410.75;779.48
12.01.2017 14:17;779.23;779.35;779.23;779.35;4.28;3337.26;779.29
12.01.2017 14:18;779.35;779.4;779.04;779.06;7.08;5517.22;779.31
12.01.2017 14:19;779.06;779.1;779.06;779.1;3.49;2715.93;779.08
12.01.2017 14:20;779.09;779.97;779.08;779.97;9.95;7758.99;779.52
12.01.2017 14:21;779.28;779.28;779.03;779.26;12.83;9995.62;779.1
12.01.2017 14:22;779.26;779.81;778.86;778.86;2.93;2281.76;779.24
12.01.2017 14:23;778.86;778.86;778.86;778.86;3.83;2984.37;778.86
12.01.2017 14:24;778.86;779.8;778.86;778.87;3.37;2625.62;778.97
12.01.2017 14:25;778.89;779.72;777.44;779.71;103.22;80376.99;778.67
12.01.2017 14:26;779.71;779.79;779.71;779.79;82.77;64545.08;779.78
12.01.2017 14:27;779.71;779.71;779.71;779.71;1.3;1013.62;779.71
12.01.2017 14:28;779.67;779.71;779.67;779.69;3.92;3057.23;779.71
12.01.2017 14:29;779.69;779.69;779.69;779.69;0.09;72.93;779.69
12.01.2017 14:30;779.06;779.63;779;779.63;4.55;3547.32;779.19
12.01.2017 14:31;779;779.01;779;779.01;2.2;1717.36;779
12.01.2017 14:32;779.01;779.01;778.99;778.99;15.66;12197.62;779
12.01.2017 14:33;778.91;778.91;778.91;778.91;0.01;10.37;778.91
12.01.2017 14:34;778.82;779;777.99;778.99;0.14;111.01;778.76
12.01.2017 14:35;778.11;779;778.11;778.23;2.79;2171.18;778.35
12.01.2017 14:36;778.99;778.99;778;778;10.06;7828.5;778.2
12.01.2017 14:37;778.76;778.79;778;778;2.04;1584.81;778.22
12.01.2017 14:38;778;778;778;778;1.28;997.15;778
12.01.2017 14:39;778.44;778.44;778.41;778.41;1.08;840.69;778.44
12.01.2017 14:40;778.94;778.95;778.3;778.88;0.41;320.13;778.89
12.01.2017 14:41;778.85;778.85;778.82;778.82;2.95;2296.37;778.82
12.01.2017 14:42;778.01;778.79;778.01;778.76;6.01;4676.74;778.73
12.01.2017 14:43;778.62;778.98;778.02;778.91;7.94;6181.17;778.24
12.01.2017 14:44;778.91;778.91;778.06;778.06;3.22;2507.28;778.9
12.01.2017 14:45;778.76;778.86;778.08;778.73;83.71;65189.11;778.74
12.01.2017 14:46;778.73;778.85;778.11;778.15;2.39;1862.85;778.46
12.01.2017 14:47;778.86;778.86;778.08;778.08;11.38;8862.26;778.44
12.01.2017 14:48;778.84;778.84;778.84;778.84;0.14;107.23;778.84
12.01.2017 14:49;778.84;778.86;778.11;778.86;1.31;1022.42;778.84
12.01.2017 14:50;778.34;778.34;778.33;778.33;3.27;2545.17;778.34
12.01.2017 14:51;778.86;779.01;778.86;779.01;16.26;12663.55;778.95
12.01.2017 14:52;779.01;779.71;779.01;779.71;0.98;765.63;779.52
12.01.2017 14:53;778.96;778.97;778.96;778.96;3.38;2635.63;778.97
12.01.2017 14:54;778.97;779.71;778.2;779.69;3.22;2507.82;779
12.01.2017 14:55;779.01;779.69;779;779;9.69;7547.92;779.06
12.01.2017 14:56;779.69;779.71;778.97;778.97;12.3;9581.69;779.28
12.01.2017 14:57;778.97;779.71;778.97;779.71;3.29;2564.59;779.3
12.01.2017 14:58;779.71;779.81;779.71;779.81;15.36;11973.79;779.72
12.01.2017 14:59;779.81;779.81;779.81;779.81;1.69;1318.34;779.81
12.01.2017 15:00;779.81;779.97;778.97;779.97;24.26;18914.08;779.79
12.01.2017 15:01;779.97;779.97;779.97;779.97;0.66;512.7;779.97
12.01.2017 15:02;780.78;781.28;780.78;781.28;0.84;652.3;781.2
12.01.2017 15:03;781.28;781.28;780.11;780.11;3.15;2457.01;780.99
12.01.2017 15:04;780.1;780.13;780.1;780.1;6.05;4719.94;780.1
12.01.2017 15:05;780.11;781.29;780.1;780.1;6.26;4886.96;780.12
12.01.2017 15:06;780.1;781.27;780.1;780.11;3.16;2469.2;780.32
12.01.2017 15:07;781.27;782.29;781.27;782.29;11.56;9038.29;781.6
12.01.2017 15:08;782.44;782.94;782.02;782.02;4.3;3360.96;782.22
12.01.2017 15:09;782.02;783.26;782.02;782.03;100.31;78565.88;783.24
12.01.2017 15:10;782.06;784.97;782.06;784.04;9.25;7256.24;784.1
12.01.2017 15:11;784.06;785;784.06;785;5.8;4556.77;784.99
12.01.2017 15:12;785.14;786.03;785.14;786.03;19.56;15376.27;785.98
12.01.2017 15:13;786.28;787.2;786.28;787.2;18.43;14501.6;786.93
12.01.2017 15:14;787.2;788.11;787.2;788.11;11.7;9212.73;787.43
12.01.2017 15:15;788.11;788.46;788.11;788.46;26.27;20706.34;788.32
12.01.2017 15:16;788.46;789;788.3;788.42;14.33;11299.92;788.72
12.01.2017 15:17;788.45;788.76;788.31;788.41;8.14;6417.99;788.43
12.01.2017 15:18;788.41;790.96;788.41;790.01;68.22;53862.82;789.58
12.01.2017 15:19;790.66;790.66;790;790.01;12.75;10071.21;790.12
12.01.2017 15:20;790.01;790.02;790.01;790.01;8.76;6921.41;790.01
12.01.2017 15:21;790.01;790.02;790.01;790.01;15.85;12523.59;790.01
12.01.2017 15:22;790.02;790.02;790.01;790.02;2.1;1657.07;790.02
12.01.2017 15:23;790.95;792;790.06;792;17.12;13542.26;791.02
12.01.2017 15:24;792;795.27;791.01;795.24;48.94;38856.34;793.93
12.01.2017 15:25;792.54;795.22;792.54;793.05;9.78;7767.36;793.92
12.01.2017 15:26;793.06;793.31;793.06;793.31;17.4;13803.76;793.15
12.01.2017 15:27;793.48;793.53;793.48;793.53;1.23;974.03;793.49
12.01.2017 15:28;793.66;796;793.66;796;14.02;11157.53;795.89
12.01.2017 15:29;796;797;795.04;797;20.41;16254.43;796.31
12.01.2017 15:30;796.25;797;796.25;797;50.22;40023.5;796.99
12.01.2017 15:31;797;797.07;797;797.07;115.11;91746.86;797.01
12.01.2017 15:32;797.08;798.98;797.08;797.38;6.87;5478.86;797.57
12.01.2017 15:33;797.46;798.97;797.43;797.49;40.39;32217.32;797.65
12.01.2017 15:34;798.86;798.97;797.48;798.94;23.3;18603.61;798.31
12.01.2017 15:35;798;798;796.95;796.95;36.17;28836.97;797.18
12.01.2017 15:36;796.08;796.08;795.08;795.09;5.3;4212.34;795.14
12.01.2017 15:37;795.92;795.92;795.02;795.11;12.03;9567.45;795.17
12.01.2017 15:38;795.1;796.09;795.1;795.12;22.4;17817.47;795.32
12.01.2017 15:39;795.09;797;791.55;795.97;41.95;33333.1;794.69
12.01.2017 15:40;796.97;796.97;795.04;795.04;11.35;9030.65;795.47
12.01.2017 15:41;796.59;796.59;795.01;795.01;4.54;3605.78;795.09
12.01.2017 15:42;795.03;795.03;794.97;794.97;2.25;1791.89;795.01
12.01.2017 15:43;794.94;794.94;793.93;794.94;7.68;6101.73;794.01
12.01.2017 15:44;794.97;794.98;793.98;794.98;0.14;113.26;794.79
12.01.2017 15:45;794.98;794.99;793.98;794.51;10.55;8380.32;794.41
12.01.2017 15:46;793.98;794.95;793.98;794.47;5.18;4110.64;794.09
12.01.2017 15:47;793.98;794.48;792.5;792.54;6.37;5052.71;793.28
12.01.2017 15:48;792.54;793.73;792.5;792.9;7.25;5742.5;792.51
12.01.2017 15:49;792.5;792.89;792.5;792.79;5.9;4678.07;792.56
12.01.2017 15:50;792.79;792.9;792.5;792.5;4.99;3956.25;792.57
12.01.2017 15:51;792.5;792.5;792;792;3.05;2414.87;792.33
12.01.2017 15:52;791.98;791.98;791.98;791.98;0.01;7.92;791.98
12.01.2017 15:53;791.89;791.89;790.01;790.01;10.14;8014.33;790.61
12.01.2017 15:54;790.01;791.5;790.01;791.5;21.23;16799.97;791.46
12.01.2017 15:55;791.5;791.93;791.5;791.93;29.21;23117.5;791.53
12.01.2017 15:56;791.98;792.5;791.98;792.5;2.14;1695.64;792.03
12.01.2017 15:57;792.5;794.91;791.63;794.89;8.68;6889.59;793.67
12.01.2017 15:58;0;0;0;0;0;0;0
12.01.2017 15:59;0;0;0;0;0;0;0
12.01.2017 16:00;794.85;794.85;794.85;794.85;1.75;1387.07;794.85
12.01.2017 16:01;794.85;794.85;794.83;794.83;105.68;83996.87;794.85
12.01.2017 16:02;794.81;794.88;794.81;794.88;4.76;3779.54;794.83
12.01.2017 16:03;794.88;794.88;794.88;794.88;0.7;558.62;794.88
12.01.2017 16:04;794.7;794.88;794.7;794.88;2;1592.91;794.75
12.01.2017 16:05;0;0;0;0;0;0;0
12.01.2017 16:06;794.88;794.88;794.18;794.88;3.35;2661.76;794.87
12.01.2017 16:07;794.88;800.98;794.88;800.01;66.75;53298.05;798.48
12.01.2017 16:08;800.23;800.23;798.06;800;11.75;9402.6;800
12.01.2017 16:09;799.99;800;798.74;798.74;7.13;5699.43;799.11
12.01.2017 16:10;799.95;799.95;799.92;799.92;0.78;627.88;799.94
12.01.2017 16:11;799.01;801;797.88;800.03;65.73;52560.17;799.59
12.01.2017 16:12;800.03;800.84;800;800.84;66.22;52978.88;800.05
12.01.2017 16:13;800.59;800.65;799.99;800;18.67;14944.45;800.49
12.01.2017 16:14;799.89;799.89;799.69;799.69;10.12;8092.03;799.69
12.01.2017 16:15;799.8;799.8;798.05;798.09;21.69;17308.8;798.06
12.01.2017 16:16;798.01;798.01;798;798;1.28;1022.79;798
12.01.2017 16:17;797.08;797.21;797.02;797.21;53.89;42949.69;797.06
12.01.2017 16:18;798;798.8;798;798;0.53;423.95;798.03
12.01.2017 16:19;799;799.8;799;799.8;7.71;6164.59;799.73
12.01.2017 16:20;799.91;799.92;799.9;799.91;65.05;52031.49;799.91
12.01.2017 16:21;799.9;799.93;799.9;799.93;2.23;1782.29;799.93
12.01.2017 16:22;799.93;799.93;799.9;799.9;2.68;2144.41;799.9
12.01.2017 16:23;799.72;799.72;798.59;798.59;0.17;133.1;799.65
12.01.2017 16:24;798.02;798.18;798;798.18;1.08;863.47;798.04
12.01.2017 16:25;798.59;799.59;798.59;799.59;0.68;540.34;798.61
12.01.2017 16:26;799.72;799.9;799.72;799.9;2.25;1798.33;799.87
12.01.2017 16:27;799.9;799.9;799.9;799.9;5.11;4083.97;799.9
12.01.2017 16:28;799.9;799.93;799.9;799.93;15.16;12129.57;799.91
12.01.2017 16:29;799.93;799.93;799.93;799.93;4.54;3632.93;799.93
12.01.2017 16:30;800;800.91;799.99;799.99;0.06;44.53;800.07
12.01.2017 16:31;800.91;801;800.91;801;2.9;2321.21;800.97
12.01.2017 16:32;800.92;801;800.92;801;6.26;5010.86;801
12.01.2017 16:33;801;809.87;801;807.68;61.86;49735.24;804.04
12.01.2017 16:34;805.73;809.84;805.73;809.82;14.16;11446.48;808.61
12.01.2017 16:35;808.82;809.47;808.76;808.76;45.01;36433.18;809.45
12.01.2017 16:36;808.78;809;808.77;809;33.11;26779.27;808.82
12.01.2017 16:37;809;810;808.83;809;46.52;37647.27;809.25
12.01.2017 16:38;809;811.34;809;811.33;72.18;58485.19;810.23
12.01.2017 16:39;811.04;811.33;810.01;810.01;18.62;15089.83;810.55
12.01.2017 16:40;810.12;810.12;808.03;808.03;15.77;12756.66;809.17
12.01.2017 16:41;807.67;807.67;805.03;805.03;0.1;82.31;806.92
12.01.2017 16:42;803.74;803.75;801;801;58.06;46523.87;801.28
12.01.2017 16:43;802.31;802.31;802.3;802.3;0.11;88.22;802.3
12.01.2017 16:44;802.3;804.66;802.3;804.61;1.4;1123.8;803.29
12.01.2017 16:45;804.65;807.54;804.65;807.54;3.36;2713.81;806.91
12.01.2017 16:46;806;807.58;805.01;805.01;19.01;15325.05;806.09
12.01.2017 16:47;806.67;806.97;806.67;806.9;14.07;11356.38;806.9
12.01.2017 16:48;806.97;807;805.16;805.99;5.04;4068.95;806.61
12.01.2017 16:49;806.98;807;806.97;806.99;48.03;38760.06;806.98
12.01.2017 16:50;806.99;807.51;806.99;807.51;62.27;50280.18;807.41
12.01.2017 16:51;807.52;808;807.06;808;17.02;13740.78;807.52
12.01.2017 16:52;808.03;808.46;807.51;808.46;4.49;3625.34;808.08
12.01.2017 16:53;807.63;808.48;807.63;808.48;2.64;2132.99;808.39
12.01.2017 16:54;807.89;809.68;807.89;808.61;36.69;29662.96;808.49
12.01.2017 16:55;808.67;808.75;808.53;808.53;8.28;6694.16;808.65
12.01.2017 16:56;808.53;808.53;808.51;808.51;19.25;15564;808.52
12.01.2017 16:57;808.51;808.99;807.49;808.53;107.17;86652.65;808.53
12.01.2017 16:58;808.53;808.99;807.53;807.53;111.9;90476.44;808.54
12.01.2017 16:59;808.91;808.91;807.54;807.55;8.21;6626.62;807.55
12.01.2017 17:00;807.55;808.47;805.1;807.01;10.26;8284.62;807.16
12.01.2017 17:01;807.01;807.01;807;807;1.53;1233.83;807
12.01.2017 17:02;807;807;807;807;0.11;92;807
12.01.2017 17:03;806.98;806.98;803.75;803.75;3.99;3214.52;804.84
12.01.2017 17:04;803.99;805.51;803.62;803.72;1.99;1601.68;803.79
12.01.2017 17:05;805.49;805.52;803.74;805.52;0.57;458.63;805.46
12.01.2017 17:06;806.49;807.55;806.49;807.55;25.64;20700.38;807.23
12.01.2017 17:07;808.48;808.48;807.57;807.57;2.08;1676.97;808.18
12.01.2017 17:08;807.57;808.52;807.54;807.55;5.96;4809.98;807.6
12.01.2017 17:09;807.49;807.58;806.22;807.17;4.22;3407.12;806.77
12.01.2017 17:10;808.53;808.53;808.53;808.53;0.92;740.39;808.53
12.01.2017 17:11;808;808;807.06;807.06;0.06;45.38;807.52
12.01.2017 17:12;807.06;807.06;806.56;806.56;0.08;68.2;806.99
12.01.2017 17:13;807.06;807.06;806.55;807.06;1.68;1354.73;806.74
12.01.2017 17:14;807.06;807.16;806.56;807.16;3.59;2900.36;807.11
12.01.2017 17:15;807.5;807.5;806.56;806.56;10.32;8325.57;806.69
12.01.2017 17:16;807.06;807.06;806.46;806.46;13.74;11084.52;806.6
12.01.2017 17:17;806.34;806.34;804.06;804.26;0.71;569.21;805.18
12.01.2017 17:18;804.26;805.12;804.26;805.12;1.3;1044.59;804.29
12.01.2017 17:19;805.12;805.13;805.01;805.13;0.29;236.39;805.1
12.01.2017 17:20;805.13;805.13;805.01;805.13;2.61;2101.83;805.04
12.01.2017 17:21;805.13;805.15;805.13;805.13;7.33;5898.83;805.13
12.01.2017 17:22;805.01;805.01;804.25;804.25;6.26;5041.61;804.73
12.01.2017 17:23;804.25;804.25;801;801.64;19.8;15893.91;802.71
12.01.2017 17:24;0;0;0;0;0;0;0
12.01.2017 17:25;801.59;801.59;801.03;801.03;2.42;1936.33;801.46
12.01.2017 17:26;801.65;802.72;801.65;802.71;2.63;2113.69;802.71
12.01.2017 17:27;802.4;802.74;802.38;802.74;10.69;8580.32;802.39
12.01.2017 17:28;802.71;802.71;801.83;802;3.32;2663.99;802.41
12.01.2017 17:29;802.07;802.47;802.05;802.07;6.89;5524.02;802.07
12.01.2017 17:30;802.07;802.36;801.6;802.36;13.6;10911.51;802.32
12.01.2017 17:31;801.62;802.73;801.62;801.78;7.72;6192.59;802.4
12.01.2017 17:32;802.74;802.74;801.86;801.95;8.78;7050.18;802.64
12.01.2017 17:33;0;0;0;0;0;0;0
12.01.2017 17:34;802.68;802.68;801.84;801.94;1.33;1066.94;801.96
12.01.2017 17:35;801.92;802.7;801.92;802.7;2.96;2372.71;802.35
12.01.2017 17:36;802.69;802.74;802.11;802.74;5.68;4557.69;802.71
12.01.2017 17:37;802.74;803.05;802.74;803.02;9.93;7970.43;802.99
12.01.2017 17:38;803.66;804.25;803.66;804.25;0.03;27.97;803.88
12.01.2017 17:39;804.25;804.25;804.24;804.24;2.54;2040.73;804.25
12.01.2017 17:40;804.25;804.27;804;804.27;11.28;9072.51;804.17
12.01.2017 17:41;804.26;804.26;803.85;803.99;24.56;19742.43;804
12.01.2017 17:42;803.99;803.99;803.3;803.3;9.51;7645.03;803.96
12.01.2017 17:43;803.99;803.99;803.99;803.99;1.27;1018.58;803.99
12.01.2017 17:44;803.99;804.74;803.99;804.74;23.51;18904.9;804.15
12.01.2017 17:45;804.24;805.01;804.24;805.01;17.1;13758.11;804.43
12.01.2017 17:46;805.01;805.13;804.51;805.08;5.78;4654.99;805.01
12.01.2017 17:47;805.03;805.03;804;804.63;28.35;22800.01;804.34
12.01.2017 17:48;804.63;804.73;804.5;804.73;17.56;14131.28;804.68
12.01.2017 17:49;805.03;805.15;805.03;805.15;11.45;9220.86;805.13
12.01.2017 17:50;805.73;806.55;805.73;806.55;9.34;7527.93;806.33
12.01.2017 17:51;806.54;806.54;806.54;806.54;4.62;3724.01;806.54
12.01.2017 17:52;806.55;806.55;806.55;806.55;5;4032.75;806.55
12.01.2017 17:53;806.56;806.56;806.56;806.56;0.79;637.42;806.56
12.01.2017 17:54;806.56;806.56;806.56;806.56;7.24;5837.25;806.56
12.01.2017 17:55;806.56;806.56;806.55;806.55;0.44;354.18;806.56
12.01.2017 17:56;806.56;806.74;806.56;806.74;0.19;155.68;806.66
12.01.2017 17:57;806.74;806.74;806.6;806.6;1.15;930.36;806.7
12.01.2017 17:58;806.74;806.74;806.63;806.74;7.87;6351.11;806.74
12.01.2017 17:59;806.74;806.74;806.73;806.74;0.4;320.68;806.74
12.01.2017 18:00;806.74;806.74;806.74;806.74;0.07;53.98;806.74
12.01.2017 18:01;806.74;806.74;806.74;806.74;0.14;112.69;806.74
12.01.2017 18:02;806.74;806.74;806.74;806.74;0.92;740.64;806.74
12.01.2017 18:03;806.73;806.9;806.73;806.9;2.94;2373.84;806.76
12.01.2017 18:04;806.89;807.06;806.89;807.05;0.42;338.64;806.95
12.01.2017 18:05;807.05;807.06;807.05;807.06;0.88;710.04;807.06
12.01.2017 18:06;807.06;807.06;806.91;807.03;5.23;4217.98;806.93
12.01.2017 18:07;807.03;807.03;807.03;807.03;0.02;18.59;807.03
12.01.2017 18:08;807.03;807.03;807.03;807.03;0.4;324.06;807.03
12.01.2017 18:09;807.03;807.03;807.03;807.03;0.42;339.51;807.03
12.01.2017 18:10;806.91;806.91;806.91;806.91;5.66;4565.35;806.91
12.01.2017 18:11;806.55;806.97;806.55;806.86;2.27;1833.16;806.57
12.01.2017 18:12;806.77;807.03;806.66;807;27.05;21821.86;806.75
12.01.2017 18:13;806.77;806.98;806.76;806.98;2.01;1621.59;806.76
12.01.2017 18:14;806.76;807;803.94;806.76;20.06;16184.09;806.84
12.01.2017 18:15;806.77;806.98;806.76;806.97;2.93;2361.34;806.77
12.01.2017 18:16;806.96;806.96;806.96;806.96;0.02;19.6;806.96
12.01.2017 18:17;805.91;806.98;805.91;806.98;1.4;1131.65;805.96
12.01.2017 18:18;806.97;806.97;806.06;806.23;0.69;554.2;806.2
12.01.2017 18:19;806.95;806.98;806.3;806.3;80.11;64597.45;806.33
12.01.2017 18:20;806.97;806.98;806.97;806.97;0.16;129;806.98
12.01.2017 18:21;806.95;806.95;805.85;805.94;14.35;11568.35;805.94
12.01.2017 18:22;805.79;805.97;805.79;805.97;3.72;3000.1;805.8
12.01.2017 18:23;805.97;805.97;805.97;805.97;0.04;30.63;805.97
12.01.2017 18:24;805.97;805.97;805.97;805.97;0.02;12.09;805.97
12.01.2017 18:25;805.97;805.97;805.79;805.97;0.85;684.56;805.91
12.01.2017 18:26;805.97;805.97;804.48;804.48;28.56;23004.74;805.5
12.01.2017 18:27;803.74;805.97;803.74;803.78;15.05;12106.92;804.59
12.01.2017 18:28;804.98;806;803;803;122.63;98571.12;803.83
12.01.2017 18:29;805;805;804;804.9;9.36;7524.4;804.04
12.01.2017 18:30;804.87;804.87;804;804;9.44;7589.38;804.04
12.01.2017 18:31;804.67;804.67;803.99;803.99;1.96;1573.25;804.17
12.01.2017 18:32;803.99;804;803.21;804;1.48;1192.68;803.61
12.01.2017 18:33;803.75;804;803.75;804;2.08;1673.03;803.98
12.01.2017 18:34;803.99;803.99;803.99;803.99;2.78;2235.21;803.99
12.01.2017 18:35;803.88;803.88;803.79;803.79;0.55;439.18;803.81
12.01.2017 18:36;803.22;803.22;803.22;803.22;0.27;220.88;803.22
12.01.2017 18:37;803.5;803.81;803.21;803.21;12.13;9745.25;803.27
12.01.2017 18:38;803.18;803.22;802;803.22;14.55;11674.53;802.38
12.01.2017 18:39;803.21;803.21;803.21;803.21;0.49;389.95;803.21
12.01.2017 18:40;803.21;803.5;803.21;803.5;0.5;397.98;803.31
12.01.2017 18:41;0;0;0;0;0;0;0
12.01.2017 18:42;0;0;0;0;0;0;0
12.01.2017 18:43;803.49;803.49;803.49;803.49;0.01;10.37;803.49
12.01.2017 18:44;803.49;804;803.48;804;73.66;59217.23;803.93
12.01.2017 18:45;804.76;806;804.76;805.98;1.05;843.35;805.93
12.01.2017 18:46;804.97;805.98;804.97;805.98;0.42;342.08;805.91
12.01.2017 18:47;0;0;0;0;0;0;0
12.01.2017 18:48;805.27;805.98;805.27;805.98;0.58;468.43;805.37
12.01.2017 18:49;805.98;805.98;805.98;805.98;0.7;565.95;805.98
12.01.2017 18:50;805.98;805.98;805.98;805.98;0.03;21.25;805.98
12.01.2017 18:51;0;0;0;0;0;0;0
12.01.2017 18:52;805.98;805.98;805.98;805.98;1.63;1309.72;805.98
12.01.2017 18:53;805.04;805.98;805.04;805.98;1.57;1262.89;805.86
12.01.2017 18:54;805.98;805.98;805.98;805.98;0.11;88.54;805.98
12.01.2017 18:55;804.89;804.89;804.89;804.89;0.01;9.99;804.89
12.01.2017 18:56;805.1;805.95;805.1;805.95;12.88;10372.48;805.1
12.01.2017 18:57;805.98;805.99;805.98;805.99;55.01;44336.96;805.98
12.01.2017 18:58;806.01;806.98;806.01;806.97;6.57;5304.64;806.97
12.01.2017 18:59;806.97;806.97;806.97;806.97;0.11;92.28;806.97
12.01.2017 19:00;806.97;806.97;806.97;806.97;0.33;264.22;806.97
12.01.2017 19:01;806.97;806.97;806.97;806.97;2.9;2340.08;806.97
12.01.2017 19:02;806.97;806.98;806.31;806.98;2.35;1893.87;806.97
12.01.2017 19:03;806.98;806.98;806.98;806.98;5;4034.9;806.98
12.01.2017 19:04;806.98;807.06;806.73;806.73;5.01;4045.85;807.05
12.01.2017 19:05;807.06;807.06;807.06;807.06;0.03;25.02;807.06
12.01.2017 19:06;0;0;0;0;0;0;0
12.01.2017 19:07;807.06;807.06;807.06;807.06;1.07;862.05;807.06
12.01.2017 19:08;807.06;808.18;807.06;808.18;24.17;19504.88;807.09
12.01.2017 19:09;0;0;0;0;0;0;0
12.01.2017 19:10;808.18;809.28;808.18;809.28;31.09;25144.91;808.67
12.01.2017 19:11;808.8;808.82;808.8;808.8;3.33;2695.25;808.8
12.01.2017 19:12;808.8;809.22;808.22;808.26;40.46;32700.64;808.28
12.01.2017 19:13;809.01;809.2;809.01;809.2;0.21;167.61;809.17
12.01.2017 19:14;809.2;809.81;809.2;809.81;3.52;2847.68;809.64
12.01.2017 19:15;809.81;809.81;809.81;809.81;0.01;8.91;809.81
12.01.2017 19:16;809.81;809.81;809.55;809.81;7.34;5946.99;809.77
12.01.2017 19:17;809.81;809.81;809.81;809.81;0.1;77.55;809.81
12.01.2017 19:18;0;0;0;0;0;0;0
12.01.2017 19:19;809.51;809.81;809.51;809.81;1.1;891.72;809.58
12.01.2017 19:20;809.81;809.81;809.81;809.81;0.01;11.07;809.81
12.01.2017 19:21;809.81;809.81;809.81;809.81;0.02;13.77;809.81
12.01.2017 19:22;809.81;809.81;809.81;809.81;0.05;42.28;809.81
12.01.2017 19:23;809.81;809.81;809.81;809.81;0.38;310.33;809.81
12.01.2017 19:24;0;0;0;0;0;0;0
12.01.2017 19:25;809.51;809.81;809.51;809.81;0.04;29.15;809.59
12.01.2017 19:26;809.81;809.81;809.81;809.81;0.25;202.45;809.81
12.01.2017 19:27;809.51;809.51;809.51;809.51;0.09;69.35;809.51
12.01.2017 19:28;809.81;809.81;809.53;809.53;4.53;3666.01;809.54
12.01.2017 19:29;809.53;809.81;809.53;809.81;11.15;9022.36;809.54
12.01.2017 19:30;809.53;810.74;809.53;810.73;10.25;8309.72;810.44
12.01.2017 19:31;810.73;811.34;810.5;811.34;8.13;6597.01;810.96
12.01.2017 19:32;0;0;0;0;0;0;0
12.01.2017 19:33;811.34;811.34;811.28;811.28;0.14;113.95;811.3
12.01.2017 19:34;811.33;811.33;811.33;811.33;0.25;200.62;811.33
12.01.2017 19:35;810.96;811.32;809.78;811.29;31.4;25448.34;810.53
12.01.2017 19:36;811.3;811.3;811.28;811.28;0.09;75.27;811.28
12.01.2017 19:37;811.28;811.83;811.28;811.83;18.94;15368.15;811.47
12.01.2017 19:38;811.81;812.53;811.81;812.53;43.83;35605.3;812.44
12.01.2017 19:39;812.54;812.54;812.53;812.54;2.39;1945.5;812.54
12.01.2017 19:40;812.54;812.74;812.54;812.74;9.07;7369.16;812.7
12.01.2017 19:41;812.74;813.51;812.74;813.51;18.08;14699.72;813.08
12.01.2017 19:42;813.51;814.76;813.51;814.76;38.49;31346.43;814.37
12.01.2017 19:43;814.19;815.95;814.19;815.95;26.14;21308.08;815.17
12.01.2017 19:44;815.99;817.98;815.99;817.98;7.59;6200.59;816.98
12.01.2017 19:45;817.42;818.56;817.27;818;29.43;24076.03;818.12
12.01.2017 19:46;818;818.04;817.95;818.02;1.28;1050.22;818
12.01.2017 19:47;818.04;819;818.04;818.99;13.25;10846.57;818.87
12.01.2017 19:48;818.98;819;817.64;819;11.29;9247.1;818.97
12.01.2017 19:49;818.88;818.88;818.65;818.65;1.55;1268.33;818.81
12.01.2017 19:50;818.56;818.56;818;818;3;2456.49;818.01
12.01.2017 19:51;818.56;818.56;818.03;818.04;23.49;19219.89;818.05
12.01.2017 19:52;818.03;818.03;818;818;6;4908.05;818.01
12.01.2017 19:53;818;818;817.57;817.89;3.55;2902.19;817.82
12.01.2017 19:54;817.57;818.54;817.57;818.53;55.24;45165.31;817.62
12.01.2017 19:55;818.53;818.54;818.53;818.54;3.18;2600.7;818.53
12.01.2017 19:56;818.54;819;818.54;819;5.41;4425.48;818.74
12.01.2017 19:57;819.49;820;819.49;820;18.25;14962.27;819.94
12.01.2017 19:58;820;820.6;819.88;820.6;10.11;8292.17;819.97
12.01.2017 19:59;820.6;822;819.49;819.49;26.38;21659.69;821.06
12.01.2017 20:00;818.56;818.56;817.2;818.51;20.26;16572.43;818.15
12.01.2017 20:01;817.09;818.51;815;818.12;31.54;25755.84;816.64
12.01.2017 20:02;818.12;818.51;815.62;818.51;0.58;474.1;817.54
12.01.2017 20:03;818.51;818.54;818;818;7.1;5811.57;818.53
12.01.2017 20:04;818;820.75;818;820.75;5.37;4407.4;820.16
12.01.2017 20:05;820.75;822.99;820.75;822.48;47.15;38755.08;821.96
12.01.2017 20:06;822.46;822.99;822.46;822.97;39.23;32265.09;822.56
12.01.2017 20:07;822.97;825;822.51;824.99;23.86;19662.71;823.95
12.01.2017 20:08;824.99;824.99;824.99;824.99;13.34;11007.88;824.99
12.01.2017 20:09;824.8;824.99;824.02;824.99;2.54;2091.4;824.03
12.01.2017 20:10;824.99;825;824.09;824.09;11;9077.54;824.91
12.01.2017 20:11;824.94;824.94;824.34;824.94;25.66;21154.83;824.35
12.01.2017 20:12;824.94;824.94;821.81;821.98;35.8;29455.18;822.71
12.01.2017 20:13;821.82;822.71;820.97;821;36.24;29755.12;821.14
12.01.2017 20:14;821;821;821;821;4.87;3994.7;821
12.01.2017 20:15;821;824.24;821;823.66;64.78;53359.93;823.76
12.01.2017 20:16;823.49;823.49;823.49;823.49;0.1;82.35;823.49
12.01.2017 20:17;824.27;824.27;822.56;822.56;5.04;4142.5;822.66
12.01.2017 20:18;822.56;823.65;822.56;823;3.24;2669.42;823.29
12.01.2017 20:19;822.82;823;821.95;822.15;1.33;1090.12;822.62
12.01.2017 20:20;821.95;822.15;821.01;821.04;22.57;18531.32;821.15
12.01.2017 20:21;821.02;821.66;820.8;820.8;37.14;30491.6;820.98
12.01.2017 20:22;820.8;820.98;820;820;8.21;6731.71;820.43
12.01.2017 20:23;819.95;820;819.08;819.08;4.29;3517.38;819.87
12.01.2017 20:24;819.08;819.08;815;818.79;119.37;97493.72;816.74
12.01.2017 20:25;817.65;817.91;815;816.46;21.94;17894.37;815.43
12.01.2017 20:26;815.03;815.03;814;814.02;26.64;21694.23;814.25
12.01.2017 20:27;815;815.03;815;815.03;2.14;1745.53;815.02
12.01.2017 20:28;815.03;816.02;815.03;816.01;11.82;9642.02;815.73
12.01.2017 20:29;816.02;816.69;816.02;816.69;6.54;5334.48;816.06
12.01.2017 20:30;816.07;816.68;816.06;816.07;2.13;1741.79;816.19
12.01.2017 20:31;816.07;816.57;816.07;816.07;0.36;294.16;816.25
12.01.2017 20:32;816.07;816.57;816.07;816.57;13.62;11120.08;816.57
12.01.2017 20:33;816.08;818.61;816.08;818.61;114.79;93945.13;818.43
12.01.2017 20:34;818.58;819.9;818.58;819.88;2.13;1742.52;818.64
12.01.2017 20:35;819.97;820;819.04;819.04;4.97;4076.79;819.97
12.01.2017 20:36;819.98;819.98;819.98;819.98;0.02;12.3;819.98
12.01.2017 20:37;819.05;819.98;818.97;818.97;0.27;220.99;819.41
12.01.2017 20:38;818.64;819.75;818.61;819.75;7.58;6208.87;819.15
12.01.2017 20:39;819.69;819.69;819.69;819.69;0.09;74.59;819.69
12.01.2017 20:40;819.2;820;819.2;820;10.27;8422.24;819.93
12.01.2017 20:41;820;820;818.61;818.61;17.53;14362.37;819.23
12.01.2017 20:42;819.52;819.52;819.52;819.52;0.05;45.06;819.52
12.01.2017 20:43;819;819;819;819;0.13;107.93;819
12.01.2017 20:44;0;0;0;0;0;0;0
12.01.2017 20:45;818.78;819;818.62;818.99;2.55;2084.78;818.68
12.01.2017 20:46;818.99;818.99;818.99;818.99;0.15;120.39;818.99
12.01.2017 20:47;818.97;818.97;818.65;818.65;0.11;92.19;818.93
12.01.2017 20:48;818.97;818.97;818.65;818.97;4.3;3524.18;818.87
12.01.2017 20:49;818.65;818.65;817.93;817.93;16.71;13681.48;818.61
12.01.2017 20:50;817.93;819;817.93;818.97;14.96;12236.29;818.02
12.01.2017 20:51;818.2;818.94;818.2;818.9;41;33550.12;818.29
12.01.2017 20:52;818.09;819;818.09;819;24.43;19986.62;818.27
12.01.2017 20:53;818.19;820;818.19;819.27;90.32;74002.47;819.36
12.01.2017 20:54;819.3;820;819.3;820;0.87;714.79;819.54
12.01.2017 20:55;820;820;819.46;819.46;2.19;1798.56;819.49
12.01.2017 20:56;819.44;819.46;819.44;819.46;5.68;4655.35;819.44
12.01.2017 20:57;819.46;819.46;819.46;819.46;0.09;73.75;819.46
12.01.2017 20:58;819.45;819.45;819.39;819.39;13.18;10800.98;819.45
12.01.2017 20:59;819.35;819.35;818.36;818.36;7.1;5820.9;819.34
12.01.2017 21:00;818.39;819.46;818.39;819.46;2.17;1775.54;818.51
12.01.2017 21:01;819.45;819.45;819.45;819.45;0.06;50.01;819.45
12.01.2017 21:02;0;0;0;0;0;0;0
12.01.2017 21:03;819.45;820;818.99;820;7.78;6376.74;819.79
12.01.2017 21:04;819.98;821;819.98;821;22.89;18784.55;820.49
12.01.2017 21:05;821;821;821;821;1.85;1518.23;821
12.01.2017 21:06;821;821;821;821;1.3;1066.15;821
12.01.2017 21:07;821;821;821;821;6.72;5514.1;821
12.01.2017 21:08;821.83;822.99;821.26;822.99;2.48;2039.56;822.28
12.01.2017 21:09;823;825;823;823.25;21.03;17337.48;824.44
12.01.2017 21:10;823.29;826.29;823.29;826.29;153.14;126337.63;825
12.01.2017 21:11;825.8;826.74;825.02;825.63;2.76;2281.52;825.7
12.01.2017 21:12;824.98;825.53;824;825.53;8.55;7056.73;824.92
12.01.2017 21:13;824.94;824.94;824.94;824.94;0.1;82.49;824.94
12.01.2017 21:14;824.94;826.62;823.35;826.62;0.71;588.55;825.1
12.01.2017 21:15;823.47;823.53;823.47;823.53;6.96;5735.3;823.5
12.01.2017 21:16;825.48;825.48;824.03;825.24;5.25;4331.79;824.82
12.01.2017 21:17;825;825.03;825;825.02;9.73;8025.9;825
12.01.2017 21:18;825;825;825;825;5.27;4344.84;825
12.01.2017 21:19;825;825;825;825;1.67;1378.71;825
12.01.2017 21:20;0;0;0;0;0;0;0
12.01.2017 21:21;824.25;824.75;823.25;824.71;11.62;9571.96;823.52
12.01.2017 21:22;823.27;823.27;823.26;823.26;0.28;233.91;823.27
12.01.2017 21:23;0;0;0;0;0;0;0
12.01.2017 21:24;823.29;825.01;822.99;825;25.99;21419.45;824.08
12.01.2017 21:25;822.26;822.26;822.26;822.26;0.49;402.91;822.26
12.01.2017 21:26;825.05;825.44;825.05;825.36;11.04;9115.13;825.42
12.01.2017 21:27;0;0;0;0;0;0;0
12.01.2017 21:28;824.98;826.02;823.65;823.65;25.54;21083.48;825.51
12.01.2017 21:29;0;0;0;0;0;0;0
12.01.2017 21:30;0;0;0;0;0;0;0
12.01.2017 21:31;825.79;827;825.79;825.79;21.86;18061.04;826.06
12.01.2017 21:32;826.5;826.5;826.5;826.5;0.04;29.91;826.5
12.01.2017 21:33;826.5;830;826.5;828.36;47.73;39552.04;828.64
12.01.2017 21:34;828.7;828.7;826.51;826.56;12.01;9933.97;826.98
12.01.2017 21:35;826.57;829.12;826.57;829.12;24.34;20146.26;827.71
12.01.2017 21:36;829.34;830;829.34;829.62;68.94;57212.71;829.94
12.01.2017 21:37;829.62;830;829.54;829.54;3.35;2775.79;829.75
12.01.2017 21:38;829.17;829.95;828.17;828.27;9.35;7749.48;829.02
12.01.2017 21:39;828.3;828.3;828.28;828.28;0.4;331.31;828.29
12.01.2017 21:40;828.28;829.45;828.28;829.39;6.6;5468.88;829.01
12.01.2017 21:41;828.96;828.98;828.96;828.98;0.21;174.71;828.98
12.01.2017 21:42;829;829;828;828;8.5;7040.37;828.28
12.01.2017 21:43;827.89;827.89;827.89;827.89;0.05;41.39;827.89
12.01.2017 21:44;827.2;829.72;827.2;829.72;9.1;7528.17;827.57
12.01.2017 21:45;829.49;829.49;829.4;829.4;8.88;7368.66;829.48
12.01.2017 21:46;829.36;829.36;829.36;829.36;1.16;960.07;829.36
12.01.2017 21:47;829.64;829.64;828.05;828.61;1.97;1632.43;828.49
12.01.2017 21:48;829.8;829.8;828.75;828.75;1.3;1081.26;829.58
12.01.2017 21:49;828.73;828.73;828.73;828.73;1.3;1077.35;828.73
12.01.2017 21:50;828.73;828.75;828.63;828.63;5.97;4951.03;828.73
12.01.2017 21:51;828.75;828.75;827.66;827.66;56.7;46959.82;828.21
12.01.2017 21:52;0;0;0;0;0;0;0
12.01.2017 21:53;828.3;828.3;827.76;827.76;1.32;1095.22;827.79
12.01.2017 21:54;827.67;828.58;827.67;828.58;1.71;1412.76;827.69
12.01.2017 21:55;828.6;828.74;827.67;827.67;1.44;1194.23;827.92
12.01.2017 21:56;828.7;828.75;828.7;828.75;0.3;250.31;828.71
12.01.2017 21:57;828.31;828.35;828.31;828.35;1.68;1393.75;828.34
12.01.2017 21:58;828.46;828.91;827.98;828.04;11.61;9612.63;828.17
12.01.2017 21:59;828.18;829.07;828.18;829.07;25.4;21060.89;829.06
12.01.2017 22:00;829.33;829.33;829.33;829.33;0.01;10.35;829.33
12.01.2017 22:01;829.32;829.33;829.32;829.33;1.18;981.91;829.32
12.01.2017 22:02;829.33;829.97;829.33;829.97;19.47;16156.56;829.96
12.01.2017 22:03;829.97;830;829.97;829.97;2.03;1681.65;829.99
12.01.2017 22:04;829.98;829.98;829.98;829.98;2;1659.96;829.98
12.01.2017 22:05;829.97;829.97;829.97;829.97;3.57;2961.34;829.97
12.01.2017 22:06;829.97;829.98;829.97;829.98;4.31;3578.02;829.98
12.01.2017 22:07;829.97;829.98;829.97;829.98;2.34;1945.18;829.97
12.01.2017 22:08;829.98;830;829.98;830;2.62;2171.37;829.98
12.01.2017 22:09;829.99;830;829.99;830;0.13;106.3;829.99
12.01.2017 22:10;830;830;830;830;10.87;9025.52;830
12.01.2017 22:11;830;830;830;830;20.16;16732.19;830
12.01.2017 22:12;830;830;830;830;1.02;846.6;830
12.01.2017 22:13;830;830.99;830;830.99;36.69;30456.72;830
12.01.2017 22:14;830.99;831;830.99;831;0.27;224.45;830.99
12.01.2017 22:15;831;832.99;831;832.99;13.16;10951.45;832.37
12.01.2017 22:16;832.69;832.85;831.81;832.64;13.56;11294.39;832.76
12.01.2017 22:17;832.6;832.85;832.6;832.79;0.09;78.05;832.78
12.01.2017 22:18;832.8;832.8;832.75;832.75;1.49;1242.92;832.76
12.01.2017 22:19;832.75;832.75;830.61;831;11.74;9762.14;831.65
12.01.2017 22:20;830.97;830.97;830.61;830.97;17.11;14219.92;830.86
12.01.2017 22:21;830.61;830.9;830.61;830.9;5.71;4742.7;830.61
12.01.2017 22:22;830.61;830.61;830;830;30;24900.39;830.01
12.01.2017 22:23;830;830;829.69;829.69;3.48;2889.23;829.72
12.01.2017 22:24;829.56;830.5;827.86;830.48;7.23;5989.47;828.95
12.01.2017 22:25;830.59;830.77;828.11;830.77;2.32;1924.91;828.17
12.01.2017 22:26;829.63;829.65;827.92;829.65;7.51;6223.83;828.24
12.01.2017 22:27;830.46;830.46;827.91;827.91;64.78;53659.22;828.29
12.01.2017 22:28;828.72;828.72;827.91;827.91;1.68;1387.16;827.99
12.01.2017 22:29;828.53;828.53;828.48;828.48;0.04;35.63;828.51
12.01.2017 22:30;827.91;827.91;827.91;827.91;0.14;111.95;827.91
12.01.2017 22:31;827.97;827.97;827.96;827.96;0.22;182.26;827.96
12.01.2017 22:32;827.99;827.99;827.91;827.91;0.08;66.98;827.95
12.01.2017 22:33;827.98;827.98;827.98;827.98;0.17;137.58;827.98
12.01.2017 22:34;827.98;827.98;827.91;827.98;0.23;189.3;827.97
12.01.2017 22:35;827.91;827.98;827.66;827.66;12.63;10453.24;827.86
12.01.2017 22:36;827.9;827.9;811.99;813.15;214.41;174950.58;815.97
12.01.2017 22:37;814.2;817.77;811.93;814.31;6.93;5632.97;812.99
12.01.2017 22:38;813.97;814.31;810;810;102.33;82978.64;810.93
12.01.2017 22:39;810;810.02;803;805.72;86.53;69766.6;806.23
12.01.2017 22:40;806.14;809.09;806.13;809.02;21.57;17407.41;806.87
12.01.2017 22:41;809;811.68;809;811.68;5.41;4376.51;809.56
12.01.2017 22:42;811.71;812.45;811.71;812.45;10.68;8670.73;811.97
12.01.2017 22:43;812.45;814.22;808.4;810;62.28;50597.16;812.4
12.01.2017 22:44;809.97;812.72;809.97;810.23;7.94;6431.59;810.46
12.01.2017 22:45;812.44;814.33;812.44;814.2;0.55;443.89;813.99
12.01.2017 22:46;814;814.23;811.44;813.7;1.86;1516.82;813.93
12.01.2017 22:47;812.75;812.75;810.97;810.97;5.57;4515.4;811.21
12.01.2017 22:48;810.97;815.07;810.97;815.07;9.14;7424.87;812.66
12.01.2017 22:49;814.8;814.97;814.8;814.97;7.18;5854.3;814.94
12.01.2017 22:50;814.94;815;814.88;815;0.11;91.87;814.93
12.01.2017 22:51;815.09;815.76;815.09;815.26;5.42;4419.18;815.39
12.01.2017 22:52;815.81;815.81;815.81;815.81;0.04;35.9;815.81
12.01.2017 22:53;815.52;815.95;815;815.95;12.12;9881.69;815.46
12.01.2017 22:54;815.8;815.8;815.01;815.57;17.87;14570.83;815.57
12.01.2017 22:55;815.78;815.79;815.57;815.79;12.15;9908.42;815.77
12.01.2017 22:56;815.79;815.79;815.63;815.79;8.66;7060.72;815.78
12.01.2017 22:57;815.79;815.8;815.79;815.79;9.8;7994.71;815.8
12.01.2017 22:58;815.79;816;815.79;815.99;22.57;18410.92;815.8
12.01.2017 22:59;815.83;815.98;815.83;815.98;1.43;1168.46;815.88
12.01.2017 23:00;815.79;815.99;815.79;815.99;1.33;1083.13;815.98
12.01.2017 23:01;0;0;0;0;0;0;0
12.01.2017 23:02;815.99;816;815.82;816;2.05;1673.56;815.95
12.01.2017 23:03;816;816.03;816;816.03;18.56;15144.16;816
12.01.2017 23:04;816.08;816.08;816.08;816.08;12.23;9979.7;816.08
12.01.2017 23:05;816.08;817;816.08;816.21;18;14700.62;816.56
12.01.2017 23:06;816.22;818;816.13;818;5.61;4582.84;816.89
12.01.2017 23:07;817.01;817.03;817.01;817.03;0.42;342.83;817.02
12.01.2017 23:08;0;0;0;0;0;0;0
12.01.2017 23:09;817.99;817.99;817.12;817.12;0.51;417.16;817.51
12.01.2017 23:10;0;0;0;0;0;0;0
12.01.2017 23:11;0;0;0;0;0;0;0
12.01.2017 23:12;817.99;817.99;817.99;817.99;0.06;51.67;817.99
12.01.2017 23:13;817.29;817.29;817;817;24.4;19939.75;817.21
12.01.2017 23:14;817;817;816;816.09;23.45;19138.77;816.15
12.01.2017 23:15;816.09;816.3;816.09;816.3;0.75;614.84;816.12
12.01.2017 23:16;816.3;816.93;816.1;816.85;8.65;7064.1;816.79
12.01.2017 23:17;816.85;816.85;816.32;816.32;4.3;3510.71;816.74
12.01.2017 23:18;0;0;0;0;0;0;0
12.01.2017 23:19;816.67;816.67;816.67;816.67;0.04;28.84;816.67
12.01.2017 23:20;816.79;816.79;816.79;816.79;0.01;11.24;816.79
12.01.2017 23:21;816.77;816.77;816.77;816.77;0.41;333.05;816.77
12.01.2017 23:22;816.36;816.85;816.09;816.12;16.03;13088.81;816.3
12.01.2017 23:23;816.1;816.9;816.1;816.9;1.02;831.59;816.11
12.01.2017 23:24;816.76;816.76;816.64;816.64;0.49;400.38;816.67
12.01.2017 23:25;816.1;816.73;816.1;816.73;0.13;106.97;816.58
12.01.2017 23:26;816.69;816.69;816.1;816.1;8.11;6617.32;816.14
12.01.2017 23:27;816.11;816.11;816.09;816.09;10;8161.03;816.1
12.01.2017 23:28;0;0;0;0;0;0;0
12.01.2017 23:29;816.09;816.09;816;816;4;3264.19;816.05
12.01.2017 23:30;816;816;815.79;815.79;3.24;2644.66;815.83
12.01.2017 23:31;815.79;815.79;815.52;815.52;18.21;14851.1;815.62
12.01.2017 23:32;815.52;815.52;811;811.02;18.07;14699.07;813.48
12.01.2017 23:33;810.99;810.99;805.72;807.01;20.63;16653.48;807.43
12.01.2017 23:34;806.82;806.82;802.44;803.61;7.61;6125.4;804.47
12.01.2017 23:35;803.65;803.97;800.15;801.97;32.12;25746.35;801.52
12.01.2017 23:36;801.93;802;800;801.99;37.45;29971;800.24
12.01.2017 23:37;801.93;801.99;801.86;801.99;19.84;15909.26;801.99
12.01.2017 23:38;801.87;802.13;801.87;802.13;23.21;18616.46;801.94
12.01.2017 23:39;802.13;803.68;802.13;803.68;12.6;10109.52;802.53
12.01.2017 23:40;803.68;805;803.68;804.26;10.29;8276.88;804
12.01.2017 23:41;804.97;804.98;804.97;804.98;0.33;267.86;804.97
12.01.2017 23:42;804.98;804.99;804.98;804.99;5.44;4377.98;804.99
12.01.2017 23:43;804.99;804.99;804.98;804.98;1;804.18;804.98
12.01.2017 23:44;0;0;0;0;0;0;0
12.01.2017 23:45;804.99;804.99;804.99;804.99;0.78;630.95;804.99
12.01.2017 23:46;804.99;804.99;804.98;804.99;7.41;5968.54;804.98
12.01.2017 23:47;804.98;804.99;803.72;804.99;6.89;5547;804.61
12.01.2017 23:48;803.72;803.72;803.03;803.04;22.67;18212.72;803.27
12.01.2017 23:49;804.03;804.9;804.03;804.9;0.49;392.73;804.32
12.01.2017 23:50;804.96;807.7;804.96;807.7;13.61;10964.79;805.48
12.01.2017 23:51;807.63;807.63;807.62;807.62;0.12;93.68;807.63
12.01.2017 23:52;0;0;0;0;0;0;0
12.01.2017 23:53;0;0;0;0;0;0;0
12.01.2017 23:54;807.23;807.27;805.52;805.52;1.93;1558.02;805.6
12.01.2017 23:55;806.99;806.99;806.97;806.97;0.64;517.52;806.98
12.01.2017 23:56;807.5;807.5;807.5;807.5;0.07;54.83;807.5
12.01.2017 23:57;807.34;807.64;807.23;807.56;0.07;59.93;807.45
12.01.2017 23:58;807.43;807.64;807.43;807.64;1.39;1120.07;807.49
12.01.2017 23:59;807.5;807.5;807.47;807.47;1.01;817.81;807.47
13.01.2017 00:00;807.51;807.51;805.77;805.77;0.06;47.84;806.8
13.01.2017 00:01;0;0;0;0;0;0;0
13.01.2017 00:02;807.59;807.59;807.59;807.59;0.11;91.02;807.59
13.01.2017 00:03;0;0;0;0;0;0;0
13.01.2017 00:04;807.42;807.42;807.42;807.42;0.1;78.32;807.42
13.01.2017 00:05;807.42;807.42;807.42;807.42;0.04;28.26;807.42
13.01.2017 00:06;0;0;0;0;0;0;0
13.01.2017 00:07;806.58;807.52;806.58;807.52;0.84;673.53;806.62
13.01.2017 00:08;807.5;807.5;807.33;807.33;10.05;8116.75;807.5
13.01.2017 00:09;807.31;807.31;807.31;807.31;0.05;40.37;807.31
13.01.2017 00:10;807.05;807.05;807.05;807.05;20.36;16434.39;807.05
13.01.2017 00:11;806.95;806.96;806.9;806.96;36.7;29615.27;806.94
13.01.2017 00:12;806.61;806.95;806.61;806.95;24.22;19541.13;806.78
13.01.2017 00:13;806.95;806.95;806.95;806.95;1;806.95;806.95
13.01.2017 00:14;806.87;807.05;806.87;807.05;1.95;1571.93;806.98
13.01.2017 00:15;807.05;807.83;806.87;807.83;2.51;2022.87;807.35
13.01.2017 00:16;808.01;810.72;808.01;810.72;4.83;3918.02;810.45
13.01.2017 00:17;809.69;809.69;807.17;807.17;1.11;898.74;808.87
13.01.2017 00:18;808.42;808.42;808.42;808.42;0.31;252.67;808.42
13.01.2017 00:19;808.31;808.31;808.31;808.31;0.01;5.25;808.31
13.01.2017 00:20;808.01;808.01;808.01;808.01;0.05;40.4;808.01
13.01.2017 00:21;807.36;807.99;807.36;807.99;2.02;1627.68;807.37
13.01.2017 00:22;808.46;808.46;807.5;807.5;1.27;1028.48;807.71
13.01.2017 00:23;808.63;808.63;808.31;808.38;7.74;6255.03;808.33
13.01.2017 00:24;808.38;808.63;808.38;808.63;7.48;6050.04;808.55
13.01.2017 00:25;808.64;808.64;808.64;808.64;1.98;1597.6;808.64
13.01.2017 00:26;809.01;810.72;809.01;810.64;5.75;4659.42;810.64
13.01.2017 00:27;809.89;810.64;809.89;810.64;0.06;48.55;810.18
13.01.2017 00:28;810.64;810.64;810.64;810.64;0.01;10.53;810.64
13.01.2017 00:29;0;0;0;0;0;0;0
13.01.2017 00:30;0;0;0;0;0;0;0
13.01.2017 00:31;810.65;810.71;810.65;810.71;2.43;1971.77;810.67
13.01.2017 00:32;810.71;811.02;810.71;811.02;0.11;86.54;810.74
13.01.2017 00:33;811.67;811.69;811.67;811.69;4;3246.75;811.69
13.01.2017 00:34;811.08;811.67;809.97;811.67;19.13;15499.28;810.3
13.01.2017 00:35;811.08;811.08;810.87;810.87;9.26;7513.4;811.02
13.01.2017 00:36;810.84;810.84;810.81;810.81;0.08;65.79;810.82
13.01.2017 00:37;810.78;810.78;810.78;810.78;0.04;30.81;810.78
13.01.2017 00:38;809.8;810.18;809.8;810.18;2.06;1669.88;809.81
13.01.2017 00:39;810.18;811.42;808.66;808.66;7.07;5724.93;810.1
13.01.2017 00:40;810.17;810.17;810.17;810.17;0.07;58.33;810.17
13.01.2017 00:41;810.17;810.17;809.99;810;1.09;881.66;810.01
13.01.2017 00:42;810;810;810;810;0.02;14.58;810
13.01.2017 00:43;809.99;809.99;809.98;809.98;0.19;153.9;809.99
13.01.2017 00:44;0;0;0;0;0;0;0
13.01.2017 00:45;809.99;810;809.99;810;4.97;4026.1;809.99
13.01.2017 00:46;0;0;0;0;0;0;0
13.01.2017 00:47;810;810;810;810;0.09;72.09;810
13.01.2017 00:48;809.99;809.99;809.99;809.99;0.1;78.57;809.99
13.01.2017 00:49;809.99;809.99;809.97;809.97;6.06;4904.86;809.99
13.01.2017 00:50;809.96;809.96;809.96;809.96;0.03;20.25;809.96
13.01.2017 00:51;809.95;809.95;809.95;809.95;0.05;41.66;809.95
13.01.2017 00:52;809.12;809.94;809.12;809.94;0.06;51.82;809.67
13.01.2017 00:53;808.69;808.88;808.69;808.88;13.35;10794.94;808.73
13.01.2017 00:54;809.54;809.54;809.54;809.54;0.29;231.53;809.54
13.01.2017 00:55;809.51;809.51;809.1;809.17;9.54;7726.3;809.47
13.01.2017 00:56;809.39;809.39;809.39;809.39;0.02;13.76;809.39
13.01.2017 00:57;809.99;810.65;809.41;810.65;18.52;15000.47;809.99
13.01.2017 00:58;810.85;810.86;810.85;810.86;15.29;12401.84;810.86
13.01.2017 00:59;810.86;811.67;810.86;811.67;0.72;584.68;811.34
13.01.2017 01:00;0;0;0;0;0;0;0
13.01.2017 01:01;811.67;811.67;811.13;811.13;1.92;1561;811.14
13.01.2017 01:02;811.01;811.03;811.01;811.01;12.19;9883.2;811.01
13.01.2017 01:03;811.01;811.03;811.01;811.01;30.58;24800.57;811.01
13.01.2017 01:04;811.01;811.01;810.67;810.69;8.27;6702.66;810.88
13.01.2017 01:05;810.69;810.69;810.67;810.67;10.53;8537.29;810.67
13.01.2017 01:06;810.67;810.67;809.53;809.53;12.16;9852.1;810.06
13.01.2017 01:07;809.53;810;809.53;809.98;3.5;2833.36;809.55
13.01.2017 01:08;809.93;809.96;809.93;809.96;1.02;822.94;809.94
13.01.2017 01:09;809.95;809.95;809.95;809.95;50;40497.5;809.95
13.01.2017 01:10;809.95;810.22;809.95;810.22;18.38;14885.6;809.98
13.01.2017 01:11;810.22;810.67;810.22;810.67;0.59;479.31;810.55
13.01.2017 01:12;810.67;810.67;810.67;810.67;0.02;14.02;810.67
13.01.2017 01:13;810.67;810.99;810.67;810.99;1.36;1101.07;810.95
13.01.2017 01:14;0;0;0;0;0;0;0
13.01.2017 01:15;810.99;810.99;810.99;810.99;0.03;21.09;810.99
13.01.2017 01:16;810.99;810.99;810.99;810.99;0.08;61.64;810.99
13.01.2017 01:17;810.99;810.99;810.99;810.99;3.01;2442.13;810.99
13.01.2017 01:18;810.99;810.99;810.75;810.75;2.38;1932.02;810.75
13.01.2017 01:19;810.98;810.98;810.98;810.98;0.22;180.04;810.98
13.01.2017 01:20;810.77;810.99;810.77;810.99;15.32;12423.96;810.91
13.01.2017 01:21;810.99;810.99;810.99;810.99;0.01;6.36;810.99
13.01.2017 01:22;810.99;811;810.99;810.99;11;8920.92;810.99
13.01.2017 01:23;810.99;811.68;810.99;811.68;12.72;10318.95;811.06
13.01.2017 01:24;811.12;811.67;811.12;811.67;2.1;1702.33;811.15
13.01.2017 01:25;811.38;811.68;811.38;811.68;0.05;39.83;811.46
13.01.2017 01:26;811.66;811.68;811.66;811.68;8.43;6839.09;811.68
13.01.2017 01:27;811.68;811.68;811.68;811.68;0.35;284.09;811.68
13.01.2017 01:28;0;0;0;0;0;0;0
13.01.2017 01:29;811.68;811.68;811.44;811.44;0.93;754.74;811.46
13.01.2017 01:30;811.68;811.99;811.58;811.58;5.13;4161.63;811.69
13.01.2017 01:31;811.56;811.56;811.56;811.56;0.1;78.72;811.56
13.01.2017 01:32;811.56;811.56;811.23;811.56;0.28;227.28;811.27
13.01.2017 01:33;0;0;0;0;0;0;0
13.01.2017 01:34;0;0;0;0;0;0;0
13.01.2017 01:35;0;0;0;0;0;0;0
13.01.2017 01:36;811.55;811.55;811.55;811.55;2.51;2039.43;811.55
13.01.2017 01:37;0;0;0;0;0;0;0
13.01.2017 01:38;811.56;811.58;811.56;811.58;0.31;249.96;811.56
13.01.2017 01:39;0;0;0;0;0;0;0
13.01.2017 01:40;811.58;811.58;811.58;811.58;2.99;2425.81;811.58
13.01.2017 01:41;811.38;811.38;811.38;811.38;0.03;21.11;811.38
13.01.2017 01:42;811.57;811.57;811.57;811.57;0.22;179.95;811.57
13.01.2017 01:43;811.57;811.57;811.56;811.57;5.21;4229.07;811.57
13.01.2017 01:44;811.57;812;811.24;811.24;10.86;8811.56;811.47
13.01.2017 01:45;811.95;811.95;811.95;811.95;0.1;81.19;811.95
13.01.2017 01:46;811.33;811.33;811.33;811.33;50;40566.5;811.33
13.01.2017 01:47;0;0;0;0;0;0;0
13.01.2017 01:48;0;0;0;0;0;0;0
13.01.2017 01:49;811.29;811.97;811.29;811.97;1.5;1215.26;811.32
13.01.2017 01:50;811.53;811.73;811.23;811.23;13.24;10742.66;811.31
13.01.2017 01:51;811.03;811.03;810;810;23.57;19098.56;810.17
13.01.2017 01:52;810;810.01;810;810.01;8.81;7140.03;810
13.01.2017 01:53;809.29;809.3;809.25;809.25;3;2427.84;809.28
13.01.2017 01:54;809.25;809.25;809.25;809.25;1;809.25;809.25
13.01.2017 01:55;0;0;0;0;0;0;0
13.01.2017 01:56;809.25;809.25;809.25;809.25;9.87;7989.67;809.25
13.01.2017 01:57;0;0;0;0;0;0;0
13.01.2017 01:58;809.25;809.25;809.25;809.25;0.13;102.83;809.25
13.01.2017 01:59;809.23;809.23;809.18;809.18;0.03;24.28;809.2
13.01.2017 02:00;0;0;0;0;0;0;0
13.01.2017 02:01;809.34;809.34;809.34;809.34;0.07;58.27;809.34
13.01.2017 02:02;0;0;0;0;0;0;0
13.01.2017 02:03;809.28;809.28;809.28;809.28;0.09;69.12;809.28
13.01.2017 02:04;0;0;0;0;0;0;0
13.01.2017 02:05;0;0;0;0;0;0;0
13.01.2017 02:06;809.35;809.35;809.35;809.35;0.02;18.53;809.35
13.01.2017 02:07;0;0;0;0;0;0;0
13.01.2017 02:08;0;0;0;0;0;0;0
13.01.2017 02:09;809.22;809.22;808.64;809.09;16.01;12949.91;808.81
13.01.2017 02:10;0;0;0;0;0;0;0
13.01.2017 02:11;809.56;809.69;809.56;809.69;3;2428.12;809.64
13.01.2017 02:12;0;0;0;0;0;0;0
13.01.2017 02:13;809.68;809.68;809.68;809.68;0.05;37.82;809.68
13.01.2017 02:14;809.68;809.69;809.68;809.69;5.02;4063.01;809.69
13.01.2017 02:15;809.69;809.69;809.69;809.69;3.02;2446.4;809.69
13.01.2017 02:16;809.69;809.69;809.69;809.69;0.62;502.01;809.69
13.01.2017 02:17;0;0;0;0;0;0;0
13.01.2017 02:18;809.69;809.69;809.69;809.69;0.49;399.29;809.69
13.01.2017 02:19;809.69;809.74;809.69;809.74;3.42;2765.59;809.72
13.01.2017 02:20;809.74;809.74;809.74;809.74;6.24;5048.97;809.74
13.01.2017 02:21;809.74;811.36;809.74;811.36;1.94;1569.06;809.76
13.01.2017 02:22;811.7;811.97;811.7;811.96;2.73;2212.69;811.97
13.01.2017 02:23;811.96;811.96;811.96;811.96;0.27;215.58;811.96
13.01.2017 02:24;811.09;811.91;810.91;811.91;10.04;8137.89;810.93
13.01.2017 02:25;811.68;811.68;811.68;811.68;0.12;96.59;811.68
13.01.2017 02:26;811.58;811.58;811.58;811.58;0.1;81.16;811.58
13.01.2017 02:27;0;0;0;0;0;0;0
13.01.2017 02:28;811.84;811.84;811.84;811.84;0.04;32.47;811.84
13.01.2017 02:29;0;0;0;0;0;0;0
13.01.2017 02:30;811.48;811.48;811.48;811.48;0.44;356.92;811.48
13.01.2017 02:31;811;811;811;811;0.05;42.17;811
13.01.2017 02:32;811.94;811.97;811.94;811.97;1.25;1017.01;811.95
13.01.2017 02:33;811.97;811.97;811.97;811.97;0.11;90.13;811.97
13.01.2017 02:34;811.41;811.41;811.35;811.35;1.05;849.79;811.4
13.01.2017 02:35;811.32;811.33;811.32;811.33;3.24;2627.51;811.32
13.01.2017 02:36;811.32;811.32;811.32;811.32;6.95;5636.43;811.32
13.01.2017 02:37;811.32;811.32;811.32;811.32;0.01;8.78;811.32
13.01.2017 02:38;811.33;811.33;811.02;811.02;0.25;204.1;811.1
13.01.2017 02:39;0;0;0;0;0;0;0
13.01.2017 02:40;811.32;811.32;811.32;811.32;0.05;42.23;811.32
13.01.2017 02:41;811.29;811.29;811.29;811.29;2.99;2424.95;811.29
13.01.2017 02:42;811.01;811.27;811.01;811.27;5.22;4229.82;811.02
13.01.2017 02:43;0;0;0;0;0;0;0
13.01.2017 02:44;811.08;811.08;810.71;810.71;19.76;16023.55;810.98
13.01.2017 02:45;810.7;810.71;809.71;810.62;4.44;3599.56;810.41
13.01.2017 02:46;810.71;811.32;810.62;811.04;21.92;17779.52;810.97
13.01.2017 02:47;811.04;811.69;810.73;811.36;19.25;15620.93;811.27
13.01.2017 02:48;811.33;811.38;811.33;811.38;2.39;1940.7;811.37
13.01.2017 02:49;0;0;0;0;0;0;0
13.01.2017 02:50;811.43;811.43;810.85;810.85;10;8108.72;810.87
13.01.2017 02:51;811.61;811.61;809.91;809.91;12.58;10190.85;810.41
13.01.2017 02:52;0;0;0;0;0;0;0
13.01.2017 02:53;809.77;809.77;809.77;809.77;2.2;1781.49;809.77
13.01.2017 02:54;0;0;0;0;0;0;0
13.01.2017 02:55;0;0;0;0;0;0;0
13.01.2017 02:56;811.25;811.25;811.25;811.25;0.04;32.45;811.25
13.01.2017 02:57;811.66;811.66;811.66;811.66;0.29;235.38;811.66
13.01.2017 02:58;811.62;811.62;809.82;809.82;2.44;1973.14;810.33
13.01.2017 02:59;809.79;809.79;809.79;809.79;1.5;1211.1;809.79
13.01.2017 03:00;809.82;809.82;809.82;809.82;0.95;765.34;809.82
13.01.2017 03:01;809.82;809.82;809.82;809.82;0.11;91.51;809.82
13.01.2017 03:02;809.79;809.79;809.79;809.79;0.05;42.92;809.79
13.01.2017 03:03;809.82;809.82;809.8;809.8;0.51;411.24;809.8
13.01.2017 03:04;809.82;809.82;809.82;809.82;0.13;106.09;809.82
13.01.2017 03:05;809.8;809.8;809.8;809.8;0.41;328.78;809.8
13.01.2017 03:06;809.8;809.82;809.8;809.8;1.85;1498.13;809.8
13.01.2017 03:07;809.8;809.8;809.8;809.8;0.5;404.9;809.8
13.01.2017 03:08;809.8;809.8;803;803;25.22;20382.14;808.1
13.01.2017 03:09;804.57;804.57;803;803;3.14;2522.73;803.09
13.01.2017 03:10;0;0;0;0;0;0;0
13.01.2017 03:11;803;803;803;803;3.23;2595.19;803
13.01.2017 03:12;802.15;802.15;801;801;28.93;23173.03;801
13.01.2017 03:13;801;801.65;801;801;4.53;3624.75;801
13.01.2017 03:14;801;801.33;801;801;12.82;10266.38;801
13.01.2017 03:15;801;801.25;800.95;800.95;15.46;12381.16;801.01
13.01.2017 03:16;800.93;801;800.93;800.93;3.26;2610.66;800.95
13.01.2017 03:17;800.98;801.34;800;800.78;44.2;35391.26;800.62
13.01.2017 03:18;800;800;795.02;799;26.72;21307.47;797.3
13.01.2017 03:19;0;0;0;0;0;0;0
13.01.2017 03:20;798.01;798.01;797.46;797.46;0.03;27.12;797.78
13.01.2017 03:21;799;799;799;799;0.02;12.88;799
13.01.2017 03:22;799;801;799;801;0.05;43.06;799.59
13.01.2017 03:23;0;0;0;0;0;0;0
13.01.2017 03:24;800.01;800.01;800;800;0.02;12.6;800.01
13.01.2017 03:25;799.01;799.99;799.01;799.99;0.58;464.47;799.09
13.01.2017 03:26;799.99;801.01;799.99;800;1.78;1425.14;800
13.01.2017 03:27;801.01;801.27;801;801.09;0.66;530.5;801.12
13.01.2017 03:28;801.08;801.34;801.08;801.34;1.83;1464.37;801.08
13.01.2017 03:29;0;0;0;0;0;0;0
13.01.2017 03:30;0;0;0;0;0;0;0
13.01.2017 03:31;0;0;0;0;0;0;0
13.01.2017 03:32;801.34;801.35;801.34;801.35;8.91;7140.3;801.34
13.01.2017 03:33;801.35;801.35;801.35;801.35;7.83;6274.57;801.35
13.01.2017 03:34;801.4;801.98;801.11;801.35;9.49;7603.79;801.37
13.01.2017 03:35;801.35;802;801.35;801.99;21.29;17069.68;801.65
13.01.2017 03:36;801.99;801.99;793.03;800.05;53.13;42445.63;798.87
13.01.2017 03:37;800.04;800.05;798.28;798.28;2.82;2250.28;798.9
13.01.2017 03:38;0;0;0;0;0;0;0
13.01.2017 03:39;799.46;799.46;798.59;798.59;3.01;2403.76;798.59
13.01.2017 03:40;0;0;0;0;0;0;0
13.01.2017 03:41;0;0;0;0;0;0;0
13.01.2017 03:42;800.02;800.46;800.02;800.46;0.01;11.2;800.15
13.01.2017 03:43;800.46;800.95;800.46;800.95;0.03;24.03;800.85
13.01.2017 03:44;799.47;799.47;799.47;799.47;0.01;7.99;799.47
13.01.2017 03:45;799.46;799.46;798.52;798.52;2.03;1622.72;798.58
13.01.2017 03:46;798.52;798.52;798.52;798.52;2;1597.04;798.52
13.01.2017 03:47;798.53;798.53;798.52;798.52;7.31;5834.23;798.52
13.01.2017 03:48;798.47;798.47;795.55;798.34;3.37;2678.66;795.85
13.01.2017 03:49;0;0;0;0;0;0;0
13.01.2017 03:50;795.62;795.62;795.62;795.62;1.43;1139.12;795.62
13.01.2017 03:51;796.61;796.61;792;792;8.9;7056.32;792.93
13.01.2017 03:52;791.99;791.99;790;790;20.94;16552.51;790.55
13.01.2017 03:53;791.48;791.48;790.99;790.99;0.07;55.1;791.06
13.01.2017 03:54;790.99;790.99;790.04;790.04;11.14;8802.07;790.05
13.01.2017 03:55;790.04;790.04;790;790;2.54;2007.95;790.01
13.01.2017 03:56;790;790;789.98;790;1.03;817.35;789.98
13.01.2017 03:57;0;0;0;0;0;0;0
13.01.2017 03:58;790.02;790.02;786.65;786.65;31.59;24865.15;787.01
13.01.2017 03:59;786.66;787;786.61;786.61;17.01;13385.18;786.76
13.01.2017 04:00;786.59;790.01;786.57;790.01;3;2362.62;787.54
13.01.2017 04:01;786.99;786.99;783.37;784.99;7.61;5975.93;785.48
13.01.2017 04:02;784.99;784.99;784.98;784.98;0.46;361.87;784.98
13.01.2017 04:03;783.4;783.4;782.56;782.56;20;15653.72;782.69
13.01.2017 04:04;782.57;785.8;780.28;785.8;15.72;12302.42;782.62
13.01.2017 04:05;782.76;782.76;781.75;781.75;0.35;270.51;781.81
13.01.2017 04:06;781.65;783.74;781.65;783.74;1.87;1466;782.41
13.01.2017 04:07;782.57;783.35;778.97;783.35;58.5;45661.45;780.55
13.01.2017 04:08;783.33;783.76;778.97;779.96;23.76;18529.68;779.74
13.01.2017 04:09;780.4;786.33;780.4;786.33;35.95;28162.33;783.41
13.01.2017 04:10;782.76;782.76;782.07;782.07;0.25;195.76;782.1
13.01.2017 04:11;0;0;0;0;0;0;0
13.01.2017 04:12;782.19;786.08;780.05;786.08;8.31;6489.16;780.83
13.01.2017 04:13;0;0;0;0;0;0;0
13.01.2017 04:14;782.03;782.76;780.36;782.73;25.71;20084.05;781.15
13.01.2017 04:15;782.73;782.96;780.06;782.96;38.12;29803.84;781.9
13.01.2017 04:16;0;0;0;0;0;0;0
13.01.2017 04:17;786.04;788.39;786.04;788.39;9.1;7160.25;787.11
13.01.2017 04:18;786.05;786.05;785.97;785.97;0.66;522.17;786
13.01.2017 04:19;787.04;787.05;787.04;787.05;0.02;15.74;787.05
13.01.2017 04:20;787.64;787.65;787.64;787.65;9.99;7868.62;787.65
13.01.2017 04:21;787.07;787.07;787.07;787.07;0.01;7.87;787.07
13.01.2017 04:22;0;0;0;0;0;0;0
13.01.2017 04:23;786.21;787.95;786.21;787.95;3.38;2655.82;786.23
13.01.2017 04:24;0;0;0;0;0;0;0
13.01.2017 04:25;0;0;0;0;0;0;0
13.01.2017 04:26;788.04;788.04;787.04;787.04;0.02;12.6;787.54
13.01.2017 04:27;788.04;788.84;788.04;788.83;0.34;269.58;788.81
13.01.2017 04:28;788.84;789.2;788.84;789.17;17.73;13990.41;789.2
13.01.2017 04:29;789.17;789.17;789.17;789.17;0.04;31.14;789.17
13.01.2017 04:30;789.17;789.19;789.17;789.19;4.12;3247.53;789.19
13.01.2017 04:31;790.04;790.35;790.04;790.35;0.41;320.09;790.34
13.01.2017 04:32;790.35;790.35;790.35;790.35;2.89;2281.77;790.35
13.01.2017 04:33;0;0;0;0;0;0;0
13.01.2017 04:34;0;0;0;0;0;0;0
13.01.2017 04:35;0;0;0;0;0;0;0
13.01.2017 04:36;789.2;789.2;789.2;789.2;0.19;148.82;789.2
13.01.2017 04:37;789.19;789.19;789.19;789.19;0.81;640.35;789.19
13.01.2017 04:38;0;0;0;0;0;0;0
13.01.2017 04:39;789.2;789.2;789.2;789.2;0.01;10.33;789.2
13.01.2017 04:40;789.19;789.19;789.19;789.19;0.01;7.95;789.19
13.01.2017 04:41;789.17;789.17;789.17;789.17;0.25;196.82;789.17
13.01.2017 04:42;0;0;0;0;0;0;0
13.01.2017 04:43;789.17;789.19;789.17;789.19;5.01;3953.65;789.17
13.01.2017 04:44;0;0;0;0;0;0;0
13.01.2017 04:45;0;0;0;0;0;0;0
13.01.2017 04:46;789.17;789.17;789.17;789.17;10;7891.7;789.17
13.01.2017 04:47;789.04;789.04;787.06;787.06;0.07;56.15;788.04
13.01.2017 04:48;788.06;788.83;788.06;788.83;0.03;23.66;788.57
13.01.2017 04:49;0;0;0;0;0;0;0
13.01.2017 04:50;789.13;789.13;787.44;787.44;0.04;31.54;788.14
13.01.2017 04:51;787.44;787.44;787.05;787.05;0.03;23.61;787.08
13.01.2017 04:52;0;0;0;0;0;0;0
13.01.2017 04:53;0;0;0;0;0;0;0
13.01.2017 04:54;0;0;0;0;0;0;0
13.01.2017 04:55;788.79;788.79;788.63;788.63;0.99;776.89;788.64
13.01.2017 04:56;788.73;788.73;788.67;788.67;0.26;208.31;788.73
13.01.2017 04:57;788.62;788.67;788.62;788.67;3;2365.97;788.66
13.01.2017 04:58;0;0;0;0;0;0;0
13.01.2017 04:59;0;0;0;0;0;0;0
13.01.2017 05:00;788.82;788.82;788.82;788.82;0.08;65.94;788.82
13.01.2017 05:01;0;0;0;0;0;0;0
13.01.2017 05:02;788.8;788.8;788.8;788.8;3;2366.4;788.8
13.01.2017 05:03;787.79;787.79;787;787;12.98;10213.31;787.04
13.01.2017 05:04;0;0;0;0;0;0;0
13.01.2017 05:05;786.83;786.83;786.83;786.83;0.03;25.18;786.83
13.01.2017 05:06;0;0;0;0;0;0;0
13.01.2017 05:07;786.83;786.83;786.83;786.83;0.14;112.38;786.83
13.01.2017 05:08;786.98;786.98;786.98;786.98;0.08;62.17;786.98
13.01.2017 05:09;786.83;786.83;786.83;786.83;9.84;7738.61;786.83
13.01.2017 05:10;786.79;786.79;786.04;786.04;0.08;64.51;786.7
13.01.2017 05:11;785.96;785.96;784.83;784.83;1.03;809.52;785.94
13.01.2017 05:12;0;0;0;0;0;0;0
13.01.2017 05:13;0;0;0;0;0;0;0
13.01.2017 05:14;784.72;784.72;784.72;784.72;0.03;23.54;784.72
13.01.2017 05:15;784.72;784.72;784.72;784.72;0.43;338.55;784.72
13.01.2017 05:16;0;0;0;0;0;0;0
13.01.2017 05:17;783.84;784.69;783.83;784.69;7.86;6162.42;783.84
13.01.2017 05:18;784.69;784.69;784.69;784.69;0.55;433.05;784.69
13.01.2017 05:19;784.7;784.7;784.7;784.7;0.05;40.8;784.7
13.01.2017 05:20;0;0;0;0;0;0;0
13.01.2017 05:21;0;0;0;0;0;0;0
13.01.2017 05:22;784.69;784.69;783.83;783.83;4.34;3400.52;784.25
13.01.2017 05:23;783.83;784.69;782.75;782.75;8.3;6495.51;782.9
13.01.2017 05:24;782.75;784.71;782.75;782.82;6.94;5432.2;783.28
13.01.2017 05:25;782.79;784.71;782.77;782.78;11.63;9103.7;783.06
13.01.2017 05:26;0;0;0;0;0;0;0
13.01.2017 05:27;0;0;0;0;0;0;0
13.01.2017 05:28;0;0;0;0;0;0;0
13.01.2017 05:29;782.86;784.48;782.86;784.03;25.76;20193.61;783.83
13.01.2017 05:30;0;0;0;0;0;0;0
13.01.2017 05:31;784;784;782.77;782.77;4.98;3903.28;783.34
13.01.2017 05:32;783.97;784;783.97;784;2;1567.98;783.99
13.01.2017 05:33;784;784.49;784;784.49;11.04;8654.22;784.01
13.01.2017 05:34;0;0;0;0;0;0;0
13.01.2017 05:35;784.48;784.48;784.47;784.47;0.19;147.79;784.47
13.01.2017 05:36;0;0;0;0;0;0;0
13.01.2017 05:37;784.08;784.08;784.05;784.05;8.38;6572.72;784.05
13.01.2017 05:38;784.05;784.48;784.05;784.48;9.76;7652.53;784.44
13.01.2017 05:39;0;0;0;0;0;0;0
13.01.2017 05:40;784.48;784.48;782.76;782.76;4.38;3431.96;784.05
13.01.2017 05:41;782.76;782.76;780.81;780.81;25.3;19751.23;780.83
13.01.2017 05:42;780.79;780.79;779.64;779.64;22.22;17330.17;780.1
13.01.2017 05:43;779.99;780;779.99;780;1.37;1070.24;780
13.01.2017 05:44;780;780;778.58;778.58;8.46;6585.35;778.66
13.01.2017 05:45;778.09;778.66;778.09;778.66;1.43;1111;778.56
13.01.2017 05:46;779.56;780;778.97;779;3.55;2764.29;779.7
13.01.2017 05:47;779.06;780;779.04;780;10.78;8410.57;779.92
13.01.2017 05:48;780;780;780;780;6.75;5263.58;780
13.01.2017 05:49;780;780;780;780;0.03;20.17;780
13.01.2017 05:50;0;0;0;0;0;0;0
13.01.2017 05:51;0;0;0;0;0;0;0
13.01.2017 05:52;0;0;0;0;0;0;0
13.01.2017 05:53;780;780;780;780;0.03;20.81;780
13.01.2017 05:54;780;783.2;780;782.27;25.64;20027.8;781.18
13.01.2017 05:55;782.27;784.52;782.17;784.52;44.07;34530.34;783.48
13.01.2017 05:56;783.14;783.14;779.95;779.95;1.8;1404.02;780.01
13.01.2017 05:57;0;0;0;0;0;0;0
13.01.2017 05:58;0;0;0;0;0;0;0
13.01.2017 05:59;783.07;784.71;783.07;784.71;10.26;8047.74;784.35
13.01.2017 06:00;784.11;785.88;784.11;785.88;18.89;14827.91;784.96
13.01.2017 06:01;784.72;786.6;784.72;786.6;4.75;3729.99;785.37
13.01.2017 06:02;0;0;0;0;0;0;0
13.01.2017 06:03;785.89;786.99;785.89;786.99;9.53;7494;786.74
13.01.2017 06:04;786.99;788.83;786.99;788.83;17.45;13751.74;788.09
13.01.2017 06:05;0;0;0;0;0;0;0
13.01.2017 06:06;0;0;0;0;0;0;0
13.01.2017 06:07;0;0;0;0;0;0;0
13.01.2017 06:08;0;0;0;0;0;0;0
13.01.2017 06:09;788;788;787.13;787.97;1.38;1085.64;787.65
13.01.2017 06:10;787.13;788.82;784.47;785.62;42.33;33323.05;787.16
13.01.2017 06:11;0;0;0;0;0;0;0
13.01.2017 06:12;0;0;0;0;0;0;0
13.01.2017 06:13;0;0;0;0;0;0;0
13.01.2017 06:14;787.13;788.81;785.82;785.82;12.33;9695.15;786.5
13.01.2017 06:15;0;0;0;0;0;0;0
13.01.2017 06:16;787.03;788.76;787.03;788.76;0.06;46.89;787.94
13.01.2017 06:17;788.75;788.76;788.75;788.76;0.05;35.49;788.76
13.01.2017 06:18;788.76;788.76;788.76;788.76;0.07;57.4;788.76
13.01.2017 06:19;788.76;788.82;788.76;788.82;4.33;3416.01;788.8
13.01.2017 06:20;788.82;788.82;788.82;788.82;0.14;114.2;788.82
13.01.2017 06:21;788.82;789;788.82;789;11;8679.75;788.91
13.01.2017 06:22;789;789;789;789;0.06;49.76;789
13.01.2017 06:23;789;789;789;789;2;1578;789
13.01.2017 06:24;789;789;789;789;0.71;559.6;789
13.01.2017 06:25;788.75;788.75;788.75;788.75;0.03;20.51;788.75
13.01.2017 06:26;788.75;788.75;788.75;788.75;2.83;2230.27;788.75
13.01.2017 06:27;789;789;788.75;789;1.66;1306.78;788.85
13.01.2017 06:28;788.75;789;788.75;789;1.11;873.96;788.77
13.01.2017 06:29;788.75;788.75;788.72;788.72;9.49;7482.19;788.74
13.01.2017 06:30;788.06;788.06;785.92;785.92;3.28;2579.97;786.26
13.01.2017 06:31;785.67;785.68;785.67;785.68;5.15;4049.18;785.68
13.01.2017 06:32;787.06;787.49;787.06;787.49;0.1;79.53;787.41
13.01.2017 06:33;787.46;787.46;787.46;787.46;0.12;93.13;787.46
13.01.2017 06:34;787.43;787.46;787.43;787.46;1;787.44;787.44
13.01.2017 06:35;786.12;787.45;786.12;787.45;0.27;208.87;786.45
13.01.2017 06:36;786.11;786.11;786.11;786.11;0.49;383.52;786.11
13.01.2017 06:37;0;0;0;0;0;0;0
13.01.2017 06:38;786.11;787.45;786.1;787.43;5.64;4440.43;787.18
13.01.2017 06:39;787.43;787.44;786.09;786.09;17.75;13960.93;786.35
13.01.2017 06:40;786.57;786.64;785;786.64;41.75;32810.63;785.81
13.01.2017 06:41;786.84;787.45;782.68;782.72;20.7;16237.92;784.44
13.01.2017 06:42;782.73;786.14;782.73;784.12;13.91;10914.65;784.81
13.01.2017 06:43;784.12;787.45;783.13;785.01;18.36;14406.89;784.62
13.01.2017 06:44;785.01;787.43;783.13;784.15;7.52;5892.15;784.03
13.01.2017 06:45;784.15;787.44;784.14;787.44;6.93;5440.35;784.94
13.01.2017 06:46;785.37;787.46;784.29;787.46;12.82;10084;786.84
13.01.2017 06:47;784.51;789;784.18;789;28.8;22670.5;787.24
13.01.2017 06:48;789;789;784.55;788.01;13.24;10432.08;787.84
13.01.2017 06:49;788.98;788.98;784.69;785.02;12.19;9590.79;786.56
13.01.2017 06:50;785.02;788.35;785.01;785.03;19.28;15137.1;785.06
13.01.2017 06:51;785.03;789.52;785.02;785.93;30.59;24097.76;787.65
13.01.2017 06:52;785.15;788.56;785.02;785.48;11.25;8843.74;785.95
13.01.2017 06:53;785.54;788.56;785.04;788.56;18.53;14586.66;787.29
13.01.2017 06:54;788.56;790.03;785.54;788.57;11.36;8954.58;788.44
13.01.2017 06:55;788.57;789.3;785.6;788.58;13.49;10635.57;788.41
13.01.2017 06:56;788.58;789.52;785.61;789.47;6.64;5232.31;788.23
13.01.2017 06:57;789.47;789.52;785.65;785.66;13.38;10553.73;788.62
13.01.2017 06:58;785.66;790;785.66;786.6;14.22;11222.11;789.16
13.01.2017 06:59;789.42;789.43;785.6;785.6;5.94;4674.83;787.36
13.01.2017 07:00;787.4;789.89;787.4;789.89;0.22;175.75;789.51
13.01.2017 07:01;0;0;0;0;0;0;0
13.01.2017 07:02;0;0;0;0;0;0;0
13.01.2017 07:03;789.94;789.94;789.94;789.94;0.25;199.52;789.94
13.01.2017 07:04;787.58;787.58;787.58;787.58;0.06;49.62;787.58
13.01.2017 07:05;787.69;787.69;787.66;787.66;1;787.68;787.68
13.01.2017 07:06;787.84;787.84;787.84;787.84;0.13;100.39;787.84
13.01.2017 07:07;787.61;787.61;787.6;787.6;4.01;3161.45;787.61
13.01.2017 07:08;787.61;787.61;787.6;787.6;2.02;1588.61;787.61
13.01.2017 07:09;787.62;787.62;787.6;787.61;4.06;3200.21;787.61
13.01.2017 07:10;787.61;787.84;787.6;787.84;19;14960.94;787.61
13.01.2017 07:11;789.44;789.44;785.82;785.82;2.58;2029.23;787.73
13.01.2017 07:12;785.82;788;785.82;788;8.37;6592.93;787.64
13.01.2017 07:13;788;788;788;788;0.05;36.22;788
13.01.2017 07:14;788;789.92;788;788.93;21.51;16979;789.35
13.01.2017 07:15;788.94;788.94;788.93;788.93;0.5;391.31;788.94
13.01.2017 07:16;788.93;788.93;785.81;785.81;10.94;8626.49;788.84
13.01.2017 07:17;785.81;785.81;785.54;785.54;3.31;2600.14;785.7
13.01.2017 07:18;785.8;785.8;785.54;785.55;6.28;4936.87;785.55
13.01.2017 07:19;785.8;785.8;784.25;784.25;3.6;2827.27;785.13
13.01.2017 07:20;784.68;784.68;784.68;784.68;0.36;282.49;784.68
13.01.2017 07:21;784.4;784.4;782.55;782.55;5.95;4666.92;783.7
13.01.2017 07:22;782.58;782.58;781;782.55;40.57;31704.23;781.48
13.01.2017 07:23;782.55;782.55;781.71;781.71;2;1563.62;781.81
13.01.2017 07:24;0;0;0;0;0;0;0
13.01.2017 07:25;784.38;784.41;784.38;784.41;2.73;2144.55;784.4
13.01.2017 07:26;784.39;784.39;782.55;782.55;5.64;4411.59;782.72
13.01.2017 07:27;782.55;782.95;777.04;779.21;53.21;41489.59;779.7
13.01.2017 07:28;780.56;781.06;777.04;777.07;16.41;12774.5;778.3
13.01.2017 07:29;777.39;782;777.04;777.05;30.04;23422.92;779.78
13.01.2017 07:30;777.07;783.89;777.06;777.77;51.11;39897.77;780.69
13.01.2017 07:31;778;778;777.04;777.74;13.29;10333.61;777.58
13.01.2017 07:32;777.74;781.42;777.74;778.15;2.28;1772.87;777.82
13.01.2017 07:33;778.27;781.91;778.27;778.57;8.92;6965.79;780.61
13.01.2017 07:34;779.88;780.27;777.87;780.27;4.11;3201.94;779.9
13.01.2017 07:35;780.27;780.86;777.71;778.27;17.41;13567.32;779.3
13.01.2017 07:36;778.27;780.88;777.27;777.96;7.3;5683.15;778.69
13.01.2017 07:37;777.9;777.91;777.04;777.06;5.97;4640.69;777.34
13.01.2017 07:38;777.12;780.88;777.01;780.88;31.07;24239.55;780.16
13.01.2017 07:39;780.3;780.3;777.13;777.26;11.7;9121.89;779.9
13.01.2017 07:40;777.26;779.24;776.97;776.97;9.36;7275.86;777.55
13.01.2017 07:41;776.97;776.97;776.97;776.97;0.21;164.98;776.97
13.01.2017 07:42;776.97;777;776.97;776.97;6.22;4833.91;776.97
13.01.2017 07:43;776.97;776.97;776.97;776.97;0.06;48.57;776.97
13.01.2017 07:44;776.97;776.97;775.06;775.06;10.15;7872.38;775.57
13.01.2017 07:45;776.94;776.95;776.94;776.95;1;780.83;776.95
13.01.2017 07:46;776.95;776.97;776.95;776.97;0.93;721.47;776.97
13.01.2017 07:47;776.97;776.97;776.97;776.97;1.3;1013.56;776.97
13.01.2017 07:48;776.97;776.97;776.69;776.78;3.34;2591.96;776.76
13.01.2017 07:49;776.97;777;776.97;777;4.91;3811.16;776.98
13.01.2017 07:50;777.95;778;777.95;778;1.63;1266.58;778
13.01.2017 07:51;778;778;778;778;1.07;832.43;778
13.01.2017 07:52;0;0;0;0;0;0;0
13.01.2017 07:53;778;778;777.07;777.12;3.21;2499.65;777.7
13.01.2017 07:54;777.19;778.05;777.19;778.03;5.94;4622.23;777.97
13.01.2017 07:55;778.03;780.26;778.03;778.1;9.47;7374.6;779.08
13.01.2017 07:56;778.12;778.16;778.03;778.16;3;2336.46;778.14
13.01.2017 07:57;778.95;780.88;778.18;778.37;13.68;10669.39;779.98
13.01.2017 07:58;778.38;778.92;775;778.92;29.76;23124.3;777.03
13.01.2017 07:59;778.9;778.95;776;776.06;10.75;8366.52;778.15
13.01.2017 08:00;776.08;776.09;776;776.02;6.64;5154.81;776.06
13.01.2017 08:01;776.01;778.95;776.01;778.95;10.49;8162.05;777.96
13.01.2017 08:02;778.95;782.86;778.95;782.86;5.43;4236.99;780.69
13.01.2017 08:03;783.59;784.41;783.59;784.12;1.62;1273.88;784.25
13.01.2017 08:04;784.11;794.3;784.11;794.3;109.36;86329.5;789.42
13.01.2017 08:05;793.23;796.04;793;793;34.14;27089.38;793.43
13.01.2017 08:06;793;793;793;793;27.04;21441.32;793
13.01.2017 08:07;793;793.01;791.81;791.83;19.7;15611.13;792.61
13.01.2017 08:08;791.83;791.97;789.47;789.49;20.47;16175.2;790
13.01.2017 08:09;789.49;789.49;787.13;787.14;19.71;15532.86;788.11
13.01.2017 08:10;787.14;787.26;787.14;787.14;5.15;4050.74;787.16
13.01.2017 08:11;787.93;787.93;786.45;786.45;6.81;5363.33;787.02
13.01.2017 08:12;786.45;786.45;785.41;785.43;10.97;8623.09;785.82
13.01.2017 08:13;785.43;785.48;785.43;785.48;8.2;6444.65;785.47
13.01.2017 08:14;785.47;785.48;785.47;785.48;1.8;1413.86;785.48
13.01.2017 08:15;785.48;785.48;785.48;785.48;0.14;106.41;785.48
13.01.2017 08:16;0;0;0;0;0;0;0
13.01.2017 08:17;787.13;787.14;787.13;787.14;0.01;10.34;787.13
13.01.2017 08:18;787.14;788.41;787.14;788;11.75;9254.56;787.88
13.01.2017 08:19;788;788.41;786.83;786.84;14.97;11796.35;787.99
13.01.2017 08:20;788.4;788.41;787.38;787.38;2.42;1903.28;787.8
13.01.2017 08:21;787.39;787.39;785;785.03;17.24;13565.46;787.07
13.01.2017 08:22;785.41;785.41;785.17;785.17;1.31;1024.83;785.31
13.01.2017 08:23;785.51;788.39;785;788.39;4.78;3754.43;785.43
13.01.2017 08:24;788.28;788.28;785.54;785.54;1.01;792.67;785.81
13.01.2017 08:25;785.53;786;785.5;785.5;16.95;13313.3;785.54
13.01.2017 08:26;785.48;785.61;785.4;785.61;6.53;5126.54;785.57
13.01.2017 08:27;0;0;0;0;0;0;0
13.01.2017 08:28;785.5;785.61;785.5;785.61;1;787.98;785.61
13.01.2017 08:29;785.61;788.28;785.61;788.28;5.61;4405.63;785.7
13.01.2017 08:30;0;0;0;0;0;0;0
13.01.2017 08:31;786.79;788.27;785.02;785.42;5.08;3997.89;786.46
13.01.2017 08:32;785.01;787.97;785.01;787.97;1.07;838.78;786.12
13.01.2017 08:33;785.99;785.99;785.11;785.11;8.53;6699.73;785.16
13.01.2017 08:34;785.15;788.28;785.12;788.28;14.26;11233.45;787.71
13.01.2017 08:35;788.28;788.28;788.28;788.28;0.39;310.7;788.28
13.01.2017 08:36;788.28;788.28;786.99;786.99;6.98;5497.64;787.25
13.01.2017 08:37;786.99;786.99;786.99;786.99;2.03;1595.23;786.99
13.01.2017 08:38;788.21;788.21;786.99;786.99;1.51;1185.17;787.2
13.01.2017 08:39;788.22;788.24;788.22;788.24;2.75;2168.33;788.23
13.01.2017 08:40;788.24;788.31;788.24;788.28;17.97;14162.71;788.26
13.01.2017 08:41;788.28;788.28;788.24;788.24;10.67;8411.93;788.27
13.01.2017 08:42;788.24;790.99;788.24;790.99;11.79;9316.07;790.07
13.01.2017 08:43;790.99;791.43;790.99;791.42;9.65;7630.79;791.09
13.01.2017 08:44;791.42;791.42;790.27;791.4;14.14;11185.69;791.02
13.01.2017 08:45;791.4;791.53;788.24;791.53;27.6;21816.83;790.57
13.01.2017 08:46;788.27;788.28;785.52;785.58;7.11;5590.44;786.39
13.01.2017 08:47;789.27;790;786.56;786.56;11.81;9308.22;788.2
13.01.2017 08:48;787.62;790;785.52;786.6;10.87;8565.64;787.72
13.01.2017 08:49;786.6;790;785.63;785.77;8.38;6599.3;787.93
13.01.2017 08:50;785.77;789.5;785.77;785.91;19.75;15566.87;788.26
13.01.2017 08:51;786.39;790;785.8;786.53;15.64;12337.82;788.79
13.01.2017 08:52;789.78;790.01;786.44;786.49;7.23;5704.71;789.47
13.01.2017 08:53;786.4;786.52;786.4;786.52;0.21;166.77;786.44
13.01.2017 08:54;786.81;786.83;786.81;786.83;0.05;38.55;786.82
13.01.2017 08:55;786.84;791.17;786.77;786.77;13.19;10382;787.17
13.01.2017 08:56;786.8;791;786.8;786.96;15.54;12273.96;789.6
13.01.2017 08:57;786.97;791.11;786.77;786.78;7.48;5889.75;787.22
13.01.2017 08:58;790.14;791.26;786.78;790.94;14.49;11458.77;790.71
13.01.2017 08:59;790.94;791.39;787.16;787.17;8.63;6797.85;787.96
13.01.2017 09:00;787.17;787.17;786.77;786.88;11.86;9335.09;786.91
13.01.2017 09:01;786.85;791.6;786.85;787.4;16.2;12810.82;790.85
13.01.2017 09:02;787.41;787.44;786.78;786.81;9.13;7188.27;787.32
13.01.2017 09:03;786.82;786.87;786.77;786.78;4.44;3491.22;786.84
13.01.2017 09:04;786.78;789.96;786.77;786.82;2.58;2033.65;787.26
13.01.2017 09:05;790.12;790.12;790.12;790.12;0.3;237.12;790.12
13.01.2017 09:06;788.33;790.13;788.33;790.13;0.23;179.83;790.03
13.01.2017 09:07;0;0;0;0;0;0;0
13.01.2017 09:08;789.97;790.14;789.97;790.14;4.05;3195.91;790.09
13.01.2017 09:09;790.15;791.66;789.23;791.65;10.59;8376.17;791.26
13.01.2017 09:10;791.65;791.65;788.41;788.41;1.76;1395.53;790.68
13.01.2017 09:11;790.16;791.64;788.28;788.34;0.17;136.33;789.24
13.01.2017 09:12;789.47;791.64;787.74;787.74;0.21;165.8;789.52
13.01.2017 09:13;789.3;791.61;787.29;787.33;0.32;253.44;788.39
13.01.2017 09:14;788.51;788.52;788.33;788.33;0.22;172.65;788.35
13.01.2017 09:15;789.51;791.32;788.7;788.7;0.13;103.51;790.16
13.01.2017 09:16;791.31;791.51;788.59;790.19;5.86;4638.15;790.96
13.01.2017 09:17;790.07;790.14;790.07;790.14;0.19;152.49;790.11
13.01.2017 09:18;0;0;0;0;0;0;0
13.01.2017 09:19;790.14;790.49;790.14;790.49;5.34;4218.32;790.32
13.01.2017 09:20;790.49;790.5;789.24;789.24;7.75;6130.01;790.47
13.01.2017 09:21;789.28;790.49;788.89;788.89;2.45;1937.36;789.48
13.01.2017 09:22;788.89;790.5;788.88;788.88;9.71;7666.63;789.38
13.01.2017 09:23;788.88;788.88;788.58;788.58;11.89;9374.5;788.66
13.01.2017 09:24;788.58;789.48;788;788.02;3.59;2827.81;788.23
13.01.2017 09:25;788.01;788.4;788.01;788.03;2.12;1673.86;788.07
13.01.2017 09:26;788.03;789.25;788;788;14.91;11747.71;788.01
13.01.2017 09:27;788;789.39;787.25;787.31;38.2;30123.79;788.51
13.01.2017 09:28;787.3;789.14;787.25;787.34;0.19;149.74;788.12
13.01.2017 09:29;787.28;787.4;787.28;787.4;1.63;1280.31;787.4
13.01.2017 09:30;787.4;787.45;787.31;787.33;5.14;4044.01;787.39
13.01.2017 09:31;789.26;789.33;787.33;787.37;1.88;1479.52;787.58
13.01.2017 09:32;789.33;789.34;787.32;787.33;4.67;3676.85;787.42
13.01.2017 09:33;0;0;0;0;0;0;0
13.01.2017 09:34;789.33;789.34;787.36;789.33;14.26;11255.19;789.02
13.01.2017 09:35;789.33;789.35;787.32;787.32;12.98;10237.61;788.9
13.01.2017 09:36;787.33;789.31;787.33;787.46;1.67;1314.95;787.68
13.01.2017 09:37;787.49;789.31;787.37;787.48;2.55;2007.59;787.83
13.01.2017 09:38;787.33;789.32;787.33;788.33;2.09;1645.4;788.26
13.01.2017 09:39;788.31;790;787.33;789.24;28.23;22274.74;789.16
13.01.2017 09:40;789.24;791.66;789.24;790.2;6.58;5208.18;791.23
13.01.2017 09:41;790.25;793.62;790.12;793.62;15.14;11984.94;791.48
13.01.2017 09:42;794.05;794.57;793.04;793.48;2.72;2159.84;793.48
13.01.2017 09:43;793.37;795.04;793.37;795.04;10.2;8108.48;794.59
13.01.2017 09:44;795.06;797.29;795.03;797.29;9.63;7660.64;795.69
13.01.2017 09:45;795.63;797.28;795.63;797.28;8.51;6768.59;795.74
13.01.2017 09:46;797.57;799.46;797.56;797.81;6.42;5123.39;798.29
13.01.2017 09:47;797.81;801;796.73;799.51;34.84;27838.68;799.08
13.01.2017 09:48;797.99;799;797.06;798.01;14.57;11624.27;797.88
13.01.2017 09:49;798.01;801.34;798;800;3.52;2808.99;798.18
13.01.2017 09:50;800.01;800.01;798.02;798.74;2.46;1964.92;798.42
13.01.2017 09:51;798.72;801.35;798;798.01;7.7;6148.32;798.67
13.01.2017 09:52;798.01;801.31;796.03;796.87;8.45;6742.19;798.19
13.01.2017 09:53;796.87;800.01;796.83;796.83;6.78;5409.78;797.57
13.01.2017 09:54;796.57;800.01;796.57;797;7.45;5939.69;797.22
13.01.2017 09:55;798.15;800.02;796.81;797.01;4.1;3270.96;797.23
13.01.2017 09:56;798;800;796.81;798;10.66;8504.03;797.76
13.01.2017 09:57;798;799.99;796.81;796.81;14.66;11700.29;797.85
13.01.2017 09:58;796.82;799.98;796.81;797.01;16.26;12987.4;798.78
13.01.2017 09:59;796.81;799.92;795;799.76;12.85;10253.01;797.89
13.01.2017 10:00;799.75;799.95;795.01;795.73;11.15;8901.61;798.01
13.01.2017 10:01;799.78;799.99;795.79;796.02;14.11;11262.11;797.98
13.01.2017 10:02;799.94;799.99;796.01;799.97;8.94;7130.23;797.62
13.01.2017 10:03;799.99;799.99;796.26;799.98;10.73;8560.82;798.05
13.01.2017 10:04;797.03;800.01;797.01;800.01;9.87;7888.61;799.55
13.01.2017 10:05;800.01;800.04;797.2;798.02;3.09;2463.7;798.09
13.01.2017 10:06;798.02;798.02;797.3;797.3;2.54;2025.21;797.33
13.01.2017 10:07;797.31;799.97;797.16;797.17;4.44;3540.99;797.52
13.01.2017 10:08;799.97;799.97;797.16;797.28;17.86;14254.6;798.03
13.01.2017 10:09;797.35;800.01;797.35;800.01;4.83;3865.76;799.57
13.01.2017 10:10;800.01;801.01;800;800;22.47;17980.46;800.12
13.01.2017 10:11;800;801.36;800;801.27;8.61;6899.49;801.05
13.01.2017 10:12;800.03;801.37;800.01;800.02;16.9;13542;801.15
13.01.2017 10:13;800.02;800.02;800.01;800.01;6.4;5116.86;800.01
13.01.2017 10:14;801.27;802;800.02;801.96;18.26;14634.65;801.41
13.01.2017 10:15;801.38;802;801.36;801.36;6.44;5167.48;801.83
13.01.2017 10:16;801.36;803.62;801.29;802;23.57;18921.87;802.69
13.01.2017 10:17;802.01;803.46;801.29;802.25;8.63;6918.68;801.89
13.01.2017 10:18;801.3;801.43;801.3;801.43;0.88;704.7;801.36
13.01.2017 10:19;801.42;803.17;801.3;801.3;6.87;5501.8;801.38
13.01.2017 10:20;801.3;801.37;801.29;801.29;7.74;6202.01;801.3
13.01.2017 10:21;801.29;801.37;801.29;801.37;5.94;4763.19;801.34
13.01.2017 10:22;801.37;803;801.37;803;10.62;8524.89;802.8
13.01.2017 10:23;803;803;803;803;0.1;82.78;803
13.01.2017 10:24;802.03;802.96;802.02;802.02;1.44;1151.7;802.15
13.01.2017 10:25;802.96;803;802.02;802.05;5.12;4108.84;802.9
13.01.2017 10:26;802.05;802.05;799;799;13.43;10769.7;801.73
13.01.2017 10:27;799.96;799.97;798;798;11.57;9239.18;798.75
13.01.2017 10:28;798.97;799;798.97;798.99;4.1;3275.7;798.99
13.01.2017 10:29;798.98;798.98;798;798;0.34;274.01;798.86
13.01.2017 10:30;0;0;0;0;0;0;0
13.01.2017 10:31;798;801.83;795.83;799;48.6;38868.39;799.83
13.01.2017 10:32;799.92;801.71;797.12;797.18;24.55;19588.51;797.79
13.01.2017 10:33;797.15;797.15;795.04;795.04;3.31;2631.17;795.93
13.01.2017 10:34;797.07;797.17;795;797.17;4.03;3204.98;796
13.01.2017 10:35;797.16;797.17;795;796.97;11.47;9119.52;795.12
13.01.2017 10:36;796.91;796.91;795.01;795.01;0.64;508.6;796.29
13.01.2017 10:37;796.62;796.97;796.62;796.97;4.55;3621.9;796.65
13.01.2017 10:38;796.72;796.94;791.8;792.99;35.5;28263.65;796.11
13.01.2017 10:39;795.83;796.79;795.74;796.79;0.8;633.99;796.21
13.01.2017 10:40;796.75;796.75;796.61;796.61;1.32;1047.87;796.68
13.01.2017 10:41;796.55;796.91;795.57;795.57;2.6;2070.12;796.52
13.01.2017 10:42;794.99;794.99;794.99;794.99;0.07;51.79;794.99
13.01.2017 10:43;794.99;795;794.99;795;39.13;31111.52;795
13.01.2017 10:44;795.03;795.03;795;795;5.9;4690.56;795.01
13.01.2017 10:45;0;0;0;0;0;0;0
13.01.2017 10:46;0;0;0;0;0;0;0
13.01.2017 10:47;795.99;796.78;795;795;1.39;1107.33;795.07
13.01.2017 10:48;796.56;796.97;795;795;9.31;7413.69;796.36
13.01.2017 10:49;795;795.01;795;795.01;1.62;1288.23;795.01
13.01.2017 10:50;795.01;796.35;795.01;795.01;3.16;2514.23;795.02
13.01.2017 10:51;795.01;795.01;795.01;795.01;5.42;4312.13;795.01
13.01.2017 10:52;795.01;795.02;795;795.01;3.12;2476.45;795.01
13.01.2017 10:53;795.01;796.25;795.01;795.01;4.16;3309.62;795.06
13.01.2017 10:54;795.01;796.26;795;795;29.64;23564.59;795.05
13.01.2017 10:55;795;796.27;795;795.03;6.13;4877.29;795.02
13.01.2017 10:56;795.03;796.28;795.01;796.28;3.62;2881.67;796.05
13.01.2017 10:57;796.96;796.96;796.96;796.96;0.26;205.5;796.96
13.01.2017 10:58;796.97;796.97;796.97;796.97;8.42;6707.65;796.97
13.01.2017 10:59;796.97;797.18;796.97;796.97;2.15;1711.22;796.98
13.01.2017 11:00;796.97;797.18;796.97;797.18;3.37;2684.14;797.06
13.01.2017 11:01;797.99;800.54;796.98;797.24;1.5;1196.35;797.95
13.01.2017 11:02;800.64;801.79;797.4;797.45;23.83;19100.68;801.42
13.01.2017 11:03;797.63;797.68;797.63;797.68;1.09;866.23;797.63
13.01.2017 11:04;797.98;801.84;797.98;801.84;3.99;3197.34;801.04
13.01.2017 11:05;800.88;802.01;800.85;801.88;25.08;20111.48;801.92
13.01.2017 11:06;801.13;802.03;798.87;798.94;4.25;3403.23;799.94
13.01.2017 11:07;802.61;802.61;802.53;802.53;2.42;1939.77;802.54
13.01.2017 11:08;802.83;803.84;801.49;803.84;26;20882.68;803.25
13.01.2017 11:09;803.84;804.74;800.31;801.97;36.46;29306.45;803.77
13.01.2017 11:10;801.97;804.62;800.01;800.27;7.75;6215.96;801.74
13.01.2017 11:11;800.31;802.55;800;800.03;17.5;14009.77;800.45
13.01.2017 11:12;802;802;800.04;800.31;27.17;21774.26;801.28
13.01.2017 11:13;801.63;801.7;800;800.06;21.9;17540.77;801.12
13.01.2017 11:14;801.57;802;800.2;801.72;7.59;6082.24;801.64
13.01.2017 11:15;801.72;802;801.69;801.69;35.74;28656.81;801.72
13.01.2017 11:16;801.69;801.69;797.74;797.76;9.02;7215.9;799.88
13.01.2017 11:17;797.79;801.39;797.79;797.81;1.1;880.36;799.06
13.01.2017 11:18;0;0;0;0;0;0;0
13.01.2017 11:19;800.6;801.99;799.57;799.62;0.95;764.66;801.16
13.01.2017 11:20;801.99;801.99;801.99;801.99;0.12;97.24;801.99
13.01.2017 11:21;799.78;799.78;799.48;799.78;1.73;1386.48;799.78
13.01.2017 11:22;0;0;0;0;0;0;0
13.01.2017 11:23;800.77;804.76;800.07;800.07;12.46;9996.53;802.16
13.01.2017 11:24;800.53;800.53;800.52;800.52;0.53;420.27;800.52
13.01.2017 11:25;800.52;802.7;800.52;800.53;17.48;14004.41;801.23
13.01.2017 11:26;800.53;802.46;800.53;802.23;3.99;3194.11;801.47
13.01.2017 11:27;801.99;803.32;801.99;803.32;1.5;1203.65;803.09
13.01.2017 11:28;0;0;0;0;0;0;0
13.01.2017 11:29;803.28;803.28;803.28;803.28;0.16;124.98;803.28
13.01.2017 11:30;803.25;803.25;803.25;803.25;0.09;71.32;803.25
13.01.2017 11:31;802.99;802.99;802.86;802.99;11.28;9058.3;802.91
13.01.2017 11:32;802.95;802.95;802.6;802.6;33.24;26683.73;802.77
13.01.2017 11:33;802.59;802.59;802.59;802.59;1.31;1051.48;802.59
13.01.2017 11:34;802.49;802.94;802.44;802.94;0.5;398.64;802.59
13.01.2017 11:35;802.95;803;802.95;803;0.56;453.18;802.99
13.01.2017 11:36;803.32;803.32;803.32;803.32;2.25;1806.6;803.32
13.01.2017 11:37;803.12;803.31;803.07;803.31;11.53;9257.89;803.11
13.01.2017 11:38;803.31;803.31;802.47;802.93;7.97;6393.73;802.51
13.01.2017 11:39;802.47;802.92;802.47;802.92;0.62;494.49;802.47
13.01.2017 11:40;802.47;802.47;802.47;802.47;2.42;1938.07;802.47
13.01.2017 11:41;802.47;802.47;802.33;802.34;2.62;2105.8;802.38
13.01.2017 11:42;801.43;801.43;800;800;2;1599.23;800.02
13.01.2017 11:43;800.52;800.52;800;800;4.84;3873.84;800.09
13.01.2017 11:44;800;800.79;800;800.79;0.06;51.85;800.79
13.01.2017 11:45;801.67;801.67;801.49;801.49;0.49;388.92;801.51
13.01.2017 11:46;801.29;801.29;801.26;801.27;2.91;2328.11;801.26
13.01.2017 11:47;801.73;801.73;801.53;801.53;0.08;62.23;801.56
13.01.2017 11:48;0;0;0;0;0;0;0
13.01.2017 11:49;801.48;801.66;801.46;801.66;7.77;6226.47;801.63
13.01.2017 11:50;801.66;802.23;801.66;802.22;13.41;10755.08;801.82
13.01.2017 11:51;802.22;802.22;801.98;802.22;2.46;1971.35;802.11
13.01.2017 11:52;802.23;802.69;802.23;802.69;3.45;2770.25;802.46
13.01.2017 11:53;802.68;802.68;802.68;802.68;0.38;302.93;802.68
13.01.2017 11:54;802.68;802.68;802.68;802.68;0.05;39.05;802.68
13.01.2017 11:55;802.68;802.68;802.68;802.68;0.08;61.2;802.68
13.01.2017 11:56;802.68;802.68;802.68;802.68;0.53;426.07;802.68
13.01.2017 11:57;802.68;802.68;802.68;802.68;0.35;284.44;802.68
13.01.2017 11:58;802.68;802.68;802.68;802.68;0.75;602.23;802.68
13.01.2017 11:59;802.24;802.68;801.81;802.68;3.94;3158.83;802.05
13.01.2017 12:00;0;0;0;0;0;0;0
13.01.2017 12:01;801.81;801.81;801.81;801.81;8.99;7205.62;801.81
13.01.2017 12:02;801.47;801.47;801.47;801.47;0.01;10.36;801.47
13.01.2017 12:03;801;801;801;801;22.51;18029.27;801
13.01.2017 12:04;801.01;801.01;801.01;801.01;1;801.01;801.01
13.01.2017 12:05;801.01;801.48;801.01;801.48;10.03;8032.62;801.01
13.01.2017 12:06;801;801.81;801;801.81;11.97;9596.32;801.56
13.01.2017 12:07;801.81;801.81;801.02;801.02;1.24;994.07;801.14
13.01.2017 12:08;801.78;801.78;801.78;801.78;0.04;30.39;801.78
13.01.2017 12:09;801.78;801.78;798.23;799.45;14.99;12004.43;800.65
13.01.2017 12:10;798.99;798.99;796.98;797;4.01;3197.46;797.58
13.01.2017 12:11;798.98;799.69;796.42;798.9;1.22;970.16;797.53
13.01.2017 12:12;798.93;799.87;797.9;799.82;3.8;3034.8;799.38
13.01.2017 12:13;799.77;799.84;799.77;799.83;1.87;1496.26;799.77
13.01.2017 12:14;799.9;800;797.03;797.03;2.7;2156.36;799.94
13.01.2017 12:15;797.21;798.06;796.4;796.4;16.78;13377.77;797.14
13.01.2017 12:16;796.4;796.98;796;796.36;5.39;4293.76;796.29
13.01.2017 12:17;795.99;796;795.02;795.98;0.14;108.24;795.39
13.01.2017 12:18;795.02;795.94;795;795;16.78;13342.12;795.01
13.01.2017 12:19;796;796.99;796;796.99;2.44;1947.73;796.92
13.01.2017 12:20;796.99;796.99;795.01;796.33;1.65;1309.5;795.47
13.01.2017 12:21;796.32;796.88;796.29;796.88;0.25;197.33;796.55
13.01.2017 12:22;796.27;796.27;795.02;795.02;0.09;74.7;795.78
13.01.2017 12:23;795.01;795.02;795;795;39.26;31209.95;795
13.01.2017 12:24;795;795;792.22;792.23;7.97;6329.27;794.04
13.01.2017 12:25;794.84;794.84;794.84;794.84;0.03;22.26;794.84
13.01.2017 12:26;795.14;796.18;795.14;796.18;0.6;477.12;795.18
13.01.2017 12:27;795.15;797;795.14;795.16;3.61;2878;796.74
13.01.2017 12:28;795.16;797;795.14;797;35.76;28500.04;796.9
13.01.2017 12:29;796.98;797;795.29;795.33;7.16;5703.18;796.48
13.01.2017 12:30;796.98;798.42;795.14;795.15;12.12;9656.92;796.84
13.01.2017 12:31;797.96;797.96;797.96;797.96;0.19;154.41;797.96
13.01.2017 12:32;797.43;798.95;796.02;796.18;4.3;3427.28;797.15
13.01.2017 12:33;796.12;798.92;796.12;796.24;0.77;611.43;796.84
13.01.2017 12:34;796.78;796.78;796.78;796.78;0.01;5.22;796.78
13.01.2017 12:35;0;0;0;0;0;0;0
13.01.2017 12:36;798.81;798.81;798.81;798.81;0.53;423.6;798.81
13.01.2017 12:37;798.98;798.98;796.9;797.35;0.16;128.36;797.46
13.01.2017 12:38;797.35;799.5;797.34;797.34;0.1;77.13;798.48
13.01.2017 12:39;0;0;0;0;0;0;0
13.01.2017 12:40;799.49;799.6;799.49;799.6;0.11;83.96;799.58
13.01.2017 12:41;799.57;799.59;799.57;799.59;2.64;2113.31;799.59
13.01.2017 12:42;799.04;799.06;799;799;3.8;3038.89;799.03
13.01.2017 12:43;799;801.82;797.35;797.58;41.01;32807.33;799.89
13.01.2017 12:44;797.58;801.83;797.44;798.05;19.21;15395.64;801.56
13.01.2017 12:45;798.17;800.72;798.02;800.72;5.42;4328.96;798.17
13.01.2017 12:46;800.6;801.53;798.05;800;3.13;2507.37;800.57
13.01.2017 12:47;800;801.24;800;801.06;3.97;3176.31;800.16
13.01.2017 12:48;800;800;798.05;798.05;6.46;5165.88;799.9
13.01.2017 12:49;798.17;800.41;798.02;798.02;3.2;2551.75;798.54
13.01.2017 12:50;799.86;799.86;796;796;24.82;19810.3;798.11
13.01.2017 12:51;796.03;796.17;796.02;796.16;14.98;11922.31;796.15
13.01.2017 12:52;796.15;796.16;796.15;796.15;13.57;10807.52;796.15
13.01.2017 12:53;796.15;797.88;796;796.12;12.64;10063.59;796.21
13.01.2017 12:54;796.76;796.85;796.11;796.85;3.06;2435.84;796.81
13.01.2017 12:55;798.34;798.34;798.34;798.34;0.55;436.88;798.34
13.01.2017 12:56;798.68;798.68;797.14;798.63;0.3;236.71;798.58
13.01.2017 12:57;798.74;798.74;798.74;798.74;0.02;17.09;798.74
13.01.2017 12:58;0;0;0;0;0;0;0
13.01.2017 12:59;797.58;800.37;797.5;798.75;1.23;980.51;800.01
13.01.2017 13:00;798.75;799.64;797.55;797.55;0.81;645.77;797.94
13.01.2017 13:01;797.56;799.46;797.56;798.98;0.75;598.78;799.01
13.01.2017 13:02;798.98;798.98;798.8;798.81;0.4;319.39;798.96
13.01.2017 13:03;798.81;798.98;798.8;798.8;3.92;3131.93;798.82
13.01.2017 13:04;798.82;798.98;798.8;798.8;39.91;31876.99;798.8
13.01.2017 13:05;798.98;798.98;798.98;798.98;0.05;41.51;798.98
13.01.2017 13:06;798.98;799.69;798.8;798.8;0.22;174.46;798.95
13.01.2017 13:07;799.93;799.99;799.93;799.99;1.53;1224.45;799.98
13.01.2017 13:08;0;0;0;0;0;0;0
13.01.2017 13:09;800.43;800.43;800.32;800.38;4.66;3726.31;800.4
13.01.2017 13:10;799.2;799.2;799.2;799.2;0.14;114.29;799.2
13.01.2017 13:11;799.04;800.45;798.99;799.05;29.29;23416.77;799.46
13.01.2017 13:12;799.06;799.07;798.99;798.99;5.29;4223.68;799.05
13.01.2017 13:13;799.05;799.97;798.8;799.97;18.28;14601.28;798.95
13.01.2017 13:14;799.98;799.98;798.8;798.8;2.85;2279.19;799.11
13.01.2017 13:15;799.98;800.5;799.98;800.5;27.89;22315.89;800.11
13.01.2017 13:16;800.5;801.03;800.5;800.99;43.51;34832.27;800.6
13.01.2017 13:17;801;801;801;801;6.22;4981.02;801
13.01.2017 13:18;801.87;801.87;800;800;43.37;34712.57;800.39
13.01.2017 13:19;801.53;801.53;801.53;801.53;0.01;10.36;801.53
13.01.2017 13:20;0;0;0;0;0;0;0
13.01.2017 13:21;0;0;0;0;0;0;0
13.01.2017 13:22;801.04;801.04;800;800;0.22;175.54;800.24
13.01.2017 13:23;800.8;800.8;799.01;800;11.25;8991.6;799.55
13.01.2017 13:24;0;0;0;0;0;0;0
13.01.2017 13:25;800.71;800.71;800.71;800.71;0.12;94.79;800.71
13.01.2017 13:26;800.71;800.72;800.71;800.72;0.21;164.92;800.72
13.01.2017 13:27;800.93;800.93;800.93;800.93;0.22;177.61;800.93
13.01.2017 13:28;801;801;801;801;1;801;801
13.01.2017 13:29;801.4;801.4;801.39;801.39;1.48;1185.37;801.39
13.01.2017 13:30;801.36;802.55;801.36;802.55;10.76;8620.74;801.53
13.01.2017 13:31;802.38;802.68;801.63;802.68;39.79;31932.22;802.44
13.01.2017 13:32;802.68;803;802.68;803;27.17;21814.08;802.86
13.01.2017 13:33;803.16;803.32;803.16;803.32;6.4;5142.45;803.31
13.01.2017 13:34;803.41;803.64;803.41;803.64;26.93;21634.58;803.43
13.01.2017 13:35;0;0;0;0;0;0;0
13.01.2017 13:36;803.41;803.64;803.41;803.64;32.75;26318.27;803.61
13.01.2017 13:37;803.64;803.65;803.64;803.65;0.94;752.61;803.64
13.01.2017 13:38;803.65;803.72;803.65;803.72;6.17;4956.66;803.65
13.01.2017 13:39;804;805.02;804;805.02;2.01;1617.69;804.39
13.01.2017 13:40;804.05;804.58;803.65;803.72;1.25;1003.46;803.8
13.01.2017 13:41;803.72;803.78;803.64;803.77;0.92;741;803.74
13.01.2017 13:42;803.78;803.78;803.42;803.42;13.65;10968.47;803.62
13.01.2017 13:43;803.44;805.02;803.44;803.7;34.35;27615.6;803.9
13.01.2017 13:44;803.74;804.53;803.74;803.9;15.34;12335.47;804.05
13.01.2017 13:45;803.93;804.55;803.81;804.53;12.3;9890.1;804.03
13.01.2017 13:46;804.52;804.52;804.52;804.52;0.02;17.01;804.52
13.01.2017 13:47;804.52;804.52;804.52;804.52;0.11;86.22;804.52
13.01.2017 13:48;804.52;804.53;804.52;804.53;0.77;623.31;804.53
13.01.2017 13:49;804.53;804.55;804.21;804.55;0.49;397.07;804.37
13.01.2017 13:50;804.31;804.55;804.31;804.55;0.05;37;804.41
13.01.2017 13:51;804.55;806.02;804.55;806.02;27.85;22427.98;805.23
13.01.2017 13:52;805.99;805.99;805.99;805.99;0.07;53.49;805.99
13.01.2017 13:53;0;0;0;0;0;0;0
13.01.2017 13:54;805.63;805.63;805.63;805.63;0.04;35.45;805.63
13.01.2017 13:55;805.94;805.94;805.74;805.74;1.01;816.52;805.76
13.01.2017 13:56;805.97;806.02;805.81;805.81;0.46;372.29;806.02
13.01.2017 13:57;806.02;806.58;806.02;806.58;3.21;2589.86;806.02
13.01.2017 13:58;806.59;806.91;806.59;806.91;0.18;146.92;806.85
13.01.2017 13:59;0;0;0;0;0;0;0
13.01.2017 14:00;805.87;806.5;805.87;806.5;0.69;556.77;805.9
13.01.2017 14:01;806.33;806.33;806.33;806.33;6.81;5488.65;806.33
13.01.2017 14:02;805.65;805.65;805.65;805.65;0.01;8.06;805.65
13.01.2017 14:03;805.66;805.66;805.63;805.63;5;4028.17;805.63
13.01.2017 14:04;805.63;805.63;805;805.63;4.57;3683.46;805.63
13.01.2017 14:05;805.63;805.63;803.4;803.4;11.32;9117.59;805.23
13.01.2017 14:06;805.7;805.7;805.7;805.7;0.04;31.07;805.7
13.01.2017 14:07;805.86;805.86;805.86;805.86;1.07;863.92;805.86
13.01.2017 14:08;0;0;0;0;0;0;0
13.01.2017 14:09;805.77;805.77;805.77;805.77;17.5;14102.13;805.77
13.01.2017 14:10;805.03;805.03;805.03;805.03;0.1;80.5;805.03
13.01.2017 14:11;805.94;805.94;805.05;805.05;8.55;6886.21;805.1
13.01.2017 14:12;805.04;805.82;805.04;805.04;14.05;11314.44;805.04
13.01.2017 14:13;805.04;805.52;805.04;805.04;5.33;4289.96;805.05
13.01.2017 14:14;805.04;805.04;802.71;802.71;12.34;9905.67;803.05
13.01.2017 14:15;804.64;804.64;804.64;804.64;0.01;5.18;804.64
13.01.2017 14:16;803.43;803.43;803.43;803.43;2.92;2349.03;803.43
13.01.2017 14:17;0;0;0;0;0;0;0
13.01.2017 14:18;803.43;803.44;803.43;803.44;10.12;8130.41;803.43
13.01.2017 14:19;803.45;803.45;803.45;803.45;1;803.45;803.45
13.01.2017 14:20;0;0;0;0;0;0;0
13.01.2017 14:21;0;0;0;0;0;0;0
13.01.2017 14:22;803.9;803.93;803.9;803.93;4.47;3596.75;803.91
13.01.2017 14:23;803.56;803.56;803.56;803.56;0.03;25.43;803.56
13.01.2017 14:24;0;0;0;0;0;0;0
13.01.2017 14:25;0;0;0;0;0;0;0
13.01.2017 14:26;804.9;805.06;804.9;805.06;0.77;619.89;805.06
13.01.2017 14:27;805.9;805.95;805.9;805.95;0.24;195.82;805.95
13.01.2017 14:28;805.95;805.95;805.95;805.95;0.08;63.48;805.95
13.01.2017 14:29;804.9;805.92;804.05;805.83;3.89;3130.03;804.47
13.01.2017 14:30;805.88;805.88;805.88;805.88;0.01;4.95;805.88
13.01.2017 14:31;0;0;0;0;0;0;0
13.01.2017 14:32;805.63;805.63;805.63;805.63;0.81;649.76;805.63
13.01.2017 14:33;805.88;805.94;805.88;805.94;0.03;25.92;805.93
13.01.2017 14:34;0;0;0;0;0;0;0
13.01.2017 14:35;805.93;805.93;805.93;805.93;0.42;336.61;805.93
13.01.2017 14:36;805.8;805.8;805.8;805.8;0.05;40.29;805.8
13.01.2017 14:37;805.8;805.93;805.8;805.93;5;4029.13;805.83
13.01.2017 14:38;0;0;0;0;0;0;0
13.01.2017 14:39;805.93;805.96;805.93;805.96;13.81;11132.01;805.95
13.01.2017 14:40;805.94;807.01;805.94;807.01;20.87;16820.15;805.99
13.01.2017 14:41;807.02;809.81;807.01;809.81;14.42;11641.12;807.21
13.01.2017 14:42;809;809;809;809;10;8090;809
13.01.2017 14:43;809.81;809.82;809.01;809.73;12.13;9823.44;809.75
13.01.2017 14:44;809.67;809.7;808.29;808.29;10.5;8497.26;809.35
13.01.2017 14:45;809.77;809.81;809.77;809.81;0.57;465.3;809.78
13.01.2017 14:46;809.79;810.98;809.79;810.98;20.6;16685.7;809.93
13.01.2017 14:47;809.88;809.88;809.88;809.88;0.01;7.29;809.88
13.01.2017 14:48;809.92;809.92;809.92;809.92;0.07;52.64;809.92
13.01.2017 14:49;0;0;0;0;0;0;0
13.01.2017 14:50;809.88;810.98;809.34;809.86;0.5;401.11;809.43
13.01.2017 14:51;810.93;810.99;810.93;810.97;50.54;40990.2;810.98
13.01.2017 14:52;810.79;810.79;810.79;810.79;2.79;2263.48;810.79
13.01.2017 14:53;810.79;811.61;810.79;811.61;16.72;13565.21;811.14
13.01.2017 14:54;811.62;812.86;810.53;812.86;23.21;18849.97;812.12
13.01.2017 14:55;812.83;812.83;811.87;811.87;2.65;2151.36;812.82
13.01.2017 14:56;811.87;812.47;811.86;812.45;1.54;1246.68;812.07
13.01.2017 14:57;812.45;812.45;811.84;812.45;1.52;1234.07;812.25
13.01.2017 14:58;812.45;812.45;811.86;811.86;1.35;1093.3;811.99
13.01.2017 14:59;811.84;811.84;811.84;811.84;9.08;7367.53;811.84
13.01.2017 15:00;811.84;811.84;811.84;811.84;0.06;45.02;811.84
13.01.2017 15:01;812.34;814.86;812.34;814.19;32.74;26632.54;813.53
13.01.2017 15:02;814.86;814.86;814.28;814.82;5.06;4123.72;814.76
13.01.2017 15:03;814.46;815;814.46;814.85;11.81;9622.46;814.92
13.01.2017 15:04;814.65;814.85;814.65;814.85;3.47;2826.59;814.7
13.01.2017 15:05;814.99;816.64;814.99;816.51;33.66;27454.14;815.7
13.01.2017 15:06;816.63;817.85;816.57;816.64;52.64;43009.09;817
13.01.2017 15:07;816.84;817;816.63;816.66;0.9;733.12;816.71
13.01.2017 15:08;816.71;817.83;816.71;817.31;6.81;5564.04;817.3
13.01.2017 15:09;817.33;817.33;817.31;817.31;7.82;6393.24;817.33
13.01.2017 15:10;817;817;816.84;816.98;47.68;38949.47;816.89
13.01.2017 15:11;816.84;816.99;816.84;816.84;2.17;1771.76;816.86
13.01.2017 15:12;0;0;0;0;0;0;0
13.01.2017 15:13;816.84;816.99;816.79;816.79;17.06;13939.04;816.84
13.01.2017 15:14;816.74;816.74;816.74;816.74;0.04;30.45;816.74
13.01.2017 15:15;816.71;816.71;816.65;816.65;1.51;1233.25;816.69
13.01.2017 15:16;816.65;816.66;816.65;816.66;10.54;8604.83;816.66
13.01.2017 15:17;816.71;816.71;816.66;816.71;0.26;215.56;816.68
13.01.2017 15:18;816.65;816.7;816.65;816.7;2.41;1968.96;816.7
13.01.2017 15:19;816.7;816.97;816.7;816.97;2.87;2344.12;816.82
13.01.2017 15:20;816.95;816.97;816.81;816.81;60.16;49151.52;816.95
13.01.2017 15:21;816.96;816.96;816.96;816.96;1.93;1572.69;816.96
13.01.2017 15:22;0;0;0;0;0;0;0
13.01.2017 15:23;816.96;816.96;816.96;816.96;3;2450.88;816.96
13.01.2017 15:24;817.95;818;817.95;817.95;2.28;1865.43;817.95
13.01.2017 15:25;818;819.38;817.99;819.38;38.13;31207.6;818.53
13.01.2017 15:26;818.21;818.98;818.21;818.98;9.01;7381.67;818.97
13.01.2017 15:27;818.97;819.97;818.42;819.01;17.78;14566.51;819.08
13.01.2017 15:28;819.96;820.86;819.08;820.86;219.77;180218.41;820.04
13.01.2017 15:29;820.96;825;820.96;825;33.86;27901.31;824
13.01.2017 15:30;824.99;825;821.96;821.96;124.36;102297.53;822.61
13.01.2017 15:31;821.01;823.39;819;823.39;12.98;10638.49;819.74
13.01.2017 15:32;822.34;822.34;822.3;822.3;2.05;1688.44;822.32
13.01.2017 15:33;820.47;820.47;819.5;819.5;48.44;39694.95;819.5
13.01.2017 15:34;819.5;819.99;816.18;816.18;48.91;39983.6;817.42
13.01.2017 15:35;816.17;816.17;814.85;814.85;11.36;9267.54;815.98
13.01.2017 15:36;814.44;816.2;813.8;814.98;102.85;83825.35;815.02
13.01.2017 15:37;814.96;816.14;814.96;816.13;26.63;21731.98;816.12
13.01.2017 15:38;816.15;816.25;816.14;816.16;12.03;9822.13;816.19
13.01.2017 15:39;816.15;816.15;814.96;814.96;4.27;3480.77;815.05
13.01.2017 15:40;814.98;815.01;814.95;814.95;100.73;82098.64;815.01
13.01.2017 15:41;814.53;814.53;813.97;814.5;0.49;401.36;814.04
13.01.2017 15:42;814.01;814.35;812.98;812.98;1.5;1218.89;813.82
13.01.2017 15:43;812.86;815.19;812.86;815.19;92.17;75076.53;814.58
13.01.2017 15:44;814.99;815.09;814.99;815.08;10.29;8382.41;815.01
13.01.2017 15:45;815.08;815.93;815.07;815.93;51.12;41667.67;815.08
13.01.2017 15:46;815.93;816.06;814.99;816.05;7.51;6131.48;815.92
13.01.2017 15:47;816.05;816.05;816.05;816.05;0.57;469.06;816.05
13.01.2017 15:48;0;0;0;0;0;0;0
13.01.2017 15:49;816.06;816.25;815;816.21;110.02;89678.98;815.11
13.01.2017 15:50;816.2;816.2;815.1;815.1;0.54;443.8;815.28
13.01.2017 15:51;815.09;816.19;815.09;816.19;1.19;967.42;816.02
13.01.2017 15:52;0;0;0;0;0;0;0
13.01.2017 15:53;816.2;817.73;816.2;817.73;28.64;23390.65;816.57
13.01.2017 15:54;817.76;817.76;817.76;817.76;3.33;2722.65;817.76
13.01.2017 15:55;817.91;817.91;817.89;817.89;0.27;216.89;817.91
13.01.2017 15:56;817.02;817.84;816.39;816.39;13.35;10895.7;816.41
13.01.2017 15:57;816.42;817.95;816.38;817.01;6.97;5696.3;817.17
13.01.2017 15:58;817.67;817.95;817.11;817.95;8.07;6591.92;817.2
13.01.2017 15:59;817.95;817.95;817.22;817.95;5.66;4629.48;817.79
13.01.2017 16:00;816.94;817.95;816.58;817.95;0.05;43.88;817.3
13.01.2017 16:01;817.95;819.9;817.95;819.9;7.95;6506.64;818.55
13.01.2017 16:02;819.84;821;819.84;821;13.69;11226.38;820.3
13.01.2017 16:03;820.98;821.9;820.98;821.9;8.01;6581.37;821.44
13.01.2017 16:04;821.4;821.4;819.11;820.51;1.13;927.94;820.3
13.01.2017 16:05;820.52;820.99;820.5;820.99;2.18;1787.5;820.7
13.01.2017 16:06;820.99;820.99;820.5;820.99;9.68;7947.01;820.59
13.01.2017 16:07;820.96;820.96;819.01;819.01;1.42;1166.35;820.11
13.01.2017 16:08;820.23;820.23;820.14;820.15;1.08;886.33;820.15
13.01.2017 16:09;819.09;819.97;819.02;819.97;1.9;1558.25;819.1
13.01.2017 16:10;819.2;820.5;819.2;819.46;2.95;2421.39;820.21
13.01.2017 16:11;819.51;820.14;819.51;820.14;0.15;124.79;820.1
13.01.2017 16:12;820.5;821;820.5;821;35.09;28788.59;820.5
13.01.2017 16:13;821;821.4;821;821.4;2.98;2448.59;821.12
13.01.2017 16:14;821.4;821.5;821.4;821.5;11.09;9112.81;821.42
13.01.2017 16:15;821.92;825;821.69;825;25.41;20938.12;823.94
13.01.2017 16:16;824.93;824.93;824.88;824.88;0.07;54.05;824.9
13.01.2017 16:17;823.98;824;823.43;824;27.09;22320.69;823.98
13.01.2017 16:18;824;824;823.57;824;17.26;14221.12;824
13.01.2017 16:19;824.12;824.12;824.11;824.11;1;824.11;824.11
13.01.2017 16:20;824.5;824.5;824.2;824.2;3.14;2588.12;824.25
13.01.2017 16:21;824.2;824.9;824.2;824.89;12.58;10378.75;824.83
13.01.2017 16:22;824.89;825.4;824.35;825.4;28.33;23371.91;824.85
13.01.2017 16:23;825.49;825.67;824.05;824.05;44.7;36893.7;825.28
13.01.2017 16:24;825.67;825.67;824.11;824.11;1.12;924.8;824.32
13.01.2017 16:25;825.67;826.97;825.67;826.97;8.98;7420.81;825.92
13.01.2017 16:26;826.97;827;825.22;825.67;4.58;3777.91;825.45
13.01.2017 16:27;825.22;825.67;825.22;825.67;5.38;4442.51;825.26
13.01.2017 16:28;825.22;825.67;825.22;825.22;0.85;700.24;825.37
13.01.2017 16:29;825.67;825.67;824.01;824.01;12.94;10662.77;824.31
13.01.2017 16:30;0;0;0;0;0;0;0
13.01.2017 16:31;825;825;825;825;0.02;18.98;825
13.01.2017 16:32;825;825.5;825;825.5;3.4;2809.34;825.45
13.01.2017 16:33;825.5;827.98;825.5;827.98;17.21;14216.2;826.01
13.01.2017 16:34;827.98;828.86;827.98;828.86;10.74;8897.24;828.06
13.01.2017 16:35;828.81;830;828.81;830;40.38;33502;829.58
13.01.2017 16:36;830;830;828.07;829.35;19.79;16403.77;829.03
13.01.2017 16:37;829.34;830.41;829.33;829.98;13.03;10817.29;829.88
13.01.2017 16:38;829.99;831;829.99;831;7.57;6286.9;830.96
13.01.2017 16:39;830;830;829.36;829.36;0.41;339.3;829.64
13.01.2017 16:40;829.98;830;829.98;830;3.21;2666.77;830
13.01.2017 16:41;830;830.9;829.99;830.89;165.04;137040.53;830.32
13.01.2017 16:42;830.06;831.39;830;831.39;135.78;112775.5;830.55
13.01.2017 16:43;831;831.4;830.01;830.01;86.71;72026.02;830.67
13.01.2017 16:44;830.37;830.37;827.99;827.99;42.83;35540.57;829.76
13.01.2017 16:45;828;828;820.34;823.09;98.18;80934.76;824.34
13.01.2017 16:46;823.09;828.37;820.4;825.06;69.65;57422.24;824.45
13.01.2017 16:47;825.02;825.71;825.02;825.63;29.76;24550.38;825.04
13.01.2017 16:48;825.02;827;825.02;825.8;5.6;4625.23;825.84
13.01.2017 16:49;826.91;826.92;826.91;826.92;0.29;239.69;826.91
13.01.2017 16:50;826.41;828.42;826.41;828.42;0.06;51.04;826.8
13.01.2017 16:51;828.41;828.41;828.39;828.4;0.29;241.52;828.4
13.01.2017 16:52;828.4;828.42;828.4;828.42;0.13;110.34;828.4
13.01.2017 16:53;828.9;829;828.89;829;2.37;1962.24;828.9
13.01.2017 16:54;829;829;828.99;828.99;1.3;1077.91;828.99
13.01.2017 16:55;828.75;828.75;828.75;828.75;0.1;82.88;828.75
13.01.2017 16:56;828.98;828.98;828.09;828.09;72.11;59756.9;828.7
13.01.2017 16:57;827.99;827.99;826.96;827.92;3.81;3149.83;827.61
13.01.2017 16:58;0;0;0;0;0;0;0
13.01.2017 16:59;0;0;0;0;0;0;0
13.01.2017 17:00;827.07;827.07;827.07;827.07;0.1;82.71;827.07
13.01.2017 17:01;827.26;827.26;826.01;826.02;2.73;2253.69;826.38
13.01.2017 17:02;826.94;826.94;826.94;826.94;0.04;36.05;826.94
13.01.2017 17:03;827.27;827.27;826.02;826.02;2.06;1706.81;826.74
13.01.2017 17:04;826.88;826.91;826.04;826.04;4.01;3315.73;826.81
13.01.2017 17:05;826.03;826.04;825.01;826.04;34.08;28139.89;825.82
13.01.2017 17:06;826.04;826.04;825.07;825.07;0.56;461.68;825.61
13.01.2017 17:07;825.04;825.04;825.04;825.04;0.01;5.03;825.04
13.01.2017 17:08;825.04;825.86;825.01;825.62;4.59;3790.78;825.11
13.01.2017 17:09;825.01;825.01;824.01;824.9;4.91;4046.41;824.59
13.01.2017 17:10;824.9;824.93;824.01;824.01;4.74;3912.23;824.79
13.01.2017 17:11;824.01;824.29;823.23;823.23;1.77;1456.82;824.11
13.01.2017 17:12;823.03;823.03;822.02;822.98;4.65;3823.94;822.94
13.01.2017 17:13;822.98;822.99;822.98;822.98;0.67;551.14;822.99
13.01.2017 17:14;823.01;823.01;822;822;29.41;24182.91;822.19
13.01.2017 17:15;822.89;822.89;822;822;30.79;25319.59;822.24
13.01.2017 17:16;822;822;817.87;818;59.85;49025.27;819.17
13.01.2017 17:17;818.18;818.65;818;818.65;26.09;21348.92;818.33
13.01.2017 17:18;818.65;818.75;818;818;8.02;6557.57;818.02
13.01.2017 17:19;818;818.01;817.89;817.89;1.29;1054.07;817.99
13.01.2017 17:20;817.89;822.52;817.89;822.52;5;4092.63;818.02
13.01.2017 17:21;821.41;822.46;819.82;822.46;9.94;8158.58;821
13.01.2017 17:22;821.88;821.88;819.98;819.98;6.42;5274.06;821.52
13.01.2017 17:23;821.62;821.62;821.62;821.62;0.04;34.04;821.62
13.01.2017 17:24;821.44;821.44;821.44;821.44;0.32;266.11;821.44
13.01.2017 17:25;821.41;821.41;821.41;821.41;9.34;7670.29;821.41
13.01.2017 17:26;821.26;821.47;821.15;821.47;90.63;74426.92;821.18
13.01.2017 17:27;821.41;821.41;821;821;1.75;1435.28;821.33
13.01.2017 17:28;821.48;822.57;821.48;821.48;0.62;510.23;822.3
13.01.2017 17:29;821.24;821.24;820.8;820.8;0.45;369.51;821.13
13.01.2017 17:30;822.5;822.5;822.44;822.44;0.07;57.62;822.46
13.01.2017 17:31;822.34;822.34;822.24;822.24;0.35;289.72;822.33
13.01.2017 17:32;822.18;822.18;822.18;822.18;0.16;135.63;822.18
13.01.2017 17:33;821.9;821.91;821.9;821.91;5;4109.5;821.9
13.01.2017 17:34;821.28;821.28;821.01;821.01;1;821.22;821.22
13.01.2017 17:35;821.33;821.33;821.33;821.33;22.06;18115.78;821.33
13.01.2017 17:36;0;0;0;0;0;0;0
13.01.2017 17:37;0;0;0;0;0;0;0
13.01.2017 17:38;821.33;821.33;819.74;819.74;12.56;10317.59;821.32
13.01.2017 17:39;818.74;818.74;817.91;817.91;0.46;376.25;817.93
13.01.2017 17:40;818.48;818.49;817.74;817.74;0.77;626.94;818.47
13.01.2017 17:41;817.08;817.09;817.08;817.09;43.32;35393.73;817.09
13.01.2017 17:42;817.31;817.43;817.31;817.43;0.31;253.27;817.39
13.01.2017 17:43;819.12;819.12;817;818;62.17;50825.32;817.53
13.01.2017 17:44;819.11;819.11;819.11;819.11;0.7;573.38;819.11
13.01.2017 17:45;819.29;819.74;818.44;819.74;8.1;6642.09;819.74
13.01.2017 17:46;0;0;0;0;0;0;0
13.01.2017 17:47;819.74;819.74;819.74;819.74;0.04;32.79;819.74
13.01.2017 17:48;819.74;823.54;819.74;823.54;34.08;27990.63;821.43
13.01.2017 17:49;822.31;825;822.14;824.99;4.15;3423.48;824.88
13.01.2017 17:50;823.49;824.95;823.49;824.9;4.43;3653.59;824.89
13.01.2017 17:51;823.82;825;823.82;825;3.42;2821.04;824.14
13.01.2017 17:52;0;0;0;0;0;0;0
13.01.2017 17:53;825;826.01;825;826.01;2.7;2229.15;825.35
13.01.2017 17:54;826.02;826.02;826.02;826.02;100.2;82766.34;826.02
13.01.2017 17:55;0;0;0;0;0;0;0
13.01.2017 17:56;826.04;826.04;826.04;826.04;0.2;164.25;826.04
13.01.2017 17:57;826.04;826.04;826.01;826.01;10.19;8415.34;826.01
13.01.2017 17:58;825.96;826.03;825.91;826.03;12.43;10267.08;825.92
13.01.2017 17:59;826.02;826.02;826.02;826.02;0.06;51.83;826.02
13.01.2017 18:00;826.02;826.03;825.99;826.03;12.06;9963.68;826
13.01.2017 18:01;826.03;826.48;826.03;826.48;24;19826.02;826.08
13.01.2017 18:02;826.49;826.5;826.49;826.5;3.42;2829.06;826.49
13.01.2017 18:03;825.3;825.3;822.13;824.85;0.68;558.62;822.96
13.01.2017 18:04;0;0;0;0;0;0;0
13.01.2017 18:05;824.3;824.3;824.3;824.3;0.5;412.15;824.3
13.01.2017 18:06;824.9;824.9;824.9;824.9;0.01;8.25;824.9
13.01.2017 18:07;824.71;824.71;824.71;824.71;0.09;76.77;824.71
13.01.2017 18:08;825.13;825.13;824.41;824.41;0.84;688.98;825.11
13.01.2017 18:09;823.9;824.13;819.81;819.81;12.01;9875.43;822.09
13.01.2017 18:10;823.88;823.88;823.85;823.85;0.14;115.41;823.86
13.01.2017 18:11;823.58;823.58;822.37;822.37;0.65;537.42;823.39
13.01.2017 18:12;822;822;819.75;819.75;30.14;24712.07;819.8
13.01.2017 18:13;821.69;821.7;821.69;821.7;0.36;292.84;821.69
13.01.2017 18:14;820.05;820.05;820.05;820.05;1;820.05;820.05
13.01.2017 18:15;820.23;821.88;820.23;821.88;1.06;872.06;821.78
13.01.2017 18:16;821.88;821.99;821.88;821.99;0.55;450.39;821.96
13.01.2017 18:17;821.99;821.99;821.99;821.99;0.38;310.54;821.99
13.01.2017 18:18;821.88;822;821.88;822;1.11;911.59;821.99
13.01.2017 18:19;822.18;824.78;822.17;824.78;10.36;8515.66;822.26
13.01.2017 18:20;0;0;0;0;0;0;0
13.01.2017 18:21;824.22;824.22;821.07;821.88;35.15;28958.52;823.82
13.01.2017 18:22;822.24;823.23;822.24;823.23;1.82;1497.38;822.42
13.01.2017 18:23;823.24;823.95;823.24;823.95;0.21;173.02;823.92
13.01.2017 18:24;824.05;824.21;824.05;824.2;9.55;7869.82;824.2
13.01.2017 18:25;822.47;822.47;822.47;822.47;5.3;4362.11;822.47
13.01.2017 18:26;822.46;823.52;822.46;823.52;1.35;1108.24;823.03
13.01.2017 18:27;823.49;823.49;823.49;823.49;0.01;10.01;823.49
13.01.2017 18:28;822.43;823.99;822.39;822.39;19.43;15998.59;823.38
13.01.2017 18:29;823.92;823.92;822.4;823.72;1.04;853.62;822.45
13.01.2017 18:30;823.51;823.51;823.51;823.51;0.26;217.05;823.51
13.01.2017 18:31;822.39;822.39;822.39;822.39;0.5;411.2;822.39
13.01.2017 18:32;823.86;823.98;822.42;823.98;1.32;1089.61;823.8
13.01.2017 18:33;823.86;823.86;822.39;822.39;3.36;2766.66;822.42
13.01.2017 18:34;822.39;822.42;822.24;822.42;5.61;4616.18;822.39
13.01.2017 18:35;822.53;822.54;821.24;821.24;0.51;415.22;821.4
13.01.2017 18:36;0;0;0;0;0;0;0
13.01.2017 18:37;821.24;823.01;821.24;822.95;3.88;3186.89;822.16
13.01.2017 18:38;821.24;821.24;821.24;821.24;0.98;804.82;821.24
13.01.2017 18:39;822.39;822.63;822.39;822.63;0.38;310.57;822.59
13.01.2017 18:40;821.96;821.96;821.24;821.24;7.82;6426.54;821.52
13.01.2017 18:41;821.24;821.24;821.24;821.24;1.96;1605.87;821.24
13.01.2017 18:42;0;0;0;0;0;0;0
13.01.2017 18:43;822.38;822.38;822.38;822.38;0.68;559.39;822.38
13.01.2017 18:44;0;0;0;0;0;0;0
13.01.2017 18:45;822.39;822.39;822.39;822.39;0.02;14.52;822.39
13.01.2017 18:46;822.39;822.39;822.39;822.39;0.01;6.04;822.39
13.01.2017 18:47;823.37;823.39;823.03;823.03;5;4117.68;823.39
13.01.2017 18:48;823.39;823.39;823.39;823.39;4.99;4111.19;823.39
13.01.2017 18:49;823.99;824.86;823.99;824.86;19.2;15824.89;824.35
13.01.2017 18:50;0;0;0;0;0;0;0
13.01.2017 18:51;824.86;826.5;824.86;826.5;6.92;5709.79;825.02
13.01.2017 18:52;0;0;0;0;0;0;0
13.01.2017 18:53;825.38;825.38;824.49;824.49;0.02;17.32;824.91
13.01.2017 18:54;825.37;825.37;825.32;825.32;0.14;114.3;825.37
13.01.2017 18:55;824.41;824.41;824.41;824.41;0.05;42.87;824.41
13.01.2017 18:56;0;0;0;0;0;0;0
13.01.2017 18:57;0;0;0;0;0;0;0
13.01.2017 18:58;0;0;0;0;0;0;0
13.01.2017 18:59;825.39;825.39;825.39;825.39;0.01;8.25;825.39
13.01.2017 19:00;826.39;826.49;826.39;826.49;0.12;100;826.48
13.01.2017 19:01;826.49;826.49;825.63;826.39;6.12;5056.85;826.38
13.01.2017 19:02;825.48;826.46;825.48;826.46;1.02;846.18;825.69
13.01.2017 19:03;0;0;0;0;0;0;0
13.01.2017 19:04;0;0;0;0;0;0;0
13.01.2017 19:05;826.48;828.35;826.48;828.35;12.21;10101.63;827.59
13.01.2017 19:06;828.39;829;826.54;828.44;4.4;3643.85;827.31
13.01.2017 19:07;0;0;0;0;0;0;0
13.01.2017 19:08;827.43;827.43;826.9;826.9;0.12;101.18;826.94
13.01.2017 19:09;828.44;828.44;828.44;828.44;0.16;135.22;828.44
13.01.2017 19:10;0;0;0;0;0;0;0
13.01.2017 19:11;828.99;829;828.96;829;5.37;4454.02;828.99
13.01.2017 19:12;829;829;826.64;829;7.98;6610.49;828.87
13.01.2017 19:13;829;829;829;829;0.29;237.36;829
13.01.2017 19:14;0;0;0;0;0;0;0
13.01.2017 19:15;829;829;829;829;0.05;42.07;829
13.01.2017 19:16;828.99;828.99;828.15;828.97;2.36;1952.83;828.17
13.01.2017 19:17;827.62;828.92;827.62;828.82;9.59;7938.4;827.7
13.01.2017 19:18;0;0;0;0;0;0;0
13.01.2017 19:19;828.49;828.49;827.62;827.62;1.54;1273.58;828.21
13.01.2017 19:20;827.58;827.58;827.55;827.55;10.7;8858.78;827.55
13.01.2017 19:21;827.55;827.61;826.44;827.61;1.23;1016.6;827.3
13.01.2017 19:22;826.66;827.62;826.66;827.62;4.91;4059.96;827.61
13.01.2017 19:23;827.02;828.39;827.02;828.39;2.3;1903.64;827.2
13.01.2017 19:24;827.28;827.33;827.28;827.33;4.93;4076.89;827.29
13.01.2017 19:25;827.31;827.31;827.31;827.31;0.52;432.68;827.31
13.01.2017 19:26;827.59;827.61;827.32;827.61;1.64;1360.24;827.52
13.01.2017 19:27;827.62;827.62;827.62;827.62;0.27;224.17;827.62
13.01.2017 19:28;827.3;828.27;827.3;827.3;0.61;502.86;827.56
13.01.2017 19:29;827.29;827.29;827.29;827.29;1.36;1122.63;827.29
13.01.2017 19:30;827.29;827.29;827.29;827.29;0.5;413.65;827.29
13.01.2017 19:31;827.29;827.77;827.29;827.77;0.35;293.1;827.37
13.01.2017 19:32;827.77;827.79;827.3;827.79;11.62;9615.66;827.75
13.01.2017 19:33;828.36;828.37;827.79;827.79;0.75;621.21;827.98
13.01.2017 19:34;827.79;827.79;827.29;827.29;1.54;1274.16;827.75
13.01.2017 19:35;827.78;827.78;827.78;827.78;8.31;6881.34;827.78
13.01.2017 19:36;827.78;827.78;827.78;827.78;1.25;1036.38;827.78
13.01.2017 19:37;828.32;828.36;828.32;828.32;2.15;1777.39;828.35
13.01.2017 19:38;827.8;828.32;827.8;828.32;1.39;1155.12;828.22
13.01.2017 19:39;828.32;828.32;826.39;826.46;2.89;2393.04;827.51
13.01.2017 19:40;826.51;826.52;826.4;826.4;3.72;3075.86;826.44
13.01.2017 19:41;826.4;826.51;826.4;826.51;0.13;108.82;826.41
13.01.2017 19:42;826.4;826.4;826.4;826.4;0.05;40;826.4
13.01.2017 19:43;826.4;826.4;826.01;826.01;7.06;5833.8;826.01
13.01.2017 19:44;826.22;826.22;826.22;826.22;1.25;1031.39;826.22
13.01.2017 19:45;825.43;825.43;825.43;825.43;0.03;23.43;825.43
13.01.2017 19:46;825.93;825.93;825.93;825.93;2.09;1723.44;825.93
13.01.2017 19:47;825.93;825.93;825.45;825.45;6.22;5133.5;825.47
13.01.2017 19:48;826.01;826.01;825.43;825.43;0.47;389.11;825.6
13.01.2017 19:49;825.43;825.43;825;825.31;10.93;9024.02;825.39
13.01.2017 19:50;824.39;824.39;819.99;822.41;53.55;43919.11;820.17
13.01.2017 19:51;819.74;819.74;819;819;0.64;524.42;819.41
13.01.2017 19:52;821.31;823.38;821.31;823.38;0.31;252.77;822.12
13.01.2017 19:53;823.38;823.43;823.38;823.43;1;823.4;823.4
13.01.2017 19:54;823.43;823.43;821.62;821.62;22.3;18334.86;822.03
13.01.2017 19:55;0;0;0;0;0;0;0
13.01.2017 19:56;821.57;823.01;821.57;822.99;7.1;5832.17;821.79
13.01.2017 19:57;0;0;0;0;0;0;0
13.01.2017 19:58;821.56;821.56;821.44;821.45;24.09;19791.77;821.48
13.01.2017 19:59;821.45;821.45;819.14;821.37;10.24;8385.6;819.26
13.01.2017 20:00;0;0;0;0;0;0;0
13.01.2017 20:01;819.26;823.43;819.26;821.42;55.59;45697.39;821.97
13.01.2017 20:02;823.3;823.3;823.28;823.28;2.71;2229.18;823.28
13.01.2017 20:03;823.06;823.43;823.06;823.43;6.04;4972.98;823.43
13.01.2017 20:04;824.33;824.33;822.5;822.5;2.36;1942.19;822.55
13.01.2017 20:05;822.5;825.26;822.5;825.26;2.16;1777.61;823.9
13.01.2017 20:06;825.26;825.28;823.9;825.28;0.85;698.02;824.95
13.01.2017 20:07;825.4;826.19;825.4;826.19;0.06;49.56;826.06
13.01.2017 20:08;826.19;826.19;825.58;825.58;1.6;1318.51;826.1
13.01.2017 20:09;826.18;826.19;826.18;826.19;8.84;7305.77;826.19
13.01.2017 20:10;825.94;825.94;825.94;825.94;1;825.94;825.94
13.01.2017 20:11;826.06;826.4;826.06;826.4;0.05;37.76;826.17
13.01.2017 20:12;826.4;826.51;826.4;826.51;1.04;863.55;826.42
13.01.2017 20:13;826.51;826.51;826.51;826.51;4.53;3746.14;826.51
13.01.2017 20:14;826.52;826.52;826.52;826.52;0.02;19.84;826.52
13.01.2017 20:15;826.53;827.4;826.53;827.4;6.43;5314.79;826.56
13.01.2017 20:16;826.56;828;826.56;828;2.18;1807.58;827.48
13.01.2017 20:17;828;828;828;828;0.49;402.86;828
13.01.2017 20:18;828;828.39;828;828.39;10;8283.08;828.31
13.01.2017 20:19;828.39;828.39;828.39;828.39;0.06;52.03;828.39
13.01.2017 20:20;828.39;828.39;827.18;827.18;1.05;866.35;827.23
13.01.2017 20:21;827.32;827.32;827.28;827.28;7.08;5854.06;827.28
13.01.2017 20:22;826.52;826.52;826.52;826.52;2;1653.04;826.52
13.01.2017 20:23;827.23;827.23;826.53;826.53;0.52;429.7;826.97
13.01.2017 20:24;826.53;826.53;826.53;826.53;95.85;79222.9;826.53
13.01.2017 20:25;0;0;0;0;0;0;0
13.01.2017 20:26;826.99;826.99;826.99;826.99;0.02;20;826.99
13.01.2017 20:27;826.99;826.99;826.52;826.99;16.53;13669.21;826.71
13.01.2017 20:28;826.82;826.83;826.82;826.83;3.09;2555.7;826.83
13.01.2017 20:29;826.51;826.94;826.51;826.58;0.21;175.81;826.58
13.01.2017 20:30;0;0;0;0;0;0;0
13.01.2017 20:31;826.96;826.96;826.96;826.96;0.02;16.56;826.96
13.01.2017 20:32;826.82;826.82;826.82;826.82;0.02;16.58;826.82
13.01.2017 20:33;826.4;826.4;825.81;826.4;1.35;1112.91;826.08
13.01.2017 20:34;826.03;826.38;825.42;825.8;27.86;23012.91;826.05
13.01.2017 20:35;825.82;826.13;825.8;825.8;3.34;2757.85;825.82
13.01.2017 20:36;825.8;825.8;825.8;825.8;5.57;4603.52;825.8
13.01.2017 20:37;825.4;825.42;825.4;825.4;2.45;2021.16;825.41
13.01.2017 20:38;825.18;825.18;825;825;0.69;571.77;825.01
13.01.2017 20:39;825.49;825.49;825.18;825.18;0.75;617.05;825.39
13.01.2017 20:40;825.2;825.2;824.43;824.43;10.37;8557.68;824.87
13.01.2017 20:41;824.41;824.41;824.28;824.28;0.81;664.13;824.41
13.01.2017 20:42;824.21;824.21;822.4;822.4;1.08;889.27;822.89
13.01.2017 20:43;821.42;821.42;819.21;819.21;5.83;4782.08;820.08
13.01.2017 20:44;0;0;0;0;0;0;0
13.01.2017 20:45;819.21;819.21;819.01;819.01;15;12287.1;819.14
13.01.2017 20:46;819;819;818.08;818.1;11.87;9711.05;818.37
13.01.2017 20:47;818.18;818.18;818.13;818.13;7.75;6339.43;818.13
13.01.2017 20:48;819.51;819.53;819.51;819.53;1;823.61;819.51
13.01.2017 20:49;819.53;819.53;819.53;819.53;5.48;4488.18;819.53
13.01.2017 20:50;819.53;819.53;819.53;819.53;0.24;194.78;819.53
13.01.2017 20:51;819.53;819.53;819.53;819.53;0.65;529.45;819.53
13.01.2017 20:52;819.53;823.09;819.53;823.09;5.86;4814.74;820.99
13.01.2017 20:53;823;824.04;823;823.72;0.3;243.18;823.15
13.01.2017 20:54;0;0;0;0;0;0;0
13.01.2017 20:55;822.2;822.2;822.18;822.19;8.38;6891.38;822.19
13.01.2017 20:56;0;0;0;0;0;0;0
13.01.2017 20:57;822.19;823.35;820.83;820.83;26.29;21614.43;822.12
13.01.2017 20:58;0;0;0;0;0;0;0
13.01.2017 20:59;820;820;820;820;0.3;246;820
13.01.2017 21:00;821.86;821.88;820;820;100.02;82205.2;821.88
13.01.2017 21:01;821.66;821.66;821.65;821.65;0.47;387.58;821.66
13.01.2017 21:02;821.25;822.33;821.25;822.02;12.35;10153.47;822.01
13.01.2017 21:03;822.33;822.33;822.33;822.33;0.04;31.16;822.33
13.01.2017 21:04;0;0;0;0;0;0;0
13.01.2017 21:05;822.33;824.98;821.99;824.98;23.65;19493.18;824.33
13.01.2017 21:06;824.98;824.98;824.98;824.98;0.16;131.53;824.98
13.01.2017 21:07;825;825;825;825;7.96;6563.17;825
13.01.2017 21:08;825.05;825.05;825.05;825.05;7.1;5859.75;825.05
13.01.2017 21:09;825.05;825.05;825.05;825.05;0.07;59.48;825.05
13.01.2017 21:10;824.14;825.05;824.13;824.21;8.25;6808.19;824.9
13.01.2017 21:11;825.05;827;824.39;827;39.52;32654.74;826.21
13.01.2017 21:12;827;829;827;829;29.21;24171.77;827.65
13.01.2017 21:13;0;0;0;0;0;0;0
13.01.2017 21:14;828.1;828.1;827.16;827.28;15.16;12539.13;827.28
13.01.2017 21:15;828.99;830.99;828.99;829.99;51.15;42429.02;829.55
13.01.2017 21:16;829.98;831;829.98;831;45.22;37574.95;830.9
13.01.2017 21:17;830.99;831.38;830.33;830.33;19.54;16239.46;831.2
13.01.2017 21:18;830.33;830.97;828;830.31;40.75;33751.74;828.33
13.01.2017 21:19;828.08;830.33;828.08;830.23;1.22;1013.25;829.86
13.01.2017 21:20;828.27;828.43;828.27;828.43;0.56;467.15;828.29
13.01.2017 21:21;828.58;828.73;828;828.73;20.05;16602.85;828.18
13.01.2017 21:22;830.06;830.76;830.06;830.68;1.23;1023.5;830.62
13.01.2017 21:23;829.25;830.92;829.25;830.92;0.13;108.43;829.52
13.01.2017 21:24;830.66;831;829.1;831;9.06;7529.24;830.9
13.01.2017 21:25;830.03;830.99;830.03;830.99;20.52;17028.55;830.05
13.01.2017 21:26;830.99;830.99;830.99;830.99;1.05;872.29;830.99
13.01.2017 21:27;830.56;830.99;830.56;830.6;54.05;44895.7;830.63
13.01.2017 21:28;829.21;829.21;828.78;828.78;11.54;9568.65;829.15
13.01.2017 21:29;828;828;822.87;822.87;4.84;3999.41;825.56
13.01.2017 21:30;822.89;822.89;822.88;822.88;0.4;332.24;822.89
13.01.2017 21:31;825.56;825.56;823.74;823.74;0.35;290.93;824.48
13.01.2017 21:32;0;0;0;0;0;0;0
13.01.2017 21:33;0;0;0;0;0;0;0
13.01.2017 21:34;824.97;824.97;824.14;824.14;1.92;1579.34;824.19
13.01.2017 21:35;823.97;828.11;823.97;828.11;5.61;4621.09;824.43
13.01.2017 21:36;826.11;829;826.11;829;4.07;3376.02;828.48
13.01.2017 21:37;827.86;827.86;827.85;827.85;0.47;388.76;827.86
13.01.2017 21:38;828.99;830.46;828.99;830.46;1.47;1222.06;829.15
13.01.2017 21:39;830;830;829.29;829.29;1.35;1123.22;829.39
13.01.2017 21:40;830.46;830.46;830.43;830.43;0.16;135.07;830.45
13.01.2017 21:41;829.34;829.34;829.32;829.32;0.54;449.92;829.32
13.01.2017 21:42;830.34;830.34;830.34;830.34;0.01;4.94;830.34
13.01.2017 21:43;829.11;829.11;829.11;829.11;0.09;74.2;829.11
13.01.2017 21:44;829.11;829.11;829.11;829.11;0.34;282.32;829.11
13.01.2017 21:45;829.13;830.2;829.1;829.1;13.05;10817.31;829.11
13.01.2017 21:46;829.1;829.1;826.87;826.87;0.87;718.34;827.4
13.01.2017 21:47;829.02;829.02;829.02;829.02;0.13;111.7;829.02
13.01.2017 21:48;829.02;829.02;826.98;828.98;3.41;2817.45;827.07
13.01.2017 21:49;827.81;828.9;827.79;828.9;0.5;417.23;827.82
13.01.2017 21:50;828.7;828.7;828.7;828.7;0.21;170.44;828.7
13.01.2017 21:51;0;0;0;0;0;0;0
13.01.2017 21:52;828.03;828.94;828.03;828.94;1.68;1390.19;828.75
13.01.2017 21:53;828.48;828.5;828.48;828.5;6.88;5702.52;828.5
13.01.2017 21:54;0;0;0;0;0;0;0
13.01.2017 21:55;828.48;828.5;828.48;828.5;35.89;29734.03;828.48
13.01.2017 21:56;0;0;0;0;0;0;0
13.01.2017 21:57;828;828;828;828;0.39;326.19;828
13.01.2017 21:58;828;828;828;828;1.53;1269.08;828
13.01.2017 21:59;828;828;828;828;0.49;409.13;828
13.01.2017 22:00;827.82;827.82;827.82;827.82;35;28973.7;827.82
13.01.2017 22:01;827.25;827.25;827.22;827.22;10;8272.25;827.23
13.01.2017 22:02;827.82;827.97;826.98;826.98;7.49;6191.17;827.07
13.01.2017 22:03;826.97;827;826.97;827;1.77;1467.59;826.99
13.01.2017 22:04;826.99;826.99;825.5;825.56;40.99;33844.8;825.67
13.01.2017 22:05;825.99;826.97;825.99;826.97;0.04;36.17;826.75
13.01.2017 22:06;826.97;826.97;826.97;826.97;0.08;69.38;826.97
13.01.2017 22:07;826.97;826.97;825.86;825.86;1.35;1112.85;825.92
13.01.2017 22:08;826.95;826.95;826.95;826.95;0.67;551.58;826.95
13.01.2017 22:09;826.95;827;826.95;827;0.58;479.87;827
13.01.2017 22:10;827;828;827;827.99;1.61;1334.24;827.29
13.01.2017 22:11;0;0;0;0;0;0;0
13.01.2017 22:12;828;828;828;828;0.19;155;828
13.01.2017 22:13;828;830;828;830;65.48;54227.55;828.21
13.01.2017 22:14;830.19;830.88;830.19;830.88;9.98;8289.08;830.87
13.01.2017 22:15;830.19;830.19;830.19;830.19;0.15;128.61;830.19
13.01.2017 22:16;830.86;830.86;830.85;830.85;0.08;69.87;830.86
13.01.2017 22:17;830.08;830.85;830.01;830.01;38.83;32229.47;830.04
13.01.2017 22:18;830.45;830.45;830.01;830.01;0.25;208.61;830.1
13.01.2017 22:19;830.01;830.01;829.26;829.26;5.63;4669.35;829.84
13.01.2017 22:20;829.28;829.28;829;829;35.74;29628.73;829.07
13.01.2017 22:21;830.83;830.83;830.83;830.83;0.23;189.5;830.83
13.01.2017 22:22;830.71;830.71;828.17;828.17;31;25700.58;829.05
13.01.2017 22:23;828;828;825.05;825.05;45.01;37214.61;826.81
13.01.2017 22:24;826.93;826.93;824.98;824.98;6.95;5735.74;825.06
13.01.2017 22:25;826.66;826.66;825.19;825.19;1.06;872.05;826.58
13.01.2017 22:26;826.68;826.68;826.68;826.68;0.31;257.58;826.68
13.01.2017 22:27;826.71;826.75;826.71;826.75;6;4960.47;826.74
13.01.2017 22:28;826.56;826.56;825.31;826.31;0.42;346.06;826.29
13.01.2017 22:29;826.3;826.32;826.3;826.32;1.81;1493.3;826.31
13.01.2017 22:30;827.08;827.09;827.08;827.09;4;3308.35;827.09
13.01.2017 22:31;827.16;827.16;827.16;827.16;0.87;719.63;827.16
13.01.2017 22:32;827.25;827.28;827.25;827.26;0.8;660.45;827.25
13.01.2017 22:33;827.31;827.31;827.31;827.31;0.01;8.27;827.31
13.01.2017 22:34;0;0;0;0;0;0;0
13.01.2017 22:35;828.3;828.3;828.3;828.3;0.13;106.54;828.3
13.01.2017 22:36;0;0;0;0;0;0;0
13.01.2017 22:37;0;0;0;0;0;0;0
13.01.2017 22:38;828.3;828.3;828.3;828.3;0.03;20.71;828.3
13.01.2017 22:39;827.33;828.28;827.3;827.3;6.21;5136.43;827.31
13.01.2017 22:40;827.3;827.3;824;824;5.48;4528.91;827.04
13.01.2017 22:41;0;0;0;0;0;0;0
13.01.2017 22:42;823.99;823.99;821;821.59;36.43;29928.05;821.6
13.01.2017 22:43;823.29;824.35;823.29;824.35;0.92;761.36;823.71
13.01.2017 22:44;822.41;824.35;821.12;824.35;1.12;921.46;822
13.01.2017 22:45;824.21;824.21;824.21;824.21;2;1648.42;824.21
13.01.2017 22:46;822.39;822.39;821.28;821.29;0.88;721.22;821.3
13.01.2017 22:47;824.23;825.33;824.23;825.3;6.23;5144.35;825.19
13.01.2017 22:48;825.3;825.34;825.25;825.34;4.36;3597.92;825.29
13.01.2017 22:49;825.51;825.57;825.51;825.57;5.98;4933.33;825.53
13.01.2017 22:50;0;0;0;0;0;0;0
13.01.2017 22:51;825.59;825.6;825.59;825.6;0.61;503.49;825.6
13.01.2017 22:52;825.59;825.59;824.9;824.9;0.08;66.26;825.32
13.01.2017 22:53;824.34;824.34;823.32;823.32;1.74;1431.93;823.9
13.01.2017 22:54;822.12;822.12;821.97;821.97;19.57;16085.53;822
13.01.2017 22:55;0;0;0;0;0;0;0
13.01.2017 22:56;821.49;821.49;821.49;821.49;20;16429.8;821.49
13.01.2017 22:57;822.2;822.2;822.12;822.12;1.13;929.92;822.2
13.01.2017 22:58;822.31;822.45;822.31;822.45;0.99;812.93;822.42
13.01.2017 22:59;822.43;822.43;822.43;822.43;0.02;13.98;822.43
13.01.2017 23:00;822.39;822.39;821.09;821.09;1.37;1126.59;822.15
13.01.2017 23:01;0;0;0;0;0;0;0
13.01.2017 23:02;0;0;0;0;0;0;0
13.01.2017 23:03;822.44;822.44;822.44;822.44;1.06;868.64;822.44
13.01.2017 23:04;0;0;0;0;0;0;0
13.01.2017 23:05;822.41;822.41;822.41;822.41;0.03;21.31;822.41
13.01.2017 23:06;822.45;822.45;822.45;822.45;1.1;904.7;822.45
13.01.2017 23:07;822.45;822.45;821.17;821.17;18.51;15214.24;821.9
13.01.2017 23:08;0;0;0;0;0;0;0
13.01.2017 23:09;0;0;0;0;0;0;0
13.01.2017 23:10;822.44;822.45;822.44;822.45;1.07;881.06;822.45
13.01.2017 23:11;822.45;822.52;822.45;822.52;15.77;12966.89;822.48
13.01.2017 23:12;822.98;827.05;822.98;823.14;1.2;989.18;824.27
13.01.2017 23:13;0;0;0;0;0;0;0
13.01.2017 23:14;823.56;823.56;823.56;823.56;1.05;862.29;823.56
13.01.2017 23:15;823.72;823.72;823.72;823.72;0.04;32.14;823.72
13.01.2017 23:16;826.23;826.23;826.23;826.23;0.07;55.46;826.23
13.01.2017 23:17;826.23;826.23;826.23;826.23;0.1;78.49;826.23
13.01.2017 23:18;826.94;826.94;826.94;826.94;0.01;10.4;826.94
13.01.2017 23:19;826.94;826.94;824.84;824.84;6.24;5146.89;825.23
13.01.2017 23:20;826.2;826.2;826.2;826.2;0.01;11.85;826.2
13.01.2017 23:21;826.97;826.98;826.97;826.98;0.68;560.65;826.98
13.01.2017 23:22;826.98;826.98;826.98;826.98;3.58;2958.36;826.98
13.01.2017 23:23;0;0;0;0;0;0;0
13.01.2017 23:24;827;827;827;827;0.25;206.01;827
13.01.2017 23:25;827;827;826.99;826.99;0.22;184.42;827
13.01.2017 23:26;824.77;826.5;824.77;826.5;0.37;303.03;826.35
13.01.2017 23:27;826.96;826.99;826.96;826.99;0.33;273.25;826.96
13.01.2017 23:28;826.86;826.9;825.07;826.9;0.57;471.2;826.84
13.01.2017 23:29;0;0;0;0;0;0;0
13.01.2017 23:30;826.99;826.99;825.11;825.11;6.13;5058.16;825.16
13.01.2017 23:31;825.05;825.05;825.05;825.05;0.48;393.8;825.05
13.01.2017 23:32;824.27;824.27;824.27;824.27;23.56;19421.36;824.27
13.01.2017 23:33;824.24;824.32;822.59;822.59;11.26;9276.84;824.09
13.01.2017 23:34;824.09;824.09;824.09;824.09;0.28;230.75;824.09
13.01.2017 23:35;824.37;825.34;824.37;825.34;12.47;10283.58;825
13.01.2017 23:36;0;0;0;0;0;0;0
13.01.2017 23:37;0;0;0;0;0;0;0
13.01.2017 23:38;825.04;825.04;825.04;825.04;0.06;51.42;825.04
13.01.2017 23:39;0;0;0;0;0;0;0
13.01.2017 23:40;0;0;0;0;0;0;0
13.01.2017 23:41;0;0;0;0;0;0;0
13.01.2017 23:42;0;0;0;0;0;0;0
13.01.2017 23:43;0;0;0;0;0;0;0
13.01.2017 23:44;825;825.01;825;825.01;0.05;42.43;825
13.01.2017 23:45;0;0;0;0;0;0;0
13.01.2017 23:46;825.01;825.01;825.01;825.01;0.12;98.23;825.01
13.01.2017 23:47;825.01;826.4;825.01;826.4;0.2;161.73;825.15
13.01.2017 23:48;826.97;826.97;826.97;826.97;0.68;563.52;826.97
13.01.2017 23:49;826.31;826.31;824.45;824.45;2.05;1691.16;824.51
13.01.2017 23:50;824.86;824.86;824.86;824.86;2.59;2135.25;824.86
13.01.2017 23:51;824.7;824.7;824.7;824.7;32.06;26436.55;824.7
13.01.2017 23:52;824.71;824.71;824.71;824.71;0.21;174.32;824.71
13.01.2017 23:53;0;0;0;0;0;0;0
13.01.2017 23:54;824.71;825;824.71;825;5.09;4195.74;824.96
13.01.2017 23:55;0;0;0;0;0;0;0
13.01.2017 23:56;825;825;825;825;0.3;249.58;825
13.01.2017 23:57;825.55;825.55;825.55;825.55;0.01;8.26;825.55
13.01.2017 23:58;826.55;828.3;826.55;828.3;12.18;10074.13;827.14
13.01.2017 23:59;826.8;826.8;825.57;825.86;0.91;751.8;825.92
14.01.2017 00:00;825.98;825.98;825.98;825.98;2.36;1948.88;825.98
14.01.2017 00:01;827.01;827.01;825.56;825.56;0.05;41.27;826.4
14.01.2017 00:02;0;0;0;0;0;0;0
14.01.2017 00:03;825.89;828.26;825.89;828.26;0.07;56.95;827.01
14.01.2017 00:04;828.26;828.28;828.26;828.28;0.42;346.25;828.27
14.01.2017 00:05;828.28;829;828.28;829;29.56;24498.69;828.76
14.01.2017 00:06;829;830.86;829;830.86;12.03;9987.01;830.07
14.01.2017 00:07;0;0;0;0;0;0;0
14.01.2017 00:08;829.58;830.87;829.58;830.87;19.37;16087.19;830.64
14.01.2017 00:09;830.87;831.4;830.87;831.13;22.38;18598.2;831.08
14.01.2017 00:10;831.74;833.59;831.74;833.59;21.6;18000.49;833.53
14.01.2017 00:11;833.05;833.05;833.05;833.05;0.05;39.15;833.05
14.01.2017 00:12;833.58;833.58;833.58;833.58;0.73;606.32;833.58
14.01.2017 00:13;833.12;833.12;833.12;833.12;0.05;39.99;833.12
14.01.2017 00:14;0;0;0;0;0;0;0
14.01.2017 00:15;833.59;833.59;833.27;833.27;14.95;12455.72;833.38
14.01.2017 00:16;833.79;833.79;833.22;833.22;10;8332.25;833.22
14.01.2017 00:17;833.18;833.18;829.86;829.86;21.58;17950.49;831.63
14.01.2017 00:18;829.95;829.96;829.95;829.96;28.4;23570.62;829.95
14.01.2017 00:19;831.47;831.47;831.47;831.47;0.12;103.3;831.47
14.01.2017 00:20;0;0;0;0;0;0;0
14.01.2017 00:21;0;0;0;0;0;0;0
14.01.2017 00:22;830.23;831.43;830.23;831.43;1.33;1101.88;830.36
14.01.2017 00:23;830.4;830.4;830.24;830.24;1.24;1030.07;830.25
14.01.2017 00:24;830.01;830.01;829.85;829.85;0.06;46.48;829.98
14.01.2017 00:25;0;0;0;0;0;0;0
14.01.2017 00:26;0;0;0;0;0;0;0
14.01.2017 00:27;0;0;0;0;0;0;0
14.01.2017 00:28;0;0;0;0;0;0;0
14.01.2017 00:29;831.8;831.8;830;830;10.06;8348.34;830.02
14.01.2017 00:30;831.43;831.43;831.43;831.43;0.09;76.49;831.43
14.01.2017 00:31;831.36;831.84;831.36;831.84;18.06;15016.02;831.62
14.01.2017 00:32;831.64;831.68;831.64;831.68;8.6;7152.28;831.66
14.01.2017 00:33;831.85;832;831.85;831.97;7.56;6289.71;831.97
14.01.2017 00:34;831.99;831.99;831.99;831.99;1.36;1133.58;831.99
14.01.2017 00:35;832;832;832;832;14.57;12124.63;832
14.01.2017 00:36;832;833.89;832;833.89;18.25;15203.24;833.13
14.01.2017 00:37;833.9;835;833.9;835;19.61;16368.88;834.71
14.01.2017 00:38;835;835;834.76;834.76;1.41;1179.96;834.93
14.01.2017 00:39;835;835;834.69;834.96;32.71;27303.39;834.82
14.01.2017 00:40;834.97;835;834.97;835;3.9;3253.19;835
14.01.2017 00:41;835;835.82;835;835.81;12.04;10062.13;835.79
14.01.2017 00:42;835.83;836.87;834.96;836.87;9.88;8256.3;835.45
14.01.2017 00:43;835.88;836.88;832.74;832.74;10.96;9139.47;834.15
14.01.2017 00:44;835.76;835.76;833.06;833.08;18.82;15696.92;833.9
14.01.2017 00:45;0;0;0;0;0;0;0
14.01.2017 00:46;0;0;0;0;0;0;0
14.01.2017 00:47;835;835.77;835;835.77;2.53;2111.58;835.67
14.01.2017 00:48;835.68;835.68;835.68;835.68;1.68;1404.11;835.68
14.01.2017 00:49;835.72;835.72;835;835;1.33;1111.19;835.55
14.01.2017 00:50;833.47;833.47;833;833;10.81;9009.39;833.07
14.01.2017 00:51;831.84;831.84;831.84;831.84;0.5;415.92;831.84
14.01.2017 00:52;832.92;832.92;832.92;832.92;0.49;405.26;832.92
14.01.2017 00:53;0;0;0;0;0;0;0
14.01.2017 00:54;832.98;834.92;832.98;834.92;0.19;155.4;833.94
14.01.2017 00:55;0;0;0;0;0;0;0
14.01.2017 00:56;0;0;0;0;0;0;0
14.01.2017 00:57;834.05;834.05;832.99;833.8;0.18;149.61;833.76
14.01.2017 00:58;833.46;833.46;833.46;833.46;35.95;29961.05;833.46
14.01.2017 00:59;0;0;0;0;0;0;0
14.01.2017 01:00;833.16;833.16;833.02;833.02;0.65;537.42;833.13
14.01.2017 01:01;833.02;833.16;833.02;833.16;15.61;13002.29;833.03
14.01.2017 01:02;0;0;0;0;0;0;0
14.01.2017 01:03;833.2;833.28;832;832.01;1.5;1250.87;832.89
14.01.2017 01:04;832;832;832;832;0.1;83.2;832
14.01.2017 01:05;0;0;0;0;0;0;0
14.01.2017 01:06;832.59;832.59;832.5;832.5;3.34;2783.49;832.5
14.01.2017 01:07;832.5;834.27;832.5;834.27;2.33;1944.05;832.81
14.01.2017 01:08;834.33;834.93;833;834.35;3.68;3071.5;833.77
14.01.2017 01:09;832.77;832.77;832.5;832.5;6.7;5580.74;832.6
14.01.2017 01:10;832.33;832.33;827.44;828.67;58.85;48833.71;829.73
14.01.2017 01:11;828.63;828.68;828.63;828.68;3.01;2494.24;828.66
14.01.2017 01:12;828.68;829.65;828.68;829.63;9.23;7649.28;828.69
14.01.2017 01:13;829.54;829.55;829.54;829.55;26;21568.05;829.54
14.01.2017 01:14;0;0;0;0;0;0;0
14.01.2017 01:15;829.69;832.01;829.69;832.01;0.09;76.5;831.5
14.01.2017 01:16;0;0;0;0;0;0;0
14.01.2017 01:17;832;832.95;832;832.95;0.28;236.54;832.88
14.01.2017 01:18;831.06;832.79;831.06;831.27;0.58;486.25;832.62
14.01.2017 01:19;831.39;832.95;831.39;831.52;7.02;5849.5;832.7
14.01.2017 01:20;0;0;0;0;0;0;0
14.01.2017 01:21;831.45;831.45;831.45;831.45;0.01;8.85;831.45
14.01.2017 01:22;832.93;832.93;832.93;832.93;1;832.93;832.93
14.01.2017 01:23;0;0;0;0;0;0;0
14.01.2017 01:24;832.87;832.88;832.87;832.88;0.82;683.31;832.88
14.01.2017 01:25;832.82;832.88;832.82;832.88;5.17;4303.23;832.83
14.01.2017 01:26;831.34;832.94;831.34;831.34;0.38;318.43;832.67
14.01.2017 01:27;831.34;831.34;831.34;831.34;0.15;124.7;831.34
14.01.2017 01:28;0;0;0;0;0;0;0
14.01.2017 01:29;831.34;832;831.33;832;17.75;14765.69;832
14.01.2017 01:30;832.94;832.94;832.94;832.94;0.02;13.88;832.94
14.01.2017 01:31;832.95;832.95;832.95;832.95;5.49;4576.4;832.95
14.01.2017 01:32;833;834.38;831.98;832;1.99;1653.73;832.67
14.01.2017 01:33;832;832;832;832;0.15;126.37;832
14.01.2017 01:34;832;832;831.31;831.31;10.01;8323.9;831.31
14.01.2017 01:35;831.31;832;831.31;832;35.05;29155.69;831.8
14.01.2017 01:36;832;832;832;832;0.56;469.69;832
14.01.2017 01:37;832.91;832.92;832.91;832.92;2.19;1822.22;832.92
14.01.2017 01:38;0;0;0;0;0;0;0
14.01.2017 01:39;832.47;832.92;832.47;832.92;0.23;192.82;832.51
14.01.2017 01:40;832.92;832.92;832.92;832.92;0.15;128.13;832.92
14.01.2017 01:41;0;0;0;0;0;0;0
14.01.2017 01:42;832.92;832.92;832.92;832.92;0.02;16.66;832.92
14.01.2017 01:43;832.92;832.92;832.92;832.92;1;832.92;832.92
14.01.2017 01:44;0;0;0;0;0;0;0
14.01.2017 01:45;832.92;833.17;832.92;833.17;20.54;17111.18;833.1
14.01.2017 01:46;833.5;835;833.5;835;30.73;25639.41;834.26
14.01.2017 01:47;835;835;833.97;834.01;17.74;14791.43;833.99
14.01.2017 01:48;835.69;836.32;835.69;835.84;34.06;28466.45;835.74
14.01.2017 01:49;836.32;837;836.32;837;2.59;2164.62;836.4
14.01.2017 01:50;837.6;837.6;837.6;837.6;0.1;82.87;837.6
14.01.2017 01:51;837.03;837.03;837.02;837.02;10.1;8454;837.03
14.01.2017 01:52;0;0;0;0;0;0;0
14.01.2017 01:53;837.55;837.55;837.55;837.55;0.04;32.99;837.55
14.01.2017 01:54;837.07;837.08;837.07;837.08;2.74;2296.11;837.08
14.01.2017 01:55;837.56;837.56;837.56;837.56;0.03;25.47;837.56
14.01.2017 01:56;837.72;837.72;837.72;837.72;0.02;19.2;837.72
14.01.2017 01:57;837.72;837.72;837.72;837.72;0.22;180.8;837.72
14.01.2017 01:58;837.76;837.76;837.76;837.76;0.71;594.51;837.76
14.01.2017 01:59;837.76;837.76;837.55;837.55;6.04;5055.16;837.58
14.01.2017 02:00;837.14;837.14;837.14;837.14;0.24;199.95;837.14
14.01.2017 02:01;837.1;837.1;837.09;837.09;3.07;2570.54;837.09
14.01.2017 02:02;837.09;837.09;837.09;837.09;30.32;25384.23;837.09
14.01.2017 02:03;837.08;837.08;837.07;837.07;12.93;10820.01;837.08
14.01.2017 02:04;837.08;837.08;837.07;837.07;10.35;8663.85;837.07
14.01.2017 02:05;837.08;837.08;837.08;837.08;0.01;5.02;837.08
14.01.2017 02:06;837.07;837.07;837.07;837.07;0.24;199.52;837.07
14.01.2017 02:07;837;837.07;837;837.07;1.57;1314.38;837.04
14.01.2017 02:08;837.07;837.07;837.07;837.07;10;8371.58;837.07
14.01.2017 02:09;0;0;0;0;0;0;0
14.01.2017 02:10;837.02;837.02;837.01;837.01;6.29;5268.18;837.02
14.01.2017 02:11;837.01;837.01;837;837;7.5;6279.23;837.01
14.01.2017 02:12;837;837.07;837;837;10.87;9101.72;837
14.01.2017 02:13;837;837.01;837;837;10.35;8662;837
14.01.2017 02:14;837;837.01;837;837.01;7.57;6335.26;837
14.01.2017 02:15;837;837.01;837;837.01;6.86;5740.04;837.01
14.01.2017 02:16;837.01;837.01;837;837.01;10.61;8877.16;837.01
14.01.2017 02:17;837.01;837.01;837;837.01;2.39;2003.79;837.01
14.01.2017 02:18;837.01;837.01;837;837.01;13.64;11413.44;837.01
14.01.2017 02:19;837.01;837.01;837;837.01;7.94;6649.8;837.01
14.01.2017 02:20;0;0;0;0;0;0;0
14.01.2017 02:21;0;0;0;0;0;0;0
14.01.2017 02:22;837;837;837;837;4.1;3431.06;837
14.01.2017 02:23;837;837;834.79;834.79;70.37;58848.79;836.24
14.01.2017 02:24;834.77;834.77;834.77;834.77;0.01;8.35;834.77
14.01.2017 02:25;833.93;833.93;833.93;833.93;1.25;1046.42;833.93
14.01.2017 02:26;0;0;0;0;0;0;0
14.01.2017 02:27;834;834;834;834;0.05;41.78;834
14.01.2017 02:28;0;0;0;0;0;0;0
14.01.2017 02:29;833.99;833.99;833.99;833.99;0.2;166.8;833.99
14.01.2017 02:30;833.99;833.99;833.99;833.99;0.01;8.34;833.99
14.01.2017 02:31;833.99;833.99;833.91;833.91;10.25;8547.28;833.92
14.01.2017 02:32;833.35;833.35;828.03;828.03;8.79;7280.18;828.44
14.01.2017 02:33;828.04;828.04;828.01;828.01;19.81;16404.46;828.04
14.01.2017 02:34;829.64;830.47;829.64;830.47;0.1;86.36;830.39
14.01.2017 02:35;830.31;830.31;830.31;830.31;0.22;184.56;830.31
14.01.2017 02:36;830.25;830.25;830.25;830.25;3.97;3295.06;830.25
14.01.2017 02:37;0;0;0;0;0;0;0
14.01.2017 02:38;0;0;0;0;0;0;0
14.01.2017 02:39;0;0;0;0;0;0;0
14.01.2017 02:40;829.18;829.18;824.1;825;70.94;58640.23;826.66
14.01.2017 02:41;0;0;0;0;0;0;0
14.01.2017 02:42;825.99;830.12;825.99;830.12;1.02;846.65;830.05
14.01.2017 02:43;0;0;0;0;0;0;0
14.01.2017 02:44;830.08;830.11;829.95;829.95;52.06;43216;830.1
14.01.2017 02:45;0;0;0;0;0;0;0
14.01.2017 02:46;0;0;0;0;0;0;0
14.01.2017 02:47;828.25;828.25;828.25;828.25;1.12;929.79;828.25
14.01.2017 02:48;0;0;0;0;0;0;0
14.01.2017 02:49;0;0;0;0;0;0;0
14.01.2017 02:50;830.11;830.11;830.11;830.11;1.4;1163.4;830.11
14.01.2017 02:51;0;0;0;0;0;0;0
14.01.2017 02:52;828.03;828.03;828.03;828.03;0.2;165.61;828.03
14.01.2017 02:53;828.4;828.4;828.4;828.4;0.05;42.66;828.4
14.01.2017 02:54;0;0;0;0;0;0;0
14.01.2017 02:55;828.4;828.4;825;825;35.02;28939.37;826.43
14.01.2017 02:56;0;0;0;0;0;0;0
14.01.2017 02:57;0;0;0;0;0;0;0
14.01.2017 02:58;825.12;825.12;825.12;825.12;0.83;684.85;825.12
14.01.2017 02:59;0;0;0;0;0;0;0
14.01.2017 03:00;826.05;826.05;826.05;826.05;0.05;38.82;826.05
14.01.2017 03:01;825.6;825.6;825.6;825.6;0.01;9.41;825.6
14.01.2017 03:02;0;0;0;0;0;0;0
14.01.2017 03:03;825.12;825.12;823.35;823.35;9.27;7647.22;824.55
14.01.2017 03:04;822.4;822.4;821.11;822.4;11.31;9301.31;822.11
14.01.2017 03:05;823;823;822.4;822.4;0.32;265.31;822.5
14.01.2017 03:06;0;0;0;0;0;0;0
14.01.2017 03:07;822.42;824.44;822.42;824.44;24.28;19976.04;822.8
14.01.2017 03:08;824.42;824.42;824.42;824.42;0.01;5.94;824.42
14.01.2017 03:09;0;0;0;0;0;0;0
14.01.2017 03:10;824.42;824.42;824.42;824.42;1;824.42;824.42
14.01.2017 03:11;824;824.45;824;824.44;7.29;6006.27;824.02
14.01.2017 03:12;824.78;824.78;824.78;824.78;0.01;10.36;824.78
14.01.2017 03:13;823.44;824.77;823.02;823.02;26.3;21649.62;823.14
14.01.2017 03:14;823.01;823.01;822.42;822.42;7.16;5885.39;822.42
14.01.2017 03:15;822.54;822.95;822.42;822.95;1.1;906.02;822.49
14.01.2017 03:16;0;0;0;0;0;0;0
14.01.2017 03:17;822.76;822.76;822.76;822.76;0.09;75.69;822.76
14.01.2017 03:18;822.42;822.42;822.42;822.42;0.11;93.76;822.42
14.01.2017 03:19;822.91;822.91;822.91;822.91;0.02;18.1;822.91
14.01.2017 03:20;822.71;822.71;822.7;822.7;6;4936.15;822.7
14.01.2017 03:21;822.7;822.7;822.7;822.7;2.5;2056.75;822.7
14.01.2017 03:22;0;0;0;0;0;0;0
14.01.2017 03:23;822.91;822.91;822.91;822.91;0.01;10.7;822.91
14.01.2017 03:24;0;0;0;0;0;0;0
14.01.2017 03:25;822.9;822.91;822.9;822.91;0.13;106.77;822.9
14.01.2017 03:26;0;0;0;0;0;0;0
14.01.2017 03:27;0;0;0;0;0;0;0
14.01.2017 03:28;822.89;822.89;822.88;822.88;0.04;32.51;822.88
14.01.2017 03:29;822.74;822.74;822.74;822.74;0.71;581.62;822.74
14.01.2017 03:30;822.89;822.89;822.89;822.89;0.04;36.21;822.89
14.01.2017 03:31;822.89;823.02;822.89;823.02;5.64;4639.42;823
14.01.2017 03:32;823.43;824.5;823.43;824.5;5.33;4389.79;824.22
14.01.2017 03:33;825;825.88;825;825.88;0.14;118.6;825.41
14.01.2017 03:34;824.61;824.75;824.61;824.75;8.48;6994.39;824.61
14.01.2017 03:35;0;0;0;0;0;0;0
14.01.2017 03:36;0;0;0;0;0;0;0
14.01.2017 03:37;0;0;0;0;0;0;0
14.01.2017 03:38;0;0;0;0;0;0;0
14.01.2017 03:39;0;0;0;0;0;0;0
14.01.2017 03:40;826.16;826.16;824.67;824.73;6.59;5432.72;824.83
14.01.2017 03:41;824.63;824.7;824.63;824.63;11.77;9704.27;824.64
14.01.2017 03:42;824.72;824.72;824.72;824.72;0.38;310.09;824.72
14.01.2017 03:43;825.83;825.83;825.83;825.83;0.01;5.54;825.83
14.01.2017 03:44;0;0;0;0;0;0;0
14.01.2017 03:45;0;0;0;0;0;0;0
14.01.2017 03:46;825.64;825.64;825.64;825.64;0.01;11.83;825.64
14.01.2017 03:47;0;0;0;0;0;0;0
14.01.2017 03:48;825.64;825.64;825.64;825.64;0.03;25.62;825.64
14.01.2017 03:49;825.32;825.32;825.32;825.32;0.52;432.01;825.32
14.01.2017 03:50;0;0;0;0;0;0;0
14.01.2017 03:51;825.15;825.15;823.43;823.43;11.02;9092.63;825.1
14.01.2017 03:52;822.66;822.66;820.98;820.98;14.58;11974.47;821.44
14.01.2017 03:53;820.71;820.71;819.53;819.53;1.7;1395.1;820
14.01.2017 03:54;819.24;819.49;818.96;818.96;20.24;16582.47;819.18
14.01.2017 03:55;818.97;818.97;818.55;818.55;17.23;14109.54;818.77
14.01.2017 03:56;0;0;0;0;0;0;0
14.01.2017 03:57;818.91;818.91;818.91;818.91;0.02;17.08;818.91
14.01.2017 03:58;0;0;0;0;0;0;0
14.01.2017 03:59;818.96;820.99;818.96;820.99;24.37;19976.02;819.77
14.01.2017 04:00;820.94;820.94;820.93;820.93;12.21;10021.09;820.93
14.01.2017 04:01;0;0;0;0;0;0;0
14.01.2017 04:02;0;0;0;0;0;0;0
14.01.2017 04:03;819.5;819.5;819.5;819.5;0.02;19.67;819.5
14.01.2017 04:04;819.12;819.57;819.12;819.57;2.1;1720.52;819.14
14.01.2017 04:05;820;821;820;821;3.16;2589.87;820.37
14.01.2017 04:06;821.44;821.44;821.43;821.43;7;5750.01;821.43
14.01.2017 04:07;821.99;821.99;821.99;821.99;0.01;8.22;821.99
14.01.2017 04:08;822;822;822;822;0.2;162.77;822
14.01.2017 04:09;822.22;822.22;822.22;822.22;0.12;97.02;822.22
14.01.2017 04:10;822;822;821.99;822;0.7;572.4;821.99
14.01.2017 04:11;822;822;822;822;0.22;178.55;822
14.01.2017 04:12;822.2;822.2;822.2;822.2;3.77;3100.55;822.2
14.01.2017 04:13;822.2;822.2;822.2;822.2;4.23;3477.05;822.2
14.01.2017 04:14;822.99;824.89;822.99;824.69;2.44;2009.13;824.88
14.01.2017 04:15;0;0;0;0;0;0;0
14.01.2017 04:16;0;0;0;0;0;0;0
14.01.2017 04:17;0;0;0;0;0;0;0
14.01.2017 04:18;0;0;0;0;0;0;0
14.01.2017 04:19;824.71;824.71;824.71;824.71;1.77;1456.02;824.71
14.01.2017 04:20;0;0;0;0;0;0;0
14.01.2017 04:21;824.7;824.7;824.7;824.7;0.23;188.5;824.7
14.01.2017 04:22;0;0;0;0;0;0;0
14.01.2017 04:23;823.02;823.02;822.99;822.99;9.74;8013.65;822.99
14.01.2017 04:24;0;0;0;0;0;0;0
14.01.2017 04:25;823;823;822.99;822.99;16.57;13635.42;823
14.01.2017 04:26;822.99;822.99;821.87;821.87;19.2;15786.81;822.4
14.01.2017 04:27;821.87;821.87;821.87;821.87;0.99;816.65;821.87
14.01.2017 04:28;0;0;0;0;0;0;0
14.01.2017 04:29;0;0;0;0;0;0;0
14.01.2017 04:30;820.99;820.99;820.99;820.99;0.01;8.21;820.99
14.01.2017 04:31;0;0;0;0;0;0;0
14.01.2017 04:32;820.28;820.29;820.28;820.29;1.03;845.51;820.28
14.01.2017 04:33;0;0;0;0;0;0;0
14.01.2017 04:34;0;0;0;0;0;0;0
14.01.2017 04:35;0;0;0;0;0;0;0
14.01.2017 04:36;0;0;0;0;0;0;0
14.01.2017 04:37;0;0;0;0;0;0;0
14.01.2017 04:38;820.66;820.66;820.66;820.66;8.98;7369.53;820.66
14.01.2017 04:39;0;0;0;0;0;0;0
14.01.2017 04:40;0;0;0;0;0;0;0
14.01.2017 04:41;0;0;0;0;0;0;0
14.01.2017 04:42;820.66;820.78;820.66;820.78;5.21;4272.64;820.74
14.01.2017 04:43;820.81;820.82;820.81;820.82;9.87;8103.16;820.81
14.01.2017 04:44;0;0;0;0;0;0;0
14.01.2017 04:45;821.49;821.49;821.49;821.49;0.68;558.61;821.49
14.01.2017 04:46;0;0;0;0;0;0;0
14.01.2017 04:47;821.81;822.81;821.81;822.81;1.51;1241.03;821.88
14.01.2017 04:48;823.01;823.01;822.99;822.99;4.67;3840.14;823
14.01.2017 04:49;0;0;0;0;0;0;0
14.01.2017 04:50;0;0;0;0;0;0;0
14.01.2017 04:51;0;0;0;0;0;0;0
14.01.2017 04:52;0;0;0;0;0;0;0
14.01.2017 04:53;0;0;0;0;0;0;0
14.01.2017 04:54;0;0;0;0;0;0;0
14.01.2017 04:55;0;0;0;0;0;0;0
14.01.2017 04:56;0;0;0;0;0;0;0
14.01.2017 04:57;0;0;0;0;0;0;0
14.01.2017 04:58;822.1;822.1;822.1;822.1;1.5;1233.15;822.1
14.01.2017 04:59;822.12;822.12;822.12;822.12;0.15;126.61;822.12
14.01.2017 05:00;823.62;823.62;823.62;823.62;0.84;689.23;823.62
14.01.2017 05:01;822.15;823.62;820.81;823.62;50.08;41188.27;822.41
14.01.2017 05:02;0;0;0;0;0;0;0
14.01.2017 05:03;0;0;0;0;0;0;0
14.01.2017 05:04;822.58;823.63;822.58;823.63;0.81;664.13;823.45
14.01.2017 05:05;823.63;823.63;823.63;823.63;0.02;19.3;823.63
14.01.2017 05:06;0;0;0;0;0;0;0
14.01.2017 05:07;823.63;823.63;823.63;823.63;0.14;118.61;823.63
14.01.2017 05:08;822.58;822.58;820.81;820.81;14.33;11789.18;822.42
14.01.2017 05:09;821.18;822.18;821.18;822.18;13.94;11445.6;821.2
14.01.2017 05:10;0;0;0;0;0;0;0
14.01.2017 05:11;0;0;0;0;0;0;0
14.01.2017 05:12;823.17;823.17;823.17;823.17;0.14;115.24;823.17
14.01.2017 05:13;823.18;823.18;823.18;823.18;0.01;8.23;823.18
14.01.2017 05:14;0;0;0;0;0;0;0
14.01.2017 05:15;823.62;823.73;823.62;823.73;41.72;34358.77;823.63
14.01.2017 05:16;823.73;823.73;823.73;823.73;8.14;6708.12;823.73
14.01.2017 05:17;0;0;0;0;0;0;0
14.01.2017 05:18;0;0;0;0;0;0;0
14.01.2017 05:19;0;0;0;0;0;0;0
14.01.2017 05:20;0;0;0;0;0;0;0
14.01.2017 05:21;0;0;0;0;0;0;0
14.01.2017 05:22;824.18;824.21;824.18;824.21;10.01;8250.34;824.21
14.01.2017 05:23;824.3;824.3;824.3;824.3;7;5770.1;824.3
14.01.2017 05:24;824.33;824.58;824;824.58;30.19;24885.24;824.28
14.01.2017 05:25;824.33;824.59;824.33;824.59;11.08;9133.43;824.35
14.01.2017 05:26;824.59;824.59;824.59;824.59;0.24;194.6;824.59
14.01.2017 05:27;0;0;0;0;0;0;0
14.01.2017 05:28;824.33;824.33;824.33;824.33;0.53;434.42;824.33
14.01.2017 05:29;824;824;822.19;822.33;53.84;44275.1;822.3
14.01.2017 05:30;0;0;0;0;0;0;0
14.01.2017 05:31;0;0;0;0;0;0;0
14.01.2017 05:32;823.06;823.06;822.68;822.68;14.06;11570.77;823.06
14.01.2017 05:33;0;0;0;0;0;0;0
14.01.2017 05:34;0;0;0;0;0;0;0
14.01.2017 05:35;0;0;0;0;0;0;0
14.01.2017 05:36;822.64;822.65;822.64;822.65;0.1;83.33;822.65
14.01.2017 05:37;822.63;822.63;822.63;822.63;0.3;243;822.63
14.01.2017 05:38;0;0;0;0;0;0;0
14.01.2017 05:39;0;0;0;0;0;0;0
14.01.2017 05:40;822.61;822.64;822.61;822.64;2.76;2268.18;822.64
14.01.2017 05:41;0;0;0;0;0;0;0
14.01.2017 05:42;0;0;0;0;0;0;0
14.01.2017 05:43;822.64;822.64;822.64;822.64;0.25;206.93;822.64
14.01.2017 05:44;0;0;0;0;0;0;0
14.01.2017 05:45;0;0;0;0;0;0;0
14.01.2017 05:46;0;0;0;0;0;0;0
14.01.2017 05:47;822.65;822.65;822.65;822.65;0.01;10.75;822.65
14.01.2017 05:48;822.33;822.33;822.18;822.18;12.22;10046.25;822.21
14.01.2017 05:49;0;0;0;0;0;0;0
14.01.2017 05:50;821.96;821.96;821.96;821.96;0.03;28.12;821.96
14.01.2017 05:51;0;0;0;0;0;0;0
14.01.2017 05:52;0;0;0;0;0;0;0
14.01.2017 05:53;0;0;0;0;0;0;0
14.01.2017 05:54;821.18;821.18;821.17;821.18;1.23;1014.11;821.18
14.01.2017 05:55;0;0;0;0;0;0;0
14.01.2017 05:56;0;0;0;0;0;0;0
14.01.2017 05:57;821.23;821.25;821.23;821.25;0.63;517.34;821.25
14.01.2017 05:58;821.83;821.83;821.83;821.83;0.65;534.19;821.83
14.01.2017 05:59;822;822;822;822;0.02;12.4;822
14.01.2017 06:00;822;822;822;822;0.28;232.92;822
14.01.2017 06:01;0;0;0;0;0;0;0
14.01.2017 06:02;821.99;821.99;821.99;821.99;1.1;904.19;821.99
14.01.2017 06:03;0;0;0;0;0;0;0
14.01.2017 06:04;0;0;0;0;0;0;0
14.01.2017 06:05;0;0;0;0;0;0;0
14.01.2017 06:06;821.99;821.99;821.87;821.87;1.4;1151.5;821.89
14.01.2017 06:07;0;0;0;0;0;0;0
14.01.2017 06:08;821.98;821.98;821.98;821.98;0.09;72.63;821.98
14.01.2017 06:09;821.87;821.87;821.87;821.87;8;6574.96;821.87
14.01.2017 06:10;0;0;0;0;0;0;0
14.01.2017 06:11;0;0;0;0;0;0;0
14.01.2017 06:12;0;0;0;0;0;0;0
14.01.2017 06:13;0;0;0;0;0;0;0
14.01.2017 06:14;0;0;0;0;0;0;0
14.01.2017 06:15;821.87;821.87;821.87;821.87;10;8218.7;821.87
14.01.2017 06:16;0;0;0;0;0;0;0
14.01.2017 06:17;0;0;0;0;0;0;0
14.01.2017 06:18;821.01;821.04;820;820.81;0.89;734.57;820.9
14.01.2017 06:19;820.78;821.92;820.78;821.92;0.05;41.67;820.97
14.01.2017 06:20;0;0;0;0;0;0;0
14.01.2017 06:21;820.36;820.36;820.36;820.36;0.08;63.58;820.36
14.01.2017 06:22;0;0;0;0;0;0;0
14.01.2017 06:23;0;0;0;0;0;0;0
14.01.2017 06:24;0;0;0;0;0;0;0
14.01.2017 06:25;0;0;0;0;0;0;0
14.01.2017 06:26;820.58;820.58;820.58;820.58;0.5;410.29;820.58
14.01.2017 06:27;820.6;820.6;820.01;820.01;10;8200.25;820.03
14.01.2017 06:28;0;0;0;0;0;0;0
14.01.2017 06:29;0;0;0;0;0;0;0
14.01.2017 06:30;0;0;0;0;0;0;0
14.01.2017 06:31;820.1;820.1;817;818;71.16;58212.65;818.03
14.01.2017 06:32;818.99;820.8;818.99;820.8;4.65;3820.33;820.8
14.01.2017 06:33;0;0;0;0;0;0;0
14.01.2017 06:34;0;0;0;0;0;0;0
14.01.2017 06:35;0;0;0;0;0;0;0
14.01.2017 06:36;0;0;0;0;0;0;0
14.01.2017 06:37;0;0;0;0;0;0;0
14.01.2017 06:38;0;0;0;0;0;0;0
14.01.2017 06:39;0;0;0;0;0;0;0
14.01.2017 06:40;820.99;820.99;820.99;820.99;0.01;8.21;820.99
14.01.2017 06:41;821.19;821.19;821.19;821.19;0.05;42.7;821.19
14.01.2017 06:42;0;0;0;0;0;0;0
14.01.2017 06:43;821.19;821.21;821.19;821.21;9.38;7699.65;821.21
14.01.2017 06:44;821.21;821.21;821.21;821.21;1.35;1105.39;821.21
14.01.2017 06:45;0;0;0;0;0;0;0
14.01.2017 06:46;0;0;0;0;0;0;0
14.01.2017 06:47;0;0;0;0;0;0;0
14.01.2017 06:48;0;0;0;0;0;0;0
14.01.2017 06:49;0;0;0;0;0;0;0
14.01.2017 06:50;0;0;0;0;0;0;0
14.01.2017 06:51;821.96;821.96;821.7;821.7;0.04;35.38;821.81
14.01.2017 06:52;821.81;821.81;821.81;821.81;0.1;82.87;821.81
14.01.2017 06:53;821.72;821.72;821.49;821.49;1.26;1038.43;821.68
14.01.2017 06:54;821.54;821.54;821.54;821.54;0.09;75.8;821.54
14.01.2017 06:55;0;0;0;0;0;0;0
14.01.2017 06:56;821.7;821.7;821.7;821.7;0.01;10.35;821.7
14.01.2017 06:57;0;0;0;0;0;0;0
14.01.2017 06:58;0;0;0;0;0;0;0
14.01.2017 06:59;0;0;0;0;0;0;0
14.01.2017 07:00;821.61;821.61;821.14;821.14;0.08;69.14;821.27
14.01.2017 07:01;821.52;821.52;821.52;821.52;0.14;111.86;821.52
14.01.2017 07:02;821.2;821.2;821.2;821.2;0.32;265.25;821.2
14.01.2017 07:03;0;0;0;0;0;0;0
14.01.2017 07:04;821.68;821.68;821.68;821.68;0.02;13.87;821.68
14.01.2017 07:05;821.69;821.93;821.69;821.93;2;1643.72;821.86
14.01.2017 07:06;0;0;0;0;0;0;0
14.01.2017 07:07;821.65;821.65;821.65;821.65;0.55;449.8;821.65
14.01.2017 07:08;0;0;0;0;0;0;0
14.01.2017 07:09;821.68;821.68;821.5;821.5;8.68;7132.87;821.6
14.01.2017 07:10;821.5;821.5;821.5;821.5;0.07;55.04;821.5
14.01.2017 07:11;821.5;821.55;821.5;821.55;0.07;57;821.54
14.01.2017 07:12;821.5;821.5;821.5;821.5;8.16;6706.61;821.5
14.01.2017 07:13;0;0;0;0;0;0;0
14.01.2017 07:14;0;0;0;0;0;0;0
14.01.2017 07:15;0;0;0;0;0;0;0
14.01.2017 07:16;821.66;821.66;821.22;821.22;23;18893.78;821.47
14.01.2017 07:17;0;0;0;0;0;0;0
14.01.2017 07:18;821.61;821.61;821.22;821.22;2.43;1995.23;821.24
14.01.2017 07:19;0;0;0;0;0;0;0
14.01.2017 07:20;0;0;0;0;0;0;0
14.01.2017 07:21;820.43;820.43;820.43;820.43;0.82;671.11;820.43
14.01.2017 07:22;0;0;0;0;0;0;0
14.01.2017 07:23;819.99;819.99;819.09;819.09;0.11;92.57;819.17
14.01.2017 07:24;819.99;819.99;819.99;819.99;0.36;293.08;819.99
14.01.2017 07:25;0;0;0;0;0;0;0
14.01.2017 07:26;0;0;0;0;0;0;0
14.01.2017 07:27;819.96;819.96;819.96;819.96;0.1;80.33;819.96
14.01.2017 07:28;819.96;819.96;819.96;819.96;0.11;91.77;819.96
14.01.2017 07:29;0;0;0;0;0;0;0
14.01.2017 07:30;819.86;819.86;819.85;819.85;3.1;2537.44;819.85
14.01.2017 07:31;0;0;0;0;0;0;0
14.01.2017 07:32;819.86;819.86;819.86;819.86;0.32;262.36;819.86
14.01.2017 07:33;819.85;819.85;819.85;819.85;0.65;533.86;819.85
14.01.2017 07:34;819.85;819.85;819.85;819.85;0.26;211.16;819.85
14.01.2017 07:35;0;0;0;0;0;0;0
14.01.2017 07:36;819.41;819.41;819.41;819.41;0.03;28.02;819.41
14.01.2017 07:37;819.41;819.86;819.41;819.86;0.24;194.28;819.6
14.01.2017 07:38;0;0;0;0;0;0;0
14.01.2017 07:39;0;0;0;0;0;0;0
14.01.2017 07:40;819.85;819.85;819.85;819.85;0.14;118.88;819.85
14.01.2017 07:41;0;0;0;0;0;0;0
14.01.2017 07:42;819.85;819.86;819.46;819.86;13.84;11348.6;819.73
14.01.2017 07:43;0;0;0;0;0;0;0
14.01.2017 07:44;819.86;820.14;819.86;820.14;9.98;8183.18;820.12
14.01.2017 07:45;0;0;0;0;0;0;0
14.01.2017 07:46;0;0;0;0;0;0;0
14.01.2017 07:47;819.95;820.14;819.95;820.14;2.66;2179.11;820.14
14.01.2017 07:48;0;0;0;0;0;0;0
14.01.2017 07:49;820.14;820.14;820.14;820.14;0.45;368.28;820.14
14.01.2017 07:50;820.14;820.14;820.14;820.14;4.99;4091.68;820.14
14.01.2017 07:51;820.14;820.15;820.14;820.15;3.23;2652.62;820.14
14.01.2017 07:52;0;0;0;0;0;0;0
14.01.2017 07:53;0;0;0;0;0;0;0
14.01.2017 07:54;0;0;0;0;0;0;0
14.01.2017 07:55;0;0;0;0;0;0;0
14.01.2017 07:56;821.15;821.5;821.15;821.5;0.14;111.87;821.47
14.01.2017 07:57;0;0;0;0;0;0;0
14.01.2017 07:58;0;0;0;0;0;0;0
14.01.2017 07:59;821.49;821.49;821.49;821.49;0.01;10.37;821.49
14.01.2017 08:00;0;0;0;0;0;0;0
14.01.2017 08:01;821.22;821.22;821.22;821.22;0.12;98.87;821.22
14.01.2017 08:02;821.44;821.44;821.22;821.22;0.31;250.56;821.26
14.01.2017 08:03;0;0;0;0;0;0;0
14.01.2017 08:04;821.47;821.49;821.47;821.49;0.53;433.09;821.48
14.01.2017 08:05;0;0;0;0;0;0;0
14.01.2017 08:06;821.49;821.49;821.49;821.49;0.25;201.28;821.49
14.01.2017 08:07;0;0;0;0;0;0;0
14.01.2017 08:08;0;0;0;0;0;0;0
14.01.2017 08:09;0;0;0;0;0;0;0
14.01.2017 08:10;0;0;0;0;0;0;0
14.01.2017 08:11;0;0;0;0;0;0;0
14.01.2017 08:12;0;0;0;0;0;0;0
14.01.2017 08:13;821.47;821.49;821.47;821.49;0.27;221.8;821.48
14.01.2017 08:14;0;0;0;0;0;0;0
14.01.2017 08:15;821.49;821.49;821.32;821.32;4.68;3847.88;821.32
14.01.2017 08:16;821.48;821.48;820;821.42;27.56;22617.15;820.59
14.01.2017 08:17;0;0;0;0;0;0;0
14.01.2017 08:18;0;0;0;0;0;0;0
14.01.2017 08:19;820.75;820.75;820.75;820.75;9.95;8163.33;820.75
14.01.2017 08:20;820.6;820.78;820.6;820.78;4.72;3873.15;820.76
14.01.2017 08:21;821.12;821.12;821.12;821.12;0.25;208.86;821.12
14.01.2017 08:22;0;0;0;0;0;0;0
14.01.2017 08:23;0;0;0;0;0;0;0
14.01.2017 08:24;0;0;0;0;0;0;0
14.01.2017 08:25;820.82;821.08;820.82;821.08;0.94;775.09;820.86
14.01.2017 08:26;820.83;820.83;820.83;820.83;0.7;574.58;820.83
14.01.2017 08:27;821.12;821.21;821.12;821.21;10.98;9017.31;821.2
14.01.2017 08:28;821.48;821.49;821.48;821.49;5;4107.45;821.49
14.01.2017 08:29;821.49;821.67;821.49;821.67;21.07;17308.23;821.62
14.01.2017 08:30;821.67;824.42;821.67;824.42;62.85;51668.19;822.12
14.01.2017 08:31;824.39;824.39;823.31;823.31;14.38;11853.17;824.39
14.01.2017 08:32;0;0;0;0;0;0;0
14.01.2017 08:33;0;0;0;0;0;0;0
14.01.2017 08:34;824.39;824.59;824.39;824.59;31.76;26183.71;824.45
14.01.2017 08:35;824.59;824.59;824.59;824.59;0.06;50.91;824.59
14.01.2017 08:36;0;0;0;0;0;0;0
14.01.2017 08:37;0;0;0;0;0;0;0
14.01.2017 08:38;823.93;823.95;823.93;823.95;0.05;40.37;823.94
14.01.2017 08:39;0;0;0;0;0;0;0
14.01.2017 08:40;823.62;823.62;823.62;823.62;8.51;7008.34;823.62
14.01.2017 08:41;0;0;0;0;0;0;0
14.01.2017 08:42;823.63;823.63;823.63;823.63;0.26;211.67;823.63
14.01.2017 08:43;823.94;824;823.94;824;7;5767.95;823.99
14.01.2017 08:44;824;825.68;824;825.68;28.5;23500.3;824.51
14.01.2017 08:45;825.68;828.02;825.68;828.02;12.45;10289.86;826.46
14.01.2017 08:46;0;0;0;0;0;0;0
14.01.2017 08:47;827.93;828.39;826;828.39;38.95;32172.19;826.03
14.01.2017 08:48;828.39;828.39;828.39;828.39;0.2;165.68;828.39
14.01.2017 08:49;0;0;0;0;0;0;0
14.01.2017 08:50;828;828;828;828;6.99;5786.89;828
14.01.2017 08:51;827.55;827.55;827.25;827.25;20;16550.2;827.51
14.01.2017 08:52;827.99;828;827.99;828;7.52;6225.3;827.99
14.01.2017 08:53;826.2;826.2;826.2;826.2;0.03;27.32;826.2
14.01.2017 08:54;827.99;827.99;827.99;827.99;50;41399.5;827.99
14.01.2017 08:55;828;830.09;828;830.09;36.18;29964.04;828.18
14.01.2017 08:56;830.09;832;830.09;832;56.85;47249.21;831.09
14.01.2017 08:57;832;832;832;832;1.1;911.32;832
14.01.2017 08:58;830.26;830.26;830.26;830.26;0.13;107.66;830.26
14.01.2017 08:59;831.43;832;831.43;831.53;0.76;634.83;831.9
14.01.2017 09:00;831.52;831.52;831.48;831.48;2.94;2445.22;831.49
14.01.2017 09:01;831.45;831.73;831.43;831.73;20.37;16938.49;831.43
14.01.2017 09:02;831.55;831.55;831.55;831.55;0.1;83.16;831.55
14.01.2017 09:03;0;0;0;0;0;0;0
14.01.2017 09:04;831.69;831.69;831.69;831.69;0.08;66.64;831.69
14.01.2017 09:05;831.73;831.74;831.73;831.74;2.01;1669.46;831.74
14.01.2017 09:06;831.9;831.9;831.9;831.9;0.36;303.46;831.9
14.01.2017 09:07;831.81;831.81;831.81;831.81;0.5;415.91;831.81
14.01.2017 09:08;831.81;831.81;831.81;831.81;1.05;871.74;831.81
14.01.2017 09:09;831.9;831.9;831.9;831.9;0.02;15.55;831.9
14.01.2017 09:10;0;0;0;0;0;0;0
14.01.2017 09:11;0;0;0;0;0;0;0
14.01.2017 09:12;831.9;831.9;831.9;831.9;0.13;106.42;831.9
14.01.2017 09:13;831.89;831.89;831.8;831.88;94.63;78713.68;831.81
14.01.2017 09:14;831.8;831.8;831.8;831.8;6.33;5264.6;831.8
14.01.2017 09:15;0;0;0;0;0;0;0
14.01.2017 09:16;831.8;831.8;831.8;831.8;1.09;905;831.8
14.01.2017 09:17;831.8;831.8;831.8;831.8;13.5;11229.3;831.8
14.01.2017 09:18;831.8;831.8;831.43;831.43;2.63;2184.47;831.54
14.01.2017 09:19;831.43;831.43;831.43;831.43;3;2494.29;831.43
14.01.2017 09:20;831.43;831.43;831.43;831.43;1.1;914.57;831.43
14.01.2017 09:21;831.43;831.43;831.43;831.43;20.82;17314.07;831.43
14.01.2017 09:22;831.43;831.81;831.43;831.43;2.5;2079.62;831.58
14.01.2017 09:23;831.43;831.43;825.72;825.72;61.45;51032.21;830.51
14.01.2017 09:24;825.44;825.44;825.43;825.43;10;8254.32;825.43
14.01.2017 09:25;0;0;0;0;0;0;0
14.01.2017 09:26;0;0;0;0;0;0;0
14.01.2017 09:27;829.39;830.34;829.39;830.34;4.5;3737.47;830.02
14.01.2017 09:28;0;0;0;0;0;0;0
14.01.2017 09:29;0;0;0;0;0;0;0
14.01.2017 09:30;829.06;829.06;829.06;829.06;0.27;224.43;829.06
14.01.2017 09:31;0;0;0;0;0;0;0
14.01.2017 09:32;0;0;0;0;0;0;0
14.01.2017 09:33;829.06;829.06;829.06;829.06;0.07;55.88;829.06
14.01.2017 09:34;829.57;829.57;829.57;829.57;0.35;291.44;829.57
14.01.2017 09:35;829.75;830.12;829.75;830.12;0.83;689.16;830.07
14.01.2017 09:36;0;0;0;0;0;0;0
14.01.2017 09:37;830.12;830.12;829.62;829.62;3.86;3203.33;829.66
14.01.2017 09:38;829.62;829.62;829.62;829.62;7.17;5948.34;829.62
14.01.2017 09:39;0;0;0;0;0;0;0
14.01.2017 09:40;0;0;0;0;0;0;0
14.01.2017 09:41;0;0;0;0;0;0;0
14.01.2017 09:42;828.43;828.43;828.43;828.43;0.01;8.28;828.43
14.01.2017 09:43;828.25;828.25;828.25;828.25;0.02;17.39;828.25
14.01.2017 09:44;0;0;0;0;0;0;0
14.01.2017 09:45;0;0;0;0;0;0;0
14.01.2017 09:46;0;0;0;0;0;0;0
14.01.2017 09:47;0;0;0;0;0;0;0
14.01.2017 09:48;0;0;0;0;0;0;0
14.01.2017 09:49;828.42;829.39;828.42;829.39;0.08;66.42;829.27
14.01.2017 09:50;0;0;0;0;0;0;0
14.01.2017 09:51;0;0;0;0;0;0;0
14.01.2017 09:52;828.63;828.63;828.63;828.63;0.04;33.15;828.63
14.01.2017 09:53;0;0;0;0;0;0;0
14.01.2017 09:54;0;0;0;0;0;0;0
14.01.2017 09:55;829.01;829.01;829.01;829.01;0.1;82.9;829.01
14.01.2017 09:56;829.42;830.09;829.42;830.09;10.46;8681.44;830.09
14.01.2017 09:57;830.09;830.09;830.09;830.09;1.47;1222.72;830.09
14.01.2017 09:58;0;0;0;0;0;0;0
14.01.2017 09:59;0;0;0;0;0;0;0
14.01.2017 10:00;828.51;828.51;827.87;827.87;11.39;9428.21;827.94
14.01.2017 10:01;827.87;827.87;827.87;827.87;5.28;4372.32;827.87
14.01.2017 10:02;0;0;0;0;0;0;0
14.01.2017 10:03;0;0;0;0;0;0;0
14.01.2017 10:04;827.88;827.88;827.88;827.88;0.06;51.77;827.88
14.01.2017 10:05;827.88;827.88;827.87;827.87;0.26;217.26;827.87
14.01.2017 10:06;0;0;0;0;0;0;0
14.01.2017 10:07;827.88;827.88;827.88;827.88;0.11;93.64;827.88
14.01.2017 10:08;827.88;827.88;827.88;827.88;8.06;6673.54;827.88
14.01.2017 10:09;827.88;827.88;827.88;827.88;0.08;62.09;827.88
14.01.2017 10:10;827.88;827.88;827.88;827.88;0.33;274.03;827.88
14.01.2017 10:11;827.88;827.88;827.88;827.88;17.5;14487.9;827.88
14.01.2017 10:12;827.87;827.87;827.87;827.87;0.04;34.77;827.87
14.01.2017 10:13;827.88;827.88;827.88;827.88;0.65;540.8;827.88
14.01.2017 10:14;827.87;827.87;827.87;827.87;0.43;359.97;827.87
14.01.2017 10:15;827.87;827.87;827.87;827.87;10;8278.7;827.87
14.01.2017 10:16;0;0;0;0;0;0;0
14.01.2017 10:17;827.71;827.71;827.42;827.42;0.28;231.76;827.7
14.01.2017 10:18;826.55;826.55;825.77;825.77;2.33;1922.45;825.8
14.01.2017 10:19;827.33;827.33;827.33;827.33;0.19;161.23;827.33
14.01.2017 10:20;827.14;827.14;827.14;827.14;0.27;223.33;827.14
14.01.2017 10:21;0;0;0;0;0;0;0
14.01.2017 10:22;826.01;826.01;826.01;826.01;0.6;495.82;826.01
14.01.2017 10:23;827.33;827.33;827.33;827.33;4.5;3724.64;827.33
14.01.2017 10:24;0;0;0;0;0;0;0
14.01.2017 10:25;0;0;0;0;0;0;0
14.01.2017 10:26;0;0;0;0;0;0;0
14.01.2017 10:27;0;0;0;0;0;0;0
14.01.2017 10:28;827.06;827.06;827.06;827.06;0.13;104.39;827.06
14.01.2017 10:29;827.4;827.86;827.4;827.86;5.03;4164.87;827.86
14.01.2017 10:30;827.85;827.85;827.85;827.85;0.25;207.33;827.85
14.01.2017 10:31;0;0;0;0;0;0;0
14.01.2017 10:32;827.84;827.84;827.84;827.84;0.1;85.27;827.84
14.01.2017 10:33;827.85;827.85;827.85;827.85;0.27;223.52;827.85
14.01.2017 10:34;0;0;0;0;0;0;0
14.01.2017 10:35;0;0;0;0;0;0;0
14.01.2017 10:36;0;0;0;0;0;0;0
14.01.2017 10:37;0;0;0;0;0;0;0
14.01.2017 10:38;827.64;827.86;827.64;827.86;0.12;100.03;827.84
14.01.2017 10:39;0;0;0;0;0;0;0
14.01.2017 10:40;827.85;827.88;827.85;827.88;1.65;1367.64;827.88
14.01.2017 10:41;827.88;827.88;827.64;827.64;1.77;1465.99;827.64
14.01.2017 10:42;0;0;0;0;0;0;0
14.01.2017 10:43;0;0;0;0;0;0;0
14.01.2017 10:44;0;0;0;0;0;0;0
14.01.2017 10:45;0;0;0;0;0;0;0
14.01.2017 10:46;827.87;827.87;827.64;827.64;0.07;58.95;827.76
14.01.2017 10:47;827.87;827.87;827.87;827.87;0.13;103.55;827.87
14.01.2017 10:48;827.87;827.87;827.64;827.64;3.34;2764.58;827.71
14.01.2017 10:49;827.64;827.87;827.63;827.63;8.16;6750.92;827.64
14.01.2017 10:50;0;0;0;0;0;0;0
14.01.2017 10:51;827.63;827.64;827.63;827.64;0.22;179.49;827.63
14.01.2017 10:52;827.64;827.64;827.63;827.63;0.37;306.22;827.63
14.01.2017 10:53;0;0;0;0;0;0;0
14.01.2017 10:54;0;0;0;0;0;0;0
14.01.2017 10:55;0;0;0;0;0;0;0
14.01.2017 10:56;827.63;827.63;827.63;827.63;0.51;419.53;827.63
14.01.2017 10:57;827.64;827.64;827.64;827.64;0.19;161.33;827.64
14.01.2017 10:58;827.64;827.64;827.63;827.63;23.08;19097.6;827.63
14.01.2017 10:59;826.94;826.94;826.94;826.94;0.15;122.15;826.94
14.01.2017 11:00;0;0;0;0;0;0;0
14.01.2017 11:01;827.63;827.63;827.63;827.63;0.02;15.53;827.63
14.01.2017 11:02;0;0;0;0;0;0;0
14.01.2017 11:03;0;0;0;0;0;0;0
14.01.2017 11:04;827.46;827.46;827.46;827.46;0.02;12.86;827.46
14.01.2017 11:05;827.45;827.45;827.45;827.45;0.52;426.16;827.45
14.01.2017 11:06;0;0;0;0;0;0;0
14.01.2017 11:07;0;0;0;0;0;0;0
14.01.2017 11:08;827.58;827.61;827.58;827.61;0.93;770.02;827.58
14.01.2017 11:09;0;0;0;0;0;0;0
14.01.2017 11:10;827.58;827.64;827.58;827.64;14.19;11742.66;827.64
14.01.2017 11:11;827.33;827.87;827.33;827.87;8.2;6790.86;827.83
14.01.2017 11:12;827.87;829.01;827.87;829.01;12.14;10046.8;827.89
14.01.2017 11:13;829.01;829.01;829.01;829.01;9.73;8064.85;829.01
14.01.2017 11:14;829.39;829.39;829.34;829.34;0.07;59.33;829.38
14.01.2017 11:15;829.3;829.3;829.3;829.3;0.02;19.59;829.3
14.01.2017 11:16;0;0;0;0;0;0;0
14.01.2017 11:17;0;0;0;0;0;0;0
14.01.2017 11:18;829.4;830;829.4;830;0.11;92.12;829.95
14.01.2017 11:19;830;831;830;830.03;51.84;43073.33;830.94
14.01.2017 11:20;831;831.89;831;831.89;21.23;17657.15;831.84
14.01.2017 11:21;831.89;831.9;831.89;831.9;1.32;1099.78;831.89
14.01.2017 11:22;831.9;831.9;831.9;831.9;0.03;25;831.9
14.01.2017 11:23;831.9;831.9;831.9;831.9;0.41;337.62;831.9
14.01.2017 11:24;0;0;0;0;0;0;0
14.01.2017 11:25;831.89;831.89;831.89;831.89;10.44;8685;831.89
14.01.2017 11:26;831.72;831.72;831.72;831.72;0.06;51.75;831.72
14.01.2017 11:27;831.75;831.89;830.4;830.4;4.58;3805.32;831.76
14.01.2017 11:28;0;0;0;0;0;0;0
14.01.2017 11:29;829.79;829.79;829.79;829.79;0.39;326.14;829.79
14.01.2017 11:30;830.08;830.08;830.08;830.08;7.95;6599.14;830.08
14.01.2017 11:31;0;0;0;0;0;0;0
14.01.2017 11:32;831.89;831.89;830.54;830.54;41.39;34381.96;830.7
14.01.2017 11:33;831.85;831.88;831.85;831.88;2;1663.73;831.87
14.01.2017 11:34;831.9;832.92;831.9;832.91;28.1;23375.8;831.95
14.01.2017 11:35;832.85;832.92;832.85;832.92;23.11;19250.13;832.92
14.01.2017 11:36;832.92;832.93;832.02;832.63;3.4;2830.87;832.78
14.01.2017 11:37;0;0;0;0;0;0;0
14.01.2017 11:38;832.59;832.59;832.59;832.59;0.14;116.56;832.59
14.01.2017 11:39;0;0;0;0;0;0;0
14.01.2017 11:40;832.59;832.59;832.59;832.59;0.03;24.98;832.59
14.01.2017 11:41;0;0;0;0;0;0;0
14.01.2017 11:42;832.59;832.59;832.59;832.59;0.08;70.75;832.59
14.01.2017 11:43;832.59;832.59;832.01;832.01;0.3;247.29;832.51
14.01.2017 11:44;832.15;832.15;832.15;832.15;0.37;310.96;832.15
14.01.2017 11:45;0;0;0;0;0;0;0
14.01.2017 11:46;0;0;0;0;0;0;0
14.01.2017 11:47;0;0;0;0;0;0;0
14.01.2017 11:48;832.4;832.4;832.4;832.4;0.04;35.83;832.4
14.01.2017 11:49;832.97;833.89;832.97;833.89;9.08;7560.61;833.08
14.01.2017 11:50;833.89;834.4;833.89;834.4;21.16;17649.51;834.14
14.01.2017 11:51;834.6;834.6;834.6;834.6;3.46;2891.05;834.6
14.01.2017 11:52;833.58;834.6;833.58;833.63;4.69;3917.9;834.56
14.01.2017 11:53;834.6;834.6;834.6;834.6;0.92;767.06;834.6
14.01.2017 11:54;0;0;0;0;0;0;0
14.01.2017 11:55;0;0;0;0;0;0;0
14.01.2017 11:56;0;0;0;0;0;0;0
14.01.2017 11:57;834.6;834.6;834.6;834.6;5;4173;834.6
14.01.2017 11:58;833.54;833.54;833.54;833.54;0.24;199.94;833.54
14.01.2017 11:59;833.53;834.57;833.51;834.57;8.02;6684.99;833.65
14.01.2017 12:00;834.6;834.61;833.54;834.6;11.03;9208.18;834.54
14.01.2017 12:01;0;0;0;0;0;0;0
14.01.2017 12:02;834.59;834.59;834.59;834.59;0.09;77.71;834.59
14.01.2017 12:03;834.59;834.59;834.58;834.58;0.73;611.75;834.58
14.01.2017 12:04;0;0;0;0;0;0;0
14.01.2017 12:05;833.52;834.59;833.52;834.59;0.15;127.53;833.6
14.01.2017 12:06;833.52;834.15;833.52;834.14;10.11;8427.63;833.52
14.01.2017 12:07;833.4;834.05;830.93;833.98;2.6;2163.67;831.09
14.01.2017 12:08;834.06;834.06;834.06;834.06;0.04;31.07;834.06
14.01.2017 12:09;834.04;834.05;834.04;834.05;0.1;84.24;834.05
14.01.2017 12:10;0;0;0;0;0;0;0
14.01.2017 12:11;832.04;832.04;832.04;832.04;0.17;141.99;832.04
14.01.2017 12:12;834.06;834.58;834.06;834.58;2.06;1720.86;834.52
14.01.2017 12:13;834.58;834.58;834.58;834.58;0.05;42.7;834.58
14.01.2017 12:14;834.58;834.58;834.57;834.57;1.01;840.6;834.58
14.01.2017 12:15;0;0;0;0;0;0;0
14.01.2017 12:16;834.58;834.61;834.58;834.61;18.05;15065.48;834.59
14.01.2017 12:17;834.61;834.61;834.61;834.61;2;1669.22;834.61
14.01.2017 12:18;833.93;833.97;833.93;833.97;1.16;971.13;833.97
14.01.2017 12:19;834.06;834.68;834.06;834.68;8.55;7136.7;834.57
14.01.2017 12:20;0;0;0;0;0;0;0
14.01.2017 12:21;834.68;835;834.68;835;6.7;5592.15;834.95
14.01.2017 12:22;835;835;835;835;10;8350;835
14.01.2017 12:23;835;835.07;835;835.07;5.53;4620;835.01
14.01.2017 12:24;835.79;836.98;835.79;836.98;0.36;296.88;836.28
14.01.2017 12:25;837;837;837;837;4.74;3966.54;837
14.01.2017 12:26;837.01;837.01;837;837;0.14;113.74;837
14.01.2017 12:27;837;837;837;837;5;4185;837
14.01.2017 12:28;836.99;836.99;836.99;836.99;6.7;5607.83;836.99
14.01.2017 12:29;836.99;836.99;836.99;836.99;8.24;6895.59;836.99
14.01.2017 12:30;0;0;0;0;0;0;0
14.01.2017 12:31;837;837;837;837;85.7;71730.9;837
14.01.2017 12:32;837;837;837;837;0.15;126.48;837
14.01.2017 12:33;0;0;0;0;0;0;0
14.01.2017 12:34;836.78;836.78;836.78;836.78;0.17;139.41;836.78
14.01.2017 12:35;836.79;836.79;836.79;836.79;0.8;669.43;836.79
14.01.2017 12:36;836.99;836.99;836.99;836.99;0.23;192.51;836.99
14.01.2017 12:37;836.79;836.79;836.79;836.79;0.08;66.94;836.79
14.01.2017 12:38;836.79;836.79;836.79;836.79;22.27;18637.55;836.79
14.01.2017 12:39;836.79;836.79;836.79;836.79;0.18;151.46;836.79
14.01.2017 12:40;836.79;836.79;836.78;836.78;2.16;1809.2;836.78
14.01.2017 12:41;836.78;836.78;834.08;834.08;11.92;9966.96;836.2
14.01.2017 12:42;0;0;0;0;0;0;0
14.01.2017 12:43;0;0;0;0;0;0;0
14.01.2017 12:44;835.95;835.95;835.95;835.95;0.04;32.26;835.95
14.01.2017 12:45;0;0;0;0;0;0;0
14.01.2017 12:46;835.36;836.97;835.36;836.97;0.36;299.24;836.73
14.01.2017 12:47;836.66;836.66;836.66;836.66;0.01;10.42;836.66
14.01.2017 12:48;0;0;0;0;0;0;0
14.01.2017 12:49;834.99;835.85;834.08;835.77;2.67;2225.67;834.52
14.01.2017 12:50;0;0;0;0;0;0;0
14.01.2017 12:51;834.87;834.87;834.08;834.08;2.36;1969.08;834.2
14.01.2017 12:52;834.57;834.68;834.57;834.68;26.73;22309.52;834.57
14.01.2017 12:53;834.76;835;834.76;835;2.22;1852.8;834.99
14.01.2017 12:54;0;0;0;0;0;0;0
14.01.2017 12:55;834.85;834.85;834.8;834.8;24.25;20243.58;834.8
14.01.2017 12:56;834.81;835.96;834.81;835.96;5.01;4184.2;834.81
14.01.2017 12:57;835.96;835.97;835.96;835.97;0.75;629.44;835.97
14.01.2017 12:58;0;0;0;0;0;0;0
14.01.2017 12:59;835.97;835.99;835.97;835.99;0.28;237.15;835.97
14.01.2017 13:00;835.99;835.99;835.98;835.98;1.8;1504.73;835.98
14.01.2017 13:01;835.99;835.99;834.76;835;52.77;44088.16;835.52
14.01.2017 13:02;835;835;834.76;834.76;1.01;846.69;835
14.01.2017 13:03;834.99;835;834.76;834.76;1.34;1120.3;834.82
14.01.2017 13:04;835;835;835;835;0.36;300.52;835
14.01.2017 13:05;834.76;834.76;834.76;834.76;0.02;16.7;834.76
14.01.2017 13:06;834.76;834.97;834.76;834.97;1.37;1145.45;834.82
14.01.2017 13:07;834.97;834.97;834.76;834.76;3.11;2594.01;834.77
14.01.2017 13:08;834.97;834.97;834.76;834.76;0.04;34.21;834.92
14.01.2017 13:09;835;835;835;835;0.05;41.43;835
14.01.2017 13:10;835;835;835;835;0.01;5.57;835
14.01.2017 13:11;834.77;834.77;834.77;834.77;0.52;436.54;834.77
14.01.2017 13:12;834.76;834.76;834.76;834.76;6.28;5243.13;834.76
14.01.2017 13:13;0;0;0;0;0;0;0
14.01.2017 13:14;834.77;834.77;834.77;834.77;0.01;11.73;834.77
14.01.2017 13:15;0;0;0;0;0;0;0
14.01.2017 13:16;834.77;834.77;834.77;834.77;10.09;8422.25;834.77
14.01.2017 13:17;834.76;834.76;834.76;834.76;0.11;91.82;834.76
14.01.2017 13:18;0;0;0;0;0;0;0
14.01.2017 13:19;0;0;0;0;0;0;0
14.01.2017 13:20;0;0;0;0;0;0;0
14.01.2017 13:21;834.99;834.99;834.76;834.76;0.08;63.49;834.95
14.01.2017 13:22;0;0;0;0;0;0;0
14.01.2017 13:23;834.97;834.97;834.97;834.97;0.24;199.52;834.97
14.01.2017 13:24;834.98;834.98;834.98;834.98;0.14;118.57;834.98
14.01.2017 13:25;834.98;834.98;834.98;834.98;45.12;37674.05;834.98
14.01.2017 13:26;834.98;834.98;834.98;834.98;0.2;165.6;834.98
14.01.2017 13:27;0;0;0;0;0;0;0
14.01.2017 13:28;834.98;834.98;834.98;834.98;0.4;333.29;834.98
14.01.2017 13:29;834.98;834.98;834.98;834.98;7.95;6639.72;834.98
14.01.2017 13:30;835;835;835;835;5.43;4537.62;835
14.01.2017 13:31;835;835;834.98;834.98;2.16;1805.67;835
14.01.2017 13:32;835;835;835;835;0.14;118.5;835
14.01.2017 13:33;0;0;0;0;0;0;0
14.01.2017 13:34;835;835;835;835;9.62;8033.98;835
14.01.2017 13:35;834.98;834.98;834.98;834.98;0.6;500.81;834.98
14.01.2017 13:36;834.98;834.98;834.98;834.98;16.04;13392.16;834.98
14.01.2017 13:37;834.98;834.98;833.07;833.07;0.8;669.94;834.9
14.01.2017 13:38;833.33;833.33;830.36;830.36;0.16;135.55;830.92
14.01.2017 13:39;830.36;830.36;826.07;826.07;18;14893.19;827.28
14.01.2017 13:40;829.4;829.92;827.52;828.15;3.88;3214.51;828.58
14.01.2017 13:41;829.99;830.67;829.99;830.67;0.19;154.91;830.63
14.01.2017 13:42;830.47;831.98;830.47;831.98;0.67;556.66;831.72
14.01.2017 13:43;831.99;832.54;831.99;832.54;0.04;32.06;832.4
14.01.2017 13:44;830.99;830.99;828.2;829;2.48;2056.9;828.86
14.01.2017 13:45;832.01;832.57;832.01;832.57;0.8;663.88;832.13
14.01.2017 13:46;0;0;0;0;0;0;0
14.01.2017 13:47;830.23;830.23;829.4;829.4;0.08;69.56;829.52
14.01.2017 13:48;830.12;830.12;830.12;830.12;0.26;215.46;830.12
14.01.2017 13:49;0;0;0;0;0;0;0
14.01.2017 13:50;830.41;830.41;830.12;830.12;1.17;970.92;830.4
14.01.2017 13:51;829.4;829.4;829.04;829.04;11.82;9797.3;829.07
14.01.2017 13:52;829.06;829.06;828.03;828.71;4.3;3564.08;828.29
14.01.2017 13:53;828.53;828.53;828.48;828.5;1.33;1101.17;828.51
14.01.2017 13:54;828.65;828.65;828.65;828.65;1;828.65;828.65
14.01.2017 13:55;828.5;828.65;822.94;823.01;123.18;101509.2;824.1
14.01.2017 13:56;825.91;825.91;823.42;823.42;3.38;2786.01;825.17
14.01.2017 13:57;823.47;823.47;822.5;822.5;4.08;3355.53;822.93
14.01.2017 13:58;0;0;0;0;0;0;0
14.01.2017 13:59;822.71;823.5;822.71;823.5;88.64;72940.01;822.85
14.01.2017 14:00;824.48;825;824.48;825;2.42;1995.12;824.99
14.01.2017 14:01;825;825.02;824.97;825;45.38;37435.36;825
14.01.2017 14:02;825;826.87;825;826.87;13.45;11100.05;825.14
14.01.2017 14:03;826.99;826.99;826.99;826.99;0.66;548.68;826.99
14.01.2017 14:04;827;827;827;827;0.13;110.07;827
14.01.2017 14:05;827;827;827;827;1.38;1137.7;827
14.01.2017 14:06;827;827;827;827;0.05;43.61;827
14.01.2017 14:07;827;827;827;827;13.44;11113.62;827
14.01.2017 14:08;827.01;827.01;827.01;827.01;0.03;24.81;827.01
14.01.2017 14:09;827.99;829.01;827.99;829.01;50.99;42254.86;828.65
14.01.2017 14:10;829.02;829.02;829.02;829.02;0.1;82.9;829.02
14.01.2017 14:11;0;0;0;0;0;0;0
14.01.2017 14:12;0;0;0;0;0;0;0
14.01.2017 14:13;0;0;0;0;0;0;0
14.01.2017 14:14;828.7;828.7;828.7;828.7;0.39;322.12;828.7
14.01.2017 14:15;828.02;828.02;828;828;1.51;1246.51;828.01
14.01.2017 14:16;828;828;828;828;5;4140;828
14.01.2017 14:17;0;0;0;0;0;0;0
14.01.2017 14:18;0;0;0;0;0;0;0
14.01.2017 14:19;828.5;828.5;828.5;828.5;0.01;8.38;828.5
14.01.2017 14:20;828.5;828.53;828.5;828.53;0.54;448.43;828.52
14.01.2017 14:21;828.53;828.7;828.53;828.7;1.19;986.58;828.65
14.01.2017 14:22;0;0;0;0;0;0;0
14.01.2017 14:23;828.7;828.7;828.7;828.7;0.03;25.89;828.7
14.01.2017 14:24;0;0;0;0;0;0;0
14.01.2017 14:25;0;0;0;0;0;0;0
14.01.2017 14:26;0;0;0;0;0;0;0
14.01.2017 14:27;828.45;828.45;828.45;828.45;0.91;753.14;828.45
14.01.2017 14:28;0;0;0;0;0;0;0
14.01.2017 14:29;828.69;828.69;828.69;828.69;0.05;39.12;828.69
14.01.2017 14:30;0;0;0;0;0;0;0
14.01.2017 14:31;0;0;0;0;0;0;0
14.01.2017 14:32;0;0;0;0;0;0;0
14.01.2017 14:33;828.69;828.69;828.69;828.69;0.03;26.67;828.69
14.01.2017 14:34;828.69;828.69;828.69;828.69;0.11;89.69;828.69
14.01.2017 14:35;0;0;0;0;0;0;0
14.01.2017 14:36;0;0;0;0;0;0;0
14.01.2017 14:37;0;0;0;0;0;0;0
14.01.2017 14:38;828.64;828.64;828.17;828.17;1.5;1238.37;828.32
14.01.2017 14:39;0;0;0;0;0;0;0
14.01.2017 14:40;0;0;0;0;0;0;0
14.01.2017 14:41;828.68;828.68;828.68;828.68;0.02;20.55;828.68
14.01.2017 14:42;0;0;0;0;0;0;0
14.01.2017 14:43;828.16;828.16;828.16;828.16;0.2;164.5;828.16
14.01.2017 14:44;0;0;0;0;0;0;0
14.01.2017 14:45;0;0;0;0;0;0;0
14.01.2017 14:46;828.6;828.6;828.59;828.59;0.31;258.65;828.59
14.01.2017 14:47;828.16;828.16;828.16;828.16;8.1;6707.77;828.16
14.01.2017 14:48;828.16;828.16;828.16;828.16;1.9;1573.83;828.16
14.01.2017 14:49;828.13;828.14;827.01;827.01;3.11;2572.04;827.28
14.01.2017 14:50;0;0;0;0;0;0;0
14.01.2017 14:51;828.13;828.14;828.13;828.14;0.44;367.52;828.13
14.01.2017 14:52;828.14;828.14;828.14;828.14;0.11;93.23;828.14
14.01.2017 14:53;0;0;0;0;0;0;0
14.01.2017 14:54;827.42;828.13;827;827;93.66;77492.6;827.4
14.01.2017 14:55;827.01;828.04;827;827.48;10.24;8468.01;827.03
14.01.2017 14:56;827;827.08;827;827.08;10.42;8621.96;827.08
14.01.2017 14:57;827;827;827;827;0.24;199.98;827
14.01.2017 14:58;827.01;827.01;825;825.02;1.56;1288.98;825.37
14.01.2017 14:59;0;0;0;0;0;0;0
14.01.2017 15:00;0;0;0;0;0;0;0
14.01.2017 15:01;825.7;826;825.67;826;5.71;4716.23;825.95
14.01.2017 15:02;825.94;826.56;825.94;826.4;3.42;2824.29;826.4
14.01.2017 15:03;0;0;0;0;0;0;0
14.01.2017 15:04;0;0;0;0;0;0;0
14.01.2017 15:05;826.94;826.94;826.94;826.94;0.01;8.27;826.94
14.01.2017 15:06;827.26;827.92;827.26;827.73;0.13;105.82;827.76
14.01.2017 15:07;827.47;827.47;826.95;826.95;5.91;4887.32;826.97
14.01.2017 15:08;826.95;826.95;826.95;826.95;4.31;3563.91;826.95
14.01.2017 15:09;827.94;828.01;827.94;828.01;0.51;425.69;828.01
14.01.2017 15:10;827.71;828.01;827.71;828.01;0.39;320.54;827.74
14.01.2017 15:11;828.01;828.65;828.01;828.65;10.37;8589.25;828.06
14.01.2017 15:12;0;0;0;0;0;0;0
14.01.2017 15:13;828.65;828.65;828.65;828.65;5.01;4148.69;828.65
14.01.2017 15:14;0;0;0;0;0;0;0
14.01.2017 15:15;828.66;828.66;828.66;828.66;0.27;226.69;828.66
14.01.2017 15:16;828.66;828.66;828.65;828.66;5.8;4806.3;828.66
14.01.2017 15:17;828.66;828.66;828.66;828.66;26.47;21938.37;828.66
14.01.2017 15:18;828.66;828.66;828.66;828.66;6.6;5469.16;828.66
14.01.2017 15:19;0;0;0;0;0;0;0
14.01.2017 15:20;0;0;0;0;0;0;0
14.01.2017 15:21;828.66;828.66;828.66;828.66;0.17;141.16;828.66
14.01.2017 15:22;828.65;828.66;828.65;828.65;2.69;2231.07;828.65
14.01.2017 15:23;0;0;0;0;0;0;0
14.01.2017 15:24;828.66;828.66;828.66;828.66;0.24;200.09;828.66
14.01.2017 15:25;828.66;828.66;828.66;828.66;0.05;42.04;828.66
14.01.2017 15:26;828.65;828.65;828.65;828.65;0.14;118.5;828.65
14.01.2017 15:27;828.66;828.7;828.66;828.7;27.75;22997.3;828.67
14.01.2017 15:28;828.7;831.06;828.7;831.06;7.74;6425.37;830.38
14.01.2017 15:29;831.21;831.95;831.21;831.95;0.48;395.63;831.76
14.01.2017 15:30;830.5;831.63;830.5;831.6;0.65;539.11;831.55
14.01.2017 15:31;831.38;831.38;831.26;831.26;0.37;307.75;831.32
14.01.2017 15:32;0;0;0;0;0;0;0
14.01.2017 15:33;831.84;831.84;831.81;831.81;0.38;314.85;831.84
14.01.2017 15:34;831.91;831.91;831.84;831.85;0.23;190.88;831.86
14.01.2017 15:35;831.97;831.97;831.97;831.97;0.16;129;831.97
14.01.2017 15:36;831.97;831.97;831.97;831.97;0.05;41.41;831.97
14.01.2017 15:37;831.97;832.01;831.97;832.01;2.4;1994.11;831.99
14.01.2017 15:38;0;0;0;0;0;0;0
14.01.2017 15:39;832.01;832.01;832.01;832.01;0.02;14.66;832.01
14.01.2017 15:40;0;0;0;0;0;0;0
14.01.2017 15:41;832.01;832.01;832;832.01;2.17;1809.21;832
14.01.2017 15:42;831.32;832.01;831.32;832.01;4.89;4068.36;831.99
14.01.2017 15:43;832.01;832.01;831.25;832;2.55;2122.61;831.35
14.01.2017 15:44;0;0;0;0;0;0;0
14.01.2017 15:45;831.9;832.01;831.9;832.01;1.21;1007.85;831.96
14.01.2017 15:46;831.88;831.88;831.07;831.07;0.06;52.79;831.8
14.01.2017 15:47;831.88;832.01;830.61;832.01;2.16;1798.29;831.87
14.01.2017 15:48;832.01;832.01;830.58;830.58;2.08;1725.93;831.13
14.01.2017 15:49;0;0;0;0;0;0;0
14.01.2017 15:50;831.9;831.9;831.9;831.9;0.37;310.49;831.9
14.01.2017 15:51;831.91;831.92;830.6;831.92;0.03;27.49;831.61
14.01.2017 15:52;831;831;831;831;0.46;383.96;831
14.01.2017 15:53;830.6;830.6;830.6;830.6;0.2;169.2;830.6
14.01.2017 15:54;831;831.85;830.58;830.58;13.52;11230.77;830.8
14.01.2017 15:55;831.26;831.26;831.23;831.23;0.05;40.24;831.24
14.01.2017 15:56;831.19;831.19;831.19;831.19;0.04;33.25;831.19
14.01.2017 15:57;831.19;831.19;831.19;831.19;0.01;9.58;831.19
14.01.2017 15:58;831.79;831.8;831.67;831.67;0.41;340.73;831.76
14.01.2017 15:59;0;0;0;0;0;0;0
14.01.2017 16:00;831.45;831.45;831.45;831.45;2;1662.9;831.45
14.01.2017 16:01;831.45;831.45;831.45;831.45;0.06;46.56;831.45
14.01.2017 16:02;831.87;831.87;831.87;831.87;0.15;121.29;831.87
14.01.2017 16:03;831.87;831.87;831.15;831.15;0.29;240.03;831.69
14.01.2017 16:04;831.34;831.34;831.34;831.34;0.43;361.38;831.34
14.01.2017 16:05;831.43;831.43;831.43;831.43;0.03;25.77;831.43
14.01.2017 16:06;831.87;831.87;831.87;831.87;0.08;64.05;831.87
14.01.2017 16:07;0;0;0;0;0;0;0
14.01.2017 16:08;0;0;0;0;0;0;0
14.01.2017 16:09;0;0;0;0;0;0;0
14.01.2017 16:10;0;0;0;0;0;0;0
14.01.2017 16:11;831.8;831.84;831.8;831.8;18.16;15105.86;831.84
14.01.2017 16:12;0;0;0;0;0;0;0
14.01.2017 16:13;831.8;831.84;831.8;831.84;18.99;15796.42;831.84
14.01.2017 16:14;831.84;831.87;831.84;831.87;2.44;2030.8;831.87
14.01.2017 16:15;831.82;831.82;831.82;831.82;0.02;14.66;831.82
14.01.2017 16:16;831.59;831.69;831.57;831.69;6.13;5095.99;831.57
14.01.2017 16:17;831.57;831.68;831.57;831.68;1.25;1037.42;831.58
14.01.2017 16:18;831.57;831.68;831.57;831.57;2.24;1859.19;831.57
14.01.2017 16:19;0;0;0;0;0;0;0
14.01.2017 16:20;831.59;831.59;831.57;831.57;2.23;1853.51;831.58
14.01.2017 16:21;830.43;830.43;830.43;830.43;0.01;8.3;830.43
14.01.2017 16:22;830.28;830.28;828.09;828.09;0.62;514.62;828.21
14.01.2017 16:23;0;0;0;0;0;0;0
14.01.2017 16:24;829.41;829.53;829.39;829.53;0.18;145.63;829.48
14.01.2017 16:25;828.43;828.43;828.43;828.43;0.73;605.17;828.43
14.01.2017 16:26;0;0;0;0;0;0;0
14.01.2017 16:27;829.48;829.48;829.48;829.48;0.01;11.83;829.48
14.01.2017 16:28;0;0;0;0;0;0;0
14.01.2017 16:29;0;0;0;0;0;0;0
14.01.2017 16:30;0;0;0;0;0;0;0
14.01.2017 16:31;829.55;829.55;829.55;829.55;0.1;82.96;829.55
14.01.2017 16:32;0;0;0;0;0;0;0
14.01.2017 16:33;830.16;830.43;830.16;830.43;0.86;716.86;830.34
14.01.2017 16:34;830.49;831.2;829.57;831.2;9.54;7928.36;831.05
14.01.2017 16:35;831.05;831.05;829.86;829.86;2.32;1929.05;830.41
14.01.2017 16:36;0;0;0;0;0;0;0
14.01.2017 16:37;0;0;0;0;0;0;0
14.01.2017 16:38;829.72;830.5;829.72;830.5;0.35;293.09;830.18
14.01.2017 16:39;830.36;830.36;829.58;829.58;13.46;11171.47;829.96
14.01.2017 16:40;829.73;829.73;829.73;829.73;0.02;18.25;829.73
14.01.2017 16:41;830.47;830.47;830.47;830.47;0.25;206.53;830.47
14.01.2017 16:42;0;0;0;0;0;0;0
14.01.2017 16:43;0;0;0;0;0;0;0
14.01.2017 16:44;0;0;0;0;0;0;0
14.01.2017 16:45;0;0;0;0;0;0;0
14.01.2017 16:46;830.25;830.35;830.25;830.35;0.04;35.23;830.33
14.01.2017 16:47;830.39;830.39;830.39;830.39;0.01;8.77;830.39
14.01.2017 16:48;830.49;830.49;830.49;830.49;0.02;18.75;830.49
14.01.2017 16:49;830.49;830.49;830.49;830.49;0.02;16.83;830.49
14.01.2017 16:50;830.49;830.49;830.49;830.49;0.19;159.63;830.49
14.01.2017 16:51;0;0;0;0;0;0;0
14.01.2017 16:52;0;0;0;0;0;0;0
14.01.2017 16:53;830.41;830.41;830.41;830.41;0.16;130.37;830.41
14.01.2017 16:54;830.41;830.41;830.24;830.24;6.39;5308.7;830.26
14.01.2017 16:55;830.24;830.24;830.24;830.24;9.6;7974.31;830.24
14.01.2017 16:56;830.24;830.24;830.24;830.24;0.01;8.3;830.24
14.01.2017 16:57;830.25;830.25;830.24;830.24;0.62;512.45;830.24
14.01.2017 16:58;830.17;830.17;830.17;830.17;0.29;237.03;830.17
14.01.2017 16:59;830.18;830.18;830.18;830.18;0.02;18.27;830.18
14.01.2017 17:00;0;0;0;0;0;0;0
14.01.2017 17:01;829.55;829.55;829.55;829.55;0.05;41.48;829.55
14.01.2017 17:02;830.05;830.05;828.02;828.02;0.87;724.29;828.33
14.01.2017 17:03;829.26;829.26;828;828;21.76;18014.94;828.01
14.01.2017 17:04;828.87;828.87;828.87;828.87;0.01;10.34;828.87
14.01.2017 17:05;0;0;0;0;0;0;0
14.01.2017 17:06;828.87;828.87;828.01;828.68;2.37;1961.8;828.43
14.01.2017 17:07;828.01;828.01;828.01;828.01;0.03;26.37;828.01
14.01.2017 17:08;828.01;828.01;828.01;828.01;1.33;1099.6;828.01
14.01.2017 17:09;828.01;828.01;828.01;828.01;5;4140.05;828.01
14.01.2017 17:10;828.01;828.16;828;828;31.54;26113.25;828
14.01.2017 17:11;828.5;828.5;828;828;10.93;9051.08;828.46
14.01.2017 17:12;828;828;828;828;0.73;605.34;828
14.01.2017 17:13;828;828;827.95;827.95;0.74;612.41;827.98
14.01.2017 17:14;827.94;827.94;826.99;826.99;0.02;16.06;827.48
14.01.2017 17:15;828.14;828.14;827.02;827.02;0.33;272.93;828.11
14.01.2017 17:16;827.88;827.88;827.77;827.77;0.22;178.82;827.85
14.01.2017 17:17;0;0;0;0;0;0;0
14.01.2017 17:18;828.26;828.26;828.26;828.26;0.34;279.3;828.26
14.01.2017 17:19;828.33;828.33;828.33;828.33;0.02;14.67;828.33
14.01.2017 17:20;0;0;0;0;0;0;0
14.01.2017 17:21;0;0;0;0;0;0;0
14.01.2017 17:22;828.39;828.39;828.39;828.39;0.01;8.28;828.39
14.01.2017 17:23;828.74;828.74;828.74;828.74;0.03;21.33;828.74
14.01.2017 17:24;828.74;828.74;828.74;828.74;0.05;45.44;828.74
14.01.2017 17:25;828.49;828.74;828.49;828.74;9.95;8247.97;828.74
14.01.2017 17:26;828.84;829.39;828.84;829.39;0.02;16.58;829.12
14.01.2017 17:27;0;0;0;0;0;0;0
14.01.2017 17:28;829.33;829.98;829.33;829.98;1.45;1203.88;829.38
14.01.2017 17:29;829.98;829.98;829.98;829.98;1;832.06;829.98
14.01.2017 17:30;829.83;829.92;829.83;829.92;0.14;113.85;829.87
14.01.2017 17:31;829.92;829.92;829.92;829.92;0.05;41.56;829.92
14.01.2017 17:32;0;0;0;0;0;0;0
14.01.2017 17:33;0;0;0;0;0;0;0
14.01.2017 17:34;0;0;0;0;0;0;0
14.01.2017 17:35;0;0;0;0;0;0;0
14.01.2017 17:36;829.95;829.95;829.95;829.95;1.59;1318.62;829.95
14.01.2017 17:37;829.98;829.98;829.98;829.98;0.33;275.97;829.98
14.01.2017 17:38;829.98;829.98;829.98;829.98;0.06;51.79;829.98
14.01.2017 17:39;0;0;0;0;0;0;0
14.01.2017 17:40;829.98;829.98;829.98;829.98;0.37;310.72;829.98
14.01.2017 17:41;829.98;829.98;829.98;829.98;0.03;26.81;829.98
14.01.2017 17:42;0;0;0;0;0;0;0
14.01.2017 17:43;0;0;0;0;0;0;0
14.01.2017 17:44;0;0;0;0;0;0;0
14.01.2017 17:45;0;0;0;0;0;0;0
14.01.2017 17:46;829.95;829.95;829.49;829.49;1.14;946.31;829.57
14.01.2017 17:47;829.49;829.49;829.49;829.49;0.32;267.65;829.49
14.01.2017 17:48;829.93;829.93;829.93;829.93;0.26;213.24;829.93
14.01.2017 17:49;0;0;0;0;0;0;0
14.01.2017 17:50;829.93;829.93;829.22;829.22;9.7;8048.25;829.49
14.01.2017 17:51;0;0;0;0;0;0;0
14.01.2017 17:52;828.71;828.71;828.53;828.53;0.46;377.98;828.55
14.01.2017 17:53;828.4;828.4;828.35;828.35;1.1;915.13;828.4
14.01.2017 17:54;0;0;0;0;0;0;0
14.01.2017 17:55;829.33;829.33;829.33;829.33;4.91;4072.01;829.33
14.01.2017 17:56;0;0;0;0;0;0;0
14.01.2017 17:57;0;0;0;0;0;0;0
14.01.2017 17:58;829.19;829.19;829.19;829.19;0.54;444.5;829.19
14.01.2017 17:59;828.42;829.17;828.42;829.17;0.59;490.09;828.51
14.01.2017 18:00;0;0;0;0;0;0;0
14.01.2017 18:01;0;0;0;0;0;0;0
14.01.2017 18:02;829.27;829.27;829.27;829.27;0.25;210.63;829.27
14.01.2017 18:03;0;0;0;0;0;0;0
14.01.2017 18:04;829.28;829.28;829.28;829.28;0.12;99.51;829.28
14.01.2017 18:05;828.57;829.37;828.57;829.37;15.04;12469.56;829.37
14.01.2017 18:06;829.93;829.93;829.93;829.93;0.01;5;829.93
14.01.2017 18:07;829.94;829.95;829.94;829.95;4.99;4140.62;829.95
14.01.2017 18:08;829.91;829.91;829.91;829.91;0.03;25.03;829.91
14.01.2017 18:09;0;0;0;0;0;0;0
14.01.2017 18:10;829.92;829.92;829.92;829.92;0.05;39.16;829.92
14.01.2017 18:11;829.9;829.9;829.9;829.9;0.51;422.82;829.9
14.01.2017 18:12;829.85;829.85;829.85;829.85;0.51;422.78;829.85
14.01.2017 18:13;829.9;829.9;829.9;829.9;5.91;4907.45;829.9
14.01.2017 18:14;0;0;0;0;0;0;0
14.01.2017 18:15;0;0;0;0;0;0;0
14.01.2017 18:16;0;0;0;0;0;0;0
14.01.2017 18:17;829.92;829.92;829.92;829.92;0.98;811.47;829.92
14.01.2017 18:18;829.92;829.92;829.92;829.92;3.61;2992.82;829.92
14.01.2017 18:19;0;0;0;0;0;0;0
14.01.2017 18:20;829.95;829.95;829.95;829.95;4.99;4140.62;829.95
14.01.2017 18:21;0;0;0;0;0;0;0
14.01.2017 18:22;0;0;0;0;0;0;0
14.01.2017 18:23;829.94;829.94;829.94;829.94;0.06;50.85;829.94
14.01.2017 18:24;829.94;829.94;829.94;829.94;0.03;23.7;829.94
14.01.2017 18:25;829.95;829.95;829.95;829.95;0.06;50.85;829.95
14.01.2017 18:26;829.94;830.35;829.94;830.35;34.86;28932.52;830.03
14.01.2017 18:27;0;0;0;0;0;0;0
14.01.2017 18:28;830.35;830.35;830.35;830.35;0.03;24.34;830.35
14.01.2017 18:29;0;0;0;0;0;0;0
14.01.2017 18:30;0;0;0;0;0;0;0
14.01.2017 18:31;830.35;830.35;830.35;830.35;4.09;3397.79;830.35
14.01.2017 18:32;830.1;830.1;830.1;830.1;0.22;185.94;830.1
14.01.2017 18:33;830.24;830.36;830.24;830.36;1.8;1496.26;830.34
14.01.2017 18:34;0;0;0;0;0;0;0
14.01.2017 18:35;830.36;830.36;830.36;830.36;0.29;237.24;830.36
14.01.2017 18:36;830.36;830.5;830.36;830.5;5.09;4226.54;830.37
14.01.2017 18:37;830.5;831.1;830.5;831.1;5.03;4181.72;831.07
14.01.2017 18:38;0;0;0;0;0;0;0
14.01.2017 18:39;831.11;831.15;831.11;831.15;2.72;2258.43;831.15
14.01.2017 18:40;0;0;0;0;0;0;0
14.01.2017 18:41;831.15;831.15;831.15;831.15;0.16;132.91;831.15
14.01.2017 18:42;0;0;0;0;0;0;0
14.01.2017 18:43;831.14;831.39;830.39;830.49;12.33;10252.21;831.29
14.01.2017 18:44;0;0;0;0;0;0;0
14.01.2017 18:45;0;0;0;0;0;0;0
14.01.2017 18:46;830.75;830.75;830.75;830.75;0.01;10.03;830.75
14.01.2017 18:47;831.57;831.57;831.57;831.57;0.14;119.31;831.57
14.01.2017 18:48;831.57;831.85;831.57;831.85;0.01;10.36;831.7
14.01.2017 18:49;831.85;831.85;831.85;831.85;0.05;39.9;831.85
14.01.2017 18:50;0;0;0;0;0;0;0
14.01.2017 18:51;831.85;831.85;831.85;831.85;0.66;548.56;831.85
14.01.2017 18:52;831.85;831.85;831.85;831.85;0.44;362.69;831.85
14.01.2017 18:53;0;0;0;0;0;0;0
14.01.2017 18:54;0;0;0;0;0;0;0
14.01.2017 18:55;831.82;831.82;831.08;831.08;0.39;327.37;831.78
14.01.2017 18:56;0;0;0;0;0;0;0
14.01.2017 18:57;831.86;831.86;831.86;831.86;2.03;1689.24;831.86
14.01.2017 18:58;0;0;0;0;0;0;0
14.01.2017 18:59;0;0;0;0;0;0;0
14.01.2017 19:00;831.85;831.86;831.85;831.86;4.93;4103.78;831.85
14.01.2017 19:01;831.24;831.24;831.24;831.24;0.18;149.62;831.24
14.01.2017 19:02;831.24;831.24;830.85;830.85;11.23;9329.27;830.87
14.01.2017 19:03;831.11;831.11;830.25;830.25;6.24;5188.16;830.9
14.01.2017 19:04;830.25;830.65;830.25;830.65;5.32;4416.85;830.27
14.01.2017 19:05;830.56;830.56;830.56;830.56;0.02;20.46;830.56
14.01.2017 19:06;830.25;830.69;830.25;830.69;10.31;8561.37;830.26
14.01.2017 19:07;830.66;830.66;830.66;830.66;0.02;15.54;830.66
14.01.2017 19:08;830.74;830.74;830.74;830.74;0.02;18.11;830.74
14.01.2017 19:09;830.74;831.15;830.74;831.15;0.05;42.21;830.97
14.01.2017 19:10;0;0;0;0;0;0;0
14.01.2017 19:11;831.2;831.2;831.17;831.17;0.12;101.38;831.18
14.01.2017 19:12;830.25;830.25;830.25;830.25;1;830.25;830.25
14.01.2017 19:13;830.25;830.73;830.25;830.73;2.54;2105.19;830.26
14.01.2017 19:14;0;0;0;0;0;0;0
14.01.2017 19:15;830.73;830.73;830.73;830.73;0.08;64.36;830.73
14.01.2017 19:16;830.73;830.73;830;830;11.43;9490.23;830.25
14.01.2017 19:17;830.61;830.61;830.52;830.52;0.09;71.88;830.53
14.01.2017 19:18;830.58;830.58;830.58;830.58;0.04;35.4;830.58
14.01.2017 19:19;830.52;830.73;830.46;830.73;4.96;4123.01;830.58
14.01.2017 19:20;0;0;0;0;0;0;0
14.01.2017 19:21;830.73;830.73;830.73;830.73;4.71;3912.11;830.73
14.01.2017 19:22;0;0;0;0;0;0;0
14.01.2017 19:23;0;0;0;0;0;0;0
14.01.2017 19:24;830.48;830.73;830.03;830.03;11.04;9172.36;830.49
14.01.2017 19:25;830.73;830.73;830.73;830.73;0.01;5;830.73
14.01.2017 19:26;830.73;830.73;830.73;830.73;0.11;89.78;830.73
14.01.2017 19:27;830.11;830.73;830.11;830.73;0.52;435.06;830.66
14.01.2017 19:28;830.73;830.73;830.73;830.73;0.09;74.92;830.73
14.01.2017 19:29;0;0;0;0;0;0;0
14.01.2017 19:30;0;0;0;0;0;0;0
14.01.2017 19:31;0;0;0;0;0;0;0
14.01.2017 19:32;830.73;830.73;830.73;830.73;0.21;170.84;830.73
14.01.2017 19:33;0;0;0;0;0;0;0
14.01.2017 19:34;830.62;830.62;830.03;830.03;10.83;8992;830.03
14.01.2017 19:35;830.49;830.49;830.03;830.46;5.74;4763;830.46
14.01.2017 19:36;830.03;830.03;830.03;830.03;4.17;3458.31;830.03
14.01.2017 19:37;830.49;830.49;830;830;2.82;2342.71;830.03
14.01.2017 19:38;830.22;830.41;830.22;830.41;22.37;18574;830.3
14.01.2017 19:39;830.41;830.5;830.41;830.5;0.18;149.27;830.47
14.01.2017 19:40;0;0;0;0;0;0;0
14.01.2017 19:41;830.47;830.47;830.47;830.47;0.01;10.45;830.47
14.01.2017 19:42;830.5;830.5;830.41;830.41;6.39;5306.18;830.49
14.01.2017 19:43;830.5;830.5;830.41;830.5;4.69;3896.12;830.47
14.01.2017 19:44;830.49;830.49;830.49;830.49;0.26;215.93;830.49
14.01.2017 19:45;830.41;830.41;830.41;830.41;10;8304.1;830.41
14.01.2017 19:46;830.49;830.49;830.49;830.49;5.32;4416.65;830.49
14.01.2017 19:47;830.49;830.49;830.49;830.49;4.99;4143.31;830.49
14.01.2017 19:48;0;0;0;0;0;0;0
14.01.2017 19:49;830.49;831.82;830.49;831.51;35.1;29166;830.94
14.01.2017 19:50;830.41;830.41;830.41;830.41;0.07;53.98;830.41
14.01.2017 19:51;830.41;830.41;827.27;830.12;1.95;1612.29;828.1
14.01.2017 19:52;829.87;829.87;829.87;829.87;0.05;39.11;829.87
14.01.2017 19:53;830.18;830.48;830.18;830.48;4.99;4143.15;830.46
14.01.2017 19:54;830.36;830.36;830.36;830.36;0.03;27.4;830.36
14.01.2017 19:55;0;0;0;0;0;0;0
14.01.2017 19:56;829.19;829.19;829.18;829.18;5.06;4193.58;829.18
14.01.2017 19:57;0;0;0;0;0;0;0
14.01.2017 19:58;829.68;829.68;829.68;829.68;1.81;1502.48;829.68
14.01.2017 19:59;829.68;829.68;825.29;825.29;25.93;21426.6;826.24
14.01.2017 20:00;825.93;825.94;825.93;825.94;1.17;969.07;825.94
14.01.2017 20:01;828.54;828.54;828.54;828.54;2.47;2045.09;828.54
14.01.2017 20:02;827.03;828.06;827.03;828.06;0.38;314.51;828.04
14.01.2017 20:03;826.79;826.79;826.79;826.79;0.01;5.37;826.79
14.01.2017 20:04;0;0;0;0;0;0;0
14.01.2017 20:05;0;0;0;0;0;0;0
14.01.2017 20:06;827.84;828.35;827.84;828.35;6.53;5410.59;828.32
14.01.2017 20:07;828.73;828.73;828.73;828.73;0.01;8.29;828.73
14.01.2017 20:08;0;0;0;0;0;0;0
14.01.2017 20:09;0;0;0;0;0;0;0
14.01.2017 20:10;829.66;829.66;829.66;829.66;0.01;12.38;829.66
14.01.2017 20:11;829.66;829.66;829.66;829.66;0.43;352.64;829.66
14.01.2017 20:12;829.73;830.11;829.73;830.08;0.4;331.85;830.1
14.01.2017 20:13;830.08;830.1;829.68;830.1;10.21;8471.84;829.68
14.01.2017 20:14;829.67;829.67;829.66;829.66;1.37;1140.52;829.66
14.01.2017 20:15;829;829;828.79;828.79;2.19;1816.57;828.81
14.01.2017 20:16;828.82;828.82;828.82;828.82;1;828.82;828.82
14.01.2017 20:17;0;0;0;0;0;0;0
14.01.2017 20:18;829;829;829;829;0.33;270.16;829
14.01.2017 20:19;829;829;829;829;0.02;18.07;829
14.01.2017 20:20;829;829;828.99;828.99;0.2;167.1;829
14.01.2017 20:21;828.86;828.86;828.79;828.79;1.03;850.13;828.85
14.01.2017 20:22;828.79;828.99;828.79;828.99;2.01;1662.58;828.79
14.01.2017 20:23;0;0;0;0;0;0;0
14.01.2017 20:24;0;0;0;0;0;0;0
14.01.2017 20:25;828.84;828.84;828.84;828.84;0.05;38.96;828.84
14.01.2017 20:26;828.84;828.84;828.84;828.84;0.1;83.4;828.84
14.01.2017 20:27;0;0;0;0;0;0;0
14.01.2017 20:28;0;0;0;0;0;0;0
14.01.2017 20:29;0;0;0;0;0;0;0
14.01.2017 20:30;828.89;828.89;828.89;828.89;1.89;1570.01;828.89
14.01.2017 20:31;828.89;828.89;828.89;828.89;3;2486.67;828.89
14.01.2017 20:32;828.84;828.89;828.84;828.89;0.09;75.42;828.85
14.01.2017 20:33;828.89;828.89;828.83;828.83;1.08;891.49;828.83
14.01.2017 20:34;828.89;828.89;828.89;828.89;0.16;134.7;828.89
14.01.2017 20:35;828.87;828.87;828.87;828.87;0.03;26.52;828.87
14.01.2017 20:36;0;0;0;0;0;0;0
14.01.2017 20:37;0;0;0;0;0;0;0
14.01.2017 20:38;0;0;0;0;0;0;0
14.01.2017 20:39;828.84;828.84;828.84;828.84;0.11;91.78;828.84
14.01.2017 20:40;828.84;828.85;828.83;828.83;5.62;4659.68;828.83
14.01.2017 20:41;828.83;828.83;828.83;828.83;5.42;4488.64;828.83
14.01.2017 20:42;828.73;828.73;826.01;826.01;5.61;4643.66;827.45
14.01.2017 20:43;826.01;826.77;826;826.71;16.41;13556.93;826.02
14.01.2017 20:44;826.71;826.71;826.01;826.01;1.05;866.65;826.02
14.01.2017 20:45;826.56;826.57;826.56;826.57;2.64;2185.76;826.56
14.01.2017 20:46;826.01;826.01;826.01;826.01;0.22;180.39;826.01
14.01.2017 20:47;826.99;830.03;826.99;830;171.01;141793.44;829.16
14.01.2017 20:48;830;830.01;830;830.01;23.24;19292.8;830
14.01.2017 20:49;830.09;830.09;826.99;826.99;21.51;17850.41;829.97
14.01.2017 20:50;826.25;827.41;825.99;825.99;11.37;9391.66;826.03
14.01.2017 20:51;825.83;825.83;825.81;825.81;4.17;3442.29;825.83
14.01.2017 20:52;825.81;827.3;825.06;825.1;53.44;44165.81;826.47
14.01.2017 20:53;826.01;826.08;826.01;826.08;13.84;11433.14;826.08
14.01.2017 20:54;826.09;826.13;826.09;826.13;4.42;3649.35;826.09
14.01.2017 20:55;826.13;827.29;826.13;826.16;19.07;15758.21;826.15
14.01.2017 20:56;826.41;826.8;826.2;826.38;9.63;7960.32;826.58
14.01.2017 20:57;826.96;827;826.52;826.52;8.53;7050.56;826.82
14.01.2017 20:58;827.28;828;826.81;826.81;0.31;260.38;827.79
14.01.2017 20:59;826.98;827.06;826.98;827.06;0.63;517.98;827.06
14.01.2017 21:00;827.25;827.25;826.77;827.22;0.15;126.63;827.14
14.01.2017 21:01;826.78;826.78;826.78;826.78;0.05;37.81;826.78
14.01.2017 21:02;827.21;827.22;827.21;827.22;8.89;7358.09;827.22
14.01.2017 21:03;827.29;827.29;827.29;827.29;0.13;107.71;827.29
14.01.2017 21:04;827.22;829.27;827.22;829.19;20.94;17349.04;828.68
14.01.2017 21:05;829.28;829.5;829.28;829.5;0.01;9.12;829.3
14.01.2017 21:06;828.62;829.49;828.61;829.49;0.35;290.18;828.85
14.01.2017 21:07;829.36;829.5;828.5;828.59;0.89;739.56;829.27
14.01.2017 21:08;0;0;0;0;0;0;0
14.01.2017 21:09;828.86;828.86;828.86;828.86;0.43;356.97;828.86
14.01.2017 21:10;829.5;829.5;829.5;829.5;0.06;49.77;829.5
14.01.2017 21:11;829.3;829.3;829.27;829.27;0.09;74.1;829.29
14.01.2017 21:12;829.28;829.28;829.28;829.28;0.17;140.28;829.28
14.01.2017 21:13;829.45;829.45;829.45;829.45;0.11;91.99;829.45
14.01.2017 21:14;829.95;829.95;828.5;828.5;0.56;465.35;829.81
14.01.2017 21:15;829.79;829.79;828.6;829.77;0.35;288.79;828.91
14.01.2017 21:16;828.61;830.07;828.61;830.07;0.48;396.86;828.65
14.01.2017 21:17;829.98;829.98;828.78;828.78;0.12;101.71;829.64
14.01.2017 21:18;828.91;828.97;828.91;828.97;1.16;963.51;828.91
14.01.2017 21:19;829.12;829.12;828.61;828.63;0.72;592.56;828.71
14.01.2017 21:20;828.63;828.67;828.63;828.67;0.59;485.73;828.64
14.01.2017 21:21;828.79;828.79;828.79;828.79;0.03;24.17;828.79
14.01.2017 21:22;0;0;0;0;0;0;0
14.01.2017 21:23;828.59;829.1;828.59;828.62;0.67;556.33;828.79
14.01.2017 21:24;828.69;828.79;828.69;828.79;1.32;1091.66;828.77
14.01.2017 21:25;828.85;828.85;828.85;828.85;10.05;8329.41;828.85
14.01.2017 21:26;828.85;828.85;828.85;828.85;0.27;223.64;828.85
14.01.2017 21:27;0;0;0;0;0;0;0
14.01.2017 21:28;829.09;829.09;828.76;828.76;0.39;325.77;828.8
14.01.2017 21:29;829.05;829.05;828.76;828.76;2.05;1699.12;828.77
14.01.2017 21:30;828.76;828.76;828;828;8.45;7004.24;828.69
14.01.2017 21:31;828;828;826.08;826.08;0.72;591.9;827.63
14.01.2017 21:32;826.11;826.11;826.11;826.11;0.06;51.79;826.11
14.01.2017 21:33;828.05;828.05;826.09;826.09;0.22;177.8;826.41
14.01.2017 21:34;826.09;826.09;826.09;826.09;0.74;607.5;826.09
14.01.2017 21:35;826.09;827.39;826.09;826.1;3.89;3216.34;826.14
14.01.2017 21:36;827.92;827.92;826.12;826.12;0.28;229;826.68
14.01.2017 21:37;826.1;826.14;826.1;826.14;0.06;45.64;826.12
14.01.2017 21:38;826.14;826.14;826.14;826.14;0.41;341.72;826.14
14.01.2017 21:39;826.1;826.1;826.1;826.1;0.23;191.49;826.1
14.01.2017 21:40;826.63;826.63;826.63;826.63;5;4133.15;826.63
14.01.2017 21:41;826.09;826.09;826.09;826.09;0.07;54.84;826.09
14.01.2017 21:42;0;0;0;0;0;0;0
14.01.2017 21:43;826.09;826.09;826;826;45.85;37875.21;826.04
14.01.2017 21:44;826;826.08;825;825;55.48;45816.17;825.87
14.01.2017 21:45;825;825;821.9;821.9;238.86;196347.79;822.03
14.01.2017 21:46;821.9;821.95;821.7;821.7;23.21;19075.55;821.89
14.01.2017 21:47;821.69;821.69;821.1;821.1;6.55;5385.34;821.57
14.01.2017 21:48;821.01;821.01;820;820.01;34.38;28198.39;820.16
14.01.2017 21:49;820;820.01;817;817.97;97.52;79901.17;819.36
14.01.2017 21:50;817;817.93;816;816.63;34.66;28290.21;816.33
14.01.2017 21:51;816.63;824.28;816.63;820.77;43.43;35591.34;819.53
14.01.2017 21:52;820.25;820.77;818.52;820.26;13.37;10951.41;819.34
14.01.2017 21:53;820.26;820.26;818.52;818.52;3.68;3013.52;819.1
14.01.2017 21:54;819.19;819.19;818.79;818.79;3.64;2978.59;819.18
14.01.2017 21:55;818.79;819.35;818.53;818.55;1.35;1109.19;818.86
14.01.2017 21:56;819.13;820.37;819.13;820.37;4.6;3775.92;820.15
14.01.2017 21:57;821.34;822.3;821.34;822.3;0.97;798.04;821.81
14.01.2017 21:58;820.35;820.35;819.07;819.07;0.37;305.69;819.74
14.01.2017 21:59;818.62;820.78;818.55;819.07;2.69;2204.53;818.69
14.01.2017 22:00;818.66;819.07;818.66;819.06;4.55;3727.49;819.05
14.01.2017 22:01;819.62;822.13;819.62;822.13;0.9;742.08;821.14
14.01.2017 22:02;821.28;821.28;821.28;821.28;0.11;89.81;821.28
14.01.2017 22:03;822.46;822.47;822.46;822.46;0.19;157.39;822.47
14.01.2017 22:04;822.46;822.53;822.46;822.53;0.5;410.38;822.47
14.01.2017 22:05;822.5;822.5;822.5;822.5;1.4;1154.85;822.5
14.01.2017 22:06;822.5;822.5;822.5;822.5;0.15;123.48;822.5
14.01.2017 22:07;822.5;822.99;822.5;822.5;0.45;367.4;822.57
14.01.2017 22:08;822.5;822.5;822.5;822.5;0.28;233.95;822.5
14.01.2017 22:09;0;0;0;0;0;0;0
14.01.2017 22:10;822.5;822.5;822.5;822.5;0.96;787;822.5
14.01.2017 22:11;822.5;822.91;822.5;822.91;0.78;645.15;822.9
14.01.2017 22:12;822.5;822.5;822.5;822.5;3.18;2616.85;822.5
14.01.2017 22:13;822.5;822.81;822.5;822.5;7.9;6498.17;822.65
14.01.2017 22:14;0;0;0;0;0;0;0
14.01.2017 22:15;821.47;822.31;821.46;821.46;4.54;3729.34;821.47
14.01.2017 22:16;822.31;822.31;822.3;822.3;0.04;36.43;822.3
14.01.2017 22:17;822.17;822.17;822.17;822.17;0.03;25.54;822.17
14.01.2017 22:18;821.46;821.5;821.4;821.4;7.28;5977.72;821.47
14.01.2017 22:19;821.3;821.3;818.52;818.52;1.86;1520.25;819.34
14.01.2017 22:20;818.52;819.02;818.52;818.52;28.34;23200.1;818.52
14.01.2017 22:21;818.53;819.02;818.53;819.02;3.46;2830.46;818.97
14.01.2017 22:22;818.53;818.53;818.53;818.53;0.05;38.92;818.53
14.01.2017 22:23;818.53;818.53;818.53;818.53;0.04;33.54;818.53
14.01.2017 22:24;819.26;819.62;819.26;819.57;2.16;1769.8;819.41
14.01.2017 22:25;818.55;819.49;818.55;819.36;40.06;32794.92;818.57
14.01.2017 22:26;818.69;818.7;818.69;818.7;0.48;392.35;818.69
14.01.2017 22:27;818.91;819.46;818.91;819.46;0.06;47.89;819.01
14.01.2017 22:28;818.67;819.25;818.67;819.25;7.66;6272.56;818.68
14.01.2017 22:29;818.58;819.07;818.55;818.55;1.79;1466.88;818.56
14.01.2017 22:30;818.55;818.55;816.5;816.5;35.42;28983.14;818.29
14.01.2017 22:31;816.5;816.5;816;816;48.57;39631.6;816.01
14.01.2017 22:32;816.01;816.17;816;816;51.17;41755.55;816
14.01.2017 22:33;816.01;816.01;816;816;10.54;8602.54;816
14.01.2017 22:34;816;816.01;816;816;4.28;3495.14;816
14.01.2017 22:35;816;816.01;816;816;10.26;8375.57;816
14.01.2017 22:36;816;816;816;816;1.67;1359.53;816
14.01.2017 22:37;816.01;816.01;816.01;816.01;2.72;2221.18;816.01
14.01.2017 22:38;816.01;816.94;816.01;816.94;2.86;2334.18;816.89
14.01.2017 22:39;816.09;816.71;816.01;816.71;12.39;10113.61;816.09
14.01.2017 22:40;816.01;816.57;816.01;816.01;8.9;7265.93;816.08
14.01.2017 22:41;816.01;816.41;816.01;816.41;8.15;6653.07;816.03
14.01.2017 22:42;816.01;816.49;816;816;7.55;6163.72;816.03
14.01.2017 22:43;816;816;815;815;32.69;26662.87;815.74
14.01.2017 22:44;815.4;815.4;811.2;811.2;60.17;48907.92;812.81
14.01.2017 22:45;812.53;812.53;810;812.16;39.39;31953.39;811.24
14.01.2017 22:46;812.17;812.23;812.17;812.23;2.31;1878.43;812.23
14.01.2017 22:47;812.24;812.61;812.24;812.61;5.51;4477.47;812.6
14.01.2017 22:48;812.61;812.61;812.55;812.55;11.48;9329;812.56
14.01.2017 22:49;812.6;812.61;812.16;812.61;14.98;12170.07;812.53
14.01.2017 22:50;812.61;815.98;812.59;813.74;6.74;5492.93;815.23
14.01.2017 22:51;815.98;816.01;812.79;816.01;9.71;7910.19;814.81
14.01.2017 22:52;816.01;816.01;814.24;814.24;0.06;51.78;814.96
14.01.2017 22:53;814.49;814.56;814.49;814.56;0.06;51.39;814.53
14.01.2017 22:54;814.87;814.87;814.87;814.87;0.04;34.61;814.87
14.01.2017 22:55;814.89;815.98;814.89;815.98;2.48;2024.66;814.9
14.01.2017 22:56;815.05;815.98;814.83;815.98;0.73;597.7;815.53
14.01.2017 22:57;815.02;815.02;815.02;815.02;0.05;42.95;815.02
14.01.2017 22:58;0;0;0;0;0;0;0
14.01.2017 22:59;815.5;815.5;815.5;815.5;0.08;61.33;815.5
14.01.2017 23:00;815.94;816.01;815.81;816.01;3.79;3088.61;816
14.01.2017 23:01;816.01;818.91;815.84;818.91;7.29;5958.19;816.96
14.01.2017 23:02;816.68;818.87;816.68;818.85;8.78;7183.65;818.53
14.01.2017 23:03;817.12;817.14;817.12;817.14;0.14;117.77;817.14
14.01.2017 23:04;818.5;818.9;817.98;817.99;18.72;15315.94;818.03
14.01.2017 23:05;817.99;818;817.89;817.89;14.67;12002.71;817.98
14.01.2017 23:06;817.04;817.99;817.04;817.23;3.14;2564.54;817.88
14.01.2017 23:07;817.99;818;817.43;817.99;2.86;2342.52;817.99
14.01.2017 23:08;818.18;819.63;818.18;818.41;13.26;10861.14;819.28
14.01.2017 23:09;819;820;819;820;2.4;1965.38;819.95
14.01.2017 23:10;820;821.68;820;820.82;0.39;321.3;820.26
14.01.2017 23:11;819.97;820.15;819.97;820.15;1.38;1133.69;820.01
14.01.2017 23:12;820.29;820.75;820.29;820.75;0.37;301.94;820.62
14.01.2017 23:13;820.3;820.3;818.1;819;2.03;1661.01;818.23
14.01.2017 23:14;819.87;819.87;819.65;819.7;0.28;232.73;819.66
14.01.2017 23:15;819.12;820.59;819.06;819.06;1.33;1093.6;819.25
14.01.2017 23:16;819.21;819.21;819.04;819.04;0.64;527.43;819.07
14.01.2017 23:17;819.04;819.65;819.04;819.64;0.23;186.08;819.58
14.01.2017 23:18;819.67;820.59;819.04;819.79;6.18;5069.37;819.72
14.01.2017 23:19;819.04;819.04;819.04;819.04;1.88;1539.85;819.04
14.01.2017 23:20;819.04;819.04;819.04;819.04;1.87;1527.77;819.04
14.01.2017 23:21;819.32;819.67;819.04;819.67;3.64;2982.68;819.64
14.01.2017 23:22;819.08;819.08;819.08;819.08;0.11;91.88;819.08
14.01.2017 23:23;819.67;819.67;819.67;819.67;0.18;151.26;819.67
14.01.2017 23:24;0;0;0;0;0;0;0
14.01.2017 23:25;819.11;819.16;819.11;819.16;0.25;202.98;819.13
14.01.2017 23:26;819.16;819.66;819.16;819.66;1.21;992.94;819.29
14.01.2017 23:27;819.66;819.66;819.65;819.66;0.14;116.58;819.66
14.01.2017 23:28;819.65;819.66;819.65;819.66;0.59;484.5;819.65
14.01.2017 23:29;0;0;0;0;0;0;0
14.01.2017 23:30;819.66;819.66;819.66;819.66;0.03;24.59;819.66
14.01.2017 23:31;819.66;819.67;819.65;819.65;0.11;86.99;819.66
14.01.2017 23:32;819.67;819.67;819.12;819.12;0.23;187.95;819.24
14.01.2017 23:33;819.12;819.12;819.08;819.08;0.94;772.3;819.08
14.01.2017 23:34;819.52;819.52;819.52;819.52;0.18;145.16;819.52
14.01.2017 23:35;819.08;819.46;819.08;819.08;2.21;1809;819.08
14.01.2017 23:36;819.3;819.3;819.3;819.3;0.26;213.09;819.3
14.01.2017 23:37;819.27;819.27;819.08;819.08;0.36;298.76;819.11
14.01.2017 23:38;819.08;819.09;819.08;819.09;0.58;476.54;819.08
14.01.2017 23:39;819.08;819.08;819.08;819.08;0.03;20.49;819.08
14.01.2017 23:40;819.12;819.12;819.12;819.12;0.06;49.97;819.12
14.01.2017 23:41;819.08;819.26;819.08;819.19;4.17;3419.09;819.09
14.01.2017 23:42;819.11;819.11;817.96;817.96;3.41;2788.96;819.04
14.01.2017 23:43;817;817.33;817;817.33;0.85;695.51;817.24
14.01.2017 23:44;817.33;818.9;816.99;818.9;0.23;190.89;817.43
14.01.2017 23:45;0;0;0;0;0;0;0
14.01.2017 23:46;818.97;818.97;818.97;818.97;0.12;97.95;818.97
14.01.2017 23:47;818.97;819.55;817.87;819.55;2.81;2304.68;818.93
14.01.2017 23:48;819.54;819.54;817.48;817.48;0.21;172.52;818.23
14.01.2017 23:49;817.38;817.97;817.26;817.28;0.57;465.5;817.38
14.01.2017 23:50;817.23;817.24;817.05;817.05;0.34;274.85;817.1
14.01.2017 23:51;818.99;819.55;818.99;819.55;0.72;593.27;819.39
14.01.2017 23:52;819.54;819.54;819.54;819.54;0.02;19.79;819.54
14.01.2017 23:53;819.54;819.55;819.54;819.55;1.24;1014.11;819.54
14.01.2017 23:54;819.55;819.55;819.55;819.55;0.24;193.57;819.55
14.01.2017 23:55;819.54;819.55;819.54;819.55;2.61;2141.26;819.54
14.01.2017 23:56;819.55;819.55;817.94;817.94;10.49;8596.95;819.17
14.01.2017 23:57;817.27;817.27;817.23;817.23;0.33;267.09;817.26
14.01.2017 23:58;819.52;819.52;819.52;819.52;0.24;194.79;819.52
14.01.2017 23:59;818.27;818.27;818.27;818.27;0.03;23.18;818.27
15.01.2017 00:00;819.52;819.55;818.27;819.55;8.26;6768.21;819.53
15.01.2017 00:01;819.55;819.55;818.54;818.56;4.26;3494.06;819.53
15.01.2017 00:02;819.55;819.55;818.59;818.59;0.33;268.02;819.17
15.01.2017 00:03;818.59;819.54;818.59;819.54;0.11;91.31;818.76
15.01.2017 00:04;819.54;819.55;819.54;819.55;1.88;1544.46;819.55
15.01.2017 00:05;819.55;819.55;818.97;819.55;2.34;1921.21;819.52
15.01.2017 00:06;819.41;819.67;819.3;819.67;5.69;4664.33;819.59
15.01.2017 00:07;819.99;822.31;819.99;822.31;4.03;3314.97;822.27
15.01.2017 00:08;0;0;0;0;0;0;0
15.01.2017 00:09;821.3;821.3;820.18;820.36;0.16;129.5;820.37
15.01.2017 00:10;822.31;822.31;820.46;820.54;1.5;1231.65;820.58
15.01.2017 00:11;820.72;822.27;820.72;822.27;0.3;249.83;821.1
15.01.2017 00:12;822.27;822.27;821.08;821.08;0.1;80.26;821.85
15.01.2017 00:13;822.24;822.31;821.24;821.24;0.07;60.22;822.15
15.01.2017 00:14;820.08;822.31;820.08;820.17;0.17;136.13;820.53
15.01.2017 00:15;820.44;822.31;820.44;820.51;0.67;551.91;821.51
15.01.2017 00:16;822.31;822.31;820.3;820.33;0.61;496.54;820.4
15.01.2017 00:17;820.3;822.04;820.28;820.29;0.85;698.94;820.56
15.01.2017 00:18;820.29;820.29;820.29;820.29;0.53;434.89;820.29
15.01.2017 00:19;820.31;822.2;820.31;822.19;0.27;219.04;821.32
15.01.2017 00:20;822.19;822.19;820.38;820.38;0.24;199.82;820.65
15.01.2017 00:21;822.22;822.31;822.22;822.31;4.56;3749.48;822.3
15.01.2017 00:22;820.7;820.7;820.7;820.7;0.07;59.09;820.7
15.01.2017 00:23;822.26;822.27;822.26;822.27;0.2;163.92;822.27
15.01.2017 00:24;821.05;821.05;821.05;821.05;0.78;643.96;821.05
15.01.2017 00:25;822.11;822.11;821.16;821.29;0.44;358.43;821.44
15.01.2017 00:26;822.16;822.16;821.4;821.4;0.31;255.24;822.05
15.01.2017 00:27;821.45;821.45;821.45;821.45;0.24;197.23;821.45
15.01.2017 00:28;821.58;821.65;821.45;821.65;0.44;362.64;821.56
15.01.2017 00:29;821.14;821.63;821.13;821.63;0.38;313.36;821.15
15.01.2017 00:30;822.08;822.08;821.64;821.64;1.57;1289.38;821.65
15.01.2017 00:31;821.64;822.14;821.06;821.07;0.38;313.58;821.32
15.01.2017 00:32;821.07;821.83;821.07;821.08;0.35;285.78;821.18
15.01.2017 00:33;821.85;821.85;821.85;821.85;0.12;97.93;821.85
15.01.2017 00:34;821.07;821.08;821.07;821.07;10.21;8387.03;821.07
15.01.2017 00:35;821.07;821.47;821.05;821.05;1.1;903.77;821.07
15.01.2017 00:36;820.04;821.62;819.99;821.62;0.03;28.73;820.89
15.01.2017 00:37;0;0;0;0;0;0;0
15.01.2017 00:38;821.62;821.62;821.62;821.62;0.1;82.93;821.62
15.01.2017 00:39;821.62;821.63;821.62;821.63;0.46;381.24;821.63
15.01.2017 00:40;821.49;821.49;821.49;821.49;0.25;202.28;821.49
15.01.2017 00:41;821.49;821.49;820.26;820.26;0.64;524.32;820.98
15.01.2017 00:42;821.61;821.61;820.34;821.61;0.21;173.72;821.24
15.01.2017 00:43;821.6;821.6;819.99;819.99;4.05;3319.25;820.38
15.01.2017 00:44;819.13;821.42;819.13;819.24;0.4;324.94;819.22
15.01.2017 00:45;821.08;821.08;819.99;820;0.67;551.49;820.91
15.01.2017 00:46;819.52;819.73;819.52;819.54;0.05;39.56;819.57
15.01.2017 00:47;819.59;819.92;819.31;819.54;0.38;308.52;819.53
15.01.2017 00:48;819.54;819.89;819.54;819.89;0.12;101.01;819.71
15.01.2017 00:49;819.87;819.87;819.29;819.29;2.67;2191.25;819.4
15.01.2017 00:50;819.54;819.88;819.29;819.29;1.41;1152.95;819.39
15.01.2017 00:51;819.53;819.78;819.29;819.78;0.63;514.51;819.33
15.01.2017 00:52;819.78;819.78;819.51;819.51;0.24;196.2;819.61
15.01.2017 00:53;0;0;0;0;0;0;0
15.01.2017 00:54;819.31;819.31;819.29;819.29;0.4;331.04;819.29
15.01.2017 00:55;819.3;819.78;819.29;819.3;1.34;1097.07;819.37
15.01.2017 00:56;819.31;819.31;819.31;819.31;0.34;282.09;819.31
15.01.2017 00:57;819.78;819.78;819.32;819.78;0.39;323.58;819.65
15.01.2017 00:58;819.93;820;819.29;819.29;15.08;12356.33;819.61
15.01.2017 00:59;819.72;819.72;819.72;819.72;0.03;23.22;819.72
15.01.2017 01:00;819.73;819.78;819.33;819.78;2.42;1981.18;819.77
15.01.2017 01:01;820;820;819.41;819.41;3.31;2709.16;819.55
15.01.2017 01:02;820;820;819.49;819.49;0.17;136.83;819.78
15.01.2017 01:03;819.49;820;819.49;820;7.26;5949.85;819.99
15.01.2017 01:04;820.07;820.07;820.07;820.07;0.03;24.54;820.07
15.01.2017 01:05;820.1;820.93;820.1;820.1;0.25;205.93;820.33
15.01.2017 01:06;820.11;820.11;820.11;820.11;0.07;60.93;820.11
15.01.2017 01:07;820.12;820.62;820.1;820.62;0.12;98.4;820.28
15.01.2017 01:08;820.92;820.92;820.83;820.84;70.21;57633.57;820.83
15.01.2017 01:09;820.99;821.28;820.99;821;0.18;150;821.03
15.01.2017 01:10;821.27;822;820.24;822;22.34;18360.79;821.73
15.01.2017 01:11;820.99;820.99;820.22;820.22;0.05;41.02;820.37
15.01.2017 01:12;0;0;0;0;0;0;0
15.01.2017 01:13;821.99;821.99;821.99;821.99;0.03;26.25;821.99
15.01.2017 01:14;821.06;821.06;821.06;821.06;0.11;93.77;821.06
15.01.2017 01:15;821.99;821.99;821.99;821.99;0.01;6.63;821.99
15.01.2017 01:16;821.99;822;821.52;822;0.08;65.9;821.84
15.01.2017 01:17;821.38;822;821.38;821.52;0.13;107.35;821.49
15.01.2017 01:18;821.62;822;821.61;822;0.26;211.01;821.86
15.01.2017 01:19;821.61;821.61;821.22;821.22;0.08;69.06;821.61
15.01.2017 01:20;821.89;821.9;821.22;821.22;0.17;140.25;821.33
15.01.2017 01:21;821.22;821.87;821.17;821.17;1.33;1089.95;821.24
15.01.2017 01:22;821.17;821.88;821.17;821.88;1.12;923.08;821.58
15.01.2017 01:23;821.29;821.37;821.29;821.37;1.75;1438.04;821.34
15.01.2017 01:24;821.88;821.9;821.17;821.17;1.59;1306.92;821.37
15.01.2017 01:25;821.45;821.45;821.45;821.45;0.1;85.44;821.45
15.01.2017 01:26;821.89;821.89;821.62;821.62;0.12;99.54;821.76
15.01.2017 01:27;0;0;0;0;0;0;0
15.01.2017 01:28;821.89;821.89;821.89;821.89;0.03;25.91;821.89
15.01.2017 01:29;821.3;821.3;821.3;821.3;0.15;121.65;821.3
15.01.2017 01:30;821.79;821.79;821.28;821.78;0.72;593.28;821.32
15.01.2017 01:31;821.28;821.82;821.28;821.82;0.69;564.56;821.8
15.01.2017 01:32;821.78;821.78;821.27;821.27;0.28;231.6;821.56
15.01.2017 01:33;821.67;821.68;821.25;821.68;3.13;2571.25;821.58
15.01.2017 01:34;821.68;821.87;821.25;821.25;0.44;357.49;821.34
15.01.2017 01:35;821.68;821.68;821.25;821.68;5.36;4401.93;821.25
15.01.2017 01:36;821.25;821.25;819.59;819.63;4.72;3877.5;821.15
15.01.2017 01:37;819.17;819.17;819.17;819.17;0.25;207.75;819.17
15.01.2017 01:38;821.58;821.66;821.58;821.66;0.5;411.4;821.65
15.01.2017 01:39;821.66;821.66;819.57;819.57;0.16;135.28;821.03
15.01.2017 01:40;819.15;819.33;819.15;819.33;0.9;738.03;819.19
15.01.2017 01:41;821.59;821.6;819.17;819.17;0.1;81.21;820.21
15.01.2017 01:42;819.24;819.26;819.24;819.26;0.1;79.32;819.25
15.01.2017 01:43;819.38;819.38;819.17;819.17;0.12;99.94;819.19
15.01.2017 01:44;819.5;819.5;819.5;819.5;0.72;590.99;819.5
15.01.2017 01:45;819.61;819.64;819.51;819.51;0.56;455.2;819.58
15.01.2017 01:46;0;0;0;0;0;0;0
15.01.2017 01:47;820.8;820.8;819.5;820.8;0.25;206.17;820.64
15.01.2017 01:48;819.5;819.5;819.5;819.5;2.47;2026.51;819.5
15.01.2017 01:49;820.74;820.74;820.74;820.74;0.11;93.25;820.74
15.01.2017 01:50;819.5;820.75;819.5;819.5;1.17;959.1;819.56
15.01.2017 01:51;819.51;819.51;819.51;819.51;0.76;618.84;819.51
15.01.2017 01:52;820.71;820.71;819.51;819.51;0.19;153.7;820.21
15.01.2017 01:53;820.61;820.61;819.51;820.61;0.23;191.41;820.07
15.01.2017 01:54;820.6;820.82;820.6;820.82;4.77;3911.48;820.8
15.01.2017 01:55;819.92;819.92;819.92;819.92;0.05;44.7;819.92
15.01.2017 01:56;820.13;820.13;820.13;820.13;0.03;28.14;820.13
15.01.2017 01:57;820.21;820.21;819.93;819.93;0.06;53.03;820.14
15.01.2017 01:58;0;0;0;0;0;0;0
15.01.2017 01:59;820.8;820.8;819.64;819.64;4.98;4079.58;819.65
15.01.2017 02:00;819.66;819.66;819.66;819.66;0.12;98.75;819.66
15.01.2017 02:01;0;0;0;0;0;0;0
15.01.2017 02:02;820.7;820.71;820.7;820.71;1.13;930.15;820.7
15.01.2017 02:03;0;0;0;0;0;0;0
15.01.2017 02:04;820.71;820.71;819.94;819.94;1.49;1219.59;820.02
15.01.2017 02:05;819.67;819.67;819.67;819.67;0.25;203.17;819.67
15.01.2017 02:06;819.67;819.67;819.67;819.67;0.05;41.54;819.67
15.01.2017 02:07;819.67;820;819.67;819.67;0.5;412.14;819.76
15.01.2017 02:08;819.67;819.67;819.67;819.67;0.11;90.28;819.67
15.01.2017 02:09;820;820;819.67;820;4.15;3401.56;819.68
15.01.2017 02:10;819.67;820;819.67;819.67;0.34;279.01;819.7
15.01.2017 02:11;819.67;819.67;819.67;819.67;0.06;45.08;819.67
15.01.2017 02:12;819.67;820;819.67;819.67;0.55;452.7;819.83
15.01.2017 02:13;0;0;0;0;0;0;0
15.01.2017 02:14;0;0;0;0;0;0;0
15.01.2017 02:15;819.67;819.67;819.67;819.67;0.1;82.29;819.67
15.01.2017 02:16;819.89;819.89;819.67;819.67;0.32;259.67;819.78
15.01.2017 02:17;0;0;0;0;0;0;0
15.01.2017 02:18;819.67;819.67;819.67;819.67;9.67;7926.21;819.67
15.01.2017 02:19;819.67;819.67;819.67;819.67;0.07;56.2;819.67
15.01.2017 02:20;819.03;819.59;819.03;819.59;0.22;177.98;819.12
15.01.2017 02:21;0;0;0;0;0;0;0
15.01.2017 02:22;819;819;819;819;0.36;295.45;819
15.01.2017 02:23;819.5;819.5;819;819;0.26;210.75;819.23
15.01.2017 02:24;819;819;819;819;2.12;1736.28;819
15.01.2017 02:25;819;819.5;819;819.5;0.69;567.59;819.12
15.01.2017 02:26;819;819;819;819;10.26;8400.44;819
15.01.2017 02:27;819;819;819;819;0.12;94.39;819
15.01.2017 02:28;819;819.5;819;819;0.52;424.05;819.06
15.01.2017 02:29;819.02;819.02;819.02;819.02;0.06;52.03;819.02
15.01.2017 02:30;819.45;819.45;819.02;819.02;0.07;61.33;819.28
15.01.2017 02:31;819.02;819.02;819.02;819.02;0.02;19.37;819.02
15.01.2017 02:32;819.39;819.39;819.02;819.02;0.25;203.74;819.06
15.01.2017 02:33;819.02;819.02;819.02;819.02;0.1;81.48;819.02
15.01.2017 02:34;819.28;819.28;819.28;819.28;0.25;203.91;819.28
15.01.2017 02:35;819.02;819.27;819.02;819.27;9.64;7894.1;819.03
15.01.2017 02:36;819.27;819.27;819.02;819.02;0.09;70.82;819.09
15.01.2017 02:37;819.02;819.02;819.02;819.02;0.29;240.75;819.02
15.01.2017 02:38;819.02;819.09;819;819;10.04;8224.76;819
15.01.2017 02:39;819;819;819;819;0.12;99.06;819
15.01.2017 02:40;819.07;819.07;819.07;819.07;0.11;92.76;819.07
15.01.2017 02:41;819.07;819.07;819.07;819.07;0.17;136.58;819.07
15.01.2017 02:42;819.07;819.1;819;819.1;1.67;1365.53;819.07
15.01.2017 02:43;819;819;819;819;0.13;109.49;819
15.01.2017 02:44;819;819.09;819;819.09;0.05;38.81;819.06
15.01.2017 02:45;819;819;819;819;0.03;24.57;819
15.01.2017 02:46;819.09;819.09;817.4;817.4;1.16;947.72;818.13
15.01.2017 02:47;819;819;819;819;0.01;10.45;819
15.01.2017 02:48;819;819;819;819;0.23;188.37;819
15.01.2017 02:49;817.95;817.95;817.95;817.95;0.12;101.54;817.95
15.01.2017 02:50;819;819;818.21;818.26;0.31;253.8;818.65
15.01.2017 02:51;818.39;819;818.39;819;1.94;1588.42;818.99
15.01.2017 02:52;818.49;818.96;818.49;818.96;0.78;642.27;818.59
15.01.2017 02:53;0;0;0;0;0;0;0
15.01.2017 02:54;817.16;818.91;816.8;818.91;0.2;164.09;817.75
15.01.2017 02:55;819;819;816.98;818.99;6.13;5021.97;818.94
15.01.2017 02:56;819;819.28;816.8;816.85;3.95;3225.06;817.5
15.01.2017 02:57;819.25;819.28;817.08;819.28;3.86;3163.02;819.22
15.01.2017 02:58;817.26;819.28;817.26;819.28;0.12;95.91;818.43
15.01.2017 02:59;817.62;817.62;817.62;817.62;0.18;148.4;817.62
15.01.2017 03:00;0;0;0;0;0;0;0
15.01.2017 03:01;817.92;817.97;817.92;817.97;1.01;827.25;817.92
15.01.2017 03:02;817.09;817.23;817.09;817.23;0.1;83.13;817.21
15.01.2017 03:03;817.42;817.98;817.42;817.98;0.26;214.05;817.95
15.01.2017 03:04;817.98;817.98;817.9;817.9;0.2;165.73;817.91
15.01.2017 03:05;817.99;817.99;817.99;817.99;1;817.99;817.99
15.01.2017 03:06;0;0;0;0;0;0;0
15.01.2017 03:07;817.6;817.6;817.6;817.6;0.43;351.85;817.6
15.01.2017 03:08;0;0;0;0;0;0;0
15.01.2017 03:09;817.36;817.36;817.36;817.36;1.38;1127.66;817.36
15.01.2017 03:10;817.38;817.39;817.38;817.39;0.29;237.31;817.38
15.01.2017 03:11;817.5;817.5;817.5;817.5;0.16;127.66;817.5
15.01.2017 03:12;817.39;817.39;817.38;817.38;0.53;433.61;817.38
15.01.2017 03:13;816.99;816.99;816.81;816.81;0.06;45.75;816.84
15.01.2017 03:14;0;0;0;0;0;0;0
15.01.2017 03:15;816.81;816.81;816.8;816.8;0.44;362.07;816.8
15.01.2017 03:16;816.8;816.8;816.8;816.8;0.16;130.32;816.8
15.01.2017 03:17;816.81;816.81;816.81;816.81;0.51;413.13;816.81
15.01.2017 03:18;816.9;816.9;816.82;816.82;0.12;99.76;816.89
15.01.2017 03:19;0;0;0;0;0;0;0
15.01.2017 03:20;816.89;816.89;816.89;816.89;0.02;15.42;816.89
15.01.2017 03:21;0;0;0;0;0;0;0
15.01.2017 03:22;816.89;816.9;816.89;816.9;0.42;342.49;816.89
15.01.2017 03:23;816.89;816.89;816.83;816.83;0.32;265.21;816.88
15.01.2017 03:24;0;0;0;0;0;0;0
15.01.2017 03:25;816.9;816.9;816.9;816.9;0.26;208.55;816.9
15.01.2017 03:26;816.8;816.9;816.8;816.9;1.05;860.08;816.82
15.01.2017 03:27;816.62;816.62;816.62;816.62;10;8166.2;816.62
15.01.2017 03:28;816.59;816.59;816.59;816.59;0.02;20.37;816.59
15.01.2017 03:29;816.89;816.89;816.89;816.89;0.04;30.55;816.89
15.01.2017 03:30;0;0;0;0;0;0;0
15.01.2017 03:31;816.76;818.98;816.76;818.98;24.42;19976.04;817.91
15.01.2017 03:32;817.19;817.25;817.19;817.25;0.06;45.74;817.23
15.01.2017 03:33;818.98;820.48;818.98;820.48;30.49;24984.03;819.54
15.01.2017 03:34;0;0;0;0;0;0;0
15.01.2017 03:35;0;0;0;0;0;0;0
15.01.2017 03:36;819.5;819.5;819.49;819.49;0.9;738.58;819.49
15.01.2017 03:37;819.49;820.47;819.49;820.47;0.14;115.52;820.05
15.01.2017 03:38;820.47;820.47;820.47;820.47;0.04;32.82;820.47
15.01.2017 03:39;820.39;821.98;819.49;819.54;50.12;41165.31;821.39
15.01.2017 03:40;819.7;819.7;819.7;819.7;0.06;47.37;819.7
15.01.2017 03:41;819.92;819.92;819.92;819.92;0.86;707.6;819.92
15.01.2017 03:42;819.92;819.94;819.92;819.94;0.47;381.92;819.93
15.01.2017 03:43;820;820;819.94;819.96;0.09;73.87;819.96
15.01.2017 03:44;819.96;820;819.96;820;0.33;272.98;819.99
15.01.2017 03:45;819.98;820;819.98;820;7.48;6133.63;820
15.01.2017 03:46;820;820.1;820;820.1;4.44;3637.36;820.03
15.01.2017 03:47;821.9;821.9;821.88;821.88;1.58;1302.67;821.9
15.01.2017 03:48;821.97;821.97;820.5;820.5;0.38;312.92;821.74
15.01.2017 03:49;0;0;0;0;0;0;0
15.01.2017 03:50;820.82;820.82;820.82;820.82;0.02;19.98;820.82
15.01.2017 03:51;0;0;0;0;0;0;0
15.01.2017 03:52;821.15;821.32;821.15;821.32;0.39;322.19;821.29
15.01.2017 03:53;821.38;821.98;821.37;821.39;0.4;328.34;821.4
15.01.2017 03:54;0;0;0;0;0;0;0
15.01.2017 03:55;821.6;821.6;821.51;821.51;2.81;2305.84;821.6
15.01.2017 03:56;821.87;821.99;821.87;821.99;0.31;251.5;821.89
15.01.2017 03:57;821.71;821.71;821.71;821.71;0.12;100.37;821.71
15.01.2017 03:58;821.73;821.73;821.73;821.73;0.02;12.9;821.73
15.01.2017 03:59;821.78;821.78;821.78;821.78;10;8217.8;821.78
15.01.2017 04:00;821.98;822;821.84;821.84;20.69;17005.49;821.98
15.01.2017 04:01;822;822;821.86;821.86;0.13;109.58;821.87
15.01.2017 04:02;822;822;821.88;821.88;0.13;108.48;821.95
15.01.2017 04:03;822;822;821.9;822;0.8;655.97;821.96
15.01.2017 04:04;821.92;821.93;821.92;821.93;0.47;383.06;821.93
15.01.2017 04:05;822;822;822;822;0.02;12.91;822
15.01.2017 04:06;0;0;0;0;0;0;0
15.01.2017 04:07;822;822;821.99;821.99;4.79;3939.33;822
15.01.2017 04:08;821.99;821.99;821.99;821.99;0.04;29.59;821.99
15.01.2017 04:09;0;0;0;0;0;0;0
15.01.2017 04:10;821.99;821.99;821.99;821.99;0.14;111.88;821.99
15.01.2017 04:11;822;822;822;822;0.19;159.39;822
15.01.2017 04:12;821.99;821.99;821.99;821.99;0.02;15.26;821.99
15.01.2017 04:13;821.99;821.99;821.99;821.99;0.3;245.73;821.99
15.01.2017 04:14;0;0;0;0;0;0;0
15.01.2017 04:15;0;0;0;0;0;0;0
15.01.2017 04:16;822;822;821.99;822;2.77;2276.47;821.99
15.01.2017 04:17;0;0;0;0;0;0;0
15.01.2017 04:18;821.99;821.99;821.99;821.99;0.04;35.6;821.99
15.01.2017 04:19;821.99;821.99;821.99;821.99;0.84;691.65;821.99
15.01.2017 04:20;0;0;0;0;0;0;0
15.01.2017 04:21;821.99;821.99;821.99;821.99;1.24;1017.29;821.99
15.01.2017 04:22;822;822;822;822;0.8;660.58;822
15.01.2017 04:23;821.99;822.31;821.99;822.31;15.33;12599.04;822.11
15.01.2017 04:24;822.01;822.01;821.99;821.99;0.47;389.12;822
15.01.2017 04:25;821.99;821.99;820.15;820.15;15.69;12886.82;821.3
15.01.2017 04:26;820.17;820.17;820.17;820.17;0.12;97.86;820.17
15.01.2017 04:27;0;0;0;0;0;0;0
15.01.2017 04:28;820.17;820.17;820.17;820.17;0.46;381.04;820.17
15.01.2017 04:29;821;821;821;821;0.79;648.52;821
15.01.2017 04:30;0;0;0;0;0;0;0
15.01.2017 04:31;821.33;821.33;821.33;821.33;1.02;837.91;821.33
15.01.2017 04:32;0;0;0;0;0;0;0
15.01.2017 04:33;821;821;820.19;820.21;1.24;1018.65;820.34
15.01.2017 04:34;820.23;820.23;820.23;820.23;0.17;138.06;820.23
15.01.2017 04:35;820.39;820.39;820.39;820.39;0.02;16.41;820.39
15.01.2017 04:36;820.62;820.62;820.62;820.62;0.07;55.94;820.62
15.01.2017 04:37;821.45;821.45;821.45;821.45;0.12;94.77;821.45
15.01.2017 04:38;820.91;820.91;820.91;820.91;9.98;8192.68;820.91
15.01.2017 04:39;821.03;822.88;821.03;822.88;12.16;9997.02;822.05
15.01.2017 04:40;0;0;0;0;0;0;0
15.01.2017 04:41;822.1;822.1;822.1;822.1;1;822.1;822.1
15.01.2017 04:42;822.95;822.97;822;822.03;21.57;17746.99;822.78
15.01.2017 04:43;822.44;822.91;822.4;822.4;9.33;7669.84;822.42
15.01.2017 04:44;822.4;822.41;822.4;822.41;1.49;1224.56;822.41
15.01.2017 04:45;0;0;0;0;0;0;0
15.01.2017 04:46;822.01;822.51;822.01;822.01;9.31;7650.68;822.03
15.01.2017 04:47;822.01;822.29;819.59;819.6;5.09;4174.48;820.15
15.01.2017 04:48;819.59;819.61;819.59;819.61;0.12;99.88;819.6
15.01.2017 04:49;820.45;820.45;819.65;819.65;0.19;153.98;819.92
15.01.2017 04:50;0;0;0;0;0;0;0
15.01.2017 04:51;819.6;819.6;819.6;819.6;0.49;403.37;819.6
15.01.2017 04:52;819.6;819.6;819.6;819.6;0.23;188.15;819.6
15.01.2017 04:53;819.61;819.61;819.47;819.47;2.12;1738.33;819.6
15.01.2017 04:54;819;819.99;819;819.64;11.08;9083.02;819.97
15.01.2017 04:55;819.99;820;819.99;820;0.11;94.06;820
15.01.2017 04:56;0;0;0;0;0;0;0
15.01.2017 04:57;819.69;819.99;819.69;819.99;0.43;354.69;819.97
15.01.2017 04:58;0;0;0;0;0;0;0
15.01.2017 04:59;819.64;819.64;819.64;819.64;0.03;25;819.64
15.01.2017 05:00;0;0;0;0;0;0;0
15.01.2017 05:01;0;0;0;0;0;0;0
15.01.2017 05:02;819.09;819.09;819.09;819.09;0.03;22.58;819.09
15.01.2017 05:03;819.99;820;818.25;818.25;2.68;2195.23;819.89
15.01.2017 05:04;818.48;818.48;818.48;818.48;0.03;25.44;818.48
15.01.2017 05:05;0;0;0;0;0;0;0
15.01.2017 05:06;819.99;820;818.89;818.89;14.8;12138.75;819.99
15.01.2017 05:07;819.14;819.14;819.14;819.14;0.36;297.12;819.14
15.01.2017 05:08;819.4;820;819.4;820;0.25;206.35;819.42
15.01.2017 05:09;820;820;820;820;0.07;60.45;820
15.01.2017 05:10;819.85;819.85;819.85;819.85;1;819.85;819.85
15.01.2017 05:11;818.94;818.94;818.94;818.94;0.09;70.04;818.94
15.01.2017 05:12;819.06;819.06;819.06;819.06;0.08;63.89;819.06
15.01.2017 05:13;0;0;0;0;0;0;0
15.01.2017 05:14;819.99;819.99;819.57;819.57;0.23;186.43;819.94
15.01.2017 05:15;819.79;819.79;819.63;819.63;0.69;568.07;819.73
15.01.2017 05:16;819.64;819.64;819.64;819.64;0.02;18.85;819.64
15.01.2017 05:17;0;0;0;0;0;0;0
15.01.2017 05:18;819.66;819.66;819.66;819.66;0.22;179.51;819.66
15.01.2017 05:19;0;0;0;0;0;0;0
15.01.2017 05:20;819.66;819.66;819.66;819.66;0.08;66.23;819.66
15.01.2017 05:21;819.65;819.65;819.65;819.65;0.74;610.34;819.65
15.01.2017 05:22;0;0;0;0;0;0;0
15.01.2017 05:23;0;0;0;0;0;0;0
15.01.2017 05:24;0;0;0;0;0;0;0
15.01.2017 05:25;819.65;819.65;819.64;819.64;0.53;431.84;819.65
15.01.2017 05:26;819.65;820.74;819.65;820.74;0.58;477.52;820.31
15.01.2017 05:27;0;0;0;0;0;0;0
15.01.2017 05:28;819.95;819.95;819.95;819.95;0.02;15.25;819.95
15.01.2017 05:29;0;0;0;0;0;0;0
15.01.2017 05:30;0;0;0;0;0;0;0
15.01.2017 05:31;0;0;0;0;0;0;0
15.01.2017 05:32;0;0;0;0;0;0;0
15.01.2017 05:33;819.64;819.64;819.64;819.64;0.13;108.02;819.64
15.01.2017 05:34;819.64;819.64;819.64;819.64;0.06;49.55;819.64
15.01.2017 05:35;820.46;820.46;820.46;820.46;0.12;94.77;820.46
15.01.2017 05:36;0;0;0;0;0;0;0
15.01.2017 05:37;819.64;822.76;819.64;820.97;18.3;15027.11;821.24
15.01.2017 05:38;820.88;820.88;819.66;819.66;0.02;16.41;820.29
15.01.2017 05:39;819.94;819.94;819.94;819.94;0.15;126.87;819.94
15.01.2017 05:40;0;0;0;0;0;0;0
15.01.2017 05:41;819.92;819.92;819.92;819.92;0.06;45.53;819.92
15.01.2017 05:42;820.16;820.16;819.64;819.64;2.48;2031.62;819.86
15.01.2017 05:43;819.64;819.64;819.64;819.64;6.05;4955.08;819.64
15.01.2017 05:44;819.64;819.64;819.64;819.64;2.66;2181.06;819.64
15.01.2017 05:45;819.64;819.64;819.64;819.64;8.76;7176.33;819.64
15.01.2017 05:46;819.64;819.64;817.04;817.04;2.13;1740.98;818.61
15.01.2017 05:47;817.63;819.66;817.04;817.04;1.25;1024.56;817.55
15.01.2017 05:48;819.36;819.36;819.36;819.36;0.24;192.99;819.36
15.01.2017 05:49;0;0;0;0;0;0;0
15.01.2017 05:50;0;0;0;0;0;0;0
15.01.2017 05:51;0;0;0;0;0;0;0
15.01.2017 05:52;817.03;817.03;817.03;817.03;0.06;49.51;817.03
15.01.2017 05:53;817.01;817.01;817.01;817.01;0.07;58.82;817.01
15.01.2017 05:54;0;0;0;0;0;0;0
15.01.2017 05:55;817.12;817.12;817.12;817.12;0.02;20.3;817.12
15.01.2017 05:56;817.26;817.26;817.04;817.04;2.2;1794.61;817.22
15.01.2017 05:57;817.04;817.05;817.04;817.04;9.81;8018.43;817.04
15.01.2017 05:58;817;817.01;815.69;815.86;1.33;1082.22;815.96
15.01.2017 05:59;815.83;815.83;815.83;815.83;0.02;14.57;815.83
15.01.2017 06:00;815.86;815.86;815;815;5.57;4542.87;815.17
15.01.2017 06:01;815;815;815;815;6.33;5157.81;815
15.01.2017 06:02;815;815;815;815;6.7;5459.69;815
15.01.2017 06:03;815;815;812.22;812.22;61.27;49803.69;812.92
15.01.2017 06:04;812.61;814.8;812.61;814.8;0.44;355.87;812.81
15.01.2017 06:05;813.37;816.67;813.37;816.67;28.17;23001.94;816.46
15.01.2017 06:06;815.25;815.26;813.54;813.54;0.94;764;814.83
15.01.2017 06:07;0;0;0;0;0;0;0
15.01.2017 06:08;814.33;816.95;814.33;814.37;15.69;12781.13;814.45
15.01.2017 06:09;0;0;0;0;0;0;0
15.01.2017 06:10;816.48;816.48;816.48;816.48;0.56;458.85;816.48
15.01.2017 06:11;0;0;0;0;0;0;0
15.01.2017 06:12;815.6;815.6;815.59;815.59;0.06;45.73;815.59
15.01.2017 06:13;815.61;816.46;814.4;816.4;0.87;709.03;815.54
15.01.2017 06:14;816.39;816.39;814.75;816.26;0.82;667.72;816.05
15.01.2017 06:15;814.8;814.9;814.04;814.9;1.15;935.44;814.69
15.01.2017 06:16;814.07;814.09;812.22;812.22;10.83;8806.61;813.24
15.01.2017 06:17;812.29;812.31;812.28;812.31;1.38;1117.72;812.3
15.01.2017 06:18;812.28;813.78;812;813.7;7.7;6260.08;812.49
15.01.2017 06:19;812.41;813.64;810.58;812.01;6.85;5563.66;812.31
15.01.2017 06:20;812.01;812.01;810.56;810.57;4.4;3573.45;811.92
15.01.2017 06:21;810.73;810.73;810.55;810.55;1.87;1511.89;810.65
15.01.2017 06:22;0;0;0;0;0;0;0
15.01.2017 06:23;812.86;812.86;812.84;812.86;1.37;1113.74;812.85
15.01.2017 06:24;812.86;812.86;812.86;812.86;0.4;326.17;812.86
15.01.2017 06:25;811.57;814.25;811.57;814.25;19.54;15884.9;812.85
15.01.2017 06:26;814.25;814.25;813.17;813.17;0.06;49.37;814.01
15.01.2017 06:27;814.25;816.09;814.25;816.09;0.53;435.91;815.55
15.01.2017 06:28;814.12;814.12;813.32;813.33;0.14;111.39;813.38
15.01.2017 06:29;813.26;813.26;813.26;813.26;0.04;28.5;813.26
15.01.2017 06:30;813.5;814.27;813.5;814.27;0.08;67.13;813.69
15.01.2017 06:31;815.26;816.2;815.26;816.2;0.11;91.76;816.12
15.01.2017 06:32;814.38;814.38;814.38;814.38;0.05;39.46;814.38
15.01.2017 06:33;814.42;814.42;814.41;814.41;0.22;182.51;814.42
15.01.2017 06:34;0;0;0;0;0;0;0
15.01.2017 06:35;0;0;0;0;0;0;0
15.01.2017 06:36;0;0;0;0;0;0;0
15.01.2017 06:37;814.42;814.42;814.42;814.42;0.58;469.11;814.42
15.01.2017 06:38;814.42;814.42;813.61;813.61;0.43;347.58;814.01
15.01.2017 06:39;0;0;0;0;0;0;0
15.01.2017 06:40;813.28;813.28;813.28;813.28;0.02;13.68;813.28
15.01.2017 06:41;0;0;0;0;0;0;0
15.01.2017 06:42;816.2;816.99;814.26;814.26;0.47;386.07;814.5
15.01.2017 06:43;0;0;0;0;0;0;0
15.01.2017 06:44;816.92;816.92;816.92;816.92;0.14;111.8;816.92
15.01.2017 06:45;815.47;815.47;815.47;815.47;0.04;29.64;815.47
15.01.2017 06:46;816.93;816.93;816.93;816.93;2.43;1985.35;816.93
15.01.2017 06:47;0;0;0;0;0;0;0
15.01.2017 06:48;815.13;815.13;814.68;814.81;0.15;120.46;814.87
15.01.2017 06:49;815.03;815.03;815.03;815.03;0.14;111.17;815.03
15.01.2017 06:50;0;0;0;0;0;0;0
15.01.2017 06:51;816.47;816.47;814.46;814.46;0.24;194.58;815.89
15.01.2017 06:52;816.04;816.04;816.04;816.04;0.36;292.65;816.04
15.01.2017 06:53;0;0;0;0;0;0;0
15.01.2017 06:54;815.23;815.23;815.23;815.23;0.11;89.57;815.23
15.01.2017 06:55;814.44;814.44;814.44;814.44;0.18;148;814.44
15.01.2017 06:56;815.34;816.24;815.34;816.24;0.05;42.88;815.83
15.01.2017 06:57;816.3;816.3;815.33;815.33;0.3;246.95;815.83
15.01.2017 06:58;0;0;0;0;0;0;0
15.01.2017 06:59;815.63;815.63;815.63;815.63;0.18;148.22;815.63
15.01.2017 07:00;0;0;0;0;0;0;0
15.01.2017 07:01;816.94;816.94;816.94;816.94;0.02;19.3;816.94
15.01.2017 07:02;816.11;816.2;816.11;816.19;0.52;427.06;816.16
15.01.2017 07:03;816.19;816.19;816.19;816.19;0.11;90.03;816.19
15.01.2017 07:04;816.14;816.88;815;816.88;8.77;7148.13;815.33
15.01.2017 07:05;816.65;816.65;816.65;816.65;0.24;199.76;816.65
15.01.2017 07:06;816.97;816.97;816.97;816.97;0.02;17.97;816.97
15.01.2017 07:07;816.97;816.97;815.22;815.22;0.2;163.5;816.43
15.01.2017 07:08;815.26;815.26;815.26;815.26;0.01;11.98;815.26
15.01.2017 07:09;815.3;815.3;815.3;815.3;0.12;101.46;815.3
15.01.2017 07:10;815.34;815.34;815.33;815.33;0.21;173.5;815.33
15.01.2017 07:11;815.34;815.34;815.06;815.07;0.77;628.47;815.28
15.01.2017 07:12;815.05;815.05;815.05;815.05;0.14;114.11;815.05
15.01.2017 07:13;815.05;815.05;815.05;815.05;0.25;207.1;815.05
15.01.2017 07:14;815.05;815.68;815;815;7.61;6202.76;815.01
15.01.2017 07:15;815;815;815;815;7.37;6004.6;815
15.01.2017 07:16;815;815;815;815;0.89;722.09;815
15.01.2017 07:17;0;0;0;0;0;0;0
15.01.2017 07:18;815;815.58;815;815;10.32;8413.42;815
15.01.2017 07:19;815;815.58;815;815;4.18;3410.82;815.01
15.01.2017 07:20;815;815;812.93;812.97;1.3;1055.6;813.71
15.01.2017 07:21;812.98;815.93;812.98;815.93;0.14;117.47;815.44
15.01.2017 07:22;815.66;815.66;815.66;815.66;0.05;40.9;815.66
15.01.2017 07:23;814.01;815.35;814.01;815.35;1.45;1182.03;815.14
15.01.2017 07:24;814.01;814.01;814.01;814.01;0.09;76.44;814.01
15.01.2017 07:25;814.76;814.76;814.76;814.76;0.22;179.25;814.76
15.01.2017 07:26;814.01;814.01;814.01;814.01;0.04;31.68;814.01
15.01.2017 07:27;0;0;0;0;0;0;0
15.01.2017 07:28;814.03;814.03;814.02;814.02;1.47;1200.6;814.03
15.01.2017 07:29;0;0;0;0;0;0;0
15.01.2017 07:30;814.02;814.02;812.91;812.91;0.32;259.59;813.76
15.01.2017 07:31;812.93;812.93;812.93;812.93;0.04;29.4;812.93
15.01.2017 07:32;814.49;814.49;813.05;813.23;25.63;20877.66;814.44
15.01.2017 07:33;813.25;813.25;812.86;812.86;10.35;8411.46;813.02
15.01.2017 07:34;0;0;0;0;0;0;0
15.01.2017 07:35;812.95;813.01;812.95;813.01;1.28;1039.81;812.99
15.01.2017 07:36;813.01;813.01;811;811.08;11.31;9176.25;811.21
15.01.2017 07:37;811.05;811.71;811.05;811.07;5.75;4663.61;811.07
15.01.2017 07:38;812;813.3;812;812.01;3.03;2459.08;812.09
15.01.2017 07:39;812.01;812.8;812;812.3;69.64;56587.99;812.62
15.01.2017 07:40;812.3;812.3;811.08;811.08;8.83;7163.32;811.52
15.01.2017 07:41;812.3;812.3;811.08;811.51;0.79;640.72;811.56
15.01.2017 07:42;811.51;812.76;811.5;811.5;10.27;8335.72;811.55
15.01.2017 07:43;811.54;811.54;811.5;811.5;0.6;483.66;811.51
15.01.2017 07:44;811.5;813.96;811.08;811.1;46.74;37934.25;811.56
15.01.2017 07:45;811.11;811.15;811.09;811.09;3.19;2588.89;811.12
15.01.2017 07:46;811.09;813.1;811.08;813.1;23.88;19400.72;812.28
15.01.2017 07:47;812.62;812.63;811.1;811.1;1.01;822.37;812.17
15.01.2017 07:48;812.99;813;812.99;813;6;4878;813
15.01.2017 07:49;813;815.04;813;815.04;0.17;138.88;813.19
15.01.2017 07:50;814.04;814.04;813;813;3;2439.07;813.02
15.01.2017 07:51;813.32;813.32;813.32;813.32;0.02;12.71;813.32
15.01.2017 07:52;813.43;814.45;813.43;814.45;0.08;61.33;813.6
15.01.2017 07:53;0;0;0;0;0;0;0
15.01.2017 07:54;814.45;816.59;814.08;814.08;29.6;24163.26;816.35
15.01.2017 07:55;814.15;814.15;814.01;814.13;1.43;1167.45;814.12
15.01.2017 07:56;814.14;815;814.13;815;2.33;1901.06;814.86
15.01.2017 07:57;815;815;814;814.01;3.22;2620.88;814.95
15.01.2017 07:58;814.01;815;814.01;815;2.61;2126.49;814.02
15.01.2017 07:59;815;815;815;815;1.35;1100.25;815
15.01.2017 08:00;815;815;815;815;5.08;4137.61;815
15.01.2017 08:01;815;815.01;814.13;815.01;5.7;4646.19;814.98
15.01.2017 08:02;0;0;0;0;0;0;0
15.01.2017 08:03;816.28;816.28;815;815;1.2;976.38;815.14
15.01.2017 08:04;815.01;816.02;815.01;815.21;3.91;3183.62;815.16
15.01.2017 08:05;815.21;816;815;816;4.72;3851.62;815.66
15.01.2017 08:06;816;816;816;816;0.75;614.45;816
15.01.2017 08:07;816;816;815.3;815.3;5.68;4627.83;815.33
15.01.2017 08:08;815.3;815.5;815.3;815.5;1.11;908.38;815.49
15.01.2017 08:09;815.5;815.99;815.5;815.54;2.03;1658.24;815.66
15.01.2017 08:10;815.54;815.99;815.54;815.54;7.27;5930.4;815.85
15.01.2017 08:11;815.54;816;815.54;816;2.09;1707.55;815.79
15.01.2017 08:12;816;816;816;816;0.79;647.9;816
15.01.2017 08:13;816;816;816;816;0.47;385.97;816
15.01.2017 08:14;816;816;816;816;1.46;1191.36;816
15.01.2017 08:15;816;816;816;816;0.73;595.68;816
15.01.2017 08:16;816;816;812.62;813.97;78.56;63919.35;813.6
15.01.2017 08:17;812.64;812.64;812.64;812.64;0.01;10.17;812.64
15.01.2017 08:18;0;0;0;0;0;0;0
15.01.2017 08:19;0;0;0;0;0;0;0
15.01.2017 08:20;812.84;812.84;812.84;812.84;0.07;55.63;812.84
15.01.2017 08:21;0;0;0;0;0;0;0
15.01.2017 08:22;813.98;813.98;813.98;813.98;0.01;8.14;813.98
15.01.2017 08:23;814.98;815.2;814.98;815.2;0.03;24.45;815.13
15.01.2017 08:24;0;0;0;0;0;0;0
15.01.2017 08:25;0;0;0;0;0;0;0
15.01.2017 08:26;815.23;815.23;815.23;815.23;0.46;373.25;815.23
15.01.2017 08:27;815.98;817;815.98;817;1.62;1322.67;816.89
15.01.2017 08:28;816.98;816.98;816.98;816.98;7.82;6390.51;816.98
15.01.2017 08:29;816.98;816.98;816.98;816.98;3.83;3129.8;816.98
15.01.2017 08:30;816.7;816.98;816.7;816.98;0.48;392.51;816.71
15.01.2017 08:31;0;0;0;0;0;0;0
15.01.2017 08:32;816.98;817;816.98;817;3.21;2624.37;817
15.01.2017 08:33;816.66;816.66;813.99;813.99;10;8146.62;814.66
15.01.2017 08:34;814.08;814.08;814.08;814.08;0.03;20.53;814.08
15.01.2017 08:35;0;0;0;0;0;0;0
15.01.2017 08:36;0;0;0;0;0;0;0
15.01.2017 08:37;0;0;0;0;0;0;0
15.01.2017 08:38;816.43;816.43;814.05;816.35;1.6;1303.76;816.13
15.01.2017 08:39;0;0;0;0;0;0;0
15.01.2017 08:40;816.39;816.39;816.39;816.39;0.51;413.05;816.39
15.01.2017 08:41;814.56;814.56;814.56;814.56;0.03;26.62;814.56
15.01.2017 08:42;814.7;814.7;814.7;814.7;1;814.7;814.7
15.01.2017 08:43;815.94;816.98;815.94;815.96;0.16;126.97;816.84
15.01.2017 08:44;816.04;816.11;816.04;816.11;0.67;546.66;816.1
15.01.2017 08:45;816.96;816.96;816.96;816.96;0.01;8.17;816.96
15.01.2017 08:46;0;0;0;0;0;0;0
15.01.2017 08:47;816.96;816.96;816.96;816.96;0.02;12.72;816.96
15.01.2017 08:48;0;0;0;0;0;0;0
15.01.2017 08:49;816.67;816.67;816.67;816.67;26.52;21654.55;816.67
15.01.2017 08:50;815.98;815.98;815.98;815.98;0.08;62.52;815.98
15.01.2017 08:51;0;0;0;0;0;0;0
15.01.2017 08:52;0;0;0;0;0;0;0
15.01.2017 08:53;816.32;816.86;814.27;814.27;13.33;10868.13;815.05
15.01.2017 08:54;814.27;814.27;812.18;812.18;42.12;34233.32;812.83
15.01.2017 08:55;0;0;0;0;0;0;0
15.01.2017 08:56;0;0;0;0;0;0;0
15.01.2017 08:57;816.28;816.28;816.28;816.28;0.5;408.14;816.28
15.01.2017 08:58;0;0;0;0;0;0;0
15.01.2017 08:59;812.22;812.22;812.22;812.22;0.08;68.73;812.22
15.01.2017 09:00;812.22;815.7;812.22;815.7;0.72;585.5;814.49
15.01.2017 09:01;0;0;0;0;0;0;0
15.01.2017 09:02;812.25;812.25;812.19;812.19;0.99;807.62;812.21
15.01.2017 09:03;0;0;0;0;0;0;0
15.01.2017 09:04;813.99;816;813.99;815.87;0.45;368.86;815.74
15.01.2017 09:05;0;0;0;0;0;0;0
15.01.2017 09:06;813.99;813.99;813.99;813.99;0.09;74.16;813.99
15.01.2017 09:07;812.99;812.99;812.73;812.73;0.36;291.27;812.74
15.01.2017 09:08;813.98;816.69;813.98;816.69;0.12;94.72;815.82
15.01.2017 09:09;0;0;0;0;0;0;0
15.01.2017 09:10;813.99;813.99;813.02;813.03;0.49;397.93;813.59
15.01.2017 09:11;813.04;813.04;813.04;813.04;0.33;269.84;813.04
15.01.2017 09:12;0;0;0;0;0;0;0
15.01.2017 09:13;0;0;0;0;0;0;0
15.01.2017 09:14;813.06;814.21;813.01;814.21;4.92;4005.44;813.7
15.01.2017 09:15;0;0;0;0;0;0;0
15.01.2017 09:16;814.24;815.61;813.38;813.38;16.05;13086.89;815.49
15.01.2017 09:17;815.56;815.56;815.56;815.56;0.01;8.23;815.56
15.01.2017 09:18;815.56;815.74;814.42;815.74;4.28;3493.26;815.61
15.01.2017 09:19;0;0;0;0;0;0;0
15.01.2017 09:20;814.46;814.46;814.46;814.46;0.05;39.09;814.46
15.01.2017 09:21;814.25;814.35;814.25;814.35;2.71;2203.54;814.34
15.01.2017 09:22;814.45;815.45;814.45;815.45;0.46;373.72;814.73
15.01.2017 09:23;815.27;815.27;815.24;815.24;0.76;622.54;815.26
15.01.2017 09:24;815.65;815.65;815.65;815.65;0.13;103.67;815.65
15.01.2017 09:25;0;0;0;0;0;0;0
15.01.2017 09:26;815.76;815.76;815.67;815.67;5.02;4091.85;815.67
15.01.2017 09:27;0;0;0;0;0;0;0
15.01.2017 09:28;814.43;814.5;814.43;814.5;0.1;80.28;814.44
15.01.2017 09:29;815.43;815.43;815.43;815.43;0.29;233.87;815.43
15.01.2017 09:30;815.5;815.95;815.5;815.94;0.31;251.57;815.93
15.01.2017 09:31;815.92;815.94;814.72;814.72;1.25;1018.38;815.79
15.01.2017 09:32;815.95;816;815.14;816;0.54;438.89;815.95
15.01.2017 09:33;0;0;0;0;0;0;0
15.01.2017 09:34;816;816;816;816;0.04;30.24;816
15.01.2017 09:35;816;816;816;816;0.1;81.38;816
15.01.2017 09:36;816;816.29;816;816.29;3.02;2461;816.2
15.01.2017 09:37;816.29;817.07;816.29;817.07;6.11;4994;816.86
15.01.2017 09:38;816.99;816.99;816.99;816.99;0.11;88.35;816.99
15.01.2017 09:39;0;0;0;0;0;0;0
15.01.2017 09:40;0;0;0;0;0;0;0
15.01.2017 09:41;817;817.06;817;817.06;0.04;30.51;817.02
15.01.2017 09:42;817.06;817.06;817.06;817.06;0.1;78.37;817.06
15.01.2017 09:43;817.07;817.07;817.07;817.07;0.02;13.91;817.07
15.01.2017 09:44;816.91;818.75;816.91;818.75;37.49;30660.52;817.94
15.01.2017 09:45;819.03;819.57;819.03;819.57;12.1;9915.73;819.25
15.01.2017 09:46;0;0;0;0;0;0;0
15.01.2017 09:47;0;0;0;0;0;0;0
15.01.2017 09:48;818.56;818.56;818.55;818.55;0.24;200.38;818.55
15.01.2017 09:49;0;0;0;0;0;0;0
15.01.2017 09:50;818.91;818.91;818.91;818.91;0.13;106.63;818.91
15.01.2017 09:51;819.21;819.57;819.21;819.57;0.34;279.54;819.22
15.01.2017 09:52;819.57;819.59;819.57;819.59;0.7;574.75;819.58
15.01.2017 09:53;819.59;819.59;819.59;819.59;0.01;8.2;819.59
15.01.2017 09:54;819.59;819.59;819.59;819.59;0.12;101.77;819.59
15.01.2017 09:55;819.58;819.58;819.58;819.58;0.08;67.92;819.58
15.01.2017 09:56;819.58;819.59;819.58;819.59;17;13935.98;819.58
15.01.2017 09:57;819.59;819.59;819.59;819.59;0.66;543.65;819.59
15.01.2017 09:58;819.59;819.59;819.59;819.59;0.09;69.84;819.59
15.01.2017 09:59;819.59;819.87;819.59;819.87;1.8;1475.68;819.82
15.01.2017 10:00;819.87;819.87;819.87;819.87;0.32;260.59;819.87
15.01.2017 10:01;819.9;820;819.87;819.87;17.33;14211.58;820
15.01.2017 10:02;820.13;820.15;820.13;820.15;0.59;485.21;820.14
15.01.2017 10:03;820.15;821;820.15;821;37;30365.68;820.69
15.01.2017 10:04;821;821.5;820.5;820.5;4.2;3448.59;821.05
15.01.2017 10:05;820.69;821.44;820.69;821.44;3.17;2598.43;820.73
15.01.2017 10:06;821.64;821.7;821;821.13;1.17;963.97;821.31
15.01.2017 10:07;0;0;0;0;0;0;0
15.01.2017 10:08;822.07;822.07;822.07;822.07;0.16;127.5;822.07
15.01.2017 10:09;822.42;823.45;820.56;820.59;37.91;31204.57;823.05
15.01.2017 10:10;822.57;822.57;820.56;820.56;1.39;1139.07;821.66
15.01.2017 10:11;823.28;823.36;823.28;823.34;5.58;4597.67;823.31
15.01.2017 10:12;823.34;823.45;820.62;820.62;7.82;6439.16;823.29
15.01.2017 10:13;0;0;0;0;0;0;0
15.01.2017 10:14;821.46;821.46;821.46;821.46;0.12;101.77;821.46
15.01.2017 10:15;822.99;823;821.55;822.31;1.84;1517.17;822.84
15.01.2017 10:16;821.49;821.49;821.49;821.49;1;821.49;821.49
15.01.2017 10:17;0;0;0;0;0;0;0
15.01.2017 10:18;0;0;0;0;0;0;0
15.01.2017 10:19;823;823;822.99;823;0.14;114.41;823
15.01.2017 10:20;823;823;823;823;0.27;221.24;823
15.01.2017 10:21;823;823.44;821.66;821.66;0.69;566.02;822.4
15.01.2017 10:22;821.93;821.93;821.93;821.93;0.04;35.92;821.93
15.01.2017 10:23;822.06;822.06;822.06;822.06;20;16441.2;822.06
15.01.2017 10:24;822.26;822.26;822.26;822.26;0.01;8.22;822.26
15.01.2017 10:25;822.5;822.5;822.5;822.5;1.38;1133.57;822.5
15.01.2017 10:26;822.48;822.5;822.48;822.5;0.03;24.67;822.49
15.01.2017 10:27;822.47;822.47;822.33;822.47;22.89;18820.97;822.35
15.01.2017 10:28;822.47;823.45;822.47;823.45;3.67;3017.77;823
15.01.2017 10:29;822.36;822.36;822.36;822.36;0.03;24.67;822.36
15.01.2017 10:30;822.48;822.56;822.48;822.56;0.4;327.27;822.49
15.01.2017 10:31;823.45;823.45;823.45;823.45;1;823.45;823.45
15.01.2017 10:32;822.86;822.86;822.33;822.33;0.21;175.27;822.86
15.01.2017 10:33;0;0;0;0;0;0;0
15.01.2017 10:34;822.35;822.35;822.35;822.35;0.32;262.33;822.35
15.01.2017 10:35;822.35;823.28;822.35;822.35;1.2;989.62;822.37
15.01.2017 10:36;822.35;822.35;822.35;822.35;2.15;1770.52;822.35
15.01.2017 10:37;822.35;822.35;821.01;821.05;48.18;39568.82;821.21
15.01.2017 10:38;0;0;0;0;0;0;0
15.01.2017 10:39;822.42;822.42;822.42;822.42;0.04;34.79;822.42
15.01.2017 10:40;822.37;822.37;821.01;821.01;0.37;306.76;821.16
15.01.2017 10:41;0;0;0;0;0;0;0
15.01.2017 10:42;821.01;821.03;821.01;821.03;0.64;523.91;821.01
15.01.2017 10:43;0;0;0;0;0;0;0
15.01.2017 10:44;821.24;821.3;821.24;821.3;0.2;165.21;821.26
15.01.2017 10:45;821.44;821.44;821.44;821.44;0.01;8.21;821.44
15.01.2017 10:46;821.39;821.39;821.39;821.39;0.22;177.65;821.39
15.01.2017 10:47;0;0;0;0;0;0;0
15.01.2017 10:48;821.88;821.88;821.88;821.88;20.48;16835.56;821.88
15.01.2017 10:49;821.88;821.88;821.39;821.39;0.06;52.64;821.76
15.01.2017 10:50;0;0;0;0;0;0;0
15.01.2017 10:51;821.89;821.89;821.89;821.89;11.63;9556.12;821.89
15.01.2017 10:52;0;0;0;0;0;0;0
15.01.2017 10:53;821.39;821.39;821.39;821.39;0.31;252.43;821.39
15.01.2017 10:54;822.2;822.2;821.39;821.39;0.09;73.56;821.66
15.01.2017 10:55;0;0;0;0;0;0;0
15.01.2017 10:56;821.39;821.77;820.5;820.86;60.38;49554.47;820.66
15.01.2017 10:57;0;0;0;0;0;0;0
15.01.2017 10:58;0;0;0;0;0;0;0
15.01.2017 10:59;820.98;820.98;819;819;40.04;32792.95;819.05
15.01.2017 11:00;820.43;820.44;820.43;820.44;0.34;278.27;820.43
15.01.2017 11:01;819.92;819.92;819.92;819.92;0.32;264.83;819.92
15.01.2017 11:02;819.9;821.43;819.89;819.96;0.16;133.36;820.93
15.01.2017 11:03;0;0;0;0;0;0;0
15.01.2017 11:04;0;0;0;0;0;0;0
15.01.2017 11:05;820.99;820.99;819.54;819.54;0.04;32.48;820.68
15.01.2017 11:06;819.59;819.59;819.59;819.59;0.24;198.44;819.59
15.01.2017 11:07;821.91;821.91;821.91;821.91;0.27;219.48;821.91
15.01.2017 11:08;821.91;821.91;821.91;821.91;0.22;179.03;821.91
15.01.2017 11:09;0;0;0;0;0;0;0
15.01.2017 11:10;0;0;0;0;0;0;0
15.01.2017 11:11;0;0;0;0;0;0;0
15.01.2017 11:12;0;0;0;0;0;0;0
15.01.2017 11:13;0;0;0;0;0;0;0
15.01.2017 11:14;0;0;0;0;0;0;0
15.01.2017 11:15;820.57;820.57;817.15;818.99;20.15;16521.55;819.79
15.01.2017 11:16;817.98;818.99;817.27;817.9;0.61;499.56;817.42
15.01.2017 11:17;818.98;819;818.12;818.12;0.1;84.8;818.79
15.01.2017 11:18;817.99;818.93;817.99;818.93;0.26;215.31;818.08
15.01.2017 11:19;0;0;0;0;0;0;0
15.01.2017 11:20;819;819;818.97;819;1.09;891.38;818.98
15.01.2017 11:21;819;819;819;819;0.01;9.31;819
15.01.2017 11:22;819;819;819;819;0.06;51.75;819
15.01.2017 11:23;819;819;817.85;817.85;0.08;63.53;818.07
15.01.2017 11:24;0;0;0;0;0;0;0
15.01.2017 11:25;0;0;0;0;0;0;0
15.01.2017 11:26;818.99;818.99;818.49;818.5;0.2;159.75;818.87
15.01.2017 11:27;818.49;818.49;817.47;817.47;6.65;5434.02;817.58
15.01.2017 11:28;818.32;818.32;817.47;818.2;7.16;5850.54;817.63
15.01.2017 11:29;817.91;817.99;816.51;816.51;1.21;991.08;817.49
15.01.2017 11:30;817.83;817.83;817.83;817.83;0.04;29.76;817.83
15.01.2017 11:31;817.32;817.99;816.56;817.99;3.02;2465.23;816.84
15.01.2017 11:32;817.99;817.99;817.59;817.59;0.78;640.46;817.86
15.01.2017 11:33;817.59;817.59;817;817;0.71;578.03;817.58
15.01.2017 11:34;817;817;816.96;816.96;1.2;979.51;817
15.01.2017 11:35;817;817;817;817;2.36;1927.77;817
15.01.2017 11:36;817;817;817;817;0.82;669.94;817
15.01.2017 11:37;817;817;817;817;1.21;988.57;817
15.01.2017 11:38;817;817;817;817;2.74;2241.65;817
15.01.2017 11:39;817;817;817;817;1.42;1161.91;817
15.01.2017 11:40;817;817;817;817;0.27;219.17;817
15.01.2017 11:41;817;817;816.99;817;0.44;359.73;817
15.01.2017 11:42;817;817;817;817;0.23;189.58;817
15.01.2017 11:43;817;817;816.99;816.99;0.33;268;817
15.01.2017 11:44;817;817;816.99;816.99;0.29;238.47;816.99
15.01.2017 11:45;817;817;816.99;816.99;0.83;678.06;817
15.01.2017 11:46;816.99;816.99;816.99;816.99;0.06;49.27;816.99
15.01.2017 11:47;817;817;817;817;0.26;209.96;817
15.01.2017 11:48;0;0;0;0;0;0;0
15.01.2017 11:49;817;817;816.92;816.98;15.45;12622.61;816.99
15.01.2017 11:50;816.99;816.99;816.99;816.99;9.46;7725.03;816.99
15.01.2017 11:51;816.99;816.99;816.99;816.99;0.44;359.56;816.99
15.01.2017 11:52;0;0;0;0;0;0;0
15.01.2017 11:53;816.51;816.98;816.51;816.98;1.23;1006.57;816.52
15.01.2017 11:54;816.74;816.74;816.74;816.74;0.25;200.59;816.74
15.01.2017 11:55;816.74;816.88;816.54;816.54;4.57;3734.83;816.75
15.01.2017 11:56;0;0;0;0;0;0;0
15.01.2017 11:57;0;0;0;0;0;0;0
15.01.2017 11:58;816.98;817;816.98;817;1.02;833.32;816.98
15.01.2017 11:59;817;817;817;817;0.55;453.04;817
15.01.2017 12:00;816.51;817;816.5;817;0.07;59.89;816.64
15.01.2017 12:01;0;0;0;0;0;0;0
15.01.2017 12:02;817;817;816.66;817;4.93;4027.32;816.99
15.01.2017 12:03;817;817;817;817;0.14;113.27;817
15.01.2017 12:04;817;817;817;817;0.1;80.5;817
15.01.2017 12:05;817;817;817;817;0.23;186.49;817
15.01.2017 12:06;817;817;817;817;3.5;2859.69;817
15.01.2017 12:07;0;0;0;0;0;0;0
15.01.2017 12:08;0;0;0;0;0;0;0
15.01.2017 12:09;817;818;817;818;0.8;653.98;817.48
15.01.2017 12:10;818;819;818;819;24.66;20179.26;818.41
15.01.2017 12:11;819.47;820.99;819.47;820.99;0.12;98.27;820.82
15.01.2017 12:12;820.97;820.97;820.96;820.96;25.33;20795.27;820.97
15.01.2017 12:13;820.74;820.74;819.75;819.75;34.36;28200.68;820.64
15.01.2017 12:14;820.97;820.97;820.97;820.97;0.02;16.42;820.97
15.01.2017 12:15;820.98;821;820.98;820.99;0.2;163.85;821
15.01.2017 12:16;820.99;820.99;820.88;820.96;7.53;6180.61;820.91
15.01.2017 12:17;0;0;0;0;0;0;0
15.01.2017 12:18;0;0;0;0;0;0;0
15.01.2017 12:19;820.96;820.96;820.96;820.96;0.24;200;820.96
15.01.2017 12:20;820.97;820.97;820.97;820.97;0.32;260.02;820.97
15.01.2017 12:21;0;0;0;0;0;0;0
15.01.2017 12:22;0;0;0;0;0;0;0
15.01.2017 12:23;0;0;0;0;0;0;0
15.01.2017 12:24;820.97;820.97;820.97;820.97;0.03;25.92;820.97
15.01.2017 12:25;820.97;820.97;820.96;820.96;0.05;37;820.96
15.01.2017 12:26;820.96;820.97;820.96;820.97;12.38;10163.53;820.96
15.01.2017 12:27;820.97;820.97;820.97;820.97;0.26;209.74;820.97
15.01.2017 12:28;820.97;820.97;820.97;820.97;0.06;51.13;820.97
15.01.2017 12:29;820.97;820.97;820.97;820.97;0.12;97.87;820.97
15.01.2017 12:30;820.97;820.97;820.96;820.97;0.17;137.39;820.97
15.01.2017 12:31;820.96;823.27;820.96;823.27;91.05;74898.65;822.65
15.01.2017 12:32;823.27;823.27;823.27;823.27;0.16;129.53;823.27
15.01.2017 12:33;823.14;823.14;823.14;823.14;0.15;124.68;823.14
15.01.2017 12:34;0;0;0;0;0;0;0
15.01.2017 12:35;823.13;823.13;823.13;823.13;0.24;196.21;823.13
15.01.2017 12:36;823.13;823.13;823.13;823.13;0.03;25.92;823.13
15.01.2017 12:37;0;0;0;0;0;0;0
15.01.2017 12:38;0;0;0;0;0;0;0
15.01.2017 12:39;822.74;822.74;822.74;822.74;0.79;649.13;822.74
15.01.2017 12:40;822.69;822.99;821.98;821.98;10.87;8946.39;822.71
15.01.2017 12:41;0;0;0;0;0;0;0
15.01.2017 12:42;821.97;821.97;821.97;821.97;0.1;78.58;821.97
15.01.2017 12:43;821.98;821.98;821.98;821.98;0.79;649.11;821.98
15.01.2017 12:44;821.03;821.03;819.99;820;10.12;8300.58;820.3
15.01.2017 12:45;819.99;820;819.99;820;2.29;1880.38;820
15.01.2017 12:46;820;820.67;820;820.67;4.38;3591.24;820.66
15.01.2017 12:47;820.39;820.39;820.39;820.39;0.05;37.59;820.39
15.01.2017 12:48;820.65;820.65;820.65;820.65;0.02;20.32;820.65
15.01.2017 12:49;820.66;820.66;820.65;820.65;0.57;464.08;820.65
15.01.2017 12:50;0;0;0;0;0;0;0
15.01.2017 12:51;820.66;820.66;820.66;820.66;25.01;20526.37;820.66
15.01.2017 12:52;820.67;820.67;820.66;820.66;1.39;1143.23;820.66
15.01.2017 12:53;0;0;0;0;0;0;0
15.01.2017 12:54;820.65;820.65;820.49;820.49;0.13;106.96;820.62
15.01.2017 12:55;0;0;0;0;0;0;0
15.01.2017 12:56;820.66;820.66;820.66;820.66;0.63;517.66;820.66
15.01.2017 12:57;0;0;0;0;0;0;0
15.01.2017 12:58;820.65;820.66;820.62;820.62;8.08;6632.84;820.64
15.01.2017 12:59;820.66;820.66;820.64;820.64;0.26;216.09;820.66
15.01.2017 13:00;820.66;820.66;820.66;820.66;4.8;3942.13;820.66
15.01.2017 13:01;820.66;820.66;820.65;820.66;32;26260.86;820.65
15.01.2017 13:02;0;0;0;0;0;0;0
15.01.2017 13:03;820.65;820.65;820.64;820.64;1.73;1419.68;820.64
15.01.2017 13:04;0;0;0;0;0;0;0
15.01.2017 13:05;820.59;820.63;820.59;820.59;7.68;6303.76;820.59
15.01.2017 13:06;820.59;820.59;820.56;820.57;4.38;3596.93;820.58
15.01.2017 13:07;820.59;820.59;820.59;820.59;1;820.59;820.59
15.01.2017 13:08;820.58;820.59;820.58;820.58;0.46;380.06;820.59
15.01.2017 13:09;820.58;820.58;819.17;820.58;0.37;306.4;820.38
15.01.2017 13:10;818.55;818.58;818.55;818.58;1.25;1019.41;818.56
15.01.2017 13:11;820.57;820.57;820.57;820.57;0.02;12.88;820.57
15.01.2017 13:12;0;0;0;0;0;0;0
15.01.2017 13:13;819.46;819.46;818.58;818.58;3.67;3001.79;818.86
15.01.2017 13:14;0;0;0;0;0;0;0
15.01.2017 13:15;0;0;0;0;0;0;0
15.01.2017 13:16;820.21;820.21;820.21;820.21;0.14;118.57;820.21
15.01.2017 13:17;819.96;819.96;819.96;819.96;0.13;103.49;819.96
15.01.2017 13:18;819.84;819.84;819.84;819.84;0.08;67.35;819.84
15.01.2017 13:19;818.54;818.54;818.54;818.54;0.08;62.84;818.54
15.01.2017 13:20;818.57;818.58;818.57;818.58;0.23;189.34;818.57
15.01.2017 13:21;818.66;818.75;818.66;818.75;0.08;65.41;818.71
15.01.2017 13:22;0;0;0;0;0;0;0
15.01.2017 13:23;0;0;0;0;0;0;0
15.01.2017 13:24;818.84;818.84;818.84;818.84;0.11;86.1;818.84
15.01.2017 13:25;819.08;819.08;819.08;819.08;0.2;161.84;819.08
15.01.2017 13:26;819.56;820.55;819.25;819.25;0.39;318.52;819.54
15.01.2017 13:27;820.55;820.55;820.55;820.55;0.11;90.32;820.55
15.01.2017 13:28;819.25;819.25;819.25;819.25;0.06;49.34;819.25
15.01.2017 13:29;818.85;818.85;818.85;818.85;0.15;124.46;818.85
15.01.2017 13:30;819.99;819.99;818.83;818.83;1.66;1362.38;818.87
15.01.2017 13:31;0;0;0;0;0;0;0
15.01.2017 13:32;819.55;819.55;819.55;819.55;0.01;8.2;819.55
15.01.2017 13:33;0;0;0;0;0;0;0
15.01.2017 13:34;818.84;818.84;818.84;818.84;5;4094.2;818.84
15.01.2017 13:35;819.51;819.51;819.51;819.51;0.04;32.78;819.51
15.01.2017 13:36;819.49;819.49;819.49;819.49;0.03;23.72;819.49
15.01.2017 13:37;819.51;819.51;818.85;819.39;0.56;459.37;819.48
15.01.2017 13:38;819.37;819.37;818.85;818.85;0.14;113.17;819.07
15.01.2017 13:39;818.85;818.85;818.85;818.85;0.22;183.86;818.85
15.01.2017 13:40;819.42;819.42;818.99;818.99;0.16;127.04;819.08
15.01.2017 13:41;0;0;0;0;0;0;0
15.01.2017 13:42;819;819;819;819;0.1;81.9;819
15.01.2017 13:43;818.93;818.93;818.84;818.84;0.67;550.38;818.91
15.01.2017 13:44;0;0;0;0;0;0;0
15.01.2017 13:45;819.34;819.34;818.86;818.86;0.09;72.51;819.01
15.01.2017 13:46;0;0;0;0;0;0;0
15.01.2017 13:47;819.39;819.5;818.96;819.5;0.11;88.13;819.34
15.01.2017 13:48;818.93;818.93;818.85;818.85;5;4094.26;818.85
15.01.2017 13:49;0;0;0;0;0;0;0
15.01.2017 13:50;819.34;819.34;819.34;819.34;0.02;18.84;819.34
15.01.2017 13:51;818.86;820.54;818.86;818.88;12.98;10636.03;819.47
15.01.2017 13:52;819;819;818.98;818.98;4.92;4026.05;819
15.01.2017 13:53;819;822.13;819;822.1;79.19;64993.29;820.7
15.01.2017 13:54;822.1;822.1;822.04;822.04;8.67;7131.44;822.1
15.01.2017 13:55;822.02;822.02;822.02;822.02;0.02;15.62;822.02
15.01.2017 13:56;822.11;822.12;820.95;822.05;0.19;158.75;821.76
15.01.2017 13:57;820.95;820.95;820.78;820.78;1.24;1015.63;820.89
15.01.2017 13:58;820.78;820.78;820.78;820.78;0.24;200.85;820.78
15.01.2017 13:59;820.78;820.78;820.78;820.78;0.02;18.88;820.78
15.01.2017 14:00;820.78;821.47;820.76;820.76;9.42;7734.67;820.77
15.01.2017 14:01;820.76;820.76;819.56;819.56;0.86;708.69;820.74
15.01.2017 14:02;818.73;820.65;818.7;820.65;2.54;2079.51;818.73
15.01.2017 14:03;818.66;818.66;817.21;817.21;0.05;40.31;818.09
15.01.2017 14:04;819.53;819.53;819.51;819.51;0.14;116.79;819.51
15.01.2017 14:05;819.19;819.19;819.06;819.06;0.07;58;819.16
15.01.2017 14:06;818.89;818.89;817.57;817.57;0.05;40.98;818
15.01.2017 14:07;0;0;0;0;0;0;0
15.01.2017 14:08;817.91;817.91;817.55;817.8;12.26;10021.86;817.67
15.01.2017 14:09;817.8;817.81;817.49;817.73;12.35;10099.95;817.74
15.01.2017 14:10;817.9;817.91;817.9;817.91;0.06;47.03;817.91
15.01.2017 14:11;818.63;819.37;818.63;819.36;1.5;1228.66;819.33
15.01.2017 14:12;818.84;819.36;817.63;817.63;4.82;3946.97;819.06
15.01.2017 14:13;817.64;817.64;817.64;817.64;0.1;81.76;817.64
15.01.2017 14:14;0;0;0;0;0;0;0
15.01.2017 14:15;818.89;818.89;818.89;818.89;0.06;49.13;818.89
15.01.2017 14:16;818.71;818.88;817.03;817.03;30.3;24775.41;817.67
15.01.2017 14:17;817.69;817.69;817.01;817.01;20;16349.07;817.45
15.01.2017 14:18;817.55;818.3;817.01;818.3;0.11;92.9;818.01
15.01.2017 14:19;817.6;817.6;817.17;817.17;0.11;89.32;817.5
15.01.2017 14:20;817.6;817.6;817.01;817.01;0.06;49.23;817.11
15.01.2017 14:21;817.61;817.61;815.21;815.21;25.01;20411.57;816.14
15.01.2017 14:22;816.45;816.45;814.23;815.51;19.45;15844.75;814.62
15.01.2017 14:23;0;0;0;0;0;0;0
15.01.2017 14:24;816.42;816.47;816.42;816.45;11.27;9202.97;816.45
15.01.2017 14:25;816.42;816.42;814.23;814.23;6.39;5204.94;814.7
15.01.2017 14:26;815.75;815.75;815.75;815.75;0.12;101.57;815.75
15.01.2017 14:27;815.83;815.83;815.83;815.83;0.02;15.54;815.83
15.01.2017 14:28;0;0;0;0;0;0;0
15.01.2017 14:29;815.44;816.02;815.43;816.02;1.36;1109.46;815.95
15.01.2017 14:30;815.89;815.89;815.73;815.73;2.34;1910;815.74
15.01.2017 14:31;815.75;815.75;814.71;814.71;0.23;189.28;815.68
15.01.2017 14:32;814.01;814.01;814;814;1.98;1614.49;814
15.01.2017 14:33;814.01;814.01;814;814;0.12;98.19;814.01
15.01.2017 14:34;814.01;815.59;814.01;815.48;0.16;126.67;815.45
15.01.2017 14:35;814;814;812.02;812.02;43.54;35394.24;812.9
15.01.2017 14:36;814.79;814.79;814.79;814.79;34.32;27966.44;814.79
15.01.2017 14:37;813.1;813.1;813.03;813.03;0.2;159.76;813.05
15.01.2017 14:38;814.43;814.43;814.43;814.43;0.13;103.53;814.43
15.01.2017 14:39;813.37;814.29;813.37;814.29;0.18;143.97;814.03
15.01.2017 14:40;0;0;0;0;0;0;0
15.01.2017 14:41;0;0;0;0;0;0;0
15.01.2017 14:42;813.49;813.6;813.49;813.5;0.41;329.82;813.51
15.01.2017 14:43;0;0;0;0;0;0;0
15.01.2017 14:44;813.61;813.63;813.61;813.63;0.03;27.86;813.62
15.01.2017 14:45;814.61;814.61;814.61;814.61;0.01;8.15;814.61
15.01.2017 14:46;814.67;814.67;814.63;814.63;35.17;28651.85;814.66
15.01.2017 14:47;814.61;814.62;814;814.62;0.22;176.27;814.36
15.01.2017 14:48;814.62;814.75;814.62;814.75;1.44;1171.52;814.65
15.01.2017 14:49;814.65;814.65;813.85;813.85;0.32;261.51;814.59
15.01.2017 14:50;813.98;813.98;813.98;813.98;1;813.98;813.98
15.01.2017 14:51;813.82;813.82;813.82;813.82;0.12;99.9;813.82
15.01.2017 14:52;814.16;814.57;813.82;813.82;0.99;809.91;814.16
15.01.2017 14:53;813.82;813.82;813.82;813.82;0.06;49.38;813.82
15.01.2017 14:54;814.41;814.65;814.41;814.65;0.6;491.03;814.6
15.01.2017 14:55;0;0;0;0;0;0;0
15.01.2017 14:56;814.65;814.65;814.65;814.65;0.05;38.3;814.65
15.01.2017 14:57;814.02;814.65;814.02;814.65;0.32;256.65;814.6
15.01.2017 14:58;814.65;815.08;814.65;815.07;1.14;931.65;814.95
15.01.2017 14:59;814.47;814.47;814.47;814.47;0.1;85.14;814.47
15.01.2017 15:00;814.75;814.79;814.75;814.79;0.1;80.15;814.78
15.01.2017 15:01;814.79;815.07;814.79;815.07;3.46;2822.22;814.91
15.01.2017 15:02;814.94;815;814.06;814.17;0.61;492.73;814.42
15.01.2017 15:03;0;0;0;0;0;0;0
15.01.2017 15:04;0;0;0;0;0;0;0
15.01.2017 15:05;0;0;0;0;0;0;0
15.01.2017 15:06;814.25;815.04;814.18;814.18;15.84;12910.38;815
15.01.2017 15:07;814.91;814.91;814.91;814.91;0.08;67.3;814.91
15.01.2017 15:08;0;0;0;0;0;0;0
15.01.2017 15:09;815.01;815.01;815.01;815.01;0.4;324.6;815.01
15.01.2017 15:10;815.08;815.08;814.23;814.23;0.12;98.24;814.35
15.01.2017 15:11;814.96;814.96;814.96;814.96;0.38;310.66;814.96
15.01.2017 15:12;814.17;814.17;814.17;814.17;0.04;31.75;814.17
15.01.2017 15:13;814.17;814.17;814.17;814.17;0.28;228.46;814.17
15.01.2017 15:14;0;0;0;0;0;0;0
15.01.2017 15:15;814.17;814.17;814.17;814.17;0.23;183.78;814.17
15.01.2017 15:16;815.07;815.07;814.03;814.03;0.16;127.43;814.2
15.01.2017 15:17;814.03;814.03;814;814;1.05;856.45;814.02
15.01.2017 15:18;814;814.71;814;814.01;0.64;521.62;814.07
15.01.2017 15:19;814.57;814.57;814.34;814.37;7.35;5983.07;814.35
15.01.2017 15:20;814.41;814.48;814.05;814.05;0.66;539.6;814.28
15.01.2017 15:21;814.05;814.05;814.05;814.05;0.09;69.73;814.05
15.01.2017 15:22;814.05;814.05;812.06;812.06;20.09;16318.15;812.36
15.01.2017 15:23;813.23;814.95;812.24;813.17;2.86;2327.15;812.78
15.01.2017 15:24;812.39;812.39;812.39;812.39;0.1;81.09;812.39
15.01.2017 15:25;814.65;814.65;812.83;812.83;1.34;1089.96;813
15.01.2017 15:26;814.77;814.77;812.99;812.99;0.55;450.18;813.69
15.01.2017 15:27;0;0;0;0;0;0;0
15.01.2017 15:28;0;0;0;0;0;0;0
15.01.2017 15:29;812.77;814.58;812.77;813.07;0.19;152.2;813.48
15.01.2017 15:30;813.21;813.21;813.21;813.21;0.07;60.75;813.21
15.01.2017 15:31;0;0;0;0;0;0;0
15.01.2017 15:32;814.75;814.75;812.85;812.85;0.39;313.73;814.15
15.01.2017 15:33;814.97;814.97;814.97;814.97;0.02;12.9;814.97
15.01.2017 15:34;814.82;814.82;813.38;813.38;0.67;543.96;813.53
15.01.2017 15:35;814.89;814.89;814.87;814.87;0.08;68.28;814.87
15.01.2017 15:36;813.84;813.84;813.02;813.02;0.03;25.72;813.67
15.01.2017 15:37;815.07;815.07;815.01;815.01;0.76;617.11;815.01
15.01.2017 15:38;813.56;813.65;813.56;813.65;0.04;28.48;813.62
15.01.2017 15:39;813.26;814.93;813.26;814.93;0.04;32.7;813.68
15.01.2017 15:40;813.06;815.05;813.06;813.27;0.14;109.82;813.45
15.01.2017 15:41;814.84;814.84;813.62;813.62;2.02;1642.75;814.7
15.01.2017 15:42;813.8;815.01;813.8;815.01;0.18;149.56;814.22
15.01.2017 15:43;814.95;814.95;814.95;814.95;0.02;17.62;814.95
15.01.2017 15:44;0;0;0;0;0;0;0
15.01.2017 15:45;813.87;813.89;813.87;813.89;0.18;143.72;813.89
15.01.2017 15:46;814.78;814.78;814.78;814.78;2.7;2197.62;814.78
15.01.2017 15:47;815.07;815.07;815.07;815.07;0.24;195.66;815.07
15.01.2017 15:48;815.04;815.04;813.83;813.83;5.74;4674.28;813.91
15.01.2017 15:49;813.86;815.15;813.85;813.99;0.54;442.45;814.39
15.01.2017 15:50;813.99;813.99;813.87;813.87;0.14;110.91;813.96
15.01.2017 15:51;813.87;815.15;813.87;815.15;4.26;3465.96;813.89
15.01.2017 15:52;815.15;815.15;813.85;813.85;0.97;791.97;814.73
15.01.2017 15:53;814.91;814.91;814.91;814.91;0.06;51.8;814.91
15.01.2017 15:54;814.99;814.99;814.99;814.99;0.36;293.37;814.99
15.01.2017 15:55;814.25;814.28;814.25;814.27;0.54;443;814.27
15.01.2017 15:56;814.21;814.21;814.21;814.21;0.12;95.82;814.21
15.01.2017 15:57;814.19;814.19;814.19;814.19;0.06;49.94;814.19
15.01.2017 15:58;814.24;814.64;814.21;814.48;0.48;393.33;814.42
15.01.2017 15:59;814.18;814.18;813.38;813.38;0.24;192.59;814.06
15.01.2017 16:00;0;0;0;0;0;0;0
15.01.2017 16:01;814.24;814.47;813.27;814.47;10.98;8942.63;814.23
15.01.2017 16:02;814.47;814.99;814.47;814.99;2.99;2432.09;814.49
15.01.2017 16:03;0;0;0;0;0;0;0
15.01.2017 16:04;814.87;814.99;814.87;814.99;0.88;719.14;814.98
15.01.2017 16:05;814.98;815;814.98;815;1.25;1021.52;814.99
15.01.2017 16:06;815.15;815.22;815.15;815.22;0.82;664.8;815.2
15.01.2017 16:07;815.21;815.22;815.21;815.22;0.77;626.45;815.21
15.01.2017 16:08;815.22;815.22;815.22;815.22;0.24;199.68;815.22
15.01.2017 16:09;815.22;815.36;815.22;815.36;0.23;185.99;815.32
15.01.2017 16:10;815.36;815.36;815.21;815.21;0.77;624.85;815.23
15.01.2017 16:11;815.21;815.21;814.39;814.39;0.87;706.47;814.86
15.01.2017 16:12;0;0;0;0;0;0;0
15.01.2017 16:13;815.35;815.35;815.35;815.35;0.23;186;815.35
15.01.2017 16:14;815.35;815.35;815.35;815.35;0.02;14.01;815.35
15.01.2017 16:15;814.5;814.5;814.5;814.5;0.03;26.06;814.5
15.01.2017 16:16;815.36;815.5;815.36;815.5;1.11;901.86;815.43
15.01.2017 16:17;814.92;814.92;814.92;814.92;0.06;48.9;814.92
15.01.2017 16:18;815;815;815;815;0.06;51.37;815
15.01.2017 16:19;815.2;815.2;815.2;815.2;0.04;30.63;815.2
15.01.2017 16:20;814.59;814.59;814.59;814.59;0.02;16.13;814.59
15.01.2017 16:21;815.29;815.4;814.67;814.94;49.82;40626.67;815.39
15.01.2017 16:22;815.07;815.49;815.07;815.49;0.36;295.56;815.37
15.01.2017 16:23;0;0;0;0;0;0;0
15.01.2017 16:24;815.49;815.49;815.49;815.49;1;815.49;815.49
15.01.2017 16:25;815.49;815.49;813.51;815.49;1.46;1189.61;814.73
15.01.2017 16:26;815.49;815.49;815.49;815.49;0.22;181.61;815.49
15.01.2017 16:27;813.58;816.04;813.58;816.04;5.37;4378.75;815.28
15.01.2017 16:28;816.04;816.06;813.44;816.04;0.62;502.38;815.59
15.01.2017 16:29;816.04;816.06;815.19;816.06;0.66;537.26;815.8
15.01.2017 16:30;816.06;816.06;816.06;816.06;0.2;162.13;816.06
15.01.2017 16:31;814.5;814.67;814.5;814.67;0.18;143.62;814.58
15.01.2017 16:32;815.19;816.1;815.19;816.1;5.08;4147.63;816.05
15.01.2017 16:33;816.1;816.1;816.1;816.1;0.01;10.94;816.1
15.01.2017 16:34;816.1;816.1;816.1;816.1;0.25;200.89;816.1
15.01.2017 16:35;816.13;816.2;816.13;816.2;0.24;196.56;816.17
15.01.2017 16:36;816.2;816.2;816.19;816.19;0.51;415.7;816.2
15.01.2017 16:37;816.19;816.19;816.19;816.19;0.1;84.56;816.19
15.01.2017 16:38;816.34;816.34;816.19;816.19;0.52;423.54;816.31
15.01.2017 16:39;0;0;0;0;0;0;0
15.01.2017 16:40;816.19;816.19;816.19;816.19;0.15;122.42;816.19
15.01.2017 16:41;0;0;0;0;0;0;0
15.01.2017 16:42;816.34;816.34;816.34;816.34;0.1;83.11;816.34
15.01.2017 16:43;816.19;816.19;816.19;816.19;0.05;39.94;816.19
15.01.2017 16:44;816.34;816.46;816.19;816.19;1.28;1041.62;816.38
15.01.2017 16:45;816.2;816.2;816.2;816.2;0.05;44.74;816.2
15.01.2017 16:46;816.46;816.46;816.2;816.2;0.13;104.51;816.43
15.01.2017 16:47;0;0;0;0;0;0;0
15.01.2017 16:48;816.46;816.46;816.46;816.46;1.15;937.13;816.46
15.01.2017 16:49;816.28;816.28;816.28;816.28;0.02;19.76;816.28
15.01.2017 16:50;816.31;816.45;816.2;816.2;1.45;1183.39;816.31
15.01.2017 16:51;0;0;0;0;0;0;0
15.01.2017 16:52;0;0;0;0;0;0;0
15.01.2017 16:53;0;0;0;0;0;0;0
15.01.2017 16:54;816.2;816.46;816.2;816.46;0.03;22.59;816.31
15.01.2017 16:55;0;0;0;0;0;0;0
15.01.2017 16:56;816.19;816.19;816.1;816.1;0.02;18.26;816.17
15.01.2017 16:57;0;0;0;0;0;0;0
15.01.2017 16:58;816.1;816.1;816.1;816.1;0.65;530.24;816.1
15.01.2017 16:59;816.41;816.41;816.41;816.41;0.05;37.91;816.41
15.01.2017 17:00;816.41;816.41;816.4;816.4;2.09;1703.73;816.4
15.01.2017 17:01;816.3;816.3;815.19;815.19;0.57;463.55;815.31
15.01.2017 17:02;0;0;0;0;0;0;0
15.01.2017 17:03;0;0;0;0;0;0;0
15.01.2017 17:04;815.03;815.03;812.86;813.15;8.65;7038.21;813.78
15.01.2017 17:05;812.34;812.34;812.23;812.23;0.13;105.6;812.33
15.01.2017 17:06;812.01;812.19;810.71;810.71;19.98;16225.33;811.88
15.01.2017 17:07;811.73;811.73;811.64;811.64;3.36;2724.11;811.67
15.01.2017 17:08;811.52;811.52;811.3;811.3;0.2;159.85;811.38
15.01.2017 17:09;811.19;811.85;811.19;811.85;0.04;31.92;811.68
15.01.2017 17:10;0;0;0;0;0;0;0
15.01.2017 17:11;811.81;811.81;811.81;811.81;0.02;14.83;811.81
15.01.2017 17:12;811.61;811.61;811.44;811.44;0.57;461.48;811.57
15.01.2017 17:13;811.26;811.26;811.26;811.26;0.02;17.24;811.26
15.01.2017 17:14;811.1;811.85;811.06;811.85;0.44;354.59;811.3
15.01.2017 17:15;0;0;0;0;0;0;0
15.01.2017 17:16;811.84;811.84;811.84;811.84;0.12;97.87;811.84
15.01.2017 17:17;811.84;811.84;811.84;811.84;0.29;236.1;811.84
15.01.2017 17:18;811.84;812;811.84;812;38.16;30981.88;811.99
15.01.2017 17:19;812;812;812;812;0.04;32.48;812
15.01.2017 17:20;0;0;0;0;0;0;0
15.01.2017 17:21;812;812;811.26;811.26;0.59;476.91;811.4
15.01.2017 17:22;0;0;0;0;0;0;0
15.01.2017 17:23;811.93;811.93;811.93;811.93;0.02;13.8;811.93
15.01.2017 17:24;811.98;811.98;811.98;811.98;0.51;412.58;811.98
15.01.2017 17:25;811.98;811.98;811.98;811.98;0.03;24.3;811.98
15.01.2017 17:26;811.66;811.66;810;810;100;81031.73;810.32
15.01.2017 17:27;811.33;811.33;808.35;809.12;72.5;58710.9;809.77
15.01.2017 17:28;809.12;809.48;808.46;809.48;3.22;2601.06;808.82
15.01.2017 17:29;809.67;809.67;809.67;809.67;0.38;309.89;809.67
15.01.2017 17:30;809.61;809.62;808.03;809.38;2.1;1696.8;808.8
15.01.2017 17:31;0;0;0;0;0;0;0
15.01.2017 17:32;809.41;812.5;809.41;812.5;72.78;58946.89;809.97
15.01.2017 17:33;812.46;812.55;812.46;812.55;0.06;51.95;812.54
15.01.2017 17:34;812.55;812.75;812.55;812.75;0.35;286.6;812.67
15.01.2017 17:35;812.75;812.75;812.75;812.75;0.11;89.35;812.75
15.01.2017 17:36;812.75;812.92;811.55;812.75;0.48;390.41;812.61
15.01.2017 17:37;0;0;0;0;0;0;0
15.01.2017 17:38;811.46;811.46;810.52;810.52;0.54;441.49;810.94
15.01.2017 17:39;811.45;811.45;811.45;811.45;0.15;121.37;811.45
15.01.2017 17:40;0;0;0;0;0;0;0
15.01.2017 17:41;811.09;811.45;811.09;811.45;0.85;693.03;811.14
15.01.2017 17:42;811.45;811.74;811.45;811.74;0.36;293.71;811.58
15.01.2017 17:43;811.85;811.85;811.85;811.85;0.07;59.26;811.85
15.01.2017 17:44;812.41;812.41;812.41;812.41;0.09;69.81;812.41
15.01.2017 17:45;810.89;812.43;810.89;811.81;5.47;4440.95;812.3
15.01.2017 17:46;812.45;812.45;812.45;812.45;0.01;8.12;812.45
15.01.2017 17:47;812.92;812.92;812.92;812.92;0.08;65.76;812.92
15.01.2017 17:48;812.62;812.67;810.68;810.68;48.2;39076.42;810.77
15.01.2017 17:49;812.81;812.81;812.72;812.74;3.1;2522.74;812.74
15.01.2017 17:50;812.91;812.91;812.91;812.91;16.72;13595.07;812.91
15.01.2017 17:51;812.91;812.91;812.86;812.86;0.29;235.89;812.9
15.01.2017 17:52;812.79;812.91;812.79;812.91;0.14;112.83;812.9
15.01.2017 17:53;812.89;812.91;812.83;812.83;0.64;519.94;812.89
15.01.2017 17:54;812.89;812.89;812.89;812.89;2.1;1703.48;812.89
15.01.2017 17:55;812.81;812.82;812.8;812.8;1.11;902.25;812.81
15.01.2017 17:56;812.91;812.91;812.91;812.91;0.09;75.6;812.91
15.01.2017 17:57;812.91;812.91;812.91;812.91;0.07;60.63;812.91
15.01.2017 17:58;812.91;812.91;812.91;812.91;0.3;240.54;812.91
15.01.2017 17:59;812.91;812.91;812.91;812.91;0.09;76.41;812.91
15.01.2017 18:00;812.88;812.88;812.88;812.88;0.1;81.29;812.88
15.01.2017 18:01;812.88;812.91;812.88;812.91;0.08;66.33;812.89
15.01.2017 18:02;812.91;812.91;812.79;812.82;0.62;504.32;812.84
15.01.2017 18:03;811.67;811.67;810.01;810.01;35;28368.37;810.52
15.01.2017 18:04;810.55;811.69;810.55;811.69;0.24;190.94;810.84
15.01.2017 18:05;811.89;811.89;811.22;811.22;0.04;35.71;811.68
15.01.2017 18:06;811.21;811.21;810.96;810.96;1.88;1523.79;811
15.01.2017 18:07;810.6;811.47;809.45;811.47;10.01;8108.39;809.81
15.01.2017 18:08;0;0;0;0;0;0;0
15.01.2017 18:09;811.52;812.94;811.41;812.94;44.96;36547.5;812.89
15.01.2017 18:10;0;0;0;0;0;0;0
15.01.2017 18:11;812.95;813;812.95;813;0.1;81.3;813
15.01.2017 18:12;811.95;811.95;809.42;811.15;23.84;19301.64;809.54
15.01.2017 18:13;811.83;812.97;811.83;812.97;0.07;55.27;812.78
15.01.2017 18:14;812.96;813;812.96;813;0.01;11.38;812.97
15.01.2017 18:15;812.99;812.99;812.99;812.99;0.34;276.7;812.99
15.01.2017 18:16;812.99;813.16;812.99;813.16;20.35;16548.33;812.99
15.01.2017 18:17;813.15;813.18;813.15;813.18;0.1;81.63;813.17
15.01.2017 18:18;813.18;813.34;813.18;813.34;0.34;272.69;813.21
15.01.2017 18:19;0;0;0;0;0;0;0
15.01.2017 18:20;813.13;813.13;813.13;813.13;0.06;46.35;813.13
15.01.2017 18:21;812.78;813.37;812.78;813.37;3.65;2968.47;812.79
15.01.2017 18:22;813.36;813.36;813.02;813.36;0.34;275;813.24
15.01.2017 18:23;813.36;813.37;813.36;813.37;0.09;75.64;813.37
15.01.2017 18:24;813.37;813.61;813.37;813.61;0.66;536.94;813.46
15.01.2017 18:25;813.61;813.65;813.61;813.65;3.76;3060.13;813.61
15.01.2017 18:26;813.65;813.82;813.65;813.82;0.25;202.83;813.75
15.01.2017 18:27;813.87;813.9;813.87;813.9;0.25;205.1;813.88
15.01.2017 18:28;813.9;813.9;813.86;813.87;0.25;205.77;813.87
15.01.2017 18:29;813.89;813.89;813.89;813.89;0.02;14.65;813.89
15.01.2017 18:30;813.64;813.89;813.64;813.89;0.06;49.54;813.8
15.01.2017 18:31;813.69;813.69;813.68;813.68;0.77;628.4;813.68
15.01.2017 18:32;813.67;813.67;813.67;813.67;0.05;42.31;813.67
15.01.2017 18:33;813.67;813.67;813.67;813.67;0.05;42.31;813.67
15.01.2017 18:34;813.64;813.64;813;813;0.5;404.2;813.03
15.01.2017 18:35;813.63;813.63;813.63;813.63;0.1;77.29;813.63
15.01.2017 18:36;813.63;813.69;813.63;813.69;0.55;447.82;813.64
15.01.2017 18:37;813.88;813.88;813.77;813.77;0.16;132.65;813.82
15.01.2017 18:38;813.72;813.72;813.63;813.63;0.12;98.46;813.69
15.01.2017 18:39;813.64;813.64;813.64;813.64;0.18;146.46;813.64
15.01.2017 18:40;813.89;813.89;813.89;813.89;0.21;167.92;813.89
15.01.2017 18:41;813.89;813.89;813.89;813.89;0.19;155.38;813.89
15.01.2017 18:42;813.89;813.89;813.89;813.89;0.21;172.56;813.89
15.01.2017 18:43;813.89;813.89;813.89;813.89;0.06;44.76;813.89
15.01.2017 18:44;813.89;813.89;813.89;813.89;0.03;25.23;813.89
15.01.2017 18:45;0;0;0;0;0;0;0
15.01.2017 18:46;813.89;813.89;812.73;812.73;1.36;1107.49;813.19
15.01.2017 18:47;813.84;813.84;813.78;813.78;0.56;453.28;813.79
15.01.2017 18:48;813.9;813.9;813.9;813.9;0.11;93.14;813.9
15.01.2017 18:49;813.89;813.89;813.89;813.89;0.03;21.74;813.89
15.01.2017 18:50;813.89;813.89;813.89;813.89;0.04;30.11;813.89
15.01.2017 18:51;813.89;813.89;813.89;813.89;0.09;72.44;813.89
15.01.2017 18:52;813.42;813.89;813.42;813.89;0.26;209.09;813.59
15.01.2017 18:53;813.89;813.89;813.69;813.69;1.05;856.21;813.88
15.01.2017 18:54;813.89;813.89;813.18;813.83;3.65;2965.78;813.43
15.01.2017 18:55;813.79;813.84;813.79;813.84;9.65;7852.46;813.79
15.01.2017 18:56;813.52;813.52;813.52;813.52;12.23;9948.63;813.52
15.01.2017 18:57;813.9;813.9;813.9;813.9;0.15;123.55;813.9
15.01.2017 18:58;813.9;813.9;813.9;813.9;0.07;56.19;813.9
15.01.2017 18:59;813.96;814.06;813.96;814.06;0.1;77.33;814.05
15.01.2017 19:00;814.09;814.09;814.09;814.09;14.34;11677.39;814.09
15.01.2017 19:01;0;0;0;0;0;0;0
15.01.2017 19:02;0;0;0;0;0;0;0
15.01.2017 19:03;0;0;0;0;0;0;0
15.01.2017 19:04;814.07;814.07;814.07;814.07;3.64;2966.96;814.07
15.01.2017 19:05;0;0;0;0;0;0;0
15.01.2017 19:06;0;0;0;0;0;0;0
15.01.2017 19:07;814.07;814.07;814.07;814.07;4.76;3874.97;814.07
15.01.2017 19:08;814.07;814.07;814.07;814.07;3.79;3081.25;814.07
15.01.2017 19:09;0;0;0;0;0;0;0
15.01.2017 19:10;814.07;814.07;814.07;814.07;4.09;3327.04;814.07
15.01.2017 19:11;0;0;0;0;0;0;0
15.01.2017 19:12;814.07;814.07;814.07;814.07;0.03;21.36;814.07
15.01.2017 19:13;0;0;0;0;0;0;0
15.01.2017 19:14;814.07;814.07;814.07;814.07;0.18;146.23;814.07
15.01.2017 19:15;0;0;0;0;0;0;0
15.01.2017 19:16;0;0;0;0;0;0;0
15.01.2017 19:17;814.07;814.07;814.07;814.07;0.71;578.67;814.07
15.01.2017 19:18;814.07;815;814.07;815;12.25;9975.05;814.29
15.01.2017 19:19;814.77;814.99;813.87;814.99;3.89;3166.06;814.71
15.01.2017 19:20;815;815;813.91;814.97;1.73;1405.57;814.22
15.01.2017 19:21;814.97;814.97;814.97;814.97;0.01;11.86;814.97
15.01.2017 19:22;814.97;814.97;814.97;814.97;0.01;12;814.97
15.01.2017 19:23;814.94;814.94;813.99;813.99;0.16;130.92;814.04
15.01.2017 19:24;813.94;814.97;813.86;813.87;0.31;251.28;813.92
15.01.2017 19:25;814.94;814.95;814.77;814.77;2.18;1777.93;814.82
15.01.2017 19:26;814.77;814.78;814.77;814.77;1.32;1076.24;814.77
15.01.2017 19:27;814.77;814.78;814.77;814.77;0.26;215.1;814.77
15.01.2017 19:28;814.78;814.98;814.77;814.77;0.92;748.37;814.78
15.01.2017 19:29;814.95;814.95;814.95;814.95;0.08;62.1;814.95
15.01.2017 19:30;813.77;813.77;813.77;813.77;0.2;162.75;813.77
15.01.2017 19:31;814.95;814.98;814.95;814.98;0.06;50.75;814.97
15.01.2017 19:32;814.98;814.98;814.98;814.98;0.27;219.25;814.98
15.01.2017 19:33;814.98;814.98;814.98;814.98;0.08;66.18;814.98
15.01.2017 19:34;814.98;814.98;814.98;814.98;0.04;32.72;814.98
15.01.2017 19:35;814.98;814.98;814.98;814.98;0.1;83.12;814.98
15.01.2017 19:36;814.98;814.98;814.98;814.98;0.03;25.85;814.98
15.01.2017 19:37;0;0;0;0;0;0;0
15.01.2017 19:38;814.98;814.98;814.98;814.98;0.15;120.79;814.98
15.01.2017 19:39;814.98;814.98;813.78;813.78;0.14;110.2;814.45
15.01.2017 19:40;814.98;814.98;814.98;814.98;0.04;33.41;814.98
15.01.2017 19:41;814.98;814.98;808.5;808.5;90.85;73722.02;811.44
15.01.2017 19:42;808.41;813.77;808;813;3.81;3084.83;809.08
15.01.2017 19:43;812.96;812.96;812.11;812.11;0.18;145.22;812.37
15.01.2017 19:44;812.1;812.1;811.78;811.78;0.34;275.38;811.86
15.01.2017 19:45;810.29;811.52;810.29;811.52;0.51;410.44;810.37
15.01.2017 19:46;811.17;811.17;811.17;811.17;0.06;50.29;811.17
15.01.2017 19:47;811.1;811.1;810.94;810.94;0.4;326.32;811.05
15.01.2017 19:48;810.91;810.91;810.91;810.91;0.04;33.8;810.91
15.01.2017 19:49;810.54;810.88;808.12;810.88;8.77;7091.44;808.65
15.01.2017 19:50;810.09;810.09;810.09;810.09;0.04;30.78;810.09
15.01.2017 19:51;810.09;810.09;810.09;810.09;0.07;57.11;810.09
15.01.2017 19:52;810.09;810.09;810.09;810.09;0.12;95.59;810.09
15.01.2017 19:53;810.09;810.09;809.6;809.6;0.19;150.6;809.63
15.01.2017 19:54;809.64;810;809.64;809.96;0.48;387.34;809.74
15.01.2017 19:55;809.88;809.88;809.88;809.88;0.02;19.44;809.88
15.01.2017 19:56;809.87;810.08;809.68;810.05;9.36;7578.88;809.74
15.01.2017 19:57;810.09;810.88;810.09;810.88;0.97;786.29;810.57
15.01.2017 19:58;811.21;811.9;811.15;811.89;0.83;674.56;811.43
15.01.2017 19:59;811.89;811.89;811.89;811.89;0.12;95.8;811.89
15.01.2017 20:00;811.89;811.89;811.89;811.89;0.56;455.15;811.89
15.01.2017 20:01;811.89;811.89;811.89;811.89;0.05;38.97;811.89
15.01.2017 20:02;811.89;811.89;811.89;811.89;0.18;147.92;811.89
15.01.2017 20:03;811.89;811.89;811.89;811.89;0.13;103.11;811.89
15.01.2017 20:04;811.89;811.89;811.04;811.89;1.42;1156.47;811.7
15.01.2017 20:05;811.89;811.89;811.89;811.89;0.1;81.94;811.89
15.01.2017 20:06;811.89;811.89;811.89;811.89;0.22;176.83;811.89
15.01.2017 20:07;811.9;811.9;811.9;811.9;0.05;40.6;811.9
15.01.2017 20:08;811.89;811.9;811.89;811.9;0.03;24.65;811.89
15.01.2017 20:09;811.89;811.89;811.89;811.89;0.05;43.28;811.89
15.01.2017 20:10;811.89;811.89;811.89;811.89;0.2;160.75;811.89
15.01.2017 20:11;811.89;811.9;811.89;811.9;5.03;4080.69;811.89
15.01.2017 20:12;811.9;812.29;811.9;812.29;0.38;311.83;812.05
15.01.2017 20:13;0;0;0;0;0;0;0
15.01.2017 20:14;812.29;812.29;812.29;812.29;0.49;398.02;812.29
15.01.2017 20:15;812.29;812.29;812.29;812.29;0.05;38.18;812.29
15.01.2017 20:16;812.29;812.29;812.29;812.29;0.17;140.6;812.29
15.01.2017 20:17;812.26;812.29;812.26;812.29;0.29;233.43;812.28
15.01.2017 20:18;812.29;812.29;812.29;812.29;50.58;41086.84;812.29
15.01.2017 20:19;812.3;812.3;812.29;812.29;0.47;377.82;812.3
15.01.2017 20:20;812.33;812.34;812.33;812.34;0.32;262.64;812.34
15.01.2017 20:21;812.35;812.35;812.35;812.35;0.23;186.84;812.35
15.01.2017 20:22;812.35;812.44;812.35;812.44;0.41;332.97;812.38
15.01.2017 20:23;812.44;812.71;812.44;812.71;0.11;90.87;812.47
15.01.2017 20:24;812.71;812.71;812.71;812.71;0.05;42.26;812.71
15.01.2017 20:25;812.71;812.71;812.71;812.71;0.03;25.43;812.71
15.01.2017 20:26;0;0;0;0;0;0;0
15.01.2017 20:27;812.76;812.77;812.76;812.77;0.9;731.49;812.77
15.01.2017 20:28;812.77;812.77;812.72;812.77;1.33;1077.71;812.73
15.01.2017 20:29;812.77;812.77;812.77;812.77;0.03;20.67;812.77
15.01.2017 20:30;812.77;812.77;812.77;812.77;0.1;80.46;812.77
15.01.2017 20:31;812.77;812.78;812.77;812.78;0.31;250.64;812.77
15.01.2017 20:32;812.8;813.09;812.78;813.09;0.38;308.94;812.82
15.01.2017 20:33;813.09;813.16;813.09;813.16;0.33;266.27;813.13
15.01.2017 20:34;813.16;813.2;813.16;813.2;0.21;173.21;813.18
15.01.2017 20:35;813.2;813.4;813.2;813.4;0.13;108.16;813.23
15.01.2017 20:36;812.81;813.4;812.81;813.4;0.17;134.93;813
15.01.2017 20:37;813.4;813.56;813.4;813.56;0.13;103.86;813.47
15.01.2017 20:38;0;0;0;0;0;0;0
15.01.2017 20:39;813.45;813.45;813.45;813.45;0.06;52.06;813.45
15.01.2017 20:40;813.45;813.6;813.45;813.6;0.13;105.48;813.57
15.01.2017 20:41;813.6;813.61;812.83;813.61;0.07;58.98;813.1
15.01.2017 20:42;813.61;813.65;812.83;812.83;0.56;453.58;813.52
15.01.2017 20:43;812.86;813.64;812.86;813.64;0.1;78.44;813.04
15.01.2017 20:44;813.64;813.65;813.64;813.65;0.21;169.16;813.64
15.01.2017 20:45;813.65;813.99;813.65;813.99;0.38;307.94;813.85
15.01.2017 20:46;813.99;813.99;813.99;813.99;0.04;33.37;813.99
15.01.2017 20:47;813.99;813.99;813.99;813.99;0.01;10.32;813.99
15.01.2017 20:48;813.99;815;813.99;815;8.37;6821;814.84
15.01.2017 20:49;815;815;814.58;814.94;2.31;1878.31;814.59
15.01.2017 20:50;813.78;815.45;813.78;815.45;4.9;3993.71;815.05
15.01.2017 20:51;815.45;816.62;815.45;816.62;17.01;13888.97;816.3
15.01.2017 20:52;816.62;816.62;816.62;816.62;0.69;560.6;816.62
15.01.2017 20:53;816.62;816.62;815.7;816.6;0.5;411.41;816.56
15.01.2017 20:54;816.6;816.6;816.59;816.59;0.08;61.81;816.6
15.01.2017 20:55;816.59;816.6;815.97;815.97;10.08;8227.5;816.16
15.01.2017 20:56;815.98;815.98;815.96;815.96;2.05;1675.9;815.96
15.01.2017 20:57;815.97;815.97;815.96;815.96;8.64;7050.07;815.96
15.01.2017 20:58;815.95;815.95;815.95;815.95;0.02;15.5;815.95
15.01.2017 20:59;815.95;815.96;815.95;815.96;0.05;37.35;815.96
15.01.2017 21:00;815.96;816.87;815.96;816.61;15.81;12914.06;816.62
15.01.2017 21:01;816.64;816.68;816.63;816.68;3.86;3152.96;816.66
15.01.2017 21:02;816.87;816.9;816.87;816.9;0.4;330.02;816.89
15.01.2017 21:03;816.9;816.9;816.89;816.9;5.43;4432.07;816.89
15.01.2017 21:04;816.88;816.89;815.33;816.89;1.07;871.91;816.08
15.01.2017 21:05;816.8;816.8;816.8;816.8;0.3;248.75;816.8
15.01.2017 21:06;0;0;0;0;0;0;0
15.01.2017 21:07;0;0;0;0;0;0;0
15.01.2017 21:08;816.9;817.18;816.52;816.55;2.37;1937.54;816.84
15.01.2017 21:09;816.55;816.55;815.38;815.42;0.58;472.63;816.28
15.01.2017 21:10;816.92;816.92;815.48;815.48;0.47;382.26;816.7
15.01.2017 21:11;816.69;816.69;816.6;816.6;0.12;94.22;816.63
15.01.2017 21:12;0;0;0;0;0;0;0
15.01.2017 21:13;0;0;0;0;0;0;0
15.01.2017 21:14;0;0;0;0;0;0;0
15.01.2017 21:15;816.47;816.47;816.47;816.47;0.07;53.38;816.47
15.01.2017 21:16;816.99;816.99;816.99;816.99;0.04;33.84;816.99
15.01.2017 21:17;0;0;0;0;0;0;0
15.01.2017 21:18;816.94;817.15;816.94;817.15;0.1;84.77;817.02
15.01.2017 21:19;817.07;817.07;817.07;817.07;0.01;10.77;817.07
15.01.2017 21:20;816.6;816.6;815.89;815.89;0.61;497.71;815.91
15.01.2017 21:21;816.25;816.25;816.25;816.25;0.18;143.98;816.25
15.01.2017 21:22;816.25;816.25;816.25;816.25;0.01;6.94;816.25
15.01.2017 21:23;816;816.97;815.76;816.97;0.62;504.17;815.92
15.01.2017 21:24;0;0;0;0;0;0;0
15.01.2017 21:25;816.94;817.24;816.22;817.24;4.7;3838.04;816.97
15.01.2017 21:26;817.24;817.24;817.24;817.24;0.13;103.82;817.24
15.01.2017 21:27;817.24;817.24;816.27;817.24;3.4;2781.87;817.01
15.01.2017 21:28;816.3;816.3;816.3;816.3;0.04;30.2;816.3
15.01.2017 21:29;816.42;816.42;816.25;816.25;0.44;358.36;816.31
15.01.2017 21:30;816.45;816.78;815.78;816.78;0.72;590.14;816.5
15.01.2017 21:31;816.64;816.64;816.59;816.59;0.43;349.8;816.6
15.01.2017 21:32;817.24;817.24;817.24;817.24;0.05;43.31;817.24
15.01.2017 21:33;817.13;817.13;817.13;817.13;0.01;8.17;817.13
15.01.2017 21:34;815.81;815.81;815.81;815.81;0.01;8.16;815.81
15.01.2017 21:35;816.02;817.06;816.01;817.06;65.01;53049.73;816.02
15.01.2017 21:36;817.22;817.22;817.22;817.22;0.06;49.88;817.22
15.01.2017 21:37;817.2;817.2;813;813;31.01;25263.57;814.69
15.01.2017 21:38;0;0;0;0;0;0;0
15.01.2017 21:39;815.94;815.94;815.94;815.94;0.04;32.64;815.94
15.01.2017 21:40;815.94;815.94;815.94;815.94;0.13;103.06;815.94
15.01.2017 21:41;815.91;815.91;815.91;815.91;17.98;14669.65;815.91
15.01.2017 21:42;815.91;815.91;815.9;815.9;0.02;18.65;815.91
15.01.2017 21:43;815.83;815.83;815.82;815.82;0.59;480.35;815.83
15.01.2017 21:44;815.81;815.96;815.8;815.96;0.89;722.83;815.86
15.01.2017 21:45;815.82;815.96;815.82;815.96;0.06;52.31;815.87
15.01.2017 21:46;815.82;815.82;815.82;815.82;0.12;99.53;815.82
15.01.2017 21:47;815.96;815.96;815.96;815.96;0.13;102.81;815.96
15.01.2017 21:48;0;0;0;0;0;0;0
15.01.2017 21:49;815.96;815.96;815.96;815.96;2.96;2418.95;815.96
15.01.2017 21:50;815.83;815.83;815.82;815.82;0.26;215.38;815.83
15.01.2017 21:51;815.82;815.96;815.8;815.8;1.15;941.04;815.84
15.01.2017 21:52;815.9;815.9;813.79;815.9;1.07;874.52;815.78
15.01.2017 21:53;815.86;815.86;815.75;815.75;0.26;209.7;815.77
15.01.2017 21:54;815.74;815.74;815.74;815.74;0.37;303.46;815.74
15.01.2017 21:55;815.74;815.74;815.74;815.74;0.06;48.13;815.74
15.01.2017 21:56;814.2;815.74;814.2;815.74;0.06;45.94;815.03
15.01.2017 21:57;815.74;815.74;815.74;815.74;0.27;221.59;815.74
15.01.2017 21:58;815.74;815.87;814.66;815.87;1.56;1274.32;814.97
15.01.2017 21:59;815.87;815.87;815.04;815.04;0.47;383.29;815.08
15.01.2017 22:00;815.14;815.87;815.14;815.87;1.76;1437.51;815.17
15.01.2017 22:01;815.87;815.87;815.87;815.87;0.86;704.26;815.87
15.01.2017 22:02;815.55;815.87;815.48;815.56;0.81;657.11;815.65
15.01.2017 22:03;815.56;815.87;815.56;815.87;0.78;635.52;815.59
15.01.2017 22:04;0;0;0;0;0;0;0
15.01.2017 22:05;815.71;815.71;815.71;815.71;0.13;105.07;815.71
15.01.2017 22:06;815.69;815.69;815.67;815.67;0.33;267.47;815.67
15.01.2017 22:07;815.67;815.67;815.67;815.67;0.08;64.44;815.67
15.01.2017 22:08;0;0;0;0;0;0;0
15.01.2017 22:09;0;0;0;0;0;0;0
15.01.2017 22:10;0;0;0;0;0;0;0
15.01.2017 22:11;815.79;815.79;815.75;815.75;0.25;206.51;815.77
15.01.2017 22:12;815.75;815.75;815.41;815.41;0.04;34.25;815.55
15.01.2017 22:13;815.2;815.2;815.2;815.2;2.96;2412.99;815.2
15.01.2017 22:14;815.71;815.71;815.71;815.71;0.1;81.57;815.71
15.01.2017 22:15;815.67;815.67;815.17;815.17;18.66;15221.59;815.65
15.01.2017 22:16;815.17;815.48;813.8;813.8;3.03;2472.9;815.15
15.01.2017 22:17;813.8;814.92;813.8;814.8;0.23;185.26;814.09
15.01.2017 22:18;814.61;814.61;814.61;814.61;0.04;29.33;814.61
15.01.2017 22:19;814.46;814.8;814.46;814.74;0.15;123.84;814.72
15.01.2017 22:20;814.5;814.53;814.5;814.53;1.18;961.93;814.5
15.01.2017 22:21;814.52;814.52;814.43;814.43;0.22;178.74;814.49
15.01.2017 22:22;814.83;814.83;814.65;814.65;0.25;202.06;814.77
15.01.2017 22:23;814.62;814.62;814.62;814.62;0.3;247.1;814.62
15.01.2017 22:24;814.51;814.51;814.36;814.39;1.1;894.71;814.36
15.01.2017 22:25;814.39;814.39;814.39;814.39;0.22;181.61;814.39
15.01.2017 22:26;814.77;814.77;814.74;814.74;0.04;28.59;814.76
15.01.2017 22:27;814.84;815.84;814.84;815.36;0.17;135.42;815.34
15.01.2017 22:28;815.37;815.37;814.95;814.95;0.44;356.16;815.12
15.01.2017 22:29;0;0;0;0;0;0;0
15.01.2017 22:30;815.33;815.49;815.33;815.49;0.13;107.53;815.37
15.01.2017 22:31;815.5;815.5;815.49;815.49;0.21;168.52;815.49
15.01.2017 22:32;0;0;0;0;0;0;0
15.01.2017 22:33;815.5;815.5;815.5;815.5;1.36;1108.92;815.5
15.01.2017 22:34;815.49;815.5;815.49;815.49;4.98;4057.77;815.49
15.01.2017 22:35;815.49;815.49;815.49;815.49;0.13;108.49;815.49
15.01.2017 22:36;815.49;815.49;815.49;815.49;0.4;325.46;815.49
15.01.2017 22:37;815.5;815.84;815.5;815.84;10.94;8924.06;815.5
15.01.2017 22:38;816.22;816.22;816.22;816.22;0.03;24.42;816.22
15.01.2017 22:39;816.22;816.23;815.84;815.95;0.37;305.62;816.13
15.01.2017 22:40;816.08;816.23;815.9;815.9;20.11;16411.39;816.11
15.01.2017 22:41;0;0;0;0;0;0;0
15.01.2017 22:42;816.22;816.22;815.91;815.91;0.25;204.46;816.19
15.01.2017 22:43;0;0;0;0;0;0;0
15.01.2017 22:44;816.2;816.2;815.91;815.91;0.17;137.09;816.01
15.01.2017 22:45;815.95;815.95;815.94;815.94;0.84;687.81;815.94
15.01.2017 22:46;815.86;815.9;815.53;815.53;0.52;425.89;815.83
15.01.2017 22:47;816.23;816.23;816.23;816.23;0.23;187.69;816.23
15.01.2017 22:48;816.23;816.67;816.23;816.67;0.24;197.59;816.48
15.01.2017 22:49;816.67;816.68;816.67;816.68;0.42;340;816.68
15.01.2017 22:50;816.01;816.58;816.01;816.58;0.13;102.05;816.44
15.01.2017 22:51;816.58;816.67;816.58;816.67;0.26;213.72;816.65
15.01.2017 22:52;816.24;816.24;816.22;816.22;0.62;508.12;816.23
15.01.2017 22:53;816.22;816.22;815.74;816.22;0.51;419.99;816.19
15.01.2017 22:54;816.22;816.22;816.22;816.22;0.21;173.7;816.22
15.01.2017 22:55;815.74;816.22;815.74;815.74;10.83;8837.54;815.75
15.01.2017 22:56;816.22;816.22;816.22;816.22;0.04;31.83;816.22
15.01.2017 22:57;816.22;816.22;816.22;816.22;0.07;57.14;816.22
15.01.2017 22:58;0;0;0;0;0;0;0
15.01.2017 22:59;816.23;816.23;816.23;816.23;0.07;57.14;816.23
15.01.2017 23:00;816.23;816.23;816.23;816.23;1.43;1164.28;816.23
15.01.2017 23:01;816.68;816.78;816.68;816.78;0.46;376.01;816.72
15.01.2017 23:02;816.84;817.58;816.84;817.58;14.02;11455.85;817.26
15.01.2017 23:03;817.59;817.77;817.59;817.77;1.23;1004.96;817.71
15.01.2017 23:04;817.76;817.76;817.76;817.76;0.36;291.64;817.76
15.01.2017 23:05;0;0;0;0;0;0;0
15.01.2017 23:06;817.67;818.02;817.67;818.02;1.08;883.32;817.89
15.01.2017 23:07;818.02;818.02;818.02;818.02;0.01;6.33;818.02
15.01.2017 23:08;817.83;818.02;817.83;818.02;0.79;645.96;817.97
15.01.2017 23:09;818.03;818.53;818.03;818.53;3.49;2854.11;818.27
15.01.2017 23:10;818.56;818.92;818.56;818.92;9.93;8128.68;818.91
15.01.2017 23:11;818.92;819.01;818.92;819.01;11.92;9760.78;818.95
15.01.2017 23:12;819.08;820.28;819.08;820.28;10.84;8888.52;819.81
15.01.2017 23:13;820.28;820.35;820.28;820.35;1.34;1095.85;820.32
15.01.2017 23:14;820.35;822.89;820.35;821.97;24.25;19936.82;822.11
15.01.2017 23:15;822.06;822.89;822.06;822.89;2.41;1982.3;822.87
15.01.2017 23:16;822.23;822.37;822.23;822.37;0.06;49.34;822.3
15.01.2017 23:17;822.39;822.46;822.39;822.45;0.16;131.59;822.44
15.01.2017 23:18;822.45;822.45;821.95;821.95;0.38;311.69;822.4
15.01.2017 23:19;821.95;822.88;821.94;821.94;0.47;386.02;821.96
15.01.2017 23:20;821.94;822.74;820.04;820.04;31.27;25663.66;820.7
15.01.2017 23:21;821.44;821.44;820.04;820.05;1.98;1628.54;821.15
15.01.2017 23:22;820.05;820.05;820.05;820.05;0.06;49.2;820.05
15.01.2017 23:23;820.11;820.16;820.11;820.11;1.06;869.37;820.16
15.01.2017 23:24;821.46;821.46;819.99;819.99;0.26;211.03;821.14
15.01.2017 23:25;820;821;820;820;6.8;5577.88;820.27
15.01.2017 23:26;821;821;820.01;820.01;0.6;489.66;820.32
15.01.2017 23:27;820.01;820.01;820.01;820.01;0.06;49.2;820.01
15.01.2017 23:28;820.01;822.83;819.99;821.63;26.14;21481.95;821.81
15.01.2017 23:29;821.69;822.6;821.66;822.47;1.04;852.01;822.44
15.01.2017 23:30;821.58;822.79;820.6;820.88;0.14;112.63;821.66
15.01.2017 23:31;821.42;821.99;821.42;821.99;0.06;49.3;821.63
15.01.2017 23:32;821.99;822.09;821.99;822.09;0.2;166.64;822.06
15.01.2017 23:33;821.99;821.99;821.65;821.65;0.34;280.29;821.96
15.01.2017 23:34;821.53;821.53;821.42;821.42;0.61;497.75;821.49
15.01.2017 23:35;821.51;822.86;821.51;821.66;3.01;2473.54;821.69
15.01.2017 23:36;821.66;821.66;821.66;821.66;0.06;49.3;821.66
15.01.2017 23:37;821.66;821.68;821.66;821.68;0.06;49.3;821.67
15.01.2017 23:38;821.69;822.24;821.66;821.73;0.49;401.84;822.17
15.01.2017 23:39;822.11;822.79;821.75;822.79;0.24;198.3;822.29
15.01.2017 23:40;822.73;822.73;821.66;821.66;0.23;186.33;822.36
15.01.2017 23:41;822.53;822.53;821.84;821.84;0.51;416.16;822.32
15.01.2017 23:42;821.86;822.86;821.86;822.73;0.32;261.24;822.63
15.01.2017 23:43;822.05;822.47;821.99;822.47;0.23;188.33;822.36
15.01.2017 23:44;821.99;822.41;821.74;821.78;0.93;763.19;821.88
15.01.2017 23:45;821.78;822.27;821.78;822.27;0.06;47.67;821.94
15.01.2017 23:46;821.79;822.27;821.79;822.27;0.12;102.06;822.12
15.01.2017 23:47;821.79;822.27;821.79;821.79;0.32;259.46;822.18
15.01.2017 23:48;821.79;821.79;821.79;821.79;0.06;49.31;821.79
15.01.2017 23:49;822.32;822.86;821.81;822.77;0.18;149.24;822.37
15.01.2017 23:50;821.95;822.13;821.95;822.13;0.06;49.32;822.04
15.01.2017 23:51;822.6;822.61;822.22;822.58;0.21;175.2;822.51
15.01.2017 23:52;821.93;822.09;821.93;822.09;0.06;51.29;822.01
15.01.2017 23:53;822.18;822.27;821.92;821.92;3.06;2516.14;822.27
15.01.2017 23:54;821.98;822.82;821.8;821.8;2.89;2375.93;821.84
15.01.2017 23:55;821.8;821.8;821.8;821.8;0.98;802.65;821.8
15.01.2017 23:56;821.8;821.8;821.8;821.8;0.06;49.31;821.8
15.01.2017 23:57;821.8;821.82;821.8;821.82;0.06;49.31;821.81
15.01.2017 23:58;821.84;822;821.84;821.86;12.31;10119.51;822
15.01.2017 23:59;821.85;821.86;821.85;821.86;0.06;49.31;821.85
16.01.2017 00:00;821.86;822.25;821.85;821.85;0.39;324.58;822.19
16.01.2017 00:01;821.86;822.25;821.86;821.86;0.14;118.71;822.09
16.01.2017 00:02;822.22;822.25;821.85;822.25;0.46;381.55;822.18
16.01.2017 00:03;822.25;822.62;821.86;821.86;0.32;259.62;822.36
16.01.2017 00:04;821.88;822.65;821.88;821.98;0.3;247.14;822.5
16.01.2017 00:05;822.63;822.63;822.48;822.57;0.13;109.04;822.54
16.01.2017 00:06;822.57;822.57;822.48;822.48;7.96;6545.84;822.57
16.01.2017 00:07;822.48;822.52;822.48;822.48;0.1;78.96;822.5
16.01.2017 00:08;822.5;822.5;822.47;822.47;0.3;244.35;822.48
16.01.2017 00:09;821.96;822.11;821.96;822.11;0.1;82.2;822.01
16.01.2017 00:10;821.95;822.11;821.95;821.95;1.64;1344.65;821.96
16.01.2017 00:11;821.95;822.09;821.95;821.95;0.56;456.87;821.95
16.01.2017 00:12;821.95;821.95;821.95;821.95;0.96;784.96;821.95
16.01.2017 00:13;821.95;821.95;821;821;40.04;32887.51;821.37
16.01.2017 00:14;821;821.81;821;821.81;0.51;419.99;821.2
16.01.2017 00:15;821.01;821.02;821.01;821.01;0.08;65.68;821.01
16.01.2017 00:16;821.03;821.03;821.03;821.03;0.06;49.26;821.03
16.01.2017 00:17;821.5;821.5;821.03;821.03;0.17;135.53;821.39
16.01.2017 00:18;821.02;821.03;821;821;5.83;4783.18;821.01
16.01.2017 00:19;821;821;818.09;819;8.78;7198.19;820.17
16.01.2017 00:20;819.81;819.86;818.58;819.79;2;1639.33;819.73
16.01.2017 00:21;819.64;820.62;819.64;820.62;7.2;5906.03;820.13
16.01.2017 00:22;820.64;820.64;819.1;820.51;1.22;1003.94;820.54
16.01.2017 00:23;819.37;820.46;819.37;819.51;0.07;58.19;819.6
16.01.2017 00:24;819.62;820.48;819.62;819.73;0.51;420.29;820.36
16.01.2017 00:25;819.76;820.64;819.76;819.86;0.71;578.93;820.48
16.01.2017 00:26;819.89;820.54;819.89;819.89;0.24;195.95;820.43
16.01.2017 00:27;820.49;820.64;819.89;820.59;2.73;2242.46;820.49
16.01.2017 00:28;819.89;820.64;819.89;820.64;0.28;232.29;819.95
16.01.2017 00:29;819.89;820.6;819.27;820.6;0.17;139.5;820.28
16.01.2017 00:30;820.64;820.64;820.64;820.64;0.29;239.3;820.64
16.01.2017 00:31;820.64;820.65;819.91;819.91;3.69;3029.56;820.64
16.01.2017 00:32;819.97;820.64;819.97;820.64;1.4;1145.25;820.61
16.01.2017 00:33;820.2;820.59;820.16;820.16;0.3;248.6;820.52
16.01.2017 00:34;820.64;820.64;820.14;820.14;0.27;221.65;820.53
16.01.2017 00:35;820.22;820.65;820.22;820.34;0.27;224.24;820.57
16.01.2017 00:36;820.37;820.38;820.15;820.16;6.88;5646.4;820.16
16.01.2017 00:37;820.16;820.16;819.89;820.08;0.22;177.33;820.05
16.01.2017 00:38;820.17;820.17;819.88;819.93;1.07;876.9;820.09
16.01.2017 00:39;819.99;820.17;819.99;820.07;0.19;157.47;820.14
16.01.2017 00:40;820.16;820.16;820.16;820.16;0.2;166.5;820.16
16.01.2017 00:41;820.17;820.38;820.17;820.37;7.29;5983.57;820.37
16.01.2017 00:42;820.38;820.38;820.38;820.38;0.45;369.89;820.38
16.01.2017 00:43;820.37;820.38;820.37;820.38;0.64;528.43;820.37
16.01.2017 00:44;0;0;0;0;0;0;0
16.01.2017 00:45;820.25;820.25;820.25;820.25;0.05;42.65;820.25
16.01.2017 00:46;820.25;820.25;820.25;820.25;0.11;88.16;820.25
16.01.2017 00:47;0;0;0;0;0;0;0
16.01.2017 00:48;820.23;820.68;820.14;820.17;9.28;7610.68;820.41
16.01.2017 00:49;820.22;820.76;820.22;820.76;8.95;7345.17;820.5
16.01.2017 00:50;820.76;820.76;820.76;820.76;0.02;19.89;820.76
16.01.2017 00:51;820.76;820.76;820.64;820.64;1.83;1501.89;820.64
16.01.2017 00:52;820.15;820.63;820.15;820.63;0.08;64.77;820.51
16.01.2017 00:53;820.48;820.64;820.48;820.64;0.04;34.49;820.57
16.01.2017 00:54;820.64;820.64;820.64;820.64;0.04;35.88;820.64
16.01.2017 00:55;820.55;820.55;820.55;820.55;0.04;35.87;820.55
16.01.2017 00:56;0;0;0;0;0;0;0
16.01.2017 00:57;0;0;0;0;0;0;0
16.01.2017 00:58;820.35;820.93;820.35;820.93;2.43;1990.54;820.71
16.01.2017 00:59;819.97;820.82;819.97;820.82;0.07;53.72;820.7
16.01.2017 01:00;820.78;820.82;820.78;820.82;0.77;635.39;820.82
16.01.2017 01:01;820.72;821.1;820.72;821.09;0.94;768.21;820.91
16.01.2017 01:02;820.45;820.45;820.45;820.45;0.02;16.41;820.45
16.01.2017 01:03;820.45;820.99;820.45;820.45;0.21;174.84;820.84
16.01.2017 01:04;820.45;821.09;820.45;821.09;0.08;66.16;820.61
16.01.2017 01:05;820.45;820.45;820.45;820.45;0.06;49.23;820.45
16.01.2017 01:06;820.45;820.85;820.24;820.84;0.1;82.06;820.65
16.01.2017 01:07;820.84;820.92;820.84;820.84;0.44;363.23;820.88
16.01.2017 01:08;820.92;820.92;820.92;820.92;0.11;90.1;820.92
16.01.2017 01:09;820.87;820.87;820.87;820.87;0.13;104.17;820.87
16.01.2017 01:10;820.83;820.83;820.83;820.83;0.59;483.95;820.83
16.01.2017 01:11;0;0;0;0;0;0;0
16.01.2017 01:12;0;0;0;0;0;0;0
16.01.2017 01:13;820.25;820.25;820.24;820.24;0.82;668.57;820.25
16.01.2017 01:14;0;0;0;0;0;0;0
16.01.2017 01:15;820.24;820.4;819.05;820.4;1.83;1503.82;819.75
16.01.2017 01:16;820.54;821.12;820.54;821.12;2.63;2160.43;821.05
16.01.2017 01:17;821.21;821.85;821.13;821.6;6.93;5693.43;821.6
16.01.2017 01:18;821.91;821.91;821.68;821.91;5.59;4597.31;821.91
16.01.2017 01:19;821.8;821.91;821.8;821.91;0.11;92.84;821.86
16.01.2017 01:20;821.91;821.99;821.9;821.92;4.8;3947.67;821.91
16.01.2017 01:21;821.93;821.93;821.93;821.93;0.02;16.44;821.93
16.01.2017 01:22;821.98;821.98;821.98;821.98;0.23;187.51;821.98
16.01.2017 01:23;0;0;0;0;0;0;0
16.01.2017 01:24;821.94;821.94;821.94;821.94;0.02;12.92;821.94
16.01.2017 01:25;821.41;821.99;821.41;821.99;0.21;175.31;821.92
16.01.2017 01:26;821.7;821.7;821.7;821.7;5;4108.5;821.7
16.01.2017 01:27;821.8;821.99;821.8;821.99;0.23;187.78;821.84
16.01.2017 01:28;821.99;821.99;821.99;821.99;0.13;106.86;821.99
16.01.2017 01:29;821.98;821.99;821.81;821.81;5.02;4128.92;821.86
16.01.2017 01:30;821.99;821.99;821.99;821.99;0.36;297.86;821.99
16.01.2017 01:31;821.9;821.9;821.27;821.27;53.72;44144.38;821.78
16.01.2017 01:32;821.85;821.85;821.27;821.28;0.81;669.2;821.28
16.01.2017 01:33;0;0;0;0;0;0;0
16.01.2017 01:34;821.57;821.57;821.57;821.57;0.02;13.15;821.57
16.01.2017 01:35;821.41;821.91;821.41;821.91;0.08;64.1;821.83
16.01.2017 01:36;0;0;0;0;0;0;0
16.01.2017 01:37;820.57;820.57;820.29;820.29;0.05;40.97;820.5
16.01.2017 01:38;821.72;821.72;821.72;821.72;0.16;134.2;821.72
16.01.2017 01:39;821.72;821.72;821.72;821.72;5.91;4859.88;821.72
16.01.2017 01:40;821.75;821.75;821.74;821.75;4.91;4032.46;821.74
16.01.2017 01:41;821.75;821.75;821.75;821.75;2.12;1738.82;821.75
16.01.2017 01:42;821.74;821.98;821.74;821.98;8.16;6705.48;821.89
16.01.2017 01:43;821.98;821.98;821.98;821.98;2.48;2036.76;821.98
16.01.2017 01:44;821.98;821.98;821.98;821.98;0.25;202.49;821.98
16.01.2017 01:45;821.98;822.4;821.98;822.4;2.68;2205.8;822.05
16.01.2017 01:46;822.48;822.65;822.48;822.65;10.66;8771.89;822.6
16.01.2017 01:47;822.65;822.85;822.65;822.85;2.28;1875.77;822.71
16.01.2017 01:48;822.89;822.89;822.89;822.89;0.25;203.6;822.89
16.01.2017 01:49;822.89;823.28;822.89;823.28;24.8;20412.25;823.06
16.01.2017 01:50;822.62;823.45;822.62;823.45;13.74;11316.96;823.35
16.01.2017 01:51;823.45;824.56;823.45;824.56;10.62;8749.3;823.94
16.01.2017 01:52;824.56;825.52;824.56;825.52;18.12;14947.98;825.11
16.01.2017 01:53;825.52;826.01;825.52;826.01;3.65;3010.18;825.82
16.01.2017 01:54;826.12;827.6;826.12;827.6;16.2;13402.33;827.16
16.01.2017 01:55;827.6;829;827.6;829;15.17;12573.79;828.63
16.01.2017 01:56;828.9;829.42;828.9;829.14;14.89;12348.95;829.15
16.01.2017 01:57;829.12;829.98;829.12;829.98;7.47;6201.12;829.89
16.01.2017 01:58;829.98;830;829.63;830;7.99;6627.91;829.98
16.01.2017 01:59;830;830.04;829.67;830.04;42.04;34892.49;830.03
16.01.2017 02:00;830.04;830.89;830.04;830.89;61.21;50842.3;830.56
16.01.2017 02:01;830.87;831.06;830.87;831.06;46.72;38823.95;831.02
16.01.2017 02:02;830.89;831.06;830.89;831.06;1.3;1083.82;830.99
16.01.2017 02:03;829.74;831.06;829.73;831.06;4.01;3326.94;830.39
16.01.2017 02:04;831.06;831.06;831.06;831.06;0.19;160.25;831.06
16.01.2017 02:05;0;0;0;0;0;0;0
16.01.2017 02:06;831;831;831;831;2.21;1837.34;831
16.01.2017 02:07;0;0;0;0;0;0;0
16.01.2017 02:08;831.06;831.06;831.06;831.06;2.81;2331.17;831.06
16.01.2017 02:09;831.06;831.06;831.06;831.06;0.01;10.63;831.06
16.01.2017 02:10;0;0;0;0;0;0;0
16.01.2017 02:11;831.06;831.86;831.06;831.86;27.3;22701.26;831.43
16.01.2017 02:12;831.84;832.06;831.84;832.06;18.36;15272.21;831.94
16.01.2017 02:13;832.01;833;832.01;833;5.18;4317.73;832.79
16.01.2017 02:14;833;835;833;835;12.28;10243.21;834.23
16.01.2017 02:15;835;835;834.05;834.05;16.52;13782.88;834.27
16.01.2017 02:16;834.11;834.11;834.11;834.11;2.16;1803.35;834.11
16.01.2017 02:17;834.06;834.06;833.56;833.56;4.19;3494.5;834.04
16.01.2017 02:18;832.56;832.56;832.56;832.56;0.01;8.33;832.56
16.01.2017 02:19;831.56;831.56;829.16;829.3;19.46;16138.29;829.36
16.01.2017 02:20;829.31;831.06;829.3;831.06;49.31;40892.97;829.31
16.01.2017 02:21;830.99;831.53;830.99;831.34;1.22;1011.61;831.35
16.01.2017 02:22;831.53;831.55;831.53;831.55;0.99;825.91;831.54
16.01.2017 02:23;831.48;831.48;831.46;831.46;1.19;990.01;831.48
16.01.2017 02:24;831.35;831.35;829.45;830.54;19.69;16359.03;830.71
16.01.2017 02:25;830.69;830.71;830.69;830.71;2.41;2001.68;830.7
16.01.2017 02:26;830.59;830.74;829.54;830.74;1.36;1132.12;830.08
16.01.2017 02:27;830.72;830.72;829.12;829.12;10.07;8347.02;829.18
16.01.2017 02:28;830;830;830;830;0.11;90.38;830
16.01.2017 02:29;829.46;830;829.46;830;7.51;6233.76;829.94
16.01.2017 02:30;829.32;830;829.32;830;0.56;466.47;829.91
16.01.2017 02:31;829.65;830;829.65;830;0.03;28.28;829.79
16.01.2017 02:32;829.77;829.77;829.77;829.77;0.03;20.74;829.77
16.01.2017 02:33;0;0;0;0;0;0;0
16.01.2017 02:34;0;0;0;0;0;0;0
16.01.2017 02:35;829.56;829.56;829.56;829.56;0.02;17.42;829.56
16.01.2017 02:36;829.99;829.99;829.8;829.8;0.43;354.94;829.88
16.01.2017 02:37;0;0;0;0;0;0;0
16.01.2017 02:38;829.8;830;829.8;830;1;829.85;829.85
16.01.2017 02:39;0;0;0;0;0;0;0
16.01.2017 02:40;829.98;829.98;829.98;829.98;0.17;144.05;829.98
16.01.2017 02:41;0;0;0;0;0;0;0
16.01.2017 02:42;829.76;830;829.76;830;1.98;1645.82;829.99
16.01.2017 02:43;829.76;829.76;829.76;829.76;0.04;33.19;829.76
16.01.2017 02:44;0;0;0;0;0;0;0
16.01.2017 02:45;829.99;829.99;829.56;829.56;1.72;1423.49;829.6
16.01.2017 02:46;829.56;829.56;829.56;829.56;9.39;7788.48;829.56
16.01.2017 02:47;829.91;829.91;829.91;829.91;0.1;81.33;829.91
16.01.2017 02:48;829.69;829.69;829.69;829.69;0.06;46.46;829.69
16.01.2017 02:49;829.19;829.19;829.19;829.19;0.06;52.13;829.19
16.01.2017 02:50;829.61;829.61;829.61;829.61;0.09;73.01;829.61
16.01.2017 02:51;829.7;829.7;829.7;829.7;0.1;86.35;829.7
16.01.2017 02:52;829.71;829.71;829.71;829.71;0.72;593.9;829.71
16.01.2017 02:53;0;0;0;0;0;0;0
16.01.2017 02:54;829.73;829.98;829.73;829.98;2;1659.94;829.97
16.01.2017 02:55;829.99;829.99;829.99;829.99;2;1659.98;829.99
16.01.2017 02:56;829.99;829.99;829.99;829.99;0.46;383.03;829.99
16.01.2017 02:57;829.99;829.99;829.99;829.99;0.22;183.74;829.99
16.01.2017 02:58;829.65;829.65;829.65;829.65;0.06;50.21;829.65
16.01.2017 02:59;0;0;0;0;0;0;0
16.01.2017 03:00;0;0;0;0;0;0;0
16.01.2017 03:01;0;0;0;0;0;0;0
16.01.2017 03:02;829.56;829.56;829.54;829.54;11.15;9249.39;829.54
16.01.2017 03:03;0;0;0;0;0;0;0
16.01.2017 03:04;0;0;0;0;0;0;0
16.01.2017 03:05;829.59;829.59;829.59;829.59;0.02;13.85;829.59
16.01.2017 03:06;829.13;829.13;829;829;22.27;18460.57;829.12
16.01.2017 03:07;0;0;0;0;0;0;0
16.01.2017 03:08;828.99;828.99;828.99;828.99;0.23;189.9;828.99
16.01.2017 03:09;829;829;829;829;0.5;414.5;829
16.01.2017 03:10;828.77;828.99;828.76;828.99;24.62;20401.06;828.77
16.01.2017 03:11;0;0;0;0;0;0;0
16.01.2017 03:12;828.77;828.77;828.73;828.73;0.93;774.29;828.77
16.01.2017 03:13;0;0;0;0;0;0;0
16.01.2017 03:14;828.98;828.98;828.96;828.96;0.94;779.2;828.96
16.01.2017 03:15;828.96;828.96;828.74;828.74;0.29;241.44;828.94
16.01.2017 03:16;828.96;828.96;828.74;828.74;4.43;3667.7;828.74
16.01.2017 03:17;0;0;0;0;0;0;0
16.01.2017 03:18;828.74;828.74;828.74;828.74;0.23;192.29;828.74
16.01.2017 03:19;0;0;0;0;0;0;0
16.01.2017 03:20;828.73;828.74;828.73;828.74;2.08;1726.89;828.73
16.01.2017 03:21;0;0;0;0;0;0;0
16.01.2017 03:22;0;0;0;0;0;0;0
16.01.2017 03:23;828.74;828.74;828.74;828.74;0.02;12.84;828.74
16.01.2017 03:24;828.73;828.73;828.73;828.73;1.75;1451.15;828.73
16.01.2017 03:25;828.73;828.73;828.73;828.73;7.94;6582.81;828.73
16.01.2017 03:26;828.73;828.73;828.56;828.56;1.19;982.76;828.73
16.01.2017 03:27;828.02;828.02;828;828;2.3;1906.56;828.01
16.01.2017 03:28;0;0;0;0;0;0;0
16.01.2017 03:29;827.96;827.96;827.94;827.94;0.07;57.96;827.96
16.01.2017 03:30;0;0;0;0;0;0;0
16.01.2017 03:31;827.94;827.94;827.62;827.94;1.78;1476.35;827.64
16.01.2017 03:32;827.92;827.92;827.92;827.92;1.52;1260.2;827.92
16.01.2017 03:33;827.9;827.9;827.88;827.88;0.14;117.31;827.9
16.01.2017 03:34;0;0;0;0;0;0;0
16.01.2017 03:35;827.93;828;827.93;828;5.12;4238.06;827.96
16.01.2017 03:36;0;0;0;0;0;0;0
16.01.2017 03:37;827.91;828;827.91;828;1.03;853.34;827.99
16.01.2017 03:38;827.99;827.99;827.9;827.9;3.77;3118.07;827.91
16.01.2017 03:39;827.9;828;827.9;828;12.63;10461.24;827.98
16.01.2017 03:40;828;828;828;828;2;1656;828
16.01.2017 03:41;0;0;0;0;0;0;0
16.01.2017 03:42;0;0;0;0;0;0;0
16.01.2017 03:43;827.99;828;827.99;828;0.02;20.07;828
16.01.2017 03:44;828;828;828;828;1.6;1326.89;828
16.01.2017 03:45;0;0;0;0;0;0;0
16.01.2017 03:46;828.58;828.59;828.58;828.59;0.04;36.21;828.59
16.01.2017 03:47;0;0;0;0;0;0;0
16.01.2017 03:48;0;0;0;0;0;0;0
16.01.2017 03:49;828.59;828.59;828.59;828.59;0.05;40.02;828.59
16.01.2017 03:50;828.62;828.74;828.62;828.74;6.88;5702.32;828.74
16.01.2017 03:51;828.74;828.74;828.74;828.74;1.81;1500.69;828.74
16.01.2017 03:52;828.63;828.73;828.63;828.73;0.07;61.49;828.7
16.01.2017 03:53;828.73;828.73;828.73;828.73;12.05;9989.84;828.73
16.01.2017 03:54;0;0;0;0;0;0;0
16.01.2017 03:55;0;0;0;0;0;0;0
16.01.2017 03:56;828.73;828.73;828.73;828.73;0.02;15.75;828.73
16.01.2017 03:57;828.73;828.73;828.73;828.73;0.1;80.39;828.73
16.01.2017 03:58;828.73;828.73;828.73;828.73;0.03;24.86;828.73
16.01.2017 03:59;828.59;828.59;828.59;828.59;12.29;10179.82;828.59
16.01.2017 04:00;828.73;828.73;828.58;828.58;0.35;290.64;828.68
16.01.2017 04:01;828.73;828.73;828.73;828.73;0.02;19.89;828.73
16.01.2017 04:02;828.73;828.73;828.73;828.73;0.08;62.15;828.73
16.01.2017 04:03;0;0;0;0;0;0;0
16.01.2017 04:04;828.73;828.73;828.73;828.73;0.25;204.71;828.73
16.01.2017 04:05;828.73;828.73;828.73;828.73;12.04;9976.04;828.73
16.01.2017 04:06;0;0;0;0;0;0;0
16.01.2017 04:07;828.72;828.72;828.72;828.72;0.1;79.56;828.72
16.01.2017 04:08;828.72;830.75;828.72;830.75;76.47;63438.88;829.6
16.01.2017 04:09;830.32;830.32;830.32;830.32;0.05;39.86;830.32
16.01.2017 04:10;0;0;0;0;0;0;0
16.01.2017 04:11;830.32;830.33;830.32;830.33;0.25;204.05;830.32
16.01.2017 04:12;830.32;830.33;830.32;830.33;0.21;174.7;830.33
16.01.2017 04:13;830.33;830.33;829.16;829.17;1.45;1199.7;829.29
16.01.2017 04:14;829.2;829.25;829.2;829.23;1.3;1081.8;829.22
16.01.2017 04:15;829.22;829.23;829.22;829.23;0.2;166.67;829.23
16.01.2017 04:16;829.23;830.38;829.23;830.38;1.03;857.21;829.67
16.01.2017 04:17;0;0;0;0;0;0;0
16.01.2017 04:18;830.38;830.38;829.05;829.05;0.34;283.86;829.99
16.01.2017 04:19;829.93;829.94;829.93;829.94;1.73;1432.13;829.93
16.01.2017 04:20;0;0;0;0;0;0;0
16.01.2017 04:21;0;0;0;0;0;0;0
16.01.2017 04:22;828.88;828.94;828.68;828.68;11.14;9229.11;828.68
16.01.2017 04:23;829.2;829.2;829.2;829.2;0.13;106.14;829.2
16.01.2017 04:24;0;0;0;0;0;0;0
16.01.2017 04:25;0;0;0;0;0;0;0
16.01.2017 04:26;0;0;0;0;0;0;0
16.01.2017 04:27;0;0;0;0;0;0;0
16.01.2017 04:28;828.87;828.87;828.87;828.87;0.09;74.4;828.87
16.01.2017 04:29;829.17;829.21;829.17;829.21;0.19;156.23;829.19
16.01.2017 04:30;829.18;829.18;829.18;829.18;0.15;127.69;829.18
16.01.2017 04:31;829.18;829.18;829.18;829.18;0.05;38.97;829.18
16.01.2017 04:32;828.59;828.59;828.58;828.58;10.25;8493.67;828.58
16.01.2017 04:33;828.77;829.09;826.62;826.62;1.75;1450.33;826.79
16.01.2017 04:34;827.64;827.64;827.64;827.64;0.04;32.28;827.64
16.01.2017 04:35;0;0;0;0;0;0;0
16.01.2017 04:36;826.74;827.68;826.74;827.68;0.36;297.78;827.31
16.01.2017 04:37;827.74;827.74;827.74;827.74;0.18;146.24;827.74
16.01.2017 04:38;0;0;0;0;0;0;0
16.01.2017 04:39;827.75;829.16;827.75;829.16;0.34;281.89;829.1
16.01.2017 04:40;0;0;0;0;0;0;0
16.01.2017 04:41;829.15;829.17;829.15;829.17;0.12;97.35;829.16
16.01.2017 04:42;829.17;829.17;829.17;829.17;0.02;15.75;829.17
16.01.2017 04:43;829.17;829.17;829.17;829.17;0.57;473.02;829.17
16.01.2017 04:44;829.15;829.15;829.15;829.15;1.32;1094.62;829.15
16.01.2017 04:45;829.15;829.15;829.15;829.15;2.08;1720.93;829.15
16.01.2017 04:46;0;0;0;0;0;0;0
16.01.2017 04:47;829.17;829.2;829.17;829.2;5.1;4228.8;829.18
16.01.2017 04:48;829.16;829.17;829.15;829.17;5.17;4290.84;829.15
16.01.2017 04:49;829.17;829.2;829.15;829.17;6.1;5053.86;829.17
16.01.2017 04:50;829.16;829.19;829.16;829.19;18;14924.78;829.17
16.01.2017 04:51;0;0;0;0;0;0;0
16.01.2017 04:52;829.19;829.19;829.15;829.15;0.09;74.42;829.16
16.01.2017 04:53;0;0;0;0;0;0;0
16.01.2017 04:54;829.15;829.15;829;829;10.27;8509.72;829
16.01.2017 04:55;828.28;828.33;828.28;828.33;0.56;459.7;828.29
16.01.2017 04:56;828.15;828.15;826.78;828.15;0.11;94.29;827.11
16.01.2017 04:57;828.15;828.15;826.8;826.8;0.2;164.54;826.84
16.01.2017 04:58;827.56;827.56;827.48;827.48;3.44;2844.22;827.49
16.01.2017 04:59;827.08;827.15;826.63;827.15;1.56;1286.84;827.02
16.01.2017 05:00;827.16;827.17;826.67;826.67;1.96;1621.58;826.91
16.01.2017 05:01;828.25;828.25;828.16;828.16;0.24;196.29;828.24
16.01.2017 05:02;827.28;827.29;827.28;827.29;2.05;1692.61;827.29
16.01.2017 05:03;827.29;828.5;826.69;827;1.38;1139.06;827.2
16.01.2017 05:04;828.3;828.3;826.64;826.8;1.83;1511.45;826.8
16.01.2017 05:05;826.8;827.89;826.73;826.75;3.75;3102.97;826.8
16.01.2017 05:06;826.75;826.75;826.75;826.75;0.4;330.7;826.75
16.01.2017 05:07;0;0;0;0;0;0;0
16.01.2017 05:08;827.72;828.62;827.72;828.62;0.04;37.07;828.42
16.01.2017 05:09;828.38;828.38;827.01;827.01;1.11;917.14;827.1
16.01.2017 05:10;828.07;828.07;828.05;828.05;1.59;1315.55;828.07
16.01.2017 05:11;828.63;828.63;826.83;826.83;2.02;1674.28;827.7
16.01.2017 05:12;828.34;828.34;828.34;828.34;4.11;3406.83;828.34
16.01.2017 05:13;0;0;0;0;0;0;0
16.01.2017 05:14;826.86;826.86;826.86;826.86;0.5;413.43;826.86
16.01.2017 05:15;0;0;0;0;0;0;0
16.01.2017 05:16;828.23;828.23;828.1;828.1;0.25;204.47;828.11
16.01.2017 05:17;828.03;828.03;828.03;828.03;7.1;5877.35;828.03
16.01.2017 05:18;827.97;827.97;826.91;826.91;1.22;1004.94;827.05
16.01.2017 05:19;826.82;826.82;826.76;826.76;3.19;2637.55;826.78
16.01.2017 05:20;826.91;826.91;826.91;826.91;0.03;23.04;826.91
16.01.2017 05:21;0;0;0;0;0;0;0
16.01.2017 05:22;0;0;0;0;0;0;0
16.01.2017 05:23;0;0;0;0;0;0;0
16.01.2017 05:24;0;0;0;0;0;0;0
16.01.2017 05:25;826.91;826.91;826.91;826.91;0.22;182.52;826.91
16.01.2017 05:26;0;0;0;0;0;0;0
16.01.2017 05:27;826.91;826.91;826.84;826.84;1.95;1614.81;826.87
16.01.2017 05:28;827.14;827.14;827.14;827.14;0.01;8.27;827.14
16.01.2017 05:29;827.16;827.16;827.16;827.16;0.02;18.2;827.16
16.01.2017 05:30;827.63;827.63;827.63;827.63;0.14;118.38;827.63
16.01.2017 05:31;827.63;828.22;827.41;828.22;5.91;4889.34;827.69
16.01.2017 05:32;0;0;0;0;0;0;0
16.01.2017 05:33;828.19;828.19;828.19;828.19;0.3;251.56;828.19
16.01.2017 05:34;0;0;0;0;0;0;0
16.01.2017 05:35;0;0;0;0;0;0;0
16.01.2017 05:36;0;0;0;0;0;0;0
16.01.2017 05:37;828.05;828.05;828.05;828.05;0.1;83.91;828.05
16.01.2017 05:38;0;0;0;0;0;0;0
16.01.2017 05:39;0;0;0;0;0;0;0
16.01.2017 05:40;827.89;827.91;827.07;827.07;5.52;4569.23;827.76
16.01.2017 05:41;827.99;827.99;826.99;827;0.37;303.3;827.07
16.01.2017 05:42;827.02;827.02;826.99;827;2.75;2274.27;827.01
16.01.2017 05:43;827;827.5;826.99;827.5;3.54;2927.84;827
16.01.2017 05:44;827.48;827.48;827;827;0.6;500.45;827.19
16.01.2017 05:45;827;827.48;826.46;826.46;13.7;11328.17;826.9
16.01.2017 05:46;827.19;827.19;827.19;827.19;0.56;463.57;827.19
16.01.2017 05:47;0;0;0;0;0;0;0
16.01.2017 05:48;0;0;0;0;0;0;0
16.01.2017 05:49;0;0;0;0;0;0;0
16.01.2017 05:50;826.99;827;826.99;827;0.35;291.95;826.99
16.01.2017 05:51;0;0;0;0;0;0;0
16.01.2017 05:52;827;827;827;827;3.2;2642.47;827
16.01.2017 05:53;826.98;826.98;826.98;826.98;0.02;17.77;826.98
16.01.2017 05:54;0;0;0;0;0;0;0
16.01.2017 05:55;0;0;0;0;0;0;0
16.01.2017 05:56;826.98;827;826.98;827;6.76;5593.45;827
16.01.2017 05:57;827;827;827;827;6.1;5044.7;827
16.01.2017 05:58;827;827;827;827;1.58;1303.76;827
16.01.2017 05:59;827.27;827.47;826.66;826.69;7.3;6040.55;827.18
16.01.2017 06:00;826.83;826.84;826.66;826.76;6.28;5192.78;826.74
16.01.2017 06:01;826.77;826.79;826.67;826.71;5.17;4271.6;826.71
16.01.2017 06:02;826.72;826.74;826.67;826.71;3.93;3244.77;826.69
16.01.2017 06:03;826.71;826.86;826.7;826.7;2.14;1768.45;826.76
16.01.2017 06:04;826.98;826.98;826.98;826.98;0.02;13.83;826.98
16.01.2017 06:05;826.98;826.98;826.98;826.98;0.04;32.49;826.98
16.01.2017 06:06;0;0;0;0;0;0;0
16.01.2017 06:07;0;0;0;0;0;0;0
16.01.2017 06:08;0;0;0;0;0;0;0
16.01.2017 06:09;0;0;0;0;0;0;0
16.01.2017 06:10;827.45;827.48;827.45;827.48;12.38;10244.84;827.48
16.01.2017 06:11;0;0;0;0;0;0;0
16.01.2017 06:12;0;0;0;0;0;0;0
16.01.2017 06:13;827.47;827.48;827.47;827.48;0.92;763.66;827.47
16.01.2017 06:14;827.48;827.48;827.47;827.47;1.69;1398.36;827.47
16.01.2017 06:15;827.48;828;827.48;828;1;827.79;827.79
16.01.2017 06:16;828;828;828;828;0.18;148.85;828
16.01.2017 06:17;828;828.13;828;828.13;32.67;27053.26;828.01
16.01.2017 06:18;828.13;828.13;827.89;827.89;0.08;68.46;827.97
16.01.2017 06:19;0;0;0;0;0;0;0
16.01.2017 06:20;0;0;0;0;0;0;0
16.01.2017 06:21;0;0;0;0;0;0;0
16.01.2017 06:22;828.13;828.13;828.13;828.13;0.24;195.21;828.13
16.01.2017 06:23;0;0;0;0;0;0;0
16.01.2017 06:24;828.13;828.13;827.89;827.89;10.02;8295.66;827.89
16.01.2017 06:25;0;0;0;0;0;0;0
16.01.2017 06:26;0;0;0;0;0;0;0
16.01.2017 06:27;0;0;0;0;0;0;0
16.01.2017 06:28;0;0;0;0;0;0;0
16.01.2017 06:29;0;0;0;0;0;0;0
16.01.2017 06:30;827.89;827.89;827.89;827.89;1.5;1240.08;827.89
16.01.2017 06:31;0;0;0;0;0;0;0
16.01.2017 06:32;828.13;828.13;828.13;828.13;0.14;112.19;828.13
16.01.2017 06:33;828.13;828.45;828.13;828.45;5.53;4578.24;828.18
16.01.2017 06:34;828.45;829.01;828.45;829;2.55;2111.11;828.83
16.01.2017 06:35;829;829;829;829;0.13;110.05;829
16.01.2017 06:36;829.01;829.01;829;829;0.54;449.16;829.01
16.01.2017 06:37;829;829.01;829;829.01;0.08;69.22;829
16.01.2017 06:38;829;829;829;829;0.27;221.73;829
16.01.2017 06:39;829;829;829;829;0.19;155.12;829
16.01.2017 06:40;829;829;829;829;44;36476;829
16.01.2017 06:41;829;829.16;829;829.16;12;9949.51;829.13
16.01.2017 06:42;829.16;829.2;828.57;828.57;9.4;7794.26;829.18
16.01.2017 06:43;828.85;829.2;828.56;829.2;0.67;558.1;828.64
16.01.2017 06:44;829.19;829.21;829.19;829.21;0.32;266.72;829.2
16.01.2017 06:45;829.21;829.23;829.21;829.23;10;8292.3;829.23
16.01.2017 06:46;0;0;0;0;0;0;0
16.01.2017 06:47;829.04;829.22;829;829.22;39.2;32497.88;829.1
16.01.2017 06:48;829.22;829.22;829.22;829.22;8;6633.76;829.22
16.01.2017 06:49;829.03;829.03;829;829;11.64;9648.04;829.01
16.01.2017 06:50;829.01;829.01;829;829;7.51;6229.11;829
16.01.2017 06:51;829;829.22;829;829.22;3.74;3099.68;829
16.01.2017 06:52;829.02;829.03;829.01;829.01;3.5;2897.73;829.02
16.01.2017 06:53;829.23;829.23;829.23;829.23;0.02;18.74;829.23
16.01.2017 06:54;0;0;0;0;0;0;0
16.01.2017 06:55;829.23;829.32;829.23;829.32;0.21;173.32;829.3
16.01.2017 06:56;829.32;829.32;829.32;829.32;0.04;34.67;829.32
16.01.2017 06:57;0;0;0;0;0;0;0
16.01.2017 06:58;0;0;0;0;0;0;0
16.01.2017 06:59;0;0;0;0;0;0;0
16.01.2017 07:00;0;0;0;0;0;0;0
16.01.2017 07:01;829.32;829.32;829.1;829.1;6.2;5137.25;829.1
16.01.2017 07:02;829.02;829.02;829.02;829.02;13.87;11500.17;829.02
16.01.2017 07:03;0;0;0;0;0;0;0
16.01.2017 07:04;829.31;829.31;829.31;829.31;0.4;335.09;829.31
16.01.2017 07:05;829.29;829.32;829.29;829.32;0.66;550.54;829.3
16.01.2017 07:06;829.32;829.32;829.32;829.32;0.23;190.51;829.32
16.01.2017 07:07;829.07;829.07;829.04;829.04;0.59;491.29;829.05
16.01.2017 07:08;829.31;829.31;829.31;829.31;0.42;346.24;829.31
16.01.2017 07:09;829.31;829.32;829.31;829.32;0.79;657.9;829.32
16.01.2017 07:10;829.04;829.04;829;829;60.89;50481.76;829.01
16.01.2017 07:11;0;0;0;0;0;0;0
16.01.2017 07:12;0;0;0;0;0;0;0
16.01.2017 07:13;829.05;829.99;829.05;829.99;10.58;8776.64;829.3
16.01.2017 07:14;829;829;829;829;2.45;2033.54;829
16.01.2017 07:15;829;829;829;829;1.26;1044.54;829
16.01.2017 07:16;0;0;0;0;0;0;0
16.01.2017 07:17;0;0;0;0;0;0;0
16.01.2017 07:18;0;0;0;0;0;0;0
16.01.2017 07:19;0;0;0;0;0;0;0
16.01.2017 07:20;0;0;0;0;0;0;0
16.01.2017 07:21;0;0;0;0;0;0;0
16.01.2017 07:22;829.96;829.98;829.96;829.98;0.39;321.53;829.97
16.01.2017 07:23;829.98;829.98;829.98;829.98;0.02;15.8;829.98
16.01.2017 07:24;0;0;0;0;0;0;0
16.01.2017 07:25;829.03;829.3;829;829.3;17.63;14620.19;829.1
16.01.2017 07:26;829.74;829.95;829.74;829.95;6.07;5036.63;829.84
16.01.2017 07:27;829.33;829.33;829.3;829.3;5.08;4213.7;829.3
16.01.2017 07:28;829.3;829.95;829;829.9;3.78;3137.06;829.32
16.01.2017 07:29;829.9;829.9;829.01;829.02;1.65;1366.52;829.27
16.01.2017 07:30;829.91;829.93;829.32;829.34;1.15;954.53;829.55
16.01.2017 07:31;829.88;829.88;829.88;829.88;0.69;574.09;829.88
16.01.2017 07:32;829.88;829.97;829.65;829.72;11.36;9429.48;829.81
16.01.2017 07:33;829.72;829.97;829.39;829.94;10.15;8424.05;829.69
16.01.2017 07:34;829.34;829.92;829.01;829.29;8.33;6909.21;829.57
16.01.2017 07:35;829.29;829.29;829;829;16.04;13296.28;829.17
16.01.2017 07:36;829.67;829.67;829.67;829.67;0.1;82.94;829.67
16.01.2017 07:37;0;0;0;0;0;0;0
16.01.2017 07:38;829.67;829.67;829.67;829.67;0.06;45.89;829.67
16.01.2017 07:39;829.89;829.89;829.89;829.89;0.1;86.55;829.89
16.01.2017 07:40;829.09;829.09;829.09;829.09;0.65;539.61;829.09
16.01.2017 07:41;829.87;829.92;829.87;829.92;6;4979.48;829.91
16.01.2017 07:42;829.92;829.97;829.92;829.97;14.19;11777.04;829.95
16.01.2017 07:43;829.76;829.97;829.76;829.97;0.25;211.42;829.78
16.01.2017 07:44;829.97;830.11;829.84;829.84;4.3;3567.59;829.99
16.01.2017 07:45;829.98;829.98;829.98;829.98;0.78;648.77;829.98
16.01.2017 07:46;829.98;829.98;829.98;829.98;2.81;2334.68;829.98
16.01.2017 07:47;830.11;830.11;830.11;830.11;0.59;488.01;830.11
16.01.2017 07:48;830.32;830.33;830.3;830.31;2.85;2368.48;830.32
16.01.2017 07:49;830.32;830.32;830.32;830.32;0.05;40.09;830.32
16.01.2017 07:50;830.33;830.33;830.31;830.33;0.89;740.63;830.33
16.01.2017 07:51;829.95;830.05;829.78;829.79;39.51;32793.1;830.04
16.01.2017 07:52;829.8;829.97;829;829.02;15.64;12978.65;829.75
16.01.2017 07:53;829.84;829.84;829.84;829.84;0.02;14.8;829.84
16.01.2017 07:54;0;0;0;0;0;0;0
16.01.2017 07:55;0;0;0;0;0;0;0
16.01.2017 07:56;0;0;0;0;0;0;0
16.01.2017 07:57;829.31;829.31;829.22;829.22;11.63;9641.71;829.31
16.01.2017 07:58;829.31;829.9;829;829.74;17.33;14372.17;829.21
16.01.2017 07:59;829.14;829.14;829;829;10;8290.78;829.08
16.01.2017 08:00;829;829.73;829;829;16.62;13776.35;829
16.01.2017 08:01;829;829;828.34;828.34;1.03;850.34;828.74
16.01.2017 08:02;0;0;0;0;0;0;0
16.01.2017 08:03;828.81;828.81;827.4;827.4;6.35;5256.68;828.32
16.01.2017 08:04;827.4;827.4;825.02;825.02;38.62;31878.63;825.55
16.01.2017 08:05;825.02;825.51;824.2;824.2;27.79;22926.91;825.05
16.01.2017 08:06;825.01;825.8;824.96;825.72;9.26;7645.89;825.42
16.01.2017 08:07;825.11;825.5;825.11;825.5;10.76;8876.11;825.17
16.01.2017 08:08;825.62;825.62;825.62;825.62;0.02;15.47;825.62
16.01.2017 08:09;0;0;0;0;0;0;0
16.01.2017 08:10;825.84;825.84;825.84;825.84;0.28;230.23;825.84
16.01.2017 08:11;825.8;825.8;825.35;825.35;1.26;1040.25;825.48
16.01.2017 08:12;825.47;825.47;825.47;825.47;0.03;27.2;825.47
16.01.2017 08:13;0;0;0;0;0;0;0
16.01.2017 08:14;0;0;0;0;0;0;0
16.01.2017 08:15;825.65;825.65;825.64;825.64;15.32;12649.64;825.64
16.01.2017 08:16;0;0;0;0;0;0;0
16.01.2017 08:17;0;0;0;0;0;0;0
16.01.2017 08:18;825.83;825.83;825.83;825.83;6.21;5125.93;825.83
16.01.2017 08:19;825.83;826.3;825.83;826.3;63.09;52104.2;825.83
16.01.2017 08:20;826.3;826.3;826.3;826.3;1.95;1612.94;826.3
16.01.2017 08:21;826.3;826.3;826.3;826.3;0.04;30.99;826.3
16.01.2017 08:22;826.3;826.3;826.3;826.3;1;826.3;826.3
16.01.2017 08:23;826.3;826.3;826.3;826.3;0.02;15.8;826.3
16.01.2017 08:24;826.3;826.3;826.3;826.3;0.02;20.65;826.3
16.01.2017 08:25;0;0;0;0;0;0;0
16.01.2017 08:26;826.09;826.09;825.83;825.83;15.6;12883.08;825.87
16.01.2017 08:27;826.27;826.3;826.27;826.3;4.59;3796;826.29
16.01.2017 08:28;0;0;0;0;0;0;0
16.01.2017 08:29;826.3;826.3;826.3;826.3;0.1;83.46;826.3
16.01.2017 08:30;826.3;826.3;826.3;826.3;0.81;665.68;826.3
16.01.2017 08:31;0;0;0;0;0;0;0
16.01.2017 08:32;826.3;826.3;826.3;826.3;1;826.3;826.3
16.01.2017 08:33;826.3;826.3;826.3;826.3;10.02;8277.8;826.3
16.01.2017 08:34;0;0;0;0;0;0;0
16.01.2017 08:35;826.3;827.49;826.3;827.49;5.1;4219.44;826.7
16.01.2017 08:36;827.49;827.49;827.49;827.49;0.01;6.38;827.49
16.01.2017 08:37;0;0;0;0;0;0;0
16.01.2017 08:38;826.82;827.49;826.82;827.49;30.02;24823.9;826.82
16.01.2017 08:39;0;0;0;0;0;0;0
16.01.2017 08:40;0;0;0;0;0;0;0
16.01.2017 08:41;0;0;0;0;0;0;0
16.01.2017 08:42;827.48;827.48;827.48;827.48;0.35;285.88;827.48
16.01.2017 08:43;0;0;0;0;0;0;0
16.01.2017 08:44;827.48;827.48;827.48;827.48;0.01;10.32;827.48
16.01.2017 08:45;0;0;0;0;0;0;0
16.01.2017 08:46;0;0;0;0;0;0;0
16.01.2017 08:47;0;0;0;0;0;0;0
16.01.2017 08:48;0;0;0;0;0;0;0
16.01.2017 08:49;826.66;826.66;826.15;826.15;11.47;9473.11;826.2
16.01.2017 08:50;826.49;826.49;824.21;824.21;37.84;31222.48;825.01
16.01.2017 08:51;0;0;0;0;0;0;0
16.01.2017 08:52;826.12;827.04;826.12;827.04;0.02;12.81;826.45
16.01.2017 08:53;826.94;826.94;826.94;826.94;0.01;10.31;826.94
16.01.2017 08:54;826.57;826.57;826.57;826.57;0.1;78.52;826.57
16.01.2017 08:55;826.36;827.08;826.36;827.08;0.31;259.88;826.53
16.01.2017 08:56;826.88;826.88;826.88;826.88;0.02;15.06;826.88
16.01.2017 08:57;826.73;826.73;826.55;826.55;0.08;68.37;826.69
16.01.2017 08:58;827.07;827.07;827.07;827.07;0.91;755.97;827.07
16.01.2017 08:59;0;0;0;0;0;0;0
16.01.2017 09:00;0;0;0;0;0;0;0
16.01.2017 09:01;0;0;0;0;0;0;0
16.01.2017 09:02;826.93;826.93;826.93;826.93;0.02;14.47;826.93
16.01.2017 09:03;827.05;827.05;827.05;827.05;0.05;45.45;827.05
16.01.2017 09:04;826.18;827.12;826.18;827.12;0.17;141.2;826.24
16.01.2017 09:05;0;0;0;0;0;0;0
16.01.2017 09:06;827.42;827.42;827.42;827.42;0.05;43.01;827.42
16.01.2017 09:07;827.46;828.18;827.46;828.18;14.63;12104.27;827.62
16.01.2017 09:08;0;0;0;0;0;0;0
16.01.2017 09:09;0;0;0;0;0;0;0
16.01.2017 09:10;827.36;827.48;826.5;826.5;4.78;3953.26;827.23
16.01.2017 09:11;826.5;826.5;826.5;826.5;0.07;54.77;826.5
16.01.2017 09:12;0;0;0;0;0;0;0
16.01.2017 09:13;827.18;828.03;827.18;828.03;0.45;376.28;827.21
16.01.2017 09:14;828.03;828.1;828.03;828.1;0.32;265;828.07
16.01.2017 09:15;0;0;0;0;0;0;0
16.01.2017 09:16;828.1;828.19;827.33;828.19;6.05;5006.65;828.12
16.01.2017 09:17;828.19;828.19;827.76;827.76;0.05;38.71;827.99
16.01.2017 09:18;828.19;828.19;828.19;828.19;0.19;159.93;828.19
16.01.2017 09:19;828.19;828.49;828.19;828.49;1.98;1639.03;828.27
16.01.2017 09:20;828.53;828.54;828.31;828.5;6.85;5675.98;828.54
16.01.2017 09:21;828.54;828.65;828.54;828.65;3.2;2647.81;828.59
16.01.2017 09:22;828.98;828.98;828.97;828.97;6.42;5325.69;828.98
16.01.2017 09:23;828.99;828.99;828.99;828.99;0.25;207.25;828.99
16.01.2017 09:24;828.98;828.98;828.81;828.82;3.9;3236.5;828.89
16.01.2017 09:25;828.82;828.99;828.82;828.82;2.62;2171.75;828.91
16.01.2017 09:26;828.82;828.99;828.82;828.83;8.63;7150.74;828.83
16.01.2017 09:27;828.83;828.83;828.82;828.82;2.5;2069.57;828.82
16.01.2017 09:28;828.82;828.83;827.29;827.33;4.42;3663.78;828.72
16.01.2017 09:29;828.09;828.14;828.09;828.14;0.66;542.42;828.12
16.01.2017 09:30;828.97;828.99;828.25;828.37;22.12;18322.89;828.48
16.01.2017 09:31;828.39;829;828.39;828.55;69.84;57892.26;828.96
16.01.2017 09:32;829.02;829.22;828.58;828.74;4.83;4007.04;828.96
16.01.2017 09:33;828.74;829.22;828.23;829.03;2.92;2418.26;828.74
16.01.2017 09:34;829.04;829.22;829;829.03;5.61;4654.67;829.05
16.01.2017 09:35;829.02;829.02;829.02;829.02;2.25;1861.72;829.02
16.01.2017 09:36;829.04;829.05;829.04;829.04;3.51;2909.1;829.04
16.01.2017 09:37;829.04;829.04;829.04;829.04;2.26;1869.49;829.04
16.01.2017 09:38;829.04;829.04;829.04;829.04;4.09;3387.31;829.04
16.01.2017 09:39;829.04;829.22;829.04;829.04;2.41;2001.47;829.05
16.01.2017 09:40;829.04;829.22;829;829;9.74;8077.71;829.01
16.01.2017 09:41;829;829;827.32;827.32;20.44;16932.17;828.47
16.01.2017 09:42;827.67;829.02;827.67;827.74;8.2;6795.26;828.92
16.01.2017 09:43;828.85;828.85;828.7;828.7;3.4;2815.93;828.74
16.01.2017 09:44;828.78;828.78;828.78;828.78;0.05;37.3;828.78
16.01.2017 09:45;828.95;828.95;827.94;828.01;1.64;1362.49;828.4
16.01.2017 09:46;828.04;828.99;827.83;827.83;3.06;2535.97;828.45
16.01.2017 09:47;828.77;828.77;827.8;827.8;1.03;851.14;828.76
16.01.2017 09:48;829.06;829.06;827.8;827.83;4.55;3767.83;828.14
16.01.2017 09:49;827.79;828.61;827.79;827.8;2.88;2388.17;827.88
16.01.2017 09:50;827.8;828.1;827.79;828.05;12.84;10630.89;827.82
16.01.2017 09:51;828.08;828.66;828.04;828.04;11.51;9529.6;828.13
16.01.2017 09:52;828;828.62;827.84;827.85;7.89;6534.06;828.03
16.01.2017 09:53;827.8;827.84;827.8;827.84;0.43;355.14;827.84
16.01.2017 09:54;828.54;828.74;827.8;827.91;0.93;766.36;827.93
16.01.2017 09:55;827.91;828.79;827.91;828.71;5.58;4622.09;828.61
16.01.2017 09:56;828.61;828.79;828.59;828.59;8.54;7078.7;828.6
16.01.2017 09:57;0;0;0;0;0;0;0
16.01.2017 09:58;828.8;828.89;828.8;828.89;16.25;13466.06;828.87
16.01.2017 09:59;0;0;0;0;0;0;0
16.01.2017 10:00;828.89;828.89;828.89;828.89;0.12;100.65;828.89
16.01.2017 10:01;828.92;828.92;828.92;828.92;3.62;3003.28;828.92
16.01.2017 10:02;829;829.06;829;829.06;3.86;3200.5;829.06
16.01.2017 10:03;0;0;0;0;0;0;0
16.01.2017 10:04;827.93;827.93;827.09;827.09;17.26;14286.36;827.55
16.01.2017 10:05;827.09;827.09;827.03;827.04;6.23;5150.54;827.08
16.01.2017 10:06;826.75;826.75;826.75;826.75;0.01;8.27;826.75
16.01.2017 10:07;826.6;827.13;826.6;827.13;5.92;4893.47;827.06
16.01.2017 10:08;827.13;827.13;827.13;827.13;1.94;1600.58;827.13
16.01.2017 10:09;827.08;827.08;827.08;827.08;0.03;23.47;827.08
16.01.2017 10:10;827.02;827.02;827.02;827.02;0.5;412.75;827.02
16.01.2017 10:11;826.47;826.47;826.47;826.47;0.02;16.53;826.47
16.01.2017 10:12;0;0;0;0;0;0;0
16.01.2017 10:13;826.59;826.59;825.44;825.68;40.22;33208.2;825.63
16.01.2017 10:14;0;0;0;0;0;0;0
16.01.2017 10:15;826.34;826.34;825.18;825.18;16.13;13317.15;825.53
16.01.2017 10:16;825.99;825.99;825.93;825.93;0.51;423.26;825.93
16.01.2017 10:17;825.54;825.54;825.54;825.54;0.07;60.97;825.54
16.01.2017 10:18;825.23;825.23;825.23;825.23;0.44;364.67;825.23
16.01.2017 10:19;826.08;826.08;826.08;826.08;0.01;10.31;826.08
16.01.2017 10:20;825.97;825.97;825.97;825.97;0.06;46.99;825.97
16.01.2017 10:21;825.56;825.97;825.56;825.97;0.51;422.45;825.82
16.01.2017 10:22;825.97;825.97;825.97;825.97;0.01;9.19;825.97
16.01.2017 10:23;825.95;825.95;825.95;825.95;0.35;286.94;825.95
16.01.2017 10:24;0;0;0;0;0;0;0
16.01.2017 10:25;825.79;825.96;825.79;825.96;0.3;246.48;825.93
16.01.2017 10:26;826;826;826;826;0.21;173.46;826
16.01.2017 10:27;826;826;825.72;825.72;0.19;160.6;825.85
16.01.2017 10:28;825.99;825.99;825.99;825.99;39.26;32424.6;825.99
16.01.2017 10:29;826;826;826;826;0.08;66.08;826
16.01.2017 10:30;0;0;0;0;0;0;0
16.01.2017 10:31;0;0;0;0;0;0;0
16.01.2017 10:32;825.84;826;825.71;825.95;10.56;8718.73;825.8
16.01.2017 10:33;825.96;826.46;825.71;825.96;31.57;26080.86;826.07
16.01.2017 10:34;825.96;825.96;825.96;825.96;0.59;483.77;825.96
16.01.2017 10:35;825.96;825.96;825.96;825.96;0.05;38.41;825.96
16.01.2017 10:36;825.96;826.46;825.96;826.46;6.44;5322.16;826.33
16.01.2017 10:37;0;0;0;0;0;0;0
16.01.2017 10:38;826.33;826.33;826.33;826.33;0.03;27.27;826.33
16.01.2017 10:39;826.46;826.46;825.96;825.96;10.34;8544.56;826.02
16.01.2017 10:40;826.01;826.46;826.01;826.46;2.05;1693.46;826.39
16.01.2017 10:41;0;0;0;0;0;0;0
16.01.2017 10:42;826.46;826.46;826.46;826.46;0.01;5.28;826.46
16.01.2017 10:43;0;0;0;0;0;0;0
16.01.2017 10:44;826.19;827.84;826.19;827.84;0.16;136.36;827.09
16.01.2017 10:45;826.35;827.78;826.35;827.78;7.48;6184.52;826.5
16.01.2017 10:46;827.59;827.59;827.59;827.59;0.35;291.01;827.59
16.01.2017 10:47;827.46;827.46;826.94;826.96;3.93;3251.88;826.97
16.01.2017 10:48;826.86;826.86;826.86;826.86;0.36;294.36;826.86
16.01.2017 10:49;826.86;826.86;826.58;826.58;1.31;1082.52;826.8
16.01.2017 10:50;826.7;826.7;826.41;826.41;4.63;3822.79;826.47
16.01.2017 10:51;0;0;0;0;0;0;0
16.01.2017 10:52;826.34;827.72;826.34;827.72;0.5;413.14;826.48
16.01.2017 10:53;827.52;827.52;827.52;827.52;0.03;27.97;827.52
16.01.2017 10:54;826.55;826.55;826.55;826.55;1.25;1031.53;826.55
16.01.2017 10:55;826.71;826.73;826.71;826.72;1.59;1311.48;826.72
16.01.2017 10:56;826.7;826.94;826.49;826.94;1.91;1582.49;826.69
16.01.2017 10:57;0;0;0;0;0;0;0
16.01.2017 10:58;826.99;826.99;826.99;826.99;0.03;23.48;826.99
16.01.2017 10:59;0;0;0;0;0;0;0
16.01.2017 11:00;826.96;826.96;826.49;826.49;0.21;173.61;826.71
16.01.2017 11:01;827.16;827.16;827.16;827.16;0.08;65;827.16
16.01.2017 11:02;827.21;827.22;827.1;827.22;0.37;308.96;827.19
16.01.2017 11:03;827.22;827.22;827.11;827.21;1.18;975.27;827.2
16.01.2017 11:04;827.21;827.21;827;827.21;0.4;329.62;827.17
16.01.2017 11:05;827.21;827.21;827.21;827.21;5;4136.05;827.21
16.01.2017 11:06;827;827.19;827;827.19;6.04;4994.26;827
16.01.2017 11:07;827.19;827.19;827.19;827.19;0.04;35.29;827.19
16.01.2017 11:08;827.19;827.19;827.19;827.19;0.02;13.24;827.19
16.01.2017 11:09;0;0;0;0;0;0;0
16.01.2017 11:10;827.19;827.19;827.19;827.19;0.01;10.56;827.19
16.01.2017 11:11;827.19;827.19;827;827;5.91;4889.66;827.01
16.01.2017 11:12;827.18;827.18;827;827.14;10.75;8887.42;827.01
16.01.2017 11:13;827.21;827.21;827;827;1.49;1233.1;827
16.01.2017 11:14;827.21;827.22;827.21;827.22;0.25;203.69;827.22
16.01.2017 11:15;827.22;827.22;827.22;827.22;0.32;261.93;827.22
16.01.2017 11:16;827.22;827.22;827.22;827.22;0.05;44.04;827.22
16.01.2017 11:17;827.01;827.01;827;827;10.5;8684.17;827
16.01.2017 11:18;827;827.09;827;827;9.99;8258.04;827
16.01.2017 11:19;827;827;826.12;826.12;66.72;55176.15;827
16.01.2017 11:20;825.49;825.49;821.95;821.95;7.41;6098.03;823.31
16.01.2017 11:21;0;0;0;0;0;0;0
16.01.2017 11:22;822.84;822.84;821.56;821.56;1.72;1417.67;822.2
16.01.2017 11:23;821.55;821.95;820.99;820.99;2.85;2343.76;821.21
16.01.2017 11:24;820.65;820.65;820.1;820.13;14.33;11757.41;820.22
16.01.2017 11:25;820.13;820.13;820;820;57.06;46796.48;820.09
16.01.2017 11:26;820;820;819.98;819.98;2.46;2018.74;820
16.01.2017 11:27;819.98;820;819.76;820;6.97;5715.08;819.96
16.01.2017 11:28;820;820;819;819.97;20.1;16461.01;819.06
16.01.2017 11:29;819.03;819.73;819.03;819.69;6.02;4933.66;819.62
16.01.2017 11:30;819.65;819.99;819.01;819.99;12.07;9894.04;819.63
16.01.2017 11:31;819.99;821.98;819.85;819.85;5.78;4735.92;819.92
16.01.2017 11:32;820.85;820.85;820.84;820.85;0.76;625.21;820.85
16.01.2017 11:33;0;0;0;0;0;0;0
16.01.2017 11:34;820.48;820.5;820.48;820.5;1.37;1124.88;820.49
16.01.2017 11:35;0;0;0;0;0;0;0
16.01.2017 11:36;820.5;820.5;820.5;820.5;0.05;37.12;820.5
16.01.2017 11:37;0;0;0;0;0;0;0
16.01.2017 11:38;820.5;820.87;820.5;820.87;5;4103.61;820.52
16.01.2017 11:39;820.87;820.87;820.87;820.87;3;2462.61;820.87
16.01.2017 11:40;820.87;820.87;820.87;820.87;0.22;177.42;820.87
16.01.2017 11:41;820.87;820.87;820.5;820.5;0.52;430.22;820.81
16.01.2017 11:42;820.87;821.87;820.87;821.87;2.66;2184.76;821.27
16.01.2017 11:43;821.87;821.87;821.87;821.87;0.39;318.52;821.87
16.01.2017 11:44;821.87;821.87;821.87;821.87;0.01;10.32;821.87
16.01.2017 11:45;821.87;821.87;821.87;821.87;1.97;1618.43;821.87
16.01.2017 11:46;821.87;821.87;821.87;821.87;0.13;108.86;821.87
16.01.2017 11:47;0;0;0;0;0;0;0
16.01.2017 11:48;821.87;821.87;821.87;821.87;0.24;195.94;821.87
16.01.2017 11:49;821.87;821.87;821.87;821.87;0.01;8.22;821.87
16.01.2017 11:50;821.87;821.87;821.87;821.87;0.05;44.49;821.87
16.01.2017 11:51;821.87;821.87;821.87;821.87;0.03;20.96;821.87
16.01.2017 11:52;821.87;821.87;821.87;821.87;0.08;64.64;821.87
16.01.2017 11:53;821.87;821.87;821.87;821.87;1.52;1248.04;821.87
16.01.2017 11:54;821.87;821.87;821.87;821.87;0.12;97.81;821.87
16.01.2017 11:55;0;0;0;0;0;0;0
16.01.2017 11:56;821.87;821.87;821.35;821.87;3.52;2892.05;821.69
16.01.2017 11:57;821.87;821.87;821.87;821.87;1.49;1227.16;821.87
16.01.2017 11:58;821.87;821.87;821.87;821.87;1.48;1218.14;821.87
16.01.2017 11:59;821.36;821.86;821.35;821.86;4.62;3795.93;821.63
16.01.2017 12:00;821.74;821.87;821.35;821.35;8.1;6656.07;821.52
16.01.2017 12:01;821.36;821.87;821.36;821.87;0.2;165.23;821.42
16.01.2017 12:02;0;0;0;0;0;0;0
16.01.2017 12:03;821.87;821.87;821.41;821.41;0.29;236.27;821.66
16.01.2017 12:04;821.55;821.56;821.55;821.56;1.13;927.09;821.55
16.01.2017 12:05;821.63;821.65;821.63;821.65;0.15;122.31;821.64
16.01.2017 12:06;821.87;821.87;821.87;821.87;4.66;3832.13;821.87
16.01.2017 12:07;821.87;821.87;821.87;821.87;0.07;57.53;821.87
16.01.2017 12:08;821.87;821.87;821.65;821.87;0.19;153.14;821.83
16.01.2017 12:09;821.87;821.87;821.87;821.87;0.42;348.45;821.87
16.01.2017 12:10;821.93;822.4;821.92;822.39;1.55;1276.97;822.12
16.01.2017 12:11;822.39;822.42;822.39;822.42;7.51;6180.44;822.42
16.01.2017 12:12;822.42;822.42;822.42;822.42;0.23;190.42;822.42
16.01.2017 12:13;822.41;822.5;822.41;822.5;7.22;5935.97;822.46
16.01.2017 12:14;822.5;822.87;822.5;822.87;1.47;1212.71;822.57
16.01.2017 12:15;822.87;822.87;822.59;822.87;0.9;740.82;822.71
16.01.2017 12:16;822.87;822.87;822.87;822.87;4.85;3994.05;822.87
16.01.2017 12:17;823.86;823.86;822.97;822.97;0.15;120.14;823.34
16.01.2017 12:18;824.76;825.38;824.76;825.38;0.22;182.41;825.11
16.01.2017 12:19;825.38;825.38;825.38;825.38;0.03;24;825.38
16.01.2017 12:20;825.38;825.86;825.38;825.86;5.07;4181.87;825.38
16.01.2017 12:21;826;826.84;826;826.84;5.85;4837.11;826.67
16.01.2017 12:22;826.85;827.22;826.85;827.21;0.45;374.46;827.06
16.01.2017 12:23;827.2;827.2;827.2;827.2;0.16;128.89;827.2
16.01.2017 12:24;827.2;827.2;825.44;827.19;1.57;1294.79;826.01
16.01.2017 12:25;826.16;826.99;826.16;826.17;0.29;240.97;826.23
16.01.2017 12:26;826.18;826.19;826.18;826.19;0.76;623.95;826.19
16.01.2017 12:27;826.17;826.17;825.58;825.58;1.8;1486.84;826.01
16.01.2017 12:28;826.05;826.05;826.05;826.05;0.06;53.03;826.05
16.01.2017 12:29;826.05;826.05;825.58;825.59;0.51;420.04;825.88
16.01.2017 12:30;825.58;826.45;825.58;825.58;0.46;377.54;825.6
16.01.2017 12:31;825.58;826.25;825.58;825.64;3.82;3158.2;826.22
16.01.2017 12:32;825.66;825.66;825.57;825.57;1.82;1502.91;825.59
16.01.2017 12:33;825.65;825.65;825.57;825.57;1.53;1265.74;825.57
16.01.2017 12:34;826.54;826.54;825.57;825.58;1.39;1144.83;825.65
16.01.2017 12:35;826.25;826.25;826.17;826.17;0.41;336.96;826.24
16.01.2017 12:36;0;0;0;0;0;0;0
16.01.2017 12:37;826.09;826.09;826.03;826.03;0.11;92.42;826.05
16.01.2017 12:38;826.03;826.09;826.03;826.09;0.18;151.02;826.05
16.01.2017 12:39;0;0;0;0;0;0;0
16.01.2017 12:40;826.73;826.73;826.7;826.7;0.14;118.09;826.72
16.01.2017 12:41;826.54;826.57;826.54;826.57;0.15;125.71;826.55
16.01.2017 12:42;826.7;826.84;826.7;826.84;9.93;8212.04;826.77
16.01.2017 12:43;827.16;827.16;827.16;827.16;6.38;5275.3;827.16
16.01.2017 12:44;827.02;827.14;826.95;826.95;0.82;678.06;827.01
16.01.2017 12:45;0;0;0;0;0;0;0
16.01.2017 12:46;827.22;827.22;827.22;827.22;0.59;484.65;827.22
16.01.2017 12:47;827.22;827.22;826.49;826.49;0.49;406.91;826.51
16.01.2017 12:48;826.9;826.9;826.64;826.79;10.12;8364.3;826.64
16.01.2017 12:49;826.85;827.11;826.85;827.11;1.09;900.46;826.9
16.01.2017 12:50;827.07;828.68;827.07;828.67;49.82;41234.47;827.64
16.01.2017 12:51;0;0;0;0;0;0;0
16.01.2017 12:52;828.27;828.68;828.27;828.68;12.11;10032.34;828.43
16.01.2017 12:53;828.67;828.67;828.67;828.67;1.99;1648.12;828.67
16.01.2017 12:54;828.58;828.58;828.58;828.58;0.11;94.95;828.58
16.01.2017 12:55;828.35;828.35;828.35;828.35;1.08;895.67;828.35
16.01.2017 12:56;827.45;827.5;827.45;827.48;1.46;1211.84;827.48
16.01.2017 12:57;828.11;828.11;828.11;828.11;0.37;305.18;828.11
16.01.2017 12:58;828.21;828.26;828.21;828.26;0.46;379.12;828.23
16.01.2017 12:59;827.45;827.45;827.45;827.45;0.2;165.41;827.45
16.01.2017 13:00;828.26;828.28;828.26;828.28;2.02;1676.42;828.27
16.01.2017 13:01;0;0;0;0;0;0;0
16.01.2017 13:02;827.71;828.24;825;826.02;54.53;45098.24;826.97
16.01.2017 13:03;0;0;0;0;0;0;0
16.01.2017 13:04;826.06;826.06;826.06;826.06;26.26;21690.76;826.06
16.01.2017 13:05;827.19;827.19;827.13;827.14;0.91;749.88;827.14
16.01.2017 13:06;0;0;0;0;0;0;0
16.01.2017 13:07;0;0;0;0;0;0;0
16.01.2017 13:08;827.39;827.39;826.36;826.36;1.36;1122.11;826.63
16.01.2017 13:09;827.08;827.09;827.01;827.01;0.49;403.19;827.03
16.01.2017 13:10;827.74;827.74;827.65;827.65;0.1;80.43;827.67
16.01.2017 13:11;828.03;828.03;828.03;828.03;2.78;2305.62;828.03
16.01.2017 13:12;827.89;827.89;827.87;827.87;0.56;467.68;827.88
16.01.2017 13:13;827.83;827.83;827.83;827.83;0.5;413.92;827.83
16.01.2017 13:14;827.69;827.69;827.69;827.69;0.02;16.55;827.69
16.01.2017 13:15;828.05;828.05;828.03;828.03;1.66;1371.35;828.04
16.01.2017 13:16;828.03;828.09;828.03;828.09;10.2;8443.06;828.03
16.01.2017 13:17;827.88;827.88;827.88;827.88;0.12;100.17;827.88
16.01.2017 13:18;827.95;828;827.95;828;6.26;5182.85;827.95
16.01.2017 13:19;828;828.34;828;828.34;13.88;11500.34;828.28
16.01.2017 13:20;828.34;829;828.34;828.99;15.49;12834.41;828.78
16.01.2017 13:21;829;829.94;829;829.94;16.18;13416.9;829.44
16.01.2017 13:22;829.88;829.91;829.22;829.22;5.49;4553.17;829.87
16.01.2017 13:23;829.9;829.9;829.27;829.44;45.14;37433.42;829.28
16.01.2017 13:24;829.4;829.5;829.4;829.4;12.75;10573.22;829.48
16.01.2017 13:25;829.4;829.4;829.4;829.4;7.62;6319.5;829.4
16.01.2017 13:26;829.4;829.4;829.39;829.39;0.4;327.68;829.4
16.01.2017 13:27;829.16;829.16;829.16;829.16;1.06;877.94;829.16
16.01.2017 13:28;0;0;0;0;0;0;0
16.01.2017 13:29;829.17;829.17;829.17;829.17;0.37;309.41;829.17
16.01.2017 13:30;0;0;0;0;0;0;0
16.01.2017 13:31;829;829;829;829;1.15;955.4;829
16.01.2017 13:32;829.17;829.17;829.17;829.17;4.87;4040.63;829.17
16.01.2017 13:33;829.17;829.17;829.17;829.17;2.56;2121.34;829.17
16.01.2017 13:34;829.16;829.16;829.16;829.16;0.01;10.32;829.16
16.01.2017 13:35;828.95;828.95;828.95;828.95;10;8289.5;828.95
16.01.2017 13:36;828.14;828.14;828.14;828.14;0.01;10.03;828.14
16.01.2017 13:37;829.17;829.17;828.4;828.4;0.26;219.15;828.53
16.01.2017 13:38;829.17;829.17;829.17;829.17;0.5;414.59;829.17
16.01.2017 13:39;829.17;829.17;829.17;829.17;3.04;2519.7;829.17
16.01.2017 13:40;828.33;828.33;828.13;828.13;1.38;1139.33;828.32
16.01.2017 13:41;828.25;828.27;828.25;828.27;1.28;1056.52;828.26
16.01.2017 13:42;828.27;828.27;828.27;828.27;0.09;73.29;828.27
16.01.2017 13:43;0;0;0;0;0;0;0
16.01.2017 13:44;828.27;828.27;828.27;828.27;0.36;296.83;828.27
16.01.2017 13:45;828.27;828.27;828.27;828.27;5.6;4639.22;828.27
16.01.2017 13:46;828.27;829;828.27;829;6.13;5079.49;828.78
16.01.2017 13:47;829;829.17;828.41;828.41;6.49;5383.24;829.02
16.01.2017 13:48;829.15;829.15;829.15;829.15;0.29;239.5;829.15
16.01.2017 13:49;0;0;0;0;0;0;0
16.01.2017 13:50;0;0;0;0;0;0;0
16.01.2017 13:51;829.15;829.49;829.15;829.49;12.04;9988;829.39
16.01.2017 13:52;829.49;829.5;829.49;829.5;24.1;19991.54;829.49
16.01.2017 13:53;829.5;829.5;829.5;829.5;0.52;428.94;829.5
16.01.2017 13:54;0;0;0;0;0;0;0
16.01.2017 13:55;829.5;829.5;828.31;828.31;9.05;7497.37;828.32
16.01.2017 13:56;828.31;828.31;828;828.21;43.9;36352.15;828.14
16.01.2017 13:57;828.22;829.09;828.22;829.09;0.01;9.77;828.35
16.01.2017 13:58;828.71;828.71;828.71;828.71;0.06;46.93;828.71
16.01.2017 13:59;828.59;828.59;828.05;828.05;4.87;4033.48;828.1
16.01.2017 14:00;828.3;828.32;828.3;828.32;0.2;163.77;828.32
16.01.2017 14:01;828.29;828.29;828.29;828.29;1.21;1000.04;828.29
16.01.2017 14:02;0;0;0;0;0;0;0
16.01.2017 14:03;828.05;828.05;828;828;25.19;20856.56;828
16.01.2017 14:04;827.77;827.85;827;827.83;70.09;57964.01;827.04
16.01.2017 14:05;827.51;827.83;827.5;827.83;3.15;2603.88;827.5
16.01.2017 14:06;827.51;827.51;827.5;827.5;2.52;2085.3;827.5
16.01.2017 14:07;827.83;827.83;827.83;827.83;0.06;48.47;827.83
16.01.2017 14:08;0;0;0;0;0;0;0
16.01.2017 14:09;827.6;827.6;827;827;32.58;26951.3;827.23
16.01.2017 14:10;827;827;827;827;0.03;27.29;827
16.01.2017 14:11;827.73;829.12;827.73;829.12;72.08;59666;827.78
16.01.2017 14:12;829.12;829.12;829.12;829.12;0.01;10.8;829.12
16.01.2017 14:13;829.12;829.12;829.12;829.12;0.02;20.6;829.12
16.01.2017 14:14;829.12;829.12;829.12;829.12;0.02;13.86;829.12
16.01.2017 14:15;0;0;0;0;0;0;0
16.01.2017 14:16;828.99;829.35;828.99;829.35;0.14;118.67;829.23
16.01.2017 14:17;829.11;829.2;829.11;829.2;0.18;148.06;829.14
16.01.2017 14:18;829.04;829.04;828.1;828.1;0.17;140.72;828.77
16.01.2017 14:19;0;0;0;0;0;0;0
16.01.2017 14:20;828.04;828.99;828.02;828.99;6.85;5671.37;828.03
16.01.2017 14:21;828.95;828.95;828.1;828.1;0.14;114.85;828.65
16.01.2017 14:22;828.67;828.67;828.6;828.6;0.03;22.37;828.63
16.01.2017 14:23;828.6;828.65;828.6;828.65;0.15;125.28;828.64
16.01.2017 14:24;828.65;828.7;828.02;828.7;4.18;3459.7;828.04
16.01.2017 14:25;828.68;829.03;828.68;829;1.37;1139.66;828.92
16.01.2017 14:26;0;0;0;0;0;0;0
16.01.2017 14:27;829.01;829.01;829.01;829.01;8.71;7224.55;829.01
16.01.2017 14:28;0;0;0;0;0;0;0
16.01.2017 14:29;829.08;829.08;829.08;829.08;0.01;10.32;829.08
16.01.2017 14:30;829.08;829.08;829.08;829.08;0.23;192.59;829.08
16.01.2017 14:31;828.02;828.02;828.02;828.02;0.04;33.11;828.02
16.01.2017 14:32;829.09;829.09;829.09;829.09;0.24;195.83;829.09
16.01.2017 14:33;829.09;829.12;827.91;829.12;3.51;2909.92;829.08
16.01.2017 14:34;829.12;829.12;829.12;829.12;0.31;259.06;829.12
16.01.2017 14:35;829.12;829.12;829.12;829.12;1.1;915.12;829.12
16.01.2017 14:36;829.12;829.12;829.12;829.12;6.81;5649.95;829.12
16.01.2017 14:37;829.12;829.12;829.12;829.12;1.72;1429.39;829.12
16.01.2017 14:38;828.66;829.94;828.66;828.9;12.85;10662.7;829.53
16.01.2017 14:39;0;0;0;0;0;0;0
16.01.2017 14:40;828.9;829.48;828.89;828.89;0.14;112.03;829.03
16.01.2017 14:41;828.89;829.48;828.42;829.35;5.09;4216.94;828.43
16.01.2017 14:42;829.23;829.23;828.42;828.42;0.15;126.71;828.49
16.01.2017 14:43;828.94;828.94;828.81;828.81;0.18;148.98;828.84
16.01.2017 14:44;828.26;828.26;828.26;828.26;0.46;383.86;828.26
16.01.2017 14:45;828.26;828.26;828.26;828.26;0.93;767.73;828.26
16.01.2017 14:46;828.26;829.58;828.26;829.58;14.52;12036.71;829.16
16.01.2017 14:47;829.56;829.56;829.56;829.56;0.33;276.1;829.56
16.01.2017 14:48;0;0;0;0;0;0;0
16.01.2017 14:49;829.56;829.56;829.56;829.56;0.26;215.91;829.56
16.01.2017 14:50;0;0;0;0;0;0;0
16.01.2017 14:51;829.56;829.97;829.56;829.97;5.31;4407;829.94
16.01.2017 14:52;829.96;829.96;829.96;829.96;0.38;316.09;829.96
16.01.2017 14:53;829.97;829.97;829.51;829.51;1.04;858.7;829.52
16.01.2017 14:54;829.51;829.97;829.51;829.97;0.23;188.22;829.69
16.01.2017 14:55;829.95;829.95;829.95;829.95;0.06;53.07;829.95
16.01.2017 14:56;0;0;0;0;0;0;0
16.01.2017 14:57;829.95;829.95;829.95;829.95;0.39;320.15;829.95
16.01.2017 14:58;829.49;829.49;829.49;829.49;10;8294.9;829.49
16.01.2017 14:59;829.49;829.97;829.48;829.48;15.2;12611.05;829.65
16.01.2017 15:00;828.95;828.95;828.95;828.95;0.03;27.36;828.95
16.01.2017 15:01;0;0;0;0;0;0;0
16.01.2017 15:02;829.48;829.97;829.48;829.97;0.19;157.77;829.93
16.01.2017 15:03;0;0;0;0;0;0;0
16.01.2017 15:04;829.97;829.97;829.97;829.97;2.41;1997.89;829.97
16.01.2017 15:05;829.97;829.97;829.97;829.97;1.68;1397.16;829.97
16.01.2017 15:06;829.97;829.97;829.97;829.97;0.37;306.86;829.97
16.01.2017 15:07;829.97;829.99;829.77;829.99;1.53;1267.09;829.89
16.01.2017 15:08;0;0;0;0;0;0;0
16.01.2017 15:09;829.99;829.99;829.99;829.99;3.3;2742.75;829.99
16.01.2017 15:10;829.99;829.99;829.99;829.99;0.13;103.9;829.99
16.01.2017 15:11;829.99;829.99;829.99;829.99;0.12;95.55;829.99
16.01.2017 15:12;829.99;829.99;829.99;829.99;0.54;446.89;829.99
16.01.2017 15:13;829.99;829.99;829.99;829.99;0.14;114.54;829.99
16.01.2017 15:14;829.99;829.99;829.99;829.99;0.43;354.48;829.99
16.01.2017 15:15;829.99;829.99;829.99;829.99;0.5;415;829.99
16.01.2017 15:16;829.99;829.99;829.99;829.99;9.59;7960.99;829.99
16.01.2017 15:17;829.99;829.99;829.99;829.99;1.43;1190.46;829.99
16.01.2017 15:18;829.99;830;829.99;830;1.96;1622.92;829.99
16.01.2017 15:19;830;830;830;830;0.05;41.88;830
16.01.2017 15:20;829.87;830;829.87;830;2.14;1773.27;829.88
16.01.2017 15:21;830;830.01;830;830.01;10.84;8996.71;830
16.01.2017 15:22;830.01;830.8;830.01;830.8;96.82;80388.8;830.25
16.01.2017 15:23;830.8;831;830.8;831;11.16;9269.53;830.82
16.01.2017 15:24;831;831;831;831;0.6;494.61;831
16.01.2017 15:25;831;831;831;831;0.07;60.66;831
16.01.2017 15:26;831;831.01;831;831.01;3.72;3092.77;831
16.01.2017 15:27;831.89;832;831.89;832;6.92;5758.01;832
16.01.2017 15:28;832;832;832;832;0.09;78.8;832
16.01.2017 15:29;832;832;831.99;831.99;0.06;49.32;832
16.01.2017 15:30;832;832.48;831.99;832.48;5.5;4579.7;832.11
16.01.2017 15:31;832.1;832.11;832.05;832.08;1.89;1570.18;832.08
16.01.2017 15:32;832.08;832.48;832.05;832.05;3.01;2505.89;832.07
16.01.2017 15:33;832.05;833.68;832.05;833.53;15.32;12761.28;833.12
16.01.2017 15:34;833.15;833.15;832.78;833.15;2.34;1951.23;832.97
16.01.2017 15:35;833.15;833.15;831.89;832.82;85.52;71153.14;832.02
16.01.2017 15:36;831.99;832.82;831.22;832.49;0.88;734.36;832.12
16.01.2017 15:37;0;0;0;0;0;0;0
16.01.2017 15:38;832;832;831.99;831.99;1.16;962.55;832
16.01.2017 15:39;830.9;832.49;830.9;832.49;1.12;930.8;831.07
16.01.2017 15:40;832.01;832.01;832.01;832.01;0.78;649.72;832.01
16.01.2017 15:41;831.99;832;831.82;831.82;8.09;6734.09;831.99
16.01.2017 15:42;0;0;0;0;0;0;0
16.01.2017 15:43;831.44;832.41;831.44;832.41;0.06;52.31;831.86
16.01.2017 15:44;832.16;832.16;832.16;832.16;0.12;97.86;832.16
16.01.2017 15:45;831.92;831.92;831.92;831.92;0.05;42.91;831.92
16.01.2017 15:46;831.92;831.92;831.92;831.92;0.07;59.07;831.92
16.01.2017 15:47;832.35;832.35;832.35;832.35;0.06;50;832.35
16.01.2017 15:48;0;0;0;0;0;0;0
16.01.2017 15:49;832.36;832.5;832.35;832.5;3.35;2789.49;832.38
16.01.2017 15:50;831.04;831.27;831.04;831.27;0.09;74.79;831.2
16.01.2017 15:51;0;0;0;0;0;0;0
16.01.2017 15:52;832.49;832.49;831.66;832.49;0.5;419.54;831.9
16.01.2017 15:53;0;0;0;0;0;0;0
16.01.2017 15:54;832.47;832.49;832.43;832.49;8.96;7456.49;832.43
16.01.2017 15:55;0;0;0;0;0;0;0
16.01.2017 15:56;832.23;832.23;830.99;831.97;20.69;17196.54;831.28
16.01.2017 15:57;831.97;831.99;831.18;831.99;9.93;8261.58;831.6
16.01.2017 15:58;831.99;831.99;831.99;831.99;0.35;287.04;831.99
16.01.2017 15:59;831.99;831.99;831.28;831.99;0.54;447.33;831.53
16.01.2017 16:00;831.99;831.99;831.98;831.98;0.24;201.91;831.98
16.01.2017 16:01;831.99;831.99;830.93;831.98;3.89;3238.01;831.88
16.01.2017 16:02;0;0;0;0;0;0;0
16.01.2017 16:03;831.98;831.98;831.98;831.98;0.33;274.44;831.98
16.01.2017 16:04;831.98;831.99;831.98;831.99;0.62;517.28;831.98
16.01.2017 16:05;831.99;831.99;827.65;827.65;41.33;34294.53;829.72
16.01.2017 16:06;830.5;830.5;829.64;829.64;0.24;196.29;830.05
16.01.2017 16:07;829.62;829.67;829.53;829.67;2.35;1948.73;829.59
16.01.2017 16:08;829.64;829.66;827;829.41;71.08;58845.78;827.83
16.01.2017 16:09;829.35;829.35;827;828.82;0.84;696.66;828.33
16.01.2017 16:10;829.28;829.28;828.82;828.82;1.33;1101.05;829.21
16.01.2017 16:11;829.42;829.68;829.3;829.3;5.5;4561.68;829.51
16.01.2017 16:12;829.58;829.67;829.3;829.67;0.54;444.66;829.43
16.01.2017 16:13;829.66;829.66;829.44;829.44;1.35;1119.64;829.63
16.01.2017 16:14;829.69;829.69;829.59;829.59;0.31;258.05;829.61
16.01.2017 16:15;829.57;830.39;829.57;830.39;2.44;2029;829.98
16.01.2017 16:16;830.41;830.41;830.41;830.41;0.6;498.51;830.41
16.01.2017 16:17;830.41;830.89;829.43;830.89;0.87;719.77;830.56
16.01.2017 16:18;830.81;830.81;830.51;830.51;0.6;499.69;830.69
16.01.2017 16:19;830.14;830.14;830.11;830.11;1.19;984.14;830.13
16.01.2017 16:20;830.09;830.09;830.09;830.09;1.06;882.31;830.09
16.01.2017 16:21;829.42;830.05;828.53;830;4.37;3620.76;829.23
16.01.2017 16:22;829.99;829.99;829.05;829.05;2.11;1750.56;829.86
16.01.2017 16:23;829.98;829.98;829.98;829.98;0.01;10.79;829.98
16.01.2017 16:24;829.98;829.98;829.98;829.98;0.16;133.3;829.98
16.01.2017 16:25;828.79;829.76;828.7;829.76;0.21;175.44;829.26
16.01.2017 16:26;828.79;828.79;827;828.71;59.02;48833.74;827.44
16.01.2017 16:27;828.62;828.62;828.62;828.62;0.05;37.29;828.62
16.01.2017 16:28;828.53;828.59;828.53;828.59;9.26;7668.31;828.55
16.01.2017 16:29;828.59;828.77;828.59;828.77;0.47;385.34;828.59
16.01.2017 16:30;828.59;828.59;828.59;828.59;3;2485.69;828.59
16.01.2017 16:31;828.58;828.88;827.64;827.64;1.24;1025.18;827.97
16.01.2017 16:32;828.58;828.86;828.58;828.86;0.04;33.27;828.79
16.01.2017 16:33;827.68;828.75;827;827;11.11;9188.9;827.08
16.01.2017 16:34;828.1;828.15;827.01;828.15;0.14;115.73;827.97
16.01.2017 16:35;828.16;828.84;828.16;828.81;0.25;203.66;828.81
16.01.2017 16:36;828.86;828.88;828.86;828.88;1.62;1339.01;828.87
16.01.2017 16:37;828.88;829.15;828.88;829.15;0.89;736.63;829.02
16.01.2017 16:38;829.15;829.95;829.15;829.95;0.22;183.54;829.21
16.01.2017 16:39;829.9;829.9;829.9;829.9;0.13;108.6;829.9
16.01.2017 16:40;829.95;829.96;828.17;828.23;8.66;7180.2;829.47
16.01.2017 16:41;828.19;828.19;828.18;828.18;1;828.16;828.18
16.01.2017 16:42;829.75;829.75;829.75;829.75;0.02;16.6;829.75
16.01.2017 16:43;828.66;829;828.66;829;0.2;169.44;828.67
16.01.2017 16:44;0;0;0;0;0;0;0
16.01.2017 16:45;828.99;828.99;828.23;828.96;1.04;862.78;828.97
16.01.2017 16:46;828.39;829;828.39;829;0.22;180.16;828.69
16.01.2017 16:47;828.97;828.97;828.97;828.97;0.18;150;828.97
16.01.2017 16:48;829;829;829;829;0.15;127.59;829
16.01.2017 16:49;829;829.03;829;829.03;3.95;3275.72;829.03
16.01.2017 16:50;0;0;0;0;0;0;0
16.01.2017 16:51;829.03;829.03;829.03;829.03;0.11;94.15;829.03
16.01.2017 16:52;829.03;829.33;829.03;829.33;0.19;158.51;829.21
16.01.2017 16:53;829.27;829.27;829.27;829.27;0.12;100;829.27
16.01.2017 16:54;829.01;829.09;829;829.09;13.21;10954.59;829.02
16.01.2017 16:55;829.09;829.09;829.09;829.09;1;829.09;829.09
16.01.2017 16:56;829.09;829.09;829.09;829.09;25.23;20915.11;829.09
16.01.2017 16:57;0;0;0;0;0;0;0
16.01.2017 16:58;829.1;829.1;829.1;829.1;3.64;3017.15;829.1
16.01.2017 16:59;829.1;829.1;829.1;829.1;4.22;3502.56;829.1
16.01.2017 17:00;829.1;829.95;829.1;829.71;4.95;4106.78;829.46
16.01.2017 17:01;829.88;829.88;829.75;829.75;0.52;434.33;829.75
16.01.2017 17:02;829.75;829.75;828.28;828.4;3.66;3032.35;828.92
16.01.2017 17:03;829.86;829.86;829.86;829.86;0.76;628.68;829.86
16.01.2017 17:04;829.9;829.98;829.9;829.98;0.94;778.81;829.93
16.01.2017 17:05;829.98;829.98;828.63;828.63;60.11;49864.36;829.57
16.01.2017 17:06;829.88;829.93;829.88;829.93;6.14;5097.55;829.92
16.01.2017 17:07;828.25;829.93;828.25;829.93;0.83;685.1;829.74
16.01.2017 17:08;0;0;0;0;0;0;0
16.01.2017 17:09;829.86;829.93;829.81;829.93;2.8;2325.24;829.85
16.01.2017 17:10;829.93;829.93;828.63;828.63;5.69;4712.61;828.95
16.01.2017 17:11;828.48;829.21;828.48;829.21;0.21;174.52;829.08
16.01.2017 17:12;0;0;0;0;0;0;0
16.01.2017 17:13;829.75;829.75;829.75;829.75;0.1;85.54;829.75
16.01.2017 17:14;829.76;829.76;829.21;829.21;0.04;35.86;829.34
16.01.2017 17:15;829.21;829.21;829.21;829.21;4;3316.84;829.21
16.01.2017 17:16;829.67;829.67;829.66;829.66;0.06;47;829.66
16.01.2017 17:17;829.65;829.65;829.49;829.49;0.16;129.71;829.5
16.01.2017 17:18;829.49;829.49;829.49;829.49;0.01;9.71;829.49
16.01.2017 17:19;829.49;829.49;829.49;829.49;0.36;299.23;829.49
16.01.2017 17:20;0;0;0;0;0;0;0
16.01.2017 17:21;829.5;829.5;829.5;829.5;1;829.5;829.5
16.01.2017 17:22;829.47;829.49;829.47;829.49;2.02;1676.48;829.47
16.01.2017 17:23;0;0;0;0;0;0;0
16.01.2017 17:24;829.47;829.47;829.47;829.47;0.39;320.18;829.47
16.01.2017 17:25;829.49;829.49;829.49;829.49;0.12;101.13;829.49
16.01.2017 17:26;829.49;829.49;829.49;829.49;0.8;663.59;829.49
16.01.2017 17:27;829.23;829.49;829.23;829.49;1.61;1331.59;829.41
16.01.2017 17:28;829.23;829.23;829.23;829.23;0.02;20.18;829.23
16.01.2017 17:29;829.22;829.45;829.22;829.45;0.07;58.55;829.32
16.01.2017 17:30;829.45;829.45;829.45;829.45;0.3;249.75;829.45
16.01.2017 17:31;829.28;829.28;829.22;829.22;5.11;4235.72;829.22
16.01.2017 17:32;829.22;829.45;829.22;829.45;0.15;126.93;829.24
16.01.2017 17:33;829.22;829.34;829.22;829.34;4.54;3767.33;829.22
16.01.2017 17:34;0;0;0;0;0;0;0
16.01.2017 17:35;829.23;829.23;829.23;829.23;0.2;165.85;829.23
16.01.2017 17:36;829.22;829.22;829.17;829.17;10.22;8473.19;829.22
16.01.2017 17:37;829.11;829.11;828.85;828.85;0.97;801.52;828.93
16.01.2017 17:38;828.72;828.72;828.72;828.72;1.17;972.53;828.72
16.01.2017 17:39;0;0;0;0;0;0;0
16.01.2017 17:40;0;0;0;0;0;0;0
16.01.2017 17:41;0;0;0;0;0;0;0
16.01.2017 17:42;828.66;828.66;828.66;828.66;0.02;19.25;828.66
16.01.2017 17:43;828.16;828.66;827;827;52.11;43097.72;827.08
16.01.2017 17:44;0;0;0;0;0;0;0
16.01.2017 17:45;828.18;828.18;828.18;828.18;0.4;329.37;828.18
16.01.2017 17:46;0;0;0;0;0;0;0
16.01.2017 17:47;828.13;828.13;827.65;827.65;4.59;3802.6;828.13
16.01.2017 17:48;828.38;828.38;828.38;828.38;5.22;4324.14;828.38
16.01.2017 17:49;828.44;829.18;828.44;829.18;0.02;15.74;828.64
16.01.2017 17:50;0;0;0;0;0;0;0
16.01.2017 17:51;828.55;828.55;828.55;828.55;0.18;149.97;828.55
16.01.2017 17:52;828.16;828.96;828.16;828.95;2.04;1687.87;828.17
16.01.2017 17:53;828.49;828.75;828.49;828.75;5.3;4390.69;828.5
16.01.2017 17:54;828.55;828.55;828.45;828.45;0.09;77.46;828.48
16.01.2017 17:55;828.45;828.45;828.45;828.45;0.33;270.9;828.45
16.01.2017 17:56;828.28;828.45;828.28;828.45;0.14;118.19;828.31
16.01.2017 17:57;828.45;828.45;828.45;828.45;19.22;15926.32;828.45
16.01.2017 17:58;0;0;0;0;0;0;0
16.01.2017 17:59;828.45;828.45;828.45;828.45;0.06;50.51;828.45
16.01.2017 18:00;0;0;0;0;0;0;0
16.01.2017 18:01;828.45;828.45;828.45;828.45;0.05;42.29;828.45
16.01.2017 18:02;828.45;828.45;828.45;828.45;0.71;588.2;828.45
16.01.2017 18:03;0;0;0;0;0;0;0
16.01.2017 18:04;828.93;828.93;828.25;828.25;5.36;4442.6;828.33
16.01.2017 18:05;828.25;828.5;828.25;828.25;6.79;5624.66;828.25
16.01.2017 18:06;828.5;828.5;828.5;828.5;0.03;24.86;828.5
16.01.2017 18:07;828.5;828.5;828.49;828.49;0.29;239.26;828.5
16.01.2017 18:08;0;0;0;0;0;0;0
16.01.2017 18:09;828.5;828.5;828.5;828.5;1.68;1395.01;828.5
16.01.2017 18:10;0;0;0;0;0;0;0
16.01.2017 18:11;828.47;828.47;827;828.38;74.3;61487.97;827.55
16.01.2017 18:12;828.26;828.26;828.07;828.07;7.29;6033.26;828.08
16.01.2017 18:13;827.92;828.39;827.92;828.39;1.4;1155.35;828.01
16.01.2017 18:14;828.26;828.26;828.05;828.05;15.31;12680.9;828.06
16.01.2017 18:15;828.05;828.46;827.96;828.45;8.48;7021.13;828.28
16.01.2017 18:16;828.45;828.48;828.43;828.48;0.77;637.19;828.46
16.01.2017 18:17;0;0;0;0;0;0;0
16.01.2017 18:18;828.47;828.48;828.45;828.48;0.45;371.46;828.48
16.01.2017 18:19;828.47;828.47;828.47;828.47;1.05;869.74;828.47
16.01.2017 18:20;0;0;0;0;0;0;0
16.01.2017 18:21;828.47;828.47;828.47;828.47;1.11;917.12;828.47
16.01.2017 18:22;828.47;828.47;828.47;828.47;1.05;865.84;828.47
16.01.2017 18:23;828.47;828.47;828.47;828.47;1.78;1476.58;828.47
16.01.2017 18:24;828.47;828.47;828.47;828.47;1.79;1486.77;828.47
16.01.2017 18:25;828.47;828.47;828.47;828.47;0.2;162.81;828.47
16.01.2017 18:26;828.47;828.47;828.46;828.46;1.68;1393.16;828.46
16.01.2017 18:27;828.47;828.47;828.46;828.46;2.11;1749.25;828.46
16.01.2017 18:28;828.47;828.47;828.46;828.46;0.61;507.48;828.46
16.01.2017 18:29;828.46;828.47;828.46;828.47;1.14;940.92;828.47
16.01.2017 18:30;828.46;828.47;828.46;828.47;0.18;145;828.46
16.01.2017 18:31;828.46;828.47;828.46;828.46;9.03;7484.8;828.46
16.01.2017 18:32;828.47;828.47;828.47;828.47;0.02;20.64;828.47
16.01.2017 18:33;828.47;828.47;827.94;828.47;0.46;382.89;828.06
16.01.2017 18:34;828.47;828.47;828.47;828.47;0.15;126.6;828.47
16.01.2017 18:35;0;0;0;0;0;0;0
16.01.2017 18:36;828.42;828.42;827.98;828.42;0.1;85.56;828.27
16.01.2017 18:37;828.42;828.42;828.42;828.42;2.21;1828.86;828.42
16.01.2017 18:38;0;0;0;0;0;0;0
16.01.2017 18:39;0;0;0;0;0;0;0
16.01.2017 18:40;828.42;828.42;828.42;828.42;0.84;697.89;828.42
16.01.2017 18:41;828.42;828.42;828.13;828.13;0.17;141.94;828.19
16.01.2017 18:42;828.44;828.44;828.44;828.44;0.25;203.27;828.44
16.01.2017 18:43;828.18;828.18;828.18;828.18;0.05;45.29;828.18
16.01.2017 18:44;828.46;828.96;827.96;828.96;50.12;41517.32;828.39
16.01.2017 18:45;829.01;829.21;829;829.21;0.15;125.2;829.14
16.01.2017 18:46;829.21;829.21;829;829.21;2.7;2235.62;829.05
16.01.2017 18:47;829;829.2;829;829.2;4.9;4063.4;829.01
16.01.2017 18:48;829.2;829.2;829.2;829.2;0.4;330.99;829.2
16.01.2017 18:49;829.2;829.2;829.2;829.2;0.76;629.05;829.2
16.01.2017 18:50;829.2;829.2;829.2;829.2;0.13;103.66;829.2
16.01.2017 18:51;829;829.16;829;829.16;2.42;2003.68;829.01
16.01.2017 18:52;829;829;827.97;828.43;1.39;1154.27;828.06
16.01.2017 18:53;828.43;828.43;828.43;828.43;0.08;64.38;828.43
16.01.2017 18:54;828.43;828.43;828.43;828.43;0.17;138.98;828.43
16.01.2017 18:55;828.43;828.43;828.43;828.43;0.08;64.62;828.43
16.01.2017 18:56;828.43;829.18;828.43;829.18;1.22;1013.03;828.74
16.01.2017 18:57;829.18;829.18;829.18;829.18;0.06;48.79;829.18
16.01.2017 18:58;827.98;829.18;827.98;829.18;0.14;118.46;828.37
16.01.2017 18:59;829.18;829.19;829.18;829.19;0.22;181.41;829.18
16.01.2017 19:00;828;829.2;828;829.2;1.4;1162.52;829.17
16.01.2017 19:01;829.2;829.2;829.18;829.2;1.44;1196.55;829.19
16.01.2017 19:02;829.2;829.2;829.2;829.2;0.05;40.63;829.2
16.01.2017 19:03;828.01;828.01;827.98;828.01;41.45;34320.2;827.98
16.01.2017 19:04;828.01;829.23;828.01;829.23;2.8;2324.19;829.12
16.01.2017 19:05;829.23;829.23;829.23;829.23;0.37;304.19;829.23
16.01.2017 19:06;829.23;829.23;829.23;829.23;0.71;587.42;829.23
16.01.2017 19:07;0;0;0;0;0;0;0
16.01.2017 19:08;829.23;829.23;829.23;829.23;0.05;43.12;829.23
16.01.2017 19:09;829.23;829.23;829.23;829.23;0.16;135.5;829.23
16.01.2017 19:10;829.23;829.23;828.04;828.04;1.94;1607.16;828.85
16.01.2017 19:11;829.04;829.22;829.04;829.22;0.07;60.01;829.2
16.01.2017 19:12;0;0;0;0;0;0;0
16.01.2017 19:13;829.22;829.23;829.22;829.23;0.8;667;829.23
16.01.2017 19:14;829.23;829.23;829.23;829.23;3.72;3086.82;829.23
16.01.2017 19:15;829.23;829.23;829.23;829.23;0.2;168.04;829.23
16.01.2017 19:16;829.23;829.23;829.23;829.23;2.48;2053.43;829.23
16.01.2017 19:17;0;0;0;0;0;0;0
16.01.2017 19:18;829.23;829.46;829.23;829.46;0.19;156.55;829.31
16.01.2017 19:19;0;0;0;0;0;0;0
16.01.2017 19:20;828.79;828.79;828.79;828.79;0.26;214.66;828.79
16.01.2017 19:21;829.46;829.46;829.46;829.46;1.2;995.6;829.46
16.01.2017 19:22;828.96;828.99;828.96;828.99;1.07;889.07;828.99
16.01.2017 19:23;828.99;828.99;828.99;828.99;0.22;183.87;828.99
16.01.2017 19:24;828.99;828.99;828.99;828.99;15;12434.85;828.99
16.01.2017 19:25;0;0;0;0;0;0;0
16.01.2017 19:26;828.99;828.99;828.99;828.99;0.47;386.75;828.99
16.01.2017 19:27;828.92;828.92;828.92;828.92;0.05;38.49;828.92
16.01.2017 19:28;828.99;828.99;828.99;828.99;2.19;1813.85;828.99
16.01.2017 19:29;828.99;829.46;828.99;829.46;1.27;1055.54;829.03
16.01.2017 19:30;829.46;829.46;829.46;829.46;0.03;22.06;829.46
16.01.2017 19:31;829.4;829.46;828.94;829.46;1.64;1363.83;829.38
16.01.2017 19:32;0;0;0;0;0;0;0
16.01.2017 19:33;829.46;829.46;829.46;829.46;1.77;1467.73;829.46
16.01.2017 19:34;829.46;829.46;829.46;829.46;0.33;271.22;829.46
16.01.2017 19:35;0;0;0;0;0;0;0
16.01.2017 19:36;829.46;829.46;829.46;829.46;0.14;116.46;829.46
16.01.2017 19:37;0;0;0;0;0;0;0
16.01.2017 19:38;0;0;0;0;0;0;0
16.01.2017 19:39;0;0;0;0;0;0;0
16.01.2017 19:40;829.46;829.46;829.27;829.46;0.95;788.57;829.28
16.01.2017 19:41;0;0;0;0;0;0;0
16.01.2017 19:42;829.46;829.46;829.26;829.26;6.13;5081.56;829.41
16.01.2017 19:43;829.46;829.46;829.46;829.46;0.5;414.7;829.46
16.01.2017 19:44;829.46;829.46;829.46;829.46;0.88;726.18;829.46
16.01.2017 19:45;829.71;829.93;829.71;829.93;3.01;2496.14;829.82
16.01.2017 19:46;829.93;829.93;829.46;829.93;4.54;3769.86;829.76
16.01.2017 19:47;0;0;0;0;0;0;0
16.01.2017 19:48;829.97;829.98;829.97;829.98;1.49;1237.35;829.98
16.01.2017 19:49;829.98;830;829.98;830;22.45;18630.08;829.99
16.01.2017 19:50;0;0;0;0;0;0;0
16.01.2017 19:51;0;0;0;0;0;0;0
16.01.2017 19:52;830.01;830.97;830.01;830.97;0.07;59.06;830.76
16.01.2017 19:53;830.97;831.69;830.97;831.69;50.85;42272.14;831.3
16.01.2017 19:54;831.69;831.69;831.69;831.69;0.03;24.41;831.69
16.01.2017 19:55;831.64;831.64;831.64;831.64;0.12;103.77;831.64
16.01.2017 19:56;0;0;0;0;0;0;0
16.01.2017 19:57;831.69;831.69;831.69;831.69;0.38;318.05;831.69
16.01.2017 19:58;831.69;831.69;831.69;831.69;0.11;91.22;831.69
16.01.2017 19:59;831.69;831.69;831.69;831.69;6.01;4995.37;831.69
16.01.2017 20:00;831.69;831.69;831.5;831.5;5.69;4734.11;831.51
16.01.2017 20:01;830.48;831.5;830.47;830.47;3.98;3311.04;831.41
16.01.2017 20:02;830.48;831.68;830.45;830.45;8.36;6945.59;830.89
16.01.2017 20:03;830.46;830.47;830.46;830.47;1.21;1001.5;830.47
16.01.2017 20:04;830.47;831.53;830.47;831.53;0.53;442.32;831.03
16.01.2017 20:05;0;0;0;0;0;0;0
16.01.2017 20:06;831.66;831.66;831.66;831.66;0.37;305.37;831.66
16.01.2017 20:07;831.66;831.66;831.66;831.66;0.05;41.58;831.66
16.01.2017 20:08;830.68;830.68;829.93;829.93;11.96;9932.98;830.45
16.01.2017 20:09;829.99;830.02;829.45;830.02;0.24;202.48;829.84
16.01.2017 20:10;829.01;829.82;827.93;829.82;0.62;512.32;828.61
16.01.2017 20:11;829.82;829.83;829.82;829.83;6.48;5377.84;829.82
16.01.2017 20:12;829.83;829.83;828.1;829.83;1.44;1194.92;829.26
16.01.2017 20:13;828.11;828.11;828.01;828.01;1.48;1225.68;828.03
16.01.2017 20:14;0;0;0;0;0;0;0
16.01.2017 20:15;829.75;829.75;828.48;828.48;0.13;110.41;829
16.01.2017 20:16;829.73;829.73;829.73;829.73;0.01;10.33;829.73
16.01.2017 20:17;0;0;0;0;0;0;0
16.01.2017 20:18;829.76;829.76;828.25;828.25;1.13;935.66;828.57
16.01.2017 20:19;829.84;830.44;829.84;830.44;21.5;17841.09;829.96
16.01.2017 20:20;830.47;830.48;830.47;830.48;0.2;162.32;830.48
16.01.2017 20:21;830.47;830.48;828.76;828.76;9.83;8161.07;830.26
16.01.2017 20:22;829.46;830.27;829.46;830.27;0.43;360.4;830.25
16.01.2017 20:23;830.28;830.28;830.28;830.28;0.28;228.8;830.28
16.01.2017 20:24;829.98;829.98;829.98;829.98;0.32;266.46;829.98
16.01.2017 20:25;829.98;830;829.98;830;1.34;1108.18;830
16.01.2017 20:26;830;830;830;830;0.48;398.72;830
16.01.2017 20:27;830.46;830.48;830.46;830.48;0.12;98.08;830.48
16.01.2017 20:28;0;0;0;0;0;0;0
16.01.2017 20:29;830.48;830.48;830.37;830.37;0.38;311.95;830.39
16.01.2017 20:30;0;0;0;0;0;0;0
16.01.2017 20:31;830.37;830.47;830.37;830.47;0.68;562.34;830.38
16.01.2017 20:32;830.47;830.48;829.46;829.46;0.47;390.15;830.44
16.01.2017 20:33;830.48;830.48;830.48;830.48;0.14;116.85;830.48
16.01.2017 20:34;830.48;831.58;830.46;830.46;12.02;9992.68;831.02
16.01.2017 20:35;830.56;830.56;830.56;830.56;0.04;33.22;830.56
16.01.2017 20:36;830.56;830.99;830.53;830.99;10.1;8385.16;830.54
16.01.2017 20:37;830.99;830.99;830.53;830.53;11.15;9268.31;830.93
16.01.2017 20:38;830.98;830.98;830.98;830.98;0.01;9.98;830.98
16.01.2017 20:39;830.95;830.98;830.95;830.98;3.01;2503.22;830.97
16.01.2017 20:40;830.77;830.77;830.77;830.77;1.21;1006.37;830.77
16.01.2017 20:41;830.77;830.97;830.77;830.97;2.78;2310.89;830.9
16.01.2017 20:42;830.97;830.97;830.97;830.97;2.04;1696.59;830.97
16.01.2017 20:43;830.97;830.97;830.53;830.53;1.38;1149.35;830.85
16.01.2017 20:44;830.53;830.98;830.53;830.98;1.06;882.9;830.96
16.01.2017 20:45;830.98;830.98;830.9;830.98;4.16;3457.51;830.94
16.01.2017 20:46;830.98;830.98;830.98;830.98;1;830.98;830.98
16.01.2017 20:47;830.98;830.98;830.98;830.98;0.02;16.62;830.98
16.01.2017 20:48;0;0;0;0;0;0;0
16.01.2017 20:49;830.98;830.99;830.46;830.46;11.37;9445.35;830.53
16.01.2017 20:50;830.95;830.97;830.95;830.97;2.04;1691.29;830.96
16.01.2017 20:51;830.97;830.97;830.97;830.97;0.35;293.7;830.97
16.01.2017 20:52;830.97;830.97;830.97;830.97;6.56;5451.32;830.97
16.01.2017 20:53;830.47;830.47;830.47;830.47;0.24;199.95;830.47
16.01.2017 20:54;830.47;830.47;830.47;830.47;0.27;227.66;830.47
16.01.2017 20:55;830.9;830.9;830.9;830.9;0.1;87.04;830.9
16.01.2017 20:56;830.9;830.9;830.9;830.9;0.1;85.41;830.9
16.01.2017 20:57;830.9;830.9;830.9;830.9;0.32;265.92;830.9
16.01.2017 20:58;830.9;830.9;830.9;830.9;0.52;431.81;830.9
16.01.2017 20:59;830.89;830.89;830.89;830.89;0.87;723.84;830.89
16.01.2017 21:00;830.48;830.48;830.46;830.46;10.51;8726.8;830.46
16.01.2017 21:01;0;0;0;0;0;0;0
16.01.2017 21:02;829.96;829.96;828.77;828.77;0.02;17.26;829.68
16.01.2017 21:03;829.95;829.98;829.19;829.19;0.48;394.61;829.92
16.01.2017 21:04;829.98;830;829.98;830;2.04;1694.94;829.99
16.01.2017 21:05;830;830;830;830;0.15;125.17;830
16.01.2017 21:06;829.04;829.04;829.04;829.04;0.21;174.21;829.04
16.01.2017 21:07;0;0;0;0;0;0;0
16.01.2017 21:08;829.04;829.04;829.04;829.04;0.32;263.17;829.04
16.01.2017 21:09;829.04;829.04;827;827;100.07;82824.21;827.66
16.01.2017 21:10;0;0;0;0;0;0;0
16.01.2017 21:11;0;0;0;0;0;0;0
16.01.2017 21:12;829;829.01;829;829.01;0.8;666.44;829.01
16.01.2017 21:13;827.99;828;827.99;828;0.24;197.53;828
16.01.2017 21:14;827.98;827.98;827.98;827.98;0.42;346.19;827.98
16.01.2017 21:15;0;0;0;0;0;0;0
16.01.2017 21:16;827.44;827.44;827.44;827.44;0.03;22.34;827.44
16.01.2017 21:17;0;0;0;0;0;0;0
16.01.2017 21:18;827.46;827.98;827.46;827.98;0.03;26.86;827.66
16.01.2017 21:19;0;0;0;0;0;0;0
16.01.2017 21:20;827.98;827.98;827.98;827.98;1.21;998.5;827.98
16.01.2017 21:21;0;0;0;0;0;0;0
16.01.2017 21:22;827.46;827.46;827.46;827.46;0.01;5.79;827.46
16.01.2017 21:23;827.98;828;827.98;828;0.8;658.93;827.99
16.01.2017 21:24;828;828;828;828;0.14;112.4;828
16.01.2017 21:25;0;0;0;0;0;0;0
16.01.2017 21:26;828;828;828;828;9.24;7652.72;828
16.01.2017 21:27;828;828;827.66;827.66;5.02;4160.45;828
16.01.2017 21:28;0;0;0;0;0;0;0
16.01.2017 21:29;828;828;828;828;0.15;121.2;828
16.01.2017 21:30;827.66;828;827.66;828;5.31;4394.05;828
16.01.2017 21:31;827.67;828;827.46;828;2.49;2064.39;827.62
16.01.2017 21:32;828;828;828;828;0.54;449.2;828
16.01.2017 21:33;828;828.83;828;828.83;16.3;13504.88;828.43
16.01.2017 21:34;828.99;829.04;827.66;827.66;4.7;3898.38;828.98
16.01.2017 21:35;828.92;828.92;828.92;828.92;0.53;441.55;828.92
16.01.2017 21:36;828.99;829;828.99;829;4.06;3367.51;828.99
16.01.2017 21:37;829.04;829.04;829.04;829.04;1.37;1131.94;829.04
16.01.2017 21:38;829.04;829.04;828.01;828.9;2.56;2118.69;828.8
16.01.2017 21:39;829.04;829.04;829.02;829.02;1.09;904.15;829.04
16.01.2017 21:40;829.02;829.1;829.02;829.02;2.64;2191.97;829.03
16.01.2017 21:41;829.47;829.69;829.3;829.3;2.66;2203.68;829.46
16.01.2017 21:42;829.3;829.62;829.19;829.62;4.78;3964.42;829.36
16.01.2017 21:43;829.62;829.67;829.6;829.67;0.96;794.44;829.61
16.01.2017 21:44;829.68;829.68;828.01;829.62;12.41;10295.48;829.59
16.01.2017 21:45;829.92;829.94;829.92;829.94;1.01;835.65;829.94
16.01.2017 21:46;829.95;829.95;829.95;829.95;1.08;898.54;829.95
16.01.2017 21:47;829.95;829.95;829.95;829.95;0.87;718.73;829.95
16.01.2017 21:48;830;830;830;830;0.05;42.59;830
16.01.2017 21:49;830;830;829.63;829.63;6.36;5278.18;829.99
16.01.2017 21:50;829.69;829.69;829.69;829.69;0.59;489.52;829.69
16.01.2017 21:51;0;0;0;0;0;0;0
16.01.2017 21:52;829.69;829.69;829.69;829.69;0.06;52.27;829.69
16.01.2017 21:53;829.99;829.99;829.99;829.99;0.05;41.67;829.99
16.01.2017 21:54;829.99;829.99;829.99;829.99;0.07;61.26;829.99
16.01.2017 21:55;829.99;830;829.99;830;0.36;301.26;830
16.01.2017 21:56;830;830;830;830;0.18;152.47;830
16.01.2017 21:57;830;830;830;830;0.12;100.83;830
16.01.2017 21:58;830;830;830;830;0.33;276.56;830
16.01.2017 21:59;0;0;0;0;0;0;0
16.01.2017 22:00;830;830;830;830;1.72;1427.8;830
16.01.2017 22:01;830;830.46;829.71;830.46;4.85;4027.12;830.18
16.01.2017 22:02;830.46;830.46;830.46;830.46;0.6;497.45;830.46
16.01.2017 22:03;830.46;830.46;830.46;830.46;0.21;174.46;830.46
16.01.2017 22:04;830.46;830.46;830.46;830.46;0.01;5.31;830.46
16.01.2017 22:05;0;0;0;0;0;0;0
16.01.2017 22:06;829.82;829.82;829.82;829.82;0.06;49.88;829.82
16.01.2017 22:07;829.82;829.82;829.82;829.82;0.68;560.86;829.82
16.01.2017 22:08;829.72;829.99;829.72;829.99;0.58;480.29;829.86
16.01.2017 22:09;829.72;829.72;827;827;122.55;101392.81;827.34
16.01.2017 22:10;827.18;829.93;827.18;829.93;1.71;1416.57;828.3
16.01.2017 22:11;0;0;0;0;0;0;0
16.01.2017 22:12;829.91;829.91;829.87;829.87;0.13;111.91;829.87
16.01.2017 22:13;828.87;829.91;828.87;829.91;0.12;97.19;829.42
16.01.2017 22:14;829.87;829.87;829.87;829.87;0.02;20;829.87
16.01.2017 22:15;829.91;829.91;829.87;829.87;0.39;320.51;829.88
16.01.2017 22:16;829.94;829.95;829.94;829.95;0.13;105.98;829.95
16.01.2017 22:17;829.91;829.95;829.91;829.95;0.08;65;829.95
16.01.2017 22:18;829.95;829.95;829.95;829.95;0.06;50.45;829.95
16.01.2017 22:19;829.95;829.95;829;829;4.03;3337.67;829.01
16.01.2017 22:20;829.95;829.96;829.95;829.96;0.34;285.08;829.95
16.01.2017 22:21;829.95;829.95;829.95;829.95;0.14;119.47;829.95
16.01.2017 22:22;829.95;829.97;829.5;829.5;6.54;5424.8;829.93
16.01.2017 22:23;829.34;829.34;829.34;829.34;0.19;159.88;829.34
16.01.2017 22:24;0;0;0;0;0;0;0
16.01.2017 22:25;829.06;829.68;829.06;829.68;0.1;80.75;829.4
16.01.2017 22:26;829.06;829.06;829.03;829.03;5.84;4840.62;829.04
16.01.2017 22:27;0;0;0;0;0;0;0
16.01.2017 22:28;829.65;829.65;829.65;829.65;0.01;8.84;829.65
16.01.2017 22:29;829.43;829.68;829.04;829.68;3.34;2772.89;829.38
16.01.2017 22:30;0;0;0;0;0;0;0
16.01.2017 22:31;829.43;829.43;829.06;829.06;0.05;38.21;829.37
16.01.2017 22:32;829.43;829.43;829.43;829.43;0.18;146.17;829.43
16.01.2017 22:33;829.43;829.43;829.43;829.43;0.03;21.39;829.43
16.01.2017 22:34;0;0;0;0;0;0;0
16.01.2017 22:35;829.09;829.09;829;829;51.38;42594.71;829.01
16.01.2017 22:36;829.43;829.43;829.43;829.43;9.1;7549.41;829.43
16.01.2017 22:37;0;0;0;0;0;0;0
16.01.2017 22:38;829.2;829.2;829;829;154.06;127713.4;829
16.01.2017 22:39;0;0;0;0;0;0;0
16.01.2017 22:40;829.43;829.43;829.43;829.43;0.07;54.34;829.43
16.01.2017 22:41;829.43;829.43;829.43;829.43;1.17;974.05;829.43
16.01.2017 22:42;829.43;829.61;829.43;829.61;0.5;414.01;829.46
16.01.2017 22:43;0;0;0;0;0;0;0
16.01.2017 22:44;829.57;829.57;829.57;829.57;0.11;90.09;829.57
16.01.2017 22:45;829.01;829.01;829;829;0.2;165.8;829.01
16.01.2017 22:46;829;829.6;829;829.6;0.04;30.9;829.17
16.01.2017 22:47;829.61;829.68;829.61;829.68;1.15;955.58;829.65
16.01.2017 22:48;829.68;829.68;829.68;829.68;0.32;268.55;829.68
16.01.2017 22:49;829.03;829.03;829;829;3.62;3003.7;829.01
16.01.2017 22:50;829.57;829.68;829.57;829.65;0.28;234.85;829.64
16.01.2017 22:51;829.65;829.66;829.65;829.66;0.7;582.88;829.66
16.01.2017 22:52;0;0;0;0;0;0;0
16.01.2017 22:53;0;0;0;0;0;0;0
16.01.2017 22:54;829.66;829.66;829.66;829.66;0.19;156.27;829.66
16.01.2017 22:55;829.05;829.05;828.79;829.05;17.04;14125.6;829.04
16.01.2017 22:56;829.04;829.05;828.45;829.05;0.2;163.23;828.58
16.01.2017 22:57;829.64;829.64;828.08;828.08;7.95;6586.49;828.64
16.01.2017 22:58;828.08;829.57;827.72;829.57;3.75;3101.43;827.88
16.01.2017 22:59;0;0;0;0;0;0;0
16.01.2017 23:00;829.57;829.57;829.57;829.57;0.06;49.77;829.57
16.01.2017 23:01;829.54;829.68;828.42;829.68;29.54;24503.68;829.64
16.01.2017 23:02;829.68;829.99;829.68;829.99;5.45;4524.57;829.97
16.01.2017 23:03;829.99;830.46;829.99;830.46;24.23;20116.67;830.17
16.01.2017 23:04;830.46;830.5;829.51;830.47;24.37;20232.27;830.29
16.01.2017 23:05;830.47;830.97;830.47;830.97;7.81;6487.81;830.51
16.01.2017 23:06;830.97;831.01;830.97;831.01;10.96;9107.64;830.99
16.01.2017 23:07;831.67;831.67;831.59;831.59;6.72;5585.17;831.67
16.01.2017 23:08;831.67;832.23;831.67;832.23;30.18;25110.5;831.9
16.01.2017 23:09;832.23;833.5;832.23;833.17;70.2;58467.29;832.84
16.01.2017 23:10;833.51;833.6;833.21;833.6;6.88;5728.56;833.22
16.01.2017 23:11;833.86;833.98;833.86;833.98;0.45;371.31;833.97
16.01.2017 23:12;833.97;833.97;833;833.97;80.07;66704.22;833.07
16.01.2017 23:13;833.97;834;833.97;834;4.86;4051.82;834
16.01.2017 23:14;834;834;834;834;5.73;4778.94;834
16.01.2017 23:15;834;834;834;834;7;5838;834
16.01.2017 23:16;0;0;0;0;0;0;0
16.01.2017 23:17;834.01;834.02;834.01;834.02;3.2;2666.54;834.01
16.01.2017 23:18;834.11;834.11;834.06;834.06;8.97;7483.79;834.07
16.01.2017 23:19;834.02;834.02;834;834;10.78;8989.86;834
16.01.2017 23:20;833.18;833.18;830.16;830.16;6.27;5222.52;833.17
16.01.2017 23:21;830.24;832.13;829.56;829.56;56.43;46928.53;831.64
16.01.2017 23:22;831.16;832.05;831;831;4.2;3491.23;831.25
16.01.2017 23:23;832.16;832.16;831.12;831.12;0.79;652.82;831.27
16.01.2017 23:24;830.16;830.17;829.01;830.16;10.37;8611.36;830.08
16.01.2017 23:25;829.52;829.52;827.02;827.02;20.72;17133.42;827.06
16.01.2017 23:26;828.17;830;828.17;830;1.81;1500.54;829.06
16.01.2017 23:27;0;0;0;0;0;0;0
16.01.2017 23:28;830;831.7;830;830.15;0.32;263.74;830.83
16.01.2017 23:29;829.62;829.62;829.62;829.62;0.75;621.72;829.62
16.01.2017 23:30;829.71;831.39;829.71;829.84;1.26;1043.21;830.1
16.01.2017 23:31;829.92;829.92;829.14;829.14;1;829.71;829.71
16.01.2017 23:32;829.9;829.9;828.54;828.54;1;829.21;829.21
16.01.2017 23:33;828.57;828.57;828.43;828.43;0.41;336.01;828.44
16.01.2017 23:34;831.26;831.26;828.57;831.17;0.34;283.45;830.66
16.01.2017 23:35;0;0;0;0;0;0;0
16.01.2017 23:36;0;0;0;0;0;0;0
16.01.2017 23:37;0;0;0;0;0;0;0
16.01.2017 23:38;0;0;0;0;0;0;0
16.01.2017 23:39;831.36;831.36;831.36;831.36;0.1;85.15;831.36
16.01.2017 23:40;829.59;829.59;829.59;829.59;0.85;703.79;829.59
16.01.2017 23:41;829.58;829.58;829.58;829.58;0.33;273.35;829.58
16.01.2017 23:42;829.58;829.58;829.07;829.07;2.6;2155.07;829.19
16.01.2017 23:43;0;0;0;0;0;0;0
16.01.2017 23:44;830.87;830.87;830.87;830.87;0.07;55.46;830.87
16.01.2017 23:45;830;830;830;830;0.07;55.4;830
16.01.2017 23:46;0;0;0;0;0;0;0
16.01.2017 23:47;0;0;0;0;0;0;0
16.01.2017 23:48;831.06;831.35;831.06;831.35;0.2;167.14;831.25
16.01.2017 23:49;0;0;0;0;0;0;0
16.01.2017 23:50;0;0;0;0;0;0;0
16.01.2017 23:51;830.56;830.56;830.56;830.56;0.11;93.66;830.56
16.01.2017 23:52;0;0;0;0;0;0;0
16.01.2017 23:53;831.43;831.43;831.43;831.43;0.01;8.31;831.43
16.01.2017 23:54;831.07;831.07;831.07;831.07;0.21;177.18;831.07
16.01.2017 23:55;831.87;831.87;831.87;831.87;0.11;88.4;831.87
16.01.2017 23:56;831.92;831.98;831.92;831.98;1.05;872.04;831.94
16.01.2017 23:57;831.88;831.88;830.56;831.81;20.11;16712.98;831.16
16.01.2017 23:58;0;0;0;0;0;0;0
16.01.2017 23:59;831.81;831.81;831.81;831.81;0.05;42.69;831.81
17.01.2017 00:00;831.76;831.76;830.42;831.76;2;1664.77;831.74
17.01.2017 00:01;831.75;831.75;831.75;831.75;0.06;49.91;831.75
17.01.2017 00:02;831.5;831.5;830.58;830.58;0.14;114.01;831.35
17.01.2017 00:03;830.6;830.62;830.13;830.13;3.75;3110.34;830.15
17.01.2017 00:04;830.88;831.06;830.88;831.06;0.07;55.66;831.03
17.01.2017 00:05;0;0;0;0;0;0;0
17.01.2017 00:06;831.6;831.62;830.83;831.62;0.92;763.01;831.54
17.01.2017 00:07;830.83;831.62;830.83;831.62;0.94;783.03;831.07
17.01.2017 00:08;831.58;831.76;831.57;831.76;1.83;1522;831.62
17.01.2017 00:09;831.79;831.79;831.73;831.77;0.67;554.29;831.76
17.01.2017 00:10;831.77;831.83;831.75;831.8;1.51;1258.23;831.78
17.01.2017 00:11;831.79;831.81;831.77;831.81;1.19;987.1;831.78
17.01.2017 00:12;831.76;831.83;831.74;831.83;2.23;1852.15;831.76
17.01.2017 00:13;831.83;831.83;831.35;831.83;0.81;674.08;831.75
17.01.2017 00:14;831.83;831.83;831.27;831.81;7.39;6149.38;831.71
17.01.2017 00:15;831.81;831.83;830.87;831.83;1.11;920.61;831.62
17.01.2017 00:16;831.83;832.16;831.83;832.16;9.44;7856.95;831.95
17.01.2017 00:17;832.16;832.16;832.15;832.15;0.83;692.36;832.16
17.01.2017 00:18;832.15;832.16;832.15;832.16;1.83;1522.75;832.16
17.01.2017 00:19;832.16;832.16;832.16;832.16;0.81;671.44;832.16
17.01.2017 00:20;832.16;832.16;832.16;832.16;2.22;1845.44;832.16
17.01.2017 00:21;832.16;832.16;832.16;832.16;1.21;1005.63;832.16
17.01.2017 00:22;831.85;831.85;830.86;830.86;2.77;2298.56;831.05
17.01.2017 00:23;831.79;831.79;830.86;830.86;0.91;752.49;830.89
17.01.2017 00:24;831.79;831.8;831.79;831.8;0.33;278.3;831.79
17.01.2017 00:25;0;0;0;0;0;0;0
17.01.2017 00:26;831.8;831.82;831.8;831.82;0.81;669.78;831.8
17.01.2017 00:27;831.82;831.82;831.82;831.82;0.99;823.98;831.82
17.01.2017 00:28;0;0;0;0;0;0;0
17.01.2017 00:29;831.82;831.82;831.82;831.82;0.05;42.05;831.82
17.01.2017 00:30;831.09;831.09;830.87;830.87;16.99;14114.36;830.95
17.01.2017 00:31;830.87;830.87;830.84;830.85;0.57;471.03;830.85
17.01.2017 00:32;830.8;830.8;830.8;830.8;0.04;34.06;830.8
17.01.2017 00:33;830.8;830.8;830.79;830.79;0.03;25.55;830.8
17.01.2017 00:34;830.78;830.8;830.02;830.8;11.59;9620.33;830.13
17.01.2017 00:35;830.8;830.8;830.8;830.8;1.28;1064.1;830.8
17.01.2017 00:36;830.8;830.8;830.8;830.8;0.4;334.58;830.8
17.01.2017 00:37;0;0;0;0;0;0;0
17.01.2017 00:38;830.78;830.78;830;830.03;35.8;29714.18;830.01
17.01.2017 00:39;830.01;830.77;830;830.77;2.59;2151.99;830.01
17.01.2017 00:40;830.01;830.8;830.01;830.8;2.04;1692.49;830.74
17.01.2017 00:41;830.8;830.8;830.8;830.8;7.2;5985.63;830.8
17.01.2017 00:42;0;0;0;0;0;0;0
17.01.2017 00:43;830.8;830.8;830.17;830.17;0.05;45.57;830.69
17.01.2017 00:44;830.19;830.8;830.19;830.8;0.33;270.15;830.78
17.01.2017 00:45;830.35;830.8;830.35;830.8;0.21;178.33;830.76
17.01.2017 00:46;0;0;0;0;0;0;0
17.01.2017 00:47;830.47;830.47;830.47;830.47;0.06;52.49;830.47
17.01.2017 00:48;830.8;830.8;830.8;830.8;1.29;1072.3;830.8
17.01.2017 00:49;0;0;0;0;0;0;0
17.01.2017 00:50;830.8;830.8;830.39;830.39;0.95;788.92;830.54
17.01.2017 00:51;830.52;830.52;830.52;830.52;0.01;12.04;830.52
17.01.2017 00:52;0;0;0;0;0;0;0
17.01.2017 00:53;0;0;0;0;0;0;0
17.01.2017 00:54;830.8;830.8;830.8;830.8;0.5;415.4;830.8
17.01.2017 00:55;830.8;830.8;830.8;830.8;0.2;164.36;830.8
17.01.2017 00:56;0;0;0;0;0;0;0
17.01.2017 00:57;830.51;830.51;830.51;830.51;0.78;647.8;830.51
17.01.2017 00:58;830.8;830.8;830.51;830.51;7.1;5900.13;830.8
17.01.2017 00:59;0;0;0;0;0;0;0
17.01.2017 01:00;0;0;0;0;0;0;0
17.01.2017 01:01;830.46;830.8;830.46;830.8;0.27;225.32;830.49
17.01.2017 01:02;0;0;0;0;0;0;0
17.01.2017 01:03;0;0;0;0;0;0;0
17.01.2017 01:04;830.46;830.46;830;830;183.77;152536.87;830.02
17.01.2017 01:05;830;830.71;830;830.71;0.05;40.81;830.4
17.01.2017 01:06;0;0;0;0;0;0;0
17.01.2017 01:07;0;0;0;0;0;0;0
17.01.2017 01:08;830.67;830.74;830.67;830.74;1.04;863.68;830.72
17.01.2017 01:09;830.29;830.29;830.29;830.29;1.04;866;830.29
17.01.2017 01:10;830.69;830.77;830.69;830.77;1.15;955.4;830.77
17.01.2017 01:11;830.69;830.69;830.69;830.69;0.06;49.5;830.69
17.01.2017 01:12;830.33;830.33;830.33;830.33;4.87;4039.56;830.33
17.01.2017 01:13;830.78;830.78;827;828.01;76.63;63436.7;827.81
17.01.2017 01:14;828.02;828.46;828.02;828.46;1.31;1088.18;828.45
17.01.2017 01:15;828.46;828.46;828.46;828.46;0.14;119.5;828.46
17.01.2017 01:16;0;0;0;0;0;0;0
17.01.2017 01:17;0;0;0;0;0;0;0
17.01.2017 01:18;828.46;828.46;828.46;828.46;0.12;97.57;828.46
17.01.2017 01:19;0;0;0;0;0;0;0
17.01.2017 01:20;828.46;828.46;828.46;828.46;0.11;91.88;828.46
17.01.2017 01:21;0;0;0;0;0;0;0
17.01.2017 01:22;828.46;828.46;828.46;828.46;0.32;267.43;828.46
17.01.2017 01:23;828.46;828.46;828.46;828.46;0.98;811.49;828.46
17.01.2017 01:24;829.01;829.01;829.01;829.01;0.01;8.29;829.01
17.01.2017 01:25;829.07;830;829.07;830;7.06;5852.97;829.51
17.01.2017 01:26;830;830;830;830;5.07;4207.4;830
17.01.2017 01:27;830;830;830;830;0.04;29.35;830
17.01.2017 01:28;830;830;830;830;2.9;2402.89;830
17.01.2017 01:29;0;0;0;0;0;0;0
17.01.2017 01:30;830;830;829.46;829.46;0.03;21.1;829.79
17.01.2017 01:31;829.22;829.22;829.22;829.22;0.01;8.29;829.22
17.01.2017 01:32;830;830;830;830;0.09;72.25;830
17.01.2017 01:33;830;830.8;830;830.8;24.67;20489.64;830.69
17.01.2017 01:34;831;831;831;831;7.35;6111.17;831
17.01.2017 01:35;831;831.41;831;831.41;8.71;7236.38;831.05
17.01.2017 01:36;831.11;831.11;830.82;830.82;16;13295.89;830.99
17.01.2017 01:37;830.82;830.82;830.82;830.82;0.4;335.65;830.82
17.01.2017 01:38;0;0;0;0;0;0;0
17.01.2017 01:39;830.82;830.82;829.07;829.07;4.77;3967.11;830.81
17.01.2017 01:40;830.16;830.41;830.15;830.15;0.42;348.29;830.26
17.01.2017 01:41;830.45;830.45;830.45;830.45;0.12;103.79;830.45
17.01.2017 01:42;0;0;0;0;0;0;0
17.01.2017 01:43;0;0;0;0;0;0;0
17.01.2017 01:44;829.16;829.16;829.01;829.01;7.75;6420.92;829.01
17.01.2017 01:45;0;0;0;0;0;0;0
17.01.2017 01:46;830.44;830.44;830.44;830.44;0.12;97.99;830.44
17.01.2017 01:47;0;0;0;0;0;0;0
17.01.2017 01:48;829.1;829.1;829.1;829.1;0.63;525.58;829.1
17.01.2017 01:49;829.1;829.32;829.1;829.32;0.05;40.35;829.17
17.01.2017 01:50;829.32;830.96;829.32;830.96;0.72;600.07;830.22
17.01.2017 01:51;830.46;831;830.45;830.45;7.82;6498.95;830.85
17.01.2017 01:52;830.45;830.45;829.01;829.06;1.37;1138.95;829.54
17.01.2017 01:53;829.15;830.86;829.14;830.86;1.43;1183.44;829.98
17.01.2017 01:54;830.86;831;829.23;831;0.21;172.35;830.62
17.01.2017 01:55;829.44;829.44;829.44;829.44;1.98;1643.12;829.44
17.01.2017 01:56;831;831;829.62;831;0.38;317.18;830.89
17.01.2017 01:57;829.95;830.98;829.95;830.98;1.01;839.83;830
17.01.2017 01:58;830.01;830.98;829.32;829.36;2.36;1959.08;830.34
17.01.2017 01:59;0;0;0;0;0;0;0
17.01.2017 02:00;829.62;831;829.3;829.34;6.78;5624.19;829.63
17.01.2017 02:01;831;831;831;831;0.03;26.21;831
17.01.2017 02:02;829.42;829.45;829.01;829.01;15.99;13256.95;829.29
17.01.2017 02:03;829.01;830.09;829.01;829.01;0.77;635.07;829.08
17.01.2017 02:04;830.58;830.58;830.58;830.58;2;1657.84;830.58
17.01.2017 02:05;830.58;833;830.58;830.77;119.17;99151.09;831.98
17.01.2017 02:06;830.8;833;830.79;830.81;15.21;12665.22;832.88
17.01.2017 02:07;832.99;832.99;830.79;830.79;2.52;2099.96;832
17.01.2017 02:08;830.8;830.8;830.58;830.58;5.41;4496.73;830.73
17.01.2017 02:09;830.58;830.87;830.58;830.58;1.6;1328.35;830.59
17.01.2017 02:10;830.58;830.87;830.03;830.07;2.71;2247.86;830.6
17.01.2017 02:11;830.12;830.87;830;830.65;11.62;9646.32;830.51
17.01.2017 02:12;830.6;830.86;829.83;830.02;2.46;2045.25;830.39
17.01.2017 02:13;830.02;830.08;829.86;829.92;1.19;987.64;829.95
17.01.2017 02:14;829.84;830.87;829.84;830.87;4.42;3668.59;829.92
17.01.2017 02:15;830.86;832.43;829.84;830.05;18.47;15364.62;832.06
17.01.2017 02:16;830.23;832.5;829.86;829.86;3.17;2635.25;830.46
17.01.2017 02:17;829.89;830.02;829.89;830.02;2.54;2106.48;829.98
17.01.2017 02:18;829.97;830.87;829.84;829.92;8.71;7227.43;830.09
17.01.2017 02:19;829.87;832.35;829.87;829.89;2.06;1713.67;830.27
17.01.2017 02:20;829.9;830.87;829.84;829.86;1.71;1423.36;829.97
17.01.2017 02:21;830.87;830.87;829.84;829.84;12.96;10751.47;829.85
17.01.2017 02:22;829.84;829.84;828.45;828.45;6.59;5461.39;829.12
17.01.2017 02:23;830.84;830.84;829.84;830;1.56;1291.53;830.01
17.01.2017 02:24;830;830;828.87;830;0.99;818.92;829.71
17.01.2017 02:25;830;830.84;830;830;2.03;1682.03;830.02
17.01.2017 02:26;830;830;830;830;4.36;3619.63;830
17.01.2017 02:27;830;830.81;830;830;2.25;1869;830.02
17.01.2017 02:28;830;830.78;828.1;830.78;1.67;1388.4;829.75
17.01.2017 02:29;829.77;829.77;828.47;828.47;0.03;24.87;828.9
17.01.2017 02:30;0;0;0;0;0;0;0
17.01.2017 02:31;829.01;829.02;828.42;828.42;0.26;218.38;828.46
17.01.2017 02:32;828.42;830.84;828.42;830.84;20.58;17097.88;830.74
17.01.2017 02:33;830.84;830.84;830.84;830.84;2.04;1693.34;830.84
17.01.2017 02:34;830.84;830.84;830.84;830.84;0.96;796.13;830.84
17.01.2017 02:35;0;0;0;0;0;0;0
17.01.2017 02:36;830.84;830.84;830.84;830.84;0.54;447.88;830.84
17.01.2017 02:37;830.84;830.84;830.84;830.84;0.36;302.6;830.84
17.01.2017 02:38;0;0;0;0;0;0;0
17.01.2017 02:39;830.84;830.84;830.84;830.84;1.06;878.34;830.84
17.01.2017 02:40;0;0;0;0;0;0;0
17.01.2017 02:41;830.84;830.84;830.13;830.13;0.27;227.05;830.32
17.01.2017 02:42;830.84;830.87;830.84;830.87;6.31;5239.17;830.87
17.01.2017 02:43;830.62;830.87;830.58;830.58;2.11;1754.24;830.61
17.01.2017 02:44;830.58;830.87;830.58;830.58;4.09;3399.65;830.61
17.01.2017 02:45;830.58;830.58;830.58;830.58;9.36;7775.89;830.58
17.01.2017 02:46;830.58;830.58;830.06;830.16;2.01;1665.94;830.48
17.01.2017 02:47;830.19;830.87;830.05;830.07;2.34;1944.16;830.48
17.01.2017 02:48;830.09;830.84;830.04;830.07;3.11;2579.9;830.09
17.01.2017 02:49;830.07;830.08;829.57;829.62;0.54;449.85;829.98
17.01.2017 02:50;830.84;830.84;830.84;830.84;0.05;40.71;830.84
17.01.2017 02:51;829.62;829.62;829.62;829.62;0.03;25.05;829.62
17.01.2017 02:52;830.84;830.84;830.84;830.84;0.09;77.89;830.84
17.01.2017 02:53;830.85;830.87;830.42;830.42;6.29;5228.56;830.86
17.01.2017 02:54;830.87;831.01;830.75;830.8;5.67;4707.77;830.87
17.01.2017 02:55;831.58;831.59;831.58;831.59;0.77;641.57;831.59
17.01.2017 02:56;830.9;830.97;830.9;830.97;0.46;385.49;830.95
17.01.2017 02:57;831.93;832.99;830.82;831.21;1.86;1543.79;831.75
17.01.2017 02:58;831.22;832;831.21;831.34;2.46;2046.39;831.85
17.01.2017 02:59;831.02;831.98;831.02;831.31;0.73;604.89;831.28
17.01.2017 03:00;831.23;831.23;830.78;830.78;0.98;811.13;830.89
17.01.2017 03:01;830.79;832;830.79;832;3.19;2652.58;831.98
17.01.2017 03:02;832.97;833.04;832.47;833.04;74.84;62336.82;832.96
17.01.2017 03:03;833.05;836;833.05;836;120.08;100234.45;834.72
17.01.2017 03:04;836;837.32;836;837.32;38.69;32380.48;836.96
17.01.2017 03:05;837.46;841.99;837.46;841.99;101.01;84838.93;839.92
17.01.2017 03:06;841.99;842.83;841.47;841.7;3.57;3001.24;841.81
17.01.2017 03:07;842.89;842.99;840.97;841.82;17.45;14689.48;841.74
17.01.2017 03:08;841.82;843;841.82;843;2.81;2367.65;842.9
17.01.2017 03:09;842.05;843.32;842;843.32;16.39;13815.88;842.86
17.01.2017 03:10;843.83;845.74;842.76;844.03;16.13;13615.76;844.18
17.01.2017 03:11;843.99;843.99;843.01;843.42;3.2;2701.19;843.36
17.01.2017 03:12;844.35;844.62;842.28;842.28;1.31;1106.65;843.26
17.01.2017 03:13;843.36;844.64;841.37;843.01;8.18;6901.2;843.49
17.01.2017 03:14;843.02;843.03;841.72;841.88;0.51;430.48;842.42
17.01.2017 03:15;841.98;843.84;841.82;841.82;4.94;4156.94;842.04
17.01.2017 03:16;841.82;841.83;841.82;841.83;0.55;460.65;841.83
17.01.2017 03:17;841.83;843.36;841.82;843.36;10.34;8707.62;841.84
17.01.2017 03:18;843.81;844;841.01;841.19;10.75;9074.21;843.79
17.01.2017 03:19;841.23;844;841.23;844;1.43;1205.99;843.12
17.01.2017 03:20;842.32;844;841.61;844;1.59;1341.47;842.52
17.01.2017 03:21;842.07;844;841.83;841.83;0.24;202.17;842.12
17.01.2017 03:22;842.02;842.02;842.02;842.02;5.95;5011.21;842.02
17.01.2017 03:23;0;0;0;0;0;0;0
17.01.2017 03:24;842.27;844;842.27;842.3;0.82;691.6;842.55
17.01.2017 03:25;842.3;844;842.3;842.31;4.2;3541.42;842.35
17.01.2017 03:26;844;844.06;842.3;844.02;0.9;757.39;843.99
17.01.2017 03:27;844.02;844.67;843.29;844.63;1.32;1118.01;844.5
17.01.2017 03:28;842.3;844.61;842.3;842.38;0.92;774.9;842.86
17.01.2017 03:29;842.39;844.16;842.38;842.38;1.48;1242.55;842.41
17.01.2017 03:30;842.38;843.77;842.3;842.3;5.46;4598.91;842.42
17.01.2017 03:31;842.3;843.72;841.01;841.1;9.31;7842.89;842.3
17.01.2017 03:32;843.26;843.99;841.25;841.45;3.66;3082.1;842.68
17.01.2017 03:33;841.47;841.58;840.21;840.21;21.83;18363.03;841.18
17.01.2017 03:34;840.21;843.74;840.21;841.99;2.24;1889.32;841.8
17.01.2017 03:35;840.99;840.99;840.99;840.99;0.21;173.22;840.99
17.01.2017 03:36;843.7;844;843;843;2.08;1754.5;843.88
17.01.2017 03:37;843.01;843.72;841.76;843.72;0.46;388.54;842.83
17.01.2017 03:38;843.72;843.73;840.99;841.01;1.82;1535.15;842.4
17.01.2017 03:39;841.99;842;840.8;840.8;0.85;710.72;840.98
17.01.2017 03:40;840.8;840.8;840;840;11.16;9380.76;840.74
17.01.2017 03:41;840;840;838.66;839;0.19;158.26;839.33
17.01.2017 03:42;840;841.47;838.99;838.99;2.05;1726.39;840.58
17.01.2017 03:43;840;841.47;838.99;838.99;1.14;957.35;839.99
17.01.2017 03:44;840.42;841.38;838.35;841.29;2.39;2003.17;838.71
17.01.2017 03:45;838.88;841.46;838.77;841.46;0.16;137.5;839.41
17.01.2017 03:46;841.46;841.47;841.46;841.47;0.72;608.38;841.47
17.01.2017 03:47;841.11;844;841.11;844;10.22;8601.56;841.67
17.01.2017 03:48;842.49;843.98;842.47;842.58;3.36;2833.3;842.51
17.01.2017 03:49;842.48;843.97;841.66;843.97;1.7;1427.87;842.38
17.01.2017 03:50;841.91;844;841.91;841.91;10.05;8478.53;843.6
17.01.2017 03:51;842.2;843.99;841.91;843.99;20.67;17405.15;842
17.01.2017 03:52;843.99;845;843;843;2.69;2268.09;843.51
17.01.2017 03:53;842.72;843;841.9;843;0.09;74.14;842.48
17.01.2017 03:54;842.65;849;842.65;847.02;100.67;85260.42;846.94
17.01.2017 03:55;847.02;847.48;847.01;847.01;8.65;7326.31;847.04
17.01.2017 03:56;847.01;847.01;843.64;844.77;6.68;5648.87;845.3
17.01.2017 03:57;844.79;848;843.78;848;14.94;12651.16;846.68
17.01.2017 03:58;845.15;849;845.14;846.54;49.08;41658.01;848.72
17.01.2017 03:59;846.6;847.22;846.21;847.15;1.24;1046.42;846.62
17.01.2017 04:00;847.18;848.98;847.18;848.97;23.42;19864.35;848.2
17.01.2017 04:01;848.97;848.98;847;847.03;6.73;5710.09;848.74
17.01.2017 04:02;849;849;847.67;849;18.84;15997.21;848.94
17.01.2017 04:03;848.8;849;848.35;849;20.01;16989.52;848.94
17.01.2017 04:04;849;850;849;850;25.05;21271.42;849.1
17.01.2017 04:05;849.99;850.62;849.99;850.62;11.64;9890.68;850.03
17.01.2017 04:06;850.63;851;850.63;851;0.97;822.31;850.63
17.01.2017 04:07;850.76;851.81;850.76;851.81;0.67;572.73;851.3
17.01.2017 04:08;851.81;853;851.81;853;4.31;3678.03;852.6
17.01.2017 04:09;853;854;853;854;22.37;19102.22;853.97
17.01.2017 04:10;854.27;858.89;854.27;858.24;84.65;72458.05;855.97
17.01.2017 04:11;857.28;858.24;856.31;856.33;1.51;1295.31;857.72
17.01.2017 04:12;856.39;856.39;853.79;856.07;21.3;18199.84;854.4
17.01.2017 04:13;856.01;856.03;853.38;853.45;12.08;10309.69;853.59
17.01.2017 04:14;856.17;856.63;856.17;856.59;14.39;12329.19;856.6
17.01.2017 04:15;856.2;856.68;854.2;855.17;21.92;18771.48;856.38
17.01.2017 04:16;854.1;855.51;853.22;855.48;3.08;2630;854.95
17.01.2017 04:17;855.47;855.47;854;854;1.02;873.57;854.03
17.01.2017 04:18;854;854;853.22;853.22;0.73;621.56;853.8
17.01.2017 04:19;854.85;855.4;854.85;855.4;0.7;600.28;855.39
17.01.2017 04:20;853.92;856.13;853.92;854.84;1.27;1084;854.37
17.01.2017 04:21;854.86;857.58;854.86;857.58;3.54;3035.29;856.81
17.01.2017 04:22;856.69;856.69;856.09;856.09;0.18;154.92;856.53
17.01.2017 04:23;855.85;855.85;854.98;855.49;0.07;60.5;855.5
17.01.2017 04:24;854.71;855.42;853.69;855.42;4.22;3603.96;854.18
17.01.2017 04:25;0;0;0;0;0;0;0
17.01.2017 04:26;855.46;855.46;855.46;855.46;2.33;1993.45;855.46
17.01.2017 04:27;855.46;855.46;854.48;854.48;0.29;251.11;855.38
17.01.2017 04:28;855.5;855.5;855.5;855.5;7;5988.5;855.5
17.01.2017 04:29;0;0;0;0;0;0;0
17.01.2017 04:30;855.6;856.69;855.6;856.69;0.07;59.32;855.84
17.01.2017 04:31;856.76;856.76;856.75;856.76;0.51;436.95;856.76
17.01.2017 04:32;856.78;857.21;855.6;856.78;6.89;5899.38;856.74
17.01.2017 04:33;856.77;857.29;856.77;856.77;16.95;14524.52;856.81
17.01.2017 04:34;856.77;856.77;855.59;855.6;5.53;4734.72;856.59
17.01.2017 04:35;855.6;855.6;855.6;855.6;4;3422.4;855.6
17.01.2017 04:36;857.19;857.19;857.19;857.19;0.19;159.18;857.19
17.01.2017 04:37;856.78;856.79;856.78;856.79;0.24;206.48;856.78
17.01.2017 04:38;855.63;855.63;855.63;855.63;0.01;8.56;855.63
17.01.2017 04:39;855.62;856.14;855.61;855.61;6.14;5252.19;855.68
17.01.2017 04:40;855.61;855.61;853.59;853.59;8.09;6918.89;855.5
17.01.2017 04:41;853.2;853.2;853.2;853.2;5.37;4580.6;853.2
17.01.2017 04:42;853.2;853.2;853.17;853.17;8.59;7329.83;853.19
17.01.2017 04:43;853.17;854.3;853.06;854.3;9.56;8161.27;854.06
17.01.2017 04:44;854.63;855.26;854.3;855.24;13.64;11664.23;855.15
17.01.2017 04:45;855.24;855.24;851.51;851.51;15.66;13356.85;853.06
17.01.2017 04:46;851.11;851.11;851.11;851.11;0.05;41.94;851.11
17.01.2017 04:47;853.23;854.96;853.23;854.92;6.45;5516.78;854.79
17.01.2017 04:48;854.92;854.92;854.92;854.92;6.09;5202.7;854.92
17.01.2017 04:49;854.92;854.92;853.23;853.23;0.3;253.02;854.86
17.01.2017 04:50;852.23;852.23;851.33;851.33;0.04;36.53;851.54
17.01.2017 04:51;854.43;854.73;854.43;854.73;1.01;865.08;854.73
17.01.2017 04:52;851.76;851.76;851.68;851.68;0.04;32.44;851.71
17.01.2017 04:53;854.93;855.29;852.13;855.29;4.1;3508.63;855.13
17.01.2017 04:54;854.14;855.31;852.72;855.31;2;1706.35;854.33
17.01.2017 04:55;0;0;0;0;0;0;0
17.01.2017 04:56;853.65;855.31;853.65;855.31;0.8;680.57;854.89
17.01.2017 04:57;855.31;855.31;855.31;855.31;0.01;12.81;855.31
17.01.2017 04:58;855.31;855.31;855.31;855.31;0.08;68.35;855.31
17.01.2017 04:59;855.31;855.31;855.31;855.31;0.82;705.57;855.31
17.01.2017 05:00;854.22;854.34;854.22;854.31;10.54;9003.91;854.31
17.01.2017 05:01;0;0;0;0;0;0;0
17.01.2017 05:02;854.34;854.34;854.34;854.34;0.07;62.38;854.34
17.01.2017 05:03;0;0;0;0;0;0;0
17.01.2017 05:04;855.28;855.31;855.09;855.31;9.64;8246.38;855.29
17.01.2017 05:05;855.63;857.1;855.63;857.1;0.1;83.88;856.8
17.01.2017 05:06;856.1;856.1;855.65;855.66;0.28;241.36;855.88
17.01.2017 05:07;856.19;856.2;855.66;855.66;0.33;286.03;855.9
17.01.2017 05:08;856.5;856.5;855.63;855.63;2.28;1952.63;855.66
17.01.2017 05:09;0;0;0;0;0;0;0
17.01.2017 05:10;855.64;855.64;855.63;855.63;5.54;4737.57;855.64
17.01.2017 05:11;855.97;856;855.97;856;5.99;5129.5;856
17.01.2017 05:12;0;0;0;0;0;0;0
17.01.2017 05:13;856.25;856.25;856.25;856.25;0.66;565.45;856.25
17.01.2017 05:14;856.02;856.02;856.02;856.02;0.42;357.98;856.02
17.01.2017 05:15;855.32;857.24;855.32;857.24;9.78;8373.79;856.41
17.01.2017 05:16;856.54;857.24;856.54;857.24;0.27;229.23;857.21
17.01.2017 05:17;0;0;0;0;0;0;0
17.01.2017 05:18;857.24;857.24;857.24;857.24;9.35;8019.36;857.24
17.01.2017 05:19;0;0;0;0;0;0;0
17.01.2017 05:20;857.28;859;857.28;859;5.9;5065.83;858.97
17.01.2017 05:21;857.2;857.2;857.2;857.2;0.19;166.41;857.2
17.01.2017 05:22;857.21;857.21;857.19;857.19;0.14;116.58;857.21
17.01.2017 05:23;0;0;0;0;0;0;0
17.01.2017 05:24;856.55;857.99;856.55;857.99;0.09;77.27;856.8
17.01.2017 05:25;858.36;858.58;857.98;857.98;2.25;1929.46;858.01
17.01.2017 05:26;857.36;857.36;856.5;856.5;17.78;15228.36;856.53
17.01.2017 05:27;856.5;857.26;856.5;856.5;0.98;836.59;856.61
17.01.2017 05:28;856.5;856.5;856.5;856.5;1.63;1397.79;856.5
17.01.2017 05:29;856.5;857.31;854.62;856.5;4.58;3918.68;856.44
17.01.2017 05:30;856.5;857.28;854.5;856.09;4.97;4255.91;856.4
17.01.2017 05:31;854.09;854.09;854.09;854.09;0.01;9.05;854.09
17.01.2017 05:32;854.09;854.09;854.09;854.09;0.06;49.49;854.09
17.01.2017 05:33;0;0;0;0;0;0;0
17.01.2017 05:34;854.43;854.43;854.43;854.43;0.06;47.13;854.43
17.01.2017 05:35;854.45;854.5;854.43;854.43;1.24;1055.26;854.44
17.01.2017 05:36;0;0;0;0;0;0;0
17.01.2017 05:37;855.32;855.33;855.32;855.33;0.25;213.53;855.32
17.01.2017 05:38;854.5;854.5;854.5;854.5;0.53;455.45;854.5
17.01.2017 05:39;855.32;855.32;855.32;855.32;1.23;1055.32;855.32
17.01.2017 05:40;856.06;856.48;855.33;855.33;1.4;1202.09;856.04
17.01.2017 05:41;855.49;855.49;855.49;855.49;5;4277.45;855.49
17.01.2017 05:42;856.03;856.03;856.03;856.03;0.29;250.82;856.03
17.01.2017 05:43;856.06;856.48;855.45;855.47;2.4;2058.12;855.94
17.01.2017 05:44;855.52;855.78;855.52;855.78;3.36;2871.22;855.65
17.01.2017 05:45;856.04;856.48;855.87;855.92;1.62;1383.26;855.98
17.01.2017 05:46;856.06;856.15;856.06;856.15;3.54;3028.3;856.14
17.01.2017 05:47;856.06;856.48;856.06;856.48;4.51;3861.75;856.45
17.01.2017 05:48;856.48;856.48;856.48;856.48;7.76;6642.86;856.48
17.01.2017 05:49;856.48;856.49;855.75;855.8;3.5;3000.11;856.43
17.01.2017 05:50;855.75;856.5;855.75;855.92;1.55;1325.65;855.96
17.01.2017 05:51;855.9;856.5;855.9;856.5;0.44;377.87;856.37
17.01.2017 05:52;856.03;856.03;856.03;856.03;0.2;168.37;856.03
17.01.2017 05:53;856.5;857.36;856.5;857.36;7.08;6072.62;857.23
17.01.2017 05:54;857.36;859;857.36;859;30;25757.97;858.72
17.01.2017 05:55;859.05;860.59;859.05;860.15;19.06;16389.06;860.01
17.01.2017 05:56;860.42;862.17;860.19;861.06;44.57;38383.59;861.29
17.01.2017 05:57;860.79;862.31;860.79;861.77;6.68;5756.57;861.6
17.01.2017 05:58;862.22;862.22;859.76;860.32;1.58;1360.22;861.7
17.01.2017 05:59;860.33;863.98;860.33;863.98;12.65;10916.67;862.96
17.01.2017 06:00;862.75;863.22;860.92;862.04;14.21;12247.29;861.64
17.01.2017 06:01;862.07;863.54;860.94;861.34;2.77;2392.82;862.46
17.01.2017 06:02;861.46;862.02;860.93;862.02;4.41;3799.64;861.01
17.01.2017 06:03;863.01;864;862.72;864;30.03;25945.88;863.97
17.01.2017 06:04;862.79;864;861.47;862.09;1.3;1125.96;862.81
17.01.2017 06:05;862.12;863.71;862.12;863.71;4.83;4166.29;862.7
17.01.2017 06:06;862.3;862.37;862.3;862.31;5.01;4323.62;862.32
17.01.2017 06:07;862.38;862.45;860.31;860.31;11.29;9731.32;861.95
17.01.2017 06:08;860.31;861.88;860.31;860.91;1.95;1677.67;860.75
17.01.2017 06:09;860.9;860.9;860.3;860.9;6.72;5780.15;860.4
17.01.2017 06:10;860.31;860.31;858.53;859.04;5.99;5144.23;858.75
17.01.2017 06:11;859.03;859.98;858.54;858.66;11.61;9972.15;858.99
17.01.2017 06:12;858.67;859.7;858.64;858.69;2.43;2085.03;859.1
17.01.2017 06:13;859.69;859.69;858.65;858.78;7.86;6750.58;858.77
17.01.2017 06:14;859.69;861.21;859.58;861.02;6.78;5836.55;860.49
17.01.2017 06:15;861.03;861.67;861.01;861.67;4.93;4245.68;861.54
17.01.2017 06:16;861.69;862.8;861.53;862.8;4.43;3821.91;861.85
17.01.2017 06:17;861.53;862.76;861.52;861.53;19.38;16709.6;862.16
17.01.2017 06:18;861.52;863.01;861;861;5.25;4529.23;862.22
17.01.2017 06:19;861.01;861.52;861;861.01;11.49;9895.4;861.03
17.01.2017 06:20;861.01;861.51;861.01;861.01;3.42;2943.96;861.02
17.01.2017 06:21;861.01;861.01;861;861.01;2.15;1848.58;861.01
17.01.2017 06:22;861.01;861.01;861;861.01;10.15;8739.25;861.01
17.01.2017 06:23;861;861.52;860.26;860.26;18.61;16021.46;861.1
17.01.2017 06:24;860.26;860.98;859.56;859.81;16.45;14150.68;859.99
17.01.2017 06:25;860.98;860.98;859.65;859.65;9.99;8587.43;859.72
17.01.2017 06:26;859.65;860.97;859.65;859.65;11.39;9796.83;859.88
17.01.2017 06:27;859.65;860.96;856.4;857.16;20.61;17659.12;856.99
17.01.2017 06:28;857.16;860.36;856.68;857.5;6.35;5451.87;858.23
17.01.2017 06:29;858.52;859.68;856.24;856.29;2.72;2336.65;857.89
17.01.2017 06:30;856.29;857.88;855.3;855.31;8.95;7666.35;856.27
17.01.2017 06:31;856.29;856.97;853.38;856.15;18.74;16024.33;854.87
17.01.2017 06:32;853.38;856.27;853.38;856.22;11.19;9578.64;855.62
17.01.2017 06:33;854.81;854.81;854.81;854.81;0.11;91.27;854.81
17.01.2017 06:34;855.24;857.36;855.2;855.31;9.09;7775.44;855.3
17.01.2017 06:35;855.35;855.35;855.35;855.35;0.03;25.09;855.35
17.01.2017 06:36;856.82;856.83;856.82;856.83;0.48;411.24;856.82
17.01.2017 06:37;856.83;857.08;856.83;857.08;6.31;5406.53;856.93
17.01.2017 06:38;857.08;858.95;856.08;857.77;15.31;13138.51;857.96
17.01.2017 06:39;857.77;857.77;855.74;855.77;5.38;4604.27;856.61
17.01.2017 06:40;856.28;859.18;856.28;856.89;8.27;7104.5;858.64
17.01.2017 06:41;856.92;859;856.41;856.78;5.12;4387.7;857.15
17.01.2017 06:42;856.81;856.82;856.4;856.41;2.98;2548.17;856.53
17.01.2017 06:43;0;0;0;0;0;0;0
17.01.2017 06:44;0;0;0;0;0;0;0
17.01.2017 06:45;859.23;859.5;857.51;857.51;0.1;88.77;858.39
17.01.2017 06:46;859.5;860.91;857.82;858.88;12.13;10440.37;860.58
17.01.2017 06:47;858.98;858.99;858.88;858.89;6.71;5766;858.93
17.01.2017 06:48;860.94;860.94;860.5;860.5;1.35;1159.77;860.52
17.01.2017 06:49;860.5;860.88;858.65;858.85;4.42;3796.1;858.99
17.01.2017 06:50;858.89;860.93;858.31;859.3;7.32;6285.93;858.94
17.01.2017 06:51;859.3;860.95;859.13;860.95;4.98;4283.32;859.51
17.01.2017 06:52;860.95;860.97;859.82;859.82;0.83;716.24;860.64
17.01.2017 06:53;859.74;860.97;859.43;859.61;0.99;848.42;859.61
17.01.2017 06:54;859.7;859.7;859.08;859.27;0.76;652.56;859.41
17.01.2017 06:55;859.67;859.67;859.67;859.67;0.03;21.78;859.67
17.01.2017 06:56;860.5;860.94;860.5;860.94;0.04;34.75;860.56
17.01.2017 06:57;859.92;860.97;859.92;860.13;9.65;8299.42;860.31
17.01.2017 06:58;860.97;860.97;860.13;860.13;1.59;1368.81;860.26
17.01.2017 06:59;860.16;860.19;859.52;859.67;6.95;5975.14;859.69
17.01.2017 07:00;860.94;860.95;859.86;859.86;3.68;3167.43;860.03
17.01.2017 07:01;859.15;859.57;859.15;859.57;1.12;964.78;859.41
17.01.2017 07:02;859.57;859.69;859.57;859.62;2.12;1820.57;859.59
17.01.2017 07:03;860.94;860.97;860.94;860.97;5.1;4390.93;860.97
17.01.2017 07:04;860.97;861.01;860.97;861.01;13.58;11691.45;860.99
17.01.2017 07:05;861.04;861.04;861.04;861.04;0.18;155.47;861.04
17.01.2017 07:06;861.04;862.99;861.04;862.99;18.15;15642.45;861.88
17.01.2017 07:07;863.02;868;863.02;868;46.39;40165.81;865.78
17.01.2017 07:08;866.63;867.63;866.62;867.62;18.94;16433.76;867.54
17.01.2017 07:09;867.99;868;867.64;868;7.71;6689.85;867.99
17.01.2017 07:10;867.64;869;867.62;867.64;31.7;27540;868.78
17.01.2017 07:11;868.45;868.45;867.62;867.62;9.41;8160.99;867.64
17.01.2017 07:12;867.62;868.45;867.62;868.45;2.42;2098.8;867.8
17.01.2017 07:13;868.45;868.45;867.62;867.62;162.38;140888.29;867.62
17.01.2017 07:14;868.75;869;868.75;869;8.25;7172.71;868.93
17.01.2017 07:15;869;870.35;868.76;870.35;28.41;24693.49;869.19
17.01.2017 07:16;870.62;871.34;870.01;871.34;11.37;9904.44;870.8
17.01.2017 07:17;871.34;872.38;871.34;871.72;26.65;23228.44;871.76
17.01.2017 07:18;871.35;871.68;870.65;871;4.01;3494.12;871.31
17.01.2017 07:19;871.02;871.02;871;871;1.53;1335.16;871.01
17.01.2017 07:20;871.58;871.58;870.37;870.5;3.67;3200.41;871.02
17.01.2017 07:21;870.55;871.42;870.38;870.4;10.68;9293.8;870.52
17.01.2017 07:22;870.59;871.44;870.59;871.01;17.85;15548.63;871
17.01.2017 07:23;871.04;874;870.29;870.95;188.11;164235.97;873.1
17.01.2017 07:24;871;873.81;870.84;871.07;5.36;4680.6;872.61
17.01.2017 07:25;871.12;872.83;871.12;871.23;2.88;2508.87;871.74
17.01.2017 07:26;871.26;873.95;871.26;872.77;1.25;1092.02;873.4
17.01.2017 07:27;872.77;872.77;872.06;872.19;1.29;1121.64;872.19
17.01.2017 07:28;872.2;874;872.19;873.02;3.28;2860.15;873.04
17.01.2017 07:29;873.03;873.52;873.03;873.5;0.95;833.27;873.45
17.01.2017 07:30;873.6;873.6;873.5;873.5;4.58;4001.74;873.53
17.01.2017 07:31;873.5;873.51;873.5;873.51;2.09;1827.36;873.5
17.01.2017 07:32;873.51;874;873.5;873.5;4.4;3844.21;873.73
17.01.2017 07:33;873.5;873.5;873.5;873.5;3.5;3060.69;873.5
17.01.2017 07:34;873.5;873.5;871.5;871.5;41.95;36642.31;873.49
17.01.2017 07:35;871.55;873;871.55;873;1.92;1670.62;872.08
17.01.2017 07:36;873;873.9;873;873.01;10.27;8967.66;873.01
17.01.2017 07:37;873.01;874.02;873.01;874;45.33;39620.72;873.97
17.01.2017 07:38;874;875.03;874;874;21.17;18519.41;874.65
17.01.2017 07:39;874.8;875;874.01;875;8.14;7118.74;874.97
17.01.2017 07:40;875.01;876.11;875.01;875.98;79.74;69850.89;875.93
17.01.2017 07:41;876;876;874.74;875.98;13.61;11920.27;875.88
17.01.2017 07:42;876;876;874.74;875.04;16.31;14276.75;875.43
17.01.2017 07:43;875.47;876;875;875;34.26;30015.16;875.97
17.01.2017 07:44;876;876;875.63;876;8.67;7592.66;875.94
17.01.2017 07:45;875.63;876;875.63;875.9;21.7;19007.87;875.86
17.01.2017 07:46;875.89;876;875.63;875.63;13.58;11892.45;875.95
17.01.2017 07:47;876;877.5;876;877.5;77.06;67539.42;876.46
17.01.2017 07:48;877.39;877.39;877.01;877.01;2.2;1925.65;877.09
17.01.2017 07:49;877.49;879;877.01;879;55.93;49085.84;877.67
17.01.2017 07:50;878.79;879;877.18;879;77.89;68463.51;878.99
17.01.2017 07:51;879;880;879;879.63;53.4;46942.85;879.11
17.01.2017 07:52;879.68;880.01;879.65;880.01;13.94;12266.25;879.96
17.01.2017 07:53;880.97;881.97;880.97;881.97;5.58;4917.65;881.04
17.01.2017 07:54;881.98;883.97;881.98;883.97;10.06;8872.99;882.21
17.01.2017 07:55;883.97;885;883.97;885;41.45;36660.39;884.43
17.01.2017 07:56;885.19;887;885;886.01;20.01;17727.55;885.94
17.01.2017 07:57;886.01;886.02;880.82;882.97;51.14;45189.28;883.71
17.01.2017 07:58;882.94;882.94;880.87;880.88;14.03;12356.31;880.91
17.01.2017 07:59;880.58;880.58;877.72;880;13.11;11534.2;879.85
17.01.2017 08:00;879;886.76;879;882;59.53;52692.49;885.07
17.01.2017 08:01;881.99;884.45;881.63;882.44;1.64;1450.93;884.12
17.01.2017 08:02;882.46;885.66;881.92;882.44;2.17;1925.59;885.36
17.01.2017 08:03;883.44;885.71;883.44;885;8.57;7587.74;884.92
17.01.2017 08:04;885.02;885.72;885;885.02;4.63;4095.98;885.19
17.01.2017 08:05;885.02;885.5;885.02;885.02;15.76;13955.51;885.29
17.01.2017 08:06;885.02;885.02;885.02;885.02;0.7;615.97;885.02
17.01.2017 08:07;885.02;885.5;885.02;885.02;23.68;20965.45;885.45
17.01.2017 08:08;885.5;885.5;885.02;885.5;155.65;137830.5;885.5
17.01.2017 08:09;885.5;888;885.5;888;32.79;29053.04;885.92
17.01.2017 08:10;887.95;887.95;886.95;886.95;1.43;1272.24;887.94
17.01.2017 08:11;886.95;886.95;885.95;885.95;0.03;26.77;886.43
17.01.2017 08:12;886.94;886.95;886.94;886.95;0.04;36.18;886.95
17.01.2017 08:13;887.94;890;887.94;890;75.55;67126.87;888.48
17.01.2017 08:14;890.23;893;890.23;893;28.4;25335.7;892.24
17.01.2017 08:15;891.28;891.37;890.21;890.21;14.84;13221.36;891.02
17.01.2017 08:16;891;893.54;891;893.54;23.43;20902.29;892.14
17.01.2017 08:17;893.92;893.92;891.99;892;16.96;15130.08;892.2
17.01.2017 08:18;892.48;895;892.48;895;30.61;27358.97;893.88
17.01.2017 08:19;895;895.01;894.13;895;14.46;12939.28;894.55
17.01.2017 08:20;895.28;896;895.28;895.47;1.6;1433.04;895.37
17.01.2017 08:21;895.47;896.23;893;893;32.6;29174.72;895.06
17.01.2017 08:22;893.01;893.01;891;891;16.47;14701.82;892.63
17.01.2017 08:23;891;892.1;891;891;3.22;2867.16;891.02
17.01.2017 08:24;891.17;891.2;882.73;887;63.09;55886.63;885.84
17.01.2017 08:25;886.99;887;886.17;886.17;0.43;384.67;886.92
17.01.2017 08:26;887;887;887;887;1.79;1583.82;887
17.01.2017 08:27;887;887;886;886;4.21;3732.73;886.29
17.01.2017 08:28;886.1;889.62;886.1;886.72;6.8;6031.24;886.64
17.01.2017 08:29;886.73;889.02;886.57;889.01;4.48;3978.2;888.73
17.01.2017 08:30;889.01;891.36;888.99;889.13;36.91;32872.03;890.66
17.01.2017 08:31;889.13;889.13;887.45;887.46;3.31;2945.1;888.9
17.01.2017 08:32;891.87;891.87;886.62;886.62;7.91;7025.16;888.11
17.01.2017 08:33;888.79;888.79;886;886.57;34.21;30327.33;886.57
17.01.2017 08:34;886.59;886.6;886;886.49;115.28;102146.9;886.04
17.01.2017 08:35;886.49;886.49;886;886;53.98;47826.43;886
17.01.2017 08:36;886;886;878.75;878.94;69.68;61486.07;882.38
17.01.2017 08:37;878.96;879.88;878.95;879.76;12.06;10607.88;879.57
17.01.2017 08:38;880.56;881.31;880.56;881.31;11.26;9920.71;880.86
17.01.2017 08:39;881.93;884;881.93;884;1.26;1111.57;882.03
17.01.2017 08:40;884.01;884.01;884;884;4.01;3545.41;884
17.01.2017 08:41;884;886.93;883.82;883.85;5.99;5298.74;885.32
17.01.2017 08:42;887.06;887.06;883.16;883.36;2.35;2079.25;886.2
17.01.2017 08:43;883.37;886.83;883.36;884.57;2.99;2645.87;885.07
17.01.2017 08:44;884.58;887.19;884.58;886.32;5.95;5280.37;886.88
17.01.2017 08:45;886.4;890.46;881.99;884.33;104.05;92205.4;886.2
17.01.2017 08:46;884.33;884.33;882.92;883.09;50.95;45003.05;883.32
17.01.2017 08:47;883.11;887.2;883.11;883.5;11.87;10492;883.75
17.01.2017 08:48;883.5;892.07;883.5;884.62;80.28;71322.07;888.41
17.01.2017 08:49;884.64;885.44;884.64;885.42;2.12;1880.13;885.2
17.01.2017 08:50;889.08;889.08;883.6;883.85;9.66;8547.62;884.53
17.01.2017 08:51;883.85;883.85;883.5;883.85;9.62;8503.23;883.69
17.01.2017 08:52;883.85;886.78;883;883.01;6.28;5548.2;883.62
17.01.2017 08:53;883.01;886.62;883.01;883.15;19.17;16927.37;883.2
17.01.2017 08:54;883.15;885.12;883;883.15;12.24;10807.41;883.16
17.01.2017 08:55;884.49;884.52;883.15;883.2;4.85;4287.96;883.58
17.01.2017 08:56;883.2;884.52;883.2;883.2;10.27;9073.98;883.37
17.01.2017 08:57;883.2;883.2;879;879;16.03;14131.88;881.39
17.01.2017 08:58;879;880;875.96;878.97;90.21;79227.78;878.27
17.01.2017 08:59;877.98;879.78;877.98;878.02;12.89;11318.86;878.02
17.01.2017 09:00;878.29;879.78;878.29;879.78;1.22;1074.22;879.15
17.01.2017 09:01;879.47;880.5;877.97;877.97;2.1;1847.34;879.77
17.01.2017 09:02;877.96;879.97;875.26;875.26;16.98;14891.95;877.06
17.01.2017 09:03;876.04;878.77;876.04;878.77;2.48;2171.47;877.1
17.01.2017 09:04;877.76;879.61;876.08;879.61;6.61;5805.66;878.18
17.01.2017 09:05;878.01;878.01;878.01;878.01;0.11;93.76;878.01
17.01.2017 09:06;878.7;879.98;878.7;879.98;10.5;9237.29;879.57
17.01.2017 09:07;880;880.5;878.73;880.31;14.83;13046.56;880.01
17.01.2017 09:08;880.31;880.31;880;880;5.18;4560.52;880.07
17.01.2017 09:09;880;880;878.7;878.7;3.31;2905.56;878.98
17.01.2017 09:10;880.43;880.9;880.43;880.9;3.13;2760.25;880.48
17.01.2017 09:11;880.9;882.69;880.9;882.69;12.54;11067.37;882.28
17.01.2017 09:12;881.7;882.97;880.96;882.97;12.9;11375.17;881.77
17.01.2017 09:13;881.78;881.91;881.78;881.91;0.16;137.53;881.79
17.01.2017 09:14;882.97;883.72;882.97;883.72;0.43;379.33;883.02
17.01.2017 09:15;883.72;884;883;883.55;8.24;7281.83;883.81
17.01.2017 09:16;883.55;883.55;883;883;7.27;6423.62;883.21
17.01.2017 09:17;883.5;883.63;880.69;880.69;14.17;12511.44;882.71
17.01.2017 09:18;881.39;881.4;880.71;880.71;1.16;1024.23;881.06
17.01.2017 09:19;881.11;881.14;881.1;881.14;11.6;10223.14;881.11
17.01.2017 09:20;0;0;0;0;0;0;0
17.01.2017 09:21;881.99;882;881.99;882;0.73;647.87;882
17.01.2017 09:22;882.06;883.6;882.06;882.06;9.05;7986.94;882.83
17.01.2017 09:23;882.06;882.07;880.69;880.69;2.38;2094.86;882.01
17.01.2017 09:24;883.12;883.13;883.12;883.13;0.23;206.57;883.12
17.01.2017 09:25;881.09;882.99;881.09;881.09;5.42;4779.93;881.25
17.01.2017 09:26;881.09;882.68;880.69;880.69;10.28;9061.43;881.05
17.01.2017 09:27;880.69;883;880.69;880.69;4.28;3775.47;881.18
17.01.2017 09:28;882.92;883.4;882.92;883.4;3.73;3294.43;883.22
17.01.2017 09:29;883.49;883.49;883.49;883.49;1.33;1173.62;883.49
17.01.2017 09:30;881.19;883.61;881.16;881.2;1.53;1347.47;881.43
17.01.2017 09:31;882;882.22;882;882.01;5.06;4466.48;882.16
17.01.2017 09:32;882.2;883.62;882;883.62;3.31;2917.4;882.22
17.01.2017 09:33;883.61;883.61;882.1;882.1;3.58;3159.77;882.72
17.01.2017 09:34;882.1;883.61;882;882;10.79;9517.97;882.16
17.01.2017 09:35;882;882;882;882;1.55;1370.01;882
17.01.2017 09:36;883.44;883.62;882;883.58;2.13;1883.75;882.9
17.01.2017 09:37;882.02;882.02;882;882;1.47;1296.67;882
17.01.2017 09:38;882;883.4;882;882;4.99;4400.75;882.1
17.01.2017 09:39;882.01;883.38;882;883.38;5.3;4675.52;882.06
17.01.2017 09:40;883.38;883.42;882;883.42;6.21;5487.68;883.33
17.01.2017 09:41;883.42;883.42;882.41;883.42;5.05;4459.1;882.9
17.01.2017 09:42;882.41;883.13;880.76;881.78;14.9;13131.48;881.55
17.01.2017 09:43;883.08;883.1;881.22;883.1;1;880.09;882.86
17.01.2017 09:44;881.24;883.19;880.28;881.24;19.63;17327.1;882.5
17.01.2017 09:45;881.24;882.15;881.22;881.22;8.38;7382.27;881.38
17.01.2017 09:46;881.24;881.24;881.22;881.24;3.48;3065.37;881.23
17.01.2017 09:47;0;0;0;0;0;0;0
17.01.2017 09:48;0;0;0;0;0;0;0
17.01.2017 09:49;881.22;881.22;881.22;881.22;0.07;58.98;881.22
17.01.2017 09:50;881.22;881.22;881.22;881.22;6.3;5551.69;881.22
17.01.2017 09:51;882.19;883.02;882.19;883.02;1.21;1069.42;882.7
17.01.2017 09:52;881.19;881.19;881.19;881.19;0.01;8.81;881.19
17.01.2017 09:53;880.48;881.32;879.25;879.27;5.65;4970.79;879.96
17.01.2017 09:54;881.58;882.3;880.45;880.58;10.53;9269.21;880.54
17.01.2017 09:55;881.4;881.47;881.4;881.47;0.25;221.04;881.41
17.01.2017 09:56;880.45;881.29;878.7;878.7;4.85;4264.06;879.35
17.01.2017 09:57;878.7;878.7;878.7;878.7;11.16;9806.29;878.7
17.01.2017 09:58;878.58;880.55;878.58;880.55;1.58;1384.59;878.69
17.01.2017 09:59;879.16;880.46;879.16;880.46;1.54;1359.03;879.66
17.01.2017 10:00;879.99;880.85;879.99;880.85;1;877.81;880.26
17.01.2017 10:01;880.85;881.73;880.85;881.73;1.64;1444.81;881.21
17.01.2017 10:02;881.77;881.8;881.02;881.02;10.55;9303.24;881.77
17.01.2017 10:03;881.02;881.82;881;881;6.33;5582.6;881.26
17.01.2017 10:04;881.99;882.33;880.98;881;18.46;16262.05;881.01
17.01.2017 10:05;882.38;882.38;881.02;881.02;0.58;510.81;881.06
17.01.2017 10:06;881.02;881.1;881.02;881.1;4.46;3933.94;881.09
17.01.2017 10:07;881.1;881.1;881.1;881.1;0.12;108.01;881.1
17.01.2017 10:08;882.35;883.1;882.02;883.1;10.49;9255.43;882.68
17.01.2017 10:09;882.03;882.03;882.03;882.03;0.49;432.19;882.03
17.01.2017 10:10;0;0;0;0;0;0;0
17.01.2017 10:11;883.07;883.1;883.07;883.1;1.79;1577.64;883.09
17.01.2017 10:12;883.1;883.1;883.1;883.1;0.49;434.26;883.1
17.01.2017 10:13;883.1;883.1;882.11;883.1;4.08;3600.51;882.9
17.01.2017 10:14;0;0;0;0;0;0;0
17.01.2017 10:15;882.65;885.62;882.65;885.62;78.51;69409.37;884.07
17.01.2017 10:16;884.52;885.56;883.43;885.56;1.47;1304.77;885.23
17.01.2017 10:17;883.69;883.69;883.69;883.69;0.03;22.53;883.69
17.01.2017 10:18;885.67;885.67;883.86;883.86;0.72;632.86;884.41
17.01.2017 10:19;885.01;885.01;885;885;2.81;2489.44;885.01
17.01.2017 10:20;885.02;885.68;885.01;885.01;2.57;2274.87;885.21
17.01.2017 10:21;885.01;885.75;885;885.01;8.37;7411.87;885.62
17.01.2017 10:22;885.76;885.76;885;885;10.32;9140.12;885.59
17.01.2017 10:23;885.6;885.79;885.6;885.79;4.32;3826.58;885.73
17.01.2017 10:24;885.99;887;885.66;885.66;9.32;8264.4;886.9
17.01.2017 10:25;886;886;885.08;885.1;0.21;181.53;885.38
17.01.2017 10:26;886.67;886.67;886.67;886.67;0.1;88.67;886.67
17.01.2017 10:27;885.15;886.97;885.15;886.97;5.04;4470.96;886.96
17.01.2017 10:28;886.97;887;885.2;887;1.43;1271.38;886.33
17.01.2017 10:29;887;887.38;887;887.38;4.28;3797.48;887.15
17.01.2017 10:30;887.38;889.49;886.49;888.99;29.56;26278.24;888.9
17.01.2017 10:31;888.14;888.15;888.14;888.15;3.25;2889.35;888.15
17.01.2017 10:32;888.14;888.16;887.02;887.98;11.96;10621.34;888.08
17.01.2017 10:33;887;888;887;887.27;1.19;1057.35;887.75
17.01.2017 10:34;887.27;888.93;887.04;888.93;4.55;4033.68;887.23
17.01.2017 10:35;888.96;888.96;888.22;888.22;0.16;144.39;888.66
17.01.2017 10:36;888.96;889.49;887.9;888.74;7.88;7011.13;889.18
17.01.2017 10:37;888.74;888.74;887.27;887.27;18.02;15993.71;887.35
17.01.2017 10:38;886.98;888.71;886.06;886.13;9.75;8643.78;886.64
17.01.2017 10:39;886.52;889.49;886.47;886.61;28.7;25502.27;888.57
17.01.2017 10:40;886.62;886.73;886;886.02;12.5;11080.8;886.47
17.01.2017 10:41;885.61;885.99;885;885.15;9.71;8597.66;885.07
17.01.2017 10:42;887.45;887.45;883.1;883.1;15.66;13863.31;885.06
17.01.2017 10:43;883.98;884;883.98;884;1.15;1015.41;883.99
17.01.2017 10:44;883.5;886.33;883.5;883.52;9.11;8061.73;884.89
17.01.2017 10:45;883.52;884;883.52;884;4.7;4153.7;883.73
17.01.2017 10:46;884;884;884;884;1.35;1190.19;884
17.01.2017 10:47;884.99;886.97;884.99;886.97;2.03;1802.8;886.9
17.01.2017 10:48;885.58;886.47;883.99;886.47;2.67;2358.66;884.23
17.01.2017 10:49;886.54;887.49;886.54;887.49;0.17;146.6;886.81
17.01.2017 10:50;886.23;886.23;884.99;884.99;0.4;351.35;885.02
17.01.2017 10:51;886.98;886.98;886.98;886.98;0.09;83.02;886.98
17.01.2017 10:52;886.97;886.97;886.97;886.97;0.01;8.87;886.97
17.01.2017 10:53;884.43;886.06;884.43;886.06;0.75;668.38;886.04
17.01.2017 10:54;886.1;886.17;884.45;884.45;1.92;1702.34;885.32
17.01.2017 10:55;884.45;884.48;882.99;884.48;13.69;12109.04;884.3
17.01.2017 10:56;884.42;884.43;884.36;884.36;2.7;2391.08;884.42
17.01.2017 10:57;884.37;884.88;884.25;884.25;7.47;6609.46;884.87
17.01.2017 10:58;0;0;0;0;0;0;0
17.01.2017 10:59;0;0;0;0;0;0;0
17.01.2017 11:00;884.98;885;884.98;885;0.67;597.27;884.99
17.01.2017 11:01;884.25;884.25;884.25;884.25;0.05;44.21;884.25
17.01.2017 11:02;883.44;885;883.43;885;0.08;71.22;883.89
17.01.2017 11:03;885;885;885;885;0.27;235.62;885
17.01.2017 11:04;0;0;0;0;0;0;0
17.01.2017 11:05;883.46;884.7;883.43;884.7;3.14;2775.95;883.49
17.01.2017 11:06;884.32;884.99;883.54;883.54;3.36;2974.57;884.72
17.01.2017 11:07;883.61;883.61;883.6;883.6;0.24;212.95;883.61
17.01.2017 11:08;884.25;884.25;881;881;81.26;71670.74;882.03
17.01.2017 11:09;883.31;883.31;883.31;883.31;0.03;22.96;883.31
17.01.2017 11:10;882.97;882.97;882.97;882.97;0.03;25.89;882.97
17.01.2017 11:11;881.81;881.81;881.8;881.8;1.8;1584.84;881.8
17.01.2017 11:12;882.99;883.6;882.15;882.15;0.64;560.75;883.07
17.01.2017 11:13;882.11;882.11;881;881.27;31.2;27507.59;881.68
17.01.2017 11:14;881.79;881.79;881;881;57.46;50641;881.36
17.01.2017 11:15;882.07;882.07;881.05;881.05;60.75;53566.6;881.74
17.01.2017 11:16;882.05;882.07;881.17;882.07;9.2;8115.17;882.07
17.01.2017 11:17;881.65;883.91;881.14;883.91;27.13;23913.71;881.53
17.01.2017 11:18;884.04;884.28;881;881.17;20.4;17983.62;881.35
17.01.2017 11:19;884.23;884.23;884.23;884.23;0.03;25.93;884.23
17.01.2017 11:20;882;884.92;882;884.92;0.59;524.72;884.18
17.01.2017 11:21;884.91;884.92;884.91;884.92;0.19;165.99;884.91
17.01.2017 11:22;884.92;884.96;884.32;884.96;6.05;5354.29;884.48
17.01.2017 11:23;884.97;884.97;884.97;884.97;0.02;15.7;884.97
17.01.2017 11:24;884.83;884.96;884.83;884.96;0.36;316.44;884.94
17.01.2017 11:25;884.85;884.97;884.33;884.71;30.82;27267.6;884.74
17.01.2017 11:26;884.33;884.33;884.32;884.32;1.89;1667.46;884.32
17.01.2017 11:27;0;0;0;0;0;0;0
17.01.2017 11:28;883.88;884.36;882.56;884.36;2.56;2263.18;883.95
17.01.2017 11:29;0;0;0;0;0;0;0
17.01.2017 11:30;0;0;0;0;0;0;0
17.01.2017 11:31;883.89;883.89;883.89;883.89;0.39;345.84;883.89
17.01.2017 11:32;883.89;884.77;883.89;884.37;4.59;4061.48;884.4
17.01.2017 11:33;884.36;884.78;884.36;884.78;4.73;4183.51;884.73
17.01.2017 11:34;884.78;884.78;883.89;883.89;0.3;265.35;884.48
17.01.2017 11:35;884.01;884.01;884.01;884.01;0.35;313.18;884.01
17.01.2017 11:36;884.76;884.76;884.76;884.76;0.01;10.73;884.76
17.01.2017 11:37;884.76;884.77;884.76;884.77;1.12;990.94;884.77
17.01.2017 11:38;0;0;0;0;0;0;0
17.01.2017 11:39;884.01;884.01;884;884;0.74;653.08;884.01
17.01.2017 11:40;0;0;0;0;0;0;0
17.01.2017 11:41;884;884;884;884;0.82;720.79;884
17.01.2017 11:42;883.91;884.42;883.91;884.42;13.17;11643.58;884
17.01.2017 11:43;884;884;884;884;6.1;5392.4;884
17.01.2017 11:44;884;884.57;884;884.57;1.06;941;884.04
17.01.2017 11:45;884;884.76;884;884.57;1.25;1102.41;884.49
17.01.2017 11:46;884.01;884.03;883.31;883.31;10.42;9212.91;883.98
17.01.2017 11:47;882.52;882.52;878.81;878.81;41.57;36579.2;879.97
17.01.2017 11:48;879.98;882.01;879.06;881.88;35.73;31442.04;880.03
17.01.2017 11:49;881.88;881.88;879.99;881.79;13.45;11863.74;881.76
17.01.2017 11:50;0;0;0;0;0;0;0
17.01.2017 11:51;881.8;882.01;881.8;882;0.77;677.3;881.91
17.01.2017 11:52;882.58;882.58;882.03;882.03;0.93;822.85;882.04
17.01.2017 11:53;882.03;882.92;882;882.92;18.15;16011.47;882.01
17.01.2017 11:54;882;882;882;882;0.98;864.36;882
17.01.2017 11:55;882.94;882.97;882.94;882.97;4.1;3622.08;882.95
17.01.2017 11:56;882.03;882.03;882;882;6.85;6041.4;882
17.01.2017 11:57;882.48;882.48;882.42;882.42;0.82;720.9;882.48
17.01.2017 11:58;882.01;882.42;878.55;878.55;22.9;20187.64;881.73
17.01.2017 11:59;878.02;878.02;874.03;876.61;13.21;11570.24;875.9
17.01.2017 12:00;876.61;878.22;876.61;878.22;1.41;1238.43;876.71
17.01.2017 12:01;878.22;878.22;877.11;877.11;0.94;821.17;877.13
17.01.2017 12:02;877.5;878.19;877.5;878.19;0.35;310.09;877.96
17.01.2017 12:03;878.19;878.19;878.19;878.19;0.73;638.1;878.19
17.01.2017 12:04;878.21;878.21;876.18;878.21;13.21;11585.37;877.11
17.01.2017 12:05;878.22;878.22;877.95;877.97;16.1;14138.69;878.12
17.01.2017 12:06;876.29;876.29;876.22;876.22;10;8762.59;876.26
17.01.2017 12:07;877.7;877.7;875.26;875.26;13.97;12248.16;876.54
17.01.2017 12:08;877.17;877.17;875.69;877.08;0.98;856.31;877.07
17.01.2017 12:09;0;0;0;0;0;0;0
17.01.2017 12:10;0;0;0;0;0;0;0
17.01.2017 12:11;0;0;0;0;0;0;0
17.01.2017 12:12;877.55;878;877.55;878;0.23;200.98;877.78
17.01.2017 12:13;877.11;877.11;869.86;869.86;80.64;70317.4;872.04
17.01.2017 12:14;869.86;873.22;868.56;873.22;51.03;44387;869.82
17.01.2017 12:15;873.35;873.35;872.14;873.1;1.13;990.1;872.33
17.01.2017 12:16;873.1;873.1;872.14;872.14;1.7;1486.45;872.16
17.01.2017 12:17;873.1;874.95;873.1;874.95;10.3;8997.98;873.83
17.01.2017 12:18;874.95;875.21;874.63;874.63;0.84;733.5;874.93
17.01.2017 12:19;875.21;875.21;874.17;875.08;1.03;901.89;875.09
17.01.2017 12:20;875.21;876.55;875.21;876.55;0.25;222.1;876.36
17.01.2017 12:21;876.21;876.55;876.21;876.55;0.32;283.02;876.39
17.01.2017 12:22;876.55;876.81;876.55;876.81;0.3;258.91;876.56
17.01.2017 12:23;876.81;877.13;876.71;876.71;2.79;2449.05;876.73
17.01.2017 12:24;876.71;877.51;876.71;877.51;19.63;17211.77;876.87
17.01.2017 12:25;877.99;879.41;876.74;879.37;30.27;26599.91;878.63
17.01.2017 12:26;879.35;879.69;879.03;879.4;6.75;5934.02;879.41
17.01.2017 12:27;878.91;879.82;878.9;879.82;15.53;13653.58;879.05
17.01.2017 12:28;879.82;880.37;879.82;880.35;12.39;10908.8;880.32
17.01.2017 12:29;880.34;880.34;880.3;880.3;2;1760.64;880.32
17.01.2017 12:30;879.82;880.28;878.13;878.13;12.85;11308.75;879.8
17.01.2017 12:31;878;878;877.31;878;3.01;2642.77;878
17.01.2017 12:32;878;878;878;878;1;878;878
17.01.2017 12:33;878;878;877.99;878;3;2634;878
17.01.2017 12:34;878;878;878;878;3.37;2958.47;878
17.01.2017 12:35;878;878;877.28;878;7.42;6516.04;877.97
17.01.2017 12:36;878;878;877.28;878;53.6;47061.15;877.99
17.01.2017 12:37;878;880;878;880;90.66;79731.1;879.43
17.01.2017 12:38;878.98;879.98;878.01;878.01;0.37;322.2;878.97
17.01.2017 12:39;879.96;879.98;879.96;879.98;0.1;88;879.98
17.01.2017 12:40;880;880;880;880;0.03;29.32;880
17.01.2017 12:41;0;0;0;0;0;0;0
17.01.2017 12:42;878.97;879.7;878.97;879.7;0.33;294.05;879.64
17.01.2017 12:43;879.8;880;879.8;880;8.88;7815.81;879.99
17.01.2017 12:44;880;880;879.8;880;48.46;42643.34;879.98
17.01.2017 12:45;880.05;880.96;880.04;880.96;0.69;603.42;880.06
17.01.2017 12:46;881.96;882.41;880.96;880.96;2.19;1929.3;882.19
17.01.2017 12:47;0;0;0;0;0;0;0
17.01.2017 12:48;882.72;883.18;882.66;882.98;6.21;5479.73;882.82
17.01.2017 12:49;883.19;883.19;883.18;883.18;1.6;1413.31;883.19
17.01.2017 12:50;883.11;883.11;883.11;883.11;0.06;50.49;883.11
17.01.2017 12:51;882;883.19;882;883.19;0.16;137.34;882.15
17.01.2017 12:52;881.96;881.96;881.96;881.96;0.01;8.56;881.96
17.01.2017 12:53;883.18;883.18;882;882;16.46;14515.87;882.12
17.01.2017 12:54;881.99;883.17;881.99;883.17;1;882.15;882.15
17.01.2017 12:55;881.99;881.99;881.96;881.96;7.23;6373.3;881.97
17.01.2017 12:56;881.99;881.99;881.99;881.99;5;4409.95;881.99
17.01.2017 12:57;881.99;883;881.99;883;4.01;3537.94;883
17.01.2017 12:58;883.07;883.07;883.07;883.07;2.87;2535.84;883.07
17.01.2017 12:59;883.07;883.19;883.07;883.19;5.93;5240.93;883.18
17.01.2017 13:00;883.19;884;883.19;884;3.55;3131.79;883.21
17.01.2017 13:01;884;884.57;884;884.57;2.26;1997.96;884.43
17.01.2017 13:02;884.57;884.78;884.57;884.78;10.67;9442.29;884.62
17.01.2017 13:03;883.29;884.78;883.29;884.78;0.13;118.18;884.34
17.01.2017 13:04;884.5;884.5;884.5;884.5;2.92;2580.19;884.5
17.01.2017 13:05;883.27;884.5;883.27;884.5;1.72;1521.12;884.48
17.01.2017 13:06;884.5;884.5;884.5;884.5;0.39;342.38;884.5
17.01.2017 13:07;884.5;884.78;884.5;884.78;0.33;293.48;884.78
17.01.2017 13:08;884.5;884.5;884.5;884.5;0.15;135.66;884.5
17.01.2017 13:09;883.32;884.5;883.31;884.5;0.48;425.13;883.49
17.01.2017 13:10;884.5;884.99;884.5;884.99;8.27;7314.21;884.63
17.01.2017 13:11;884.51;884.51;883.26;883.26;1.22;1083;884.14
17.01.2017 13:12;884.48;884.5;884.48;884.5;0.29;257.67;884.49
17.01.2017 13:13;884.5;884.5;884.5;884.5;0.03;22.38;884.5
17.01.2017 13:14;883.48;883.48;883.3;883.3;0.05;41.13;883.34
17.01.2017 13:15;884.3;884.3;884;884;1.13;1002.02;884.04
17.01.2017 13:16;883.31;883.31;882;882.78;12.81;11314.69;883.24
17.01.2017 13:17;882.37;882.37;882.3;882.31;5.7;5024.97;882.31
17.01.2017 13:18;881.99;882.05;881.98;882.05;1.92;1689.85;882.04
17.01.2017 13:19;882.26;882.36;882.26;882.36;0.38;336.19;882.36
17.01.2017 13:20;881.26;881.91;881.06;881.91;0.43;375.83;881.65
17.01.2017 13:21;881.22;882.3;881.02;881.02;15.75;13876.46;881.11
17.01.2017 13:22;882.27;882.27;882.27;882.27;0.18;158.35;882.27
17.01.2017 13:23;882.29;882.4;882.29;882.4;0.21;187.62;882.29
17.01.2017 13:24;881.61;881.83;881.5;881.83;4.86;4284.4;881.55
17.01.2017 13:25;881.46;881.83;881.46;881.83;0.46;407.8;881.6
17.01.2017 13:26;881.98;881.98;881.98;881.98;0.18;161.07;881.98
17.01.2017 13:27;881.96;881.96;881.96;881.96;0.04;35.45;881.96
17.01.2017 13:28;881.02;881.96;881.02;881.96;0.13;116.17;881.44
17.01.2017 13:29;881.96;881.96;881.96;881.96;0.13;113.53;881.96
17.01.2017 13:30;881.02;881.98;881.01;881.98;1.82;1603.15;881.4
17.01.2017 13:31;881.98;881.98;881.01;881.6;4.62;4067.39;881.31
17.01.2017 13:32;881.6;881.98;881.02;881.98;4;3525.45;881.8
17.01.2017 13:33;881.98;881.98;881.98;881.98;1.09;962.82;881.98
17.01.2017 13:34;881.98;882.86;881;881;65.94;58114.41;881.36
17.01.2017 13:35;881.04;881.04;881.04;881.04;0.55;487.99;881.04
17.01.2017 13:36;881.04;881.6;881.04;881.6;0.68;597.31;881.6
17.01.2017 13:37;0;0;0;0;0;0;0
17.01.2017 13:38;881.6;881.6;881.6;881.6;1.48;1302.88;881.6
17.01.2017 13:39;881.04;881.04;881.03;881.03;9.96;8772.32;881.03
17.01.2017 13:40;881.04;881.04;881.04;881.04;0.03;29.91;881.04
17.01.2017 13:41;881.03;881.03;881.03;881.03;0.05;48.24;881.03
17.01.2017 13:42;881.04;881.04;881.04;881.04;1.7;1496.41;881.04
17.01.2017 13:43;881.04;881.04;881.04;881.04;0.33;292.93;881.04
17.01.2017 13:44;881.03;881.03;881.03;881.03;1.5;1321.55;881.03
17.01.2017 13:45;881.04;881.04;881.03;881.04;2.69;2370.41;881.04
17.01.2017 13:46;0;0;0;0;0;0;0
17.01.2017 13:47;881.04;881.04;881.04;881.04;1.5;1324.57;881.04
17.01.2017 13:48;881.04;881.04;881.03;881.03;1.02;901.25;881.03
17.01.2017 13:49;881.04;881.04;881.03;881.03;0.13;110.98;881.04
17.01.2017 13:50;881.04;881.04;881.04;881.04;0.38;334.14;881.04
17.01.2017 13:51;881.04;881.04;881.04;881.04;0.08;73.84;881.04
17.01.2017 13:52;881.04;881.04;881.03;881.03;2.52;2216.4;881.03
17.01.2017 13:53;881.04;881.04;880;881.02;72.51;63824.95;880.2
17.01.2017 13:54;881.02;881.04;881.02;881.04;6.05;5326.8;881.03
17.01.2017 13:55;881.02;881.04;881.02;881.04;17.99;15853.74;881.02
17.01.2017 13:56;881.02;881.02;881.02;881.02;5.01;4413.91;881.02
17.01.2017 13:57;881.03;881.03;881.02;881.02;20.92;18432.52;881.02
17.01.2017 13:58;881.04;881.04;881.02;881.04;6.35;5592.42;881.03
17.01.2017 13:59;0;0;0;0;0;0;0
17.01.2017 14:00;881.04;881.04;881.04;881.04;0.02;18.5;881.04
17.01.2017 14:01;881.04;881.04;881.04;881.04;0.57;505.24;881.04
17.01.2017 14:02;0;0;0;0;0;0;0
17.01.2017 14:03;881.02;881.02;881.02;881.02;10;8810.2;881.02
17.01.2017 14:04;881.02;881.66;881.02;881.66;9.17;8077.95;881.37
17.01.2017 14:05;881.7;882.24;881.7;881.7;0.27;235.82;881.73
17.01.2017 14:06;882.15;882.15;882.15;882.15;0.06;49.93;882.15
17.01.2017 14:07;882.79;883.03;882.79;883.03;0.3;264.87;882.9
17.01.2017 14:08;882.82;882.82;882.82;882.82;0.07;60;882.82
17.01.2017 14:09;882.65;883.39;882.65;883.39;6.08;5374.11;883.38
17.01.2017 14:10;883.2;883.2;883.09;883.09;1.9;1679.1;883.19
17.01.2017 14:11;0;0;0;0;0;0;0
17.01.2017 14:12;0;0;0;0;0;0;0
17.01.2017 14:13;882.89;882.89;882.89;882.89;5.04;4446.95;882.89
17.01.2017 14:14;883.05;883.05;883.05;883.05;0.02;17.64;883.05
17.01.2017 14:15;883.01;883.01;881;881;15.13;13344.19;881.78
17.01.2017 14:16;882.47;882.5;881;881;15.55;13710.37;881.48
17.01.2017 14:17;882.43;882.43;882.17;882.17;0.24;209.12;882.38
17.01.2017 14:18;882.12;882.12;882.12;882.12;0.22;195.34;882.12
17.01.2017 14:19;882.38;882.38;882.38;882.38;0.26;226.64;882.38
17.01.2017 14:20;880.85;882.4;880.85;882.4;0.05;43.18;881.17
17.01.2017 14:21;0;0;0;0;0;0;0
17.01.2017 14:22;882.48;882.48;881.15;882.47;3.1;2729.92;881.98
17.01.2017 14:23;881.54;882.24;881.54;882.24;0.63;553.02;881.68
17.01.2017 14:24;882.25;882.25;882.24;882.25;19.81;17477.43;882.25
17.01.2017 14:25;882.25;883;882.25;883;22.37;19741.54;882.42
17.01.2017 14:26;883;883.05;883;883.05;1.27;1124.41;883.04
17.01.2017 14:27;883.05;883.05;881.93;883.05;4.43;3913.59;882.7
17.01.2017 14:28;883.05;883.05;883.05;883.05;6.26;5529.75;883.05
17.01.2017 14:29;883.05;883.05;883.05;883.05;0.86;756;883.05
17.01.2017 14:30;0;0;0;0;0;0;0
17.01.2017 14:31;883.4;883.4;883.11;883.39;21.1;18635.12;883.38
17.01.2017 14:32;883.4;883.4;881.95;883.39;1.45;1282.97;882.55
17.01.2017 14:33;883.4;883.4;883.39;883.39;6.17;5454.83;883.39
17.01.2017 14:34;881.99;883.38;881.99;883.38;23.18;20473.45;883.36
17.01.2017 14:35;883.38;884.5;883.38;884.47;11.06;9773.93;884.09
17.01.2017 14:36;0;0;0;0;0;0;0
17.01.2017 14:37;884.25;884.25;884.25;884.25;0.05;42.97;884.25
17.01.2017 14:38;884.24;884.24;883.98;883.98;1.76;1553.24;883.98
17.01.2017 14:39;883.19;883.19;883.17;883.17;1.15;1015.53;883.17
17.01.2017 14:40;884.21;884.29;883;884.29;4.53;4002.3;884.22
17.01.2017 14:41;884.33;885.52;884.29;885.52;49.97;44228.67;885.13
17.01.2017 14:42;885.49;885.49;883.23;885.45;10.05;8878.06;883.8
17.01.2017 14:43;885.22;885.22;885.22;885.22;0.21;187.85;885.22
17.01.2017 14:44;883.54;885.09;883.49;883.49;3.37;2978.5;884.02
17.01.2017 14:45;885;885.5;885;885.5;0.98;866.65;885.06
17.01.2017 14:46;885.4;885.4;883.73;883.73;0.27;237.57;884.38
17.01.2017 14:47;885.03;885.21;883.57;885.13;0.35;311.35;884.69
17.01.2017 14:48;884.45;885.08;883.34;884.88;3.93;3479.2;884.85
17.01.2017 14:49;883.37;884.7;883.32;884.7;3.07;2713.1;883.36
17.01.2017 14:50;883.36;884.58;883.36;884.57;2.46;2172.23;884.52
17.01.2017 14:51;0;0;0;0;0;0;0
17.01.2017 14:52;0;0;0;0;0;0;0
17.01.2017 14:53;883.33;883.87;883.33;883.83;2.13;1879.04;883.8
17.01.2017 14:54;0;0;0;0;0;0;0
17.01.2017 14:55;883.82;883.82;883.8;883.8;0.17;151.77;883.81
17.01.2017 14:56;883.37;883.37;883.37;883.37;0.11;99.25;883.37
17.01.2017 14:57;0;0;0;0;0;0;0
17.01.2017 14:58;883.38;883.38;883.38;883.38;0.5;441.69;883.38
17.01.2017 14:59;883.83;883.83;883.83;883.83;0.35;307.89;883.83
17.01.2017 15:00;883.83;883.83;883.44;883.44;1.32;1163.45;883.51
17.01.2017 15:01;883.38;883.39;883;883.39;11.63;10271.97;883.29
17.01.2017 15:02;883.39;883.39;883.39;883.39;0.01;8.89;883.39
17.01.2017 15:03;883.3;883.3;883.3;883.3;0.03;29.56;883.3
17.01.2017 15:04;883.35;883.35;883.35;883.35;0.89;786.26;883.35
17.01.2017 15:05;883.32;883.32;883.1;883.1;0.79;697.15;883.29
17.01.2017 15:06;883.33;883.33;883.1;883.1;5.75;5077.94;883.12
17.01.2017 15:07;883.1;883.21;883.1;883.21;6.33;5591.88;883.13
17.01.2017 15:08;883.1;883.19;883.1;883.19;1.09;961.9;883.18
17.01.2017 15:09;883.19;883.19;883.19;883.19;0.01;10.41;883.19
17.01.2017 15:10;0;0;0;0;0;0;0
17.01.2017 15:11;883.17;883.17;883.17;883.17;0.08;72.39;883.17
17.01.2017 15:12;883.17;883.17;883.15;883.15;0.57;505.08;883.15
17.01.2017 15:13;883.15;883.15;883.15;883.15;1.45;1277.63;883.15
17.01.2017 15:14;883.15;883.15;883.1;883.1;2.16;1907.45;883.1
17.01.2017 15:15;883.13;883.35;883.1;883.35;46.97;41484.97;883.18
17.01.2017 15:16;883.35;883.81;883.35;883.81;4.59;4058.5;883.8
17.01.2017 15:17;883.81;883.81;883.1;883.15;8.55;7550.16;883.51
17.01.2017 15:18;883.15;883.79;883.12;883.79;2.75;2428.73;883.3
17.01.2017 15:19;883.79;883.8;883.79;883.8;0.27;237.14;883.8
17.01.2017 15:20;883.21;883.83;883.21;883.83;2.28;2015.64;883.8
17.01.2017 15:21;883.83;883.83;883.83;883.83;0.3;265.99;883.83
17.01.2017 15:22;0;0;0;0;0;0;0
17.01.2017 15:23;883.83;884.77;883.83;884.77;0.76;675.32;884.35
17.01.2017 15:24;884.77;884.77;883.96;883.96;1.87;1649.96;883.99
17.01.2017 15:25;884.46;884.46;884.46;884.46;0.39;347.53;884.46
17.01.2017 15:26;883.84;884.37;883.81;884.37;1.6;1417.54;883.83
17.01.2017 15:27;884.43;884.98;883.83;883.83;6.6;5837.89;884.55
17.01.2017 15:28;883.87;883.87;883.87;883.87;0.05;44.19;883.87
17.01.2017 15:29;884.38;884.83;883.86;883.86;0.93;820.54;884.42
17.01.2017 15:30;884.38;884.38;882.02;882.02;31.5;27820;883.12
17.01.2017 15:31;882.99;883.3;882.99;883.3;0.03;26.85;883.2
17.01.2017 15:32;882;882.87;882;882.87;4.3;3795.05;882.17
17.01.2017 15:33;882.96;882.96;882.01;882.01;7.12;6282.05;882.02
17.01.2017 15:34;882.01;882.84;882;882;31.92;28154.54;882
17.01.2017 15:35;882.53;882.79;882.01;882.79;0.25;221.59;882.49
17.01.2017 15:36;882.79;882.87;882.79;882.87;0.63;556.15;882.86
17.01.2017 15:37;882.87;882.87;882.02;882.87;0.2;173.79;882.61
17.01.2017 15:38;0;0;0;0;0;0;0
17.01.2017 15:39;882.87;882.87;882.01;882.76;9.62;8482.96;882.03
17.01.2017 15:40;882.76;882.87;882.76;882.87;8.15;7198.05;882.79
17.01.2017 15:41;0;0;0;0;0;0;0
17.01.2017 15:42;883.48;883.48;883.47;883.47;0.45;399.33;883.48
17.01.2017 15:43;0;0;0;0;0;0;0
17.01.2017 15:44;883.47;883.47;883.47;883.47;0.14;123.69;883.47
17.01.2017 15:45;883.47;884.37;883.47;883.47;8.01;7077.31;883.83
17.01.2017 15:46;883.47;884.14;883.47;883.47;9.06;8005.05;883.75
17.01.2017 15:47;883.47;883.47;882;882;23.56;20786.08;882.27
17.01.2017 15:48;882;882.09;878.34;878.34;29.09;25602.5;880.2
17.01.2017 15:49;878;879.93;877.96;878;5.21;4572.44;878.3
17.01.2017 15:50;879.9;880.91;878;880.91;5.07;4459.54;879.77
17.01.2017 15:51;879.09;880.75;879.09;880.75;0.03;29.05;880.25
17.01.2017 15:52;878.25;880.47;878.1;878.1;2.46;2163.1;879.21
17.01.2017 15:53;0;0;0;0;0;0;0
17.01.2017 15:54;878.98;881.35;878.24;881.22;35.33;31125.27;881.07
17.01.2017 15:55;881.22;881.22;881.22;881.22;5.7;5024.72;881.22
17.01.2017 15:56;881.22;881.35;881.22;881.22;9.74;8580.39;881.23
17.01.2017 15:57;881.22;881.54;881.22;881.22;5.22;4596.33;881.37
17.01.2017 15:58;881.22;881.24;881.22;881.24;1.19;1045.14;881.23
17.01.2017 15:59;881.24;881.72;881.22;881.22;4.14;3651.23;881.22
17.01.2017 16:00;881.22;882.32;881.22;881.24;7.12;6274.1;881.79
17.01.2017 16:01;881.24;882.14;881.22;881.22;6.43;5668.02;881.22
17.01.2017 16:02;881.22;881.22;881.22;881.22;2.88;2538.08;881.22
17.01.2017 16:03;881.22;881.22;881.22;881.22;2.28;2005.31;881.22
17.01.2017 16:04;881.22;882.2;881.22;881.26;2.47;2174.37;881.32
17.01.2017 16:05;881.28;882.16;881.22;881.52;10.51;9262.08;881.63
17.01.2017 16:06;0;0;0;0;0;0;0
17.01.2017 16:07;882.06;882.36;882.05;882.36;0.45;400.76;882.18
17.01.2017 16:08;882.03;882.05;882.03;882.05;0.13;117.02;882.05
17.01.2017 16:09;882.67;882.67;882.58;882.58;0.93;816.8;882.66
17.01.2017 16:10;882.57;882.57;882.09;882.14;1.07;942.9;882.27
17.01.2017 16:11;882.16;882.77;882.16;882.67;3.35;2960.05;882.73
17.01.2017 16:12;882.59;883.33;882.59;883.33;6.55;5778.96;882.93
17.01.2017 16:13;883.28;883.46;882.05;882.15;1.87;1646.64;882.24
17.01.2017 16:14;883.46;884.46;883.46;884.46;14.85;13127.76;883.77
17.01.2017 16:15;883.47;884.46;883.47;883.63;1.28;1130.93;884.36
17.01.2017 16:16;884.44;884.46;883.88;883.88;2.74;2423.47;884.44
17.01.2017 16:17;884.46;884.46;884.45;884.45;0.09;82.6;884.45
17.01.2017 16:18;883.99;884.46;883.69;884.45;1.08;958.78;884.21
17.01.2017 16:19;883.74;884.46;883.73;884.45;1.14;1006.62;884.2
17.01.2017 16:20;884.45;884.45;883.75;883.75;2.88;2543.62;884.34
17.01.2017 16:21;883.92;883.92;883.92;883.92;0.44;387.16;883.92
17.01.2017 16:22;884.45;884.45;883.66;884.45;5.05;4465.28;883.7
17.01.2017 16:23;884.45;884.45;884.45;884.45;0.07;66.05;884.45
17.01.2017 16:24;884.45;885.05;884.45;885.05;14.67;12975.95;884.72
17.01.2017 16:25;885.08;885.31;883.83;883.98;12.22;10817.9;885.16
17.01.2017 16:26;884.44;884.44;883.83;884.44;0.72;637.96;884.07
17.01.2017 16:27;884.44;884.44;884.03;884.03;1.19;1050.23;884.09
17.01.2017 16:28;884.44;884.45;884.18;884.18;0.61;535.55;884.44
17.01.2017 16:29;885.09;885.48;885.09;885.45;0.5;443.12;885.45
17.01.2017 16:30;885.24;885.47;884.53;884.53;15.42;13640.76;884.76
17.01.2017 16:31;0;0;0;0;0;0;0
17.01.2017 16:32;885.36;885.52;885.34;885.52;6.2;5485.2;885.36
17.01.2017 16:33;0;0;0;0;0;0;0
17.01.2017 16:34;0;0;0;0;0;0;0
17.01.2017 16:35;885.37;885.52;885.37;885.52;1.53;1351;885.41
17.01.2017 16:36;885.52;885.52;885.51;885.51;5.17;4576.9;885.51
17.01.2017 16:37;885.51;885.51;885.5;885.5;0.74;657.26;885.51
17.01.2017 16:38;885.36;885.47;885.36;885.36;2.41;2133.9;885.37
17.01.2017 16:39;885.36;886.09;885.36;886.09;10.27;9093.09;885.65
17.01.2017 16:40;886.09;886.23;886;886.23;17.47;15476.7;886.12
17.01.2017 16:41;886.25;886.28;886.25;886.28;0.44;390.85;886.28
17.01.2017 16:42;886.28;886.67;886.23;886.23;1.25;1103.87;886.39
17.01.2017 16:43;886.23;886.23;885.36;885.37;5.64;4994.6;885.84
17.01.2017 16:44;885.36;885.52;885.36;885.37;1.29;1143.01;885.37
17.01.2017 16:45;885.52;885.52;885.37;885.37;4.79;4237.59;885.41
17.01.2017 16:46;885.37;886.1;885.37;886.1;0.34;296.74;885.78
17.01.2017 16:47;886.09;886.78;885.37;885.37;6.59;5832.53;885.41
17.01.2017 16:48;886.71;886.71;885.37;885.37;3.19;2826.92;885.97
17.01.2017 16:49;886.29;886.29;885.37;885.37;23.82;21086.35;885.38
17.01.2017 16:50;886;886;885.36;885.36;11.07;9798.41;885.39
17.01.2017 16:51;885.51;885.51;885.37;885.37;24.36;21570.91;885.39
17.01.2017 16:52;885.51;885.51;885.37;885.38;1.05;932.33;885.41
17.01.2017 16:53;885.38;886.31;885.38;886.3;4.71;4169.5;885.87
17.01.2017 16:54;886.3;886.66;886.3;886.3;0.92;818.2;886.43
17.01.2017 16:55;886.3;886.3;886.3;886.3;2.31;2043.81;886.3
17.01.2017 16:56;886.66;886.67;886.66;886.67;1.12;990.15;886.67
17.01.2017 16:57;886.67;887.64;886.66;886.66;2.17;1925.12;887.02
17.01.2017 16:58;887.4;887.4;886.67;886.71;1.68;1494.66;887.07
17.01.2017 16:59;886.75;887.24;886.66;886.69;2.72;2414.34;887.06
17.01.2017 17:00;886.7;887.12;886.66;886.66;2.02;1793.72;886.85
17.01.2017 17:01;886.66;887.04;886.66;886.67;0.9;796.07;886.7
17.01.2017 17:02;886.66;886.68;886.66;886.67;3.04;2693.71;886.67
17.01.2017 17:03;886.67;887.27;886.3;887.27;2.88;2555.07;886.61
17.01.2017 17:04;886.31;886.65;886.3;886.32;4.09;3629.47;886.33
17.01.2017 17:05;886.31;886.63;886.31;886.31;26.1;23138.38;886.59
17.01.2017 17:06;886.63;886.64;886.32;886.32;0.91;809.36;886.34
17.01.2017 17:07;886.64;886.64;886.32;886.32;4.12;3649.22;886.35
17.01.2017 17:08;886.64;886.64;886.32;886.32;1.3;1154.31;886.57
17.01.2017 17:09;886.64;886.64;886.32;886.32;0.68;601.67;886.42
17.01.2017 17:10;886.32;886.64;886.32;886.64;0.94;832.26;886.33
17.01.2017 17:11;886.32;886.64;886.32;886.32;0.71;627.06;886.36
17.01.2017 17:12;886.64;886.64;886.32;886.32;1.4;1244.71;886.55
17.01.2017 17:13;886.32;886.64;886.32;886.32;2.01;1781.75;886.5
17.01.2017 17:14;886.32;887.45;886.32;886.33;8.79;7796.53;887.06
17.01.2017 17:15;887.42;887.43;887.4;887.41;1.3;1153.64;887.41
17.01.2017 17:16;887.4;888;887.4;887.57;35.53;31537.63;887.7
17.01.2017 17:17;887.68;888.5;887.59;887.61;14.26;12662.23;888.04
17.01.2017 17:18;888.21;888.21;887.65;887.75;0.4;353.24;887.86
17.01.2017 17:19;887.59;887.7;887.59;887.7;0.27;241.44;887.66
17.01.2017 17:20;887.79;889;887.79;889;19.89;17679.55;888.95
17.01.2017 17:21;888.47;889.89;888.47;889.89;13.4;11918.93;889.49
17.01.2017 17:22;890;890.5;890;890.5;8.55;7614.15;890.36
17.01.2017 17:23;890.64;890.64;890.5;890.5;18.31;16311.77;890.64
17.01.2017 17:24;890.65;890.73;890.65;890.73;2.86;2546.32;890.72
17.01.2017 17:25;890.9;892.72;890.9;892.47;4.01;3572.17;891.75
17.01.2017 17:26;892.72;895;892.72;894.01;41.9;37487.07;894.76
17.01.2017 17:27;894.82;897.22;893.69;897.22;39.37;35277.13;896.04
17.01.2017 17:28;897.45;898.99;895.11;897.68;35.9;32236.6;897.93
17.01.2017 17:29;898.63;898.66;896;898.07;2.08;1871.35;898.31
17.01.2017 17:30;898.05;899;898.03;898.04;19.82;17816.49;898.74
17.01.2017 17:31;899;899;896.65;896.65;30.19;27070.98;896.73
17.01.2017 17:32;896.65;897.64;895.96;897.64;11.54;10347.87;896.73
17.01.2017 17:33;897.99;899;897.54;899;7.28;6542.26;898.27
17.01.2017 17:34;899;899;897.59;898.25;58.3;52368.78;898.21
17.01.2017 17:35;898.26;899;898.25;899;17.87;16066.39;898.97
17.01.2017 17:36;899;899.52;899;899.52;63;56667.22;899.51
17.01.2017 17:37;899.52;899.52;898.26;898.26;4.31;3873.83;898.69
17.01.2017 17:38;898.68;899;898;898;22.28;20016.1;898.49
17.01.2017 17:39;899;899;899;899;3.51;3155.49;899
17.01.2017 17:40;899;899.52;898.05;899.52;11.8;10599.12;898.37
17.01.2017 17:41;898.6;898.6;898;898;1.81;1624.55;898.01
17.01.2017 17:42;898.01;898.01;898;898;0.59;533.17;898.01
17.01.2017 17:43;898;898.01;897.55;897.55;4.77;4279.46;897.96
17.01.2017 17:44;897.56;897.98;895.8;895.8;20.37;18273.82;896.9
17.01.2017 17:45;896.01;897.36;895.74;895.76;28.7;25714.43;895.85
17.01.2017 17:46;897.64;897.84;897.64;897.84;0.02;20.2;897.75
17.01.2017 17:47;895.64;895.98;895.11;895.98;0.25;222.41;895.78
17.01.2017 17:48;896.63;897.94;895.97;897.94;8.65;7758.77;897.47
17.01.2017 17:49;897.94;897.95;896.78;897.85;5.52;4949.89;897.31
17.01.2017 17:50;897.77;897.77;897.77;897.77;0.08;71.82;897.77
17.01.2017 17:51;897.77;897.95;897.77;897.95;8.75;7859.87;897.95
17.01.2017 17:52;898.62;902.14;898.62;902.14;177.96;160111.44;899.71
17.01.2017 17:53;902.36;902.99;900;900;68.99;62196.97;901.57
17.01.2017 17:54;900;902.08;900;901.9;3.04;2741.62;901.96
17.01.2017 17:55;902.07;902.08;901.95;902.08;3.71;3343.47;902.05
17.01.2017 17:56;902.06;902.86;902;902.81;8.22;7417.22;902.36
17.01.2017 17:57;902.13;902.84;902;902.64;48.16;43476.77;902.66
17.01.2017 17:58;902.66;902.95;902.65;902.9;13.32;12022.88;902.78
17.01.2017 17:59;902.09;902.89;902;902;3.6;3245.07;902.06
17.01.2017 18:00;902.19;902.2;897.47;897.47;76.81;69204.61;901.02
17.01.2017 18:01;897.18;897.18;890.31;890.31;54.74;48978.37;894.81
17.01.2017 18:02;891.67;896.14;890.31;896.07;3.28;2930.18;894.44
17.01.2017 18:03;895.87;897.14;895.87;896.09;1.45;1300.93;896.87
17.01.2017 18:04;895.95;896.02;895.9;896.02;2.32;2081.64;895.91
17.01.2017 18:05;0;0;0;0;0;0;0
17.01.2017 18:06;897.11;897.5;896.09;896.29;0.89;797.07;897.17
17.01.2017 18:07;896.29;896.29;896.29;896.29;0.28;251.79;896.29
17.01.2017 18:08;897.5;897.5;896.3;896.3;0.59;533.53;897.46
17.01.2017 18:09;897.48;897.94;896.99;897.49;1.71;1535.8;897.68
17.01.2017 18:10;897.5;897.99;897.5;897.94;39.02;35036.46;897.94
17.01.2017 18:11;897.94;897.94;896.67;896.67;2.74;2460.03;896.88
17.01.2017 18:12;897.78;897.78;896.51;896.51;0.91;813.56;896.67
17.01.2017 18:13;896.69;897.36;896.03;896.12;2.58;2314.49;896.3
17.01.2017 18:14;896.91;896.91;896.2;896.2;0.05;42.15;896.71
17.01.2017 18:15;896.88;898.59;896.88;898.59;12.75;11443.85;897.26
17.01.2017 18:16;897.07;898.42;896.24;897.95;0.93;835.17;897.07
17.01.2017 18:17;897.93;897.95;897.93;897.95;3.37;3021.74;897.95
17.01.2017 18:18;897.09;897.95;897.09;897.95;1.58;1413.89;897.65
17.01.2017 18:19;897.94;897.99;897.39;897.98;0.46;415.76;897.97
17.01.2017 18:20;897.97;897.97;897.97;897.97;0.05;41.13;897.97
17.01.2017 18:21;897.95;897.95;897.93;897.93;0.23;203.37;897.95
17.01.2017 18:22;897.95;897.98;897.95;897.98;0.39;351.52;897.96
17.01.2017 18:23;898;898;897.22;897.22;0.38;339.39;897.48
17.01.2017 18:24;897.95;898;897.95;897.97;2.3;2062;897.97
17.01.2017 18:25;897.97;897.97;897.59;897.59;2.45;2202.52;897.89
17.01.2017 18:26;897.97;897.97;897.97;897.97;0.58;519.92;897.97
17.01.2017 18:27;897.97;897.97;897.73;897.97;1.52;1362.31;897.84
17.01.2017 18:28;897.99;900;897.99;900;6.12;5499.03;898.68
17.01.2017 18:29;899.99;900;899.99;900;0.5;449.1;900
17.01.2017 18:30;899.99;900.59;899.99;900.59;6.75;6075.61;900.12
17.01.2017 18:31;900.76;901.07;900.76;900.83;3.64;3274.92;900.82
17.01.2017 18:32;900.84;901.07;899.99;901.04;2.66;2393.9;900.86
17.01.2017 18:33;900.76;900.76;899.14;900.51;11.58;10430.19;900.69
17.01.2017 18:34;900.53;900.95;898.49;900.5;13.61;12251.16;900.46
17.01.2017 18:35;900.5;900.53;900.5;900.53;0.19;174.5;900.52
17.01.2017 18:36;900.68;900.79;900.62;900.79;1.38;1238.87;900.67
17.01.2017 18:37;900.62;900.62;900.62;900.62;0.01;7.32;900.62
17.01.2017 18:38;900.78;900.82;900.74;900.82;5.59;5031.07;900.78
17.01.2017 18:39;900.8;900.8;900.5;900.5;1.8;1621.25;900.52
17.01.2017 18:40;900.77;900.77;900.5;900.5;5.99;5396.71;900.64
17.01.2017 18:41;900.78;900.8;900.78;900.8;5.25;4729.2;900.8
17.01.2017 18:42;900.8;900.96;900.78;900.96;16.62;14976.76;900.87
17.01.2017 18:43;901.07;901.5;901.07;901.5;3.15;2837.11;901.37
17.01.2017 18:44;901.63;902.67;901.63;902.67;12.43;11207.98;901.94
17.01.2017 18:45;902.66;902.67;902.66;902.67;0.66;591.65;902.67
17.01.2017 18:46;902.68;904.08;902.68;904.08;26.34;23792.67;903.14
17.01.2017 18:47;904.08;905;904.08;905;26.48;23953.58;904.75
17.01.2017 18:48;905;906;904.61;906;47.64;43110.83;905
17.01.2017 18:49;905.99;906;905.99;906;7.55;6840.73;906
17.01.2017 18:50;906;907.99;906;907.99;12.47;11295.9;906.08
17.01.2017 18:51;908;908.5;906.73;906.73;9.31;8454.76;908.19
17.01.2017 18:52;908;908;906.87;907.99;7.27;6601.71;907.46
17.01.2017 18:53;907.03;907.87;906.6;906.75;40.57;36798.81;907.06
17.01.2017 18:54;906.28;906.69;906;906.69;7.66;6943.88;906.22
17.01.2017 18:55;907.04;907.59;906.3;907.59;14.48;13133.16;906.92
17.01.2017 18:56;907.6;907.64;907.07;907.07;9.72;8819.27;907.12
17.01.2017 18:57;907.06;907.06;906.01;906.01;20.62;18689.66;906.17
17.01.2017 18:58;905.97;905.97;905.57;905.57;0.23;210.46;905.6
17.01.2017 18:59;905.69;905.69;904;904;8.09;7317.59;904.3
17.01.2017 19:00;904.01;905.01;904;905.01;3.55;3205.97;904.01
17.01.2017 19:01;905.01;906.3;905.01;906.3;2.45;2217.34;905.89
17.01.2017 19:02;906.3;906.3;906.3;906.3;3.66;3313.43;906.3
17.01.2017 19:03;905.03;905.99;904.97;904.97;2.87;2596.76;905.07
17.01.2017 19:04;904.97;905;904.97;905;1.28;1158.76;904.99
17.01.2017 19:05;905;905;905;905;5.31;4806.68;905
17.01.2017 19:06;905;905;905;905;0.31;278.13;905
17.01.2017 19:07;905;905;905;905;4.42;4000.23;905
17.01.2017 19:08;904.51;905;902.93;905;28.41;25674.43;903.83
17.01.2017 19:09;905;905;904.35;904.35;0.07;62.21;904.94
17.01.2017 19:10;905;905;905;905;35.86;32451.69;905
17.01.2017 19:11;904.99;904.99;904.99;904.99;0.27;241.16;904.99
17.01.2017 19:12;904.97;904.97;904.93;904.93;0.19;172.85;904.96
17.01.2017 19:13;904.92;904.99;904.84;904.99;0.9;815.81;904.92
17.01.2017 19:14;904.83;904.97;904.82;904.82;1.58;1429.77;904.82
17.01.2017 19:15;904.82;904.82;897.39;897.39;54.06;48706.52;900.94
17.01.2017 19:16;899.32;899.77;897.43;899.2;2.56;2305.5;899.52
17.01.2017 19:17;898.63;898.73;898;898.68;2.45;2201.97;898.33
17.01.2017 19:18;0;0;0;0;0;0;0
17.01.2017 19:19;898.66;898.68;898.66;898.68;4.08;3669.13;898.68
17.01.2017 19:20;898.26;898.26;898.26;898.26;1;898.26;898.26
17.01.2017 19:21;899.63;900.61;899.63;900.6;0.25;229.62;900.54
17.01.2017 19:22;900.01;900.01;898.86;898.89;7.85;7056.93;898.97
17.01.2017 19:23;900;900.02;898.63;898.7;1.24;1114.8;899.91
17.01.2017 19:24;900.16;900.9;900.16;900.9;3.72;3347.55;900.84
17.01.2017 19:25;901.12;901.12;901.12;901.12;0.04;36.04;901.12
17.01.2017 19:26;901.24;901.24;901.22;901.22;25.01;22538.05;901.22
17.01.2017 19:27;900.04;900.04;900.04;900.04;3.06;2755.83;900.04
17.01.2017 19:28;901.59;901.59;901.59;901.59;0.07;59.59;901.59
17.01.2017 19:29;900.88;900.88;896.65;900.57;150.28;134873.3;897.48
17.01.2017 19:30;0;0;0;0;0;0;0
17.01.2017 19:31;898.67;899.69;898.57;899.64;87.17;78415.23;899.53
17.01.2017 19:32;899.61;899.61;899.61;899.61;0.83;749.09;899.61
17.01.2017 19:33;898.97;899.22;897;899.22;52.94;47499.99;897.27
17.01.2017 19:34;899.09;899.52;897.29;897.29;2.53;2274.4;899.04
17.01.2017 19:35;899;899;899;899;0.13;116.4;899
17.01.2017 19:36;897.88;899;897.88;899;5.27;4730.71;897.9
17.01.2017 19:37;899;900.39;898.42;900.3;7.2;6472.61;898.97
17.01.2017 19:38;898.56;900.08;898.56;900.03;2.74;2462.43;898.7
17.01.2017 19:39;899.8;899.8;897;897;50.14;45029.68;898.1
17.01.2017 19:40;899.54;899.54;899.51;899.51;0.45;405.03;899.53
17.01.2017 19:41;899.51;901;899.51;901;75.63;68127.26;900.74
17.01.2017 19:42;900.95;901.16;899.83;899.83;7.27;6548.21;901.13
17.01.2017 19:43;901.16;901.16;900.99;900.99;0.23;210.78;901.15
17.01.2017 19:44;901;902.45;900;902.16;60.21;54227.66;900.71
17.01.2017 19:45;902.13;902.13;902.11;902.11;1.14;1030.24;902.11
17.01.2017 19:46;901.97;901.99;901.69;901.99;1.29;1162.01;901.74
17.01.2017 19:47;901.87;901.87;899.84;899.84;0.34;306.09;900.08
17.01.2017 19:48;901.58;901.58;901.57;901.57;7.57;6828.11;901.57
17.01.2017 19:49;901.58;901.58;900.37;900.37;2.22;1994.64;900.39
17.01.2017 19:50;900.37;902.14;900.37;902.14;0.29;260.23;900.58
17.01.2017 19:51;902.04;902.04;902.04;902.04;0.11;99.22;902.04
17.01.2017 19:52;901.42;902.45;900.53;902.45;12.3;11090.03;901.42
17.01.2017 19:53;902.42;902.45;902.42;902.45;1.05;951.19;902.42
17.01.2017 19:54;0;0;0;0;0;0;0
17.01.2017 19:55;902.07;902.07;902.07;902.07;0.04;38.87;902.07
17.01.2017 19:56;902.34;902.36;902.34;902.36;0.04;38.51;902.35
17.01.2017 19:57;0;0;0;0;0;0;0
17.01.2017 19:58;902.37;903.16;902.35;903.16;19;17145.36;902.45
17.01.2017 19:59;903.59;904.99;903.59;904.99;10.09;9127.55;904.61
17.01.2017 20:00;904.99;905.01;904.99;905.01;29.41;26612.97;905
17.01.2017 20:01;905.15;906.3;905.15;906.3;5.52;5003.24;905.84
17.01.2017 20:02;906.3;906.3;905.25;905.25;4.44;4024.04;906.22
17.01.2017 20:03;906.3;906.3;905.41;905.41;0.34;309.68;905.49
17.01.2017 20:04;906.3;907;906.3;907;22.8;20666.82;906.49
17.01.2017 20:05;907.02;907.45;907;907;6.94;6297.99;907.04
17.01.2017 20:06;906.03;906.26;905.61;905.61;13.62;12337.36;905.69
17.01.2017 20:07;905.03;905.03;904.6;904.6;6.37;5765.8;904.87
17.01.2017 20:08;904.49;904.49;903.25;904.38;6.71;6063.53;903.66
17.01.2017 20:09;904.19;904.2;904.12;904.2;1.65;1491.62;904.19
17.01.2017 20:10;903.48;903.48;903.14;903.14;6.29;5683.29;903.42
17.01.2017 20:11;903.51;903.51;903.47;903.47;0.24;214.34;903.49
17.01.2017 20:12;903.14;903.14;902.42;902.42;6.26;5644.9;902.45
17.01.2017 20:13;902.95;902.95;902.95;902.95;0.1;91.2;902.95
17.01.2017 20:14;903.28;903.28;902.98;902.98;6.79;6132.23;902.99
17.01.2017 20:15;903.2;903.2;903.2;903.2;0.02;13.55;903.2
17.01.2017 20:16;903.2;903.2;903.2;903.2;0.1;89.15;903.2
17.01.2017 20:17;903.2;903.2;902.98;902.98;0.57;516.53;903.09
17.01.2017 20:18;903.2;903.2;903.2;903.2;0.36;327.02;903.2
17.01.2017 20:19;903.19;903.19;903.19;903.19;0.09;78.31;903.19
17.01.2017 20:20;903.19;903.19;902.98;902.98;0.07;64.43;903.02
17.01.2017 20:21;903.19;903.19;903.19;903.19;0.4;356.98;903.19
17.01.2017 20:22;903.19;903.19;902.99;902.99;0.35;311.56;903.08
17.01.2017 20:23;902.98;902.98;902.98;902.98;0.76;686.26;902.98
17.01.2017 20:24;902.99;902.99;902.98;902.98;2.55;2306.9;902.98
17.01.2017 20:25;902.43;902.7;902.43;902.44;0.59;536.55;902.47
17.01.2017 20:26;902.44;902.7;902.43;902.43;6.58;5937.96;902.66
17.01.2017 20:27;902.42;902.43;902.42;902.43;1.56;1408.03;902.42
17.01.2017 20:28;902.43;902.43;902.43;902.43;0.2;184.96;902.43
17.01.2017 20:29;902.42;902.42;902.42;902.42;9.28;8374.05;902.42
17.01.2017 20:30;902.41;902.41;902.34;902.34;0.34;309.48;902.36
17.01.2017 20:31;902.41;902.41;902.41;902.41;0.33;298.93;902.41
17.01.2017 20:32;902.34;902.41;902.34;902.41;0.13;115.1;902.39
17.01.2017 20:33;902.34;902.34;900.92;900.92;7.78;7021.49;902.16
17.01.2017 20:34;900.03;900.9;898.4;899.99;26.5;23845.24;899.85
17.01.2017 20:35;900;900.98;900;900.75;1.26;1129.96;900.16
17.01.2017 20:36;900.98;900.98;900.75;900.98;16.49;14854.68;900.95
17.01.2017 20:37;900.98;900.98;900.98;900.98;0.05;42.05;900.98
17.01.2017 20:38;900.98;900.98;900.98;900.98;0.23;204.1;900.98
17.01.2017 20:39;900.98;900.98;900.98;900.98;2.34;2106.92;900.98
17.01.2017 20:40;900.76;900.84;900.6;900.6;4.1;3695.08;900.66
17.01.2017 20:41;900.9;900.9;900;900;2.63;2367.24;900.38
17.01.2017 20:42;900;900.64;899.99;900.57;5.6;5044.29;900.51
17.01.2017 20:43;900.51;900.51;900.51;900.51;0.01;9.01;900.51
17.01.2017 20:44;900.67;900.7;900.59;900.7;0.37;330.9;900.62
17.01.2017 20:45;0;0;0;0;0;0;0
17.01.2017 20:46;900.58;900.58;896.5;896.5;33.88;30424.42;897.94
17.01.2017 20:47;897.9;897.9;896;896;56.28;50435.07;896.08
17.01.2017 20:48;896.66;896.77;895.03;895.03;5.41;4845.76;896.41
17.01.2017 20:49;896.01;896.01;895.88;895.88;2.94;2637.18;895.96
17.01.2017 20:50;895.88;898.98;895.61;896.58;3.29;2949.73;897.43
17.01.2017 20:51;898.89;898.89;898.89;898.89;0.22;200;898.89
17.01.2017 20:52;897.2;898.55;897.2;898.55;0.03;24.53;897.78
17.01.2017 20:53;897.39;898.48;897;898.48;2.1;1887.98;897.15
17.01.2017 20:54;897.9;897.9;897.85;897.85;3.06;2744.58;897.85
17.01.2017 20:55;897.79;897.79;897.79;897.79;0.13;117.95;897.79
17.01.2017 20:56;897.3;897.3;897.3;897.3;5.57;4993.83;897.3
17.01.2017 20:57;897.79;897.79;897.79;897.79;0.04;37.71;897.79
17.01.2017 20:58;897.79;897.79;897.79;897.79;0.74;665.71;897.79
17.01.2017 20:59;897.79;897.79;897.3;897.3;0.68;609.42;897.78
17.01.2017 21:00;897.79;897.87;897.79;897.87;0.06;58.26;897.82
17.01.2017 21:01;897.87;897.87;897.87;897.87;1.14;1024.97;897.87
17.01.2017 21:02;897.31;897.87;897.31;897.87;0.15;134.86;897.77
17.01.2017 21:03;897.87;897.87;896.52;896.52;5.35;4804.99;897.34
17.01.2017 21:04;896.18;896.18;895.8;895.8;12.5;11199.25;895.83
17.01.2017 21:05;895.8;895.8;895.8;895.8;0.21;190.28;895.8
17.01.2017 21:06;895.8;895.8;895.1;895.1;7.67;6865.86;895.11
17.01.2017 21:07;895.09;895.09;895;895;15.39;13776.64;895.01
17.01.2017 21:08;895;895;892.57;892.57;16.98;15190.96;894.88
17.01.2017 21:09;0;0;0;0;0;0;0
17.01.2017 21:10;893.29;895.95;893.29;895.95;33.88;30295.04;894.28
17.01.2017 21:11;895.92;895.92;895.5;895.5;6.52;5844.65;895.92
17.01.2017 21:12;894.53;895.49;894.53;895.49;6.29;5625.15;894.58
17.01.2017 21:13;895.44;895.45;894.55;895.45;6.3;5642.29;895.34
17.01.2017 21:14;895.44;895.95;894.57;895.95;5.89;5272.48;895.4
17.01.2017 21:15;895.92;895.94;895.92;895.94;10.43;9342.77;895.94
17.01.2017 21:16;895.54;895.54;895.54;895.54;3.34;2992.09;895.54
17.01.2017 21:17;895.95;895.95;895.95;895.95;2;1791.9;895.95
17.01.2017 21:18;895.94;895.94;895.94;895.94;0.14;125.43;895.94
17.01.2017 21:19;895.94;895.94;895.41;895.41;1;895.48;895.48
17.01.2017 21:20;895.74;895.74;895.74;895.74;0.09;78.83;895.74
17.01.2017 21:21;895.53;895.93;895.53;895.89;1.34;1196.09;895.9
17.01.2017 21:22;895.42;895.95;895.42;895.95;1.04;931.76;895.93
17.01.2017 21:23;895.92;897.91;895.92;896.08;23.13;20754.96;897.26
17.01.2017 21:24;897.89;897.89;897.85;897.85;6.48;5818.89;897.85
17.01.2017 21:25;897.91;897.91;897.89;897.89;0.8;718.21;897.9
17.01.2017 21:26;897.91;897.91;897.91;897.91;18.79;16874.27;897.91
17.01.2017 21:27;897.92;898.24;897.92;898.24;10.51;9438.2;897.94
17.01.2017 21:28;898.93;899;898.54;898.99;5.92;5324.35;898.96
17.01.2017 21:29;899;899;898.65;899;10.57;9500.41;898.84
17.01.2017 21:30;899.27;900;899.27;900;10.76;9675.66;899.56
17.01.2017 21:31;900.08;900.09;900.08;900.09;35.34;31806.13;900.08
17.01.2017 21:32;900.29;900.29;900.29;900.29;6.67;6006.5;900.29
17.01.2017 21:33;900.29;900.29;900.29;900.29;0.05;45.01;900.29
17.01.2017 21:34;900.29;900.29;898.93;898.93;6.52;5867.4;899.73
17.01.2017 21:35;899.63;899.63;899.59;899.59;0.14;124.15;899.62
17.01.2017 21:36;899.49;899.49;898.96;899.43;50.09;45031.2;898.96
17.01.2017 21:37;898.93;898.93;898.93;898.93;4.9;4402.9;898.93
17.01.2017 21:38;898.96;898.96;898.96;898.96;0.03;26.97;898.96
17.01.2017 21:39;899.75;900;898.96;898.96;34.95;31454.6;899.95
17.01.2017 21:40;898.97;900;898.96;898.96;2.03;1827.27;898.99
17.01.2017 21:41;898.96;898.96;898.93;898.93;4.32;3885.95;898.94
17.01.2017 21:42;898.96;898.96;898.93;898.93;0.35;315.71;898.94
17.01.2017 21:43;898.96;899.92;898.96;899.88;1.67;1505.92;899.06
17.01.2017 21:44;899.88;902.03;899.88;902.01;56.84;51234.68;901.36
17.01.2017 21:45;902;902;901;902;7.09;6385.48;901.01
17.01.2017 21:46;0;0;0;0;0;0;0
17.01.2017 21:47;901.93;901.93;901.93;901.93;3.46;3118.87;901.93
17.01.2017 21:48;0;0;0;0;0;0;0
17.01.2017 21:49;900.81;900.81;899.24;899.24;19.28;17346.87;899.89
17.01.2017 21:50;900.27;900.27;900.27;900.27;0.57;513.91;900.27
17.01.2017 21:51;900;900.3;900;900.27;18.4;16567.9;900.28
17.01.2017 21:52;900.28;900.28;900.28;900.28;2.65;2383.45;900.28
17.01.2017 21:53;900.27;900.28;900.27;900.28;2.25;2024.35;900.28
17.01.2017 21:54;900.26;900.26;899.29;900.17;0.68;615.42;900.17
17.01.2017 21:55;0;0;0;0;0;0;0
17.01.2017 21:56;900.13;900.13;898.79;898.79;11.42;10273.82;899.29
17.01.2017 21:57;897.93;898.16;897.93;898.16;0.1;89.8;898.05
17.01.2017 21:58;897.21;898.95;897.2;898.95;0.64;573.15;897.23
17.01.2017 21:59;898.75;898.75;898.75;898.75;0.33;300;898.75
17.01.2017 22:00;898.18;898.18;898.09;898.09;0.28;255.07;898.14
17.01.2017 22:01;897.88;897.88;897.88;897.88;0.04;37.71;897.88
17.01.2017 22:02;897.12;898.38;897.12;898.38;0.09;83.5;897.8
17.01.2017 22:03;897.62;898.47;897.62;898.47;6.15;5520.31;897.64
17.01.2017 22:04;898.47;900.32;898.47;900.32;21.56;19409.44;900.23
17.01.2017 22:05;900.35;902;900.35;902;0.47;426.3;901.27
17.01.2017 22:06;902;902;900.81;902;1.63;1464.13;900.98
17.01.2017 22:07;902;902.69;901.99;902.69;54.24;48935.41;902.27
17.01.2017 22:08;0;0;0;0;0;0;0
17.01.2017 22:09;902.69;902.69;902.69;902.69;0.08;71.86;902.69
17.01.2017 22:10;902.69;903.03;902.69;903.03;4.8;4331.97;902.75
17.01.2017 22:11;903.03;903.03;903.03;903.03;0.01;10.49;903.03
17.01.2017 22:12;903.03;903.03;903.03;903.03;0.03;27.99;903.03
17.01.2017 22:13;903.03;903.39;903.03;903.37;5.5;4967.92;903.31
17.01.2017 22:14;903.39;904.07;903.39;903.51;17.44;15756.82;903.55
17.01.2017 22:15;904.11;904.94;904.11;904.93;4.98;4509.44;904.85
17.01.2017 22:16;904.94;905.03;904.94;905.03;3.93;3553.2;904.98
17.01.2017 22:17;905.11;906.43;905.11;906.43;11.1;10062.7;906.33
17.01.2017 22:18;906.59;907.59;906.19;907.59;14.51;13158.75;906.96
17.01.2017 22:19;907.59;907.59;907.27;907.34;2.81;2550.4;907.41
17.01.2017 22:20;907.59;907.59;907.59;907.59;11.14;10107.4;907.59
17.01.2017 22:21;907.38;907.59;907.38;907.5;3.22;2920.9;907.5
17.01.2017 22:22;907.59;907.59;907.51;907.59;32.35;29361.63;907.59
17.01.2017 22:23;907.59;907.59;907.59;907.59;13.3;12070.95;907.59
17.01.2017 22:24;907.59;907.59;907.55;907.55;39.04;35430.7;907.59
17.01.2017 22:25;907.59;907.59;907.58;907.58;0.07;59.89;907.59
17.01.2017 22:26;907.59;907.59;907.59;907.59;0.03;29.95;907.59
17.01.2017 22:27;907.59;907.59;907.58;907.59;1.6;1449.33;907.59
17.01.2017 22:28;907.59;907.64;906.71;906.71;15.66;14210.39;907.55
17.01.2017 22:29;906.71;906.71;900.1;900.1;36.29;32770.82;902.91
17.01.2017 22:30;902.71;904.26;902.71;903.43;11.78;10641.83;903.46
17.01.2017 22:31;902.93;902.93;902.81;902.81;0.6;541.83;902.83
17.01.2017 22:32;903.03;905.25;902.98;905.15;1.12;1010.69;903.21
17.01.2017 22:33;904.76;906.08;904.76;906.08;0.32;286.1;904.82
17.01.2017 22:34;0;0;0;0;0;0;0
17.01.2017 22:35;0;0;0;0;0;0;0
17.01.2017 22:36;906.38;906.38;906.38;906.38;0.11;96.98;906.38
17.01.2017 22:37;906.28;906.28;906.28;906.28;0.08;67.97;906.28
17.01.2017 22:38;906.51;906.51;906.47;906.47;0.95;857.49;906.47
17.01.2017 22:39;905.65;905.65;905.59;905.59;2.65;2396.8;905.65
17.01.2017 22:40;905.59;906.7;905.59;906.11;2.71;2458.63;905.97
17.01.2017 22:41;906.61;906.61;905.97;905.97;5.36;4855.79;905.99
17.01.2017 22:42;905.99;905.99;904.22;904.22;2.39;2165.74;905.46
17.01.2017 22:43;904.27;905.56;904.27;905.37;1.15;1040.19;904.32
17.01.2017 22:44;0;0;0;0;0;0;0
17.01.2017 22:45;904.91;904.91;903.75;903.75;10.11;9137.5;903.76
17.01.2017 22:46;903.75;904.43;902.66;904.34;2.05;1848.97;902.91
17.01.2017 22:47;903.66;903.79;903.66;903.79;4.04;3649.05;903.76
17.01.2017 22:48;903.79;903.79;902.74;903.79;7.85;7092.6;903.67
17.01.2017 22:49;0;0;0;0;0;0;0
17.01.2017 22:50;0;0;0;0;0;0;0
17.01.2017 22:51;903.78;903.78;903.78;903.78;3.58;3232.09;903.78
17.01.2017 22:52;903.79;904.66;903.72;903.74;3.32;2996.7;903.79
17.01.2017 22:53;903.75;904.99;903.06;904.98;0.12;110.02;904.55
17.01.2017 22:54;904.98;904.99;902.86;904.99;3.55;3207.76;904.68
17.01.2017 22:55;904.99;904.99;903.08;904.99;9.8;8870.59;904.96
17.01.2017 22:56;904.99;904.99;904.99;904.99;2.3;2077.82;904.99
17.01.2017 22:57;0;0;0;0;0;0;0
17.01.2017 22:58;904.99;904.99;904.99;904.99;0.03;29.92;904.99
17.01.2017 22:59;904.99;904.99;904.99;904.99;0.75;679.2;904.99
17.01.2017 23:00;904.99;904.99;904.99;904.99;0.63;569.52;904.99
17.01.2017 23:01;904.99;904.99;904.13;904.13;0.27;246.31;904.91
17.01.2017 23:02;0;0;0;0;0;0;0
17.01.2017 23:03;904.36;904.99;904.36;904.99;1.08;979.18;904.95
17.01.2017 23:04;904.39;905;903.8;905;2.46;2229.39;904.62
17.01.2017 23:05;904.98;904.98;903.54;903.54;12.49;11293.38;903.94
17.01.2017 23:06;903.49;904;902.83;902.83;2.48;2243.75;903
17.01.2017 23:07;0;0;0;0;0;0;0
17.01.2017 23:08;903.96;903.96;903.96;903.96;0.03;29.83;903.96
17.01.2017 23:09;902.09;904.95;902.09;904.95;0.38;345.31;903.8
17.01.2017 23:10;904.95;904.98;903.65;904.98;1.58;1433.27;904.86
17.01.2017 23:11;904.98;904.98;904.98;904.98;0.1;88.69;904.98
17.01.2017 23:12;904.19;905.21;904.19;905.21;18.96;17158.79;905.1
17.01.2017 23:13;904.71;904.92;904.71;904.92;6.96;6298.28;904.88
17.01.2017 23:14;905.09;906.5;905.07;905.14;0.52;472.44;906.04
17.01.2017 23:15;905.18;906.5;905.18;905.36;2;1814.46;906.43
17.01.2017 23:16;906.61;906.61;906.61;906.61;0.38;345.42;906.61
17.01.2017 23:17;906.66;906.74;905.75;905.75;21.07;19102.19;906.67
17.01.2017 23:18;906.03;906.03;906.03;906.03;0.04;36.24;906.03
17.01.2017 23:19;906.7;906.7;906.68;906.68;1.2;1089.38;906.68
17.01.2017 23:20;906.68;906.68;905.66;905.66;7.27;6594.02;906.66
17.01.2017 23:21;905.48;906.08;905.48;906.08;3;2717.97;905.99
17.01.2017 23:22;906.14;906.86;905.51;906.85;23.17;21005.37;906.57
17.01.2017 23:23;906.86;906.86;906.17;906.84;0.13;119.03;906.65
17.01.2017 23:24;906.84;907.08;906.84;907.08;2.59;2352.07;906.91
17.01.2017 23:25;907.08;907.08;906.85;906.85;17.59;15949.5;906.92
17.01.2017 23:26;906.17;906.17;906.08;906.08;4.05;3672.54;906.14
17.01.2017 23:27;0;0;0;0;0;0;0
17.01.2017 23:28;0;0;0;0;0;0;0
17.01.2017 23:29;0;0;0;0;0;0;0
17.01.2017 23:30;907.01;907.01;907.01;907.01;0.08;68.93;907.01
17.01.2017 23:31;907.05;907.05;907.05;907.05;0.19;171.43;907.05
17.01.2017 23:32;906.94;907;906.94;907;0.17;156.91;907
17.01.2017 23:33;907.06;907.06;906.6;906.6;1.93;1751.07;906.82
17.01.2017 23:34;906.6;906.6;906.6;906.6;0.42;381.96;906.6
17.01.2017 23:35;906.14;906.14;906.13;906.13;0.58;525.56;906.13
17.01.2017 23:36;907.08;907.08;906.9;907.07;0.1;87.13;907.05
17.01.2017 23:37;907.07;907.08;907.07;907.08;2.51;2275.53;907.08
17.01.2017 23:38;907.08;907.08;907.06;907.06;0.63;568;907.06
17.01.2017 23:39;906.33;906.6;906.11;906.59;13.79;12492.27;906.19
17.01.2017 23:40;0;0;0;0;0;0;0
17.01.2017 23:41;906.6;906.6;906.15;906.15;0.09;80.22;906.48
17.01.2017 23:42;906.15;906.15;906.11;906.11;6.9;6253.18;906.14
17.01.2017 23:43;905.5;905.5;905.5;905.5;8.88;8044.55;905.5
17.01.2017 23:44;905.5;906.6;905.5;906.6;22;19935.55;906.27
17.01.2017 23:45;906.4;906.6;906.4;906.6;10.2;9247.15;906.4
17.01.2017 23:46;906.37;906.6;906.37;906.6;0.04;34.45;906.54
17.01.2017 23:47;906.6;906.6;906.6;906.6;0.5;456.37;906.6
17.01.2017 23:48;906.6;906.6;906.6;906.6;0.47;429.71;906.6
17.01.2017 23:49;907.08;907.08;907.08;907.08;4.14;3754.99;907.08
17.01.2017 23:50;907.08;907.08;907.08;907.08;0.02;20.86;907.08
17.01.2017 23:51;907.08;907.08;906.6;906.6;4.48;4059.77;906.95
17.01.2017 23:52;905.52;905.52;905.5;905.5;1;905.51;905.51
17.01.2017 23:53;906.5;906.97;905.5;905.51;0.93;844.36;905.64
17.01.2017 23:54;905.5;905.5;905.5;905.5;0.3;271.84;905.5
17.01.2017 23:55;905.5;905.95;905.5;905.53;0.31;278.93;905.58
17.01.2017 23:56;0;0;0;0;0;0;0
17.01.2017 23:57;905.95;905.98;905.95;905.95;8.34;7555.75;905.95
17.01.2017 23:58;905.95;905.95;905.95;905.95;1.44;1300.04;905.95
17.01.2017 23:59;905.95;905.99;905.95;905.99;0.36;322.04;905.98
18.01.2017 00:00;905.95;906.97;905.5;906.97;0.88;795.59;906.5
18.01.2017 00:01;907.08;907.59;907.08;907.59;4.31;3907.08;907.56
18.01.2017 00:02;907.59;907.79;907.59;907.79;9.13;8282.11;907.63
18.01.2017 00:03;907.98;908.11;907.98;908.11;2.62;2376.05;908.04
18.01.2017 00:04;908.03;908.28;908.03;908.28;0.42;383.33;908.1
18.01.2017 00:05;908.28;908.28;908.28;908.28;0.01;9.43;908.28
18.01.2017 00:06;908.14;908.14;907.99;907.99;10.39;9435.28;908.12
18.01.2017 00:07;907.99;908.28;907.99;908.28;7.1;6449.58;908.07
18.01.2017 00:08;908.28;908.28;908.28;908.28;5.75;5223.06;908.28
18.01.2017 00:09;908.28;908.28;908.27;908.27;6.26;5689.87;908.27
18.01.2017 00:10;907.99;907.99;907.99;907.99;0.01;9.08;907.99
18.01.2017 00:11;908.21;908.21;908.21;908.21;0.09;77.2;908.21
18.01.2017 00:12;908.14;908.14;908.14;908.14;0.08;75.38;908.14
18.01.2017 00:13;908.03;908.26;908.03;908.26;0.39;355.04;908.06
18.01.2017 00:14;0;0;0;0;0;0;0
18.01.2017 00:15;908.26;908.26;908.26;908.26;0.18;163.61;908.26
18.01.2017 00:16;908.12;908.12;908.1;908.1;6.83;6199.96;908.11
18.01.2017 00:17;908.11;908.12;908.11;908.12;1.02;929;908.11
18.01.2017 00:18;908.11;908.12;908.11;908.12;0.09;77.45;908.12
18.01.2017 00:19;908.11;908.12;908.11;908.12;6.1;5541.42;908.11
18.01.2017 00:20;908.12;908.12;908.11;908.12;1.86;1693.27;908.11
18.01.2017 00:21;908.11;908.11;908.06;908.06;7.6;6898.01;908.1
18.01.2017 00:22;907.99;908.26;905.99;905.99;17.3;15709.6;907.95
18.01.2017 00:23;907.91;907.91;906.03;907.65;3.49;3160.99;906.88
18.01.2017 00:24;0;0;0;0;0;0;0
18.01.2017 00:25;906.34;906.34;906.34;906.34;0.01;10.03;906.34
18.01.2017 00:26;907.35;907.36;907.35;907.36;0.11;99.81;907.36
18.01.2017 00:27;0;0;0;0;0;0;0
18.01.2017 00:28;907.99;907.99;907.99;907.99;0.03;31.01;907.99
18.01.2017 00:29;906.85;906.85;906.85;906.85;0.03;23.05;906.85
18.01.2017 00:30;907.16;907.16;906.87;907.16;0.58;530.5;907.15
18.01.2017 00:31;906.91;906.91;906.91;906.91;0.07;66.2;906.91
18.01.2017 00:32;907.16;907.16;907.16;907.16;0.09;79.1;907.16
18.01.2017 00:33;907.16;907.16;907.15;907.16;0.36;327.36;907.16
18.01.2017 00:34;907.16;908;907.16;908;0.42;384.96;907.83
18.01.2017 00:35;907.11;907.11;907.11;907.11;0.12;110.18;907.11
18.01.2017 00:36;0;0;0;0;0;0;0
18.01.2017 00:37;908;908;908;908;0.03;25.42;908
18.01.2017 00:38;907.99;908.28;907.99;908.28;10.59;9619.55;908.24
18.01.2017 00:39;908.28;908.28;907.06;907.06;0.4;366.68;907.63
18.01.2017 00:40;907.15;908.22;907.15;908.02;2.93;2659.34;907.22
18.01.2017 00:41;907.52;908.02;907.5;908.02;4.35;3947.85;907.89
18.01.2017 00:42;0;0;0;0;0;0;0
18.01.2017 00:43;907.08;908.28;907.08;908.28;0.36;327.65;907.63
18.01.2017 00:44;907.11;908.27;907.09;908.27;2.73;2474.2;907.15
18.01.2017 00:45;907.17;908.24;907.15;908.24;0.23;212.02;908.13
18.01.2017 00:46;908.24;908.25;908.24;908.25;0.19;172.57;908.25
18.01.2017 00:47;908.25;908.28;908.25;908.28;4.11;3733;908.27
18.01.2017 00:48;908.28;909.5;908.28;909.5;27.25;24764.84;908.9
18.01.2017 00:49;909.5;909.89;909.5;909.89;16.35;14869.28;909.56
18.01.2017 00:50;909.89;910;909.67;910;36.42;33145.46;909.98
18.01.2017 00:51;910;910;909.81;909.81;41.28;37559.8;909.82
18.01.2017 00:52;909.89;910;909.89;909.96;120.24;109415.7;909.99
18.01.2017 00:53;909.91;909.91;907.14;907.64;14.68;13321.69;907.5
18.01.2017 00:54;908.2;908.27;908.2;908.27;1.87;1693.87;908.24
18.01.2017 00:55;908.27;908.27;908.27;908.27;0.05;45.41;908.27
18.01.2017 00:56;908.27;909.37;908.27;909.37;8.65;7862.96;908.7
18.01.2017 00:57;0;0;0;0;0;0;0
18.01.2017 00:58;909.97;909.97;909.97;909.97;0.47;429.81;909.97
18.01.2017 00:59;909.9;910;909.9;910;80;72799.36;909.99
18.01.2017 01:00;910;910;910;910;1.89;1720.03;910
18.01.2017 01:01;910;910;910;910;2;1820;910
18.01.2017 01:02;910;910;910;910;5.49;4993.51;910
18.01.2017 01:03;0;0;0;0;0;0;0
18.01.2017 01:04;0;0;0;0;0;0;0
18.01.2017 01:05;910;910.87;909.91;910.87;34.56;31450.4;910.09
18.01.2017 01:06;910.74;910.87;910.74;910.87;0.5;455.41;910.81
18.01.2017 01:07;909.94;909.94;909.91;909.91;5;4549.57;909.91
18.01.2017 01:08;909.92;910.72;909.92;909.92;11.55;10516.22;910.33
18.01.2017 01:09;910.61;910.84;910.61;910.84;1.46;1330.93;910.77
18.01.2017 01:10;910.88;911.12;910.88;911.12;7.87;7166.44;911.1
18.01.2017 01:11;911.12;912;911.12;912;20.14;18364.19;911.65
18.01.2017 01:12;912;913.02;912;913.02;38.39;35021.18;912.14
18.01.2017 01:13;913.02;913.72;913.02;913.72;5;4565.75;913.15
18.01.2017 01:14;913.71;913.71;913.06;913.71;17.27;15780.6;913.69
18.01.2017 01:15;913.72;914;913.71;913.98;5.51;5037.19;913.92
18.01.2017 01:16;913.86;913.86;913.86;913.86;0.06;55.94;913.86
18.01.2017 01:17;0;0;0;0;0;0;0
18.01.2017 01:18;913.39;914.12;913.21;913.71;53.81;49154.48;913.56
18.01.2017 01:19;913.91;914.3;913.21;914.24;105.37;96289.17;913.83
18.01.2017 01:20;914.24;915.9;914.23;915.9;67.55;61794.86;914.81
18.01.2017 01:21;915.98;915.99;915.49;915.59;3.74;3421.63;915.88
18.01.2017 01:22;915.59;915.59;915.03;915.03;0.24;220.37;915.54
18.01.2017 01:23;914.87;914.87;913.18;913.18;4.36;3981.8;913.52
18.01.2017 01:24;914.34;914.87;914.34;914.87;9;8232.3;914.7
18.01.2017 01:25;914.87;915.38;914.84;914.85;6.1;5580.67;915.05
18.01.2017 01:26;0;0;0;0;0;0;0
18.01.2017 01:27;914.85;914.85;914.18;914.8;14.6;13350.91;914.45
18.01.2017 01:28;914.34;914.34;914.34;914.34;0.2;180.62;914.34
18.01.2017 01:29;914.83;915.79;914.83;915.74;6;5492.03;915.34
18.01.2017 01:30;0;0;0;0;0;0;0
18.01.2017 01:31;914.62;914.62;914.38;914.38;4.54;4155.04;914.44
18.01.2017 01:32;914.38;914.38;913.38;913.38;6.61;6035.08;913.52
18.01.2017 01:33;913.38;914.4;913.38;914.4;3.3;3015.15;913.68
18.01.2017 01:34;914.39;914.84;914.37;914.84;24.38;22297.76;914.42
18.01.2017 01:35;913.46;914.37;913.43;913.87;9.92;9061.47;913.68
18.01.2017 01:36;914.24;914.33;914.06;914.33;24.22;22139.64;914.13
18.01.2017 01:37;913.46;914.35;913.43;914.35;8;7310.22;913.78
18.01.2017 01:38;913.45;913.45;911.31;912.78;26.76;24397.08;911.61
18.01.2017 01:39;912.74;912.74;912.68;912.68;2.07;1887.84;912.7
18.01.2017 01:40;912.25;912.49;912.25;912.49;0.32;287.62;912.32
18.01.2017 01:41;911.45;911.45;911.44;911.44;0.24;223.1;911.45
18.01.2017 01:42;911.45;911.45;909.33;909.33;3.72;3392.46;911.15
18.01.2017 01:43;908.74;908.74;904.78;904.78;22.18;20082.39;905.3
18.01.2017 01:44;903.13;904.06;903.01;904.06;13.53;12221.88;903.32
18.01.2017 01:45;904.65;904.65;904.65;904.65;0.18;166.46;904.65
18.01.2017 01:46;904.07;904.07;902.14;902.8;30.43;27478.44;902.88
18.01.2017 01:47;902.8;903.6;902.8;903.6;5.04;4547.31;902.82
18.01.2017 01:48;903.36;904.52;903.36;904.52;22.1;19976.03;904.09
18.01.2017 01:49;0;0;0;0;0;0;0
18.01.2017 01:50;0;0;0;0;0;0;0
18.01.2017 01:51;905.45;905.45;905.45;905.45;0.04;38.93;905.45
18.01.2017 01:52;904.56;905.87;904.56;904.67;2.85;2579.39;904.75
18.01.2017 01:53;904.16;904.16;900.11;900.74;13.32;12010.82;901.99
18.01.2017 01:54;900.11;900.17;896.4;896.4;55.45;49834.35;898.69
18.01.2017 01:55;897.13;897.13;895;895;25.16;22525.04;895.19
18.01.2017 01:56;895.01;895.01;895;895;64.17;57436.43;895
18.01.2017 01:57;895;895.44;891.52;893.95;66.02;59070.59;894.67
18.01.2017 01:58;891.52;897.66;891.01;891.01;62.59;55993.63;894.63
18.01.2017 01:59;893.91;893.91;891.01;892.9;4.02;3585.14;892.36
18.01.2017 02:00;893.16;893.67;891.36;892.24;12.14;10834.42;892.51
18.01.2017 02:01;892.29;892.29;891.01;891.92;2.01;1797.04;892.04
18.01.2017 02:02;891.07;891.89;891.01;891.04;33.39;29749.68;891.07
18.01.2017 02:03;891.05;893;891.05;891.99;9.67;8627.62;891.94
18.01.2017 02:04;892;892.93;892;892.06;1.75;1561.96;892.61
18.01.2017 02:05;892.83;894.2;892.07;892.07;30.82;27517.99;892.89
18.01.2017 02:06;892.76;892.79;892.72;892.73;1.72;1539.05;892.77
18.01.2017 02:07;892.68;892.68;892.65;892.65;0.35;310.53;892.67
18.01.2017 02:08;892.61;892.65;892.6;892.6;0.52;460.06;892.63
18.01.2017 02:09;892.6;892.61;892.56;892.56;1.51;1350;892.57
18.01.2017 02:10;892.54;894.27;892.09;892.09;7.52;6714.24;893
18.01.2017 02:11;892.31;892.59;892;892;33.57;29948.23;892.06
18.01.2017 02:12;892.45;893.02;891.44;891.45;60.8;54256.85;892.43
18.01.2017 02:13;891.44;891.44;887.97;887.99;49.14;43710.09;889.56
18.01.2017 02:14;887.69;888.73;887.63;888.72;14.42;12802.54;887.99
18.01.2017 02:15;888.72;890.3;888.01;890.29;3.93;3492.86;889.32
18.01.2017 02:16;890.29;891.4;888.91;890.32;19.68;17527.75;890.49
18.01.2017 02:17;889.77;890.25;888.28;890.25;7.08;6289.1;888.6
18.01.2017 02:18;891.18;892;888.51;889.08;2.3;2045.77;890.63
18.01.2017 02:19;890.69;890.69;889.87;889.87;2.62;2334.37;890
18.01.2017 02:20;0;0;0;0;0;0;0
18.01.2017 02:21;889.88;889.88;889.88;889.88;0.02;17.8;889.88
18.01.2017 02:22;890.98;890.98;888;888;0.2;179.42;889.77
18.01.2017 02:23;888.06;889.78;888;888.76;1.87;1659.53;888.57
18.01.2017 02:24;889.84;889.84;889.71;889.71;0.5;445.18;889.75
18.01.2017 02:25;889.61;891.62;889.61;890.38;62.98;56080.08;890.4
18.01.2017 02:26;891.6;892.07;890.6;890.6;0.25;220.24;891.67
18.01.2017 02:27;890.6;890.6;890.38;890.38;0.48;430.95;890.38
18.01.2017 02:28;891.39;891.39;891.14;891.15;4.84;4314.06;891.15
18.01.2017 02:29;891.47;891.47;891.24;891.24;0.09;77.29;891.45
18.01.2017 02:30;891.1;891.1;891.1;891.1;0.04;38.72;891.1
18.01.2017 02:31;890.92;891.51;890.92;891.51;0.1;84.65;891.08
18.01.2017 02:32;891.45;891.45;891.02;891.02;8.12;7237.13;891.44
18.01.2017 02:33;891.31;891.57;891.13;891.57;5.14;4585.02;891.33
18.01.2017 02:34;891.33;891.35;891.33;891.35;0.26;235.31;891.34
18.01.2017 02:35;891.35;891.44;891.34;891.34;7.56;6738.24;891.41
18.01.2017 02:36;891.34;891.34;888.98;888.98;14.61;13019.56;891.02
18.01.2017 02:37;888.98;890.43;888.98;890.43;0.28;245.37;889.03
18.01.2017 02:38;890.93;891.43;890.93;891.43;0.99;878.63;891.19
18.01.2017 02:39;891.44;891.47;891.4;891.44;5.26;4687.84;891.47
18.01.2017 02:40;891.44;891.47;890.99;890.99;20.33;18122.88;891.41
18.01.2017 02:41;891.47;892.18;891.47;892.15;0.22;191.97;892.08
18.01.2017 02:42;892.1;892.22;890.99;891.98;15.28;13631.72;891.94
18.01.2017 02:43;892.01;892.18;892.01;892.02;0.12;108.66;892.08
18.01.2017 02:44;891.96;891.96;891.91;891.91;0.05;48.91;891.93
18.01.2017 02:45;0;0;0;0;0;0;0
18.01.2017 02:46;891.91;891.91;891.91;891.91;0.02;20.61;891.91
18.01.2017 02:47;0;0;0;0;0;0;0
18.01.2017 02:48;891.38;891.38;890.98;890.98;0.64;570.33;891.23
18.01.2017 02:49;0;0;0;0;0;0;0
18.01.2017 02:50;0;0;0;0;0;0;0
18.01.2017 02:51;0;0;0;0;0;0;0
18.01.2017 02:52;891.29;891.29;891.29;891.29;0.02;13.57;891.29
18.01.2017 02:53;891.08;891.12;891.03;891.03;16.85;15009.42;891.03
18.01.2017 02:54;891.22;891.22;891.22;891.22;0.01;4.99;891.22
18.01.2017 02:55;891.03;891.03;890.54;891;8.36;7448.5;890.55
18.01.2017 02:56;890.54;890.54;890.43;890.43;2.11;1881.42;890.54
18.01.2017 02:57;890.71;890.71;889.5;889.5;0.32;281.22;889.94
18.01.2017 02:58;890.54;890.54;890.54;890.54;0.09;80.15;890.54
18.01.2017 02:59;890.27;890.27;890.27;890.27;0.01;11.57;890.27
18.01.2017 03:00;0;0;0;0;0;0;0
18.01.2017 03:01;890.67;891.19;890.67;891.19;6.56;5848.56;891.12
18.01.2017 03:02;891.19;891.19;891.19;891.19;1.05;935.76;891.19
18.01.2017 03:03;891.19;891.19;891.19;891.19;2.39;2129.1;891.19
18.01.2017 03:04;891.19;891.19;891.19;891.19;1.34;1196.93;891.19
18.01.2017 03:05;891.19;892.22;891.19;892.21;3.47;3095.26;891.96
18.01.2017 03:06;891.5;891.5;891.5;891.5;0.22;197.08;891.5
18.01.2017 03:07;892.21;892.22;892.21;892.21;0.2;181.21;892.21
18.01.2017 03:08;892.21;892.21;892.21;892.21;0.1;90.47;892.21
18.01.2017 03:09;892.22;892.22;892.22;892.22;0.28;248.36;892.22
18.01.2017 03:10;0;0;0;0;0;0;0
18.01.2017 03:11;0;0;0;0;0;0;0
18.01.2017 03:12;892.83;892.83;892.83;892.83;1.25;1120.5;892.83
18.01.2017 03:13;893;893.02;893;893.02;1.51;1348.43;893
18.01.2017 03:14;893.26;893.91;893.26;893.91;2.81;2515.49;893.78
18.01.2017 03:15;893.92;893.92;893.91;893.91;0.81;724.46;893.91
18.01.2017 03:16;893.91;893.91;893.91;893.91;1.48;1322.35;893.91
18.01.2017 03:17;893.88;893.88;893.5;893.5;2.67;2388.25;893.6
18.01.2017 03:18;893.33;893.33;893.33;893.33;0.32;285.87;893.33
18.01.2017 03:19;893.33;893.83;893.33;893.83;2.35;2101.29;893.69
18.01.2017 03:20;893.83;893.83;893.81;893.81;5.19;4637.93;893.83
18.01.2017 03:21;0;0;0;0;0;0;0
18.01.2017 03:22;0;0;0;0;0;0;0
18.01.2017 03:23;893.33;893.7;893.33;893.33;9.05;8085.7;893.33
18.01.2017 03:24;892.76;892.76;892.76;892.76;0.04;35.98;892.76
18.01.2017 03:25;0;0;0;0;0;0;0
18.01.2017 03:26;0;0;0;0;0;0;0
18.01.2017 03:27;0;0;0;0;0;0;0
18.01.2017 03:28;0;0;0;0;0;0;0
18.01.2017 03:29;892.96;892.96;892.88;892.88;14.42;12874.75;892.88
18.01.2017 03:30;892.74;893.31;892.74;893.31;3.08;2749.78;893.24
18.01.2017 03:31;893.31;893.31;893.31;893.31;0.16;146.66;893.31
18.01.2017 03:32;893.28;893.28;892.99;892.99;0.75;674.01;893.1
18.01.2017 03:33;892.35;892.35;892.35;892.35;0.09;80.49;892.35
18.01.2017 03:34;892.49;894.19;892.49;894.19;35.46;31690.87;893.7
18.01.2017 03:35;894.3;897.1;894.3;897.1;26.2;23468.4;895.86
18.01.2017 03:36;896.76;896.77;896.76;896.77;0.07;63.13;896.77
18.01.2017 03:37;895.28;895.28;894.17;894.17;0.1;89.44;894.36
18.01.2017 03:38;0;0;0;0;0;0;0
18.01.2017 03:39;895.27;895.27;895.27;895.27;0.01;8.95;895.27
18.01.2017 03:40;0;0;0;0;0;0;0
18.01.2017 03:41;0;0;0;0;0;0;0
18.01.2017 03:42;895.27;895.27;894.85;894.85;0.33;293.71;895.25
18.01.2017 03:43;894.85;894.85;894.18;894.18;0.27;241.71;894.53
18.01.2017 03:44;0;0;0;0;0;0;0
18.01.2017 03:45;0;0;0;0;0;0;0
18.01.2017 03:46;894.12;894.12;894.12;894.12;1.56;1393.04;894.12
18.01.2017 03:47;0;0;0;0;0;0;0
18.01.2017 03:48;894.12;894.12;894.02;894.02;3.1;2771.49;894.03
18.01.2017 03:49;894.59;894.91;894.59;894.91;5.58;4989.02;894.77
18.01.2017 03:50;0;0;0;0;0;0;0
18.01.2017 03:51;0;0;0;0;0;0;0
18.01.2017 03:52;0;0;0;0;0;0;0
18.01.2017 03:53;0;0;0;0;0;0;0
18.01.2017 03:54;894.91;894.91;894.91;894.91;0.04;38.48;894.91
18.01.2017 03:55;894.68;894.68;891;891;13.6;12149.53;893.61
18.01.2017 03:56;892.04;893.18;892.04;892.89;1.03;916.38;893.16
18.01.2017 03:57;893.98;893.98;893.93;893.93;0.04;34.27;893.97
18.01.2017 03:58;0;0;0;0;0;0;0
18.01.2017 03:59;892.94;892.94;892.64;892.64;1.5;1338.18;892.74
18.01.2017 04:00;0;0;0;0;0;0;0
18.01.2017 04:01;893.83;893.83;893.83;893.83;0.01;8.6;893.83
18.01.2017 04:02;893.99;894;893.99;894;3;2682;894
18.01.2017 04:03;894.04;894.97;894.04;894.97;0.03;22.36;894.6
18.01.2017 04:04;894.6;894.6;894;894;8.42;7530.41;894.18
18.01.2017 04:05;894.97;894.97;894.97;894.97;0.18;158.38;894.97
18.01.2017 04:06;894.97;894.97;894.97;894.97;0.06;54.59;894.97
18.01.2017 04:07;894.94;894.94;894.94;894.94;0.02;14.32;894.94
18.01.2017 04:08;0;0;0;0;0;0;0
18.01.2017 04:09;894.73;894.73;894.73;894.73;2.13;1907.82;894.73
18.01.2017 04:10;894.73;894.73;894.73;894.73;0.04;31.32;894.73
18.01.2017 04:11;894.73;894.73;894.73;894.73;0.02;13.42;894.73
18.01.2017 04:12;0;0;0;0;0;0;0
18.01.2017 04:13;0;0;0;0;0;0;0
18.01.2017 04:14;894.66;894.66;894.66;894.66;1.33;1189;894.66
18.01.2017 04:15;894.66;894.89;894.66;894.89;0.69;614.4;894.88
18.01.2017 04:16;0;0;0;0;0;0;0
18.01.2017 04:17;894.85;894.85;894.85;894.85;0.01;11.02;894.85
18.01.2017 04:18;894.89;894.97;894.89;894.97;0.38;342.54;894.96
18.01.2017 04:19;894.86;894.96;894.86;894.96;0.26;229.61;894.93
18.01.2017 04:20;0;0;0;0;0;0;0
18.01.2017 04:21;894.96;894.96;894.66;894.7;4.71;4212.02;894.74
18.01.2017 04:22;894.7;894.72;894.67;894.68;5.91;5283.69;894.69
18.01.2017 04:23;894.68;894.97;894.68;894.68;6.31;5642.33;894.68
18.01.2017 04:24;894.68;894.97;894.67;894.91;11.5;10288.97;894.83
18.01.2017 04:25;894.91;894.91;894.91;894.91;4.1;3668.2;894.91
18.01.2017 04:26;894.92;894.96;894.9;894.93;6.32;5656.76;894.92
18.01.2017 04:27;894.93;894.93;894.9;894.91;6.91;6180.21;894.92
18.01.2017 04:28;894.91;894.97;894.9;894.91;13.29;11897.18;894.94
18.01.2017 04:29;894.91;894.97;894.91;894.92;0.55;489.14;894.96
18.01.2017 04:30;0;0;0;0;0;0;0
18.01.2017 04:31;0;0;0;0;0;0;0
18.01.2017 04:32;894.96;894.96;894.9;894.9;2.85;2553.9;894.91
18.01.2017 04:33;894.96;894.96;894.9;894.9;0.65;582.43;894.92
18.01.2017 04:34;894.9;894.96;894.9;894.96;0.11;99.9;894.91
18.01.2017 04:35;894.96;895.04;894.96;895.04;3.55;3173.03;894.97
18.01.2017 04:36;895.16;895.18;895.16;895.18;2.29;2047.85;895.16
18.01.2017 04:37;895.28;895.28;895.28;895.28;0.01;8.95;895.28
18.01.2017 04:38;896.04;896.28;896.04;896.28;0.02;17.92;896.16
18.01.2017 04:39;896.72;897.58;896.72;897.58;6.17;5533.98;897.51
18.01.2017 04:40;897.6;897.63;896.56;896.56;5.31;4765.36;897.49
18.01.2017 04:41;896.56;896.59;896.52;896.56;4.05;3635.26;896.57
18.01.2017 04:42;896.61;897.95;896.61;897.82;4.01;3601.03;897.61
18.01.2017 04:43;897.43;898.96;897.43;898.96;2.25;2019.27;897.89
18.01.2017 04:44;898.15;898.15;898.11;898.11;0.02;21.56;898.13
18.01.2017 04:45;898.17;898.17;898.17;898.17;0.03;26.05;898.17
18.01.2017 04:46;899;899.15;899;899.1;2.91;2614.55;899.04
18.01.2017 04:47;899.11;899.11;898.7;898.71;2.98;2678.39;898.9
18.01.2017 04:48;898.7;898.71;898.16;898.18;4.04;3629.01;898.24
18.01.2017 04:49;898.21;898.25;898.21;898.25;1.86;1668.02;898.23
18.01.2017 04:50;898.28;899.71;898.22;898.23;2.25;2018.61;898.33
18.01.2017 04:51;898.24;899.89;898.15;898.17;9.23;8296.58;899.11
18.01.2017 04:52;898.17;899;898.15;898.22;5.05;4534.27;898.34
18.01.2017 04:53;898.22;898.31;898.15;898.15;9.55;8573.97;898.21
18.01.2017 04:54;898.15;898.97;898.15;898.32;1.21;1083.06;898.28
18.01.2017 04:55;898.33;898.33;898.32;898.32;0.53;472.52;898.33
18.01.2017 04:56;898.32;898.97;898.32;898.97;8.23;7392.39;898.68
18.01.2017 04:57;898.97;900.73;898.97;900.73;8.81;7922.34;899.48
18.01.2017 04:58;900.73;900.73;899.89;900.08;1.6;1435.7;900.05
18.01.2017 04:59;900.08;900.08;900.08;900.08;0.06;50.89;900.08
18.01.2017 05:00;900.08;900.71;899.05;899.43;8.13;7313.41;899.67
18.01.2017 05:01;899.08;899.26;899.03;899.05;6.23;5598.07;899.2
18.01.2017 05:02;899.06;900.08;899.01;899.01;4.96;4463.77;899.26
18.01.2017 05:03;899.01;899.02;899;899;8.79;7900.1;899.01
18.01.2017 05:04;899;900.22;899;900.22;1.04;932.42;899.05
18.01.2017 05:05;900.5;900.5;899;899;4.26;3833.92;899.02
18.01.2017 05:06;899;899;899;899;3.14;2825.25;899
18.01.2017 05:07;899;899;899;899;0.04;40.08;899
18.01.2017 05:08;0;0;0;0;0;0;0
18.01.2017 05:09;0;0;0;0;0;0;0
18.01.2017 05:10;899.08;899.2;898.97;898.97;11.12;9998.95;899
18.01.2017 05:11;899.17;899.17;899.17;899.17;0.08;74.02;899.17
18.01.2017 05:12;897.72;899.17;897.16;899.17;0.41;366.05;897.53
18.01.2017 05:13;897.55;897.55;897.55;897.55;0.11;100.05;897.55
18.01.2017 05:14;0;0;0;0;0;0;0
18.01.2017 05:15;899.14;899.15;899.14;899.15;0.82;738.17;899.15
18.01.2017 05:16;899.15;899.15;897.67;897.67;0.17;156.58;898.64
18.01.2017 05:17;0;0;0;0;0;0;0
18.01.2017 05:18;898.03;898.03;898.03;898.03;0.02;15.04;898.03
18.01.2017 05:19;898.03;898.03;898.03;898.03;0.16;139.19;898.03
18.01.2017 05:20;0;0;0;0;0;0;0
18.01.2017 05:21;898.01;898.01;898;898;0.22;200.18;898
18.01.2017 05:22;899;899;899;899;0.1;89.9;899
18.01.2017 05:23;0;0;0;0;0;0;0
18.01.2017 05:24;898.05;898.05;898.04;898.04;1.47;1324.38;898.04
18.01.2017 05:25;0;0;0;0;0;0;0
18.01.2017 05:26;898.88;898.88;898.07;898.07;1.24;1115.01;898.65
18.01.2017 05:27;899.15;899.15;898.42;898.42;0.12;104.06;898.97
18.01.2017 05:28;899.15;899.16;899.15;899.16;0.27;242.4;899.16
18.01.2017 05:29;899.16;899.16;899.16;899.16;0.05;45.19;899.16
18.01.2017 05:30;899.16;899.16;899.16;899.16;0.37;329.19;899.16
18.01.2017 05:31;899.17;899.17;899.16;899.17;0.17;151.75;899.16
18.01.2017 05:32;899.16;899.16;899.15;899.15;0.26;236.15;899.15
18.01.2017 05:33;899.17;899.17;899.15;899.15;0.07;66.44;899.15
18.01.2017 05:34;0;0;0;0;0;0;0
18.01.2017 05:35;899.16;899.17;899.16;899.17;0.08;69.62;899.16
18.01.2017 05:36;899.17;899.17;899.17;899.17;0.13;116.34;899.17
18.01.2017 05:37;899.16;899.16;899.16;899.16;0.05;46.83;899.16
18.01.2017 05:38;899.17;899.2;899.17;899.2;1.54;1387.18;899.19
18.01.2017 05:39;0;0;0;0;0;0;0
18.01.2017 05:40;0;0;0;0;0;0;0
18.01.2017 05:41;0;0;0;0;0;0;0
18.01.2017 05:42;899.2;899.2;899.2;899.2;0.01;12.59;899.2
18.01.2017 05:43;899.17;899.17;899.15;899.15;6;5394.91;899.15
18.01.2017 05:44;0;0;0;0;0;0;0
18.01.2017 05:45;899.15;899.15;899.15;899.15;3.96;3560.63;899.15
18.01.2017 05:46;899.15;899.15;899.15;899.15;3;2697.45;899.15
18.01.2017 05:47;899.16;899.16;899.15;899.15;0.23;209.83;899.15
18.01.2017 05:48;0;0;0;0;0;0;0
18.01.2017 05:49;899.16;899.16;899.16;899.16;3;2697.48;899.16
18.01.2017 05:50;0;0;0;0;0;0;0
18.01.2017 05:51;899.16;899.16;899.16;899.16;0.01;4.99;899.16
18.01.2017 05:52;899.16;899.16;899.16;899.16;6.59;5925.86;899.16
18.01.2017 05:53;0;0;0;0;0;0;0
18.01.2017 05:54;899.16;899.16;899.16;899.16;0.18;162.75;899.16
18.01.2017 05:55;899.16;899.16;899.16;899.16;0.13;116.89;899.16
18.01.2017 05:56;899.15;899.16;899.15;899.16;10.02;9008.63;899.16
18.01.2017 05:57;899.15;899.16;899.15;899.16;0.17;151.71;899.16
18.01.2017 05:58;899.15;899.16;899.15;899.16;0.67;601.85;899.16
18.01.2017 05:59;899.18;899.18;899.18;899.18;0.04;31.47;899.18
18.01.2017 06:00;899.19;899.19;899.15;899.16;0.56;501.32;899.16
18.01.2017 06:01;899.15;899.15;899.15;899.15;0.02;14.03;899.15
18.01.2017 06:02;899.16;899.16;899.16;899.16;0.06;55.75;899.16
18.01.2017 06:03;899.15;899.15;899.15;899.15;0.02;20.57;899.15
18.01.2017 06:04;899.15;899.15;899.15;899.15;5.02;4517.35;899.15
18.01.2017 06:05;0;0;0;0;0;0;0
18.01.2017 06:06;0;0;0;0;0;0;0
18.01.2017 06:07;899.16;899.16;899.16;899.16;0.01;8.6;899.16
18.01.2017 06:08;899.16;899.16;899.16;899.16;0.11;94.77;899.16
18.01.2017 06:09;0;0;0;0;0;0;0
18.01.2017 06:10;899.15;899.15;896.82;896.82;5.93;5333.19;899.13
18.01.2017 06:11;896.77;896.77;892;892;27.1;24210.99;893.29
18.01.2017 06:12;891.99;892;891.99;892;9.05;8074.28;892
18.01.2017 06:13;892;892;892;892;1.02;908.06;892
18.01.2017 06:14;891.99;892;891.98;892;7.32;6528.41;892
18.01.2017 06:15;894.71;894.71;894.71;894.71;0.45;400.68;894.71
18.01.2017 06:16;0;0;0;0;0;0;0
18.01.2017 06:17;893.92;893.92;893.92;893.92;0.54;482.79;893.92
18.01.2017 06:18;893.92;895.98;893.92;895.98;0.12;108.69;895.19
18.01.2017 06:19;894.73;895.94;894.11;895.94;0.84;750.59;895.7
18.01.2017 06:20;896.07;896.07;896.01;896.01;0.06;50.3;896.03
18.01.2017 06:21;0;0;0;0;0;0;0
18.01.2017 06:22;896.02;896.02;896.02;896.02;0.1;86.91;896.02
18.01.2017 06:23;896.2;896.2;896.2;896.2;5.75;5155.43;896.2
18.01.2017 06:24;0;0;0;0;0;0;0
18.01.2017 06:25;896.14;896.3;896.14;896.3;1.02;912.87;896.23
18.01.2017 06:26;896.3;896.3;896.3;896.3;0.04;36.61;896.3
18.01.2017 06:27;896.45;896.45;896.3;896.3;10;8963.92;896.39
18.01.2017 06:28;896.72;897.23;896.72;897.23;0.04;36.06;896.98
18.01.2017 06:29;0;0;0;0;0;0;0
18.01.2017 06:30;0;0;0;0;0;0;0
18.01.2017 06:31;0;0;0;0;0;0;0
18.01.2017 06:32;896.31;896.31;896.31;896.31;0.03;30.06;896.31
18.01.2017 06:33;0;0;0;0;0;0;0
18.01.2017 06:34;0;0;0;0;0;0;0
18.01.2017 06:35;0;0;0;0;0;0;0
18.01.2017 06:36;896.32;896.32;896.31;896.31;7.06;6328.96;896.31
18.01.2017 06:37;0;0;0;0;0;0;0
18.01.2017 06:38;896.31;896.31;896.3;896.3;3.6;3226.71;896.31
18.01.2017 06:39;896.3;896.3;896.3;896.3;0.56;500;896.3
18.01.2017 06:40;896.3;896.3;896.3;896.3;1.82;1627.7;896.3
18.01.2017 06:41;0;0;0;0;0;0;0
18.01.2017 06:42;895.73;895.73;895.73;895.73;0.12;107.49;895.73
18.01.2017 06:43;895.38;895.38;895.38;895.38;0.05;40.29;895.38
18.01.2017 06:44;895.38;895.38;895.38;895.38;0.06;49.5;895.38
18.01.2017 06:45;895.38;895.38;894.03;894.03;20;17896.47;894.82
18.01.2017 06:46;0;0;0;0;0;0;0
18.01.2017 06:47;0;0;0;0;0;0;0
18.01.2017 06:48;894.63;894.63;894.63;894.63;0.06;51.98;894.63
18.01.2017 06:49;895.53;895.53;895.53;895.53;0.2;177.18;895.53
18.01.2017 06:50;895.31;895.31;895.31;895.31;0.2;177.14;895.31
18.01.2017 06:51;0;0;0;0;0;0;0
18.01.2017 06:52;893.74;894.8;893.74;894.8;1.02;909.55;894.78
18.01.2017 06:53;894.11;894.11;894.11;894.11;0.04;36.66;894.11
18.01.2017 06:54;895.64;895.64;895.64;895.64;3.34;2995.81;895.64
18.01.2017 06:55;0;0;0;0;0;0;0
18.01.2017 06:56;894.63;894.63;894.63;894.63;0.24;212.79;894.63
18.01.2017 06:57;895;895;895;895;0.03;30;895
18.01.2017 06:58;894.97;894.97;894.97;894.97;0.34;303.11;894.97
18.01.2017 06:59;895;895;895;895;0.07;59.5;895
18.01.2017 07:00;0;0;0;0;0;0;0
18.01.2017 07:01;0;0;0;0;0;0;0
18.01.2017 07:02;0;0;0;0;0;0;0
18.01.2017 07:03;0;0;0;0;0;0;0
18.01.2017 07:04;895.56;895.56;895.22;895.22;0.44;391.73;895.4
18.01.2017 07:05;0;0;0;0;0;0;0
18.01.2017 07:06;895.31;895.6;895.31;895.6;0.41;367.49;895.58
18.01.2017 07:07;895.62;895.71;895.62;895.71;2.03;1816.19;895.71
18.01.2017 07:08;895.71;895.71;895.71;895.71;5.21;4666.65;895.71
18.01.2017 07:09;895.71;896.7;895.71;896.7;13.92;12480.55;896.5
18.01.2017 07:10;896.71;896.85;896.71;896.85;0.4;357.07;896.85
18.01.2017 07:11;896.85;896.85;896.85;896.85;9.61;8620.4;896.85
18.01.2017 07:12;897.25;899.16;897.25;899.16;4.19;3766.17;898.63
18.01.2017 07:13;0;0;0;0;0;0;0
18.01.2017 07:14;898.9;899.14;898.38;899.14;0.64;573.14;898.62
18.01.2017 07:15;899.14;899.14;898.59;898.59;0.29;258.04;898.64
18.01.2017 07:16;898.54;898.54;898.54;898.54;0.46;410.81;898.54
18.01.2017 07:17;898.5;898.5;898.5;898.5;0.05;47.76;898.5
18.01.2017 07:18;898.5;898.5;898.41;898.41;1.14;1025.15;898.48
18.01.2017 07:19;898.41;898.41;898.41;898.41;0.04;39.43;898.41
18.01.2017 07:20;0;0;0;0;0;0;0
18.01.2017 07:21;0;0;0;0;0;0;0
18.01.2017 07:22;898.41;898.41;898.41;898.41;1.2;1078.09;898.41
18.01.2017 07:23;898.41;898.41;898.41;898.41;0.21;189.01;898.41
18.01.2017 07:24;898.42;898.42;898.42;898.42;4;3593.68;898.42
18.01.2017 07:25;898.49;898.49;898.41;898.41;8.02;7207.31;898.41
18.01.2017 07:26;898.41;898.41;898.41;898.41;2.19;1966.86;898.41
18.01.2017 07:27;898.2;898.2;898.2;898.2;0.12;105.32;898.2
18.01.2017 07:28;897.17;897.17;897.17;897.17;0.36;324.76;897.17
18.01.2017 07:29;897.17;897.17;897.17;897.17;1;897.17;897.17
18.01.2017 07:30;897.17;898.39;897.17;898.39;2.56;2301.23;897.37
18.01.2017 07:31;897.19;897.19;897.19;897.19;1.11;992.19;897.19
18.01.2017 07:32;898.02;898.02;898.02;898.02;0.06;50.87;898.02
18.01.2017 07:33;897.64;897.64;897.64;897.64;0.67;598.79;897.64
18.01.2017 07:34;897.16;897.16;896.73;896.73;5.46;4897.14;896.81
18.01.2017 07:35;896.73;896.73;896.7;896.7;10.05;9014.21;896.72
18.01.2017 07:36;896.7;896.71;896.7;896.71;3.93;3523.69;896.71
18.01.2017 07:37;896.7;896.7;896.7;896.7;0.12;104.48;896.7
18.01.2017 07:38;896.7;896.7;896.7;896.7;1.33;1192.21;896.7
18.01.2017 07:39;0;0;0;0;0;0;0
18.01.2017 07:40;893.76;893.83;893.26;893.33;21.57;19273.34;893.72
18.01.2017 07:41;893.33;893.83;891.98;893.68;31.45;28068.8;892.57
18.01.2017 07:42;891.97;892.58;890;892.53;29.93;26678.74;891.42
18.01.2017 07:43;891.53;891.53;891.01;891.01;0.79;704.08;891.35
18.01.2017 07:44;891.42;891.42;890.03;890.13;1.02;904.84;890.17
18.01.2017 07:45;890.54;892.32;890.53;892.29;16.93;15073.37;890.59
18.01.2017 07:46;0;0;0;0;0;0;0
18.01.2017 07:47;891.01;891.01;890.58;890.58;6.01;5355.82;890.61
18.01.2017 07:48;890.94;890.94;890.94;890.94;0.79;705.43;890.94
18.01.2017 07:49;892.62;893.73;892.62;893.73;0.09;75.91;893.11
18.01.2017 07:50;893.38;893.38;893.31;893.31;0.17;148.29;893.33
18.01.2017 07:51;893.01;893.01;893.01;893.01;0.12;108.05;893.01
18.01.2017 07:52;892.16;892.16;892.16;892.16;0.2;175.92;892.16
18.01.2017 07:53;891.35;893.54;891.33;892.18;9.63;8593.64;892.82
18.01.2017 07:54;0;0;0;0;0;0;0
18.01.2017 07:55;894.27;894.27;892.55;892.55;0.94;837.27;893.65
18.01.2017 07:56;893.92;893.92;892.41;892.41;6.55;5853.9;893.92
18.01.2017 07:57;893.68;893.68;893.68;893.68;0.12;103.24;893.68
18.01.2017 07:58;0;0;0;0;0;0;0
18.01.2017 07:59;0;0;0;0;0;0;0
18.01.2017 08:00;892.86;892.86;892.43;892.43;0.63;562.43;892.84
18.01.2017 08:01;892.4;892.4;892.4;892.4;0.03;26.33;892.4
18.01.2017 08:02;892.68;892.68;892.68;892.68;0.07;61.72;892.68
18.01.2017 08:03;893.71;893.71;892.51;892.6;6.27;5600.02;892.63
18.01.2017 08:04;893.43;893.43;892.49;892.49;0.56;496.73;893.02
18.01.2017 08:05;892.56;893.1;892.56;892.56;10.02;8940.56;892.56
18.01.2017 08:06;892.63;892.63;892.63;892.63;0.12;104.9;892.63
18.01.2017 08:07;0;0;0;0;0;0;0
18.01.2017 08:08;893;893;893;893;4.7;4200.72;893
18.01.2017 08:09;893;893;893;893;0.58;514.92;893
18.01.2017 08:10;893;893;890.78;890.78;13.94;12445.48;892.53
18.01.2017 08:11;890.78;890.78;890.5;890.5;0.2;178.15;890.76
18.01.2017 08:12;891.75;891.75;891.75;891.75;3.51;3126.13;891.75
18.01.2017 08:13;890.69;890.69;890.69;890.69;4.04;3598.39;890.69
18.01.2017 08:14;890.7;890.7;890.7;890.7;0.44;394.04;890.7
18.01.2017 08:15;890.71;890.78;890.71;890.78;0.52;467.03;890.71
18.01.2017 08:16;890.74;891.73;890.74;891.73;17.01;15170.09;891.73
18.01.2017 08:17;891.78;891.78;891.78;891.78;0.25;224.05;891.78
18.01.2017 08:18;891.69;892.24;891.54;892.24;11.09;9887.6;891.56
18.01.2017 08:19;0;0;0;0;0;0;0
18.01.2017 08:20;891.05;891.11;891.05;891.11;0.69;611.57;891.05
18.01.2017 08:21;891.01;891.03;890.71;890.72;5.06;4510.76;890.94
18.01.2017 08:22;890.72;892.25;890.71;890.72;9.6;8549.86;890.75
18.01.2017 08:23;890.72;890.95;890.72;890.89;3.1;2765.18;890.88
18.01.2017 08:24;890.89;892.27;890.88;892.27;3.75;3344.42;891.04
18.01.2017 08:25;891.02;892.22;891.01;891.02;5.07;4518.49;891.07
18.01.2017 08:26;891.02;891.51;891.02;891.51;3.56;3171.87;891.23
18.01.2017 08:27;891.51;891.75;891.51;891.51;3.23;2879.63;891.52
18.01.2017 08:28;891.51;891.51;891.01;891.01;3.43;3054.45;891.42
18.01.2017 08:29;891.01;892.18;891.01;891.01;5.64;5027.06;891.02
18.01.2017 08:30;891.01;891.2;891.01;891.01;4.25;3782.5;891.05
18.01.2017 08:31;891.28;892.26;891.28;892.26;3.29;2938.95;892.17
18.01.2017 08:32;892.26;892.26;891.74;891.74;9.76;8705.5;892.09
18.01.2017 08:33;0;0;0;0;0;0;0
18.01.2017 08:34;0;0;0;0;0;0;0
18.01.2017 08:35;0;0;0;0;0;0;0
18.01.2017 08:36;892.24;892.24;892.24;892.24;0.13;118.11;892.24
18.01.2017 08:37;891.15;892.24;891.15;892.24;0.08;75.5;891.9
18.01.2017 08:38;891.2;892.23;891.11;891.11;0.71;632.8;891.19
18.01.2017 08:39;891.12;892.23;891.09;891.09;5.13;4572.19;891.11
18.01.2017 08:40;891.09;891.09;891.09;891.09;3.29;2935.25;891.09
18.01.2017 08:41;891.93;891.93;891.09;891.09;4.09;3642.83;891.76
18.01.2017 08:42;0;0;0;0;0;0;0
18.01.2017 08:43;891.1;891.1;891.1;891.1;0.07;57.92;891.1
18.01.2017 08:44;892.19;892.24;892.19;892.24;2.27;2026.14;892.24
18.01.2017 08:45;892.24;892.24;892.24;892.24;0.2;178.45;892.24
18.01.2017 08:46;892.19;892.19;892.19;892.19;0.02;17.84;892.19
18.01.2017 08:47;892.24;892.24;892.19;892.19;0.4;359.77;892.21
18.01.2017 08:48;892.19;892.24;891;891;12.62;11259.37;891.97
18.01.2017 08:49;891;891;891;891;0.52;465.1;891
18.01.2017 08:50;891.01;892.18;891;891;8.86;7892.34;891.01
18.01.2017 08:51;891;891.26;890.12;891.26;12.67;11283.14;890.7
18.01.2017 08:52;890.12;891.16;890;890;11.08;9863.04;890.07
18.01.2017 08:53;890;890.02;890;890;7.06;6280.69;890
18.01.2017 08:54;890;890.01;890;890;5.49;4889.66;890
18.01.2017 08:55;890;890.01;890;890;8.31;7395.43;890
18.01.2017 08:56;890;890.49;890;890;7.09;6312.7;890.02
18.01.2017 08:57;890;890;887.01;887.02;23.3;20690.37;888.1
18.01.2017 08:58;888.75;888.98;887.19;887.28;5.33;4732.57;888.14
18.01.2017 08:59;887.28;887.28;886.67;886.87;4.43;3931.95;886.83
18.01.2017 09:00;886.84;888.35;886.76;888.35;0.57;502.51;886.81
18.01.2017 09:01;886.99;886.99;886.7;886.71;3.45;3061.37;886.74
18.01.2017 09:02;886.7;886.7;886.7;886.7;0.07;66.01;886.7
18.01.2017 09:03;0;0;0;0;0;0;0
18.01.2017 09:04;887.09;887.37;887.09;887.37;0.71;629.92;887.21
18.01.2017 09:05;888.29;889.23;888.29;889.23;0.03;24.89;888.89
18.01.2017 09:06;888.97;888.97;887.2;887.2;9.14;8116.15;887.59
18.01.2017 09:07;0;0;0;0;0;0;0
18.01.2017 09:08;0;0;0;0;0;0;0
18.01.2017 09:09;887.45;888.75;887.1;888.75;0.2;177.41;887.97
18.01.2017 09:10;887.15;888.68;887.15;888.56;1.49;1323.09;888.26
18.01.2017 09:11;888.47;888.47;887.98;888.07;1.35;1203.62;888.31
18.01.2017 09:12;887.92;887.92;887;887.29;31.72;28135.96;887.14
18.01.2017 09:13;887.03;887.03;887.03;887.03;0.18;159.04;887.03
18.01.2017 09:14;886.92;888.33;886.66;887.4;21.7;19249.46;887.25
18.01.2017 09:15;888.11;888.11;887.4;887.4;6;5326.38;887.4
18.01.2017 09:16;886.87;886.87;884.31;884.99;35.39;31338.62;885.54
18.01.2017 09:17;884.98;885;884.98;885;6.42;5679.46;885
18.01.2017 09:18;885.8;886.01;885.8;886.01;0.59;523.53;885.83
18.01.2017 09:19;886.01;886.01;885;885;1.43;1267.51;885.79
18.01.2017 09:20;885;885;883.02;883.02;4;3538.69;883.76
18.01.2017 09:21;883;883;883;883;3.91;3455.17;883
18.01.2017 09:22;883.03;883.98;883.03;883.98;0.35;313.21;883.07
18.01.2017 09:23;883.13;883.13;882.42;882.42;13.68;12074.21;882.69
18.01.2017 09:24;882.82;883.02;882.82;883;3.85;3402;882.99
18.01.2017 09:25;883.02;883.67;883.02;883.67;0.04;33.26;883.26
18.01.2017 09:26;883.56;884.56;883.56;884.56;63.09;55749.33;883.59
18.01.2017 09:27;884.96;884.96;884.96;884.96;0.01;8.85;884.96
18.01.2017 09:28;885.96;887.16;885.96;887.16;0.56;499.25;887.1
18.01.2017 09:29;887.22;887.22;885.58;885.58;10.35;9182.23;887.09
18.01.2017 09:30;887.24;887.85;885.82;885.82;0.46;408.38;885.86
18.01.2017 09:31;0;0;0;0;0;0;0
18.01.2017 09:32;887.85;887.85;887.85;887.85;1.03;916.26;887.85
18.01.2017 09:33;888.24;888.33;888.24;888.33;3;2669.08;888.33
18.01.2017 09:34;888;888;886.14;887.98;0.72;636.57;887.78
18.01.2017 09:35;888.1;889.17;888.1;889.17;7.08;6285.33;888.34
18.01.2017 09:36;889.17;889.17;889.17;889.17;0.1;88.92;889.17
18.01.2017 09:37;889.16;889.17;889;889;1.56;1385.48;889.06
18.01.2017 09:38;889.17;889.17;889.17;889.17;0.09;82.43;889.17
18.01.2017 09:39;889;889;889;889;20.7;18402.3;889
18.01.2017 09:40;889;889;889;889;0.67;592.46;889
18.01.2017 09:41;889.17;889.17;889.17;889.17;0.52;460.78;889.17
18.01.2017 09:42;889.01;889.17;889.01;889.17;0.08;70.22;889.15
18.01.2017 09:43;889.99;890;889.99;890;3.79;3374.83;890
18.01.2017 09:44;0;0;0;0;0;0;0
18.01.2017 09:45;890.1;890.53;890.1;890.53;5.74;5109.24;890.52
18.01.2017 09:46;890.29;890.29;890.29;890.29;0.29;259.25;890.29
18.01.2017 09:47;0;0;0;0;0;0;0
18.01.2017 09:48;890.29;890.53;890.29;890.53;0.28;252.74;890.34
18.01.2017 09:49;0;0;0;0;0;0;0
18.01.2017 09:50;0;0;0;0;0;0;0
18.01.2017 09:51;890.29;890.29;890.29;890.29;0.12;106.56;890.29
18.01.2017 09:52;890.29;890.29;890.29;890.29;0.01;5.96;890.29
18.01.2017 09:53;0;0;0;0;0;0;0
18.01.2017 09:54;890.31;890.31;890.31;890.31;0.07;63.66;890.31
18.01.2017 09:55;0;0;0;0;0;0;0
18.01.2017 09:56;890.53;890.53;890.31;890.31;0.33;294.72;890.4
18.01.2017 09:57;890.53;890.55;890.53;890.55;5.19;4618.56;890.53
18.01.2017 09:58;891.1;891.1;891.1;891.1;0.01;8.91;891.1
18.01.2017 09:59;891.2;891.24;891.2;891.24;3.3;2939.82;891.24
18.01.2017 10:00;891.26;891.29;891.25;891.29;0.1;87.34;891.26
18.01.2017 10:01;891.35;892.24;891.35;892.21;2.34;2088.38;891.84
18.01.2017 10:02;892.24;892.24;892.24;892.24;0.05;44.61;892.24
18.01.2017 10:03;891.89;891.89;891.89;891.89;0.3;267.57;891.89
18.01.2017 10:04;892.24;892.24;892.24;892.24;14.14;12619.62;892.24
18.01.2017 10:05;892.25;892.26;892.25;892.26;0.9;803.51;892.26
18.01.2017 10:06;892.25;892.68;892.25;892.68;3.3;2945.97;892.37
18.01.2017 10:07;893.13;893.33;893.13;893.33;3.71;3314.14;893.3
18.01.2017 10:08;893.33;893.33;893.33;893.33;2.44;2182.61;893.33
18.01.2017 10:09;893.08;894.02;893.08;894.02;8.97;8014.05;893.67
18.01.2017 10:10;894.23;894.31;894.02;894.02;6.13;5480.3;894.25
18.01.2017 10:11;894.03;894.03;894.03;894.03;0.29;257.48;894.03
18.01.2017 10:12;894.03;895;894.03;895;66;59065.93;894.94
18.01.2017 10:13;893.39;895;893.39;895;11.71;10478.56;894.7
18.01.2017 10:14;895;895;895;895;5.88;5262.01;895
18.01.2017 10:15;0;0;0;0;0;0;0
18.01.2017 10:16;894.76;894.8;894.76;894.8;0.62;550.29;894.77
18.01.2017 10:17;894.78;895;894.68;894.68;0.66;589.82;894.89
18.01.2017 10:18;894.99;894.99;894.99;894.99;0.06;49.88;894.99
18.01.2017 10:19;894.99;894.99;894.99;894.99;0.2;179;894.99
18.01.2017 10:20;894.99;897.87;894.99;897.87;25.06;22452.34;896.12
18.01.2017 10:21;897.88;897.98;896.58;897.93;4.17;3746.61;897.93
18.01.2017 10:22;896.72;897.93;896.43;896.55;4.74;4256.37;897.79
18.01.2017 10:23;896.62;896.65;896.08;896.11;2.46;2202.7;896.5
18.01.2017 10:24;897.48;897.48;897.48;897.48;0.01;10.16;897.48
18.01.2017 10:25;897.31;898.43;897.31;898;70.3;63129.54;897.97
18.01.2017 10:26;898;898;898;898;4.8;4307.71;898
18.01.2017 10:27;898;898;898;898;10.93;9817.05;898
18.01.2017 10:28;898;898;898;898;10.77;9666.97;898
18.01.2017 10:29;898;898;896.59;896.62;6.97;6257.42;897.76
18.01.2017 10:30;896.83;896.83;896.66;896.66;0.23;208.95;896.82
18.01.2017 10:31;896.84;897.98;896.84;897.24;8.17;7327.69;897.23
18.01.2017 10:32;897.27;897.37;896.58;896.58;3.64;3261.78;897.08
18.01.2017 10:33;896.58;896.61;896.38;896.38;16.3;14616.76;896.51
18.01.2017 10:34;896.38;896.38;896.33;896.33;14.58;13068.12;896.37
18.01.2017 10:35;0;0;0;0;0;0;0
18.01.2017 10:36;895.85;896.22;895.85;896.22;0.1;90.27;896.2
18.01.2017 10:37;0;0;0;0;0;0;0
18.01.2017 10:38;896.22;897.13;896.22;897.13;5.16;4631.78;896.99
18.01.2017 10:39;896.25;896.25;896.25;896.25;0.03;29.81;896.25
18.01.2017 10:40;897.13;897.24;897.13;897.24;1.07;959.92;897.16
18.01.2017 10:41;897.16;897.16;897.16;897.16;1.96;1756.41;897.16
18.01.2017 10:42;897.16;897.24;897.16;897.24;4.03;3617.12;897.24
18.01.2017 10:43;897.24;897.24;897.16;897.16;0.93;838.89;897.23
18.01.2017 10:44;897.16;897.16;897.16;897.16;2.22;1991.7;897.16
18.01.2017 10:45;897.16;897.24;897.16;897.24;0.77;687;897.21
18.01.2017 10:46;897.24;897.24;897.24;897.24;2;1794.48;897.24
18.01.2017 10:47;897.24;897.43;897.2;897.43;5.94;5328.84;897.34
18.01.2017 10:48;897.35;897.43;897.35;897.4;0.23;206.83;897.36
18.01.2017 10:49;897.43;897.43;897.43;897.43;5.1;4580.12;897.43
18.01.2017 10:50;897.35;897.35;896.24;896.24;11.15;9998.43;897.12
18.01.2017 10:51;896.24;896.24;892.77;893.15;19.57;17504.44;894.41
18.01.2017 10:52;0;0;0;0;0;0;0
18.01.2017 10:53;893.76;893.76;893.29;893.29;0.07;60.45;893.43
18.01.2017 10:54;893.78;893.78;893.78;893.78;0.09;77.43;893.78
18.01.2017 10:55;893.78;894.82;893.78;894.82;6.06;5413.26;894
18.01.2017 10:56;895;896.58;894.85;895.12;6.16;5512.56;895.2
18.01.2017 10:57;897.13;897.13;897.13;897.13;0.14;128.92;897.13
18.01.2017 10:58;896.29;896.29;896.29;896.29;0.02;14.34;896.29
18.01.2017 10:59;897.24;897.24;896.46;896.46;50.98;45702.91;896.51
18.01.2017 11:00;897.22;897.22;896.24;896.41;6.54;5859.65;896.44
18.01.2017 11:01;896.41;896.41;896.24;896.24;1.25;1121.72;896.3
18.01.2017 11:02;896.11;896.11;896.11;896.11;0.03;22.4;896.11
18.01.2017 11:03;895.25;895.25;895.25;895.25;0.09;77.72;895.25
18.01.2017 11:04;895.25;895.25;895.23;895.25;4.12;3685.9;895.25
18.01.2017 11:05;894.76;894.76;894.76;894.76;0.06;49.31;894.76
18.01.2017 11:06;894.76;894.8;894.76;894.76;2.31;2066.93;894.76
18.01.2017 11:07;894.8;894.8;894.76;894.76;0.23;202.56;894.76
18.01.2017 11:08;894.8;894.8;894.8;894.8;0.01;7.68;894.8
18.01.2017 11:09;0;0;0;0;0;0;0
18.01.2017 11:10;894.76;894.76;894.76;894.76;0.36;322.11;894.76
18.01.2017 11:11;894.8;894.8;894.76;894.76;3.06;2734.5;894.8
18.01.2017 11:12;894.76;894.76;894.76;894.76;0.5;447.38;894.76
18.01.2017 11:13;894.8;894.8;894.8;894.8;3.3;2952.84;894.8
18.01.2017 11:14;894.8;895.25;894.79;894.79;9.5;8499.27;894.86
18.01.2017 11:15;894.83;894.96;894.83;894.96;0.05;47.62;894.92
18.01.2017 11:16;895.25;895.25;895.25;895.25;0.29;260.7;895.25
18.01.2017 11:17;895.25;896.33;895.25;896.33;2.74;2453.56;895.35
18.01.2017 11:18;0;0;0;0;0;0;0
18.01.2017 11:19;895.27;895.27;895.27;895.27;0.23;208.6;895.27
18.01.2017 11:20;894.86;894.97;894.79;894.97;1.65;1477.07;894.91
18.01.2017 11:21;895;895;895;895;0.03;25.67;895
18.01.2017 11:22;895.19;897.24;895.19;895.34;11.34;10175.47;897.11
18.01.2017 11:23;896.05;898.01;896.03;898;8.56;7677.73;897.11
18.01.2017 11:24;898;898;898;898;44.4;39869.55;898
18.01.2017 11:25;898;898.03;898;898;12.66;11370.59;898.01
18.01.2017 11:26;898;898.03;896.44;898.03;2.89;2592.3;897.73
18.01.2017 11:27;896.66;896.7;896.66;896.7;0.26;236.72;896.67
18.01.2017 11:28;896.59;898.01;896.59;898.01;1.31;1173.67;896.85
18.01.2017 11:29;898.01;898.03;896.9;898.03;4.67;4194.82;898.02
18.01.2017 11:30;898.03;898.49;898.03;898.49;3.79;3406.54;898.23
18.01.2017 11:31;898.06;898.06;898.06;898.06;0.1;90.7;898.06
18.01.2017 11:32;898.06;898.06;897.78;897.78;4.57;4104.28;898.01
18.01.2017 11:33;898.46;900.18;898.46;898.73;50.74;45622.94;899.09
18.01.2017 11:34;900;900.59;900;900.59;4.59;4127.77;900.24
18.01.2017 11:35;900.59;900.68;900.59;900.68;0.12;111.61;900.68
18.01.2017 11:36;900.68;900.74;900.01;900.01;2.99;2696.06;900.68
18.01.2017 11:37;900.01;900.01;899.27;899.27;0.35;317.16;899.83
18.01.2017 11:38;899.27;899.27;899.24;899.24;1.11;994.58;899.26
18.01.2017 11:39;899.24;899.27;899.24;899.24;5.76;5175.55;899.24
18.01.2017 11:40;899.24;899.24;899.24;899.24;0.65;583.61;899.24
18.01.2017 11:41;899.27;900.58;899.27;900.56;9.48;8537.71;900.41
18.01.2017 11:42;900.55;900.55;900.18;900.18;5.24;4712.48;900.19
18.01.2017 11:43;900.18;900.57;900.18;900.18;3.28;2949.38;900.34
18.01.2017 11:44;900.18;900.18;899.35;899.39;6.16;5539.36;899.39
18.01.2017 11:45;899.44;899.45;899.36;899.45;7.3;6564.71;899.41
18.01.2017 11:46;899.45;899.45;899.45;899.45;1.86;1669.52;899.45
18.01.2017 11:47;899.45;899.45;899.45;899.45;2.54;2284.02;899.45
18.01.2017 11:48;899.87;899.87;899.85;899.85;0.47;427.33;899.87
18.01.2017 11:49;899.36;899.37;897.89;897.89;10.75;9665.49;899.09
18.01.2017 11:50;897.68;899.18;897.68;897.73;4.64;4167.28;898.32
18.01.2017 11:51;897.75;897.75;897.68;897.68;2.93;2628.61;897.71
18.01.2017 11:52;897.68;897.68;895.28;895.28;1.28;1149.79;896.8
18.01.2017 11:53;895.68;895.68;895.68;895.68;0.03;22.48;895.68
18.01.2017 11:54;895.68;895.79;895.68;895.79;0.18;156.78;895.76
18.01.2017 11:55;896.92;898.76;896.92;898.74;1.44;1292.14;898.72
18.01.2017 11:56;0;0;0;0;0;0;0
18.01.2017 11:57;0;0;0;0;0;0;0
18.01.2017 11:58;896.98;897.05;896.94;896.94;1.87;1674.76;896.98
18.01.2017 11:59;0;0;0;0;0;0;0
18.01.2017 12:00;898.04;898.91;896.23;898.91;2.14;1921.72;898.67
18.01.2017 12:01;896.92;896.99;896.78;896.78;1.58;1413.4;896.83
18.01.2017 12:02;896.82;896.82;895.67;895.67;2.23;1997.59;896.07
18.01.2017 12:03;895.67;895.67;895.67;895.67;0.11;95.12;895.67
18.01.2017 12:04;895.67;895.67;895.67;895.67;0.47;423.65;895.67
18.01.2017 12:05;895.67;895.67;895.67;895.67;1.01;907.31;895.67
18.01.2017 12:06;895.67;895.67;895.67;895.67;0.34;304.86;895.67
18.01.2017 12:07;895.67;896.16;895.67;896.16;0.33;297.42;895.83
18.01.2017 12:08;896.16;896.92;896.16;896.92;4.63;4153.09;896.39
18.01.2017 12:09;897.05;898.17;897.05;897.13;1;898.31;897.11
18.01.2017 12:10;897.13;897.69;897;897.1;46.27;41502.51;897.01
18.01.2017 12:11;897.1;897.1;897;897;1.99;1784.68;897.01
18.01.2017 12:12;897.1;897.1;897.01;897.01;0.12;105.79;897.08
18.01.2017 12:13;897.1;897.1;897.1;897.1;2.36;2120.08;897.1
18.01.2017 12:14;897.1;897.1;897.03;897.03;6.13;5498.01;897.03
18.01.2017 12:15;897.1;897.1;897.03;897.03;3.53;3164.9;897.1
18.01.2017 12:16;897.04;897.04;897.04;897.04;0.01;9.87;897.04
18.01.2017 12:17;897.1;897.1;897.03;897.03;4.84;4339.88;897.04
18.01.2017 12:18;897.03;897.03;897;897;5.19;4658.08;897.03
18.01.2017 12:19;897.03;897.03;895.88;895.88;3.23;2895.9;896.9
18.01.2017 12:20;896.92;896.92;895.45;895.45;0.67;604.27;896.46
18.01.2017 12:21;895.88;896.01;895;895.1;18.27;16359.7;895.4
18.01.2017 12:22;895.14;896.73;895.14;896.73;5.53;4948.98;895.65
18.01.2017 12:23;895.45;896.67;895.42;895.44;2.02;1806.62;895.5
18.01.2017 12:24;895.52;896.51;895.52;896.51;2.16;1933.92;896.49
18.01.2017 12:25;896.99;896.99;896.99;896.99;0.95;849.53;896.99
18.01.2017 12:26;896.99;896.99;896.99;896.99;0.06;49.88;896.99
18.01.2017 12:27;896.99;896.99;896.63;896.99;0.5;446.03;896.98
18.01.2017 12:28;896.99;896.99;896.99;896.99;0.19;172;896.99
18.01.2017 12:29;896.63;896.98;896.61;896.98;4.3;3855.92;896.73
18.01.2017 12:30;896.61;896.61;896.61;896.61;0.03;22.42;896.61
18.01.2017 12:31;896.75;896.96;896.61;896.61;4.03;3613.98;896.78
18.01.2017 12:32;0;0;0;0;0;0;0
18.01.2017 12:33;896.61;896.61;895.12;895.12;13.23;11855.53;896.11
18.01.2017 12:34;895.19;895.19;895.19;895.19;0.04;39.93;895.19
18.01.2017 12:35;895.25;895.25;895.25;895.25;0.02;14.32;895.25
18.01.2017 12:36;0;0;0;0;0;0;0
18.01.2017 12:37;896;896.08;895.47;896.08;12.21;10935.36;895.88
18.01.2017 12:38;895.52;895.52;895.39;895.39;0.52;466.5;895.4
18.01.2017 12:39;895.44;895.46;895.19;895.19;4.52;4042.55;895.21
18.01.2017 12:40;895.45;895.45;892.66;892.66;39.88;35671.77;894.48
18.01.2017 12:41;894.14;894.14;894.14;894.14;0.01;8.94;894.14
18.01.2017 12:42;894.18;895.73;894.18;895.73;0.16;143.16;895.6
18.01.2017 12:43;895.7;895.7;894.32;894.32;2.53;2268.07;895.41
18.01.2017 12:44;0;0;0;0;0;0;0
18.01.2017 12:45;895.24;895.24;895.24;895.24;0.04;33.52;895.24
18.01.2017 12:46;0;0;0;0;0;0;0
18.01.2017 12:47;894.63;894.97;894.63;894.68;10.91;9761.18;894.9
18.01.2017 12:48;895;895;894.98;895;1.02;916.09;895
18.01.2017 12:49;894.99;894.99;894.99;894.99;1.51;1351.97;894.99
18.01.2017 12:50;0;0;0;0;0;0;0
18.01.2017 12:51;895;895;894.98;894.98;5.16;4613.85;895
18.01.2017 12:52;894.98;894.98;894.98;894.98;0.03;23.12;894.98
18.01.2017 12:53;894.92;894.92;894.45;894.47;2.51;2250.42;894.83
18.01.2017 12:54;894.93;894.93;894.44;894.44;0.6;536.68;894.52
18.01.2017 12:55;894.5;895.64;894.5;894.59;1.44;1288.9;894.54
18.01.2017 12:56;0;0;0;0;0;0;0
18.01.2017 12:57;895.52;895.52;895.52;895.52;0.05;48.85;895.52
18.01.2017 12:58;895.75;895.75;895.75;895.75;0.2;180.96;895.75
18.01.2017 12:59;0;0;0;0;0;0;0
18.01.2017 13:00;895.77;895.77;895.56;895.77;2.28;2044.64;895.58
18.01.2017 13:01;895.77;895.77;895.77;895.77;0.1;89.58;895.77
18.01.2017 13:02;895.56;895.79;895.56;895.79;1;895.05;895.77
18.01.2017 13:03;895.78;895.79;895.78;895.79;0.33;296.65;895.79
18.01.2017 13:04;895.78;895.78;895.78;895.78;0.15;134.37;895.78
18.01.2017 13:05;895.78;895.79;895.78;895.79;0.24;213.7;895.79
18.01.2017 13:06;895.78;895.78;895.78;895.78;7.12;6379.12;895.78
18.01.2017 13:07;895.78;895.79;892.36;892.36;8.87;7932.88;893.97
18.01.2017 13:08;892.24;892.24;889.1;890.11;27.88;24801.98;889.75
18.01.2017 13:09;891.02;891.02;891.02;891.02;6;5346.12;891.02
18.01.2017 13:10;891.09;892.06;891.09;892.06;0.01;12.48;891.37
18.01.2017 13:11;890.7;890.7;887.75;887.75;7.04;6257.9;888.55
18.01.2017 13:12;888.9;889.93;888.79;889.93;2.37;2109.9;889.34
18.01.2017 13:13;0;0;0;0;0;0;0
18.01.2017 13:14;890.54;890.6;890.34;890.6;42.29;37662.48;890.6
18.01.2017 13:15;890.21;890.21;890.21;890.21;0.25;226.11;890.21
18.01.2017 13:16;890.92;891.63;890.92;891.63;1.97;1756.86;891.45
18.01.2017 13:17;890.21;890.21;889.94;889.94;3.3;2939.59;889.96
18.01.2017 13:18;891.63;891.63;887.01;887.01;22.05;19586.7;888.34
18.01.2017 13:19;887;887;883;883;30.15;26690.89;885.34
18.01.2017 13:20;883;883.15;880.99;880.99;66.49;58647.73;882.05
18.01.2017 13:21;880.99;882.99;880.99;881.01;10.32;9110.36;882.39
18.01.2017 13:22;881.02;882.94;879.27;879.27;86.66;76321.25;880.71
18.01.2017 13:23;879.12;880.46;877;878.12;25.17;22111.78;878.38
18.01.2017 13:24;880.35;880.35;877;877.01;27.21;23889.65;877.82
18.01.2017 13:25;877.04;878;877.01;877.99;24.09;21127.44;877.15
18.01.2017 13:26;878;878.48;868;871.96;229.77;200254.56;871.55
18.01.2017 13:27;871.47;874.98;869.1;874.98;196.68;171505.46;872
18.01.2017 13:28;874.59;877;869.63;869.63;109.04;95420.72;875.11
18.01.2017 13:29;873.92;873.92;870.24;870.68;8.47;7387.85;872.54
18.01.2017 13:30;870.68;872.67;869.67;871.49;22.98;19999.6;870.29
18.01.2017 13:31;871.49;875.34;871.49;873.97;5.59;4871.52;872.18
18.01.2017 13:32;874.05;877.38;874;877.38;6.79;5956.52;877.11
18.01.2017 13:33;877.37;879.98;877.03;877.03;37.44;32887.56;878.49
18.01.2017 13:34;875.06;878.74;875;876.01;32.17;28157.09;875.26
18.01.2017 13:35;876.02;877.93;875.99;876.01;24.17;21175.69;876.01
18.01.2017 13:36;875.08;875.91;865.17;865.17;137.7;119819.58;870.13
18.01.2017 13:37;865.17;865.62;859;863.95;268.62;231386.25;861.37
18.01.2017 13:38;863.55;864.99;857.35;861.53;205.49;176748.51;860.15
18.01.2017 13:39;858.51;861.53;856;858.08;125.29;107407.18;857.26
18.01.2017 13:40;858.09;858.99;856.55;857;69.69;59782.1;857.84
18.01.2017 13:41;856.78;859.48;856;857.17;67.88;58147.43;856.6
18.01.2017 13:42;857.17;860;856.82;857.03;21.44;18402.92;858.41
18.01.2017 13:43;858.99;860;857;859.99;21.97;18866.39;858.67
18.01.2017 13:44;859.99;860.67;857.87;860.67;16.05;13788.56;859.27
18.01.2017 13:45;859.98;863.62;859.98;861.01;49.85;43005.28;862.69
18.01.2017 13:46;861;863.25;860.66;860.86;11.26;9708.79;862.03
18.01.2017 13:47;860.87;863.56;860.85;863.46;1.85;1597.77;862.33
18.01.2017 13:48;863.42;864.47;862.1;863.09;7.2;6223.97;864.12
18.01.2017 13:49;864.47;864.51;863;863.06;17.45;15060.96;863.19
18.01.2017 13:50;864.49;865.86;862.1;865;28.23;24384.37;863.7
18.01.2017 13:51;863.76;864.98;861;864.98;1.65;1425.46;864.15
18.01.2017 13:52;863.98;865.85;862.08;864.91;6.76;5844.88;864.1
18.01.2017 13:53;864;864;860.67;860.67;12.89;11096.99;861.12
18.01.2017 13:54;863.7;863.7;860.67;862.96;12.67;10913.39;861.23
18.01.2017 13:55;862.35;862.96;861.54;862.96;3.02;2604.26;862.35
18.01.2017 13:56;862.03;862.74;862.03;862.74;12.66;10911.82;862.24
18.01.2017 13:57;862.74;864.92;862.74;863.92;0.49;423.69;863.7
18.01.2017 13:58;863.93;865.86;862.99;863;5.67;4903.12;864.24
18.01.2017 13:59;862.99;862.99;862.99;862.99;0.25;216.17;862.99
18.01.2017 14:00;864.48;866.82;864.48;866.82;16.14;13967.59;865.28
18.01.2017 14:01;865.86;866.03;864.48;865.23;17.23;14899.89;864.71
18.01.2017 14:02;864.48;865;862.74;862.74;30.7;26511.94;863.63
18.01.2017 14:03;862.74;862.74;857.8;859.98;59.48;51188.16;860.6
18.01.2017 14:04;858.03;858.66;855.35;855.7;52.06;44575.71;856.22
18.01.2017 14:05;855.7;855.7;853;853.97;236.98;202515.98;854.59
18.01.2017 14:06;854.02;854.72;853;853;44.45;37942.98;853.52
18.01.2017 14:07;852.7;852.98;851.74;852;119.05;101437.54;852.05
18.01.2017 14:08;852;855;852;855;30.43;25983.94;853.79
18.01.2017 14:09;854.99;855.4;853.98;854;63.85;54545.79;854.34
18.01.2017 14:10;854;855.99;854;855.99;24.94;21295.57;854
18.01.2017 14:11;854.96;855.99;854.61;854.82;3.93;3361.52;855.87
18.01.2017 14:12;855.99;856;855.99;856;3.69;3160.35;856
18.01.2017 14:13;855.06;856;855.06;855.38;21.09;18047.49;855.68
18.01.2017 14:14;856.07;858.09;854.8;854.8;37.44;32060.4;856.38
18.01.2017 14:15;856.93;856.93;855;856.83;1.21;1031.94;855.32
18.01.2017 14:16;856.74;856.75;855.99;855.99;1.37;1175.66;856.57
18.01.2017 14:17;855.98;855.98;855.97;855.98;1.06;909.88;855.98
18.01.2017 14:18;855.98;858.09;855.98;857;37.85;32448.63;857.39
18.01.2017 14:19;856.08;856.08;854.8;855.98;19.82;16958.01;855.48
18.01.2017 14:20;855.98;855.98;855.98;855.98;25.68;21980.17;855.98
18.01.2017 14:21;855.98;858.09;855.98;858.09;4.3;3684.45;856.34
18.01.2017 14:22;858.09;858.09;857.07;858.09;17.08;14653.64;858.09
18.01.2017 14:23;858.09;859.15;856.97;859.15;7.16;6146.79;858.06
18.01.2017 14:24;859.39;859.39;857.1;857.76;13.34;11444.5;857.89
18.01.2017 14:25;857.3;857.95;855.97;855.97;86.22;73856.19;856.59
18.01.2017 14:26;857.93;857.93;855.98;857.09;2.2;1886.9;857.58
18.01.2017 14:27;857.07;857.07;852.4;852.4;13.08;11181.51;854.78
18.01.2017 14:28;856.66;856.66;852.53;855.66;7.35;6278.29;854.4
18.01.2017 14:29;854.98;854.98;852.7;854.59;4.86;4150.44;854.35
18.01.2017 14:30;853.58;853.58;852.34;853.15;13.74;11720.95;853.02
18.01.2017 14:31;853.11;854.14;852;853.14;39.67;33814.38;852.37
18.01.2017 14:32;853.71;854.11;852;854.08;80.9;68937.08;852.1
18.01.2017 14:33;853.96;854.9;853.96;854.9;22.56;19281.93;854.83
18.01.2017 14:34;854.91;857.39;854.91;857.39;0.32;276.13;855.45
18.01.2017 14:35;857.97;857.97;857.97;857.97;0.41;354.91;857.97
18.01.2017 14:36;857.81;857.98;857.81;857.98;1.77;1520;857.96
18.01.2017 14:37;857.97;857.97;857.17;857.79;8.09;6936.08;857.8
18.01.2017 14:38;857.78;857.79;857.74;857.79;3.12;2675.83;857.78
18.01.2017 14:39;857.79;857.98;857.79;857.98;3.21;2749.85;857.83
18.01.2017 14:40;857.98;857.98;854.15;855.8;41.06;35108.74;855.1
18.01.2017 14:41;855.8;857.98;855.8;857.42;34.73;29737.71;856.32
18.01.2017 14:42;857.43;857.98;855.82;856.01;14.63;12545.3;857.45
18.01.2017 14:43;857.95;858.92;855.86;858.92;10.8;9251.91;857.03
18.01.2017 14:44;859.02;863.63;859.02;859.46;37.58;32344.62;860.79
18.01.2017 14:45;859.89;862.88;859.02;859.49;28.82;24771.32;859.65
18.01.2017 14:46;859.66;862.99;859.66;859.68;29.46;25416.02;862.66
18.01.2017 14:47;860.61;862.56;860.61;862.56;0.44;381.76;861.02
18.01.2017 14:48;861.04;863.63;861.04;862.98;9.74;8403.09;862.88
18.01.2017 14:49;862.61;863;862;862;1.54;1324.52;862.58
18.01.2017 14:50;862.63;863;861.63;862.99;7.43;6407.28;862.69
18.01.2017 14:51;861.64;862.99;861.63;861.69;2.52;2174.98;862.3
18.01.2017 14:52;861.7;861.74;861.63;861.63;1.88;1622.61;861.72
18.01.2017 14:53;861.63;863;860.34;861.75;1.45;1246.92;862.61
18.01.2017 14:54;861.83;866;861.83;866;32.88;28440.24;864.88
18.01.2017 14:55;864.06;865.96;862.59;862.66;10.43;9003;862.9
18.01.2017 14:56;865.64;865.64;862.69;864.82;103.51;89410.39;863.78
18.01.2017 14:57;863.01;864.97;863.01;864.01;0.96;829.72;864.18
18.01.2017 14:58;864.89;866.02;864.89;865.96;8.8;7611.14;865.09
18.01.2017 14:59;865.96;867.39;865;865.03;9.12;7895.06;865.64
18.01.2017 15:00;865.03;867.92;865.03;866;24.29;21033.69;866.02
18.01.2017 15:01;866;866.63;865;866;27.46;23755.83;865.12
18.01.2017 15:02;866.62;866.62;866;866;1.05;913.13;866.02
18.01.2017 15:03;866;866;865;865.02;15.26;13199.98;865.08
18.01.2017 15:04;865.99;866.8;865.99;866.02;1.36;1178.76;866.17
18.01.2017 15:05;866;867;866;867;2.67;2311.28;866.78
18.01.2017 15:06;867.03;872;867.03;869.98;18.2;15827.69;869.82
18.01.2017 15:07;869.97;871;867.44;867.44;5.27;4586.27;869.95
18.01.2017 15:08;869.01;869.01;869.01;869.01;0.24;207.91;869.01
18.01.2017 15:09;868.98;869.98;868.98;869.98;2.67;2317.95;869.08
18.01.2017 15:10;870;871.61;869.98;870;26.42;22990.81;870.17
18.01.2017 15:11;871.49;871.62;870;870;14;12181.32;870.33
18.01.2017 15:12;870;871.58;870;871.3;20.27;17639.48;870.17
18.01.2017 15:13;870;871.18;869.02;871.18;6.42;5587.83;869.79
18.01.2017 15:14;870.98;871;870.98;871;1.37;1195.12;870.99
18.01.2017 15:15;0;0;0;0;0;0;0
18.01.2017 15:16;871;871.01;869.03;869.12;26.01;22633.18;870.33
18.01.2017 15:17;871.13;871.13;869.13;870.86;1.47;1275.79;869.97
18.01.2017 15:18;870.81;871.62;870.79;871.62;24.92;21708.16;871.17
18.01.2017 15:19;870.83;871.61;870;870;5.65;4919.96;871.04
18.01.2017 15:20;871.58;871.58;869.25;869.25;9.49;8254.89;869.89
18.01.2017 15:21;869.25;869.25;869.25;869.25;2;1738.5;869.25
18.01.2017 15:22;871.19;871.19;869.25;869.25;0.31;268.75;870.18
18.01.2017 15:23;870.86;870.86;870.78;870.78;0.11;94.01;870.8
18.01.2017 15:24;869.52;870.7;869.52;870.7;0.39;338.22;869.66
18.01.2017 15:25;870.02;870.7;870.02;870.67;0.12;103.74;870.28
18.01.2017 15:26;870.64;870.64;870.02;870.02;3.67;3197.16;870.2
18.01.2017 15:27;870.91;871.2;870.91;871.2;0.93;809.21;871.06
18.01.2017 15:28;871.62;871.62;871.62;871.62;0.24;210.9;871.62
18.01.2017 15:29;871.62;871.62;871.55;871.55;5.99;5224.58;871.57
18.01.2017 15:30;871.91;873.99;871.91;873.99;3.62;3163.64;873
18.01.2017 15:31;874.99;875.01;874.99;874.99;16.81;14705.61;874.99
18.01.2017 15:32;875.12;877;874.99;877;14.57;12765.11;876.08
18.01.2017 15:33;877.99;877.99;877.99;877.99;5.43;4771.09;877.99
18.01.2017 15:34;877.64;881.67;877.2;880.02;48.47;42592.62;878.83
18.01.2017 15:35;880.02;880.02;880;880;28;24637.39;880
18.01.2017 15:36;880.87;880.87;880;880;68.48;60260.19;880.02
18.01.2017 15:37;880;880.57;880;880;17.16;15104.89;880.03
18.01.2017 15:38;880;881;877.5;877.5;70.25;61843.35;880.36
18.01.2017 15:39;877.5;880.67;877.5;877.5;1.95;1711.98;877.63
18.01.2017 15:40;877.5;879.76;877.5;877.5;12.43;10908.82;877.68
18.01.2017 15:41;877.5;877.5;877.5;877.5;0.91;798.51;877.5
18.01.2017 15:42;878.59;878.78;877.03;878.78;10.25;9000.73;877.75
18.01.2017 15:43;877.51;877.51;877.51;877.51;0.05;47.91;877.51
18.01.2017 15:44;877.51;877.51;877.03;877.03;8;7016.36;877.05
18.01.2017 15:45;877.51;877.51;876.01;876.97;11.41;10011.43;877.48
18.01.2017 15:46;0;0;0;0;0;0;0
18.01.2017 15:47;875.99;875.99;874.99;874.99;31.02;27144.91;875.08
18.01.2017 15:48;874;875;872.72;875;4.13;3610.67;873.94
18.01.2017 15:49;874.01;875.93;874.01;875.93;6.54;5730.69;875.79
18.01.2017 15:50;875.01;875.93;875.01;875.93;2.54;2221.12;875.43
18.01.2017 15:51;875.15;875.15;874.07;874.07;0.5;437.3;874.6
18.01.2017 15:52;875.16;875.88;873.08;873.69;9.23;8080.72;875.36
18.01.2017 15:53;874.97;875;874.01;875;6.72;5877.09;874.23
18.01.2017 15:54;873.97;874.2;873.97;874.2;0.84;734.26;874.11
18.01.2017 15:55;874.06;874.5;874.06;874.06;0.46;405.9;874.08
18.01.2017 15:56;874.5;874.5;874;874.5;24.08;21060.14;874.48
18.01.2017 15:57;874;874.5;874;874.5;30.01;26245.1;874.5
18.01.2017 15:58;874.5;874.5;874.5;874.5;14.26;12470.37;874.5
18.01.2017 15:59;0;0;0;0;0;0;0
18.01.2017 16:00;874.03;875;874.03;874.04;26.34;23035.27;874.53
18.01.2017 16:01;874.52;874.52;873.97;873.97;4.28;3743.39;873.98
18.01.2017 16:02;874;874;874;874;19.9;17392.6;874
18.01.2017 16:03;873.97;874;873.97;874;0.09;74.38;873.99
18.01.2017 16:04;874.48;875;874.48;874.99;24.71;21619.71;874.92
18.01.2017 16:05;874.99;875;874.99;875;10.06;8802.5;875
18.01.2017 16:06;875;875;875;875;0.08;71.3;875
18.01.2017 16:07;875;875;875;875;40;35000;875
18.01.2017 16:08;875;876;875;876;2.84;2488.91;875.81
18.01.2017 16:09;876;876;876;876;1.11;975.26;876
18.01.2017 16:10;875.54;876;875.54;876;12.67;11099.82;875.96
18.01.2017 16:11;0;0;0;0;0;0;0
18.01.2017 16:12;876.19;876.43;876.19;876.43;0.35;302.95;876.27
18.01.2017 16:13;876.43;876.43;876.43;876.43;0.08;72.68;876.43
18.01.2017 16:14;876.43;876.47;876;876;20.05;17563.49;876.07
18.01.2017 16:15;876.5;876.5;876.43;876.43;7.05;6182.43;876.47
18.01.2017 16:16;876.43;876.43;876.43;876.43;1.65;1446.26;876.43
18.01.2017 16:17;876.43;876.43;876.43;876.43;0.65;565.86;876.43
18.01.2017 16:18;876.44;876.44;876.44;876.44;0.05;43.16;876.44
18.01.2017 16:19;876.43;876.48;876;876;15.07;13200.76;876.21
18.01.2017 16:20;875.45;875.95;875.44;875.44;4.08;3569.13;875.57
18.01.2017 16:21;875.93;875.93;875.44;875.44;10.92;9562.73;875.64
18.01.2017 16:22;875.36;875.36;874.99;874.99;1.52;1330.83;875.28
18.01.2017 16:23;874.98;874.98;874;874;5.33;4656.82;874.16
18.01.2017 16:24;873.98;873.98;873.96;873.96;0.03;26.22;873.97
18.01.2017 16:25;872.98;873;872;872.99;7.52;6565.26;872.79
18.01.2017 16:26;872.99;872.99;872;872.11;6.97;6083.14;872.7
18.01.2017 16:27;872.02;873.87;872.01;873.87;15.67;13686.11;873.28
18.01.2017 16:28;872.1;873.87;872.05;873.87;35.03;30548.43;872.08
18.01.2017 16:29;872.67;873.69;872.05;873.69;11.05;9638.2;872.24
18.01.2017 16:30;872.68;872.97;872.68;872.97;0.22;192.3;872.93
18.01.2017 16:31;0;0;0;0;0;0;0
18.01.2017 16:32;872.97;873.87;872.97;873.02;8.9;7767.25;873.02
18.01.2017 16:33;873.78;873.78;873.68;873.69;6.17;5386.53;873.69
18.01.2017 16:34;873.49;873.49;873.49;873.49;0.04;36.91;873.49
18.01.2017 16:35;873.49;875.37;873.49;875.37;60.35;52712.95;873.5
18.01.2017 16:36;873.01;873.01;873.01;873.01;0.01;10.03;873.01
18.01.2017 16:37;874.79;874.79;874.79;874.79;0.34;301.64;874.79
18.01.2017 16:38;0;0;0;0;0;0;0
18.01.2017 16:39;873.12;873.13;873.12;873.12;0.23;202;873.13
18.01.2017 16:40;874.93;874.94;872.12;872.12;27.65;24139.22;872.89
18.01.2017 16:41;872.06;872.13;872.05;872.13;5.93;5169.57;872.11
18.01.2017 16:42;872.07;872.07;872.07;872.07;50;43599.14;872.07
18.01.2017 16:43;872.84;872.84;872.21;872.7;56.4;49218.66;872.7
18.01.2017 16:44;872.21;872.21;872.05;872.05;5.82;5075.7;872.06
18.01.2017 16:45;873.45;873.45;873.45;873.45;0.29;251.55;873.45
18.01.2017 16:46;873.11;873.2;873.11;873.2;0.09;80.33;873.19
18.01.2017 16:47;873.46;873.46;873.46;873.46;0.1;85.19;873.46
18.01.2017 16:48;0;0;0;0;0;0;0
18.01.2017 16:49;873.22;873.22;873.22;873.22;1.88;1643.31;873.22
18.01.2017 16:50;873.24;873.24;873.24;873.24;0.03;25.06;873.24
18.01.2017 16:51;873.24;873.24;873.24;873.24;1;873.24;873.24
18.01.2017 16:52;873.46;873.46;873.22;873.22;0.07;63.96;873.28
18.01.2017 16:53;873.46;873.46;873.46;873.46;0.15;127.8;873.46
18.01.2017 16:54;873.46;873.46;873.46;873.46;1.09;949.87;873.46
18.01.2017 16:55;873.45;873.51;873.45;873.51;18.2;15897.36;873.48
18.01.2017 16:56;873.24;873.24;873.22;873.22;4.92;4296.42;873.22
18.01.2017 16:57;873.22;873.46;873.21;873.21;26.06;22760.32;873.33
18.01.2017 16:58;873.21;873.21;873.21;873.21;0.25;221.8;873.21
18.01.2017 16:59;873.19;873.19;872.51;872.51;9.88;8623.01;872.51
18.01.2017 17:00;873.19;873.19;873.19;873.19;0.1;87.32;873.19
18.01.2017 17:01;873.19;873.24;873.13;873.24;3.21;2804.79;873.22
18.01.2017 17:02;872.5;872.5;872;872;11.42;9958.23;872.1
18.01.2017 17:03;872;872;872;872;12.59;10974.68;872
18.01.2017 17:04;872.62;872.62;870.9;872;16.85;14695.41;871.99
18.01.2017 17:05;871.99;871.99;867.55;867.99;180.23;156648.73;869.18
18.01.2017 17:06;868;868;867.45;867.45;0.35;300.13;867.65
18.01.2017 17:07;868.96;870.75;867.45;867.96;1.68;1461.79;869.49
18.01.2017 17:08;870.43;870.43;870.42;870.42;0.38;331.58;870.42
18.01.2017 17:09;870.32;870.32;870.32;870.32;0.19;162.22;870.32
18.01.2017 17:10;869;869;867.67;867.67;0.11;92.28;868.8
18.01.2017 17:11;868.99;870.98;868.99;869.11;0.12;103.73;869.38
18.01.2017 17:12;870.91;870.91;869.61;869.61;0.34;296.41;869.73
18.01.2017 17:13;0;0;0;0;0;0;0
18.01.2017 17:14;869.73;870.97;869.73;870.96;0.24;210.74;870.91
18.01.2017 17:15;870.96;871.01;870.96;871.01;0.28;243.3;870.98
18.01.2017 17:16;870.09;870.09;870.09;870.09;1.65;1439.12;870.09
18.01.2017 17:17;871.01;872.57;871.01;872.57;2.25;1962.24;871.07
18.01.2017 17:18;872.57;872.57;872.57;872.57;0.37;318.7;872.57
18.01.2017 17:19;872.57;872.57;872.57;872.57;3.44;3000.18;872.57
18.01.2017 17:20;0;0;0;0;0;0;0
18.01.2017 17:21;872.57;872.57;872.57;872.57;0.53;466.07;872.57
18.01.2017 17:22;872.57;872.57;872.57;872.57;3.96;3453.63;872.57
18.01.2017 17:23;872.57;872.57;872.47;872.57;61.62;53764.16;872.47
18.01.2017 17:24;872.99;873.42;872.99;873.42;0.03;22.85;873.26
18.01.2017 17:25;873.44;873.44;872.91;872.99;7.41;6467.98;873.16
18.01.2017 17:26;872.91;872.99;872.91;872.91;6.08;5308.01;872.91
18.01.2017 17:27;872.97;876.01;872.95;876.01;26.16;22858.85;873.82
18.01.2017 17:28;875.96;875.96;875.96;875.96;0.02;20.63;875.96
18.01.2017 17:29;874.2;874.2;874.2;874.2;1;874.2;874.2
18.01.2017 17:30;874.32;876.13;874.32;876.13;0.85;747.09;875.83
18.01.2017 17:31;874.99;874.99;874.99;874.99;0.26;231.66;874.99
18.01.2017 17:32;875.01;875.01;874.76;874.76;2;1749.77;874.89
18.01.2017 17:33;0;0;0;0;0;0;0
18.01.2017 17:34;875.55;875.55;875.01;875.01;0.07;62.11;875.47
18.01.2017 17:35;875.33;876.11;875.33;876.11;6.18;5414.99;876.06
18.01.2017 17:36;876.12;876.13;876.12;876.13;0.85;745.75;876.13
18.01.2017 17:37;876.15;876.15;875;875;21.75;19037.97;875.26
18.01.2017 17:38;874.89;874.89;874.89;874.89;0.22;195.71;874.89
18.01.2017 17:39;874.97;874.97;874.97;874.97;0.02;19.86;874.97
18.01.2017 17:40;874.89;874.89;874.89;874.89;1.08;940.77;874.89
18.01.2017 17:41;874.86;874.87;873.74;873.74;4.49;3924.8;873.86
18.01.2017 17:42;873.74;874.89;873.74;874.89;1.76;1542.03;874.23
18.01.2017 17:43;874.86;874.86;874.73;874.73;1.4;1228.22;874.75
18.01.2017 17:44;874.73;874.73;874.54;874.54;0.08;66.91;874.66
18.01.2017 17:45;873.92;874.48;873.87;873.87;10.03;8766.75;873.88
18.01.2017 17:46;0;0;0;0;0;0;0
18.01.2017 17:47;873.87;873.87;873;873.71;3.3;2882.63;873.49
18.01.2017 17:48;872.99;874.46;872.21;872.21;11.73;10234.16;872.44
18.01.2017 17:49;872.21;872.21;872.2;872.21;6;5233.25;872.21
18.01.2017 17:50;872.21;872.21;871.99;871.99;7.27;6341.43;872.06
18.01.2017 17:51;871.58;871.58;871.58;871.58;0.8;701.03;871.58
18.01.2017 17:52;871.21;871.21;866.45;866.45;30.82;26773.87;868.69
18.01.2017 17:53;866.19;871.76;866.1;867.66;24.75;21466.12;867.18
18.01.2017 17:54;0;0;0;0;0;0;0
18.01.2017 17:55;868.68;868.68;868.68;868.68;0.06;49.51;868.68
18.01.2017 17:56;870.93;872.03;870.93;871.98;5.08;4423.79;871.66
18.01.2017 17:57;872;872;870.18;871.98;11;9579.37;871.07
18.01.2017 17:58;871.96;874.89;871.1;872.35;38.18;33367.29;873.88
18.01.2017 17:59;872.38;872.96;872.15;872.32;7.26;6338.96;872.66
18.01.2017 18:00;872.9;872.9;872.9;872.9;0.02;16.59;872.9
18.01.2017 18:01;872.91;873.12;872.91;873.12;3.71;3241.56;873.03
18.01.2017 18:02;873.83;874;873.3;874;39.07;34148.34;873.99
18.01.2017 18:03;874;874;874;874;0.05;40.05;874
18.01.2017 18:04;873.98;874;873.98;874;3.72;3252.04;873.99
18.01.2017 18:05;874;874;873.99;873.99;26.82;23443.8;873.99
18.01.2017 18:06;873.98;873.98;873.98;873.98;0.44;385.95;873.98
18.01.2017 18:07;873.99;873.99;873.98;873.98;4.5;3935.3;873.98
18.01.2017 18:08;873.44;873.44;872.14;872.14;24.17;21098.17;872.88
18.01.2017 18:09;0;0;0;0;0;0;0
18.01.2017 18:10;0;0;0;0;0;0;0
18.01.2017 18:11;872.74;872.74;872.72;872.72;1.43;1250.38;872.73
18.01.2017 18:12;871.16;871.16;871.16;871.16;0.05;40.1;871.16
18.01.2017 18:13;871.15;871.15;870.99;871;3.17;2762.19;871.04
18.01.2017 18:14;871;872.89;871;871.21;8.23;7175.84;871.56
18.01.2017 18:15;872.89;872.89;872.72;872.82;0.77;671.29;872.82
18.01.2017 18:16;872.79;872.9;871.41;871.41;0.45;395.64;872.66
18.01.2017 18:17;871.56;872.81;871.19;872.8;16.73;14579.6;871.44
18.01.2017 18:18;872.8;872.8;872.8;872.8;0.18;160.64;872.8
18.01.2017 18:19;872.8;872.8;871.42;871.55;10.28;8958.82;871.53
18.01.2017 18:20;871.52;871.52;871.21;871.21;0.72;628.35;871.22
18.01.2017 18:21;871.19;871.26;871.16;871.16;5.69;4956.66;871.18
18.01.2017 18:22;871.12;871.12;870.01;870.01;3.52;3061.17;870.24
18.01.2017 18:23;870.04;872.82;870.04;871.59;4.82;4198.63;870.98
18.01.2017 18:24;871.56;871.56;871.56;871.56;1;871.56;871.56
18.01.2017 18:25;871.66;871.66;871.53;871.53;15;13074.09;871.61
18.01.2017 18:26;872.58;872.58;872.48;872.48;0.03;28.87;872.52
18.01.2017 18:27;871.55;871.55;870.53;870.53;7.56;6583.67;871.32
18.01.2017 18:28;870.34;872.09;870;872.09;1.49;1295.34;870.33
18.01.2017 18:29;872;872;870.45;870.51;1.25;1088.48;870.6
18.01.2017 18:30;871.33;871.52;871.28;871.52;1.67;1453.27;871.31
18.01.2017 18:31;871.51;871.51;870.41;870.41;0.04;32.46;871.18
18.01.2017 18:32;870.41;871.17;869.68;869.68;1.31;1140.95;870.06
18.01.2017 18:33;869.62;869.62;868.24;868.24;1.39;1210.4;868.61
18.01.2017 18:34;868.24;870.93;868.24;870.93;12.14;10544.92;868.3
18.01.2017 18:35;869.43;869.43;868;868;12;10419.09;868.26
18.01.2017 18:36;0;0;0;0;0;0;0
18.01.2017 18:37;869.29;869.29;869.29;869.29;0.1;90.41;869.29
18.01.2017 18:38;0;0;0;0;0;0;0
18.01.2017 18:39;868.26;868.26;860.01;866.96;105.78;91395.66;863.98
18.01.2017 18:40;866.95;866.96;866.02;866.02;6.08;5263.5;866.4
18.01.2017 18:41;865.99;867.13;865.05;866.94;6.15;5330.29;866.24
18.01.2017 18:42;866.91;866.91;866.84;866.89;10.28;8911.22;866.88
18.01.2017 18:43;866.89;868.79;866.89;868.68;12.01;10424.79;867.98
18.01.2017 18:44;868.75;869.68;868.75;869.62;8.42;7317.14;869.46
18.01.2017 18:45;869.38;869.38;868.66;868.88;19.51;16948.34;868.86
18.01.2017 18:46;868.01;868.01;866.91;868.01;8.34;7238.26;867.54
18.01.2017 18:47;868.01;868.01;868.01;868.01;2.06;1788.5;868.01
18.01.2017 18:48;867.63;867.63;867.63;867.63;4;3470.52;867.63
18.01.2017 18:49;866.95;870.15;866.95;870.15;2.19;1906.27;869.3
18.01.2017 18:50;870.34;872.81;870.34;872.78;88.57;77200.63;871.66
18.01.2017 18:51;872.74;872.77;872.74;872.77;3.56;3110.5;872.77
18.01.2017 18:52;872.8;872.81;872.8;872.81;0.18;159.3;872.81
18.01.2017 18:53;871.8;871.8;871.8;871.8;0.22;192.67;871.8
18.01.2017 18:54;871.98;871.99;870.02;870.02;12.22;10632.79;870.33
18.01.2017 18:55;870.52;870.52;870.52;870.52;1.1;957.57;870.52
18.01.2017 18:56;0;0;0;0;0;0;0
18.01.2017 18:57;871.28;872.69;871.28;872.68;7.99;6959.29;871.5
18.01.2017 18:58;872.69;872.69;871;871;0.71;616.46;872.66
18.01.2017 18:59;871.02;872.8;868;868;101.08;87790.43;868.53
18.01.2017 19:00;870.98;870.99;870.84;870.84;0.63;545.4;870.97
18.01.2017 19:01;870.31;870.31;870.15;870.15;1.06;919.99;870.31
18.01.2017 19:02;869.98;869.98;869.9;869.9;0.24;205.51;869.9
18.01.2017 19:03;0;0;0;0;0;0;0
18.01.2017 19:04;868.48;868.48;868.48;868.48;0.04;34.74;868.48
18.01.2017 19:05;869.68;869.68;869.65;869.65;0.27;238.31;869.65
18.01.2017 19:06;0;0;0;0;0;0;0
18.01.2017 19:07;869.45;869.45;869.33;869.33;0.59;509.84;869.41
18.01.2017 19:08;869.3;869.3;869.3;869.3;0.2;173.86;869.3
18.01.2017 19:09;869.26;869.26;869.16;869.16;8.57;7448.84;869.22
18.01.2017 19:10;869.56;869.67;869.55;869.67;0.49;426.89;869.62
18.01.2017 19:11;868.41;868.41;868.41;868.41;0.1;86.82;868.41
18.01.2017 19:12;869.69;869.7;869.69;869.7;1.04;906.82;869.69
18.01.2017 19:13;869.7;869.7;869.7;869.7;0.33;284.56;869.7
18.01.2017 19:14;869;869;869;869;0.06;51.32;869
18.01.2017 19:15;868.43;868.54;868.43;868.54;0.03;28.66;868.47
18.01.2017 19:16;869.7;869.7;869.7;869.7;0.33;286.09;869.7
18.01.2017 19:17;869.7;869.7;869.69;869.69;0.22;188.84;869.7
18.01.2017 19:18;869.69;869.69;869.25;869.69;1;872.69;869.67
18.01.2017 19:19;869.69;869.69;869.36;869.67;13.11;11401.36;869.69
18.01.2017 19:20;869.61;869.69;869.39;869.69;34.87;30324.89;869.61
18.01.2017 19:21;869.41;869.68;869.37;869.68;3.13;2717.87;869.42
18.01.2017 19:22;869.68;869.7;869.68;869.7;3.33;2899.96;869.7
18.01.2017 19:23;869.7;869.7;869.7;869.7;0.04;30.51;869.7
18.01.2017 19:24;869.41;869.41;869.4;869.4;0.69;600.09;869.4
18.01.2017 19:25;0;0;0;0;0;0;0
18.01.2017 19:26;869.04;869.35;869;869.35;63.75;55399.43;869.05
18.01.2017 19:27;0;0;0;0;0;0;0
18.01.2017 19:28;868.51;868.51;867.36;867.36;10;8677.67;867.77
18.01.2017 19:29;868.5;869.35;868.5;869.35;0.29;249.54;869.15
18.01.2017 19:30;867.51;867.51;867.19;867.19;1.66;1439.96;867.2
18.01.2017 19:31;869.27;869.27;869.15;869.15;0.23;203.7;869.19
18.01.2017 19:32;0;0;0;0;0;0;0
18.01.2017 19:33;869.03;869.03;869.03;869.03;0.14;121.66;869.03
18.01.2017 19:34;866.96;868.63;866.96;868.63;0.06;52.95;868.06
18.01.2017 19:35;866.99;869.05;866.99;868.97;0.35;308.02;868.3
18.01.2017 19:36;868.84;868.84;868.64;868.64;3.93;3413.31;868.72
18.01.2017 19:37;868.64;869.32;868.59;868.7;5.31;4610.18;868.92
18.01.2017 19:38;869.32;869.32;869.29;869.29;3.6;3131.36;869.3
18.01.2017 19:39;869.28;869.28;869.26;869.26;4.88;4239.7;869.27
18.01.2017 19:40;869.24;869.24;869.22;869.22;5.3;4608.49;869.23
18.01.2017 19:41;868.97;868.97;868.62;868.62;1.22;1060.79;868.68
18.01.2017 19:42;868.63;869.12;866.96;869.05;11.35;9859.41;868.3
18.01.2017 19:43;869.02;869.02;868.87;868.87;0.46;401.73;868.89
18.01.2017 19:44;867.03;868.36;867.03;868.36;0.43;374.93;867.53
18.01.2017 19:45;868.12;868.12;868.09;868.09;0.09;75.61;868.11
18.01.2017 19:46;868.38;868.38;868.3;868.3;5.76;5000.67;868.38
18.01.2017 19:47;868.16;868.16;868.09;868.09;0.94;819.98;868.12
18.01.2017 19:48;0;0;0;0;0;0;0
18.01.2017 19:49;866.94;867.46;866.9;866.9;0.65;561.39;867.14
18.01.2017 19:50;867.46;868.09;867.44;867.54;1.49;1292.25;867.5
18.01.2017 19:51;868.11;868.44;868.1;868.44;19.36;16814.03;868.39
18.01.2017 19:52;868.45;869.21;868.44;868.44;1.97;1707.98;869.05
18.01.2017 19:53;868.17;869.22;868.17;869.22;0.83;725.28;869.21
18.01.2017 19:54;868.59;868.59;868.59;868.59;0.08;69.49;868.59
18.01.2017 19:55;869.21;869.21;869.19;869.19;0.33;288.21;869.21
18.01.2017 19:56;869.19;869.19;869.19;869.19;0.08;72.32;869.19
18.01.2017 19:57;869.14;869.14;869.14;869.14;0.61;530.18;869.14
18.01.2017 19:58;869.14;869.14;869.14;869.14;0.81;704;869.14
18.01.2017 19:59;869.18;869.5;868.13;868.13;50.58;43971.12;869.28
18.01.2017 20:00;868.13;869.2;867.44;867.44;5.44;4719.18;868.1
18.01.2017 20:01;867.44;867.44;864.15;864.15;12.22;10574.25;865.15
18.01.2017 20:02;864.01;866.84;864.01;866.84;3.35;2893.77;864.21
18.01.2017 20:03;866.32;866.35;866.32;866.35;0.12;107.68;866.32
18.01.2017 20:04;866.42;866.73;866.42;866.55;7.29;6319.09;866.63
18.01.2017 20:05;866.53;867.32;865.08;867.32;10.63;9212.92;866.34
18.01.2017 20:06;867.32;867.32;866.71;867.23;1.09;947.89;867.11
18.01.2017 20:07;866.71;867.85;866.69;866.69;4.96;4302.11;867.12
18.01.2017 20:08;866.69;867.7;866.2;866.21;3.98;3452.93;867.22
18.01.2017 20:09;867.18;867.18;866.2;866.2;1.49;1293.1;866.57
18.01.2017 20:10;866.2;867.45;866.2;867.45;3.62;3137.86;867.29
18.01.2017 20:11;867.45;867.47;867.44;867.47;1.12;971.56;867.47
18.01.2017 20:12;868.17;868.17;868.17;868.17;0.01;8.68;868.17
18.01.2017 20:13;869.17;869.64;869.17;869.57;0.12;100.68;869.55
18.01.2017 20:14;869.42;869.42;869.34;869.34;0.53;457.64;869.35
18.01.2017 20:15;869.14;869.14;869.14;869.14;0.23;199.52;869.14
18.01.2017 20:16;869.34;869.34;869.34;869.34;0.05;43.05;869.34
18.01.2017 20:17;0;0;0;0;0;0;0
18.01.2017 20:18;869.45;869.7;868.18;869.7;1.43;1239.56;869.24
18.01.2017 20:19;869.7;869.7;868.42;869.7;21.04;18272.11;868.48
18.01.2017 20:20;869.49;869.7;869.49;869.62;5.58;4852.91;869.66
18.01.2017 20:21;869.99;869.99;869.83;869.83;4.2;3655.93;869.94
18.01.2017 20:22;869.63;869.96;869.63;869.95;0.35;308.66;869.75
18.01.2017 20:23;869.95;869.95;869.62;869.86;0.18;160.2;869.86
18.01.2017 20:24;869.94;869.94;869.62;869.62;1.24;1076.73;869.66
18.01.2017 20:25;868.34;868.34;868.34;868.34;0.01;10.85;868.34
18.01.2017 20:26;869.13;869.13;869.13;869.13;0.2;172.34;869.13
18.01.2017 20:27;869.29;869.29;869.09;869.09;1.75;1518.08;869.2
18.01.2017 20:28;0;0;0;0;0;0;0
18.01.2017 20:29;0;0;0;0;0;0;0
18.01.2017 20:30;869.15;869.15;868.39;868.39;0.76;660.64;868.87
18.01.2017 20:31;868.91;869.39;868.17;869.39;0.97;839.47;868.38
18.01.2017 20:32;869.87;872.78;869.35;871.58;32.76;28518.4;870.55
18.01.2017 20:33;872.23;872.82;872.23;872.82;17.71;15456.85;872.79
18.01.2017 20:34;872.82;873.99;872.82;873.99;13.14;11477.46;873.4
18.01.2017 20:35;873.88;873.88;873.88;873.88;0.05;47.88;873.88
18.01.2017 20:36;873.99;873.99;873.99;873.99;1.57;1374.7;873.99
18.01.2017 20:37;873.99;873.99;873.99;873.99;0.19;168.78;873.99
18.01.2017 20:38;873.99;873.99;873.99;873.99;0.06;49.99;873.99
18.01.2017 20:39;0;0;0;0;0;0;0
18.01.2017 20:40;873.99;873.99;873.95;873.95;1.94;1693.81;873.98
18.01.2017 20:41;873.95;873.95;873.95;873.95;0.67;583.26;873.95
18.01.2017 20:42;873.85;873.85;873.85;873.85;0.01;9.08;873.85
18.01.2017 20:43;872.69;872.69;872.69;872.69;0.04;34.03;872.69
18.01.2017 20:44;873;873;873;873;0.25;215.17;873
18.01.2017 20:45;873.98;873.98;873.63;873.63;0.98;855.53;873.78
18.01.2017 20:46;873.98;873.98;873.98;873.98;0.03;29.54;873.98
18.01.2017 20:47;873.67;873.67;873.67;873.67;0.3;263.35;873.67
18.01.2017 20:48;873.29;873.29;873.29;873.29;0.01;8.73;873.29
18.01.2017 20:49;873.66;873.66;873.66;873.66;0.05;41.79;873.66
18.01.2017 20:50;873;873;872.53;872.53;1.17;1020.9;872.56
18.01.2017 20:51;872.71;872.99;872.71;872.99;3.02;2638.04;872.71
18.01.2017 20:52;0;0;0;0;0;0;0
18.01.2017 20:53;0;0;0;0;0;0;0
18.01.2017 20:54;0;0;0;0;0;0;0
18.01.2017 20:55;873.9;873.99;873.9;873.99;1.6;1398.06;873.95
18.01.2017 20:56;873.99;873.99;873.99;873.99;0.06;49.88;873.99
18.01.2017 20:57;873.99;873.99;873.99;873.99;7.02;6132.26;873.99
18.01.2017 20:58;873.98;874;873.94;874;14.38;12567.23;873.98
18.01.2017 20:59;873.99;874.1;873.94;873.94;6.65;5816.08;873.97
18.01.2017 21:00;874.1;874.1;874.1;874.1;0.04;33.83;874.1
18.01.2017 21:01;0;0;0;0;0;0;0
18.01.2017 21:02;874.1;874.1;874.1;874.1;0.02;19.55;874.1
18.01.2017 21:03;874.1;874.1;874.1;874.1;0.25;216.61;874.1
18.01.2017 21:04;874.1;874.38;874.1;874.38;0.59;514.42;874.34
18.01.2017 21:05;874.39;874.39;874.39;874.39;1;874.39;874.39
18.01.2017 21:06;874.56;874.56;874.55;874.55;0.04;35.94;874.55
18.01.2017 21:07;874.56;874.56;874.56;874.56;0.06;49.77;874.56
18.01.2017 21:08;0;0;0;0;0;0;0
18.01.2017 21:09;0;0;0;0;0;0;0
18.01.2017 21:10;874.55;874.55;874.55;874.55;0.38;330.28;874.55
18.01.2017 21:11;874.55;874.55;874.55;874.55;0.01;11.38;874.55
18.01.2017 21:12;874.55;874.55;873.73;873.73;6.56;5735.8;873.82
18.01.2017 21:13;0;0;0;0;0;0;0
18.01.2017 21:14;0;0;0;0;0;0;0
18.01.2017 21:15;874.47;874.48;874.47;874.48;0.47;406.63;874.48
18.01.2017 21:16;0;0;0;0;0;0;0
18.01.2017 21:17;874.47;874.48;874.47;874.48;0.42;369.35;874.48
18.01.2017 21:18;874.5;874.5;874.5;874.5;0.29;255.25;874.5
18.01.2017 21:19;874.5;874.5;874.5;874.5;1.53;1335.06;874.5
18.01.2017 21:20;0;0;0;0;0;0;0
18.01.2017 21:21;874.56;874.89;874.56;874.89;11.96;10462.92;874.69
18.01.2017 21:22;0;0;0;0;0;0;0
18.01.2017 21:23;874.65;874.86;874.65;874.86;15.38;13455.4;874.65
18.01.2017 21:24;874.88;874.88;874.88;874.88;1.67;1457.26;874.88
18.01.2017 21:25;0;0;0;0;0;0;0
18.01.2017 21:26;874.88;874.88;874.88;874.88;0.02;18.89;874.88
18.01.2017 21:27;0;0;0;0;0;0;0
18.01.2017 21:28;874.88;874.88;874.87;874.88;0.54;476.54;874.87
18.01.2017 21:29;874.88;874.88;874.88;874.88;1.2;1047.49;874.88
18.01.2017 21:30;874.86;874.86;874.86;874.86;6.88;6019.8;874.86
18.01.2017 21:31;874.86;874.86;874.86;874.86;0.09;77.68;874.86
18.01.2017 21:32;874.86;874.88;874.86;874.88;5.66;4954.42;874.88
18.01.2017 21:33;874.62;874.62;874.55;874.55;4.44;3883.03;874.56
18.01.2017 21:34;874.87;874.87;874.55;874.83;4.51;3946.73;874.55
18.01.2017 21:35;0;0;0;0;0;0;0
18.01.2017 21:36;874.55;874.72;872;873.23;10.86;9494.74;874.52
18.01.2017 21:37;874.04;874.07;873.58;873.58;40.73;35585.66;873.62
18.01.2017 21:38;873.62;874.07;873.39;873.98;5.23;4567.55;873.54
18.01.2017 21:39;874.17;874.77;874.17;874.77;0.18;155.24;874.74
18.01.2017 21:40;0;0;0;0;0;0;0
18.01.2017 21:41;874.47;874.47;872.22;872.94;3.32;2897.74;873.07
18.01.2017 21:42;874.21;874.21;872.94;874.1;1.09;952.08;874.09
18.01.2017 21:43;0;0;0;0;0;0;0
18.01.2017 21:44;874.14;874.14;874.14;874.14;0.12;104.9;874.14
18.01.2017 21:45;874.14;874.14;874.14;874.14;0.59;519.24;874.14
18.01.2017 21:46;874.14;874.14;874.14;874.14;7.02;6140.78;874.14
18.01.2017 21:47;874.14;874.14;874.12;874.12;0.26;227.74;874.13
18.01.2017 21:48;874.12;874.12;874.12;874.12;0.03;28.85;874.12
18.01.2017 21:49;0;0;0;0;0;0;0
18.01.2017 21:50;874.1;874.1;873.47;873.47;0.13;110.88;873.98
18.01.2017 21:51;0;0;0;0;0;0;0
18.01.2017 21:52;874.11;874.11;874.01;874.01;0.05;42.38;874.07
18.01.2017 21:53;874.11;874.5;874.11;874.47;0.13;118;874.27
18.01.2017 21:54;874.47;874.47;874.47;874.47;0.02;16.86;874.47
18.01.2017 21:55;874.45;874.45;874.45;874.45;0.01;9.1;874.45
18.01.2017 21:56;0;0;0;0;0;0;0
18.01.2017 21:57;874.49;874.49;874.49;874.49;1.16;1013.4;874.49
18.01.2017 21:58;874.49;874.49;874.49;874.49;0.37;325.22;874.49
18.01.2017 21:59;873.82;873.82;873.82;873.82;0.06;48.23;873.82
18.01.2017 22:00;0;0;0;0;0;0;0
18.01.2017 22:01;873.99;873.99;873.85;873.85;5.37;4693.62;873.92
18.01.2017 22:02;874;874;874;874;0.01;12.05;874
18.01.2017 22:03;874.49;874.83;874.49;874.83;6.58;5755.23;874.83
18.01.2017 22:04;874.83;874.83;874.83;874.83;0.6;526.48;874.83
18.01.2017 22:05;874.83;874.83;874.83;874.83;0.05;42.87;874.83
18.01.2017 22:06;874.82;874.83;874.82;874.83;0.18;158.82;874.82
18.01.2017 22:07;874.83;874.83;874.82;874.83;7.56;6610.24;874.82
18.01.2017 22:08;874.83;874.83;874.83;874.83;0.05;40.05;874.83
18.01.2017 22:09;874.82;874.82;874.82;874.82;1;873.37;874.82
18.01.2017 22:10;0;0;0;0;0;0;0
18.01.2017 22:11;874.83;874.83;874.82;874.82;23.25;20341.99;874.82
18.01.2017 22:12;0;0;0;0;0;0;0
18.01.2017 22:13;874.1;874.89;874.1;874.89;34.43;30123.76;874.81
18.01.2017 22:14;875.01;875.01;875.01;875.01;5.28;4615.77;875.01
18.01.2017 22:15;0;0;0;0;0;0;0
18.01.2017 22:16;875.01;875.01;875.01;875.01;0.25;215.25;875.01
18.01.2017 22:17;0;0;0;0;0;0;0
18.01.2017 22:18;875.01;875.01;875.01;875.01;0.41;358.75;875.01
18.01.2017 22:19;875.01;876.5;875.01;876.48;20.02;17542.03;876.14
18.01.2017 22:20;875.32;876.68;875.32;876.68;15.09;13208.17;875.33
18.01.2017 22:21;875.73;876.68;875.73;876.68;0.04;33.89;876.32
18.01.2017 22:22;876.67;876.67;876.52;876.52;0.46;407.2;876.63
18.01.2017 22:23;876.49;876.49;876.07;876.07;0.88;767.52;876.1
18.01.2017 22:24;875.98;875.98;875.84;875.84;2.5;2191.3;875.86
18.01.2017 22:25;875.84;875.84;875.84;875.84;0.23;203.19;875.84
18.01.2017 22:26;875.8;875.8;875.62;875.62;6.67;5840.45;875.63
18.01.2017 22:27;875.84;875.84;875.84;875.84;0.46;406.79;875.84
18.01.2017 22:28;875.81;875.81;875.81;875.81;0.02;15.04;875.81
18.01.2017 22:29;0;0;0;0;0;0;0
18.01.2017 22:30;875.85;875.85;875.85;875.85;0.04;32.41;875.85
18.01.2017 22:31;875.85;875.85;875.85;875.85;0.03;24.52;875.85
18.01.2017 22:32;875.84;875.84;875.15;875.15;4.8;4203.63;875.64
18.01.2017 22:33;875.59;875.59;875.59;875.59;0.06;48.16;875.59
18.01.2017 22:34;875.02;875.02;875.02;875.02;0.05;39.38;875.02
18.01.2017 22:35;875.05;875.05;875.05;875.05;0.11;100.28;875.05
18.01.2017 22:36;875.63;875.89;875.63;875.79;0.23;204.79;875.86
18.01.2017 22:37;0;0;0;0;0;0;0
18.01.2017 22:38;875.67;875.67;875.66;875.66;2.11;1848.52;875.66
18.01.2017 22:39;875.67;875.67;875.67;875.67;0.8;703.76;875.67
18.01.2017 22:40;0;0;0;0;0;0;0
18.01.2017 22:41;0;0;0;0;0;0;0
18.01.2017 22:42;875.14;875.14;875.1;875.1;1.58;1380.92;875.11
18.01.2017 22:43;875.59;875.59;875.59;875.59;0.08;72.07;875.59
18.01.2017 22:44;875.59;875.59;875.59;875.59;0.07;63.92;875.59
18.01.2017 22:45;0;0;0;0;0;0;0
18.01.2017 22:46;875.59;875.59;875.58;875.58;0.03;28.89;875.59
18.01.2017 22:47;875.59;875.59;875.38;875.38;0.13;112.78;875.55
18.01.2017 22:48;875.37;875.59;875.37;875.59;0.13;113.81;875.43
18.01.2017 22:49;875.59;875.59;875.59;875.59;0.05;45.02;875.59
18.01.2017 22:50;875.59;875.59;875.37;875.37;0.22;188.88;875.57
18.01.2017 22:51;0;0;0;0;0;0;0
18.01.2017 22:52;875.37;875.59;875.37;875.59;0.83;723.17;875.46
18.01.2017 22:53;875.59;875.59;875.59;875.59;0.61;533.23;875.59
18.01.2017 22:54;875.59;875.59;875.59;875.59;0.47;413.1;875.59
18.01.2017 22:55;875.59;875.59;875.59;875.59;0.28;240.79;875.59
18.01.2017 22:56;875.59;875.59;875.59;875.59;1.68;1470.99;875.59
18.01.2017 22:57;875.6;875.6;875.6;875.6;0.12;105.91;875.6
18.01.2017 22:58;875.38;875.38;875.38;875.38;0.53;462.68;875.38
18.01.2017 22:59;875.6;875.69;875.6;875.69;0.45;394;875.67
18.01.2017 23:00;875.69;875.69;875.69;875.69;0.04;32.4;875.69
18.01.2017 23:01;875.62;875.69;875.62;875.69;1.15;1003.37;875.62
18.01.2017 23:02;875.69;875.91;875.69;875.91;0.35;302.73;875.71
18.01.2017 23:03;875.91;875.91;875.91;875.91;0.07;61.31;875.91
18.01.2017 23:04;875.91;875.91;875.91;875.91;0.25;218.98;875.91
18.01.2017 23:05;875.71;875.91;875.71;875.71;0.19;165.97;875.82
18.01.2017 23:06;875.71;875.91;875.71;875.91;0.37;322.26;875.88
18.01.2017 23:07;875.91;875.91;875.91;875.91;0.19;165.55;875.91
18.01.2017 23:08;875.91;875.91;875.91;875.91;9.17;8033.3;875.91
18.01.2017 23:09;876.62;876.63;876.62;876.63;36.53;32024.37;876.62
18.01.2017 23:10;876.67;876.67;876.67;876.67;0.18;160.43;876.67
18.01.2017 23:11;876.67;876.68;876.41;876.68;0.28;241.43;876.54
18.01.2017 23:12;876.68;876.68;876.68;876.68;0.11;93.69;876.68
18.01.2017 23:13;876.82;876.82;876.82;876.82;0.01;10.52;876.82
18.01.2017 23:14;876.82;876.82;876.82;876.82;0.2;174.49;876.82
18.01.2017 23:15;876.82;876.98;876.82;876.98;0.24;206.43;876.88
18.01.2017 23:16;876.98;876.98;876.98;876.98;0.65;568.35;876.98
18.01.2017 23:17;0;0;0;0;0;0;0
18.01.2017 23:18;876.97;876.97;876.97;876.97;0.22;193.28;876.97
18.01.2017 23:19;876.72;876.72;876.71;876.71;4.82;4225.75;876.71
18.01.2017 23:20;876.72;876.72;876.71;876.71;0.03;30.58;876.72
18.01.2017 23:21;0;0;0;0;0;0;0
18.01.2017 23:22;876.72;876.72;876.72;876.72;0.22;190.25;876.72
18.01.2017 23:23;876.72;876.72;876.72;876.72;0.05;41.3;876.72
18.01.2017 23:24;876.82;876.82;876.82;876.82;4.29;3760.81;876.82
18.01.2017 23:25;876.82;876.82;876.82;876.82;0.04;36.83;876.82
18.01.2017 23:26;876.82;876.82;876.81;876.81;0.19;165.63;876.81
18.01.2017 23:27;0;0;0;0;0;0;0
18.01.2017 23:28;876.8;876.8;876.8;876.8;0.04;35.95;876.8
18.01.2017 23:29;876.74;876.74;876.74;876.74;3;2630.22;876.74
18.01.2017 23:30;876.77;876.77;876.74;876.74;0.15;128.2;876.75
18.01.2017 23:31;876.77;876.77;876.77;876.77;0.14;124.24;876.77
18.01.2017 23:32;876.75;876.75;876.75;876.75;0.51;448.12;876.75
18.01.2017 23:33;876.74;876.74;876.74;876.74;1.1;961.68;876.74
18.01.2017 23:34;876.74;876.75;876.74;876.75;0.27;238.08;876.75
18.01.2017 23:35;876.75;876.75;876.74;876.74;0.37;326.86;876.74
18.01.2017 23:36;876.75;876.75;876.75;876.75;0.3;264.16;876.75
18.01.2017 23:37;876.74;876.75;876.74;876.75;0.16;144.03;876.75
18.01.2017 23:38;876.74;876.74;876.74;876.74;0.43;372.76;876.74
18.01.2017 23:39;876.74;876.75;876.74;876.74;1.35;1185.08;876.75
18.01.2017 23:40;876.75;876.75;876.74;876.74;0.34;294.62;876.75
18.01.2017 23:41;876.74;876.75;876.74;876.75;0.87;764.33;876.74
18.01.2017 23:42;876.75;876.82;876.75;876.82;6.96;6102.51;876.8
18.01.2017 23:43;876.82;876.98;876.81;876.89;0.58;504.27;876.88
18.01.2017 23:44;876.91;876.98;876.91;876.98;0.25;222.44;876.96
18.01.2017 23:45;876.97;876.98;876.97;876.98;0.14;125.56;876.97
18.01.2017 23:46;876.98;876.98;876.98;876.98;0.03;26.31;876.98
18.01.2017 23:47;0;0;0;0;0;0;0
18.01.2017 23:48;876.97;876.98;876.97;876.98;0.13;109.82;876.98
18.01.2017 23:49;876.98;877.63;876.97;877.63;9.61;8429.9;876.98
18.01.2017 23:50;877.9;880.23;877.9;880.23;31.36;27570.33;879.21
18.01.2017 23:51;880.38;883.78;880.38;883.78;29.25;25803.92;882.23
18.01.2017 23:52;883.67;885.74;883.55;885.6;18.21;16118.58;885.25
18.01.2017 23:53;885.94;887;885.94;886.71;17.23;15272.4;886.55
18.01.2017 23:54;886.67;887;886.67;886.67;6.39;5665.91;886.68
18.01.2017 23:55;886.67;887;886.67;886.67;20.69;18341.4;886.67
18.01.2017 23:56;887;887;887;887;0.72;636.73;887
18.01.2017 23:57;886.74;886.74;886.74;886.74;0.06;50.95;886.74
18.01.2017 23:58;886.96;887.75;886.96;887.75;4.86;4312.31;887.15
18.01.2017 23:59;886.7;887.72;886.7;887.7;7.06;6261.72;886.98
19.01.2017 00:00;887.69;887.75;886.68;887.75;1.49;1317.76;886.91
19.01.2017 00:01;887.76;888.01;887.76;888.01;0.76;677.48;887.87
19.01.2017 00:02;0;0;0;0;0;0;0
19.01.2017 00:03;888.97;889;888.36;889;5.75;5107.34;888.97
19.01.2017 00:04;888.52;888.52;888.52;888.52;0.1;91.57;888.52
19.01.2017 00:05;888.56;890;888.56;890;193.34;171919.76;889.19
19.01.2017 00:06;890;890;889.99;890;100.13;89117.91;890
19.01.2017 00:07;890;891.87;890;891.87;23.57;20983.25;890.33
19.01.2017 00:08;891.87;891.98;890;890;38.82;34608.78;891.49
19.01.2017 00:09;890.02;891.98;889.83;889.98;17.22;15329.66;890.17
19.01.2017 00:10;889.98;891.98;889.98;891.97;2.38;2125.92;891.96
19.01.2017 00:11;890.47;891.98;889.99;891.98;27.3;24310.58;890.37
19.01.2017 00:12;891.97;891.98;889.17;889.98;14.05;12511.28;890.29
19.01.2017 00:13;889.17;890.63;889.14;890.63;2.17;1933.54;889.82
19.01.2017 00:14;890.64;890.64;888.54;889.03;9.5;8458.16;890.05
19.01.2017 00:15;889.05;890.64;889.05;890.64;2.45;2180.59;890.63
19.01.2017 00:16;890.63;890.65;890.63;890.64;8.24;7337.63;890.64
19.01.2017 00:17;890.64;894.45;890.64;894.45;29.71;26529.71;893.03
19.01.2017 00:18;894.47;895.79;894.47;895.79;25.38;22723.02;895.31
19.01.2017 00:19;895.78;895.79;895.78;895.79;14.45;12944.08;895.79
19.01.2017 00:20;895.78;895.78;894;895.23;14.5;12969.1;894.56
19.01.2017 00:21;895.24;895.76;894;895.22;3.88;3468.62;894.51
19.01.2017 00:22;895.2;895.2;894.98;894.98;5.83;5215.66;895.05
19.01.2017 00:23;895.1;895.98;895.08;895.98;13.45;12040.22;895.39
19.01.2017 00:24;895.97;895.97;895.01;895.01;0.88;788.12;895.17
19.01.2017 00:25;896;896;895.97;896;2.94;2630.05;895.99
19.01.2017 00:26;895.99;895.99;895.19;895.19;20.85;18668.34;895.56
19.01.2017 00:27;894.99;895;894.98;895;5.58;4991.91;895
19.01.2017 00:28;895;895;894.98;894.98;3.27;2922.53;895
19.01.2017 00:29;894.98;894.98;894.41;894.98;12.27;10983.22;894.84
19.01.2017 00:30;894.98;894.98;894.98;894.98;4.59;4107.55;894.98
19.01.2017 00:31;894.98;894.98;889.8;889.8;8.26;7363.71;891.34
19.01.2017 00:32;891.24;891.65;889.68;889.68;9.18;8166.19;889.76
19.01.2017 00:33;890.12;891.66;890.12;891.66;0.74;661.41;890.96
19.01.2017 00:34;891.65;891.65;891.44;891.44;0.57;506.48;891.55
19.01.2017 00:35;891.51;891.91;891.5;891.91;11.84;10564.01;891.9
19.01.2017 00:36;0;0;0;0;0;0;0
19.01.2017 00:37;891.52;891.52;889.7;891.18;16.76;14936.36;891.01
19.01.2017 00:38;0;0;0;0;0;0;0
19.01.2017 00:39;890.8;891.08;890.8;891.08;0.13;112.61;891
19.01.2017 00:40;891.08;891.18;891.08;891.18;0.3;266.02;891.11
19.01.2017 00:41;891.08;891.08;889.88;889.88;0.71;636.99;891.04
19.01.2017 00:42;890.21;890.21;890;890;2.18;1944.58;890.19
19.01.2017 00:43;890;890.21;890;890.21;5.9;5251.84;890.14
19.01.2017 00:44;889.73;889.73;889.73;889.73;0.72;644.7;889.73
19.01.2017 00:45;890;890;889.73;889.73;0.15;132.19;889.75
19.01.2017 00:46;889.73;889.73;889.73;889.73;9.86;8772.74;889.73
19.01.2017 00:47;889.73;889.81;889.73;889.81;4.72;4199.56;889.76
19.01.2017 00:48;889.81;889.81;888.88;888.88;4.42;3930.98;889.23
19.01.2017 00:49;888.88;889.23;888.88;888.88;2.47;2196.39;888.92
19.01.2017 00:50;889.72;889.72;889.72;889.72;22.45;19976.03;889.72
19.01.2017 00:51;888.9;888.9;888.9;888.9;0.44;390.98;888.9
19.01.2017 00:52;888.9;888.9;888.9;888.9;0.12;104.99;888.9
19.01.2017 00:53;889.07;889.07;889.07;889.07;0.02;19.91;889.07
19.01.2017 00:54;0;0;0;0;0;0;0
19.01.2017 00:55;889.49;889.49;889.49;889.49;0.27;237.07;889.49
19.01.2017 00:56;889.36;889.59;889.36;889.59;0.03;25.66;889.44
19.01.2017 00:57;889.87;889.98;889.87;889.98;6.41;5701.7;889.97
19.01.2017 00:58;889.97;889.97;889.97;889.97;0.06;56.7;889.97
19.01.2017 00:59;889.98;890;889.98;890;5.26;4678.11;889.98
19.01.2017 01:00;890;891.91;890;891.91;1.62;1444.67;890.53
19.01.2017 01:01;891.12;891.91;891.04;891.91;6.52;5816.59;891.78
19.01.2017 01:02;891.91;891.91;891.26;891.91;0.52;465.6;891.87
19.01.2017 01:03;891.91;891.91;891.33;891.91;0.44;395.52;891.9
19.01.2017 01:04;891.91;891.91;891.63;891.63;22.19;19783.05;891.63
19.01.2017 01:05;891.63;891.89;891.62;891.86;2.29;2037.85;891.65
19.01.2017 01:06;891.64;891.64;890.9;891.49;9.17;8180.18;891.59
19.01.2017 01:07;891.54;891.64;891.4;891.64;0.47;417.23;891.52
19.01.2017 01:08;891.64;891.64;891.6;891.64;2.24;1999.33;891.64
19.01.2017 01:09;890.96;891.59;890.96;891.56;0.5;445.16;891.51
19.01.2017 01:10;891.58;891.65;891.04;891.62;4.73;4220.2;891.53
19.01.2017 01:11;891.6;891.6;891.55;891.55;0.12;104.32;891.58
19.01.2017 01:12;891.63;891.63;891.23;891.63;2.17;1935.5;891.61
19.01.2017 01:13;891.55;891.55;890.45;890.45;1.25;1113.4;891.43
19.01.2017 01:14;891.1;891.87;890;891.77;39.51;35199.95;890.82
19.01.2017 01:15;891.64;891.64;891.35;891.35;0.27;243.39;891.53
19.01.2017 01:16;891.27;891.27;891.06;891.06;0.23;209.06;891.14
19.01.2017 01:17;890.07;891.06;890.07;891.05;2.18;1944.76;890.93
19.01.2017 01:18;891.05;891.6;891.05;891.6;0.05;41.55;891.36
19.01.2017 01:19;891.05;891.05;889.89;889.89;0.56;501.15;890.12
19.01.2017 01:20;889.89;889.89;889.89;889.89;1.61;1433.61;889.89
19.01.2017 01:21;891.69;891.69;891.69;891.69;1.49;1330.5;891.69
19.01.2017 01:22;889.89;891.47;889.89;891.47;0.18;161.95;890.4
19.01.2017 01:23;891.78;891.78;891.78;891.78;0.03;27.93;891.78
19.01.2017 01:24;890.26;890.26;890.26;890.26;0.11;99.24;890.26
19.01.2017 01:25;890.26;891.59;890.26;891.57;3.08;2740.5;890.29
19.01.2017 01:26;891.52;891.71;891.49;891.69;0.44;388.2;891.6
19.01.2017 01:27;891.66;891.7;890.27;891.7;23.13;20618.54;891.58
19.01.2017 01:28;891.7;891.7;890.48;890.48;0.6;539.4;891.63
19.01.2017 01:29;891.68;891.7;891.64;891.7;0.86;766.04;891.68
19.01.2017 01:30;891.7;891.7;890.39;891.66;0.3;263.28;891.12
19.01.2017 01:31;890.31;890.31;890.31;890.31;0.23;202.35;890.31
19.01.2017 01:32;890.31;890.88;890.31;890.72;0.4;354.47;890.6
19.01.2017 01:33;890.27;890.85;890.26;890.75;6.89;6132.96;890.28
19.01.2017 01:34;890.75;890.75;890.26;890.75;0.65;576.28;890.5
19.01.2017 01:35;890.75;890.75;890.26;890.75;0.44;395.1;890.68
19.01.2017 01:36;890.75;890.75;890.26;890.74;5.34;4756.95;890.33
19.01.2017 01:37;890.74;890.74;890.26;890.35;8.13;7236.65;890.32
19.01.2017 01:38;890.34;890.34;888.88;890.13;1.57;1397.94;889.7
19.01.2017 01:39;890.1;890.11;888.98;890.09;1.5;1333.4;890.04
19.01.2017 01:40;890.09;890.09;889.1;890.07;0.87;778.1;890.05
19.01.2017 01:41;890.07;890.07;889.34;890.07;1.3;1161.41;889.99
19.01.2017 01:42;890.07;890.09;888.91;890.05;1.35;1205.96;890.01
19.01.2017 01:43;890.09;890.09;890.09;890.09;1.18;1052.89;890.09
19.01.2017 01:44;889.01;890.09;888.91;889.9;1.24;1101.19;890
19.01.2017 01:45;889.89;889.89;889.47;889.84;0.67;599.32;889.73
19.01.2017 01:46;889.84;889.98;888.9;888.9;28.6;25437.93;889.52
19.01.2017 01:47;888.9;890.07;888.9;890.05;0.06;55.52;889.77
19.01.2017 01:48;890.03;890.06;889.96;890.06;0.11;97.19;890.02
19.01.2017 01:49;890.07;890.07;888.89;889.98;0.31;273.05;889.56
19.01.2017 01:50;888.89;889.95;888.88;889.77;0.51;450.09;889.61
19.01.2017 01:51;889.75;889.75;889.63;889.63;0.32;281.85;889.68
19.01.2017 01:52;889.45;889.45;889.45;889.45;0.93;824.52;889.45
19.01.2017 01:53;888.89;889.45;888.89;888.89;2.68;2387.64;889.4
19.01.2017 01:54;889.45;889.45;888.89;888.89;0.19;170.24;889.11
19.01.2017 01:55;888.89;889.37;888.89;889.37;0.4;357.93;888.91
19.01.2017 01:56;888.89;889.19;888.89;889.19;0.08;68.73;888.93
19.01.2017 01:57;888.89;889.19;885.33;885.33;70.57;62522.74;886.03
19.01.2017 01:58;884.94;885.22;883.78;885.22;2.57;2272.15;884.21
19.01.2017 01:59;885.96;885.96;884.14;885.75;8.49;7511.01;884.5
19.01.2017 02:00;886;886;885.83;885.96;2.1;1860.34;885.99
19.01.2017 02:01;886.19;886.46;886.19;886.46;0.32;280;886.25
19.01.2017 02:02;885.24;885.24;885.24;885.24;1.46;1294.44;885.24
19.01.2017 02:03;884.76;884.76;882.27;882.3;2.57;2265.98;883.3
19.01.2017 02:04;882.9;884.78;882.32;884.78;0.15;134;882.94
19.01.2017 02:05;884.53;884.8;883.67;883.67;5.34;4723.3;884.42
19.01.2017 02:06;883.67;884.65;883.02;883.08;3.62;3193.94;883.16
19.01.2017 02:07;883.92;883.92;882.98;882.98;4.05;3581.26;883.91
19.01.2017 02:08;882.93;882.93;882.93;882.93;0.06;52.98;882.93
19.01.2017 02:09;883.07;884.49;883.02;884.49;2.47;2183.87;883.09
19.01.2017 02:10;883.94;883.94;883.05;883.7;4.52;3994.49;883.35
19.01.2017 02:11;883.06;883.92;883.06;883.06;0.54;476.92;883.19
19.01.2017 02:12;883.02;883.69;880.9;880.9;17.4;15357.96;882.67
19.01.2017 02:13;880.63;880.63;878.89;879;11.93;10487.25;879.01
19.01.2017 02:14;880.72;880.72;879.1;880.51;2.29;2016.82;880.67
19.01.2017 02:15;0;0;0;0;0;0;0
19.01.2017 02:16;880.87;881;880.15;880.3;3.06;2692.72;880.87
19.01.2017 02:17;880.32;880.33;880.32;880.33;0.24;208.4;880.32
19.01.2017 02:18;880.97;880.97;880.97;880.97;2;1761.94;880.97
19.01.2017 02:19;880.73;881;880.73;881;1.18;1043.58;880.95
19.01.2017 02:20;881.87;883.55;880.88;881.36;2.3;2027.5;883.27
19.01.2017 02:21;881.88;881.88;881.88;881.88;0.01;10.15;881.88
19.01.2017 02:22;882.95;884.15;881.86;881.86;7.24;6400.65;883.85
19.01.2017 02:23;881.86;881.86;881.05;881.05;0.23;202.73;881.46
19.01.2017 02:24;883.55;883.55;881.63;881.63;2.04;1806.44;883.53
19.01.2017 02:25;881.75;884.28;881.75;884.28;1.47;1300.95;884.22
19.01.2017 02:26;884.27;884.27;883.51;883.51;2.04;1808.03;884.25
19.01.2017 02:27;883.79;883.79;883.77;883.77;1;883.78;883.78
19.01.2017 02:28;883.78;884.25;883.32;883.95;7.94;7022.17;884.18
19.01.2017 02:29;884.2;884.2;882.43;883.49;0.76;668.27;882.99
19.01.2017 02:30;884.06;884.15;882.96;883.15;3.19;2819.94;883.72
19.01.2017 02:31;882.47;884.21;882.47;884.21;7.84;6917.17;882.67
19.01.2017 02:32;884.2;884.9;884.2;884.63;2.16;1909.19;884.5
19.01.2017 02:33;884.76;884.85;883.95;884.85;1.21;1072.17;884.58
19.01.2017 02:34;884.28;884.9;884.28;884.9;10.51;9297.88;884.89
19.01.2017 02:35;885.05;885.05;885.05;885.05;0.03;24.72;885.05
19.01.2017 02:36;885.26;886.83;885.26;886.8;15.24;13508.21;886.53
19.01.2017 02:37;886.85;886.91;885.54;886.73;0.36;322.06;886.65
19.01.2017 02:38;886.89;886.92;885.75;886.92;0.73;645.92;886.77
19.01.2017 02:39;885.8;886.8;884.35;885.66;2.14;1896.56;885.11
19.01.2017 02:40;885.63;885.66;884.74;885.66;0.26;233.13;885.54
19.01.2017 02:41;884.92;885.46;884.92;885.46;0.24;214.78;884.95
19.01.2017 02:42;885.59;885.64;884.71;884.71;0.36;318.99;885.25
19.01.2017 02:43;885.65;885.65;884.76;885.65;0.19;172;885.55
19.01.2017 02:44;884.96;885.66;884.96;885.66;0.59;519.96;885.61
19.01.2017 02:45;885.14;885.65;885.14;885.61;0.78;694.77;885.32
19.01.2017 02:46;885.38;886.47;885.38;886.44;0.43;384.41;885.63
19.01.2017 02:47;885.48;886.41;885.02;885.51;0.42;371.53;885.44
19.01.2017 02:48;885.51;885.51;885.02;885.51;0.08;69.52;885.31
19.01.2017 02:49;885.64;885.64;885.59;885.64;0.21;187.48;885.61
19.01.2017 02:50;885.61;885.65;885.53;885.53;0.26;229.18;885.56
19.01.2017 02:51;885.53;885.53;885.52;885.52;0.11;101.33;885.53
19.01.2017 02:52;885.53;885.53;885.53;885.53;0.4;356.66;885.53
19.01.2017 02:53;885.52;885.53;885.52;885.52;0.39;344.5;885.52
19.01.2017 02:54;885.52;885.52;885.51;885.51;5.78;5120.02;885.51
19.01.2017 02:55;885.51;885.51;883.42;883.42;4.52;4005.11;885.47
19.01.2017 02:56;883.45;883.45;883.45;883.45;0.42;369.4;883.45
19.01.2017 02:57;0;0;0;0;0;0;0
19.01.2017 02:58;883.69;885.4;883.69;884.45;1.23;1090.1;884.33
19.01.2017 02:59;884.39;884.39;884.39;884.39;0.06;51.65;884.39
19.01.2017 03:00;884.8;884.8;884.76;884.76;0.06;52.2;884.78
19.01.2017 03:01;884.83;884.83;883.98;883.98;0.68;600.23;884.28
19.01.2017 03:02;883.77;883.77;883.77;883.77;0.35;305.32;883.77
19.01.2017 03:03;0;0;0;0;0;0;0
19.01.2017 03:04;884.08;885.43;884.08;885.43;0.38;337.66;884.24
19.01.2017 03:05;885.22;885.22;884.53;884.53;0.17;154.34;884.76
19.01.2017 03:06;0;0;0;0;0;0;0
19.01.2017 03:07;885.24;885.24;885.24;885.24;0.01;11.13;885.24
19.01.2017 03:08;885.48;885.48;885.48;885.48;0.05;46.97;885.48
19.01.2017 03:09;885.49;885.52;885.49;885.52;1.45;1286.78;885.52
19.01.2017 03:10;885.52;885.55;884.37;884.37;21.85;19344.05;885.21
19.01.2017 03:11;885.65;886.89;885.65;886.89;0.21;184.91;886.25
19.01.2017 03:12;885.88;886.9;885.88;886.9;0.98;870.14;886.35
19.01.2017 03:13;886.11;886.9;886.11;886.9;0.08;72.93;886.36
19.01.2017 03:14;886.9;886.9;886.9;886.9;0.03;26.61;886.9
19.01.2017 03:15;886.44;886.44;886.43;886.43;0.41;361.47;886.44
19.01.2017 03:16;886.89;886.9;886.89;886.9;0.45;402.33;886.9
19.01.2017 03:17;886.9;887.4;886.9;887.4;4.07;3609.17;886.93
19.01.2017 03:18;887.4;888.24;887.1;887.1;5.63;4996.7;888.12
19.01.2017 03:19;888.08;888.08;887.46;887.58;0.66;585.83;887.76
19.01.2017 03:20;887.71;888.01;886.95;888.01;3.76;3339.44;887.94
19.01.2017 03:21;887.71;888.23;887.71;888;1.53;1354.77;887.97
19.01.2017 03:22;888.17;888.24;888.17;888.24;0.28;252.89;888.23
19.01.2017 03:23;888.24;888.24;888.24;888.24;0.05;48.78;888.24
19.01.2017 03:24;0;0;0;0;0;0;0
19.01.2017 03:25;888.24;888.24;888.23;888.23;0.13;116.43;888.23
19.01.2017 03:26;888.23;888.23;888.23;888.23;0.06;51.78;888.23
19.01.2017 03:27;0;0;0;0;0;0;0
19.01.2017 03:28;888.24;888.24;888.24;888.24;0.83;732.89;888.24
19.01.2017 03:29;888.24;888.25;888.24;888.25;0.5;448.35;888.25
19.01.2017 03:30;888.23;888.23;888.02;888.02;1.46;1294.72;888.13
19.01.2017 03:31;888.19;888.19;888.19;888.19;0.74;656.57;888.19
19.01.2017 03:32;888.19;888.19;888.19;888.19;2.2;1949.96;888.19
19.01.2017 03:33;887.61;887.61;887.6;887.6;0.89;789.97;887.6
19.01.2017 03:34;888.09;888.09;887.62;888.09;5.24;4650.18;888.08
19.01.2017 03:35;888.16;888.49;888.13;888.49;3;2664.53;888.18
19.01.2017 03:36;888.53;888.98;888.53;888.98;4.03;3585.37;888.77
19.01.2017 03:37;0;0;0;0;0;0;0
19.01.2017 03:38;888.98;889.39;888.98;889.39;2;1778.23;889.11
19.01.2017 03:39;889.1;889.38;888.41;888.41;6.66;5918.42;889.28
19.01.2017 03:40;889.36;889.36;888.43;888.44;2.58;2290.71;889.25
19.01.2017 03:41;0;0;0;0;0;0;0
19.01.2017 03:42;889.1;889.1;889;889;2.03;1804.87;889.1
19.01.2017 03:43;889;889;888.6;888.65;0.83;738.08;888.61
19.01.2017 03:44;888.57;889.01;888.57;888.99;4.73;4200.58;888.78
19.01.2017 03:45;888.62;888.62;888.6;888.6;6.7;5949.18;888.6
19.01.2017 03:46;888.99;888.99;887.46;887.46;5.06;4499.72;888.76
19.01.2017 03:47;887.49;888.63;886.53;887.49;1.91;1691.38;887.4
19.01.2017 03:48;887.49;888.53;885.85;885.94;4.44;3942.58;887.9
19.01.2017 03:49;886.23;886.23;886.23;886.23;0.07;60.76;886.23
19.01.2017 03:50;888.04;888.46;886.85;888.46;2.12;1885.09;888.33
19.01.2017 03:51;886.92;888.46;885.89;886.2;2.2;1949.17;886.94
19.01.2017 03:52;888.35;888.35;885.84;885.84;13.3;11788.11;886.26
19.01.2017 03:53;887.47;887.47;885.59;887.4;2.09;1850.77;887.36
19.01.2017 03:54;887.37;888.01;885.59;886.49;4.43;3933.9;887.21
19.01.2017 03:55;886.52;887.84;885.59;885.6;4.63;4102.82;887.06
19.01.2017 03:56;887.09;887.09;885.6;885.6;2.01;1787.33;887.08
19.01.2017 03:57;885.6;885.6;885.6;885.6;0.01;11.13;885.6
19.01.2017 03:58;886.79;887.25;885.95;885.95;2.78;2468.04;886.92
19.01.2017 03:59;885.98;887.28;885.98;887.15;5.73;5087.45;887.15
19.01.2017 04:00;887.15;887.73;887.15;887.15;1.52;1344.69;887.18
19.01.2017 04:01;887.15;887.19;885.59;885.6;3.19;2832.43;886.96
19.01.2017 04:02;885.6;885.6;885.6;885.6;1.22;1081.32;885.6
19.01.2017 04:03;885.6;886.76;885.6;885.6;4.93;4369.16;885.63
19.01.2017 04:04;885.6;885.6;885.6;885.6;0.93;825.04;885.6
19.01.2017 04:05;886.41;888.09;886.21;886.24;23.33;20698.1;887.36
19.01.2017 04:06;886.34;886.34;886.34;886.34;0.34;304.36;886.34
19.01.2017 04:07;886.31;886.49;886.31;886.49;0.41;362.04;886.46
19.01.2017 04:08;887.58;887.58;887.58;887.58;0.03;23.28;887.58
19.01.2017 04:09;886.87;887.02;886.87;887.02;0.09;80.24;886.89
19.01.2017 04:10;888.18;888.79;888.18;888.79;0.32;287.06;888.77
19.01.2017 04:11;888.17;888.17;887.19;887.19;1.42;1264.27;887.3
19.01.2017 04:12;887.21;887.21;887.21;887.21;0.01;9.76;887.21
19.01.2017 04:13;887.46;887.53;887.27;887.27;0.76;670.99;887.34
19.01.2017 04:14;888.57;888.57;887.19;887.23;1.87;1658.66;887.25
19.01.2017 04:15;888;888;887.23;887.23;4.44;3940.56;887.51
19.01.2017 04:16;887.23;887.24;887.22;887.22;3.67;3258.79;887.23
19.01.2017 04:17;887.22;887.23;887.22;887.22;3.23;2863.95;887.22
19.01.2017 04:18;887.23;887.24;887.23;887.23;6.41;5690.69;887.23
19.01.2017 04:19;887.23;887.23;887.23;887.23;0.05;40.56;887.23
19.01.2017 04:20;887.23;887.23;887.23;887.23;1.2;1064.68;887.23
19.01.2017 04:21;887.95;887.96;887.22;887.27;2.45;2178.17;887.35
19.01.2017 04:22;887.27;887.27;887.22;887.22;4.72;4187.68;887.22
19.01.2017 04:23;887.22;887.22;887.22;887.22;0.39;346.02;887.22
19.01.2017 04:24;887.23;887.24;887.23;887.24;0.99;874.65;887.24
19.01.2017 04:25;0;0;0;0;0;0;0
19.01.2017 04:26;0;0;0;0;0;0;0
19.01.2017 04:27;887.24;887.24;887.23;887.23;1.55;1376.1;887.23
19.01.2017 04:28;887.23;887.23;887.23;887.23;3.2;2840.91;887.23
19.01.2017 04:29;887.23;887.23;887.23;887.23;1.68;1490.28;887.23
19.01.2017 04:30;887.23;887.23;887.23;887.23;1.33;1183.96;887.23
19.01.2017 04:31;887.24;887.24;887.24;887.24;2.64;2345.86;887.24
19.01.2017 04:32;887.24;887.74;886.53;886.53;4.36;3869.96;887.22
19.01.2017 04:33;886.35;886.47;886.19;886.32;1.37;1213.39;886.34
19.01.2017 04:34;886.38;886.38;884.84;884.9;5.16;4575.99;886.13
19.01.2017 04:35;884.96;886.39;883.93;886.39;2.17;1916.73;884.92
19.01.2017 04:36;884.6;886.22;883.99;883.99;4.78;4231.19;884.6
19.01.2017 04:37;884.05;884.07;883.57;883.94;11.76;10396.64;884.06
19.01.2017 04:38;883.98;885.53;883.98;884.01;1.78;1573.7;884.26
19.01.2017 04:39;884.01;885.42;883.26;883.26;9.18;8114.86;883.57
19.01.2017 04:40;883.27;883.93;882.78;882.78;6.36;5615.36;882.79
19.01.2017 04:41;882.78;882.78;882.78;882.78;0.05;41.49;882.78
19.01.2017 04:42;882.78;883.87;881.66;881.66;9.73;8598.72;883.58
19.01.2017 04:43;881.84;883.52;881.69;881.69;11.19;9863.74;881.83
19.01.2017 04:44;881.7;881.7;881.66;881.66;13.13;11579.43;881.7
19.01.2017 04:45;0;0;0;0;0;0;0
19.01.2017 04:46;882.17;885.01;882.17;885.01;0.15;134.45;882.83
19.01.2017 04:47;883.9;883.9;882.9;882.94;1.25;1105.39;883.45
19.01.2017 04:48;883.36;883.36;882.94;882.94;3.42;3021.65;883.27
19.01.2017 04:49;882.94;882.94;882.94;882.94;1.68;1482.53;882.94
19.01.2017 04:50;882.94;882.94;882.94;882.94;0.2;176.59;882.94
19.01.2017 04:51;882.95;882.95;882.95;882.95;0.72;631.31;882.95
19.01.2017 04:52;882.55;884.14;882.55;882.56;16.08;14194.58;882.75
19.01.2017 04:53;884.23;884.23;882.52;882.56;11.59;10248.82;884.15
19.01.2017 04:54;883.91;883.92;882.92;882.92;2.82;2492.72;883.63
19.01.2017 04:55;882.92;883.63;882.92;882.92;15.52;13705.65;883.13
19.01.2017 04:56;883.49;883.49;882.91;883.04;3.21;2831.69;883.3
19.01.2017 04:57;883.06;883.09;883;883;17.66;15593.39;883.06
19.01.2017 04:58;883.09;883.09;881.66;881.66;0.84;744.94;882.64
19.01.2017 04:59;881.66;881.66;881;881;10.9;9603.03;881.17
19.01.2017 05:00;880.92;883;880.92;883;0.81;716.32;882.66
19.01.2017 05:01;883;883.17;882.99;882.99;1.34;1187.58;883.03
19.01.2017 05:02;883.43;883.43;883.43;883.43;20;17668.6;883.43
19.01.2017 05:03;882.97;883.44;882.44;882.44;10.46;9233.54;883.06
19.01.2017 05:04;883.63;884.18;883.58;884.18;14.84;13111.22;883.61
19.01.2017 05:05;884.06;884.1;884.06;884.1;10.83;9574.77;884.1
19.01.2017 05:06;884.15;884.21;884.15;884.21;0.29;254.83;884.16
19.01.2017 05:07;884.25;884.43;884.25;884.43;1.97;1742.53;884.33
19.01.2017 05:08;885.19;885.19;884.97;884.99;13.39;11848.31;884.98
19.01.2017 05:09;884.45;884.45;884.05;884.43;0.42;374.16;884.24
19.01.2017 05:10;884.06;884.42;884;884;5.61;4959.54;884.1
19.01.2017 05:11;883.62;884.85;883.62;883.66;21.68;19180.93;884.72
19.01.2017 05:12;884.25;884.25;884.25;884.25;0.05;43.52;884.25
19.01.2017 05:13;883.69;883.69;883.67;883.67;0.07;64.07;883.68
19.01.2017 05:14;884.26;884.26;884.26;884.26;1.53;1353.44;884.26
19.01.2017 05:15;0;0;0;0;0;0;0
19.01.2017 05:16;884.2;884.2;884.2;884.2;10;8842;884.2
19.01.2017 05:17;884.48;884.48;883.82;884.48;0.27;237.48;884.45
19.01.2017 05:18;884.48;884.48;884.48;884.48;0.48;423.91;884.48
19.01.2017 05:19;884.5;885.42;884.5;884.64;7.04;6231.38;884.76
19.01.2017 05:20;885.42;886.52;885.42;885.47;9.54;8453.48;886.17
19.01.2017 05:21;886.12;886.48;886.12;886.48;0.25;225.95;886.41
19.01.2017 05:22;885.48;885.48;885.45;885.45;5.03;4455.79;885.45
19.01.2017 05:23;885.45;885.45;885.45;885.45;0.28;248.88;885.45
19.01.2017 05:24;885.76;885.76;885.76;885.76;0.1;87.91;885.76
19.01.2017 05:25;885.45;885.45;885.45;885.45;0.33;296.37;885.45
19.01.2017 05:26;886.45;886.45;886.45;886.45;0.18;159.6;886.45
19.01.2017 05:27;885.45;885.45;885.45;885.45;0.02;19.24;885.45
19.01.2017 05:28;885.45;885.45;885.45;885.45;0.09;79.11;885.45
19.01.2017 05:29;886.43;886.44;886.43;886.44;0.71;630.55;886.43
19.01.2017 05:30;886.56;886.56;886.56;886.56;0.1;86.12;886.56
19.01.2017 05:31;886.12;886.12;884.9;884.93;0.78;693.42;885.25
19.01.2017 05:32;884.44;884.46;883.66;883.66;0.58;514.71;884.15
19.01.2017 05:33;0;0;0;0;0;0;0
19.01.2017 05:34;885.07;886.1;885.07;886.1;0.29;257.45;886.05
19.01.2017 05:35;886.1;886.1;884.41;884.41;0.09;78.88;885.61
19.01.2017 05:36;885.82;885.85;884.82;884.82;0.73;649.51;885.83
19.01.2017 05:37;0;0;0;0;0;0;0
19.01.2017 05:38;0;0;0;0;0;0;0
19.01.2017 05:39;884.66;886.58;884.66;886.58;4.23;3744.3;886.11
19.01.2017 05:40;886.57;886.71;886.57;886.71;0.05;41.77;886.68
19.01.2017 05:41;885.57;885.57;884.7;884.82;0.36;318.97;884.75
19.01.2017 05:42;0;0;0;0;0;0;0
19.01.2017 05:43;884.79;884.79;884.79;884.79;1.17;1037.86;884.79
19.01.2017 05:44;0;0;0;0;0;0;0
19.01.2017 05:45;885.44;885.45;884.51;884.51;0.52;461.28;885.38
19.01.2017 05:46;886.43;886.57;886.43;886.57;0.49;434.98;886.56
19.01.2017 05:47;0;0;0;0;0;0;0
19.01.2017 05:48;886.62;886.62;886.62;886.62;0.06;50.39;886.62
19.01.2017 05:49;886.71;886.71;884.73;884.81;0.51;448.93;884.82
19.01.2017 05:50;884.91;884.91;884.91;884.91;49;43360.59;884.91
19.01.2017 05:51;0;0;0;0;0;0;0
19.01.2017 05:52;885.04;885.04;885.04;885.04;0.39;343.84;885.04
19.01.2017 05:53;886.4;886.4;886.4;886.4;0.3;266.97;886.4
19.01.2017 05:54;0;0;0;0;0;0;0
19.01.2017 05:55;885.12;885.12;883.88;884.71;0.92;816.99;884.58
19.01.2017 05:56;883.85;883.96;883.61;883.64;1.74;1540.09;883.7
19.01.2017 05:57;883.65;883.65;883.65;883.65;0.07;62.74;883.65
19.01.2017 05:58;0;0;0;0;0;0;0
19.01.2017 05:59;0;0;0;0;0;0;0
19.01.2017 06:00;884.97;884.98;884.97;884.98;0.31;270.82;884.97
19.01.2017 06:01;884.43;884.43;884.43;884.43;0.12;107.46;884.43
19.01.2017 06:02;884.7;884.7;884.7;884.7;0.02;17.76;884.7
19.01.2017 06:03;884.98;884.98;884.98;884.98;0.13;113.65;884.98
19.01.2017 06:04;884.59;884.59;884.59;884.59;0.28;248.47;884.59
19.01.2017 06:05;884.71;884.71;884.71;884.71;0.6;531.35;884.71
19.01.2017 06:06;884.45;884.45;884.45;884.45;0.04;34.4;884.45
19.01.2017 06:07;884.97;884.97;884.97;884.97;0.09;79.09;884.97
19.01.2017 06:08;884.45;884.45;883.62;883.74;1.23;1089.47;883.88
19.01.2017 06:09;884.26;884.26;884.23;884.23;3.45;3049.88;884.25
19.01.2017 06:10;0;0;0;0;0;0;0
19.01.2017 06:11;883.7;883.7;883.7;883.7;2.44;2157.47;883.7
19.01.2017 06:12;884.38;884.38;883.74;884.26;0.73;649.47;884.17
19.01.2017 06:13;884.3;886.21;884.3;886.21;33.79;29934.15;885.83
19.01.2017 06:14;884.62;886.98;884.62;886.98;34.68;30734.02;886.18
19.01.2017 06:15;885.41;885.42;884.46;884.52;1.09;966.3;884.98
19.01.2017 06:16;884.97;885.19;884.4;884.43;0.82;721.09;884.78
19.01.2017 06:17;884.55;884.76;884.4;884.4;2.16;1912.55;884.62
19.01.2017 06:18;884.62;884.62;884.16;884.16;2.22;1961.75;884.4
19.01.2017 06:19;883.81;883.81;883.77;883.77;1.4;1237.3;883.79
19.01.2017 06:20;885.94;886.61;884.09;884.09;5.86;5193.11;885.94
19.01.2017 06:21;886.23;886.23;884.9;884.99;1.86;1648.78;884.96
19.01.2017 06:22;885.01;885.26;885.01;885.26;1.61;1425.41;885.17
19.01.2017 06:23;885.26;885.34;884.93;885.05;2.27;2010.11;885.12
19.01.2017 06:24;885.08;885.19;884.48;884.56;1.27;1128.25;884.9
19.01.2017 06:25;886;886;883.61;883.61;2.91;2572.14;883.9
19.01.2017 06:26;883.61;883.61;882.19;882.93;1.88;1663.54;883.39
19.01.2017 06:27;882.87;883;882.87;883;13;11475.01;882.91
19.01.2017 06:28;0;0;0;0;0;0;0
19.01.2017 06:29;882.89;882.89;882.87;882.87;2.21;1951.18;882.89
19.01.2017 06:30;882.87;882.87;882.87;882.87;1.56;1380.85;882.87
19.01.2017 06:31;882.87;882.87;880.9;881;1.07;943.18;881.89
19.01.2017 06:32;881.18;881.18;881.18;881.18;19.02;16760.04;881.18
19.01.2017 06:33;0;0;0;0;0;0;0
19.01.2017 06:34;882.81;882.92;882.8;882.92;13.76;12149.82;882.82
19.01.2017 06:35;882.92;883;882.92;883;12.94;11424.54;882.94
19.01.2017 06:36;882.92;882.92;882.87;882.87;1.98;1748.17;882.89
19.01.2017 06:37;882.87;882.87;882.86;882.86;0.3;261.15;882.87
19.01.2017 06:38;882.86;882.86;882.82;882.82;0.45;398.58;882.84
19.01.2017 06:39;0;0;0;0;0;0;0
19.01.2017 06:40;0;0;0;0;0;0;0
19.01.2017 06:41;882.87;882.87;882.87;882.87;0.01;6.18;882.87
19.01.2017 06:42;0;0;0;0;0;0;0
19.01.2017 06:43;882.87;882.87;882.87;882.87;0.36;314.6;882.87
19.01.2017 06:44;882.87;882.87;882.87;882.87;0.18;158.32;882.87
19.01.2017 06:45;0;0;0;0;0;0;0
19.01.2017 06:46;0;0;0;0;0;0;0
19.01.2017 06:47;882.08;882.08;882.08;882.08;0.01;10.18;882.08
19.01.2017 06:48;882.87;883;882.06;883;0.61;542.4;882.89
19.01.2017 06:49;883;883;883;883;0.1;91.77;883
19.01.2017 06:50;0;0;0;0;0;0;0
19.01.2017 06:51;883;883;883;883;0.02;17.66;883
19.01.2017 06:52;883;883;883;883;0.16;140.28;883
19.01.2017 06:53;883;883;883;883;1;883;883
19.01.2017 06:54;882.09;882.09;882.09;882.09;0.32;286.2;882.09
19.01.2017 06:55;883;883;883;883;0.02;17.66;883
19.01.2017 06:56;0;0;0;0;0;0;0
19.01.2017 06:57;0;0;0;0;0;0;0
19.01.2017 06:58;883;883;882.75;882.75;0.5;439.89;882.8
19.01.2017 06:59;882.75;882.75;882.75;882.75;0.18;156.69;882.75
19.01.2017 07:00;883;883;883;883;11.24;9924.92;883
19.01.2017 07:01;883;883;883;883;0.13;114.79;883
19.01.2017 07:02;883;883;882.86;882.86;4.02;3548.06;883
19.01.2017 07:03;883;883;883;883;0.31;272.04;883
19.01.2017 07:04;883;883;883;883;5.63;4969.41;883
19.01.2017 07:05;883;883;882.99;883;5.73;5056.74;883
19.01.2017 07:06;883;883;882.99;883;8.24;7273.28;883
19.01.2017 07:07;0;0;0;0;0;0;0
19.01.2017 07:08;883;883;883;883;0.81;712.58;883
19.01.2017 07:09;883;883;883;883;7.03;6203.2;883
19.01.2017 07:10;0;0;0;0;0;0;0
19.01.2017 07:11;883;883;883;883;2.25;1983.56;883
19.01.2017 07:12;883;883;882.99;883;31.31;27650.68;883
19.01.2017 07:13;883;883.54;883;883.54;94.63;83561.73;883.01
19.01.2017 07:14;883.54;887.75;883.54;887.75;36.82;32614.39;885.8
19.01.2017 07:15;886.55;886.55;886.54;886.54;7.29;6462.88;886.54
19.01.2017 07:16;886.61;886.83;886.55;886.83;27.57;24450.17;886.74
19.01.2017 07:17;886.63;886.78;886.63;886.78;3.2;2841.17;886.64
19.01.2017 07:18;886.71;886.71;886.44;886.44;1.95;1728.35;886.56
19.01.2017 07:19;886.44;886.44;886.44;886.44;6.32;5604.38;886.44
19.01.2017 07:20;0;0;0;0;0;0;0
19.01.2017 07:21;0;0;0;0;0;0;0
19.01.2017 07:22;886.43;886.43;884.5;884.5;19.27;17052.08;885.13
19.01.2017 07:23;884.86;884.86;884.32;884.32;0.04;37.39;884.63
19.01.2017 07:24;884.2;884.21;883.94;884.21;4.4;3886.23;884.19
19.01.2017 07:25;884.2;884.2;884.2;884.2;0.02;20.34;884.2
19.01.2017 07:26;884.39;884.39;884.38;884.38;9.2;8138.02;884.39
19.01.2017 07:27;884.47;885.29;883.94;885.29;14.05;12428.56;884.5
19.01.2017 07:28;885.44;885.5;885.3;885.5;12.58;11138.65;885.44
19.01.2017 07:29;885.5;885.5;885.5;885.5;0.03;24.35;885.5
19.01.2017 07:30;885.44;885.5;885.44;885.5;4.63;4098.16;885.45
19.01.2017 07:31;885.5;885.5;885.5;885.5;0.23;199.42;885.5
19.01.2017 07:32;0;0;0;0;0;0;0
19.01.2017 07:33;0;0;0;0;0;0;0
19.01.2017 07:34;0;0;0;0;0;0;0
19.01.2017 07:35;885.5;886.5;885.5;886.5;0.55;486.08;886.26
19.01.2017 07:36;885.45;885.45;885.45;885.45;0.01;8.85;885.45
19.01.2017 07:37;884.54;886.53;884.54;886.53;4.52;4009.94;886.19
19.01.2017 07:38;885.43;885.43;884.67;884.67;5.84;5165.04;884.68
19.01.2017 07:39;885;886.41;885;886.41;0.64;564.79;885.49
19.01.2017 07:40;0;0;0;0;0;0;0
19.01.2017 07:41;885.99;885.99;885.99;885.99;0.08;75.13;885.99
19.01.2017 07:42;884.82;884.82;884.39;884.39;1.05;930.71;884.73
19.01.2017 07:43;884.39;884.92;883.6;883.6;7.93;7010.06;884.47
19.01.2017 07:44;883.6;883.92;883.5;883.92;15.38;13593.11;883.58
19.01.2017 07:45;883.96;884.35;883.03;883.03;0.6;533.5;884.2
19.01.2017 07:46;0;0;0;0;0;0;0
19.01.2017 07:47;0;0;0;0;0;0;0
19.01.2017 07:48;0;0;0;0;0;0;0
19.01.2017 07:49;884.36;884.36;884.36;884.36;0.01;8.84;884.36
19.01.2017 07:50;0;0;0;0;0;0;0
19.01.2017 07:51;884.36;884.36;884.36;884.36;0.06;53.06;884.36
19.01.2017 07:52;883.94;883.94;883.94;883.94;0.01;8.84;883.94
19.01.2017 07:53;884.36;884.43;884.36;884.43;0.74;654.01;884.39
19.01.2017 07:54;884.43;886.9;884.43;886.9;11.25;9964.96;885.85
19.01.2017 07:55;0;0;0;0;0;0;0
19.01.2017 07:56;886.96;887.25;886.96;887.25;0.08;71.82;887.21
19.01.2017 07:57;886.53;886.53;885.98;886.49;4.18;3701.17;886.29
19.01.2017 07:58;886.97;886.97;885.99;885.99;0.2;177.21;886.38
19.01.2017 07:59;885.99;885.99;885.11;885.11;15.07;13340.74;885.25
19.01.2017 08:00;0;0;0;0;0;0;0
19.01.2017 08:01;0;0;0;0;0;0;0
19.01.2017 08:02;0;0;0;0;0;0;0
19.01.2017 08:03;0;0;0;0;0;0;0
19.01.2017 08:04;886.49;887.87;886.49;887.87;18.39;16321.48;887.67
19.01.2017 08:05;887.61;888.8;887.61;888.46;13.53;12022.62;888.51
19.01.2017 08:06;888.8;889.39;888.8;889.39;31.9;28357.93;889.05
19.01.2017 08:07;889.55;891.64;889.55;891.64;32.64;29056.3;890.28
19.01.2017 08:08;891.63;891.69;891.63;891.69;2.88;2568.07;891.69
19.01.2017 08:09;891.69;891.71;891.69;891.71;4.53;4041.2;891.7
19.01.2017 08:10;891.7;891.7;891.65;891.65;6.9;6152.53;891.67
19.01.2017 08:11;891.64;891.64;890.64;890.66;20.04;17850.74;890.64
19.01.2017 08:12;0;0;0;0;0;0;0
19.01.2017 08:13;891.07;891.69;891.07;891.69;12.51;11146.65;891.37
19.01.2017 08:14;891.71;891.87;891.71;891.87;7.41;6607.15;891.75
19.01.2017 08:15;891.87;892.04;891.87;892.04;14.02;12505.15;891.88
19.01.2017 08:16;892.04;892.09;892.04;892.09;1.07;950.51;892.08
19.01.2017 08:17;892.08;893.98;892.08;892.63;5.78;5156.82;892.46
19.01.2017 08:18;892.19;892.61;892.19;892.61;0.32;286.54;892.6
19.01.2017 08:19;892.38;892.39;892.38;892.38;5.35;4776.14;892.38
19.01.2017 08:20;892;892.45;892;892.45;0.26;233.26;892.4
19.01.2017 08:21;0;0;0;0;0;0;0
19.01.2017 08:22;892.25;892.25;892.25;892.25;0.5;448.44;892.25
19.01.2017 08:23;892.34;892.6;892.34;892.6;11.37;10149.39;892.34
19.01.2017 08:24;0;0;0;0;0;0;0
19.01.2017 08:25;892.34;893.88;892.34;892.34;50.75;45355.83;893.7
19.01.2017 08:26;0;0;0;0;0;0;0
19.01.2017 08:27;0;0;0;0;0;0;0
19.01.2017 08:28;893.5;893.5;893.13;893.13;0.04;32.21;893.19
19.01.2017 08:29;893.5;894;893.5;894;18.17;16241.98;894
19.01.2017 08:30;894;895.45;894;895.45;45.92;41073.34;894.48
19.01.2017 08:31;895.45;896.83;895.2;896.83;21.74;19476.59;895.75
19.01.2017 08:32;896.47;896.47;896.47;896.47;14.49;12986.26;896.47
19.01.2017 08:33;896.44;896.45;894.64;894.64;4.13;3703;896.39
19.01.2017 08:34;895.91;896.39;894.66;895.08;39.88;35696.74;895.14
19.01.2017 08:35;895.03;895.03;894.61;894.61;4;3579.63;894.91
19.01.2017 08:36;894.61;894.61;894.61;894.61;6;5367.66;894.61
19.01.2017 08:37;894.61;894.61;894.5;894.5;3.15;2817.78;894.61
19.01.2017 08:38;894.45;894.45;893.51;893.51;1.22;1093.11;893.68
19.01.2017 08:39;893.51;893.52;893.51;893.52;5.15;4604.49;893.51
19.01.2017 08:40;893.52;894.27;893.52;893.55;7.12;6365.52;894.17
19.01.2017 08:41;893.75;893.75;893.6;893.6;7.69;6869.68;893.6
19.01.2017 08:42;893.71;893.71;893.71;893.71;2;1787.42;893.71
19.01.2017 08:43;0;0;0;0;0;0;0
19.01.2017 08:44;894.26;894.27;894.26;894.27;7.85;7018.72;894.26
19.01.2017 08:45;894.27;894.27;894.26;894.26;1.69;1508.02;894.27
19.01.2017 08:46;894.27;896.83;894.27;895.1;107.55;96264.25;895.06
19.01.2017 08:47;895.19;895.25;895.19;895.25;0.24;212.99;895.22
19.01.2017 08:48;895.43;895.51;895.43;895.51;0.14;127.27;895.44
19.01.2017 08:49;896.37;896.46;895.61;895.61;22.36;20047.41;896.41
19.01.2017 08:50;896.46;897.7;895.61;897.7;72.29;64831.76;896.8
19.01.2017 08:51;897.71;899;894.81;898.42;39.4;35384.45;898.11
19.01.2017 08:52;895.44;898.05;895.39;896;4.85;4341.44;895.49
19.01.2017 08:53;896.07;896.08;896;896;14.53;13022.54;896.01
19.01.2017 08:54;896.02;897.51;896.02;896.65;43.69;39168.22;896.51
19.01.2017 08:55;896.05;896.11;894.28;894.28;17.39;15570.65;895.54
19.01.2017 08:56;894.28;894.28;894.28;894.28;7.83;7004.9;894.28
19.01.2017 08:57;894.28;894.28;894.27;894.27;6.62;5923.7;894.28
19.01.2017 08:58;894.28;894.28;894.28;894.28;0.68;604.94;894.28
19.01.2017 08:59;894.28;894.28;894.27;894.27;4.1;3669.19;894.27
19.01.2017 09:00;894.27;894.49;894.27;894.27;18.86;16867.55;894.27
19.01.2017 09:01;894.27;894.27;893.99;893.99;12.05;10778.63;894.25
19.01.2017 09:02;893.99;894.92;891.97;892.39;18.55;16560.64;892.64
19.01.2017 09:03;892.57;892.58;891.89;891.89;16.27;14520.99;892.29
19.01.2017 09:04;0;0;0;0;0;0;0
19.01.2017 09:05;892.7;892.7;887.19;887.19;127.63;113562.23;889.8
19.01.2017 09:06;889.99;891.04;889.98;891.03;62.32;55525.45;890.99
19.01.2017 09:07;891.24;891.24;891.12;891.12;5.05;4501.47;891.14
19.01.2017 09:08;891.16;893.62;890.05;893.62;64.45;57500.93;892.21
19.01.2017 09:09;891.7;893.5;890.62;891.2;2.4;2137.43;892.01
19.01.2017 09:10;893.49;893.49;893.49;893.49;0.06;51.91;893.49
19.01.2017 09:11;893.49;894.78;891.52;891.54;34.94;31237.37;893.95
19.01.2017 09:12;892.27;892.34;891.96;891.98;1.46;1305.99;892.07
19.01.2017 09:13;891.98;891.98;891.57;891.57;51.31;45747.67;891.59
19.01.2017 09:14;893.83;893.83;892.41;892.41;22.86;20433.63;893.8
19.01.2017 09:15;892.41;893.91;892.34;892.41;1.35;1202.88;893.5
19.01.2017 09:16;893.9;893.9;893.9;893.9;0.26;229.42;893.9
19.01.2017 09:17;893.31;893.31;893.31;893.31;2;1786.62;893.31
19.01.2017 09:18;893.95;895.94;893.95;894.79;1.34;1197.4;895.39
19.01.2017 09:19;895.26;895.26;893.99;894.75;23.16;20728.42;895.03
19.01.2017 09:20;894.77;894.77;893.01;893.05;4.35;3891.31;893.79
19.01.2017 09:21;894.64;894.64;894.59;894.59;10.21;9131.45;894.59
19.01.2017 09:22;0;0;0;0;0;0;0
19.01.2017 09:23;894.68;894.68;893.03;893.16;3.85;3437.07;893.33
19.01.2017 09:24;893.13;893.13;893.13;893.13;2.13;1901.74;893.13
19.01.2017 09:25;893.15;893.15;893.15;893.15;1;893.15;893.15
19.01.2017 09:26;0;0;0;0;0;0;0
19.01.2017 09:27;893.99;893.99;893.99;893.99;0.02;16.78;893.99
19.01.2017 09:28;893.99;894.45;893.15;893.16;3.07;2745.42;893.94
19.01.2017 09:29;893.16;893.16;893.16;893.16;23.8;21253.01;893.16
19.01.2017 09:30;894.46;894.46;894.46;894.46;0.14;127.96;894.46
19.01.2017 09:31;894.5;894.69;893.52;893.61;1.81;1617.7;893.79
19.01.2017 09:32;893.61;893.61;893.61;893.61;1.83;1630.84;893.61
19.01.2017 09:33;894.62;895.02;894.62;895;6.34;5674.64;894.98
19.01.2017 09:34;895;895.49;893.12;893.13;85.01;76093.18;895.15
19.01.2017 09:35;894.03;894.87;894.03;894.1;10.45;9346.08;894.06
19.01.2017 09:36;894.1;894.1;893.02;893.02;19.96;17839.7;893.91
19.01.2017 09:37;893.02;893.85;892.13;892.16;11.68;10433.49;892.9
19.01.2017 09:38;892.16;892.57;892.1;892.13;8.98;8011.74;892.42
19.01.2017 09:39;892.13;892.16;892.09;892.11;10.54;9400.25;892.12
19.01.2017 09:40;891.75;893.7;891.7;891.7;0.97;862.46;891.75
19.01.2017 09:41;891.78;893.08;891.75;893.08;14.15;12636.87;893.06
19.01.2017 09:42;892.37;892.41;892.37;892.41;2.24;1998.62;892.4
19.01.2017 09:43;893;893.11;893;893.01;22.63;20209.5;893.01
19.01.2017 09:44;0;0;0;0;0;0;0
19.01.2017 09:45;0;0;0;0;0;0;0
19.01.2017 09:46;893.09;893.28;893.06;893.08;5.72;5106.81;893.11
19.01.2017 09:47;893.08;894;891.65;891.65;20.49;18299.98;893.03
19.01.2017 09:48;891.65;892.76;891.65;892.76;21.72;19390.4;892.62
19.01.2017 09:49;891.66;892.72;891.66;892.01;1.59;1414.82;892.01
19.01.2017 09:50;892;892;890;890.07;101.04;89975.63;890.51
19.01.2017 09:51;890.01;890.01;889.99;890.01;40.05;35641.27;890.01
19.01.2017 09:52;0;0;0;0;0;0;0
19.01.2017 09:53;890.54;890.54;890.53;890.53;1.02;904.31;890.53
19.01.2017 09:54;890.53;890.53;890.52;890.52;4;3562.11;890.53
19.01.2017 09:55;890.54;890.99;890.54;890.99;4.03;3588.19;890.95
19.01.2017 09:56;890.99;890.99;889.95;890.99;2.17;1932.98;890.91
19.01.2017 09:57;890.99;890.99;890.22;890.25;0.93;832.56;890.79
19.01.2017 09:58;890.27;890.99;889.83;889.83;11.53;10267.22;890.13
19.01.2017 09:59;889.83;890.22;888.88;888.88;21.76;19352.47;889.36
19.01.2017 10:00;889.47;889.48;889.44;889.48;0.71;633.77;889.47
19.01.2017 10:01;889.6;889.6;889.6;889.6;0.09;79.34;889.6
19.01.2017 10:02;889.55;890.53;889.55;890.53;5.74;5112.4;890.43
19.01.2017 10:03;890.5;890.54;889;889.08;56.47;50279.5;890.45
19.01.2017 10:04;889.16;889.19;889;889.02;3.75;3331.36;889.07
19.01.2017 10:05;889.01;890.29;889.01;889.01;2.91;2585.15;889.01
19.01.2017 10:06;889.01;889.01;888.88;888.88;11.76;10453.7;888.96
19.01.2017 10:07;888.88;889.72;888;888.01;6.73;5981.24;888.65
19.01.2017 10:08;888.83;888.83;888;888.19;0.28;247.86;888.06
19.01.2017 10:09;888.22;889;888.22;888.52;12.18;10816.86;888.3
19.01.2017 10:10;888.52;888.52;888.01;888.04;3.62;3213.28;888.14
19.01.2017 10:11;889.51;889.51;889.51;889.51;0.18;156.55;889.51
19.01.2017 10:12;889.51;889.51;889.51;889.51;0.29;257.11;889.51
19.01.2017 10:13;0;0;0;0;0;0;0
19.01.2017 10:14;888.97;889;888.97;889;2.91;2590.82;888.99
19.01.2017 10:15;889;889;889;889;6;5334;889
19.01.2017 10:16;889;889;889;889;6.82;6059.57;889
19.01.2017 10:17;889.24;890.01;889.24;890.01;0.42;378.11;889.8
19.01.2017 10:18;890.32;890.32;890.32;890.32;0.56;498.75;890.32
19.01.2017 10:19;890.31;890.31;890.31;890.31;0.02;19.96;890.31
19.01.2017 10:20;890.25;890.25;890.21;890.21;11.52;10251.23;890.23
19.01.2017 10:21;890.3;890.3;890.21;890.21;0.11;99.53;890.26
19.01.2017 10:22;890.3;890.3;890.3;890.3;0.46;408.22;890.3
19.01.2017 10:23;0;0;0;0;0;0;0
19.01.2017 10:24;890.21;890.21;890;890;11.24;10006.17;890.18
19.01.2017 10:25;889;889;889;889;0.5;444.5;889
19.01.2017 10:26;888.88;888.88;888.88;888.88;0.01;8.89;888.88
19.01.2017 10:27;0;0;0;0;0;0;0
19.01.2017 10:28;889.83;890.51;889.83;890.51;11.53;10264.24;890.31
19.01.2017 10:29;0;0;0;0;0;0;0
19.01.2017 10:30;0;0;0;0;0;0;0
19.01.2017 10:31;0;0;0;0;0;0;0
19.01.2017 10:32;889.88;889.88;888;888;2.3;2045.1;888.8
19.01.2017 10:33;887.88;887.88;885.65;886.63;5.94;5261.77;886.41
19.01.2017 10:34;886.63;886.63;883;885.72;46.93;41502.44;884.34
19.01.2017 10:35;886.63;886.63;885.73;885.73;12.19;10794.18;885.84
19.01.2017 10:36;885.74;886.69;885.04;885.84;28.39;25160.42;886.27
19.01.2017 10:37;886.67;886.93;886.67;886.93;0.42;372.4;886.78
19.01.2017 10:38;886.8;886.93;886.8;886.93;1.01;892.48;886.86
19.01.2017 10:39;886.93;886.93;886.93;886.93;0.09;82.62;886.93
19.01.2017 10:40;887;887.54;887;887.54;0.05;41.69;887.11
19.01.2017 10:41;887.66;887.66;887.57;887.57;0.07;58.85;887.58
19.01.2017 10:42;0;0;0;0;0;0;0
19.01.2017 10:43;886.93;886.93;885;885;39;34522.78;885.2
19.01.2017 10:44;887.51;887.51;887.49;887.49;0.11;97.09;887.5
19.01.2017 10:45;887.09;887.09;887.09;887.09;0.03;24.12;887.09
19.01.2017 10:46;0;0;0;0;0;0;0
19.01.2017 10:47;887.63;887.63;885.06;886.98;10.5;9315.65;887.06
19.01.2017 10:48;886.94;886.94;885.53;885.53;0.57;508.43;886.01
19.01.2017 10:49;885.53;886.32;884.45;886.32;4.59;4063.32;885.69
19.01.2017 10:50;885.96;885.96;884.56;885.71;3.99;3532.49;885.71
19.01.2017 10:51;885.76;887.48;885.73;887.48;34.34;30444.97;886.54
19.01.2017 10:52;887.47;888.7;885.71;887.99;56.97;50593.2;888.11
19.01.2017 10:53;887.49;890.1;886.34;889.83;45.98;40876.48;889.03
19.01.2017 10:54;889.91;890.04;886.84;886.84;15.08;13416.99;889.54
19.01.2017 10:55;886.84;886.85;886.83;886.85;1.24;1098.8;886.84
19.01.2017 10:56;886.85;886.85;886.83;886.83;1.49;1316.95;886.84
19.01.2017 10:57;886.83;886.83;886.83;886.83;5.96;5282.2;886.83
19.01.2017 10:58;886.83;886.83;886.83;886.83;2.22;1967.88;886.83
19.01.2017 10:59;886.83;886.83;885.26;885.3;3.65;3234.38;885.89
19.01.2017 11:00;885.73;885.73;885.73;885.73;0.01;6.2;885.73
19.01.2017 11:01;887.35;888.27;887.35;888.01;2.01;1785.72;887.76
19.01.2017 11:02;888.4;888.4;888.4;888.4;0.01;8.88;888.4
19.01.2017 11:03;888.67;888.68;887.99;888.01;5.2;4623.72;888.49
19.01.2017 11:04;888.26;888.26;888.26;888.26;0.16;137.68;888.26
19.01.2017 11:05;889.27;889.51;889.27;889.51;1;889.39;889.39
19.01.2017 11:06;888.63;889.88;888.63;889.88;1.7;1516.34;889.44
19.01.2017 11:07;888.91;889.87;888.91;889.87;1.21;1073.56;888.91
19.01.2017 11:08;0;0;0;0;0;0;0
19.01.2017 11:09;889.87;889.87;889.87;889.87;1.2;1064.74;889.87
19.01.2017 11:10;889.9;889.93;889.9;889.93;10.23;9104.93;889.9
19.01.2017 11:11;889.93;889.93;889.92;889.92;0.28;251.4;889.93
19.01.2017 11:12;889.92;890.54;889.92;890.54;22.27;19828.07;890.45
19.01.2017 11:13;891;891;890.54;890.54;22.65;20180.84;890.95
19.01.2017 11:14;891;891;890.54;890.54;0.62;547.93;890.65
19.01.2017 11:15;890.54;890.55;890.54;890.55;0.15;134.28;890.54
19.01.2017 11:16;890.62;891;890.54;891;60.03;53462.48;890.6
19.01.2017 11:17;890.58;890.58;889.99;889.99;59.73;53192.25;890.56
19.01.2017 11:18;890;890.78;890;890;1.01;898.31;890.39
19.01.2017 11:19;890;890;890;890;0.24;213.18;890
19.01.2017 11:20;889.4;889.4;886.86;886.86;1.93;1711.94;887.66
19.01.2017 11:21;888.38;888.38;888.38;888.38;1.12;998;888.38
19.01.2017 11:22;0;0;0;0;0;0;0
19.01.2017 11:23;888.29;888.29;888.29;888.29;0.01;8.88;888.29
19.01.2017 11:24;0;0;0;0;0;0;0
19.01.2017 11:25;888.32;888.32;888.32;888.32;0.13;117.54;888.32
19.01.2017 11:26;888.32;888.32;888.32;888.32;0.09;81.74;888.32
19.01.2017 11:27;888.31;889.82;888.31;888.36;2.99;2654.49;888.95
19.01.2017 11:28;888.32;888.81;888.29;888.3;1.01;897.9;888.43
19.01.2017 11:29;888.3;888.3;888.29;888.29;0.47;415.72;888.29
19.01.2017 11:30;888.8;888.81;888.8;888.81;0.45;399.12;888.8
19.01.2017 11:31;888.3;888.3;888.3;888.3;0.05;45.88;888.3
19.01.2017 11:32;0;0;0;0;0;0;0
19.01.2017 11:33;888.35;888.35;888.29;888.33;0.83;740.33;888.33
19.01.2017 11:34;888.29;888.29;888.29;888.29;3.96;3520.29;888.29
19.01.2017 11:35;888.29;888.29;888.29;888.29;7.89;7011.27;888.29
19.01.2017 11:36;887.29;887.29;886.8;886.8;0.18;158.74;886.83
19.01.2017 11:37;887.72;887.72;886.27;886.27;0.34;302.53;886.66
19.01.2017 11:38;887.01;887.01;887;887;0.37;328.92;887
19.01.2017 11:39;0;0;0;0;0;0;0
19.01.2017 11:40;887.44;887.49;887.44;887.49;1.42;1262.83;887.47
19.01.2017 11:41;886.85;886.85;885.37;885.37;20;17717.06;885.85
19.01.2017 11:42;0;0;0;0;0;0;0
19.01.2017 11:43;886.1;888;886;888;8.99;7974.1;887.27
19.01.2017 11:44;888.01;888.26;888.01;888.26;5;4441.12;888.22
19.01.2017 11:45;887.97;888.56;887.97;888.07;4.25;3774.37;888.04
19.01.2017 11:46;0;0;0;0;0;0;0
19.01.2017 11:47;0;0;0;0;0;0;0
19.01.2017 11:48;888.23;888.23;888.22;888.22;57.06;50680.32;888.22
19.01.2017 11:49;888.46;888.79;888.29;888.77;7.23;6420.61;888.64
19.01.2017 11:50;888.79;888.79;887.69;887.69;2.58;2290.17;888.65
19.01.2017 11:51;887.68;887.68;887.68;887.68;0.73;649.86;887.68
19.01.2017 11:52;0;0;0;0;0;0;0
19.01.2017 11:53;888.63;888.79;888.63;888.79;9.84;8749;888.7
19.01.2017 11:54;0;0;0;0;0;0;0
19.01.2017 11:55;887.79;888.79;887.76;887.76;1.35;1198.11;887.78
19.01.2017 11:56;887.76;887.76;887.76;887.76;0.09;79.9;887.76
19.01.2017 11:57;888.33;888.59;888.3;888.59;2.33;2068.85;888.58
19.01.2017 11:58;887.77;888.57;887.77;888.31;0.68;600.58;887.91
19.01.2017 11:59;888.55;888.79;888.55;888.79;2.74;2431.81;888.73
19.01.2017 12:00;888.79;888.79;888.79;888.79;2.18;1941.33;888.79
19.01.2017 12:01;0;0;0;0;0;0;0
19.01.2017 12:02;888.82;889;888.82;889;2.81;2495.07;888.83
19.01.2017 12:03;889.4;889.59;889.4;889.59;0.11;97.84;889.42
19.01.2017 12:04;0;0;0;0;0;0;0
19.01.2017 12:05;889.85;889.85;889.85;889.85;0.06;51.61;889.85
19.01.2017 12:06;0;0;0;0;0;0;0
19.01.2017 12:07;0;0;0;0;0;0;0
19.01.2017 12:08;0;0;0;0;0;0;0
19.01.2017 12:09;890.59;890.59;890.59;890.59;0.01;8.91;890.59
19.01.2017 12:10;890.6;890.6;890.6;890.6;0.45;400.66;890.6
19.01.2017 12:11;890.81;890.82;890.81;890.82;0.77;683.25;890.81
19.01.2017 12:12;890.89;890.89;890.89;890.89;0.02;19.4;890.89
19.01.2017 12:13;890.89;890.89;890.88;890.88;0.33;291.87;890.89
19.01.2017 12:14;890.89;891.21;890.89;891.21;19.62;17484.76;891.04
19.01.2017 12:15;891.34;891.34;890.81;891;80.39;71649.89;891.25
19.01.2017 12:16;890.82;890.82;890.6;890.6;11;9798.64;890.79
19.01.2017 12:17;891;891.23;891;891.22;10.61;9451.06;891.02
19.01.2017 12:18;891.59;892.42;891.59;892.42;1.12;997.61;892.14
19.01.2017 12:19;891.23;891.23;891.22;891.22;0.71;634.79;891.22
19.01.2017 12:20;891.22;891.22;891.22;891.22;0.05;46.99;891.22
19.01.2017 12:21;891.67;892.03;890.64;892.03;4.75;4238.95;891.54
19.01.2017 12:22;890.72;891.44;890;891.44;5.67;5051.98;890.62
19.01.2017 12:23;891.34;891.34;890.01;890.01;2.15;1914.21;890.02
19.01.2017 12:24;890.01;890.01;890.01;890.01;0.66;590.27;890.01
19.01.2017 12:25;891.22;891.22;891.22;891.22;0.3;265.55;891.22
19.01.2017 12:26;891.21;892.47;890.02;892.47;3.51;3128.39;890.04
19.01.2017 12:27;0;0;0;0;0;0;0
19.01.2017 12:28;892.42;892.42;890.18;890.18;10.03;8929.94;890.56
19.01.2017 12:29;890.03;892.02;890.03;892.02;11.96;10649.1;890.36
19.01.2017 12:30;890.2;891.63;890.11;890.11;21.26;18953.03;891.35
19.01.2017 12:31;891.4;891.4;890.13;890.13;0.06;55.03;890.77
19.01.2017 12:32;0;0;0;0;0;0;0
19.01.2017 12:33;0;0;0;0;0;0;0
19.01.2017 12:34;891.1;891.1;890.28;890.28;3.99;3555.69;890.39
19.01.2017 12:35;890.28;890.28;890.28;890.28;0.27;235.92;890.28
19.01.2017 12:36;890.27;890.28;890.27;890.28;9.63;8569.28;890.27
19.01.2017 12:37;890.28;891.1;890.28;891.1;9;8015.23;890.58
19.01.2017 12:38;891.05;891.05;890.29;890.29;0.88;785.45;890.62
19.01.2017 12:39;890.31;890.32;890.29;890.32;0.44;389.79;890.3
19.01.2017 12:40;0;0;0;0;0;0;0
19.01.2017 12:41;0;0;0;0;0;0;0
19.01.2017 12:42;890.3;890.3;890.3;890.3;0.24;217.56;890.3
19.01.2017 12:43;890.29;890.29;890.27;890.27;2.03;1803.38;890.28
19.01.2017 12:44;890.2;890.2;890;890.12;1.25;1115.43;890.14
19.01.2017 12:45;890.12;890.12;890;890;10.25;9125.46;890
19.01.2017 12:46;889.59;889.83;889.01;889.01;2.41;2141.76;889.54
19.01.2017 12:47;889;889.77;888.99;888.99;1.25;1115.39;889.02
19.01.2017 12:48;889.51;889.51;889.51;889.51;1.12;997.41;889.51
19.01.2017 12:49;889.51;889.51;889.03;889.03;2.32;2063.92;889.26
19.01.2017 12:50;0;0;0;0;0;0;0
19.01.2017 12:51;889.72;890.16;889.52;890.16;25.98;23122.46;889.98
19.01.2017 12:52;890.12;890.12;890.12;890.12;0.01;7.02;890.12
19.01.2017 12:53;890.11;890.15;890.11;890.15;36.22;32239.27;890.12
19.01.2017 12:54;890.15;890.17;890.14;890.17;3.7;3293.27;890.15
19.01.2017 12:55;890.17;890.17;890.17;890.17;1.07;956.55;890.17
19.01.2017 12:56;890.17;890.17;890.16;890.16;2.05;1827.98;890.17
19.01.2017 12:57;890.17;890.17;890.17;890.17;2;1780.34;890.17
19.01.2017 12:58;890.17;890.17;890.16;890.16;0.14;127.32;890.17
19.01.2017 12:59;0;0;0;0;0;0;0
19.01.2017 13:00;0;0;0;0;0;0;0
19.01.2017 13:01;890.16;890.17;890.16;890.16;8.41;7482.39;890.16
19.01.2017 13:02;890.16;890.16;890.15;890.15;2;1780.31;890.16
19.01.2017 13:03;890.16;890.18;890.16;890.18;11.68;10395.6;890.16
19.01.2017 13:04;890.24;890.86;890.16;890.16;2;1780.71;890.36
19.01.2017 13:05;890.16;890.16;890.16;890.16;1.27;1133.17;890.16
19.01.2017 13:06;890.16;890.16;890.16;890.16;1;890.16;890.16
19.01.2017 13:07;890.16;890.16;889.02;889.02;11.33;10083.17;890.07
19.01.2017 13:08;889.02;890.03;888.9;888.9;4.13;3676.45;889.17
19.01.2017 13:09;888.91;889.88;888.91;888.91;0.41;361.5;889.52
19.01.2017 13:10;889.4;889.4;888.94;889.08;1.49;1321.73;889.29
19.01.2017 13:11;889.08;889.38;889.08;889.38;0.78;691;889.34
19.01.2017 13:12;889.36;889.36;889.36;889.36;0.09;82.53;889.36
19.01.2017 13:13;890.03;890.03;890;890;1;890.01;890.01
19.01.2017 13:14;890.72;890.72;890;890;0.72;642.43;890.48
19.01.2017 13:15;890;890.5;890;890;2.38;2118.25;890.03
19.01.2017 13:16;890;890.5;890;890.5;0.24;215.04;890.05
19.01.2017 13:17;890;890.8;890;890;21.53;19171.33;890.49
19.01.2017 13:18;890;890.44;890;890;9.76;8684.42;890
19.01.2017 13:19;890;890.6;890;890;2.76;2460.78;890.03
19.01.2017 13:20;890;890.11;890;890.11;2.09;1859.42;890.02
19.01.2017 13:21;890.11;890.8;890;890;6.16;5483.34;890.31
19.01.2017 13:22;890;890.77;890;890.77;0.43;383.63;890.1
19.01.2017 13:23;890.77;890.77;890.77;890.77;0.15;138.05;890.77
19.01.2017 13:24;890.2;890.2;890.2;890.2;0.6;529.67;890.2
19.01.2017 13:25;890.21;890.77;890.21;890.21;1.43;1276.65;890.28
19.01.2017 13:26;890.76;890.77;890.76;890.77;1;886.81;890.77
19.01.2017 13:27;890.77;894.01;890.77;894.01;82.73;73848.16;892.61
19.01.2017 13:28;894.44;895;891.17;891.17;27.21;24344.26;894.52
19.01.2017 13:29;892.02;892.02;892;892;1.94;1730.16;892.01
19.01.2017 13:30;892.02;892.06;892;892.02;0.94;838.46;892.01
19.01.2017 13:31;892.69;893.01;892.69;892.7;1.56;1391.44;892.7
19.01.2017 13:32;892.7;893.53;892.7;893.5;1.23;1101.48;892.92
19.01.2017 13:33;893.55;893.75;892.71;892.71;0.66;588.92;893.01
19.01.2017 13:34;892.72;894.01;892.71;894.01;0.07;60.77;893.62
19.01.2017 13:35;894.01;894.95;894.01;894.95;22.06;19722.47;894.09
19.01.2017 13:36;894.95;894.97;893.43;894.11;13.84;12376.78;894.21
19.01.2017 13:37;893.47;895.67;893.45;893.45;77.89;69661.55;894.35
19.01.2017 13:38;893.45;893.7;893.45;893.7;7.79;6956.44;893.46
19.01.2017 13:39;893.45;893.47;893.45;893.47;1.95;1738.67;893.46
19.01.2017 13:40;893.47;893.47;893.47;893.47;2.11;1885.22;893.47
19.01.2017 13:41;893.47;894.37;893.47;893.54;8.72;7792.26;893.85
19.01.2017 13:42;893.57;893.8;893.57;893.8;5.39;4816.47;893.69
19.01.2017 13:43;893.51;893.6;893.5;893.5;4.49;4013.1;893.59
19.01.2017 13:44;893.5;893.51;893.03;893.03;11.46;10236.52;893.49
19.01.2017 13:45;893.03;893.32;892;892;6.43;5742.99;892.75
19.01.2017 13:46;893.14;893.14;892;892;0.62;555.51;892.57
19.01.2017 13:47;892;892.27;891.24;892.27;4.91;4381.8;891.95
19.01.2017 13:48;0;0;0;0;0;0;0
19.01.2017 13:49;892.34;892.34;892.34;892.34;56.85;50733.17;892.34
19.01.2017 13:50;892.42;892.71;892.42;892.71;0.16;142.83;892.68
19.01.2017 13:51;891.66;891.66;891.66;891.66;0.02;18.72;891.66
19.01.2017 13:52;892.71;892.71;892.71;892.71;0.12;107.33;892.71
19.01.2017 13:53;891.87;892.7;891.02;891.04;3.05;2719.71;891.58
19.01.2017 13:54;0;0;0;0;0;0;0
19.01.2017 13:55;0;0;0;0;0;0;0
19.01.2017 13:56;0;0;0;0;0;0;0
19.01.2017 13:57;0;0;0;0;0;0;0
19.01.2017 13:58;891.13;891.9;891.13;891.13;1.25;1116.19;891.22
19.01.2017 13:59;891.19;891.19;891.19;891.19;1.12;997.6;891.19
19.01.2017 14:00;0;0;0;0;0;0;0
19.01.2017 14:01;891.72;892.74;891.72;892.74;1.95;1741.48;892.2
19.01.2017 14:02;893.14;893.51;893.14;893.51;14.46;12919.37;893.4
19.01.2017 14:03;893.45;893.51;893.41;893.41;2.14;1914.79;893.47
19.01.2017 14:04;893.41;893.41;892.41;893.01;0.78;697.11;892.82
19.01.2017 14:05;892.94;892.94;892.94;892.94;0.05;41.08;892.94
19.01.2017 14:06;892.94;892.95;892.94;892.95;0.69;614.34;892.95
19.01.2017 14:07;894.27;894.31;894.27;894.31;0.17;148.64;894.28
19.01.2017 14:08;893.32;894.31;893.32;894.31;2.41;2151.64;893.53
19.01.2017 14:09;0;0;0;0;0;0;0
19.01.2017 14:10;894.21;894.21;893.71;893.71;0.19;165.84;893.8
19.01.2017 14:11;0;0;0;0;0;0;0
19.01.2017 14:12;0;0;0;0;0;0;0
19.01.2017 14:13;0;0;0;0;0;0;0
19.01.2017 14:14;894.03;894.24;894.03;894.24;0.74;664.62;894.17
19.01.2017 14:15;893.51;894.62;893.51;894.62;5.4;4830.44;894.53
19.01.2017 14:16;0;0;0;0;0;0;0
19.01.2017 14:17;894.5;894.96;894.5;894.96;30.02;26858.61;894.8
19.01.2017 14:18;894.95;895.04;894.73;894.99;32.89;29434.31;894.92
19.01.2017 14:19;894.15;895;894.15;894.36;21.67;19390.44;894.94
19.01.2017 14:20;894.97;894.97;894.87;894.87;0.03;26.85;894.9
19.01.2017 14:21;894.84;895;894.6;894.86;26.39;23618.27;894.84
19.01.2017 14:22;895.01;895.36;895.01;895.36;30.31;27132.55;895.24
19.01.2017 14:23;895.35;895.37;895.07;895.07;22.14;19815.49;895.16
19.01.2017 14:24;895.07;895.47;895.04;895.07;26.38;23617.07;895.3
19.01.2017 14:25;895.12;895.12;895.09;895.09;0.07;65.34;895.1
19.01.2017 14:26;895.47;895.47;895.46;895.46;0.44;395.44;895.46
19.01.2017 14:27;895.46;896;895.46;895.53;38.04;34072.79;895.81
19.01.2017 14:28;896;897;895.48;897;112.39;100777.32;896.64
19.01.2017 14:29;0;0;0;0;0;0;0
19.01.2017 14:30;896.89;897;896.88;897;60.3;54084.98;896.99
19.01.2017 14:31;895.51;896.99;895.51;895.51;0.61;544.9;896.64
19.01.2017 14:32;895.51;895.51;895.08;895.08;0.3;268.56;895.19
19.01.2017 14:33;0;0;0;0;0;0;0
19.01.2017 14:34;0;0;0;0;0;0;0
19.01.2017 14:35;895.08;896.84;895.08;896.49;1.13;1012.22;896.4
19.01.2017 14:36;896.49;896.84;895.08;896.37;4.97;4459.16;896.31
19.01.2017 14:37;896.28;897;895.14;895.53;96.31;86378.14;896.86
19.01.2017 14:38;895.56;896.91;895.4;895.4;11.91;10669.17;895.59
19.01.2017 14:39;895.4;897;895.08;895.11;73.45;65816;896.03
19.01.2017 14:40;896.36;896.36;896.36;896.36;0.25;224.09;896.36
19.01.2017 14:41;896.36;896.36;895.55;895.55;26.29;23563.07;896.31
19.01.2017 14:42;895.56;895.56;895.12;895.12;50.96;45639.41;895.56
19.01.2017 14:43;895.56;897;895.56;897;67.02;60067.43;896.25
19.01.2017 14:44;896.17;896.18;896.16;896.18;3.05;2730.37;896.17
19.01.2017 14:45;896.18;897;896.18;896.96;50.33;45143.5;896.89
19.01.2017 14:46;896.96;897.03;896.21;896.21;2.05;1835.03;896.89
19.01.2017 14:47;896.22;897.02;896.18;896.19;3.6;3231.14;896.57
19.01.2017 14:48;896.2;896.74;896.18;896.19;3.58;3206.66;896.2
19.01.2017 14:49;896.19;896.69;896.19;896.19;0.82;732.2;896.2
19.01.2017 14:50;896.19;896.19;896.19;896.19;0.93;833.46;896.19
19.01.2017 14:51;896.2;896.68;896.2;896.68;1.02;915.8;896.21
19.01.2017 14:52;896.87;896.88;896.22;896.85;1.67;1496.72;896.53
19.01.2017 14:53;896.18;896.69;896.18;896.18;8.17;7324.07;896.29
19.01.2017 14:54;896.18;896.56;895;895.5;16.93;15166.37;895.69
19.01.2017 14:55;895;895;895;895;5.3;4746.19;895
19.01.2017 14:56;895.01;895.5;895;895;22.04;19723.78;895.02
19.01.2017 14:57;895.5;895.5;895;895;88.11;78859.96;895.01
19.01.2017 14:58;895;895.48;895;895;7.05;6308.94;895.02
19.01.2017 14:59;895;896.32;895;895;1.57;1408.13;895.15
19.01.2017 15:00;895;895;895;895;2.32;2079.09;895
19.01.2017 15:01;895;895;895;895;4.32;3867.3;895
19.01.2017 15:02;895.63;896.39;895;895;101.4;90749.47;895.01
19.01.2017 15:03;895;895.48;895;895;1.6;1429.22;895.03
19.01.2017 15:04;895;895.34;894.72;895.01;2.3;2062.77;895
19.01.2017 15:05;895;895.45;895;895.45;1.9;1698.45;895.03
19.01.2017 15:06;895;895.07;895;895;4.91;4398.31;895.03
19.01.2017 15:07;895;895;894.76;894.97;5.46;4883.28;894.99
19.01.2017 15:08;895.45;895.45;894.76;894.76;0.22;197.83;895.41
19.01.2017 15:09;894.99;895.23;894.99;895.23;9.1;8145.27;895.1
19.01.2017 15:10;0;0;0;0;0;0;0
19.01.2017 15:11;895.46;895.49;895.46;895.49;7;6268.49;895.49
19.01.2017 15:12;895.47;895.48;895.47;895.48;0.93;830.03;895.47
19.01.2017 15:13;895.48;895.48;895.48;895.48;0.02;20.58;895.48
19.01.2017 15:14;895.47;895.49;895.47;895.49;11.45;10250.19;895.47
19.01.2017 15:15;895.49;896.54;895.49;895.65;86.5;77523.68;896.26
19.01.2017 15:16;896.53;896.53;895.47;895.47;36.2;32429.48;895.79
19.01.2017 15:17;895.48;895.48;895.47;895.47;9.8;8778.76;895.47
19.01.2017 15:18;895.47;895.47;895.47;895.47;2.73;2445.55;895.47
19.01.2017 15:19;895.47;895.47;894.65;895.47;1.76;1572.81;895.38
19.01.2017 15:20;894.87;895.4;894.87;895.4;3.56;3186.03;894.99
19.01.2017 15:21;894.75;895.4;890.12;894.39;78.34;69836.36;891.45
19.01.2017 15:22;891.69;891.69;891.69;891.69;0.42;373.8;891.69
19.01.2017 15:23;891.7;892.7;890;892.57;163.87;145865.58;890.11
19.01.2017 15:24;892.54;892.54;891.63;891.63;1.01;902.48;892.01
19.01.2017 15:25;892.18;892.18;892.18;892.18;0.04;33.01;892.18
19.01.2017 15:26;892.27;892.28;892.27;892.28;10.17;9073.24;892.27
19.01.2017 15:27;0;0;0;0;0;0;0
19.01.2017 15:28;892.28;892.57;892.28;892.57;50.1;44713.56;892.57
19.01.2017 15:29;892.29;892.29;892.28;892.28;0.73;655.6;892.28
19.01.2017 15:30;892.23;892.58;892.18;892.58;6.24;5567.27;892.29
19.01.2017 15:31;892.58;892.58;892.35;892.35;10.96;9777.81;892.36
19.01.2017 15:32;892.35;892.35;892.35;892.35;0.11;101.31;892.35
19.01.2017 15:33;892.37;892.37;892.37;892.37;0.21;188.75;892.37
19.01.2017 15:34;892.37;892.58;892.37;892.58;1.01;898.34;892.57
19.01.2017 15:35;892.59;892.59;892.59;892.59;5.9;5265.07;892.59
19.01.2017 15:36;0;0;0;0;0;0;0
19.01.2017 15:37;892.62;892.62;892.62;892.62;0.01;8.93;892.62
19.01.2017 15:38;892.67;893.09;892.67;893.09;2.01;1799.11;893.08
19.01.2017 15:39;893.17;893.17;892.85;892.85;1.07;951.81;893.1
19.01.2017 15:40;893.23;893.23;893.23;893.23;3.94;3523.22;893.23
19.01.2017 15:41;893.23;893.23;892.86;892.86;0.47;417.85;893.07
19.01.2017 15:42;892.89;892.89;892.89;892.89;5.07;4527.85;892.89
19.01.2017 15:43;892.68;892.68;892.4;892.4;0.59;530.62;892.59
19.01.2017 15:44;0;0;0;0;0;0;0
19.01.2017 15:45;0;0;0;0;0;0;0
19.01.2017 15:46;892.38;892.38;892.38;892.38;0.17;148.14;892.38
19.01.2017 15:47;892.43;892.45;892.43;892.45;3.05;2720.86;892.43
19.01.2017 15:48;892.55;892.99;892.55;892.99;0.45;398.04;892.82
19.01.2017 15:49;0;0;0;0;0;0;0
19.01.2017 15:50;892.87;892.87;892.87;892.87;0.1;90.95;892.87
19.01.2017 15:51;892.99;892.99;892.95;892.95;7.42;6629.56;892.97
19.01.2017 15:52;892.95;892.97;892.44;892.53;4.16;3710.45;892.85
19.01.2017 15:53;892.69;893;892.69;893;1.02;913.6;892.76
19.01.2017 15:54;892.94;892.99;892.94;892.99;3.66;3271.6;892.98
19.01.2017 15:55;892.99;892.99;892.99;892.99;0.56;497.25;892.99
19.01.2017 15:56;892.99;893;892.99;893;1.71;1530.2;892.99
19.01.2017 15:57;892.99;893;892.99;893;1.64;1467.53;893
19.01.2017 15:58;893;893;892.99;893;1.16;1034.71;892.99
19.01.2017 15:59;892.99;893.02;892.99;893.02;4.44;3964.15;893
19.01.2017 16:00;893.03;893.27;893.03;893.27;0.46;408.93;893.04
19.01.2017 16:01;0;0;0;0;0;0;0
19.01.2017 16:02;893.27;893.27;893.27;893.27;0.05;41.86;893.27
19.01.2017 16:03;893.06;893.07;893.06;893.07;0.11;99.03;893.07
19.01.2017 16:04;0;0;0;0;0;0;0
19.01.2017 16:05;893.09;893.51;893.09;893.51;1.15;1023.07;893.39
19.01.2017 16:06;893.56;894.56;893.56;894.56;5.9;5273.11;894.18
19.01.2017 16:07;894.6;894.98;894.6;894.7;17.12;15325.93;894.97
19.01.2017 16:08;895;896.44;895;896.44;18.31;16395.2;895.57
19.01.2017 16:09;895.91;896.43;895.27;896.43;8.17;7324.49;896.4
19.01.2017 16:10;896.44;896.7;896.44;896.44;14.4;12908.52;896.57
19.01.2017 16:11;895.64;895.64;895.64;895.64;17.81;15947.15;895.64
19.01.2017 16:12;895.83;896.51;895.83;896.1;19.25;17251.59;896.26
19.01.2017 16:13;896.53;896.92;895.65;896.44;115.26;103300.29;896.26
19.01.2017 16:14;896.41;896.41;896.41;896.41;6.65;5958.21;896.41
19.01.2017 16:15;896.48;896.48;895.65;895.65;29.63;26539.75;895.65
19.01.2017 16:16;0;0;0;0;0;0;0
19.01.2017 16:17;895.65;895.65;895.65;895.65;0.08;68.19;895.65
19.01.2017 16:18;895.65;895.65;895.65;895.65;0.06;49.86;895.65
19.01.2017 16:19;896.11;896.11;896.11;896.11;0.02;17.75;896.11
19.01.2017 16:20;895.65;896.19;895.65;895.65;1.5;1342.09;895.71
19.01.2017 16:21;895.66;895.72;895.65;895.72;52.09;46659.04;895.72
19.01.2017 16:22;896.15;896.15;896.15;896.15;0.04;35.85;896.15
19.01.2017 16:23;895.65;895.65;895.65;895.65;5.18;4641.94;895.65
19.01.2017 16:24;895.65;895.65;895.65;895.65;4.69;4201.85;895.65
19.01.2017 16:25;0;0;0;0;0;0;0
19.01.2017 16:26;895.65;895.65;895.64;895.64;7.31;6545.93;895.65
19.01.2017 16:27;895.63;895.9;895.12;895.12;13.35;11959.28;895.85
19.01.2017 16:28;895.12;896.14;894.56;894.56;3.47;3102.69;895.06
19.01.2017 16:29;895.92;895.92;894.33;894.33;14.47;12943.81;894.42
19.01.2017 16:30;895.57;895.57;894.18;894.18;0.25;221.93;894.98
19.01.2017 16:31;0;0;0;0;0;0;0
19.01.2017 16:32;895.54;895.54;895.54;895.54;0.05;42.69;895.54
19.01.2017 16:33;895.5;895.73;894.35;894.35;1.84;1643.54;895.51
19.01.2017 16:34;894.36;894.36;894.28;894.28;0.11;101.82;894.29
19.01.2017 16:35;894.37;895.5;894.37;894.4;14.95;13373.42;894.4
19.01.2017 16:36;0;0;0;0;0;0;0
19.01.2017 16:37;894.65;895.34;894.26;895.34;68.88;61618.33;894.6
19.01.2017 16:38;894.26;894.26;893.97;893.97;11.88;10620.36;894.2
19.01.2017 16:39;893.57;893.57;893.57;893.57;2.24;1997.36;893.57
19.01.2017 16:40;894.48;894.87;893.16;893.16;0.45;404.1;894.15
19.01.2017 16:41;894.43;894.43;894.43;894.43;0.11;99;894.43
19.01.2017 16:42;893.99;893.99;893.99;893.99;0.05;45.6;893.99
19.01.2017 16:43;893.84;894.41;893.84;894.41;0.32;283.55;893.88
19.01.2017 16:44;894.31;894.78;894.31;894.78;18.02;16117.78;894.62
19.01.2017 16:45;893.84;894;893.84;894;0.09;81.14;893.9
19.01.2017 16:46;894;894.81;894;894.81;0.9;808.07;894.48
19.01.2017 16:47;894.33;895.69;894.33;895.69;0.8;712.04;895.19
19.01.2017 16:48;0;0;0;0;0;0;0
19.01.2017 16:49;0;0;0;0;0;0;0
19.01.2017 16:50;895.64;895.64;895.64;895.64;1.5;1346.77;895.64
19.01.2017 16:51;0;0;0;0;0;0;0
19.01.2017 16:52;0;0;0;0;0;0;0
19.01.2017 16:53;0;0;0;0;0;0;0
19.01.2017 16:54;895.68;895.68;895.68;895.68;0.05;43.89;895.68
19.01.2017 16:55;895.68;895.68;895.68;895.68;0.36;318.7;895.68
19.01.2017 16:56;0;0;0;0;0;0;0
19.01.2017 16:57;0;0;0;0;0;0;0
19.01.2017 16:58;895.68;895.68;895.68;895.68;0.01;13.25;895.68
19.01.2017 16:59;895.64;895.64;895.64;895.64;4.7;4209.51;895.64
19.01.2017 17:00;0;0;0;0;0;0;0
19.01.2017 17:01;895.64;895.64;895.64;895.64;1.11;994.12;895.64
19.01.2017 17:02;895.64;895.64;895.64;895.64;0.1;88.67;895.64
19.01.2017 17:03;895.67;895.67;895.64;895.64;0.64;573.59;895.64
19.01.2017 17:04;895.67;895.67;895.64;895.64;2.57;2302.57;895.64
19.01.2017 17:05;895.64;895.64;895.64;895.64;8.1;7258.62;895.64
19.01.2017 17:06;895.64;895.64;895.64;895.64;0.1;86.32;895.64
19.01.2017 17:07;895.64;895.67;895.64;895.67;0.15;133.56;895.66
19.01.2017 17:08;0;0;0;0;0;0;0
19.01.2017 17:09;895.64;895.64;894.3;894.31;8.3;7425.12;894.59
19.01.2017 17:10;894.33;894.33;894.33;894.33;0.2;178.87;894.33
19.01.2017 17:11;894.33;895.19;894.33;895.19;52.2;46728.75;895.19
19.01.2017 17:12;0;0;0;0;0;0;0
19.01.2017 17:13;0;0;0;0;0;0;0
19.01.2017 17:14;895.4;895.4;895.4;895.4;0.9;803.17;895.4
19.01.2017 17:15;894.42;894.42;894.42;894.42;0.12;106.01;894.42
19.01.2017 17:16;894.42;894.92;894.42;894.42;3.14;2809.55;894.9
19.01.2017 17:17;894.89;894.89;894.89;894.89;0.57;513.77;894.89
19.01.2017 17:18;895.19;895.2;895.19;895.2;1.42;1270.78;895.2
19.01.2017 17:19;895.37;895.71;895.37;895.71;26.73;23937.15;895.66
19.01.2017 17:20;0;0;0;0;0;0;0
19.01.2017 17:21;894.7;895.71;894.7;895.71;2.05;1838.8;895.7
19.01.2017 17:22;895.77;896.14;895.77;896.14;1.71;1527.97;895.79
19.01.2017 17:23;0;0;0;0;0;0;0
19.01.2017 17:24;0;0;0;0;0;0;0
19.01.2017 17:25;896.14;896.14;896.14;896.14;0.37;329.83;896.14
19.01.2017 17:26;896.14;896.99;895.97;895.97;71;63630.54;896.2
19.01.2017 17:27;896.15;897.12;896.15;897.12;6.56;5884.87;896.97
19.01.2017 17:28;897.37;899;897.37;899;55.82;50162.68;898.66
19.01.2017 17:29;899;900.59;899;900;180.01;161983.83;899.85
19.01.2017 17:30;900;900.59;900;900.59;57.7;51925.84;900
19.01.2017 17:31;900.59;903.2;900.07;901.24;15.45;13926.49;901.16
19.01.2017 17:32;901.3;904.99;901.29;902.06;125.79;113703.38;903.9
19.01.2017 17:33;903.25;904.4;902.17;903.27;6.31;5694.78;902.87
19.01.2017 17:34;903.35;904.2;903.35;903.42;3.66;3304.1;903.93
19.01.2017 17:35;903.93;904.25;903.47;904.15;56.2;50797.96;903.88
19.01.2017 17:36;903.61;904.88;903.43;904.88;20.63;18653.73;904.29
19.01.2017 17:37;903.55;904.36;903.42;903.42;8.64;7807.6;903.6
19.01.2017 17:38;903.42;903.43;903.42;903.43;0.24;216.82;903.43
19.01.2017 17:39;903.42;903.62;903.42;903.61;20.5;18520.31;903.61
19.01.2017 17:40;903.43;904.25;903.43;903.47;6.26;5655.37;903.52
19.01.2017 17:41;904.24;905;903.56;905;30.2;27326.24;904.78
19.01.2017 17:42;905;905.54;904.28;905.54;4.43;4008.37;905.23
19.01.2017 17:43;905.53;906;905.53;906;48.76;44172.78;905.97
19.01.2017 17:44;904.75;905.99;904.75;905;11.29;10223.45;905.43
19.01.2017 17:45;904.96;905.95;904.96;905.86;11.89;10767.53;905.4
19.01.2017 17:46;905.84;905.84;905.25;905.25;10.42;9434.53;905.36
19.01.2017 17:47;904.86;905;904.86;905;5.05;4568.84;904.87
19.01.2017 17:48;905.24;905.24;905.24;905.24;1;905.24;905.24
19.01.2017 17:49;905;905;905;905;0.23;211.68;905
19.01.2017 17:50;0;0;0;0;0;0;0
19.01.2017 17:51;905.34;905.34;905.34;905.34;0.11;99.28;905.34
19.01.2017 17:52;905.06;905.06;905.06;905.06;10;9050.6;905.06
19.01.2017 17:53;905.33;905.33;905.33;905.33;22;19917.26;905.33
19.01.2017 17:54;905.33;905.33;905.33;905.33;1.67;1508.34;905.33
19.01.2017 17:55;905.34;905.34;905.33;905.34;1.62;1467.38;905.33
19.01.2017 17:56;905.34;905.74;905.33;905.74;2.56;2318.91;905.36
19.01.2017 17:57;905.5;905.5;905.5;905.5;9.55;8647.53;905.5
19.01.2017 17:58;905.5;905.5;905.34;905.34;0.14;125.64;905.41
19.01.2017 17:59;905.34;905.34;905.34;905.34;0.48;434.56;905.34
19.01.2017 18:00;905.34;905.75;905.34;905.75;0.4;362.24;905.61
19.01.2017 18:01;905.51;905.87;905.51;905.51;4.42;4007.7;905.7
19.01.2017 18:02;905.76;905.86;905.76;905.76;5.5;4985.8;905.77
19.01.2017 18:03;905.76;906.01;905.76;906.01;18.17;16464.73;905.93
19.01.2017 18:04;906.09;906.25;905.81;905.9;15.1;13684.29;906.24
19.01.2017 18:05;905.97;906.14;905.97;906.14;10.22;9258.42;906.09
19.01.2017 18:06;906.2;906.33;906.2;906.31;2.09;1892.34;906.29
19.01.2017 18:07;906.31;906.51;906.31;906.51;1.1;994.66;906.43
19.01.2017 18:08;906.55;906.73;906.55;906.58;22.69;20577.63;906.71
19.01.2017 18:09;906.73;906.73;906.58;906.58;7.99;7244.64;906.73
19.01.2017 18:10;0;0;0;0;0;0;0
19.01.2017 18:11;906.59;906.59;906.59;906.59;1.14;1033.51;906.59
19.01.2017 18:12;906.62;906.62;906.62;906.62;0.11;96.1;906.62
19.01.2017 18:13;906.71;906.71;906.71;906.71;4.07;3694.53;906.71
19.01.2017 18:14;906.64;906.64;906.46;906.46;0.01;11.24;906.54
19.01.2017 18:15;906.7;906.73;906.66;906.66;8.28;7507.9;906.69
19.01.2017 18:16;906.65;906.7;906.65;906.7;21.96;19907.68;906.69
19.01.2017 18:17;906.65;906.65;906.65;906.65;0.1;88.85;906.65
19.01.2017 18:18;906.65;906.96;906.65;906.96;4.09;3710.99;906.73
19.01.2017 18:19;906.96;906.98;905.33;905.33;5.69;5161.7;906.55
19.01.2017 18:20;905.34;906.48;905.34;906.48;5.04;4561.67;905.35
19.01.2017 18:21;0;0;0;0;0;0;0
19.01.2017 18:22;905.35;905.95;905.35;905.95;3.23;2926.5;905.37
19.01.2017 18:23;905.35;905.36;905.35;905.36;12.2;11043.98;905.35
19.01.2017 18:24;905.34;905.34;904.39;905.3;5.18;4681.21;904.41
19.01.2017 18:25;905;905;904.4;904.4;18.97;17157.75;904.41
19.01.2017 18:26;904.89;904.89;902.4;902.61;13.42;12128.12;903.95
19.01.2017 18:27;903.77;903.77;902.62;902.75;0.72;648.21;903.48
19.01.2017 18:28;903;903.29;903;903.11;10.02;9046.95;903.29
19.01.2017 18:29;903.3;903.5;903.3;903.5;0.44;399.17;903.47
19.01.2017 18:30;903.53;903.53;902.39;903.31;31.11;28101.04;903.29
19.01.2017 18:31;903.4;903.4;901.04;901.04;10.53;9504.02;902.25
19.01.2017 18:32;900.98;901.72;900.98;901;59.34;53467.37;901.01
19.01.2017 18:33;900.97;901;900.27;900.99;4.63;4169.12;900.81
19.01.2017 18:34;900.1;900.86;900;900.85;7.5;6747.42;900.03
19.01.2017 18:35;0;0;0;0;0;0;0
19.01.2017 18:36;900.76;900.92;900.71;900.92;1.7;1529.51;900.8
19.01.2017 18:37;900.92;901.3;900.92;901.29;3.98;3590.79;901.28
19.01.2017 18:38;900.26;901.4;900.26;901.4;0.39;353.72;900.8
19.01.2017 18:39;901.4;901.4;900.49;900.92;0.16;141.45;900.96
19.01.2017 18:40;0;0;0;0;0;0;0
19.01.2017 18:41;901.4;901.72;901.4;901.72;0.15;136.82;901.44
19.01.2017 18:42;901.7;902.61;901.69;902.61;56;50509.3;901.95
19.01.2017 18:43;902.6;902.61;902.6;902.61;2.14;1931.37;902.61
19.01.2017 18:44;903.03;903.03;903.03;903.03;0.33;299.07;903.03
19.01.2017 18:45;903.26;903.35;903.26;903.35;2.03;1831.86;903.26
19.01.2017 18:46;903.41;904.34;903;903;29.33;26512.29;904.05
19.01.2017 18:47;903.02;904.01;903.02;904.01;2.6;2350.56;903.06
19.01.2017 18:48;903.01;903.01;902.98;902.98;0.16;146.02;903
19.01.2017 18:49;903.97;903.97;903.01;903.01;0.48;431.68;903.11
19.01.2017 18:50;903.02;903.02;903.02;903.02;0.45;409.56;903.02
19.01.2017 18:51;903.92;903.92;903.9;903.9;5.45;4923.97;903.9
19.01.2017 18:52;903.15;903.15;903.08;903.08;0.09;82.65;903.12
19.01.2017 18:53;903.25;903.25;903.25;903.25;0.02;15.71;903.25
19.01.2017 18:54;903.96;904.03;903.96;904.03;0.14;126.34;903.98
19.01.2017 18:55;903.98;903.98;903.98;903.98;0.01;10.85;903.98
19.01.2017 18:56;904.19;904.34;904.19;904.34;0.02;13.84;904.29
19.01.2017 18:57;904.27;904.27;904.27;904.27;0.13;115.25;904.27
19.01.2017 18:58;904.25;904.26;904.25;904.26;11.61;10496.73;904.25
19.01.2017 18:59;904.26;904.26;904.26;904.26;0.98;886.22;904.26
19.01.2017 19:00;904.29;904.29;904.28;904.28;0.34;307.7;904.29
19.01.2017 19:01;904.76;904.76;903.96;903.96;6.27;5668.88;904.09
19.01.2017 19:02;903.97;903.97;903.96;903.96;6.75;6098.65;903.97
19.01.2017 19:03;903.96;904.16;903.96;904.16;2.39;2157.72;904.04
19.01.2017 19:04;904.16;904.16;904.16;904.16;3.95;3575.05;904.16
19.01.2017 19:05;904.16;904.16;904.16;904.16;0.6;541.46;904.16
19.01.2017 19:06;904.19;904.2;904.16;904.16;2.82;2545.24;904.17
19.01.2017 19:07;904.16;904.18;904.16;904.18;1.28;1160.04;904.16
19.01.2017 19:08;904.19;904.19;903.25;903.25;49.3;44570.92;904.09
19.01.2017 19:09;904.27;904.27;903.29;903.29;1.85;1667.95;903.3
19.01.2017 19:10;903.29;903.99;903.27;903.27;9.41;8504.3;903.89
19.01.2017 19:11;903.27;903.5;902.04;902.05;10.62;9582.21;902.37
19.01.2017 19:12;902.05;902.11;902.01;902.11;0.22;196.35;902.04
19.01.2017 19:13;0;0;0;0;0;0;0
19.01.2017 19:14;902.16;902.84;902.01;902.16;3.8;3425.88;902.26
19.01.2017 19:15;902.16;902.18;902.16;902.18;2.42;2178.79;902.17
19.01.2017 19:16;902.18;902.18;902.18;902.18;0.29;264.09;902.18
19.01.2017 19:17;902.16;902.18;902.16;902.18;1.24;1115.25;902.18
19.01.2017 19:18;902.16;902.16;902.16;902.16;0.04;34.46;902.16
19.01.2017 19:19;902.16;902.16;902.16;902.16;0.02;15.28;902.16
19.01.2017 19:20;902.16;902.19;902.16;902.16;11.41;10297.51;902.17
19.01.2017 19:21;902.18;902.18;902.16;902.16;0.49;442.76;902.18
19.01.2017 19:22;902.16;902.16;902.16;902.16;1.97;1781.6;902.16
19.01.2017 19:23;902.12;902.12;901.53;901.53;0.5;455.12;901.96
19.01.2017 19:24;901.53;902.58;901.53;902.58;25.59;23099.98;902.57
19.01.2017 19:25;901.97;901.99;901.97;901.99;2.23;2013.48;901.99
19.01.2017 19:26;902.6;902.6;902.6;902.6;50;45130;902.6
19.01.2017 19:27;0;0;0;0;0;0;0
19.01.2017 19:28;902.84;902.87;902.84;902.87;2.4;2166.88;902.87
19.01.2017 19:29;902.87;902.87;902.87;902.87;7.73;6979.36;902.87
19.01.2017 19:30;902.87;902.87;902.81;902.87;0.31;279.42;902.83
19.01.2017 19:31;903;903;903;903;0.06;53.33;903
19.01.2017 19:32;0;0;0;0;0;0;0
19.01.2017 19:33;903.1;903.1;903.1;903.1;0.5;451.55;903.1
19.01.2017 19:34;903.24;903.44;903.24;903.44;0.1;92.6;903.42
19.01.2017 19:35;903.44;904.33;903.44;904.33;15.03;13586.47;904.23
19.01.2017 19:36;903.85;903.85;903.24;903.24;3;2709.77;903.26
19.01.2017 19:37;904.29;904.29;904.29;904.29;0.2;181.47;904.29
19.01.2017 19:38;0;0;0;0;0;0;0
19.01.2017 19:39;903.84;903.84;903.82;903.82;1.28;1153.12;903.84
19.01.2017 19:40;903.35;903.47;903.35;903.47;0.21;189.72;903.41
19.01.2017 19:41;903.77;903.77;903.77;903.77;0.12;109.64;903.77
19.01.2017 19:42;0;0;0;0;0;0;0
19.01.2017 19:43;0;0;0;0;0;0;0
19.01.2017 19:44;0;0;0;0;0;0;0
19.01.2017 19:45;903.24;903.24;903.24;903.24;3;2709.72;903.24
19.01.2017 19:46;903.24;903.24;903.24;903.24;7;6322.68;903.24
19.01.2017 19:47;903.24;903.65;902.6;902.6;0.43;384.94;903.4
19.01.2017 19:48;902.6;903.32;902.18;902.18;0.66;596.81;902.97
19.01.2017 19:49;0;0;0;0;0;0;0
19.01.2017 19:50;902.19;903.78;902.19;903.74;6.25;5648.02;903.33
19.01.2017 19:51;902.23;903.09;902.23;903.09;1.13;1019.51;903.04
19.01.2017 19:52;903.05;903.32;903.05;903.32;5.07;4578.85;903.27
19.01.2017 19:53;903.41;903.42;903.09;903.42;6.65;6002.99;903.29
19.01.2017 19:54;903.47;903.79;903.47;903.78;10.87;9817.17;903.55
19.01.2017 19:55;903.77;903.77;903.75;903.75;10.24;9251.22;903.75
19.01.2017 19:56;903.78;904;903.78;904;22.81;20613.03;903.84
19.01.2017 19:57;904.04;904.11;902.56;903.78;5.54;5011.36;904.01
19.01.2017 19:58;903.78;903.78;902.41;902.41;0.9;812.55;902.83
19.01.2017 19:59;902.48;902.48;902.48;902.48;0.08;72.2;902.48
19.01.2017 20:00;902.21;902.21;902.21;902.21;0.09;79.92;902.21
19.01.2017 20:01;0;0;0;0;0;0;0
19.01.2017 20:02;902.35;902.35;902.35;902.35;0.03;29.65;902.35
19.01.2017 20:03;902.43;903.64;902.43;903.64;0.1;91.6;903.39
19.01.2017 20:04;903.64;903.84;903.63;903.84;0.2;184.98;903.73
19.01.2017 20:05;903.84;904;903.84;904;12.07;10907.06;903.93
19.01.2017 20:06;0;0;0;0;0;0;0
19.01.2017 20:07;903.03;903.03;903.01;903.01;1.07;966.24;903.03
19.01.2017 20:08;0;0;0;0;0;0;0
19.01.2017 20:09;0;0;0;0;0;0;0
19.01.2017 20:10;0;0;0;0;0;0;0
19.01.2017 20:11;904.13;904.29;904.13;904.29;2.32;2093.77;904.18
19.01.2017 20:12;903.1;903.1;903.1;903.1;1.84;1658.05;903.1
19.01.2017 20:13;904.07;904.07;904.07;904.07;1.08;979.94;904.07
19.01.2017 20:14;903.2;903.2;903.2;903.2;0.01;9.03;903.2
19.01.2017 20:15;0;0;0;0;0;0;0
19.01.2017 20:16;903.31;904.13;903.31;904.13;1.98;1789.62;903.82
19.01.2017 20:17;904.2;905.28;904.2;905.1;27.14;24561.66;904.87
19.01.2017 20:18;905.28;905.34;905.28;905.34;0.68;617.36;905.29
19.01.2017 20:19;905.34;906.23;905.34;905.57;8.68;7866.38;905.99
19.01.2017 20:20;905.59;905.59;905;905;15.83;14328.23;905.32
19.01.2017 20:21;905.51;905.51;905.51;905.51;0.03;24.9;905.51
19.01.2017 20:22;905.17;905.17;904.35;904.46;0.13;115.12;904.71
19.01.2017 20:23;0;0;0;0;0;0;0
19.01.2017 20:24;904.91;904.91;904.91;904.91;0.01;9.05;904.91
19.01.2017 20:25;0;0;0;0;0;0;0
19.01.2017 20:26;904.91;905.58;904.51;905.58;4.39;3977.54;905.11
19.01.2017 20:27;904.69;904.87;904.69;904.87;1;904.15;904.69
19.01.2017 20:28;0;0;0;0;0;0;0
19.01.2017 20:29;0;0;0;0;0;0;0
19.01.2017 20:30;905.26;905.26;905.26;905.26;0.06;54.32;905.26
19.01.2017 20:31;905.53;905.98;905.53;905.98;5.13;4644.09;905.9
19.01.2017 20:32;905.49;906.39;905.47;906.39;3;2718.69;906.25
19.01.2017 20:33;906.39;906.84;905.86;906.5;16.02;14522.8;906.43
19.01.2017 20:34;906.43;906.81;906.43;906.45;4.8;4352.96;906.46
19.01.2017 20:35;906.79;907;906.79;907;24;21767.47;906.98
19.01.2017 20:36;906.78;907.11;906.77;907.11;2.39;2163.74;906.98
19.01.2017 20:37;906.74;906.74;906.74;906.74;0.2;181.35;906.74
19.01.2017 20:38;906.75;907.34;906.51;906.66;2.49;2258.94;907.16
19.01.2017 20:39;906.88;906.9;906.88;906.9;0.03;28.99;906.89
19.01.2017 20:40;906.91;907.01;906.91;907.01;0.08;71.45;906.99
19.01.2017 20:41;907.02;907.2;907.02;907.2;1.09;990.73;907.11
19.01.2017 20:42;907.2;907.2;907.01;907.01;0.13;116.45;907.04
19.01.2017 20:43;907.01;907.01;906.43;906.43;53.54;48561.5;906.95
19.01.2017 20:44;906.51;906.51;906.43;906.43;4.3;3895.5;906.43
19.01.2017 20:45;0;0;0;0;0;0;0
19.01.2017 20:46;906.51;906.51;906.51;906.51;0.07;60.1;906.51
19.01.2017 20:47;906.51;906.97;903.76;903.76;79.31;71925.76;906.86
19.01.2017 20:48;905;905.45;905;905;5.83;5274.48;905.06
19.01.2017 20:49;905;905;905;905;0.16;143.95;905
19.01.2017 20:50;0;0;0;0;0;0;0
19.01.2017 20:51;905.03;905.03;905.03;905.03;0.06;55.76;905.03
19.01.2017 20:52;905.01;905.28;905.01;905.03;0.04;36.53;905.08
19.01.2017 20:53;905.04;905.04;905.04;905.04;0.01;9.66;905.04
19.01.2017 20:54;905;905;905;905;20.88;18897.37;905
19.01.2017 20:55;905;905;905;905;0.52;471.21;905
19.01.2017 20:56;0;0;0;0;0;0;0
19.01.2017 20:57;905.5;905.5;905.5;905.5;0.01;10.92;905.5
19.01.2017 20:58;0;0;0;0;0;0;0
19.01.2017 20:59;905.01;905.01;905;905;8.41;7608.5;905
19.01.2017 21:00;904.95;905;904.95;905;0.15;134.17;904.97
19.01.2017 21:01;905;905;905;905;0.06;52.18;905
19.01.2017 21:02;0;0;0;0;0;0;0
19.01.2017 21:03;0;0;0;0;0;0;0
19.01.2017 21:04;0;0;0;0;0;0;0
19.01.2017 21:05;904.04;904.24;904.04;904.24;5.79;5231.81;904.06
19.01.2017 21:06;904.2;904.95;904.2;904.95;0.52;470.38;904.27
19.01.2017 21:07;0;0;0;0;0;0;0
19.01.2017 21:08;0;0;0;0;0;0;0
19.01.2017 21:09;904.79;904.97;904.31;904.35;0.35;313.43;904.79
19.01.2017 21:10;0;0;0;0;0;0;0
19.01.2017 21:11;904.45;905;904.45;905;0.09;82.9;904.68
19.01.2017 21:12;904.93;905;904.93;904.98;0.36;328.36;904.97
19.01.2017 21:13;904.65;904.88;904.65;904.88;7.02;6351.6;904.65
19.01.2017 21:14;904.51;904.51;904.51;904.51;3.61;3262.75;904.51
19.01.2017 21:15;904.72;905.01;904.72;905.01;0.21;186.31;904.99
19.01.2017 21:16;904.99;905.64;904.99;905.64;0.75;677.31;905.05
19.01.2017 21:17;905.57;905.73;905.57;905.73;10;9057.19;905.72
19.01.2017 21:18;905.72;906.97;905.47;906.97;22;19945.21;906.53
19.01.2017 21:19;905.63;907;905.63;907;14.42;13080.08;906.9
19.01.2017 21:20;907;907;907;907;0.05;45.35;907
19.01.2017 21:21;907;907;907;907;1.53;1385.13;907
19.01.2017 21:22;907.2;910;907.2;910;264.23;240325.38;909.54
19.01.2017 21:23;909.91;909.91;907.29;907.29;9.82;8920.64;908.6
19.01.2017 21:24;907.34;909.74;907.34;909.7;9.19;8356.35;909.05
19.01.2017 21:25;0;0;0;0;0;0;0
19.01.2017 21:26;908.15;908.15;908.15;908.15;10;9081.5;908.15
19.01.2017 21:27;909.4;909.64;909.4;909.64;0.15;134.6;909.46
19.01.2017 21:28;908.57;908.57;908.28;908.28;0.16;145.37;908.54
19.01.2017 21:29;909.44;909.49;909.4;909.49;10.05;9138.73;909.42
19.01.2017 21:30;909.45;909.55;909.45;909.55;0.23;210.09;909.46
19.01.2017 21:31;909.19;909.55;909.19;909.48;3.87;3515.58;909.26
19.01.2017 21:32;909.46;909.68;908.58;908.58;2.04;1856.12;909.37
19.01.2017 21:33;908.52;909.57;908.52;909.49;0.23;205.63;909.37
19.01.2017 21:34;909.45;909.63;908.35;909.6;0.94;858.68;909.45
19.01.2017 21:35;909.67;909.68;909.63;909.68;0.44;399.62;909.65
19.01.2017 21:36;909.64;909.68;909.64;909.64;2.2;2005.64;909.64
19.01.2017 21:37;909.66;910;909.65;909.65;81.4;74068.33;909.9
19.01.2017 21:38;909.64;909.64;908.56;908.66;4.19;3809.76;909.25
19.01.2017 21:39;909.5;909.54;909.5;909.5;3.62;3288.3;909.51
19.01.2017 21:40;909.02;909.76;908.34;908.45;30.56;27776.42;908.95
19.01.2017 21:41;908.35;908.45;906.9;908.27;29.56;26841.83;908.01
19.01.2017 21:42;908.15;908.15;908.15;908.15;1.25;1130.73;908.15
19.01.2017 21:43;907.42;907.42;907.42;907.42;0.01;5.08;907.42
19.01.2017 21:44;907.39;907.39;907.39;907.39;0.2;181.48;907.39
19.01.2017 21:45;908.07;909.43;908.07;908.28;16.44;14941.75;908.91
19.01.2017 21:46;909.4;910;909.4;910;23.03;20947.63;909.77
19.01.2017 21:47;909.98;910;909.98;910;15;13649.85;909.99
19.01.2017 21:48;909.21;909.99;909.21;909.97;8.93;8130.34;909.97
19.01.2017 21:49;909.97;909.98;909.97;909.98;4.17;3793.87;909.98
19.01.2017 21:50;909.98;909.99;909.97;909.97;1.18;1072.4;909.98
19.01.2017 21:51;909.97;909.97;909.9;909.9;4.85;4415.32;909.94
19.01.2017 21:52;909.13;909.13;909.13;909.13;0.01;9.09;909.13
19.01.2017 21:53;908.47;908.47;907.99;907.99;64.64;58725.92;908.44
19.01.2017 21:54;907.44;907.97;907.44;907.97;0.57;518.79;907.5
19.01.2017 21:55;907.97;907.98;907.97;907.98;0.15;139.01;907.97
19.01.2017 21:56;907.97;907.97;907.97;907.97;0.4;363.19;907.97
19.01.2017 21:57;907.97;907.97;907.43;907.43;2.5;2268.63;907.45
19.01.2017 21:58;0;0;0;0;0;0;0
19.01.2017 21:59;907.44;907.96;907.43;907.96;1.39;1261.17;907.54
19.01.2017 22:00;907.44;907.44;907.43;907.43;9.13;8287.12;907.43
19.01.2017 22:01;907.92;907.92;907.44;907.44;1.05;951.27;907.46
19.01.2017 22:02;907.43;907.43;906.98;907.36;62.58;56784.15;907.35
19.01.2017 22:03;0;0;0;0;0;0;0
19.01.2017 22:04;907.42;907.42;907.42;907.42;0.02;14.96;907.42
19.01.2017 22:05;907.43;907.44;907.43;907.44;0.87;788.03;907.44
19.01.2017 22:06;907.43;907.99;907.43;907.98;26.95;24468.87;907.94
19.01.2017 22:07;907.99;907.99;907.99;907.99;0.27;241.62;907.99
19.01.2017 22:08;907.99;909.06;907.99;909.06;15;13630.15;908.68
19.01.2017 22:09;907.59;907.59;907.17;907.17;0.22;196.86;907.19
19.01.2017 22:10;907.17;907.17;904.53;905;29.3;26548.42;906.07
19.01.2017 22:11;905;905.1;902;902;24.64;22290.91;904.64
19.01.2017 22:12;903.54;905.47;903.54;905.47;4.7;4249.71;904.56
19.01.2017 22:13;903.65;903.65;903.34;903.42;0.75;673.94;903.4
19.01.2017 22:14;904.65;905.21;897.77;898.15;145.55;131322.63;902.25
19.01.2017 22:15;897.78;897.99;897.77;897.77;5.04;4525.87;897.78
19.01.2017 22:16;897.99;897.99;896.71;896.71;5.38;4827.56;897.39
19.01.2017 22:17;896.71;897.68;895;895;20.83;18648.51;895.18
19.01.2017 22:18;896.01;897.3;895;896.55;57.93;51856.27;895.08
19.01.2017 22:19;895.02;895.61;895;895;25.32;22660.8;895
19.01.2017 22:20;895;895.53;893.13;894.54;47.21;42216.34;894.29
19.01.2017 22:21;895.32;895.32;895.23;895.23;17.5;15664.21;895.3
19.01.2017 22:22;895.25;896.39;895.25;896.39;8.2;7343.33;895.39
19.01.2017 22:23;896.39;897.51;896.39;897.51;0.6;538.08;896.8
19.01.2017 22:24;897.75;899.69;897.52;899.67;19.37;17418.94;899.23
19.01.2017 22:25;898.33;899.68;897.9;897.93;0.77;692.96;898.57
19.01.2017 22:26;899.55;899.55;899.55;899.55;0.02;14.39;899.55
19.01.2017 22:27;0;0;0;0;0;0;0
19.01.2017 22:28;899.53;899.66;899.53;899.66;0.38;340.82;899.55
19.01.2017 22:29;899.64;899.66;898.4;898.4;0.24;213.87;898.59
19.01.2017 22:30;898.4;898.41;897.85;897.85;1.36;1222.43;898.19
19.01.2017 22:31;899.45;899.45;897.83;897.86;3.36;3013.44;898.12
19.01.2017 22:32;897.86;899.22;897.83;897.86;3.5;3143.81;897.91
19.01.2017 22:33;897.86;897.86;897.86;897.86;0.28;248.71;897.86
19.01.2017 22:34;897.86;899.11;897.86;897.86;1.35;1216.53;897.88
19.01.2017 22:35;897.86;899.08;897.86;897.87;2.46;2210.01;897.88
19.01.2017 22:36;897.87;897.87;897.86;897.86;1.8;1613.47;897.87
19.01.2017 22:37;897.86;897.87;897.86;897.87;1.69;1518.59;897.86
19.01.2017 22:38;897.86;898.99;897.86;898.99;0.36;321.81;897.91
19.01.2017 22:39;898.99;899.07;898.3;898.33;5.82;5231.97;899
19.01.2017 22:40;898.34;898.36;897.87;898.26;1.7;1523.28;897.96
19.01.2017 22:41;0;0;0;0;0;0;0
19.01.2017 22:42;897.88;897.88;897.86;897.86;0.85;764.98;897.86
19.01.2017 22:43;897.87;897.87;896.59;896.59;13.91;12483.05;897.42
19.01.2017 22:44;896.96;896.96;896.96;896.96;3;2690.88;896.96
19.01.2017 22:45;0;0;0;0;0;0;0
19.01.2017 22:46;898.02;898.03;896.96;896.99;4.74;4254.7;897.43
19.01.2017 22:47;896.97;896.97;896.94;896.94;5;4484.72;896.94
19.01.2017 22:48;0;0;0;0;0;0;0
19.01.2017 22:49;898.1;898.1;898;898;0.12;110;898.02
19.01.2017 22:50;0;0;0;0;0;0;0
19.01.2017 22:51;896.96;897.02;896.96;897.02;10.85;9734.24;896.97
19.01.2017 22:52;897.69;897.69;896.93;896.93;0.29;261.2;897.23
19.01.2017 22:53;896.97;896.97;896.93;896.93;4.75;4257.73;896.93
19.01.2017 22:54;896.94;896.94;896.04;896.04;6.94;6226;896.79
19.01.2017 22:55;896.92;896.92;896.92;896.92;0.5;448.46;896.92
19.01.2017 22:56;897.07;897.1;897.07;897.1;0.62;557.43;897.09
19.01.2017 22:57;897.56;897.56;897.5;897.5;0.3;271.95;897.52
19.01.2017 22:58;897.47;897.48;896.48;896.48;7.71;6911.45;896.54
19.01.2017 22:59;896.87;897.13;896.87;897.13;2.08;1861.92;896.88
19.01.2017 23:00;897.13;897.13;897.13;897.13;0.04;32.89;897.13
19.01.2017 23:01;897.13;897.65;897.13;897.65;6.65;5966.84;897.56
19.01.2017 23:02;897.65;898.4;897.65;898.4;5.55;4981.17;897.71
19.01.2017 23:03;898.21;898.21;898.21;898.21;0.28;250.99;898.21
19.01.2017 23:04;0;0;0;0;0;0;0
19.01.2017 23:05;898.59;898.64;898.59;898.64;0.34;302.3;898.6
19.01.2017 23:06;898.9;898.9;898.9;898.9;0.15;130.73;898.9
19.01.2017 23:07;898.97;898.97;898.97;898.97;0.22;197.77;898.97
19.01.2017 23:08;898.98;898.99;898.98;898.99;1.36;1226.72;898.98
19.01.2017 23:09;899;899.07;899;899.07;1.37;1233.38;899.01
19.01.2017 23:10;899.07;899.07;899.07;899.07;0.05;43.85;899.07
19.01.2017 23:11;898.99;899.06;898.97;899.06;0.52;464.43;899.01
19.01.2017 23:12;0;0;0;0;0;0;0
19.01.2017 23:13;898.98;898.98;898.98;898.98;0.16;145.63;898.98
19.01.2017 23:14;898.97;898.97;898.97;898.97;5.8;5211.33;898.97
19.01.2017 23:15;898.97;898.97;898.97;898.97;0.06;57.41;898.97
19.01.2017 23:16;0;0;0;0;0;0;0
19.01.2017 23:17;0;0;0;0;0;0;0
19.01.2017 23:18;0;0;0;0;0;0;0
19.01.2017 23:19;899.07;899.69;899.07;899.69;14.99;13482.15;899.33
19.01.2017 23:20;899.58;899.69;899.58;899.69;6.01;5409.03;899.69
19.01.2017 23:21;901.02;901.02;901.02;901.02;6.01;5413.98;901.02
19.01.2017 23:22;900.05;901.02;900.05;901.02;1;898.52;900.84
19.01.2017 23:23;901.19;901.62;900.32;900.32;24.24;21844.69;901.22
19.01.2017 23:24;900.33;900.33;900.33;900.33;5.12;4607.89;900.33
19.01.2017 23:25;900.31;900.34;900.31;900.33;10.65;9589.27;900.32
19.01.2017 23:26;900.34;900.51;900.31;900.34;9.43;8490.91;900.41
19.01.2017 23:27;900.96;900.96;900.32;900.32;4.69;4225.03;900.48
19.01.2017 23:28;900.89;900.89;900.89;900.89;0.15;131.56;900.89
19.01.2017 23:29;900.46;900.46;900.46;900.46;0.8;720.37;900.46
19.01.2017 23:30;900.39;901.24;900.39;901.24;0.17;152.03;900.94
19.01.2017 23:31;900.52;901.51;900.52;901.42;2.62;2361.51;900.98
19.01.2017 23:32;900.44;901.52;900.44;901.52;0.62;555.02;901.01
19.01.2017 23:33;901.52;902.02;901.52;902.02;4.44;4003.44;901.75
19.01.2017 23:34;902.06;903.5;902.06;902.2;0.18;162.33;902.76
19.01.2017 23:35;903.5;903.5;902.35;902.35;0.41;372.39;903.42
19.01.2017 23:36;903.5;903.5;903.5;903.5;0.71;636.97;903.5
19.01.2017 23:37;903.5;903.5;903;903;1.13;1016.83;903.2
19.01.2017 23:38;903;903;903;903;0.33;299.13;903
19.01.2017 23:39;902.72;902.72;902.72;902.72;0.06;53.71;902.72
19.01.2017 23:40;902.71;902.71;902.5;902.71;0.24;218.7;902.65
19.01.2017 23:41;902.71;902.71;902.5;902.71;0.31;278;902.61
19.01.2017 23:42;0;0;0;0;0;0;0
19.01.2017 23:43;902.71;902.71;902.71;902.71;0.08;72.22;902.71
19.01.2017 23:44;902.7;902.7;902.7;902.7;0.26;233.55;902.7
19.01.2017 23:45;902.51;902.53;902.51;902.53;0.44;397.12;902.53
19.01.2017 23:46;0;0;0;0;0;0;0
19.01.2017 23:47;902.7;902.7;902.7;902.7;0.09;79.81;902.7
19.01.2017 23:48;0;0;0;0;0;0;0
19.01.2017 23:49;902.7;902.7;902.65;902.65;0.14;122.23;902.66
19.01.2017 23:50;902.7;902.7;902.7;902.7;0.01;11.83;902.7
19.01.2017 23:51;902.7;903.1;902.7;903.1;0.19;170.37;902.78
19.01.2017 23:52;0;0;0;0;0;0;0
19.01.2017 23:53;0;0;0;0;0;0;0
19.01.2017 23:54;903.08;903.08;901.89;901.89;1.33;1199.19;902.33
19.01.2017 23:55;902.51;902.51;902.51;902.51;2.16;1953.03;902.51
19.01.2017 23:56;902.51;902.51;902.51;902.51;1.9;1711.16;902.51
19.01.2017 23:57;902.51;902.67;902.51;902.51;3.63;3279.71;902.56
19.01.2017 23:58;902.51;902.67;902.51;902.51;1.27;1147.85;902.52
19.01.2017 23:59;902.51;902.67;901.01;901.01;5.37;4844.87;901.76
20.01.2017 00:00;902.23;902.23;902.23;902.23;2.84;2561.25;902.23
20.01.2017 00:01;902.05;902.05;901.01;901.01;10.42;9389.09;901.38
20.01.2017 00:02;901.02;901.02;901.02;901.02;0.75;677.57;901.02
20.01.2017 00:03;0;0;0;0;0;0;0
20.01.2017 00:04;901.74;901.74;901.6;901.6;0.03;27.44;901.66
20.01.2017 00:05;901.55;901.55;901.55;901.55;0.03;30.03;901.55
20.01.2017 00:06;0;0;0;0;0;0;0
20.01.2017 00:07;901.81;901.81;901.3;901.3;0.41;367.32;901.44
20.01.2017 00:08;901.81;901.83;901.81;901.83;0.62;560.16;901.82
20.01.2017 00:09;0;0;0;0;0;0;0
20.01.2017 00:10;901.49;901.49;901.49;901.49;3.14;2832.23;901.49
20.01.2017 00:11;901.53;901.53;901.53;901.53;0.51;462.48;901.53
20.01.2017 00:12;0;0;0;0;0;0;0
20.01.2017 00:13;901.58;901.58;901.58;901.58;0.15;135.24;901.58
20.01.2017 00:14;901.56;901.82;901.56;901.82;1.83;1648.41;901.58
20.01.2017 00:15;901.56;901.82;901.56;901.56;1.72;1552.12;901.6
20.01.2017 00:16;901.56;901.82;901.56;901.82;1.08;970.08;901.56
20.01.2017 00:17;901.56;901.82;901.53;901.53;10.92;9845.88;901.58
20.01.2017 00:18;901.53;901.82;901.53;901.82;10.14;9147.12;901.82
20.01.2017 00:19;901.82;901.83;901.82;901.83;0.79;710.97;901.83
20.01.2017 00:20;901.82;902.3;901.82;902.3;2.9;2612.15;901.99
20.01.2017 00:21;902.26;902.32;901.82;901.82;8.56;7723.3;902.21
20.01.2017 00:22;901.84;902.43;901.54;901.54;9.78;8823.67;902.21
20.01.2017 00:23;0;0;0;0;0;0;0
20.01.2017 00:24;0;0;0;0;0;0;0
20.01.2017 00:25;902.42;902.42;902.4;902.4;0.22;199.74;902.4
20.01.2017 00:26;901.97;901.97;901.97;901.97;0.11;100.11;901.97
20.01.2017 00:27;901.97;902.31;901.87;901.89;2.18;1965.37;901.96
20.01.2017 00:28;902;902;901.82;901.99;8.64;7792.93;901.97
20.01.2017 00:29;901.99;902;901.86;901.9;1.77;1594.48;901.95
20.01.2017 00:30;902;902.38;901.89;902.38;1.24;1117.26;902.23
20.01.2017 00:31;901.85;902.4;901.85;902.4;2.57;2323.31;902.27
20.01.2017 00:32;902.3;902.3;901.92;901.92;0.17;153.4;902.03
20.01.2017 00:33;902.38;902.38;902.38;902.38;2.78;2508.52;902.38
20.01.2017 00:34;902.38;902.38;902.05;902.06;3.24;2922.5;902.16
20.01.2017 00:35;902.06;902.06;902.06;902.06;7.19;6485.81;902.06
20.01.2017 00:36;902.06;902.06;901.53;901.54;9.23;8327.24;901.9
20.01.2017 00:37;901.54;902.05;901;902.01;25.43;22919.89;901.43
20.01.2017 00:38;901.54;902.01;901.54;901.54;1.63;1467.94;901.6
20.01.2017 00:39;901.54;902.01;901;901.03;4.56;4112.24;901.44
20.01.2017 00:40;901.04;901.52;901.02;901.02;12.91;11633.78;901.04
20.01.2017 00:41;901.02;901.52;901.02;901.52;0.5;449;901.24
20.01.2017 00:42;901.52;901.52;901.52;901.52;3.36;3030.06;901.52
20.01.2017 00:43;901.02;901.39;901.01;901.01;4.37;3936.63;901.01
20.01.2017 00:44;901.01;901.39;901.01;901.39;3.72;3353.95;901.02
20.01.2017 00:45;901.52;901.52;901.52;901.52;0.13;117.95;901.52
20.01.2017 00:46;901.53;901.53;901.53;901.53;0.48;433.86;901.53
20.01.2017 00:47;901.53;901.53;901.53;901.53;0.01;9.99;901.53
20.01.2017 00:48;901.52;901.52;901.52;901.52;12.19;10987.91;901.52
20.01.2017 00:49;901.52;901.52;901.52;901.52;11.08;9989.01;901.52
20.01.2017 00:50;901.2;901.2;901.2;901.2;0.2;180.24;901.2
20.01.2017 00:51;0;0;0;0;0;0;0
20.01.2017 00:52;0;0;0;0;0;0;0
20.01.2017 00:53;901.11;901.15;901.11;901.15;0.18;166.08;901.12
20.01.2017 00:54;0;0;0;0;0;0;0
20.01.2017 00:55;901.53;902.03;901.53;901.96;0.08;75.67;901.96
20.01.2017 00:56;0;0;0;0;0;0;0
20.01.2017 00:57;0;0;0;0;0;0;0
20.01.2017 00:58;901.23;901.23;901.23;901.23;1.04;936.92;901.23
20.01.2017 00:59;901.72;901.72;901.68;901.68;0.02;15.76;901.7
20.01.2017 01:00;901.2;901.2;901.2;901.2;1.5;1351.44;901.2
20.01.2017 01:01;0;0;0;0;0;0;0
20.01.2017 01:02;901.23;901.23;901.23;901.23;0.93;839.05;901.23
20.01.2017 01:03;901.2;901.2;901.16;901.16;2.33;2101.54;901.17
20.01.2017 01:04;901.16;901.17;901.16;901.17;0.77;697.63;901.17
20.01.2017 01:05;0;0;0;0;0;0;0
20.01.2017 01:06;901.17;901.17;901.17;901.17;0.2;180.23;901.17
20.01.2017 01:07;901.17;901.17;901;901;16.74;15081.76;901.1
20.01.2017 01:08;901;901;901;901;17.71;15955.81;901
20.01.2017 01:09;901;901.48;901;901;3.34;3011.74;901.03
20.01.2017 01:10;901;901;901;901;2.35;2115.55;901
20.01.2017 01:11;901;901;900.53;900.53;3.31;2982.39;900.89
20.01.2017 01:12;0;0;0;0;0;0;0
20.01.2017 01:13;0;0;0;0;0;0;0
20.01.2017 01:14;0;0;0;0;0;0;0
20.01.2017 01:15;900.81;900.94;900.81;900.94;1.07;963.06;900.9
20.01.2017 01:16;900.96;901.39;900.81;900.81;11.53;10385.02;900.83
20.01.2017 01:17;900.81;901.27;900.53;900.53;0.45;402.12;900.9
20.01.2017 01:18;900.53;900.94;900.07;900.94;0.19;175.52;900.69
20.01.2017 01:19;0;0;0;0;0;0;0
20.01.2017 01:20;901.16;901.16;901.16;901.16;1.77;1596.01;901.16
20.01.2017 01:21;900.34;900.34;900.34;900.34;0.18;158.46;900.34
20.01.2017 01:22;900.43;900.43;900.43;900.43;0.08;71.13;900.43
20.01.2017 01:23;0;0;0;0;0;0;0
20.01.2017 01:24;901.49;901.49;901.49;901.49;0.01;12.62;901.49
20.01.2017 01:25;0;0;0;0;0;0;0
20.01.2017 01:26;901.48;901.5;901.48;901.5;0.32;289.19;901.5
20.01.2017 01:27;0;0;0;0;0;0;0
20.01.2017 01:28;0;0;0;0;0;0;0
20.01.2017 01:29;901.49;901.49;901.49;901.49;0.42;381.45;901.49
20.01.2017 01:30;901.49;901.51;901.49;901.51;12.09;10895.92;901.5
20.01.2017 01:31;0;0;0;0;0;0;0
20.01.2017 01:32;901.51;901.51;901.51;901.51;0.1;93.7;901.51
20.01.2017 01:33;901.51;901.51;901.1;901.13;14.08;12693.92;901.36
20.01.2017 01:34;901.16;901.2;900.46;900.5;39;35126.78;900.69
20.01.2017 01:35;900.55;900.57;900.5;900.51;0.67;603.36;900.53
20.01.2017 01:36;900.53;900.57;900.49;900.49;0.1;90.05;900.52
20.01.2017 01:37;901.37;901.37;900.49;900.49;0.03;29.85;900.84
20.01.2017 01:38;900.49;900.51;900.49;900.51;0.07;63.04;900.5
20.01.2017 01:39;900.51;900.97;900.49;900.51;0.14;121.85;900.71
20.01.2017 01:40;901;901;901;901;0.35;317.15;901
20.01.2017 01:41;901.29;901.48;901.26;901.48;0.91;818.48;901.3
20.01.2017 01:42;901.48;901.48;901.48;901.48;0.12;105.2;901.48
20.01.2017 01:43;901.48;901.48;900.82;901.48;0.4;358.24;901.47
20.01.2017 01:44;901.48;901.48;900.55;900.55;10.69;9625.98;900.58
20.01.2017 01:45;900.55;900.55;899.69;899.69;3.84;3454;900.02
20.01.2017 01:46;899.66;899.66;899.62;899.62;0.39;349.96;899.65
20.01.2017 01:47;899.59;899.59;899.08;899.54;0.35;314.88;899.4
20.01.2017 01:48;899.07;899.54;899.07;899.54;2.41;2168.34;899.13
20.01.2017 01:49;899.54;899.56;899.5;899.5;0.43;385.63;899.53
20.01.2017 01:50;899.51;899.56;899.02;899.04;4.19;3770.41;899.08
20.01.2017 01:51;898.96;898.96;897.5;897.95;10.92;9805.9;897.68
20.01.2017 01:52;897.95;897.97;897.5;897.97;14.43;12952.86;897.51
20.01.2017 01:53;897.5;897.5;897.5;897.5;8.97;8052.06;897.5
20.01.2017 01:54;897.5;898;897.5;897.99;0.44;394.85;897.85
20.01.2017 01:55;898;898.18;898;898.18;0.73;659.1;898.08
20.01.2017 01:56;898.18;898.62;898.18;898.58;0.42;377.1;898.4
20.01.2017 01:57;898.55;898.55;898.55;898.55;0.55;490.79;898.55
20.01.2017 01:58;898.55;898.61;898.55;898.61;0.7;630.87;898.55
20.01.2017 01:59;898.61;898.61;898.61;898.61;0.62;560.91;898.61
20.01.2017 02:00;898.61;898.61;898.34;898.61;0.31;282.06;898.52
20.01.2017 02:01;898.61;898.61;898.61;898.61;1.04;930.87;898.61
20.01.2017 02:02;898.59;898.59;898.25;898.39;0.53;480.4;898.42
20.01.2017 02:03;898.35;898.61;898.12;898.61;0.74;665.59;898.23
20.01.2017 02:04;898.61;898.61;898.59;898.59;0.16;140.27;898.6
20.01.2017 02:05;898.03;898.59;898.03;898.59;0.16;146.93;898.56
20.01.2017 02:06;898.59;898.59;898.55;898.55;0.13;118.7;898.58
20.01.2017 02:07;898.55;898.55;898.55;898.55;0.08;69.91;898.55
20.01.2017 02:08;898.55;898.55;898.55;898.55;0.78;698.71;898.55
20.01.2017 02:09;898.55;898.56;898.55;898.56;1.4;1257.16;898.55
20.01.2017 02:10;898.56;898.99;898.56;898.99;1.24;1117.74;898.87
20.01.2017 02:11;898.99;898.99;898.99;898.99;0.7;628.93;898.99
20.01.2017 02:12;898.99;899;898.7;898.84;1.4;1258.98;898.89
20.01.2017 02:13;899;899.97;898.93;899.04;3.73;3350.71;899.15
20.01.2017 02:14;899.19;899.19;899.19;899.19;0.12;107;899.19
20.01.2017 02:15;899.38;899.44;899.14;899.14;0.8;714.86;899.2
20.01.2017 02:16;0;0;0;0;0;0;0
20.01.2017 02:17;899.14;899.88;899.14;899.83;0.34;309.86;899.84
20.01.2017 02:18;899.84;899.84;899.84;899.84;0.19;170.53;899.84
20.01.2017 02:19;0;0;0;0;0;0;0
20.01.2017 02:20;899.49;900.3;899.14;900.3;11.8;10616.14;900.02
20.01.2017 02:21;899.86;899.86;899.71;899.71;59.59;53621.65;899.8
20.01.2017 02:22;0;0;0;0;0;0;0
20.01.2017 02:23;899.64;899.64;899.64;899.64;0.02;17.09;899.64
20.01.2017 02:24;900.3;900.3;900.25;900.25;3.11;2802.2;900.27
20.01.2017 02:25;0;0;0;0;0;0;0
20.01.2017 02:26;0;0;0;0;0;0;0
20.01.2017 02:27;0;0;0;0;0;0;0
20.01.2017 02:28;900.09;900.09;900.09;900.09;0.02;21.87;900.09
20.01.2017 02:29;0;0;0;0;0;0;0
20.01.2017 02:30;899.65;899.65;899.64;899.64;0.18;161.94;899.64
20.01.2017 02:31;0;0;0;0;0;0;0
20.01.2017 02:32;899.64;900.08;899.64;900.08;0.08;71.3;899.9
20.01.2017 02:33;899.64;899.64;899.62;899.62;10.57;9509.43;899.62
20.01.2017 02:34;0;0;0;0;0;0;0
20.01.2017 02:35;0;0;0;0;0;0;0
20.01.2017 02:36;0;0;0;0;0;0;0
20.01.2017 02:37;899.87;899.87;899.87;899.87;0.02;17.5;899.87
20.01.2017 02:38;0;0;0;0;0;0;0
20.01.2017 02:39;0;0;0;0;0;0;0
20.01.2017 02:40;899.54;899.54;899.54;899.54;0.12;107.45;899.54
20.01.2017 02:41;0;0;0;0;0;0;0
20.01.2017 02:42;900.01;900.01;899.1;899.1;27.71;24934.46;899.83
20.01.2017 02:43;0;0;0;0;0;0;0
20.01.2017 02:44;0;0;0;0;0;0;0
20.01.2017 02:45;900;900;900;900;0.02;18.75;900
20.01.2017 02:46;899.44;900;899.44;900;54;48584.88;899.72
20.01.2017 02:47;900.25;900.26;899.09;899.09;0.76;684.04;899.49
20.01.2017 02:48;899.05;899.1;899.05;899.1;1;899.08;899.08
20.01.2017 02:49;899.1;900.21;899.1;900.21;1.17;1054.66;899.26
20.01.2017 02:50;899.1;900.27;899.1;900.27;2.23;2010.23;899.99
20.01.2017 02:51;900.27;900.28;900.27;900.28;2.12;1906.04;900.28
20.01.2017 02:52;900.27;900.27;900.27;900.27;0.04;36.01;900.27
20.01.2017 02:53;900.28;900.28;900.27;900.28;0.14;122.45;900.28
20.01.2017 02:54;0;0;0;0;0;0;0
20.01.2017 02:55;0;0;0;0;0;0;0
20.01.2017 02:56;900.27;900.27;900.27;900.27;4.86;4370.81;900.27
20.01.2017 02:57;900.28;900.28;900.28;900.28;0.22;199.95;900.28
20.01.2017 02:58;900.28;900.28;900.28;900.28;0.01;8.87;900.28
20.01.2017 02:59;0;0;0;0;0;0;0
20.01.2017 03:00;0;0;0;0;0;0;0
20.01.2017 03:01;900.28;900.28;900.27;900.27;22.18;19970.25;900.27
20.01.2017 03:02;0;0;0;0;0;0;0
20.01.2017 03:03;0;0;0;0;0;0;0
20.01.2017 03:04;0;0;0;0;0;0;0
20.01.2017 03:05;899.08;899.08;899.08;899.08;0.02;16.9;899.08
20.01.2017 03:06;0;0;0;0;0;0;0
20.01.2017 03:07;0;0;0;0;0;0;0
20.01.2017 03:08;0;0;0;0;0;0;0
20.01.2017 03:09;0;0;0;0;0;0;0
20.01.2017 03:10;0;0;0;0;0;0;0
20.01.2017 03:11;900.18;900.18;900.18;900.18;0.01;12.47;900.18
20.01.2017 03:12;0;0;0;0;0;0;0
20.01.2017 03:13;899.05;899.56;899.05;899.56;2.04;1833.83;899.38
20.01.2017 03:14;899.56;900.17;899.02;900.17;10.9;9811.96;899.83
20.01.2017 03:15;900.19;900.19;899.6;900.03;8.04;7233.39;899.94
20.01.2017 03:16;900.03;900.03;899.56;900;3.79;3410.99;899.73
20.01.2017 03:17;899.57;900;899.56;900;5.46;4912.81;899.69
20.01.2017 03:18;900.06;900.06;900.06;900.06;0.07;60.12;900.06
20.01.2017 03:19;900.12;900.12;900.12;900.12;0.01;13.2;900.12
20.01.2017 03:20;0;0;0;0;0;0;0
20.01.2017 03:21;0;0;0;0;0;0;0
20.01.2017 03:22;899.58;900.05;899.58;899.58;1.98;1784.65;899.58
20.01.2017 03:23;899.58;899.58;899.58;899.58;0.12;104.35;899.58
20.01.2017 03:24;0;0;0;0;0;0;0
20.01.2017 03:25;0;0;0;0;0;0;0
20.01.2017 03:26;900.03;900.03;900.03;900.03;0.01;10.39;900.03
20.01.2017 03:27;899.58;899.58;899.58;899.58;5.66;5088.92;899.58
20.01.2017 03:28;899.58;899.58;899.58;899.58;8.36;7516.89;899.58
20.01.2017 03:29;899.58;899.58;899.58;899.58;0.21;188.91;899.58
20.01.2017 03:30;899.58;899.58;899.58;899.58;0.56;501.07;899.58
20.01.2017 03:31;899.58;899.58;899;899;13.56;12201.63;899.55
20.01.2017 03:32;0;0;0;0;0;0;0
20.01.2017 03:33;0;0;0;0;0;0;0
20.01.2017 03:34;899.05;899.06;899;899.06;8.48;7626.54;899.06
20.01.2017 03:35;0;0;0;0;0;0;0
20.01.2017 03:36;0;0;0;0;0;0;0
20.01.2017 03:37;0;0;0;0;0;0;0
20.01.2017 03:38;899.07;899.07;899.07;899.07;0.08;75.52;899.07
20.01.2017 03:39;899.23;899.23;896.02;899.04;43.05;38676.23;898.42
20.01.2017 03:40;0;0;0;0;0;0;0
20.01.2017 03:41;0;0;0;0;0;0;0
20.01.2017 03:42;898.28;898.3;898.28;898.3;0.77;688.75;898.28
20.01.2017 03:43;898.31;898.31;898.31;898.31;0.02;13.91;898.31
20.01.2017 03:44;898.01;898.01;898.01;898.01;0.03;22.9;898.01
20.01.2017 03:45;0;0;0;0;0;0;0
20.01.2017 03:46;898.03;898.03;898.01;898.01;0.97;868.67;898.02
20.01.2017 03:47;0;0;0;0;0;0;0
20.01.2017 03:48;898.02;898.02;898.02;898.02;1.16;1044.08;898.02
20.01.2017 03:49;898.3;900.03;898.3;900.03;76.16;68429.12;898.54
20.01.2017 03:50;900.03;900.43;900.03;900.43;45.26;40743.3;900.2
20.01.2017 03:51;0;0;0;0;0;0;0
20.01.2017 03:52;900.04;900.04;900.04;900.04;0.25;225.01;900.04
20.01.2017 03:53;0;0;0;0;0;0;0
20.01.2017 03:54;0;0;0;0;0;0;0
20.01.2017 03:55;0;0;0;0;0;0;0
20.01.2017 03:56;900.42;900.42;900.42;900.42;0.37;337.48;900.42
20.01.2017 03:57;0;0;0;0;0;0;0
20.01.2017 03:58;0;0;0;0;0;0;0
20.01.2017 03:59;900.42;900.42;900.42;900.42;0.02;21.15;900.42
20.01.2017 04:00;900.07;900.07;900.04;900.04;7.09;6380.4;900.04
20.01.2017 04:01;900.04;900.04;897.32;898.16;10.13;9108.11;898.94
20.01.2017 04:02;898.16;898.16;896.18;896.3;32.36;29023.92;896.96
20.01.2017 04:03;896.31;896.33;896.01;896.06;14.59;13072.19;896.22
20.01.2017 04:04;896.06;896.95;896.01;896.16;10.43;9348.14;896.07
20.01.2017 04:05;896.17;897.41;896.17;896.86;23.18;20798.78;897.32
20.01.2017 04:06;0;0;0;0;0;0;0
20.01.2017 04:07;897.14;897.14;897.14;897.14;0.38;341;897.14
20.01.2017 04:08;0;0;0;0;0;0;0
20.01.2017 04:09;897.39;897.39;897.39;897.39;0.03;29.38;897.39
20.01.2017 04:10;897.39;897.39;897.39;897.39;0.08;70.89;897.39
20.01.2017 04:11;897.39;897.39;897.39;897.39;4.19;3757.46;897.39
20.01.2017 04:12;896.83;896.83;896.83;896.83;0.02;19.73;896.83
20.01.2017 04:13;897.41;897.41;897.41;897.41;16.69;14982.02;897.41
20.01.2017 04:14;0;0;0;0;0;0;0
20.01.2017 04:15;0;0;0;0;0;0;0
20.01.2017 04:16;897.41;897.41;897.41;897.41;0.04;35.45;897.41
20.01.2017 04:17;897.17;897.17;897.17;897.17;1;897.17;897.17
20.01.2017 04:18;0;0;0;0;0;0;0
20.01.2017 04:19;0;0;0;0;0;0;0
20.01.2017 04:20;0;0;0;0;0;0;0
20.01.2017 04:21;897.42;897.42;897.42;897.42;0.04;35.45;897.42
20.01.2017 04:22;0;0;0;0;0;0;0
20.01.2017 04:23;897.4;897.4;897.24;897.24;0.24;213.16;897.25
20.01.2017 04:24;897.22;897.22;896.95;897.1;1.42;1275.62;897.07
20.01.2017 04:25;897.41;897.41;897.41;897.41;0.02;13.97;897.41
20.01.2017 04:26;897.15;897.41;897.15;897.41;0.62;556.04;897.21
20.01.2017 04:27;897.41;897.42;897.41;897.42;6.5;5835.86;897.42
20.01.2017 04:28;0;0;0;0;0;0;0
20.01.2017 04:29;897.5;897.5;897.5;897.5;0.06;51.87;897.5
20.01.2017 04:30;0;0;0;0;0;0;0
20.01.2017 04:31;0;0;0;0;0;0;0
20.01.2017 04:32;897.5;897.5;897.22;897.22;3.23;2893.69;897.26
20.01.2017 04:33;897.5;897.5;897.5;897.5;0.02;14.93;897.5
20.01.2017 04:34;0;0;0;0;0;0;0
20.01.2017 04:35;897.47;897.47;897.47;897.47;0.04;33;897.47
20.01.2017 04:36;0;0;0;0;0;0;0
20.01.2017 04:37;0;0;0;0;0;0;0
20.01.2017 04:38;0;0;0;0;0;0;0
20.01.2017 04:39;897.54;897.54;897.22;897.22;8.67;7782.06;897.22
20.01.2017 04:40;897.22;897.22;894;894.43;11.55;10346.85;895.55
20.01.2017 04:41;894.44;894.44;893.56;893.56;4.71;4206.49;893.86
20.01.2017 04:42;893.56;893.56;893.56;893.56;12.11;10822.8;893.56
20.01.2017 04:43;893.57;893.57;893.55;893.55;20.46;18284.18;893.56
20.01.2017 04:44;893.44;893.54;893.3;893.3;9.04;8075;893.35
20.01.2017 04:45;893.3;893.3;893.3;893.3;6.03;5382.32;893.3
20.01.2017 04:46;0;0;0;0;0;0;0
20.01.2017 04:47;0;0;0;0;0;0;0
20.01.2017 04:48;893.39;893.39;893;893;1.54;1372.97;893.28
20.01.2017 04:49;893;893;892;892.36;7.2;6428.84;892.59
20.01.2017 04:50;892;892.01;892;892;3.89;3467.21;892
20.01.2017 04:51;892.01;892.01;891.62;891.62;1.23;1096.98;891.89
20.01.2017 04:52;891.62;892.44;891.44;892.44;7.22;6442.6;892.3
20.01.2017 04:53;892.01;892.16;892.01;892.16;1.43;1272.08;892.06
20.01.2017 04:54;892.2;893.06;891.54;891.73;2;1781.69;892.01
20.01.2017 04:55;891.76;891.82;891.53;891.76;7.23;6445.29;891.71
20.01.2017 04:56;891.81;892.5;891.53;891.59;6.48;5777.33;891.63
20.01.2017 04:57;891.61;891.61;890;890.34;125.59;111826.09;890.39
20.01.2017 04:58;891.33;891.33;890.33;891.14;2.18;1940.05;890.38
20.01.2017 04:59;890.33;891.11;890;890.05;16.56;14740.57;890.35
20.01.2017 05:00;890.06;890.81;890;890;1.26;1121.98;890.18
20.01.2017 05:01;890.62;891.3;890;890.01;0.71;628.02;890.43
20.01.2017 05:02;890.01;891.22;890;890.97;3.73;3320.1;890.35
20.01.2017 05:03;890.23;891.33;890;891.19;6.38;5684.4;890.28
20.01.2017 05:04;891.17;891.17;891.02;891.02;0.24;212.52;891.07
20.01.2017 05:05;891.33;891.58;891.33;891.58;1.37;1217.59;891.43
20.01.2017 05:06;891.58;892;891.42;891.42;17.14;15283.91;891.63
20.01.2017 05:07;891.42;891.99;890.52;891.81;1.23;1099.25;891.06
20.01.2017 05:08;891.77;891.77;891.58;891.58;0.09;84;891.76
20.01.2017 05:09;891.89;891.99;891.79;891.99;0.16;141.9;891.91
20.01.2017 05:10;891.99;891.99;891.99;891.99;0.16;141.92;891.99
20.01.2017 05:11;891.99;892;891.99;892;6.39;5699.76;892
20.01.2017 05:12;892;892;892;892;0.2;179.37;892
20.01.2017 05:13;892;892;892;892;0.02;19.89;892
20.01.2017 05:14;891.99;892;891.99;892;0.84;748.11;892
20.01.2017 05:15;892;892;892;892;0.21;191.76;892
20.01.2017 05:16;892;892;892;892;0.13;117.64;892
20.01.2017 05:17;892;892;892;892;5.08;4531;892
20.01.2017 05:18;0;0;0;0;0;0;0
20.01.2017 05:19;892;892;892;892;0.11;101.69;892
20.01.2017 05:20;892;892;892;892;0.08;70.82;892
20.01.2017 05:21;892;892;892;892;0.95;845.16;892
20.01.2017 05:22;0;0;0;0;0;0;0
20.01.2017 05:23;892;892;892;892;1.09;971.18;892
20.01.2017 05:24;892;892.4;892;892.4;0.02;18.9;892.33
20.01.2017 05:25;0;0;0;0;0;0;0
20.01.2017 05:26;892.4;892.4;892.4;892.4;0.09;84.25;892.4
20.01.2017 05:27;0;0;0;0;0;0;0
20.01.2017 05:28;0;0;0;0;0;0;0
20.01.2017 05:29;892.4;892.42;892.4;892.42;0.68;607.4;892.41
20.01.2017 05:30;892.42;892.67;892.42;892.45;9.6;8568.35;892.54
20.01.2017 05:31;0;0;0;0;0;0;0
20.01.2017 05:32;0;0;0;0;0;0;0
20.01.2017 05:33;892.58;892.58;892.58;892.58;0.09;80.33;892.58
20.01.2017 05:34;892.67;892.67;892.67;892.67;0.02;16.93;892.67
20.01.2017 05:35;892.67;892.67;892.67;892.67;0.31;277.57;892.67
20.01.2017 05:36;893.02;893.02;893.02;893.02;0.02;19.91;893.02
20.01.2017 05:37;893.02;893.02;893.02;893.02;0.1;86.53;893.02
20.01.2017 05:38;893.02;893.02;893.02;893.02;0.51;456.9;893.02
20.01.2017 05:39;893.02;893.05;892.69;892.69;6.25;5581.85;892.72
20.01.2017 05:40;892.69;892.69;892.69;892.69;0.06;50.55;892.69
20.01.2017 05:41;892.68;892.68;892.45;892.45;10.5;9370.84;892.46
20.01.2017 05:42;892.45;892.67;892.45;892.67;4;3570.54;892.63
20.01.2017 05:43;892.64;892.64;892.64;892.64;0.02;16.91;892.64
20.01.2017 05:44;892.57;892.57;892.57;892.57;0.07;58.38;892.57
20.01.2017 05:45;892.49;892.49;892.49;892.49;0.04;34.72;892.49
20.01.2017 05:46;892.49;892.49;892.49;892.49;0.04;33.84;892.49
20.01.2017 05:47;0;0;0;0;0;0;0
20.01.2017 05:48;892.48;892.48;892.48;892.48;0.02;14.19;892.48
20.01.2017 05:49;892.49;892.49;892.49;892.49;0.01;7.09;892.49
20.01.2017 05:50;892.5;892.5;892.49;892.49;0.71;637.78;892.49
20.01.2017 05:51;892.49;892.49;892.49;892.49;0.42;370.71;892.49
20.01.2017 05:52;0;0;0;0;0;0;0
20.01.2017 05:53;892.5;892.5;892.5;892.5;9.68;8641.54;892.5
20.01.2017 05:54;0;0;0;0;0;0;0
20.01.2017 05:55;0;0;0;0;0;0;0
20.01.2017 05:56;892.53;892.53;892.53;892.53;4.25;3788.79;892.53
20.01.2017 05:57;892.53;892.53;891.4;891.41;10.43;9307.03;892.35
20.01.2017 05:58;891.41;892.09;890.84;890.95;4.46;3978.85;891.19
20.01.2017 05:59;890.97;892.13;890.93;890.93;5.64;5028.67;891.29
20.01.2017 06:00;890.93;891.12;890.42;891.12;6.11;5444.16;890.88
20.01.2017 06:01;891.09;891.9;890.4;891.9;3.37;3005.19;890.95
20.01.2017 06:02;891.08;891.08;890.61;890.62;3.78;3365.78;890.65
20.01.2017 06:03;0;0;0;0;0;0;0
20.01.2017 06:04;0;0;0;0;0;0;0
20.01.2017 06:05;891.31;891.31;891.31;891.31;0.28;250.46;891.31
20.01.2017 06:06;891.96;891.96;891.96;891.96;0.02;17.86;891.96
20.01.2017 06:07;891.32;891.32;891.31;891.31;2.83;2525.21;891.31
20.01.2017 06:08;891.31;891.31;890.41;890.61;8.99;8009.67;891.16
20.01.2017 06:09;890.61;890.61;890.61;890.61;0.21;184.25;890.61
20.01.2017 06:10;890.76;890.78;890.76;890.78;0.59;522.88;890.77
20.01.2017 06:11;890.86;891.21;890.86;891.21;5.92;5277.89;891.17
20.01.2017 06:12;891.21;891.56;890.64;890.64;4.08;3635.18;891.19
20.01.2017 06:13;891.55;891.55;890.61;890.61;2.87;2559.92;891.06
20.01.2017 06:14;890.63;891.56;890.61;890.73;6.03;5372.28;891.06
20.01.2017 06:15;890.73;891.55;890.73;891.54;3.92;3497.26;891.32
20.01.2017 06:16;891.08;891.08;891.08;891.08;0.2;174.36;891.08
20.01.2017 06:17;891.54;891.54;890.72;890.72;7.53;6707.26;890.75
20.01.2017 06:18;890.72;890.72;890;890;5.15;4591.16;890.63
20.01.2017 06:19;890;891.05;890;890;24.24;21574.81;890.17
20.01.2017 06:20;890;890;890;890;23.59;20992.43;890
20.01.2017 06:21;890;890;890;890;6.02;5356.91;890
20.01.2017 06:22;890;890.01;890;890;6.54;5821.5;890
20.01.2017 06:23;890.49;890.49;890;890;5.1;4537.14;890.05
20.01.2017 06:24;890;890.49;890;890;7.87;7007.45;890.01
20.01.2017 06:25;890;890.48;890;890;9.53;8483.08;890
20.01.2017 06:26;890;890.45;890;890;10.14;9027.73;890.13
20.01.2017 06:27;890;890;890;890;32.82;29212.47;890
20.01.2017 06:28;890;890;890;890;8.03;7142.25;890
20.01.2017 06:29;890;890;890;890;8.73;7770.59;890
20.01.2017 06:30;890;890;890;890;8.62;7667.49;890
20.01.2017 06:31;890;890;890;890;0.01;5.34;890
20.01.2017 06:32;890.5;890.5;890.5;890.5;28.5;25378.17;890.5
20.01.2017 06:33;890.94;890.94;890.94;890.94;0.73;649.65;890.94
20.01.2017 06:34;890.95;891.55;890.95;891.55;9.85;8781.21;891.28
20.01.2017 06:35;891.55;891.55;891.4;891.4;2.02;1797.71;891.4
20.01.2017 06:36;891.55;891.55;891.54;891.54;2.02;1800.46;891.55
20.01.2017 06:37;891.55;891.55;891.55;891.55;0.05;40.57;891.55
20.01.2017 06:38;891.42;891.42;891.42;891.42;0.08;66.86;891.42
20.01.2017 06:39;0;0;0;0;0;0;0
20.01.2017 06:40;891.55;891.55;891.55;891.55;0.11;100.75;891.55
20.01.2017 06:41;0;0;0;0;0;0;0
20.01.2017 06:42;891.55;891.56;891.55;891.56;4.43;3949.36;891.55
20.01.2017 06:43;0;0;0;0;0;0;0
20.01.2017 06:44;891.56;891.56;891.56;891.56;0.09;84.51;891.56
20.01.2017 06:45;891.56;891.56;891.56;891.56;0.38;335.02;891.56
20.01.2017 06:46;0;0;0;0;0;0;0
20.01.2017 06:47;891.77;891.8;891.77;891.8;5.27;4696.76;891.79
20.01.2017 06:48;891.79;891.8;891.79;891.8;1.33;1190.16;891.8
20.01.2017 06:49;891.8;891.92;891.8;891.92;5.43;4838.1;891.81
20.01.2017 06:50;0;0;0;0;0;0;0
20.01.2017 06:51;0;0;0;0;0;0;0
20.01.2017 06:52;0;0;0;0;0;0;0
20.01.2017 06:53;891.92;892.3;891.92;892.3;12.67;11308.87;892.26
20.01.2017 06:54;892.03;892.3;892.03;892.3;0.44;389.31;892.1
20.01.2017 06:55;892.31;892.31;892.31;892.31;0.08;68.71;892.31
20.01.2017 06:56;892.31;893.02;892.31;893.01;42.76;38169.83;892.57
20.01.2017 06:57;893.01;893.2;893.01;893.01;27.43;24494.35;893.1
20.01.2017 06:58;893.01;893.2;893.01;893.2;13.34;11911.13;893.16
20.01.2017 06:59;893.2;893.21;893.2;893.2;9.13;8156.79;893.2
20.01.2017 07:00;893.2;893.21;893.2;893.2;4.05;3620.68;893.2
20.01.2017 07:01;893.2;893.21;893.2;893.2;5.1;4551.72;893.2
20.01.2017 07:02;893.2;893.2;893.2;893.2;3.08;2749.27;893.2
20.01.2017 07:03;0;0;0;0;0;0;0
20.01.2017 07:04;893.21;893.21;893.21;893.21;0.02;13.58;893.21
20.01.2017 07:05;893.21;893.21;893.2;893.2;4.21;3760;893.2
20.01.2017 07:06;893.2;893.2;893.2;893.2;0.43;386.76;893.2
20.01.2017 07:07;893.21;893.21;893.21;893.21;5;4466.05;893.21
20.01.2017 07:08;893.21;893.21;893.21;893.21;1.86;1658.29;893.21
20.01.2017 07:09;893.4;893.4;893.26;893.26;5.37;4800.13;893.4
20.01.2017 07:10;0;0;0;0;0;0;0
20.01.2017 07:11;893.4;893.4;893.4;893.4;4.73;4229.35;893.4
20.01.2017 07:12;0;0;0;0;0;0;0
20.01.2017 07:13;893.44;893.44;893.44;893.44;0.13;112.46;893.44
20.01.2017 07:14;893.44;893.68;893.44;893.68;4.55;4065.96;893.57
20.01.2017 07:15;893.93;894.44;893.93;894.44;2.81;2515.32;894.18
20.01.2017 07:16;894.44;894.95;894.44;894.95;2.42;2162.81;894.95
20.01.2017 07:17;0;0;0;0;0;0;0
20.01.2017 07:18;894.95;894.95;894.95;894.95;0.74;661.15;894.95
20.01.2017 07:19;894.35;894.35;894.35;894.35;0.02;16.99;894.35
20.01.2017 07:20;0;0;0;0;0;0;0
20.01.2017 07:21;894.28;894.28;893.89;893.89;0.57;508.71;894.04
20.01.2017 07:22;894.3;894.3;894.3;894.3;0.24;214.63;894.3
20.01.2017 07:23;894.3;894.92;893.89;894.92;0.6;532.91;894.18
20.01.2017 07:24;894.51;894.92;894.5;894.92;0.65;582.4;894.63
20.01.2017 07:25;894.61;894.92;894.61;894.92;0.27;244.74;894.66
20.01.2017 07:26;894.92;894.93;894.92;894.93;0.23;205.05;894.92
20.01.2017 07:27;894.91;894.91;894.91;894.91;0.02;17.9;894.91
20.01.2017 07:28;894.91;894.93;894.91;894.93;1.41;1261.29;894.91
20.01.2017 07:29;0;0;0;0;0;0;0
20.01.2017 07:30;894.93;894.95;894.93;894.95;6.47;5790.48;894.95
20.01.2017 07:31;895.13;895.13;895.13;895.13;0.28;253.79;895.13
20.01.2017 07:32;895.13;895.21;895.13;895.21;0.8;713.75;895.19
20.01.2017 07:33;895.21;895.21;894.91;894.91;3.95;3538.41;894.93
20.01.2017 07:34;894.91;894.92;894.91;894.92;6.49;5811.56;894.91
20.01.2017 07:35;894.92;895.21;894.92;895.21;1.1;987.39;895.18
20.01.2017 07:36;894.93;895.21;894.93;895.21;4.37;3914.28;895.1
20.01.2017 07:37;895.21;895.66;895.21;895.66;3.92;3508.91;895.29
20.01.2017 07:38;895.94;896.13;895.16;895.16;8.38;7504.06;895.67
20.01.2017 07:39;896.03;896.24;895.25;896.07;6.81;6104.24;895.97
20.01.2017 07:40;896.07;896.19;895.15;896.19;3.96;3551.31;895.86
20.01.2017 07:41;895.48;895.69;895.48;895.69;0.24;211.87;895.56
20.01.2017 07:42;896.1;897.04;896.1;897.04;19.5;17472.03;896.12
20.01.2017 07:43;897.04;897.04;897.04;897.04;0.03;23.21;897.04
20.01.2017 07:44;897.04;897.04;897.04;897.04;0.06;52.16;897.04
20.01.2017 07:45;0;0;0;0;0;0;0
20.01.2017 07:46;0;0;0;0;0;0;0
20.01.2017 07:47;0;0;0;0;0;0;0
20.01.2017 07:48;0;0;0;0;0;0;0
20.01.2017 07:49;897.04;897.04;897.04;897.04;0.51;454.25;897.04
20.01.2017 07:50;0;0;0;0;0;0;0
20.01.2017 07:51;897.06;897.2;897.06;897.2;4.49;4031.55;897.17
20.01.2017 07:52;0;0;0;0;0;0;0
20.01.2017 07:53;0;0;0;0;0;0;0
20.01.2017 07:54;897.21;897.21;897.21;897.21;0.12;104.08;897.21
20.01.2017 07:55;897.21;897.21;897.2;897.2;0.73;656.22;897.21
20.01.2017 07:56;897.2;897.21;897.2;897.21;15.16;13604.78;897.2
20.01.2017 07:57;897.2;897.2;897.11;897.11;41;36783.56;897.16
20.01.2017 07:58;897.21;897.21;897.21;897.21;0.02;20.82;897.21
20.01.2017 07:59;897.1;897.1;897.06;897.06;0.35;310.93;897.1
20.01.2017 08:00;897.1;897.1;897.1;897.1;2.37;2128.8;897.1
20.01.2017 08:01;897.06;897.06;894;894;9.31;8324.92;894.63
20.01.2017 08:02;894.25;894.25;894.25;894.25;0.03;28.06;894.25
20.01.2017 08:03;0;0;0;0;0;0;0
20.01.2017 08:04;894.33;894.33;894.04;894.04;0.9;805.39;894.08
20.01.2017 08:05;894.33;894.97;894.33;894.97;9.29;8312.32;894.37
20.01.2017 08:06;0;0;0;0;0;0;0
20.01.2017 08:07;895.03;895.03;895.02;895.03;6.68;5977.59;895.03
20.01.2017 08:08;895.01;895.01;895.01;895.01;0.03;24.23;895.01
20.01.2017 08:09;894.36;894.36;894.36;894.36;1.22;1093.91;894.36
20.01.2017 08:10;894.66;895.06;894.66;895.05;11.8;10564.88;895
20.01.2017 08:11;894.82;894.85;894.02;894.85;0.51;458.09;894.53
20.01.2017 08:12;894.8;894.8;894.22;894.32;1.1;986.65;894.51
20.01.2017 08:13;894.1;894.1;893.97;894.01;5.74;5127.97;894.02
20.01.2017 08:14;894.76;894.76;894.76;894.76;0.09;78.12;894.76
20.01.2017 08:15;0;0;0;0;0;0;0
20.01.2017 08:16;0;0;0;0;0;0;0
20.01.2017 08:17;0;0;0;0;0;0;0
20.01.2017 08:18;894.59;894.83;894.56;894.83;3.35;2998.61;894.59
20.01.2017 08:19;894.81;895.06;894.8;895.06;7.02;6279.76;894.8
20.01.2017 08:20;894.94;894.94;894.81;894.81;2.66;2382.69;894.85
20.01.2017 08:21;895.05;895.05;895.05;895.05;0.88;790.1;895.05
20.01.2017 08:22;0;0;0;0;0;0;0
20.01.2017 08:23;895.06;895.06;895.06;895.06;0.45;402.94;895.06
20.01.2017 08:24;895.05;895.05;895.05;895.05;0.01;10.4;895.05
20.01.2017 08:25;894.84;894.84;894.84;894.84;5.16;4617.37;894.84
20.01.2017 08:26;894.84;894.84;891.99;893.53;17.62;15750.27;893.74
20.01.2017 08:27;0;0;0;0;0;0;0
20.01.2017 08:28;892.22;892.22;892;892;20.59;18370.33;892.01
20.01.2017 08:29;892.71;892.72;892.55;892.55;1.06;947.75;892.72
20.01.2017 08:30;0;0;0;0;0;0;0
20.01.2017 08:31;892;892;891.99;891.99;0.66;586.2;891.99
20.01.2017 08:32;892.55;892.55;892.55;892.55;1.16;1039.66;892.55
20.01.2017 08:33;892.55;892.55;892.55;892.55;0.69;614.24;892.55
20.01.2017 08:34;892.3;892.3;892.3;892.3;3;2676.9;892.3
20.01.2017 08:35;0;0;0;0;0;0;0
20.01.2017 08:36;892.3;892.5;892.3;892.5;2.41;2154.37;892.31
20.01.2017 08:37;0;0;0;0;0;0;0
20.01.2017 08:38;892.5;892.5;892.5;892.5;10.07;8990.11;892.5
20.01.2017 08:39;893.15;894.51;892.51;894.41;13.28;11868.15;893.45
20.01.2017 08:40;0;0;0;0;0;0;0
20.01.2017 08:41;0;0;0;0;0;0;0
20.01.2017 08:42;893.6;893.6;893.6;893.6;0.11;98.53;893.6
20.01.2017 08:43;0;0;0;0;0;0;0
20.01.2017 08:44;893.97;893.98;893.97;893.98;0.22;197;893.97
20.01.2017 08:45;893.98;893.98;893.98;893.98;0.62;550.49;893.98
20.01.2017 08:46;893.98;894.51;893.98;894.51;0.06;55.81;894.08
20.01.2017 08:47;0;0;0;0;0;0;0
20.01.2017 08:48;894.51;894.51;894.51;894.51;0.12;103.45;894.51
20.01.2017 08:49;0;0;0;0;0;0;0
20.01.2017 08:50;0;0;0;0;0;0;0
20.01.2017 08:51;894.51;894.51;894.51;894.51;0.04;36.14;894.51
20.01.2017 08:52;894.3;894.84;894.3;894.84;2.33;2088.42;894.56
20.01.2017 08:53;895.02;895.03;895.02;895.03;0.55;490.29;895.03
20.01.2017 08:54;0;0;0;0;0;0;0
20.01.2017 08:55;894.51;894.51;894.51;894.51;0.05;44.73;894.51
20.01.2017 08:56;894.53;894.54;894.53;894.54;0.38;337.49;894.53
20.01.2017 08:57;894.55;894.55;894.3;894.3;10.75;9618.02;894.47
20.01.2017 08:58;894.3;894.3;892.58;894.3;8.59;7678;893.77
20.01.2017 08:59;894.3;894.3;892.59;892.59;23.77;21245.39;893.81
20.01.2017 09:00;892.59;892.6;892;892.03;6.78;6054.6;892.48
20.01.2017 09:01;892.03;892.6;891.01;891.01;13.28;11843.69;891.87
20.01.2017 09:02;891.03;891.6;890;890.03;33.2;29555.54;890.21
20.01.2017 09:03;890.03;892.57;890.01;890.12;14.83;13202.19;890.38
20.01.2017 09:04;890.14;890.55;890.14;890.26;6.33;5631.76;890.31
20.01.2017 09:05;890.27;890.34;890.27;890.34;3.74;3329.75;890.31
20.01.2017 09:06;891.38;891.67;891.36;891.67;2.42;2157.58;891.48
20.01.2017 09:07;891.04;891.76;890.7;890.71;2.89;2574.1;891.13
20.01.2017 09:08;890.71;892.39;890.71;892.36;3.75;3345.83;891.68
20.01.2017 09:09;891.04;892.04;887.2;889.26;166.66;148213.32;889.29
20.01.2017 09:10;0;0;0;0;0;0;0
20.01.2017 09:11;0;0;0;0;0;0;0
20.01.2017 09:12;0;0;0;0;0;0;0
20.01.2017 09:13;891.31;891.31;891.31;891.31;0.04;35.65;891.31
20.01.2017 09:14;890.14;890.14;890.14;890.14;0.35;315.55;890.14
20.01.2017 09:15;0;0;0;0;0;0;0
20.01.2017 09:16;890.15;890.48;890.15;890.48;1.49;1325.44;890.26
20.01.2017 09:17;0;0;0;0;0;0;0
20.01.2017 09:18;0;0;0;0;0;0;0
20.01.2017 09:19;890.48;890.55;890.48;890.55;0.55;490.83;890.52
20.01.2017 09:20;891;891.74;891;891.69;2.34;2090.54;891.68
20.01.2017 09:21;890.95;891.01;890.84;890.84;1.56;1386.15;890.96
20.01.2017 09:22;890.78;891.75;890.69;891.75;1.1;978.13;891.01
20.01.2017 09:23;0;0;0;0;0;0;0
20.01.2017 09:24;0;0;0;0;0;0;0
20.01.2017 09:25;890.85;890.85;890.85;890.85;0.1;89.09;890.85
20.01.2017 09:26;0;0;0;0;0;0;0
20.01.2017 09:27;891;891;891;891;0.13;120.1;891
20.01.2017 09:28;0;0;0;0;0;0;0
20.01.2017 09:29;891;891.43;891;891.43;3.54;3158.27;891.07
20.01.2017 09:30;891.75;891.75;891.75;891.75;2.51;2239.34;891.75
20.01.2017 09:31;891.75;891.75;891.75;891.75;6.1;5436.82;891.75
20.01.2017 09:32;891.75;891.75;891.75;891.75;1.7;1514.55;891.75
20.01.2017 09:33;0;0;0;0;0;0;0
20.01.2017 09:34;892.16;892.16;892.16;892.16;0.42;373.26;892.16
20.01.2017 09:35;892.16;892.16;892.16;892.16;0.01;5.02;892.16
20.01.2017 09:36;892.18;892.18;892.18;892.18;0.02;17.27;892.18
20.01.2017 09:37;892.18;892.18;892.18;892.18;0.27;240.57;892.18
20.01.2017 09:38;0;0;0;0;0;0;0
20.01.2017 09:39;0;0;0;0;0;0;0
20.01.2017 09:40;0;0;0;0;0;0;0
20.01.2017 09:41;892.57;893.57;892.57;893.57;6.66;5949.27;893.23
20.01.2017 09:42;0;0;0;0;0;0;0
20.01.2017 09:43;893.45;893.45;893.45;893.45;10.01;8946.52;893.45
20.01.2017 09:44;893.43;893.43;893.43;893.43;0.01;5.37;893.43
20.01.2017 09:45;893.41;893.41;893.41;893.41;0.23;207.64;893.41
20.01.2017 09:46;893.41;893.41;893.41;893.41;2.79;2496.28;893.41
20.01.2017 09:47;893.41;893.41;893.12;893.12;5.32;4750.91;893.13
20.01.2017 09:48;893.41;893.41;893.12;893.12;3.21;2869.14;893.15
20.01.2017 09:49;893.12;893.28;891.59;893.28;4.87;4350.97;892.65
20.01.2017 09:50;893.27;893.27;891.76;891.76;0.03;30.49;892.78
20.01.2017 09:51;0;0;0;0;0;0;0
20.01.2017 09:52;892.81;892.81;892.81;892.81;0.2;181.72;892.81
20.01.2017 09:53;892.8;892.8;892.7;892.7;1.05;934.82;892.8
20.01.2017 09:54;0;0;0;0;0;0;0
20.01.2017 09:55;891.64;891.64;891.64;891.64;0.16;140.67;891.64
20.01.2017 09:56;0;0;0;0;0;0;0
20.01.2017 09:57;891.69;891.69;891.69;891.69;0.07;64.13;891.69
20.01.2017 09:58;0;0;0;0;0;0;0
20.01.2017 09:59;892.4;892.4;892.4;892.4;10.97;9793.45;892.4
20.01.2017 10:00;893.02;893.02;893.02;893.02;0.03;24.02;893.02
20.01.2017 10:01;892.84;892.84;892.82;892.82;2.06;1837.6;892.84
20.01.2017 10:02;892.66;893.43;892.66;893.43;15.12;13500.89;893.14
20.01.2017 10:03;0;0;0;0;0;0;0
20.01.2017 10:04;893.41;893.42;893.41;893.42;27.06;24173.98;893.41
20.01.2017 10:05;0;0;0;0;0;0;0
20.01.2017 10:06;893.4;893.4;893.4;893.4;0.23;203.7;893.4
20.01.2017 10:07;893.4;893.4;893.4;893.4;0.56;496.22;893.4
20.01.2017 10:08;893.4;893.4;893.4;893.4;5.66;5054.96;893.4
20.01.2017 10:09;893.4;893.41;893.4;893.41;0.38;339.33;893.41
20.01.2017 10:10;0;0;0;0;0;0;0
20.01.2017 10:11;893.4;893.4;893.4;893.4;0.5;449.52;893.4
20.01.2017 10:12;893.4;893.4;893.39;893.39;16.38;14632.54;893.39
20.01.2017 10:13;0;0;0;0;0;0;0
20.01.2017 10:14;0;0;0;0;0;0;0
20.01.2017 10:15;892.41;892.41;892.41;892.41;4.96;4425.35;892.41
20.01.2017 10:16;892.41;892.41;891.59;891.59;41.53;37035.31;891.75
20.01.2017 10:17;891.59;892.38;891;892.38;1.2;1073.36;892.23
20.01.2017 10:18;891.24;891.24;890.06;890.11;18.16;16172.46;890.32
20.01.2017 10:19;890.02;890.64;888.09;888.11;9.35;8312.51;889.21
20.01.2017 10:20;888.11;888.12;885;887.31;58.99;52315.41;886.86
20.01.2017 10:21;885.85;886.89;885.01;885.15;6.5;5756.42;885.73
20.01.2017 10:22;885.17;886.1;884;884;77.37;68464.27;884.91
20.01.2017 10:23;884;884.23;882;882;24.37;21518.91;883.09
20.01.2017 10:24;882;883.14;880.02;880.06;69.19;60950.01;880.91
20.01.2017 10:25;880.35;882.71;880;882.71;105.6;92935.03;880.09
20.01.2017 10:26;882.97;884.49;881.4;883.3;19.22;16972.32;883.19
20.01.2017 10:27;883.02;885.97;883;885;15.82;13994.59;884.54
20.01.2017 10:28;885;885;883;884.49;10.28;9090.44;884.28
20.01.2017 10:29;884.49;884.75;884;884.41;25.3;22382.29;884.63
20.01.2017 10:30;884.41;884.41;882.96;882.96;6.89;6090.2;883.57
20.01.2017 10:31;882.96;884.51;882.95;882.95;15.28;13507.17;883.87
20.01.2017 10:32;882.95;884.04;882.11;883.95;28.75;25410.87;883.86
20.01.2017 10:33;883.97;883.97;881.71;882.03;16.61;14675.63;883.8
20.01.2017 10:34;883.93;884.1;881.71;881.72;10.07;8896.1;883.57
20.01.2017 10:35;884.04;884.04;881.7;883.92;22.52;19894.45;883.31
20.01.2017 10:36;883.92;885.86;881.8;882.94;21.37;18881.95;883.55
20.01.2017 10:37;882.95;888.12;882.95;886.19;14.25;12643.53;887
20.01.2017 10:38;886.2;886.32;886.2;886.32;3.51;3108.99;886.26
20.01.2017 10:39;886.31;887.83;886.13;886.33;4.88;4322.85;886.31
20.01.2017 10:40;886.6;886.63;885.47;885.7;1.93;1708.98;886.4
20.01.2017 10:41;885.49;887.36;885.49;887.36;0.09;77.18;887.15
20.01.2017 10:42;887.15;887.15;885.68;885.68;0.67;598.16;886.27
20.01.2017 10:43;887.01;887.05;887.01;887.05;2;1774.08;887.04
20.01.2017 10:44;0;0;0;0;0;0;0
20.01.2017 10:45;887.98;887.98;887.96;887.96;2.61;2319.68;887.96
20.01.2017 10:46;0;0;0;0;0;0;0
20.01.2017 10:47;888.11;888.11;885.94;885.96;2.8;2479.93;886.64
20.01.2017 10:48;0;0;0;0;0;0;0
20.01.2017 10:49;888.05;888.05;887.96;887.96;0.07;64.28;888.04
20.01.2017 10:50;888.09;888.12;888.09;888.12;1.34;1187.32;888.1
20.01.2017 10:51;887.4;887.4;887.4;887.4;0.57;505.82;887.4
20.01.2017 10:52;888.11;888.29;888.11;888.29;4.26;3781.98;888.13
20.01.2017 10:53;0;0;0;0;0;0;0
20.01.2017 10:54;888.05;888.05;888.05;888.05;0.01;10.37;888.05
20.01.2017 10:55;887;887;885.67;885.78;1.81;1605.09;885.81
20.01.2017 10:56;885.78;888.02;884.95;884.98;3.08;2725.18;885.62
20.01.2017 10:57;885.14;885.14;885.14;885.14;15.54;13753.22;885.14
20.01.2017 10:58;885.56;886.3;885.56;886.3;0.17;151.99;885.74
20.01.2017 10:59;886.4;886.4;886.4;886.4;0.06;51.83;886.4
20.01.2017 11:00;886.36;886.39;886.32;886.39;8.77;7774.18;886.37
20.01.2017 11:01;886.39;886.39;886.3;886.3;1.54;1367.6;886.32
20.01.2017 11:02;886.4;886.4;886.4;886.4;0.19;170.74;886.4
20.01.2017 11:03;886.4;887.66;886.4;887.66;1.47;1307.28;887.53
20.01.2017 11:04;887.67;887.67;887.67;887.67;0.1;88.24;887.67
20.01.2017 11:05;0;0;0;0;0;0;0
20.01.2017 11:06;888.14;888.32;888.13;888.32;0.22;199.23;888.24
20.01.2017 11:07;888.15;888.38;887.32;887.45;3.18;2819.04;887.71
20.01.2017 11:08;887.46;887.48;886.52;887.12;3.11;2760.7;887.11
20.01.2017 11:09;887.08;887.09;886.71;886.73;3.05;2703.41;886.95
20.01.2017 11:10;888.09;888.09;888.09;888.09;0.03;24.85;888.09
20.01.2017 11:11;0;0;0;0;0;0;0
20.01.2017 11:12;0;0;0;0;0;0;0
20.01.2017 11:13;886.4;886.4;886.4;886.4;9;7977.6;886.4
20.01.2017 11:14;887.76;887.76;887.76;887.76;0.16;139.29;887.76
20.01.2017 11:15;887.92;888.71;887.83;888.64;11.9;10577.7;888.68
20.01.2017 11:16;888.55;888.55;888.5;888.5;11.27;10015.4;888.5
20.01.2017 11:17;887.94;887.94;887.94;887.94;0.41;364.06;887.94
20.01.2017 11:18;887.1;887.1;887.1;887.1;0.03;23.91;887.1
20.01.2017 11:19;886.31;886.31;886.03;886.31;0.93;826.78;886.27
20.01.2017 11:20;886.31;886.44;885.35;885.42;8.72;7721.81;885.54
20.01.2017 11:21;886.45;887.37;885.73;885.74;1.49;1321.13;886.62
20.01.2017 11:22;885.98;885.98;885.98;885.98;2.02;1790.11;885.98
20.01.2017 11:23;887.71;887.71;885.23;885.23;1.8;1593.45;885.84
20.01.2017 11:24;885.23;885.28;885.01;885.28;1.02;903.84;885.25
20.01.2017 11:25;887.07;887.07;885.72;885.72;20.56;18214.9;885.76
20.01.2017 11:26;886.55;886.55;885.37;885.39;5.98;5295.5;886.07
20.01.2017 11:27;886.56;886.56;885.01;885.03;4.24;3757.75;885.47
20.01.2017 11:28;885.04;885.1;884.5;884.5;87.98;77863.82;884.99
20.01.2017 11:29;886.21;886.21;884.48;885.96;1.81;1601.11;885.37
20.01.2017 11:30;885;885;885;885;4.14;3661.25;885
20.01.2017 11:31;0;0;0;0;0;0;0
20.01.2017 11:32;886.11;886.11;884.45;886.05;2.13;1881.21;884.62
20.01.2017 11:33;886.15;886.15;886.15;886.15;0.13;115.2;886.15
20.01.2017 11:34;886.02;886.02;886.02;886.02;0.24;212.64;886.02
20.01.2017 11:35;884.6;885.7;884.6;885.64;2.45;2172.56;885.31
20.01.2017 11:36;885.59;886.07;885.59;886;4.91;4346.48;885.83
20.01.2017 11:37;886;886.07;884.71;886.07;1.19;1057.67;885.36
20.01.2017 11:38;884.92;886.04;884.92;886.04;2.08;1843.57;884.96
20.01.2017 11:39;0;0;0;0;0;0;0
20.01.2017 11:40;886.07;886.07;886.07;886.07;0.06;54.88;886.07
20.01.2017 11:41;886.07;886.07;886.07;886.07;1.42;1260.51;886.07
20.01.2017 11:42;885.42;885.42;885.41;885.41;0.91;808.39;885.42
20.01.2017 11:43;885.92;885.92;885.92;885.92;0.07;58.71;885.92
20.01.2017 11:44;886.07;886.07;884.83;885.71;5.66;5015.73;885.43
20.01.2017 11:45;884.78;884.78;884.78;884.78;0.39;341.17;884.78
20.01.2017 11:46;0;0;0;0;0;0;0
20.01.2017 11:47;884.66;884.66;884.5;884.5;1.99;1757.63;884.57
20.01.2017 11:48;884.66;886.11;884.66;886.11;5.51;4875.49;885.59
20.01.2017 11:49;886.56;887.72;886.56;887.72;0.16;140.63;887.08
20.01.2017 11:50;886.11;886.11;886.11;886.11;0.04;33.74;886.11
20.01.2017 11:51;887.61;887.61;887.61;887.61;0.03;24.94;887.61
20.01.2017 11:52;887.72;887.72;887.69;887.69;0.48;426.71;887.69
20.01.2017 11:53;887.67;887.7;886.28;887.7;2.7;2396.09;886.81
20.01.2017 11:54;0;0;0;0;0;0;0
20.01.2017 11:55;0;0;0;0;0;0;0
20.01.2017 11:56;887.73;887.73;887.73;887.73;3.18;2823.87;887.73
20.01.2017 11:57;0;0;0;0;0;0;0
20.01.2017 11:58;0;0;0;0;0;0;0
20.01.2017 11:59;888.11;888.55;887.92;888.54;0.71;627.9;888.15
20.01.2017 12:00;888.55;888.55;888.55;888.55;0.24;216.14;888.55
20.01.2017 12:01;0;0;0;0;0;0;0
20.01.2017 12:02;889.59;889.59;888.57;888.61;5.32;4735.95;889.42
20.01.2017 12:03;888.57;888.57;888.57;888.57;0.62;554.57;888.57
20.01.2017 12:04;888.99;889.29;888.99;889.29;60.1;53428.71;888.99
20.01.2017 12:05;888.99;888.99;888.55;888.55;1.09;968.25;888.67
20.01.2017 12:06;888.55;888.55;888.55;888.55;1.15;1023.37;888.55
20.01.2017 12:07;888.88;888.88;888.57;888.57;6.19;5500.37;888.59
20.01.2017 12:08;888.57;888.57;888.57;888.57;2.32;2061.48;888.57
20.01.2017 12:09;889.14;889.41;889.14;889.41;9.66;8586.54;889.16
20.01.2017 12:10;889.18;889.69;889.17;889.69;10.85;9650.86;889.41
20.01.2017 12:11;889.5;889.69;889.5;889.69;5.15;4579.74;889.54
20.01.2017 12:12;889.5;889.72;889.5;889.5;11.36;10105.53;889.62
20.01.2017 12:13;889.5;889.5;889.14;889.14;4.13;3671.92;889.3
20.01.2017 12:14;889.14;889.14;889.14;889.14;1.16;1033.18;889.14
20.01.2017 12:15;0;0;0;0;0;0;0
20.01.2017 12:16;889.71;890;889.46;890;2.48;2207.52;889.77
20.01.2017 12:17;890;890.11;890;890.11;1.05;935.76;890.02
20.01.2017 12:18;890.12;890.12;889.5;889.5;62.63;55743.01;890.11
20.01.2017 12:19;889.5;889.5;889.5;889.5;9.65;8581.9;889.5
20.01.2017 12:20;889.38;889.38;889.38;889.38;0.67;595.88;889.38
20.01.2017 12:21;889.38;889.38;889.15;889.15;0.05;45.14;889.23
20.01.2017 12:22;889.38;889.38;889.38;889.38;0.07;65.6;889.38
20.01.2017 12:23;889.38;889.38;889.15;889.15;1.46;1295.71;889.35
20.01.2017 12:24;889.38;889.38;889.14;889.38;0.62;552.51;889.19
20.01.2017 12:25;0;0;0;0;0;0;0
20.01.2017 12:26;889.38;889.38;889.38;889.38;0.66;589.77;889.38
20.01.2017 12:27;889.38;889.5;889.38;889.5;8.69;7729.06;889.46
20.01.2017 12:28;889.5;889.5;889.5;889.5;0.08;69.41;889.5
20.01.2017 12:29;889.5;891;889.5;890.51;80.01;71251.14;890.51
20.01.2017 12:30;890.52;891.41;889.44;891.41;13.28;11825.45;890.53
20.01.2017 12:31;890.86;890.86;890.83;890.83;3.82;3403.76;890.84
20.01.2017 12:32;890.83;891.71;890.83;891.71;3.02;2686.68;891.1
20.01.2017 12:33;890.84;891.71;890.83;890.83;2.11;1882.37;891.01
20.01.2017 12:34;890.83;890.93;890.83;890.83;6.77;6030.04;890.83
20.01.2017 12:35;890.83;891.51;890.83;890.83;6.71;5973.25;890.83
20.01.2017 12:36;890.83;890.83;890.83;890.83;2.29;2043.56;890.83
20.01.2017 12:37;891.55;891.55;891.55;891.55;0.09;78.46;891.55
20.01.2017 12:38;891.55;891.55;890.87;890.87;2.39;2131.4;891.17
20.01.2017 12:39;891.03;891.03;891.03;891.03;0.19;173.52;891.03
20.01.2017 12:40;891.68;892;891.68;892;4.77;4254.15;891.77
20.01.2017 12:41;892;892.36;891.29;892.36;5.66;5045.01;892.13
20.01.2017 12:42;891.43;891.43;891.43;891.43;0.54;476.92;891.43
20.01.2017 12:43;892.33;892.46;891;892.42;5.53;4928.97;891.96
20.01.2017 12:44;892.37;892.41;891.29;891.29;20.26;18056.69;891.3
20.01.2017 12:45;891.36;892.47;891.36;892.4;0.69;614.51;892.17
20.01.2017 12:46;891.98;891.98;890.98;891.01;0.24;209.59;891.12
20.01.2017 12:47;892.23;892.23;891;891;40.23;35849.38;891.01
20.01.2017 12:48;0;0;0;0;0;0;0
20.01.2017 12:49;0;0;0;0;0;0;0
20.01.2017 12:50;890.83;890.83;890.83;890.83;1.34;1197.41;890.83
20.01.2017 12:51;890.83;892;890;890.07;21.97;19565.43;890.59
20.01.2017 12:52;892.15;892.15;892.15;892.15;50.01;44618.44;892.15
20.01.2017 12:53;892.17;892.17;892.05;892.05;2.09;1866.61;892.16
20.01.2017 12:54;891.93;891.93;891.93;891.93;1.4;1247.16;891.93
20.01.2017 12:55;891.02;891.04;890.84;890.85;0.58;520.3;890.93
20.01.2017 12:56;890.85;890.87;890.1;890.23;9.5;8462.78;890.41
20.01.2017 12:57;890.25;891.05;890;891.05;3.93;3498.16;890.13
20.01.2017 12:58;890.03;890.03;890.01;890.01;0.69;611.27;890.02
20.01.2017 12:59;890.03;890.04;890.03;890.04;0.77;687.11;890.03
20.01.2017 13:00;890.1;890.11;890.1;890.11;1.02;907.01;890.1
20.01.2017 13:01;0;0;0;0;0;0;0
20.01.2017 13:02;890.76;891.47;890.76;891.35;1.62;1441.06;890.9
20.01.2017 13:03;891.2;891.26;890.38;891.16;0.17;148.72;890.98
20.01.2017 13:04;890.51;890.53;889.93;889.93;115.78;103064.66;890.2
20.01.2017 13:05;889.94;890;889.94;890;150.62;134050.57;890
20.01.2017 13:06;889.99;891.19;889.99;891.19;1.72;1530.6;890.09
20.01.2017 13:07;891.24;891.28;890.07;891.26;4.01;3570.71;891.21
20.01.2017 13:08;891.26;891.26;890.21;891.19;1.59;1415.61;890.6
20.01.2017 13:09;0;0;0;0;0;0;0
20.01.2017 13:10;891;891;890.07;890.99;10.22;9103.11;890.89
20.01.2017 13:11;890.99;891.09;890.02;891.01;15.13;13481.3;890.95
20.01.2017 13:12;891.02;891.61;890.02;891.1;23.35;20802.5;890.95
20.01.2017 13:13;891.09;891.96;890.14;891.1;14.8;13188.13;891.06
20.01.2017 13:14;891.99;891.99;891.99;891.99;0.11;95.54;891.99
20.01.2017 13:15;891.12;891.99;891.12;891.99;4.19;3731.85;891.15
20.01.2017 13:16;891.99;892;891.99;892;6.09;5429.5;892
20.01.2017 13:17;892;892.02;892;892.02;6.19;5519.72;892
20.01.2017 13:18;892.02;892.04;890.11;892.04;2.51;2239.04;891.07
20.01.2017 13:19;892.04;892.41;890.68;892.41;4.05;3614.18;891.67
20.01.2017 13:20;892.07;892.2;892.07;892.14;7.46;6651.29;892.14
20.01.2017 13:21;892.22;892.52;890.71;892.27;9.42;8404.96;891.99
20.01.2017 13:22;892.27;892.52;892.27;892.52;4.43;3956.21;892.31
20.01.2017 13:23;892.55;892.65;892.55;892.65;9.1;8123.11;892.65
20.01.2017 13:24;892.65;892.65;892.65;892.65;0.73;648.35;892.65
20.01.2017 13:25;892.64;892.65;892.64;892.65;0.54;480.67;892.65
20.01.2017 13:26;893;893.59;893;893.59;23.16;20689.49;893.4
20.01.2017 13:27;894;894.03;894;894.03;0.52;460.99;894
20.01.2017 13:28;894.56;894.99;894.56;894.99;20.02;17918;894.96
20.01.2017 13:29;894.99;894.99;894.99;894.99;0.1;93.68;894.99
20.01.2017 13:30;894.99;894.99;894.99;894.99;40;35799.6;894.99
20.01.2017 13:31;894.99;894.99;894.99;894.99;0.02;13.96;894.99
20.01.2017 13:32;894.61;894.79;894.56;894.79;8.02;7174.21;894.63
20.01.2017 13:33;894;894;894;894;0.02;17.85;894
20.01.2017 13:34;894;894;894;894;0.08;71.55;894
20.01.2017 13:35;894.23;894.84;894.23;894.84;0.79;704.35;894.82
20.01.2017 13:36;0;0;0;0;0;0;0
20.01.2017 13:37;0;0;0;0;0;0;0
20.01.2017 13:38;894.97;894.97;894.97;894.97;0.18;161.88;894.97
20.01.2017 13:39;0;0;0;0;0;0;0
20.01.2017 13:40;894.74;894.99;894.74;894.99;1.49;1329.75;894.96
20.01.2017 13:41;894.99;895.03;894.99;895.03;14.17;12682.24;895.02
20.01.2017 13:42;895.03;895.36;895.03;895.36;11.16;9986.02;895.05
20.01.2017 13:43;895.27;895.27;895.27;895.27;0.12;110.22;895.27
20.01.2017 13:44;895.27;895.36;895.27;895.27;0.51;458.23;895.28
20.01.2017 13:45;895.27;895.27;895.27;895.27;0.38;339.55;895.27
20.01.2017 13:46;895.27;895.4;895.27;895.4;21.1;18893.2;895.36
20.01.2017 13:47;895.51;895.51;895.51;895.51;0.08;70.75;895.51
20.01.2017 13:48;0;0;0;0;0;0;0
20.01.2017 13:49;895.9;895.9;895.9;895.9;0.11;97.93;895.9
20.01.2017 13:50;0;0;0;0;0;0;0
20.01.2017 13:51;895.85;895.85;895.85;895.85;0.19;169.85;895.85
20.01.2017 13:52;896;896.06;895.94;896.05;2.64;2368.73;896.03
20.01.2017 13:53;896.05;896.05;895.36;895.41;4.98;4462.41;895.91
20.01.2017 13:54;895.37;895.37;895.37;895.37;2;1790.74;895.37
20.01.2017 13:55;895.37;895.37;895.37;895.37;0.14;129.8;895.37
20.01.2017 13:56;895.37;895.37;895.37;895.37;0.34;303.36;895.37
20.01.2017 13:57;895.37;895.37;895.37;895.37;1;895.37;895.37
20.01.2017 13:58;0;0;0;0;0;0;0
20.01.2017 13:59;895.66;895.66;895.66;895.66;0.04;31.46;895.66
20.01.2017 14:00;0;0;0;0;0;0;0
20.01.2017 14:01;895.66;897.02;895.66;897.02;66.78;59900.98;896.97
20.01.2017 14:02;896.87;897.04;896.87;897.04;0.04;36.77;896.89
20.01.2017 14:03;0;0;0;0;0;0;0
20.01.2017 14:04;896.4;896.47;896.4;896.47;1.33;1194.1;896.47
20.01.2017 14:05;897.06;897.06;896.71;896.71;0.02;19.89;896.97
20.01.2017 14:06;0;0;0;0;0;0;0
20.01.2017 14:07;897;897.21;897;897.21;11.64;10444.43;897.2
20.01.2017 14:08;896.97;897.21;896.97;897.21;0.12;110.92;897.02
20.01.2017 14:09;897.21;897.22;897;897;14.1;12647.72;897
20.01.2017 14:10;897.01;897.22;897.01;897.02;0.58;519.85;897.03
20.01.2017 14:11;0;0;0;0;0;0;0
20.01.2017 14:12;896.83;897.06;896.83;896.87;1.46;1310.32;896.87
20.01.2017 14:13;896.95;897.22;896.95;897.22;0.21;185.44;897.21
20.01.2017 14:14;897.22;897.22;897.22;897.22;0.02;19.65;897.22
20.01.2017 14:15;897.22;897.22;897.22;897.22;0.11;96.92;897.22
20.01.2017 14:16;897.22;897.24;897.09;897.09;4.66;4177.83;897.12
20.01.2017 14:17;897.24;897.24;897.12;897.12;1.77;1590.93;897.14
20.01.2017 14:18;897.07;897.08;897.07;897.08;5.1;4575.11;897.08
20.01.2017 14:19;897.07;897.23;897.06;897.23;0.39;350.29;897.08
20.01.2017 14:20;897.2;897.2;897.06;897.06;0.04;39.47;897.09
20.01.2017 14:21;897.23;897.23;897.23;897.23;0.06;53.43;897.23
20.01.2017 14:22;897.23;897.24;897.23;897.24;0.03;30.13;897.23
20.01.2017 14:23;897.24;897.24;897.23;897.23;0.74;664.59;897.23
20.01.2017 14:24;0;0;0;0;0;0;0
20.01.2017 14:25;897.24;897.49;897.24;897.49;10.15;9110.89;897.46
20.01.2017 14:26;897.49;897.49;897.21;897.21;5.45;4886.78;897.23
20.01.2017 14:27;897.49;897.49;897.49;897.49;1.57;1409.12;897.49
20.01.2017 14:28;897.5;897.56;897.5;897.56;0.04;33.17;897.52
20.01.2017 14:29;897.56;897.56;897.56;897.56;0.26;233.44;897.56
20.01.2017 14:30;897.56;897.56;897.56;897.56;0.61;548.91;897.56
20.01.2017 14:31;897.55;898.36;897.55;897.6;43.18;38768.58;897.75
20.01.2017 14:32;897.52;897.62;897.11;897.23;4.09;3668.28;897.29
20.01.2017 14:33;897.23;897.24;897.23;897.24;0.17;154.83;897.23
20.01.2017 14:34;897.23;897.23;897.11;897.23;2.52;2262.42;897.21
20.01.2017 14:35;0;0;0;0;0;0;0
20.01.2017 14:36;897.23;897.23;897.23;897.23;0.52;463.87;897.23
20.01.2017 14:37;897.23;897.23;895.5;895.57;10.88;9757.23;896.98
20.01.2017 14:38;895.91;895.91;895.91;895.91;5;4479.55;895.91
20.01.2017 14:39;897;898;897;898;38.91;34924.33;897.55
20.01.2017 14:40;898;898.03;898;898;14.96;13435.53;898
20.01.2017 14:41;896.58;896.58;896.58;896.58;10;8965.8;896.58
20.01.2017 14:42;897.68;897.68;897.47;897.47;0.05;42.42;897.63
20.01.2017 14:43;897.17;897.17;897.17;897.17;0.06;55.83;897.17
20.01.2017 14:44;897.01;897.06;897.01;897.06;1.15;1034.9;897.02
20.01.2017 14:45;897.07;898.31;897.07;898.31;1.99;1785.54;898.22
20.01.2017 14:46;898.38;898.38;897.35;898.38;28.03;25168.44;898.01
20.01.2017 14:47;897.32;897.32;897.32;897.32;2.22;1994.14;897.32
20.01.2017 14:48;0;0;0;0;0;0;0
20.01.2017 14:49;897.26;897.26;896.69;897.05;1.3;1161.91;896.82
20.01.2017 14:50;897.05;897.05;897.05;897.05;1.71;1534.92;897.05
20.01.2017 14:51;897.05;897.07;897.05;897.07;2.75;2462.56;897.06
20.01.2017 14:52;0;0;0;0;0;0;0
20.01.2017 14:53;897.5;897.5;897.06;897.06;0.23;207.86;897.39
20.01.2017 14:54;897.06;897.06;897.06;897.06;0.09;82.39;897.06
20.01.2017 14:55;897.75;897.75;897.08;897.08;0.47;417.98;897.64
20.01.2017 14:56;897.13;897.13;897.07;897.07;2.5;2242.69;897.08
20.01.2017 14:57;0;0;0;0;0;0;0
20.01.2017 14:58;0;0;0;0;0;0;0
20.01.2017 14:59;897.77;897.77;897.77;897.77;0.16;146.85;897.77
20.01.2017 15:00;897.12;898.62;897.12;898.6;11.73;10540.57;898.32
20.01.2017 15:01;898.6;899.04;897.5;897.5;233.69;210071.48;898.94
20.01.2017 15:02;897.56;898.97;897.31;897.34;0.55;495.73;897.49
20.01.2017 15:03;897.41;897.41;897.06;897.06;12.16;10908.48;897.23
20.01.2017 15:04;897.06;897.06;897.06;897.06;3.64;3261.71;897.06
20.01.2017 15:05;897.77;897.8;897.06;897.77;0.74;664.11;897.56
20.01.2017 15:06;897.08;897.08;896.1;896.1;23.07;20680.28;896.6
20.01.2017 15:07;895.99;896;895.99;896;5.01;4488.6;896
20.01.2017 15:08;0;0;0;0;0;0;0
20.01.2017 15:09;895.98;896;895.98;896;1.13;1013.95;895.99
20.01.2017 15:10;895.98;895.98;895.74;895.74;0.22;196.98;895.8
20.01.2017 15:11;895.98;895.98;895.74;895.74;2.87;2572.36;895.84
20.01.2017 15:12;895.98;897.17;895.98;897.17;37.15;33296.09;896.31
20.01.2017 15:13;897.17;897.17;896.3;896.3;1.14;1020.96;896.77
20.01.2017 15:14;897.17;897.17;897.17;897.17;0.11;94.32;897.17
20.01.2017 15:15;896.79;896.82;896.79;896.82;0.14;128.24;896.81
20.01.2017 15:16;896.97;897.8;896.97;896.99;2.06;1848.13;897.2
20.01.2017 15:17;896.99;896.99;896.59;896.59;1.04;931.68;896.71
20.01.2017 15:18;0;0;0;0;0;0;0
20.01.2017 15:19;897.09;897.1;897.09;897.09;2;1791.58;897.09
20.01.2017 15:20;0;0;0;0;0;0;0
20.01.2017 15:21;896.59;896.59;896.08;896.08;10.08;9038.23;896.56
20.01.2017 15:22;896.08;896.82;896.08;896.82;7.61;6822.9;896.57
20.01.2017 15:23;896.1;897.15;896.09;897.12;1.29;1158.76;896.51
20.01.2017 15:24;0;0;0;0;0;0;0
20.01.2017 15:25;896.16;896.23;896.15;896.17;11.75;10527.9;896.18
20.01.2017 15:26;896.16;896.17;896.09;896.09;2.03;1817.35;896.13
20.01.2017 15:27;896.16;896.16;896.16;896.16;4.96;4445.35;896.16
20.01.2017 15:28;0;0;0;0;0;0;0
20.01.2017 15:29;896.16;896.16;896.09;896.09;1.47;1313.71;896.12
20.01.2017 15:30;896.14;896.14;896.12;896.12;5.27;4720.14;896.12
20.01.2017 15:31;896.14;896.14;896.09;896.09;3.71;3321.51;896.13
20.01.2017 15:32;896.09;896.14;896.09;896.09;10.83;9702.07;896.11
20.01.2017 15:33;896.09;896.13;896.09;896.12;1.45;1298.03;896.13
20.01.2017 15:34;0;0;0;0;0;0;0
20.01.2017 15:35;896.13;896.13;896.1;896.12;7.55;6766.17;896.1
20.01.2017 15:36;0;0;0;0;0;0;0
20.01.2017 15:37;896.11;896.11;896.11;896.11;10;8961.1;896.11
20.01.2017 15:38;896.11;896.11;896.11;896.11;5.57;4993.01;896.11
20.01.2017 15:39;896.11;896.11;896.11;896.11;5.56;4985.05;896.11
20.01.2017 15:40;896.11;896.11;896.11;896.11;0.07;59.17;896.11
20.01.2017 15:41;896.1;896.1;896.1;896.1;1.6;1432.12;896.1
20.01.2017 15:42;0;0;0;0;0;0;0
20.01.2017 15:43;0;0;0;0;0;0;0
20.01.2017 15:44;896.11;896.11;896.11;896.11;0.66;592.03;896.11
20.01.2017 15:45;0;0;0;0;0;0;0
20.01.2017 15:46;896.11;896.11;896.11;896.11;0.02;19.71;896.11
20.01.2017 15:47;896.11;896.11;896.1;896.1;23.61;21154.61;896.1
20.01.2017 15:48;896.1;896.11;896.1;896.11;0.24;213.64;896.11
20.01.2017 15:49;896.09;896.11;896.09;896.11;0.2;175.55;896.1
20.01.2017 15:50;896.11;896.11;896.11;896.11;0.7;629.7;896.11
20.01.2017 15:51;0;0;0;0;0;0;0
20.01.2017 15:52;896.11;896.11;896.11;896.11;1.13;1011.06;896.11
20.01.2017 15:53;896.11;896.11;896.11;896.11;0.02;16.78;896.11
20.01.2017 15:54;0;0;0;0;0;0;0
20.01.2017 15:55;896.11;896.11;896.11;896.11;5.91;5292.3;896.11
20.01.2017 15:56;0;0;0;0;0;0;0
20.01.2017 15:57;896.11;896.11;896.11;896.11;0.07;59.99;896.11
20.01.2017 15:58;0;0;0;0;0;0;0
20.01.2017 15:59;896.11;896.11;896.11;896.11;0.77;690.37;896.11
20.01.2017 16:00;0;0;0;0;0;0;0
20.01.2017 16:01;0;0;0;0;0;0;0
20.01.2017 16:02;896.1;896.1;896.1;896.1;0.03;26.26;896.1
20.01.2017 16:03;896.11;896.11;896.11;896.11;1.19;1066.37;896.11
20.01.2017 16:04;896.11;896.11;896.1;896.1;0.08;75.53;896.1
20.01.2017 16:05;0;0;0;0;0;0;0
20.01.2017 16:06;896.11;896.11;896.11;896.11;2.6;2332.4;896.11
20.01.2017 16:07;896.11;896.11;896.11;896.11;0.55;493.52;896.11
20.01.2017 16:08;896.11;896.11;896.08;896.08;14.18;12709.59;896.1
20.01.2017 16:09;896.02;896.02;895.99;895.99;0.52;461.85;896.01
20.01.2017 16:10;896;896;896;896;0.06;51.97;896
20.01.2017 16:11;895.98;895.99;895.98;895.99;0.74;663.27;895.99
20.01.2017 16:12;895.99;895.99;895.99;895.99;2.16;1931.24;895.99
20.01.2017 16:13;895.99;895.99;895.99;895.99;2.46;2206.31;895.99
20.01.2017 16:14;895.99;896.02;895.95;896.02;0.99;891.28;895.98
20.01.2017 16:15;895.63;895.75;895.63;895.74;9.74;8723.22;895.71
20.01.2017 16:16;895.73;895.73;895.42;895.42;2.54;2272.64;895.46
20.01.2017 16:17;895.92;895.92;895.92;895.92;0.04;34.09;895.92
20.01.2017 16:18;895.93;895.93;895.42;895.42;4.62;4137.7;895.52
20.01.2017 16:19;895.74;895.74;895.74;895.74;0.11;100.64;895.74
20.01.2017 16:20;895.74;895.74;895.74;895.74;0.16;141.53;895.74
20.01.2017 16:21;895.44;895.44;895.43;895.43;1.15;1027.42;895.44
20.01.2017 16:22;895.73;895.73;895.43;895.43;0.33;296.34;895.44
20.01.2017 16:23;895.43;895.43;895.43;895.43;0.11;99.63;895.43
20.01.2017 16:24;895.43;895.43;895.43;895.43;0.29;258.06;895.43
20.01.2017 16:25;895.43;895.72;895.42;895.72;15.07;13491.69;895.44
20.01.2017 16:26;895.72;895.72;895.72;895.72;0.03;27.99;895.72
20.01.2017 16:27;895.7;895.7;895.7;895.7;0.01;8.96;895.7
20.01.2017 16:28;895.42;895.42;895.14;895.14;17.21;15412.39;895.36
20.01.2017 16:29;895.35;895.35;895.29;895.3;1.05;942.66;895.3
20.01.2017 16:30;895.43;896.11;895.42;896.11;15.39;13786.03;895.66
20.01.2017 16:31;0;0;0;0;0;0;0
20.01.2017 16:32;896.11;896.11;896.11;896.11;2.82;2529.72;896.11
20.01.2017 16:33;896.11;896.11;895.11;896.11;1.99;1783.07;895.52
20.01.2017 16:34;896.11;896.11;896.11;896.11;0.13;118.03;896.11
20.01.2017 16:35;896.11;896.12;896.11;896.12;12.83;11498.58;896.12
20.01.2017 16:36;896.17;896.49;896.17;896.49;15.93;14284.84;896.47
20.01.2017 16:37;896.49;897.18;896.49;897.18;103;92344.62;896.58
20.01.2017 16:38;897.19;897.8;897.19;897.8;6.97;6255.78;897.66
20.01.2017 16:39;897.46;897.58;897.46;897.58;0.11;96.05;897.51
20.01.2017 16:40;897.8;897.8;897.8;897.8;3.17;2850.12;897.8
20.01.2017 16:41;897.7;897.8;897.7;897.8;0.96;863.88;897.71
20.01.2017 16:42;897.8;897.8;897.62;897.62;0.19;168.91;897.69
20.01.2017 16:43;897.62;897.62;897.61;897.62;0.09;83.24;897.62
20.01.2017 16:44;897.62;899.04;897.62;899.04;18.27;16416.49;898.47
20.01.2017 16:45;899.11;899.11;899.11;899.11;4;3596.44;899.11
20.01.2017 16:46;899.12;899.9;899.12;899.9;16.21;14577.65;899.44
20.01.2017 16:47;899.85;899.85;899.2;899.2;1.24;1112.93;899.8
20.01.2017 16:48;899.74;899.74;899.47;899.47;0.17;150.66;899.54
20.01.2017 16:49;0;0;0;0;0;0;0
20.01.2017 16:50;899.7;899.7;899.7;899.7;6;5398.2;899.7
20.01.2017 16:51;899.75;899.75;899.65;899.65;0.1;89.97;899.7
20.01.2017 16:52;899.49;899.65;899.49;899.65;0.26;232.56;899.56
20.01.2017 16:53;899.65;899.65;899.64;899.64;0.24;214.38;899.64
20.01.2017 16:54;899.64;899.64;899.64;899.64;9.51;8551.51;899.64
20.01.2017 16:55;899.62;899.62;899.39;899.39;8.57;7710.26;899.6
20.01.2017 16:56;899.64;899.64;899;899.57;40.28;36216.64;899.1
20.01.2017 16:57;899.4;899.59;899.4;899.58;0.41;370.31;899.49
20.01.2017 16:58;899.24;899.24;899.24;899.24;0.13;117.8;899.24
20.01.2017 16:59;899.22;899.62;898.14;899.62;0.2;179.61;899.14
20.01.2017 17:00;899.27;899.27;899.27;899.27;1.28;1149.81;899.27
20.01.2017 17:01;899.21;899.21;899.17;899.17;1.65;1484.95;899.21
20.01.2017 17:02;898.51;898.51;898.51;898.51;0.72;644.3;898.51
20.01.2017 17:03;898.52;898.52;898.47;898.5;0.13;120.34;898.5
20.01.2017 17:04;898.5;898.51;898.5;898.51;0.55;490.24;898.5
20.01.2017 17:05;898.51;898.51;898.51;898.51;1;898.51;898.51
20.01.2017 17:06;898.51;898.51;898.48;898.48;63.56;57108.99;898.5
20.01.2017 17:07;0;0;0;0;0;0;0
20.01.2017 17:08;898.38;898.39;898.38;898.39;0.32;290.78;898.38
20.01.2017 17:09;897.98;897.98;897.98;897.98;0.4;358.2;897.98
20.01.2017 17:10;0;0;0;0;0;0;0
20.01.2017 17:11;897.71;898;897.61;897.61;1.66;1488.95;897.79
20.01.2017 17:12;897.68;897.71;897;897.71;61;54726.5;897.16
20.01.2017 17:13;897.78;897.78;897.72;897.72;36.84;33068.37;897.73
20.01.2017 17:14;897.69;897.7;897.69;897.7;0.17;155.79;897.7
20.01.2017 17:15;897.68;897.68;897.68;897.68;0.07;59.67;897.68
20.01.2017 17:16;897.68;897.68;897.08;897.08;7.08;6355.73;897.09
20.01.2017 17:17;897.68;897.68;897;897;3.44;3082.55;897.12
20.01.2017 17:18;897;897;896.74;896.74;0.85;765.54;896.89
20.01.2017 17:19;897;897;897;897;0.02;20.45;897
20.01.2017 17:20;897;897;897;897;5.97;5354.86;897
20.01.2017 17:21;897;897;896.99;896.99;29;26017.06;897
20.01.2017 17:22;896.99;897;896.99;897;24.11;21630.91;897
20.01.2017 17:23;0;0;0;0;0;0;0
20.01.2017 17:24;0;0;0;0;0;0;0
20.01.2017 17:25;897.42;898.47;897.42;898.47;5.19;4665.51;898.41
20.01.2017 17:26;898.47;898.47;898.47;898.47;0.12;107.82;898.47
20.01.2017 17:27;898.17;898.17;898.17;898.17;0.06;50.3;898.17
20.01.2017 17:28;0;0;0;0;0;0;0
20.01.2017 17:29;898.4;898.4;898.4;898.4;0.08;67.87;898.4
20.01.2017 17:30;898.32;898.32;898.32;898.32;0.02;17.97;898.32
20.01.2017 17:31;898.01;898.3;898.01;898.04;6.07;5450.21;898.01
20.01.2017 17:32;898.01;898.01;897.09;897.09;5.92;5317.92;897.99
20.01.2017 17:33;897.65;897.65;897.59;897.59;0.22;201.27;897.59
20.01.2017 17:34;0;0;0;0;0;0;0
20.01.2017 17:35;0;0;0;0;0;0;0
20.01.2017 17:36;897.57;897.57;897.57;897.57;0.02;13.46;897.57
20.01.2017 17:37;897.57;897.57;897.57;897.57;0.02;21.76;897.57
20.01.2017 17:38;897.35;897.35;897.17;897.17;0.62;558.33;897.34
20.01.2017 17:39;897.59;897.59;897.59;897.59;0.1;85.88;897.59
20.01.2017 17:40;897.32;897.32;897.31;897.31;6.7;6012.02;897.32
20.01.2017 17:41;897.61;897.62;897.61;897.62;4.54;4073.6;897.62
20.01.2017 17:42;897.47;897.47;897.47;897.47;0.31;282.32;897.47
20.01.2017 17:43;897.24;897.24;897.21;897.21;11.08;9937.47;897.22
20.01.2017 17:44;897.13;897.13;897.13;897.13;1.48;1326.61;897.13
20.01.2017 17:45;897.13;897.3;897.13;897.13;0.6;540.5;897.2
20.01.2017 17:46;897.29;897.29;897.29;897.29;0.06;52.34;897.29
20.01.2017 17:47;897.29;897.29;897.29;897.29;0.96;861.81;897.29
20.01.2017 17:48;897.13;897.29;897.13;897.29;0.25;222.1;897.21
20.01.2017 17:49;897.29;897.29;897.29;897.29;0.23;210;897.29
20.01.2017 17:50;897.12;897.27;897;897.11;10.22;9164.97;897.12
20.01.2017 17:51;897;897;897;897;0.04;34.8;897
20.01.2017 17:52;0;0;0;0;0;0;0
20.01.2017 17:53;896.66;897.3;896.66;897.29;7.09;6357.71;897.06
20.01.2017 17:54;896.95;897.3;896.95;897.3;5.19;4655.63;897.3
20.01.2017 17:55;897.3;897.3;897.3;897.3;0.19;170.55;897.3
20.01.2017 17:56;0;0;0;0;0;0;0
20.01.2017 17:57;897.28;897.28;897.1;897.1;5.08;4556.28;897.1
20.01.2017 17:58;897.1;897.29;897.09;897.29;6.15;5517.84;897.26
20.01.2017 17:59;0;0;0;0;0;0;0
20.01.2017 18:00;897.29;897.3;897.29;897.3;0.02;14.44;897.29
20.01.2017 18:01;897.3;898.04;897.3;898.04;2.72;2438.64;897.35
20.01.2017 18:02;897.82;897.82;897.82;897.82;0.06;49.88;897.82
20.01.2017 18:03;898.05;898.47;898.05;898.47;0.74;662.4;898.32
20.01.2017 18:04;0;0;0;0;0;0;0
20.01.2017 18:05;898.48;898.48;898.48;898.48;0.22;200;898.48
20.01.2017 18:06;0;0;0;0;0;0;0
20.01.2017 18:07;898.5;898.5;898.5;898.5;2.38;2134.98;898.5
20.01.2017 18:08;898.5;898.5;898.5;898.5;0.67;598.22;898.5
20.01.2017 18:09;898.5;898.5;898.5;898.5;0.31;282.28;898.5
20.01.2017 18:10;0;0;0;0;0;0;0
20.01.2017 18:11;898.51;898.51;898.51;898.51;1.25;1119.99;898.51
20.01.2017 18:12;0;0;0;0;0;0;0
20.01.2017 18:13;898.49;898.5;898.48;898.5;0.11;98.72;898.5
20.01.2017 18:14;898.5;898.5;898.5;898.5;1.53;1377.19;898.5
20.01.2017 18:15;898.5;898.5;898.48;898.48;6.05;5439.02;898.48
20.01.2017 18:16;898.48;898.48;897.57;897.92;11.49;10322.76;898.06
20.01.2017 18:17;896.5;896.52;892.81;892.81;24.12;21542.85;893.29
20.01.2017 18:18;894.2;894.23;894.12;894.23;3.46;3091.63;894.19
20.01.2017 18:19;894.45;895.72;894.45;895.72;0.93;835;894.63
20.01.2017 18:20;895.7;895.7;895.53;895.53;2.81;2518.62;895.65
20.01.2017 18:21;895.36;895.36;894.56;894.56;1.2;1073.39;894.86
20.01.2017 18:22;894.47;894.56;893.53;894.56;15;13410.78;894.05
20.01.2017 18:23;894.47;894.47;894.42;894.42;0.02;22.1;894.44
20.01.2017 18:24;893.96;893.96;893.96;893.96;0.02;20.72;893.96
20.01.2017 18:25;893.96;894.56;893.96;894.23;11.27;10071.72;894.01
20.01.2017 18:26;894.56;896.14;894.37;894.52;11.39;10189.8;894.52
20.01.2017 18:27;896.47;896.48;896.47;896.48;0.12;111.64;896.47
20.01.2017 18:28;896.48;896.56;896.48;896.56;1.86;1669.8;896.49
20.01.2017 18:29;896.56;896.56;894.49;894.49;11;9845.05;895
20.01.2017 18:30;896.31;896.31;896.31;896.31;1.17;1048.86;896.31
20.01.2017 18:31;896.23;896.23;896.23;896.23;1.76;1576.75;896.23
20.01.2017 18:32;896.02;896.02;895.98;896.02;3.15;2821.8;895.99
20.01.2017 18:33;896.56;896.56;895.21;895.21;14.36;12857.72;895.25
20.01.2017 18:34;895.2;896.46;894.53;896.46;11.23;10046.57;894.99
20.01.2017 18:35;0;0;0;0;0;0;0
20.01.2017 18:36;895.92;895.92;895.92;895.92;0.01;11.74;895.92
20.01.2017 18:37;895.79;895.79;895.78;895.78;0.17;154.41;895.78
20.01.2017 18:38;896.49;896.49;896.49;896.49;0.03;29.11;896.49
20.01.2017 18:39;896.16;896.16;896.16;896.16;4.2;3767.09;896.16
20.01.2017 18:40;895.91;895.91;895.85;895.85;0.07;60.46;895.88
20.01.2017 18:41;895.63;896.56;895.63;895.64;1.13;1011.31;896.34
20.01.2017 18:42;896.54;896.54;894.74;894.74;12.95;11594.04;895.27
20.01.2017 18:43;0;0;0;0;0;0;0
20.01.2017 18:44;894.64;895.23;894.64;895.23;1.9;1703.73;894.9
20.01.2017 18:45;895.16;895.16;895.12;895.12;1.07;957.8;895.14
20.01.2017 18:46;896.64;896.64;894.97;895.07;2.05;1832.49;895.8
20.01.2017 18:47;895.17;895.17;895.08;895.08;1;895.12;895.12
20.01.2017 18:48;895.13;897.01;895.11;895.11;1.01;905.52;895.14
20.01.2017 18:49;896.88;896.88;896.88;896.88;0.17;153.35;896.88
20.01.2017 18:50;896.7;896.7;895.47;895.47;0.76;677.77;895.85
20.01.2017 18:51;896.46;896.46;896.46;896.46;1.18;1053.82;896.46
20.01.2017 18:52;0;0;0;0;0;0;0
20.01.2017 18:53;896.33;896.42;895.34;896.42;3.8;3408.34;896.33
20.01.2017 18:54;897.21;897.21;897.21;897.21;2.91;2611.96;897.21
20.01.2017 18:55;897.2;897.2;897.2;897.2;0.33;299.69;897.2
20.01.2017 18:56;897.19;897.19;897.19;897.19;0.42;379.6;897.19
20.01.2017 18:57;897.19;897.19;896.41;896.41;28.4;25481.6;897.19
20.01.2017 18:58;897.19;897.19;897.19;897.19;12.22;10959.3;897.19
20.01.2017 18:59;896.95;896.95;894.5;895.07;12.94;11599.1;896.39
20.01.2017 19:00;895.07;895.58;895.07;895.58;0.32;288.95;895.09
20.01.2017 19:01;895.31;895.31;895.31;895.31;0.29;261.47;895.31
20.01.2017 19:02;895.21;895.21;895.21;895.21;0.12;105.65;895.21
20.01.2017 19:03;895.36;895.36;895.36;895.36;0.1;88.76;895.36
20.01.2017 19:04;895.39;895.45;894.87;894.87;8.36;7482.22;894.93
20.01.2017 19:05;895.46;895.46;895.46;895.46;0.14;127.63;895.46
20.01.2017 19:06;895.46;895.46;895.46;895.46;0.07;66.68;895.46
20.01.2017 19:07;897.19;897.19;897.19;897.19;0.04;34.38;897.19
20.01.2017 19:08;897.19;897.19;897.19;897.19;0.58;518.84;897.19
20.01.2017 19:09;897.19;897.19;897.17;897.17;3.22;2891.29;897.18
20.01.2017 19:10;895.36;897.13;895.36;896.74;0.1;87.37;896.47
20.01.2017 19:11;896.35;896.35;896.35;896.35;0.07;61.82;896.35
20.01.2017 19:12;0;0;0;0;0;0;0
20.01.2017 19:13;0;0;0;0;0;0;0
20.01.2017 19:14;896.35;896.35;896.35;896.35;0.51;457.83;896.35
20.01.2017 19:15;896.35;896.35;896.35;896.35;0.37;331.17;896.35
20.01.2017 19:16;896.35;896.36;896.35;896.35;2.69;2412.2;896.35
20.01.2017 19:17;896.36;896.36;896.36;896.36;0.05;47.82;896.36
20.01.2017 19:18;896.36;896.36;896.36;896.36;0.22;201.16;896.36
20.01.2017 19:19;896.36;896.36;896.36;896.36;0.6;542.25;896.36
20.01.2017 19:20;896.44;896.75;896.44;896.75;0.29;262.84;896.45
20.01.2017 19:21;896.5;897.2;896.5;897.2;4.57;4097.43;896.81
20.01.2017 19:22;897.01;897.01;897.01;897.01;0.22;198.99;897.01
20.01.2017 19:23;897.2;898.37;897.2;898.34;17.33;15559.37;897.69
20.01.2017 19:24;897.33;898.37;897.33;898.37;5.16;4634.11;898.34
20.01.2017 19:25;898.37;898.37;898.37;898.37;1.8;1614.44;898.37
20.01.2017 19:26;898.37;898.37;898.37;898.37;0.2;182.3;898.37
20.01.2017 19:27;898.38;898.38;898.38;898.38;0.01;8.18;898.38
20.01.2017 19:28;898.26;898.26;898.26;898.26;1.11;999.43;898.26
20.01.2017 19:29;0;0;0;0;0;0;0
20.01.2017 19:30;898.26;898.26;898.26;898.26;0.05;46.98;898.26
20.01.2017 19:31;0;0;0;0;0;0;0
20.01.2017 19:32;898.26;898.26;898.26;898.26;0.07;60.01;898.26
20.01.2017 19:33;0;0;0;0;0;0;0
20.01.2017 19:34;0;0;0;0;0;0;0
20.01.2017 19:35;897.36;897.36;897.29;897.29;9.82;8809.79;897.29
20.01.2017 19:36;0;0;0;0;0;0;0
20.01.2017 19:37;897.86;898.23;897.3;898.23;0.13;112.93;898.15
20.01.2017 19:38;0;0;0;0;0;0;0
20.01.2017 19:39;898.23;898.24;898.23;898.24;0.27;239.6;898.24
20.01.2017 19:40;897.42;897.42;897.42;897.42;0.01;10.02;897.42
20.01.2017 19:41;898.24;898.24;897.58;898.24;1.37;1226.83;898.05
20.01.2017 19:42;898.26;898.26;898.24;898.24;0.58;518.51;898.25
20.01.2017 19:43;898.26;898.26;898.26;898.26;1.48;1328.91;898.26
20.01.2017 19:44;898.26;898.5;898.26;898.5;21.06;18920.39;898.4
20.01.2017 19:45;898.5;898.51;898.5;898.51;0.65;587.53;898.51
20.01.2017 19:46;898.51;898.51;898.5;898.51;2.48;2232.62;898.5
20.01.2017 19:47;898.51;898.51;898.51;898.51;0.02;16.6;898.51
20.01.2017 19:48;898.29;898.51;898.29;898.51;0.12;109.04;898.31
20.01.2017 19:49;898.29;898.29;898.29;898.29;0.59;525.95;898.29
20.01.2017 19:50;898.29;898.31;898.29;898.31;1.09;980.05;898.3
20.01.2017 19:51;898.31;898.5;898.31;898.31;7.31;6570.93;898.44
20.01.2017 19:52;898.31;898.51;898.31;898.31;1.22;1100.02;898.33
20.01.2017 19:53;898.31;898.51;898.31;898.33;6.1;5482.74;898.48
20.01.2017 19:54;898.33;898.34;898.33;898.34;1.09;980.08;898.34
20.01.2017 19:55;898.39;898.39;898.33;898.34;8.76;7868.22;898.34
20.01.2017 19:56;0;0;0;0;0;0;0
20.01.2017 19:57;898.4;898.77;898.34;898.5;11.24;10102.51;898.46
20.01.2017 19:58;898.56;899.37;898.56;899.37;1.83;1647.12;899.03
20.01.2017 19:59;899.37;899.61;899.35;899.35;1.24;1113.23;899.37
20.01.2017 20:00;899.35;899.64;899.35;899.63;10.86;9768.62;899.62
20.01.2017 20:01;899.06;899.64;899.05;899.64;4.88;4391.18;899.13
20.01.2017 20:02;899.61;899.61;899.15;899.15;2.06;1850.38;899.37
20.01.2017 20:03;898.53;899.64;898.53;899.64;1.97;1774.92;899.64
20.01.2017 20:04;899.65;899.65;899.65;899.65;2.83;2549.73;899.65
20.01.2017 20:05;899.01;900;899.01;899.07;6.67;5999.3;899.96
20.01.2017 20:06;899.98;900.5;899.98;900.5;26.1;23497.5;900.17
20.01.2017 20:07;900.34;900.79;900.34;900.79;0.42;376.64;900.62
20.01.2017 20:08;900.52;900.52;900.36;900.36;0.18;161.19;900.52
20.01.2017 20:09;0;0;0;0;0;0;0
20.01.2017 20:10;900.76;900.76;900.76;900.76;0.17;153.29;900.76
20.01.2017 20:11;0;0;0;0;0;0;0
20.01.2017 20:12;0;0;0;0;0;0;0
20.01.2017 20:13;900.49;900.49;900.49;900.49;0.04;32.42;900.49
20.01.2017 20:14;0;0;0;0;0;0;0
20.01.2017 20:15;900.77;900.99;900.77;900.99;1.72;1553.44;900.89
20.01.2017 20:16;900.4;900.4;900.33;900.33;10.95;9859.38;900.37
20.01.2017 20:17;900.16;900.16;899.79;899.79;0.27;239.48;899.9
20.01.2017 20:18;0;0;0;0;0;0;0
20.01.2017 20:19;0;0;0;0;0;0;0
20.01.2017 20:20;899.59;899.59;899.59;899.59;0.24;216.48;899.59
20.01.2017 20:21;899.51;899.64;899.48;899.64;6.33;5693.51;899.56
20.01.2017 20:22;899.64;899.67;899.64;899.67;0.37;331.64;899.67
20.01.2017 20:23;898.82;900.44;898.51;898.51;2.5;2247.59;899.39
20.01.2017 20:24;900.27;900.27;900.25;900.25;0.24;219.15;900.27
20.01.2017 20:25;0;0;0;0;0;0;0
20.01.2017 20:26;900;900.1;899.99;900.1;1.14;1030.19;900.04
20.01.2017 20:27;900.1;900.1;900.1;900.1;0.04;34.94;900.1
20.01.2017 20:28;900.1;900.1;900.1;900.1;0.12;111.05;900.1
20.01.2017 20:29;900.1;900.1;900.1;900.1;0.06;57.44;900.1
20.01.2017 20:30;899.93;899.93;899.93;899.93;0.03;27.11;899.93
20.01.2017 20:31;899.93;900.72;899.93;900.72;0.52;469.96;900.23
20.01.2017 20:32;0;0;0;0;0;0;0
20.01.2017 20:33;900.72;900.72;900.72;900.72;0.13;120.66;900.72
20.01.2017 20:34;900.49;900.49;900.49;900.49;0.02;20.87;900.49
20.01.2017 20:35;900.4;900.4;900.4;900.4;0.01;11.51;900.4
20.01.2017 20:36;899.84;899.84;899.84;899.84;0.04;38.49;899.84
20.01.2017 20:37;900.4;900.4;900.4;900.4;0.02;18.01;900.4
20.01.2017 20:38;0;0;0;0;0;0;0
20.01.2017 20:39;899.59;899.59;899.59;899.59;0.22;199.34;899.59
20.01.2017 20:40;899.59;900.39;899.49;899.49;2.36;2120.98;899.58
20.01.2017 20:41;899.48;899.48;899.48;899.48;1.59;1431.07;899.48
20.01.2017 20:42;899.49;900.37;899.49;900.37;0.27;240.2;900.32
20.01.2017 20:43;900.21;900.21;900.21;900.21;0.05;48.06;900.21
20.01.2017 20:44;900.05;900.05;899.47;899.47;18.72;16838.18;899.51
20.01.2017 20:45;899.56;899.56;899.56;899.56;0.01;9.62;899.56
20.01.2017 20:46;899.47;899.47;899.47;899.47;2.98;2676.73;899.47
20.01.2017 20:47;898.6;899.08;898.51;898.51;2.17;1950.16;898.62
20.01.2017 20:48;898.51;898.51;898.51;898.51;0.18;165.3;898.51
20.01.2017 20:49;898.45;898.45;898.45;898.45;0.06;58.2;898.45
20.01.2017 20:50;0;0;0;0;0;0;0
20.01.2017 20:51;0;0;0;0;0;0;0
20.01.2017 20:52;898.45;898.45;898.45;898.45;0.04;34.68;898.45
20.01.2017 20:53;898.32;898.69;898.32;898.69;0.24;213.43;898.44
20.01.2017 20:54;898.69;899.78;898.69;898.82;3.87;3482.52;898.87
20.01.2017 20:55;0;0;0;0;0;0;0
20.01.2017 20:56;0;0;0;0;0;0;0
20.01.2017 20:57;0;0;0;0;0;0;0
20.01.2017 20:58;899.72;899.72;899.72;899.72;0.29;257.36;899.72
20.01.2017 20:59;0;0;0;0;0;0;0
20.01.2017 21:00;0;0;0;0;0;0;0
20.01.2017 21:01;0;0;0;0;0;0;0
20.01.2017 21:02;899.72;899.72;899.72;899.72;0.05;48.05;899.72
20.01.2017 21:03;0;0;0;0;0;0;0
20.01.2017 21:04;898.81;899.74;898.81;899.74;1.25;1126.44;898.86
20.01.2017 21:05;899.74;899.86;899.74;899.86;13.57;12212;899.82
20.01.2017 21:06;0;0;0;0;0;0;0
20.01.2017 21:07;0;0;0;0;0;0;0
20.01.2017 21:08;898.91;899.5;898.91;899.5;0.06;54.6;899.18
20.01.2017 21:09;899;899;899;899;0.25;224.75;899
20.01.2017 21:10;898.91;898.91;898.9;898.9;0.75;677.65;898.9
20.01.2017 21:11;898.96;898.96;898.88;898.88;0.2;179.56;898.94
20.01.2017 21:12;0;0;0;0;0;0;0
20.01.2017 21:13;898.88;898.88;898.88;898.88;0.06;53.93;898.88
20.01.2017 21:14;899;899;899;899;0.02;20.84;899
20.01.2017 21:15;899;899;899;899;0.08;74.06;899
20.01.2017 21:16;899;899.38;899;899.38;10.06;9047.18;899.3
20.01.2017 21:17;899.38;899.38;899.38;899.38;0.11;98.17;899.38
20.01.2017 21:18;898.88;898.88;898.88;898.88;0.08;74.05;898.88
20.01.2017 21:19;899;899;899;899;0.01;10.97;899
20.01.2017 21:20;899;899;899;899;0.06;50.07;899
20.01.2017 21:21;899;899.39;899;899.39;0.41;366.15;899.37
20.01.2017 21:22;899.39;899.41;899.39;899.41;0.15;131.16;899.4
20.01.2017 21:23;899;899;899;899;0.01;7.52;899
20.01.2017 21:24;899;899;899;899;4.85;4362.12;899
20.01.2017 21:25;899.47;899.47;899.01;899.01;0.99;886.48;899.46
20.01.2017 21:26;899.01;899.01;899;899;4.95;4450.05;899
20.01.2017 21:27;899;899;899;899;0.51;459.41;899
20.01.2017 21:28;0;0;0;0;0;0;0
20.01.2017 21:29;899;899;897.27;897.27;1.53;1376.16;897.41
20.01.2017 21:30;0;0;0;0;0;0;0
20.01.2017 21:31;898.41;898.41;897.28;897.28;0.3;273.7;898.32
20.01.2017 21:32;0;0;0;0;0;0;0
20.01.2017 21:33;898.25;898.48;898.25;898.48;0.03;27.15;898.38
20.01.2017 21:34;898.26;898.26;897.21;898.13;11.51;10324.71;897.28
20.01.2017 21:35;898.2;898.2;898.2;898.2;0.16;144.52;898.2
20.01.2017 21:36;897.51;897.51;897.51;897.51;0.07;66.42;897.51
20.01.2017 21:37;898.23;898.23;898.23;898.23;0.06;53.89;898.23
20.01.2017 21:38;898.25;898.25;898.25;898.25;0.07;61.41;898.25
20.01.2017 21:39;0;0;0;0;0;0;0
20.01.2017 21:40;897.53;897.94;897.53;897.94;0.57;511.3;897.81
20.01.2017 21:41;0;0;0;0;0;0;0
20.01.2017 21:42;897.21;897.85;897.21;897.85;1.16;1042.47;897.82
20.01.2017 21:43;0;0;0;0;0;0;0
20.01.2017 21:44;0;0;0;0;0;0;0
20.01.2017 21:45;0;0;0;0;0;0;0
20.01.2017 21:46;898.22;898.26;898.22;898.26;1.58;1418.43;898.25
20.01.2017 21:47;898.49;898.8;898.49;898.8;1.14;1024.46;898.65
20.01.2017 21:48;898.96;898.96;898.96;898.96;0.02;17.83;898.96
20.01.2017 21:49;898.96;898.96;898.72;898.72;0.33;294.6;898.73
20.01.2017 21:50;898.96;899;898.96;899;5.54;4982.76;899
20.01.2017 21:51;899;899;899;899;10.02;9005.67;899
20.01.2017 21:52;899;899.07;899;899.07;11.73;10545.78;899.01
20.01.2017 21:53;899.47;899.47;899.47;899.47;2.06;1848.83;899.47
20.01.2017 21:54;899.46;899.46;899.46;899.46;0.05;49.06;899.46
20.01.2017 21:55;899.23;899.23;898.96;898.96;16.03;14416.84;899.22
20.01.2017 21:56;0;0;0;0;0;0;0
20.01.2017 21:57;898.69;898.69;898.69;898.69;0.12;104.75;898.69
20.01.2017 21:58;0;0;0;0;0;0;0
20.01.2017 21:59;899.01;899.47;899.01;899.47;5.05;4542.7;899.3
20.01.2017 22:00;899.46;899.47;899.46;899.47;8;7195.6;899.47
20.01.2017 22:01;899.47;899.47;899.47;899.47;5.42;4876.76;899.47
20.01.2017 22:02;0;0;0;0;0;0;0
20.01.2017 22:03;899.39;899.39;899.39;899.39;1;899.39;899.39
20.01.2017 22:04;0;0;0;0;0;0;0
20.01.2017 22:05;899.4;899.4;899.39;899.39;2.65;2379.29;899.4
20.01.2017 22:06;0;0;0;0;0;0;0
20.01.2017 22:07;898.96;898.96;898.9;898.9;5.37;4827.04;898.91
20.01.2017 22:08;0;0;0;0;0;0;0
20.01.2017 22:09;0;0;0;0;0;0;0
20.01.2017 22:10;899.19;899.19;899.19;899.19;1.12;1008.32;899.19
20.01.2017 22:11;898.9;898.9;898.75;898.75;5.99;5382.95;898.9
20.01.2017 22:12;0;0;0;0;0;0;0
20.01.2017 22:13;898.49;898.49;898.49;898.49;0.02;14.61;898.49
20.01.2017 22:14;898.46;898.95;898.46;898.95;0.17;153.87;898.81
20.01.2017 22:15;0;0;0;0;0;0;0
20.01.2017 22:16;898.97;898.97;898.97;898.97;0.07;65.84;898.97
20.01.2017 22:17;897.64;897.64;897.64;897.64;0.06;56.55;897.64
20.01.2017 22:18;898.19;898.19;898.19;898.19;0.01;4.99;898.19
20.01.2017 22:19;898.19;898.66;898.19;898.66;2.53;2271.77;898.25
20.01.2017 22:20;898.25;898.25;898.25;898.25;0.32;289.27;898.25
20.01.2017 22:21;898.18;898.66;898.18;898.66;1.57;1410.44;898.31
20.01.2017 22:22;0;0;0;0;0;0;0
20.01.2017 22:23;897.26;897.26;897.26;897.26;0.23;202.64;897.26
20.01.2017 22:24;0;0;0;0;0;0;0
20.01.2017 22:25;898.32;898.32;898.32;898.32;0.11;99.2;898.32
20.01.2017 22:26;898.32;898.32;898.32;898.32;0.02;17.76;898.32
20.01.2017 22:27;898.32;898.32;898.32;898.32;0.02;13.47;898.32
20.01.2017 22:28;898.5;898.68;897.42;898.68;1.18;1058.71;898.57
20.01.2017 22:29;897.48;897.48;897.48;897.48;6.46;5801.47;897.48
20.01.2017 22:30;897.43;898.31;897.43;898.31;0.13;118.7;898.14
20.01.2017 22:31;897.38;897.39;897.38;897.39;0.59;531.43;897.39
20.01.2017 22:32;897.26;897.26;897.26;897.26;0.04;31.4;897.26
20.01.2017 22:33;897.63;897.63;897.63;897.63;0.01;13.11;897.63
20.01.2017 22:34;897.59;897.59;897.59;897.59;0.31;280.04;897.59
20.01.2017 22:35;0;0;0;0;0;0;0
20.01.2017 22:36;0;0;0;0;0;0;0
20.01.2017 22:37;897.26;897.26;897.26;897.26;0.06;57.84;897.26
20.01.2017 22:38;897.57;897.57;897.26;897.26;3.15;2827.28;897.27
20.01.2017 22:39;897.26;897.26;897.26;897.26;5.3;4755.48;897.26
20.01.2017 22:40;897.27;897.27;897.12;897.12;2.72;2440.5;897.26
20.01.2017 22:41;896.35;896.35;896.03;896.03;11.08;9928.34;896.35
20.01.2017 22:42;895.98;895.98;895.98;895.98;1;896.08;895.98
20.01.2017 22:43;895.86;896.03;895.86;896.03;1.34;1200.88;895.92
20.01.2017 22:44;895.24;895.24;895.24;895.24;0.01;9.85;895.24
20.01.2017 22:45;896.44;896.44;896.44;896.44;0.02;19.72;896.44
20.01.2017 22:46;0;0;0;0;0;0;0
20.01.2017 22:47;896.84;896.84;896.84;896.84;0.04;33.96;896.84
20.01.2017 22:48;896.84;896.84;896.84;896.84;0.01;11.75;896.84
20.01.2017 22:49;896.46;896.84;896.46;896.84;0.25;223.97;896.72
20.01.2017 22:50;896.84;896.84;896;896;7.22;6466.19;896.1
20.01.2017 22:51;896.01;896.71;896.01;896.71;3.68;3299.01;896.42
20.01.2017 22:52;0;0;0;0;0;0;0
20.01.2017 22:53;896.17;896.17;896.17;896.17;1;893.04;896.17
20.01.2017 22:54;896.17;896.17;896.17;896.17;0.26;232.1;896.17
20.01.2017 22:55;896.63;896.63;896.5;896.5;0.2;178.43;896.6
20.01.2017 22:56;896.33;896.33;896.25;896.25;0.13;113.1;896.33
20.01.2017 22:57;896.17;896.17;896.17;896.17;0.02;21.54;896.17
20.01.2017 22:58;895.68;896.17;895.68;896.17;0.47;423.03;896.15
20.01.2017 22:59;895.68;895.68;895.68;895.68;0.36;322.44;895.68
20.01.2017 23:00;896.17;896.17;895.06;895.06;20.12;18011.52;895.36
20.01.2017 23:01;0;0;0;0;0;0;0
20.01.2017 23:02;895.74;895.74;895.58;895.58;0.39;352.89;895.66
20.01.2017 23:03;0;0;0;0;0;0;0
20.01.2017 23:04;0;0;0;0;0;0;0
20.01.2017 23:05;895.3;895.3;895.01;895.01;5;4475.43;895.09
20.01.2017 23:06;895.01;895.01;895.01;895.01;4.6;4117.05;895.01
20.01.2017 23:07;895.37;895.37;895.37;895.37;0.23;201.46;895.37
20.01.2017 23:08;895.27;895.37;895.27;895.37;0.25;222.71;895.27
20.01.2017 23:09;895.37;895.37;895.37;895.37;0.43;382.43;895.37
20.01.2017 23:10;0;0;0;0;0;0;0
20.01.2017 23:11;0;0;0;0;0;0;0
20.01.2017 23:12;0;0;0;0;0;0;0
20.01.2017 23:13;0;0;0;0;0;0;0
20.01.2017 23:14;895.39;895.39;895.39;895.39;0.92;828.22;895.39
20.01.2017 23:15;895.4;895.4;895.4;895.4;0.01;11.55;895.4
20.01.2017 23:16;895.4;895.51;895.28;895.28;2.19;1957.54;895.49
20.01.2017 23:17;895.51;895.52;895.51;895.52;4.95;4431.54;895.51
20.01.2017 23:18;0;0;0;0;0;0;0
20.01.2017 23:19;895.76;895.76;895.76;895.76;45;40309.2;895.76
20.01.2017 23:20;0;0;0;0;0;0;0
20.01.2017 23:21;895.9;895.9;895.9;895.9;3.22;2883.83;895.9
20.01.2017 23:22;0;0;0;0;0;0;0
20.01.2017 23:23;0;0;0;0;0;0;0
20.01.2017 23:24;895.62;895.62;895.62;895.62;0.21;183.6;895.62
20.01.2017 23:25;895.85;895.85;895.85;895.85;0.14;129.33;895.85
20.01.2017 23:26;895.76;895.76;895.76;895.76;0.12;110.47;895.76
20.01.2017 23:27;895.85;895.85;895.84;895.84;0.39;352.96;895.85
20.01.2017 23:28;895.75;895.75;895.75;895.75;0.04;32.25;895.75
20.01.2017 23:29;895.75;895.8;895.62;895.62;9.65;8644.61;895.62
20.01.2017 23:30;0;0;0;0;0;0;0
20.01.2017 23:31;0;0;0;0;0;0;0
20.01.2017 23:32;0;0;0;0;0;0;0
20.01.2017 23:33;895.64;895.64;895.64;895.64;0.05;42.03;895.64
20.01.2017 23:34;0;0;0;0;0;0;0
20.01.2017 23:35;0;0;0;0;0;0;0
20.01.2017 23:36;895.64;895.64;895.64;895.64;0.23;206.86;895.64
20.01.2017 23:37;0;0;0;0;0;0;0
20.01.2017 23:38;0;0;0;0;0;0;0
20.01.2017 23:39;0;0;0;0;0;0;0
20.01.2017 23:40;895.83;895.83;895.8;895.8;0.53;475.18;895.83
20.01.2017 23:41;895.8;895.82;895.8;895.82;0.16;146.29;895.82
20.01.2017 23:42;0;0;0;0;0;0;0
20.01.2017 23:43;0;0;0;0;0;0;0
20.01.2017 23:44;895.81;895.81;895.81;895.81;0.44;393.36;895.81
20.01.2017 23:45;0;0;0;0;0;0;0
20.01.2017 23:46;0;0;0;0;0;0;0
20.01.2017 23:47;0;0;0;0;0;0;0
20.01.2017 23:48;895.8;895.8;895.8;895.8;1.07;957.7;895.8
20.01.2017 23:49;0;0;0;0;0;0;0
20.01.2017 23:50;895.8;895.8;895.64;895.64;1.36;1219.02;895.68
20.01.2017 23:51;0;0;0;0;0;0;0
20.01.2017 23:52;0;0;0;0;0;0;0
20.01.2017 23:53;895.8;895.8;895.8;895.8;0.04;40.21;895.8
20.01.2017 23:54;895.8;895.8;895.8;895.8;0.04;34.62;895.8
20.01.2017 23:55;0;0;0;0;0;0;0
20.01.2017 23:56;0;0;0;0;0;0;0
20.01.2017 23:57;895.79;895.79;895.79;895.79;0.1;89.58;895.79
20.01.2017 23:58;895.79;895.79;895.79;895.79;9;8062.11;895.79
20.01.2017 23:59;895.8;895.8;895.8;895.8;0.16;140.81;895.8
21.01.2017 00:00;895.81;895.85;895.65;895.65;1.99;1785.54;895.81
21.01.2017 00:01;895.84;895.84;895.84;895.84;0.11;102.71;895.84
21.01.2017 00:02;0;0;0;0;0;0;0
21.01.2017 00:03;895.64;895.64;895.64;895.64;0.03;30.08;895.64
21.01.2017 00:04;0;0;0;0;0;0;0
21.01.2017 00:05;0;0;0;0;0;0;0
21.01.2017 00:06;895.64;895.64;895.64;895.64;4;3582.56;895.64
21.01.2017 00:07;895.64;895.64;895.64;895.64;0.09;80.61;895.64
21.01.2017 00:08;0;0;0;0;0;0;0
21.01.2017 00:09;0;0;0;0;0;0;0
21.01.2017 00:10;895.78;895.78;895.78;895.78;0.06;51.52;895.78
21.01.2017 00:11;895.64;895.64;895.64;895.64;1.21;1087.15;895.64
21.01.2017 00:12;895.79;895.79;895.79;895.79;1.4;1249.68;895.79
21.01.2017 00:13;895.79;895.79;895.79;895.79;1.55;1385.59;895.79
21.01.2017 00:14;0;0;0;0;0;0;0
21.01.2017 00:15;0;0;0;0;0;0;0
21.01.2017 00:16;895.79;895.79;895.79;895.79;0.11;99.01;895.79
21.01.2017 00:17;0;0;0;0;0;0;0
21.01.2017 00:18;895.79;895.79;895.79;895.79;0.05;48.86;895.79
21.01.2017 00:19;0;0;0;0;0;0;0
21.01.2017 00:20;895.79;895.79;895.65;895.65;5.03;4508.77;895.79
21.01.2017 00:21;0;0;0;0;0;0;0
21.01.2017 00:22;0;0;0;0;0;0;0
21.01.2017 00:23;895.65;895.65;895.65;895.65;0.03;25.97;895.65
21.01.2017 00:24;895.79;895.79;895.79;895.79;1.15;1030.16;895.79
21.01.2017 00:25;895.77;895.77;895.77;895.77;0.08;69.83;895.77
21.01.2017 00:26;895.79;895.79;895.79;895.79;4.02;3602.83;895.79
21.01.2017 00:27;895.79;895.79;895.79;895.79;1.29;1154.11;895.79
21.01.2017 00:28;895.8;895.8;895.8;895.8;1.41;1262.96;895.8
21.01.2017 00:29;895.8;895.8;895.79;895.79;0.87;776.48;895.8
21.01.2017 00:30;895.79;895.79;895.79;895.79;0.02;14.15;895.79
21.01.2017 00:31;895.79;895.8;895.79;895.8;0.02;20.83;895.79
21.01.2017 00:32;0;0;0;0;0;0;0
21.01.2017 00:33;895.8;895.8;895.8;895.8;0.05;43;895.8
21.01.2017 00:34;895.8;895.8;895.8;895.8;2.24;2007.16;895.8
21.01.2017 00:35;0;0;0;0;0;0;0
21.01.2017 00:36;895.8;895.8;895.8;895.8;2;1791.6;895.8
21.01.2017 00:37;0;0;0;0;0;0;0
21.01.2017 00:38;895.8;895.8;895.71;895.71;0.07;63.33;895.77
21.01.2017 00:39;895.8;895.8;895.8;895.8;0.22;192.87;895.8
21.01.2017 00:40;895.8;895.8;895.8;895.8;0.05;44.79;895.8
21.01.2017 00:41;895.8;895.8;895.8;895.8;0.05;44.79;895.8
21.01.2017 00:42;0;0;0;0;0;0;0
21.01.2017 00:43;895.8;895.8;895.8;895.8;0.42;374.44;895.8
21.01.2017 00:44;895.78;895.78;895.78;895.78;2;1791.56;895.78
21.01.2017 00:45;0;0;0;0;0;0;0
21.01.2017 00:46;895.8;895.8;895.8;895.8;2.05;1836.39;895.8
21.01.2017 00:47;895.8;895.8;895.8;895.8;0.16;146.22;895.8
21.01.2017 00:48;895.8;895.8;895.74;895.8;2.49;2231.84;895.79
21.01.2017 00:49;895.8;895.8;895.74;895.74;8.44;7562.74;895.74
21.01.2017 00:50;0;0;0;0;0;0;0
21.01.2017 00:51;895.8;895.8;895.8;895.8;0.15;130.67;895.8
21.01.2017 00:52;895.8;895.8;895.8;895.8;0.01;10.75;895.8
21.01.2017 00:53;895.76;895.76;895.74;895.74;1.99;1780.06;895.75
21.01.2017 00:54;895.5;895.5;895.5;895.5;2.09;1871.45;895.5
21.01.2017 00:55;895.5;895.78;895.49;895.78;0.19;173.77;895.71
21.01.2017 00:56;895.78;895.78;895.78;895.78;0.27;244.55;895.78
21.01.2017 00:57;895.78;895.78;895.75;895.75;0.07;63.88;895.77
21.01.2017 00:58;895.5;895.5;895;895;2.01;1796.72;895.5
21.01.2017 00:59;895.5;895.5;895.5;895.5;0.02;15.22;895.5
21.01.2017 01:00;895.5;895.5;895.5;895.5;2;1791;895.5
21.01.2017 01:01;895.5;895.5;895.5;895.5;0.59;524.51;895.5
21.01.2017 01:02;895.5;895.5;895.5;895.5;2;1791;895.5
21.01.2017 01:03;895.5;895.5;895.5;895.5;0.97;871.46;895.5
21.01.2017 01:04;895.5;895.5;895.48;895.48;0.11;100.03;895.5
21.01.2017 01:05;895.46;895.46;895.46;895.46;5.58;4994.51;895.46
21.01.2017 01:06;895;895.46;895;895;0.16;139.09;895.14
21.01.2017 01:07;895;895;895;895;4.92;4403.4;895
21.01.2017 01:08;895.01;895.32;895.01;895.32;0.11;97.57;895.12
21.01.2017 01:09;895.01;895.01;895.01;895.01;0.03;26.85;895.01
21.01.2017 01:10;895.32;895.32;895.32;895.32;0.15;131.13;895.32
21.01.2017 01:11;895.32;895.32;895.32;895.32;0.06;58.19;895.32
21.01.2017 01:12;895.32;895.32;895.32;895.32;0.05;44.77;895.32
21.01.2017 01:13;895.31;895.31;895.01;895.01;0.19;170.96;895.09
21.01.2017 01:14;895.32;895.32;895.32;895.32;0.22;193.39;895.32
21.01.2017 01:15;895.01;895.01;895.01;895.01;1.28;1144.86;895.01
21.01.2017 01:16;895.32;895.32;895.32;895.32;0.05;42.98;895.32
21.01.2017 01:17;895.32;895.32;895.32;895.32;0.02;18.24;895.32
21.01.2017 01:18;895.01;895.01;895.01;895.01;0.36;320.7;895.01
21.01.2017 01:19;895.32;895.32;895.32;895.32;0.1;86.53;895.32
21.01.2017 01:20;895.32;895.32;895.32;895.32;0.02;14.33;895.32
21.01.2017 01:21;0;0;0;0;0;0;0
21.01.2017 01:22;895.32;895.32;895.32;895.32;0.18;164.74;895.32
21.01.2017 01:23;895.32;895.32;895.32;895.32;0.36;323.49;895.32
21.01.2017 01:24;895.32;895.32;895.32;895.32;0.16;143.25;895.32
21.01.2017 01:25;0;0;0;0;0;0;0
21.01.2017 01:26;895.32;895.59;895.32;895.59;1.92;1723.07;895.44
21.01.2017 01:27;895.59;895.59;895.25;895.25;0.42;373.33;895.36
21.01.2017 01:28;895.59;895.81;895.56;895.56;12.07;10813.27;895.76
21.01.2017 01:29;895.81;895.81;895.81;895.81;0.22;198.61;895.81
21.01.2017 01:30;895.81;895.81;895.57;895.81;0.39;344.97;895.77
21.01.2017 01:31;895.81;895.85;895.81;895.85;1.45;1296.79;895.85
21.01.2017 01:32;895.85;895.85;895.85;895.85;0.3;272.08;895.85
21.01.2017 01:33;895.85;895.85;895.85;895.85;0.12;105.89;895.85
21.01.2017 01:34;895.83;895.83;895.83;895.83;0.04;37.62;895.83
21.01.2017 01:35;895.85;895.86;895.85;895.86;7.62;6828.4;895.85
21.01.2017 01:36;896.17;896.17;896.17;896.17;0.34;305.97;896.17
21.01.2017 01:37;896.17;896.17;895.93;895.93;0.15;136.19;896
21.01.2017 01:38;896.14;896.14;896.14;896.14;0.11;102.67;896.14
21.01.2017 01:39;896.14;896.14;896.14;896.14;7.41;6641.62;896.14
21.01.2017 01:40;896.14;896.14;896.14;896.14;0.05;44.81;896.14
21.01.2017 01:41;0;0;0;0;0;0;0
21.01.2017 01:42;896.14;896.14;896.14;896.14;0.03;23.74;896.14
21.01.2017 01:43;896.14;896.14;896.14;896.14;0.05;42.12;896.14
21.01.2017 01:44;895.37;895.37;895.28;895.28;1;895.35;895.35
21.01.2017 01:45;0;0;0;0;0;0;0
21.01.2017 01:46;895.41;895.82;895.38;895.82;7.8;6982.14;895.57
21.01.2017 01:47;0;0;0;0;0;0;0
21.01.2017 01:48;895.8;895.8;895.8;895.8;0.03;27.8;895.8
21.01.2017 01:49;895.8;895.8;895.8;895.8;0.06;54.16;895.8
21.01.2017 01:50;0;0;0;0;0;0;0
21.01.2017 01:51;895.83;895.83;895.83;895.83;0.03;24.19;895.83
21.01.2017 01:52;895.83;895.83;895.83;895.83;0.06;49.27;895.83
21.01.2017 01:53;895.83;895.83;895.83;895.83;0.19;173.66;895.83
21.01.2017 01:54;895.82;895.96;895.82;895.96;0.08;68.98;895.86
21.01.2017 01:55;895.96;895.96;895.96;895.96;0.1;88.52;895.96
21.01.2017 01:56;895.96;895.97;895.96;895.97;1;895.92;895.97
21.01.2017 01:57;896.17;896.17;896.17;896.17;4.42;3961.34;896.17
21.01.2017 01:58;895.83;895.83;895.83;895.83;0.02;20.6;895.83
21.01.2017 01:59;0;0;0;0;0;0;0
21.01.2017 02:00;0;0;0;0;0;0;0
21.01.2017 02:01;896.17;896.17;896.17;896.17;0.01;6.9;896.17
21.01.2017 02:02;896.17;896.17;896.17;896.17;4.93;4415.34;896.17
21.01.2017 02:03;896.17;896.17;896.17;896.17;0.06;51.32;896.17
21.01.2017 02:04;896.17;896.17;896.16;896.16;2.98;2674.72;896.16
21.01.2017 02:05;896.16;896.18;896.16;896.18;3.11;2785.51;896.17
21.01.2017 02:06;896.85;896.85;896.85;896.85;0.01;7.17;896.85
21.01.2017 02:07;896.85;896.85;896.85;896.85;0.37;330.94;896.85
21.01.2017 02:08;897.03;898.97;897.03;898.97;22.19;19922.33;897.7
21.01.2017 02:09;0;0;0;0;0;0;0
21.01.2017 02:10;899.05;899.98;899.05;899.98;23;20688.2;899.44
21.01.2017 02:11;900.1;901;900.1;900.35;55.24;49753.78;900.65
21.01.2017 02:12;900.94;901;900.94;901;32.44;29225.45;900.99
21.01.2017 02:13;901;901;901;901;45.75;41217.42;901
21.01.2017 02:14;901;902.69;901;902.69;135.42;122055.18;901.34
21.01.2017 02:15;902.69;905.01;902.69;905.01;47.88;43289.97;904.21
21.01.2017 02:16;905.14;907.42;905.14;907;46.36;42039.71;906.81
21.01.2017 02:17;906.95;907;906.15;907;43.33;39291.8;906.76
21.01.2017 02:18;907;907;906.74;907;1.22;1108.96;906.9
21.01.2017 02:19;907;907;907;907;0.98;884.51;907
21.01.2017 02:20;907;907;906.76;906.76;1.52;1375.74;906.92
21.01.2017 02:21;906.76;907;906.76;907;42.99;38989.63;906.87
21.01.2017 02:22;907.09;907.42;907.09;907.2;61.23;55547.54;907.2
21.01.2017 02:23;907.2;907.2;907.13;907.19;61.23;55548.82;907.18
21.01.2017 02:24;907.19;907.42;906.52;906.52;110.54;100277.63;907.13
21.01.2017 02:25;907.19;907.19;907.18;907.18;2.27;2059.1;907.19
21.01.2017 02:26;906.87;906.9;906.52;906.9;20.62;18703.35;906.9
21.01.2017 02:27;906.9;906.9;906.9;906.9;0.04;36.28;906.9
21.01.2017 02:28;906.9;906.9;906.9;906.9;0.01;12.67;906.9
21.01.2017 02:29;906.77;906.77;906.77;906.77;0.27;247.91;906.77
21.01.2017 02:30;906.77;907.42;906.77;907.41;29.35;26628.41;907.19
21.01.2017 02:31;907.41;907.42;907.41;907.42;104.92;95203.9;907.41
21.01.2017 02:32;907.42;907.42;907.39;907.42;53.56;48595.62;907.39
21.01.2017 02:33;907.39;907.41;907.13;907.13;0.05;48.46;907.33
21.01.2017 02:34;907.1;907.1;906.52;906.52;11.06;10027.32;906.63
21.01.2017 02:35;906.52;907;906.52;906.87;2.62;2371.71;906.64
21.01.2017 02:36;906.84;906.84;906.72;906.74;32.14;29140.8;906.75
21.01.2017 02:37;906.74;906.75;906.1;906.75;10.72;9711.61;906.16
21.01.2017 02:38;906.75;906.75;906.07;906.12;8.05;7298.46;906.09
21.01.2017 02:39;906.74;906.74;906.74;906.74;0.06;57.64;906.74
21.01.2017 02:40;906.74;906.74;906.5;906.5;0.06;54.39;906.58
21.01.2017 02:41;906.5;906.5;906.1;906.1;12.37;11208.98;906.1
21.01.2017 02:42;906.47;906.5;906.15;906.15;10.07;9126.23;906.49
21.01.2017 02:43;906.15;906.5;906.15;906.5;0.06;54.38;906.27
21.01.2017 02:44;906.5;906.98;906.5;906.98;0.06;54.41;906.82
21.01.2017 02:45;906.98;907.34;906.97;907.34;23.9;21675.36;907
21.01.2017 02:46;907.41;907.41;907;907;0.29;267.37;907.04
21.01.2017 02:47;907;907.02;907;907.02;0.26;234.93;907.01
21.01.2017 02:48;907.02;907.02;906.68;907.02;1.71;1554.42;907.02
21.01.2017 02:49;907.02;907.02;906.26;907.02;0.55;496.16;906.54
21.01.2017 02:50;906.7;907.02;906.14;906.14;11.2;10145.14;906.17
21.01.2017 02:51;906.14;906.16;906.14;906.16;15.23;13799.96;906.16
21.01.2017 02:52;906.16;907.01;906.06;907.01;26.11;23664.81;906.46
21.01.2017 02:53;907.42;907.42;907;907.39;50.06;45404.47;907
21.01.2017 02:54;907.38;907.38;907.21;907.38;0.07;63.51;907.36
21.01.2017 02:55;907.11;908.01;907.1;908.01;19.23;17454.24;907.58
21.01.2017 02:56;908.45;908.45;908.45;908.45;0.05;47.47;908.45
21.01.2017 02:57;908.43;908.44;908.41;908.44;33.38;30319.18;908.41
21.01.2017 02:58;908.23;908.23;907.03;907.03;13.07;11857.82;907.29
21.01.2017 02:59;906.76;907.05;906.76;907.05;9.33;8462.83;907.01
21.01.2017 03:00;907.05;907.07;907.05;907.07;2.05;1857.75;907.07
21.01.2017 03:01;907.07;907.07;907.07;907.07;2.48;2245;907.07
21.01.2017 03:02;907.05;907.07;907.05;907.06;2.24;2035.55;907.05
21.01.2017 03:03;0;0;0;0;0;0;0
21.01.2017 03:04;907.06;907.06;907.06;907.06;2;1814.12;907.06
21.01.2017 03:05;907.02;907.02;907.02;907.02;0.03;30.1;907.02
21.01.2017 03:06;907.04;907.04;907.04;907.04;2;1814.08;907.04
21.01.2017 03:07;907.03;907.03;906.31;906.31;21.78;19736.75;906.32
21.01.2017 03:08;906.3;906.3;906.24;906.24;14.7;13325.21;906.28
21.01.2017 03:09;906.24;906.24;906.24;906.24;0.72;649.43;906.24
21.01.2017 03:10;0;0;0;0;0;0;0
21.01.2017 03:11;906.11;906.11;905.37;906.03;1.23;1117.5;905.97
21.01.2017 03:12;905.96;905.96;904.88;905.85;7.32;6627.04;904.9
21.01.2017 03:13;904.89;904.89;904.89;904.89;0.15;139.34;904.89
21.01.2017 03:14;905.38;905.38;905.38;905.38;2;1810.76;905.38
21.01.2017 03:15;905.68;905.69;905.68;905.69;10;9056.9;905.69
21.01.2017 03:16;905.89;906.8;905.89;906.8;2.02;1831.23;906.1
21.01.2017 03:17;905.69;905.69;905.02;905.66;1.62;1468.64;905.26
21.01.2017 03:18;905.51;905.51;905.51;905.51;0.05;46.33;905.51
21.01.2017 03:19;905.52;905.52;905.51;905.51;0.25;223.86;905.51
21.01.2017 03:20;905.5;906.08;905.5;906.08;2;1812.13;906.07
21.01.2017 03:21;906.38;906.38;906.1;906.1;2.08;1885.42;906.19
21.01.2017 03:22;905.5;905.5;905.5;905.5;0.01;10.13;905.5
21.01.2017 03:23;0;0;0;0;0;0;0
21.01.2017 03:24;0;0;0;0;0;0;0
21.01.2017 03:25;905.55;906.97;905.55;906.97;0.68;613.41;905.73
21.01.2017 03:26;905.93;905.93;905.93;905.93;0.3;271.78;905.93
21.01.2017 03:27;906.35;906.35;905.53;905.53;0.92;833.6;906.09
21.01.2017 03:28;906.77;907.04;906.77;906.87;20;18138.3;906.91
21.01.2017 03:29;907.02;908.21;907;908.21;29.07;26379.5;907.45
21.01.2017 03:30;906.68;907.87;906.68;907.87;0.62;566.95;907.79
21.01.2017 03:31;907.88;910;907.88;910;62.42;56797.19;909.9
21.01.2017 03:32;910;912;910;912;22.62;20594.67;910.37
21.01.2017 03:33;911.79;914.4;911.79;914.4;9.19;8392.59;913.58
21.01.2017 03:34;914.15;914.15;913.63;914.12;10.52;9615.27;914.11
21.01.2017 03:35;0;0;0;0;0;0;0
21.01.2017 03:36;913.32;914.2;913.32;914.2;3.16;2890.55;913.76
21.01.2017 03:37;914.4;919;914.4;916.85;61.85;56664.75;916.21
21.01.2017 03:38;919;920;919;920;23.47;21580.82;919.58
21.01.2017 03:39;920;921.1;919.69;921.1;19.48;17931.65;920.59
21.01.2017 03:40;921.1;925;921.1;922.38;70.83;65445.44;924.03
21.01.2017 03:41;922.37;924.17;921.04;923.61;4.87;4497.81;922.86
21.01.2017 03:42;922.85;925;922.85;923.87;11.26;10411.36;924.72
21.01.2017 03:43;923.9;924.99;923.14;923.14;1.57;1453.71;924
21.01.2017 03:44;922.85;922.85;921.07;921.13;21.12;19454.95;921.18
21.01.2017 03:45;922.31;922.31;921.22;921.22;1.42;1308.3;922.15
21.01.2017 03:46;921.32;921.72;921.32;921.72;0.29;266.32;921.7
21.01.2017 03:47;921.98;922.36;921.98;922.15;11.32;10436.88;922.35
21.01.2017 03:48;922.15;922.37;922.15;922.37;1.29;1188.77;922.32
21.01.2017 03:49;922.54;922.54;922.54;922.54;5;4612.7;922.54
21.01.2017 03:50;922.81;923.95;922.03;922.03;1.72;1590.72;923.42
21.01.2017 03:51;923.03;923.03;923.03;923.03;0.14;129.68;923.03
21.01.2017 03:52;923.03;923.03;922.1;923;0.42;391.85;922.72
21.01.2017 03:53;922.33;923.01;922.33;923.01;0.05;48.46;922.93
21.01.2017 03:54;0;0;0;0;0;0;0
21.01.2017 03:55;923.01;923.01;922.93;923.01;0.21;195.3;922.99
21.01.2017 03:56;923.03;923.79;921.97;921.97;24.18;22316.09;922.87
21.01.2017 03:57;920.59;922.44;920.59;922.44;1.28;1181.41;920.61
21.01.2017 03:58;920.83;922.65;920.83;922.65;1.26;1157.47;921.67
21.01.2017 03:59;922.99;924.01;922.99;924.01;18.91;17460.65;923.41
21.01.2017 04:00;925;925;923.2;923.2;1.15;1061.8;924.69
21.01.2017 04:01;923.18;923.18;923.18;923.18;0.1;93.24;923.18
21.01.2017 04:02;0;0;0;0;0;0;0
21.01.2017 04:03;923.14;924;923.14;924;5.5;5082.78;923.97
21.01.2017 04:04;0;0;0;0;0;0;0
21.01.2017 04:05;924;924;924;924;0.79;728.39;924
21.01.2017 04:06;923.24;923.24;923.24;923.24;0.04;40.14;923.24
21.01.2017 04:07;924;924.05;923.23;924.05;20.25;18714.07;924.03
21.01.2017 04:08;923.85;923.85;923.85;923.85;10;9237.52;923.85
21.01.2017 04:09;923.21;923.94;923.16;923.16;45.36;41897.36;923.75
21.01.2017 04:10;0;0;0;0;0;0;0
21.01.2017 04:11;923.83;923.83;923.82;923.82;10.52;9718.63;923.83
21.01.2017 04:12;923.14;923.14;923.14;923.14;4;3692.56;923.14
21.01.2017 04:13;923.54;923.54;922.99;922.99;6.3;5814.1;923.14
21.01.2017 04:14;922.05;922.05;922.05;922.05;0.11;99.77;922.05
21.01.2017 04:15;922.07;922.07;922.07;922.07;1.05;963.66;922.07
21.01.2017 04:16;922.08;922.1;922.08;922.1;0.07;64.63;922.08
21.01.2017 04:17;0;0;0;0;0;0;0
21.01.2017 04:18;922.04;922.04;922.04;922.04;6.23;5747.84;922.04
21.01.2017 04:19;922.04;922.04;922.04;922.04;3.77;3472.56;922.04
21.01.2017 04:20;921.92;921.94;919.95;920.07;3.18;2924.66;920.73
21.01.2017 04:21;0;0;0;0;0;0;0
21.01.2017 04:22;920.54;920.87;919.74;919.74;8.12;7475.32;920.56
21.01.2017 04:23;920.82;920.82;920.77;920.77;0.24;217.62;920.81
21.01.2017 04:24;920.78;920.78;920.77;920.77;1.26;1163.53;920.77
21.01.2017 04:25;920.77;920.77;920.77;920.77;0.01;11.16;920.77
21.01.2017 04:26;920.78;921.23;920.78;921.23;0.08;71.44;921.1
21.01.2017 04:27;921.56;921.97;921.56;921.97;0.2;183.83;921.73
21.01.2017 04:28;921.94;921.94;921.94;921.94;10.95;10092.88;921.94
21.01.2017 04:29;0;0;0;0;0;0;0
21.01.2017 04:30;920.82;920.82;920.82;920.82;0.11;102.21;920.82
21.01.2017 04:31;920.82;920.82;920.82;920.82;0.34;309.35;920.82
21.01.2017 04:32;0;0;0;0;0;0;0
21.01.2017 04:33;920.84;920.87;920.84;920.87;0.13;116.66;920.84
21.01.2017 04:34;920.79;920.79;920.77;920.78;11.02;10149.25;920.78
21.01.2017 04:35;919.81;919.9;919.81;919.9;0.17;159.87;919.86
21.01.2017 04:36;920.78;920.78;919.83;919.83;0.41;378.45;920.75
21.01.2017 04:37;0;0;0;0;0;0;0
21.01.2017 04:38;919.9;921.06;919.69;919.69;0.47;430.01;920.14
21.01.2017 04:39;919.69;919.69;919.69;919.69;0.32;296.29;919.69
21.01.2017 04:40;919.69;920.7;918.77;920.7;9.65;8877.44;919.82
21.01.2017 04:41;919.33;919.33;919.32;919.32;12;11032.03;919.32
21.01.2017 04:42;919.39;919.39;918.81;918.81;1.04;951.17;918.83
21.01.2017 04:43;918.91;918.98;918.77;918.77;22.88;21023.78;918.91
21.01.2017 04:44;918.96;918.96;918.96;918.96;0.04;34.21;918.96
21.01.2017 04:45;918.96;918.96;918.96;918.96;0.1;91.9;918.96
21.01.2017 04:46;918.82;918.96;918.82;918.96;4.03;3703.48;918.82
21.01.2017 04:47;918.96;919.37;918.96;919.2;2.61;2396.59;919.36
21.01.2017 04:48;920;921.46;920;921.46;11.1;10228.77;921.32
21.01.2017 04:49;921.71;922.04;921.71;922.04;1.53;1414.43;921.8
21.01.2017 04:50;923;924.48;923;924.48;25.3;23369.71;923.77
21.01.2017 04:51;924.52;924.53;923.79;924.52;6.79;6278.3;924.05
21.01.2017 04:52;924.52;924.52;923.99;923.99;0.38;353.41;924.43
21.01.2017 04:53;923;923;922.98;922.98;0.31;282.07;922.99
21.01.2017 04:54;921.65;922.56;921.62;921.74;0.31;285.08;921.78
21.01.2017 04:55;921.75;922;921.75;922;2.69;2475.41;921.85
21.01.2017 04:56;922;922;922;922;19.15;17653.99;922
21.01.2017 04:57;922.2;922.34;922.2;922.34;0.6;550.64;922.34
21.01.2017 04:58;922.56;922.79;922.56;922.78;3.23;2983.81;922.78
21.01.2017 04:59;922.79;922.79;922.79;922.79;0.03;27.74;922.79
21.01.2017 05:00;922.65;923.13;922.64;923.13;2.1;1940.27;922.89
21.01.2017 05:01;922.75;922.75;922.54;922.54;5.88;5424.31;922.7
21.01.2017 05:02;921.88;921.88;921.85;921.85;0.72;662.47;921.86
21.01.2017 05:03;0;0;0;0;0;0;0
21.01.2017 05:04;921.71;921.84;920.52;920.52;10.22;9419.1;921.69
21.01.2017 05:05;921.49;921.49;920.51;920.51;0.1;96.2;920.74
21.01.2017 05:06;920.52;921.23;916.35;916.35;17.95;16507.06;919.86
21.01.2017 05:07;917.03;917.03;914.04;914.97;14.77;13505.17;914.51
21.01.2017 05:08;914.97;914.97;914.26;914.97;2.27;2073.22;914.65
21.01.2017 05:09;914.44;914.71;914.44;914.7;11.09;10144.2;914.7
21.01.2017 05:10;914.8;914.92;914.42;914.5;31.64;28938.88;914.61
21.01.2017 05:11;914.76;914.76;914.76;914.76;0.02;20.65;914.76
21.01.2017 05:12;0;0;0;0;0;0;0
21.01.2017 05:13;914.76;914.76;914.76;914.76;0.2;182.04;914.76
21.01.2017 05:14;915.01;915.02;915.01;915.02;0.68;624.59;915.02
21.01.2017 05:15;915.56;915.56;915.56;915.56;0.02;21.76;915.56
21.01.2017 05:16;0;0;0;0;0;0;0
21.01.2017 05:17;0;0;0;0;0;0;0
21.01.2017 05:18;916.42;916.42;916.42;916.42;4.5;4123.89;916.42
21.01.2017 05:19;915.82;915.86;915.82;915.86;0.08;73.71;915.83
21.01.2017 05:20;0;0;0;0;0;0;0
21.01.2017 05:21;916.22;916.7;916.22;916.7;56.04;51368.13;916.69
21.01.2017 05:22;917.07;917.09;917.07;917.07;0.66;603.99;917.08
21.01.2017 05:23;917.64;917.64;917.64;917.64;4.2;3854.09;917.64
21.01.2017 05:24;917.65;917.7;917.65;917.7;2;1831.28;917.67
21.01.2017 05:25;917.7;917.7;917.69;917.69;0.24;218.95;917.7
21.01.2017 05:26;917.7;917.7;917.7;917.7;0.18;167.4;917.7
21.01.2017 05:27;0;0;0;0;0;0;0
21.01.2017 05:28;917.25;917.3;917.25;917.3;0.47;433.37;917.29
21.01.2017 05:29;0;0;0;0;0;0;0
21.01.2017 05:30;917.48;918.56;917.48;918.56;1.47;1347.43;917.51
21.01.2017 05:31;917.33;917.33;917.32;917.32;0.13;120.21;917.32
21.01.2017 05:32;917.31;917.31;917.31;917.31;0.01;11.78;917.31
21.01.2017 05:33;917.31;917.31;917.31;917.31;0.04;34.98;917.31
21.01.2017 05:34;917.31;917.31;917.31;917.31;0.25;232.37;917.31
21.01.2017 05:35;918.22;918.39;918.21;918.39;3.12;2861.83;918.24
21.01.2017 05:36;918.4;918.76;918.4;918.75;1.22;1118.66;918.75
21.01.2017 05:37;918.39;918.39;917.41;917.41;1.75;1606.34;917.91
21.01.2017 05:38;917.31;917.72;915.33;915.33;10.62;9738.58;917.33
21.01.2017 05:39;0;0;0;0;0;0;0
21.01.2017 05:40;0;0;0;0;0;0;0
21.01.2017 05:41;915.33;915.33;913.95;913.95;0.75;689.61;914.14
21.01.2017 05:42;0;0;0;0;0;0;0
21.01.2017 05:43;914.34;915.32;914.34;915.32;0.17;158.77;915.19
21.01.2017 05:44;0;0;0;0;0;0;0
21.01.2017 05:45;914.66;914.66;914.66;914.66;0.03;25.31;914.66
21.01.2017 05:46;915.05;915.07;915.05;915.07;0.6;546.87;915.06
21.01.2017 05:47;915.26;917.25;915.26;917.25;1.05;963.6;916.62
21.01.2017 05:48;0;0;0;0;0;0;0
21.01.2017 05:49;0;0;0;0;0;0;0
21.01.2017 05:50;0;0;0;0;0;0;0
21.01.2017 05:51;0;0;0;0;0;0;0
21.01.2017 05:52;916.07;917.99;916.07;916.43;16.63;15259.17;917.55
21.01.2017 05:53;916.43;916.43;915.79;916.43;0.34;311.72;915.87
21.01.2017 05:54;914.75;914.88;914.75;914.81;7.24;6621.5;914.81
21.01.2017 05:55;914.8;914.88;914.8;914.88;0.95;869.68;914.86
21.01.2017 05:56;914.88;914.88;914.88;914.88;0.6;548.93;914.88
21.01.2017 05:57;914.88;915;914.88;915;0.08;73.75;914.99
21.01.2017 05:58;915;915;915;915;9.93;9085.06;915
21.01.2017 05:59;0;0;0;0;0;0;0
21.01.2017 06:00;915.03;915.03;915.03;915.03;0.03;30.42;915.03
21.01.2017 06:01;915;915;915;915;0.02;14.91;915
21.01.2017 06:02;915.32;915.32;915.01;915.01;10.08;9223.88;915.01
21.01.2017 06:03;915.01;915.01;915.01;915.01;10.03;9174.93;915.01
21.01.2017 06:04;915.01;915.28;915.01;915.28;3.83;3502.67;915.02
21.01.2017 06:05;915.02;915.02;915.02;915.02;0.1;91.65;915.02
21.01.2017 06:06;915.02;915.02;915.02;915.02;0.01;5.95;915.02
21.01.2017 06:07;915.49;915.49;915.49;915.49;1.25;1145.09;915.49
21.01.2017 06:08;915.49;915.5;915.49;915.5;0.28;253.96;915.5
21.01.2017 06:09;915.5;916.94;915.5;916.24;6.31;5776.61;915.53
21.01.2017 06:10;0;0;0;0;0;0;0
21.01.2017 06:11;916.74;917;916.74;917;0.26;234.23;916.75
21.01.2017 06:12;917.15;918.01;917.15;918.01;0.11;97.12;917.7
21.01.2017 06:13;918.01;918.01;918.01;918.01;0.05;49.76;918.01
21.01.2017 06:14;917.07;917.07;917.07;917.07;0.11;99.79;917.07
21.01.2017 06:15;0;0;0;0;0;0;0
21.01.2017 06:16;917.4;917.4;917.4;917.4;0.38;349.65;917.4
21.01.2017 06:17;917.48;918.34;917.48;918.34;0.07;63.98;918.07
21.01.2017 06:18;918.34;918.39;918;918;0.95;869.5;918.35
21.01.2017 06:19;918.04;918.39;918.04;918.39;3.35;3074.77;918.39
21.01.2017 06:20;918.11;918.11;918.11;918.11;0.03;30.43;918.11
21.01.2017 06:21;918.39;918.39;918.39;918.39;0.12;106;918.39
21.01.2017 06:22;0;0;0;0;0;0;0
21.01.2017 06:23;918.11;918.11;918.11;918.11;0.11;101.38;918.11
21.01.2017 06:24;918.23;920.09;918.23;920.09;85.88;78944.81;919.23
21.01.2017 06:25;920.06;920.06;920.02;920.02;6.33;5828.32;920.06
21.01.2017 06:26;920.12;920.12;920.12;920.12;4.41;4060.35;920.12
21.01.2017 06:27;920.02;920.02;918.32;920;13.93;12804.45;919.37
21.01.2017 06:28;920;920.03;920;920;20.07;18467.57;920
21.01.2017 06:29;920;920.54;920;920.54;16.4;15084.04;920.02
21.01.2017 06:30;920;920;919.88;919.88;0.9;825.7;920
21.01.2017 06:31;0;0;0;0;0;0;0
21.01.2017 06:32;919.85;919.85;918.2;918.38;0.07;68.33;919.29
21.01.2017 06:33;919.41;919.42;919.41;919.42;0.02;15.27;919.41
21.01.2017 06:34;0;0;0;0;0;0;0
21.01.2017 06:35;918.95;918.96;918.95;918.96;3.01;2764.2;918.96
21.01.2017 06:36;918.66;918.73;918.66;918.73;0.09;81.73;918.68
21.01.2017 06:37;918.59;918.59;918.59;918.59;0.33;304.39;918.59
21.01.2017 06:38;919.47;920.9;919.47;920.9;0.18;161.14;920.82
21.01.2017 06:39;0;0;0;0;0;0;0
21.01.2017 06:40;0;0;0;0;0;0;0
21.01.2017 06:41;0;0;0;0;0;0;0
21.01.2017 06:42;919.3;919.3;919.3;919.3;0.02;17.24;919.3
21.01.2017 06:43;920.19;920.19;920.19;920.19;0.05;50.59;920.19
21.01.2017 06:44;918.99;918.99;918.99;918.99;0.02;17.91;918.99
21.01.2017 06:45;919.6;919.6;919.03;919.03;0.09;80.58;919.46
21.01.2017 06:46;0;0;0;0;0;0;0
21.01.2017 06:47;919.03;919.03;919.03;919.03;0.14;130.96;919.03
21.01.2017 06:48;919.03;919.03;919.02;919.02;10;9191.05;919.02
21.01.2017 06:49;918.01;918.01;918.01;918.01;0.08;75.92;918.01
21.01.2017 06:50;918.01;918.01;918.01;918.01;0.02;20.24;918.01
21.01.2017 06:51;0;0;0;0;0;0;0
21.01.2017 06:52;0;0;0;0;0;0;0
21.01.2017 06:53;918.86;918.86;918.86;918.86;0.21;192.33;918.86
21.01.2017 06:54;918.5;918.5;918.5;918.5;0.5;459.25;918.5
21.01.2017 06:55;918.51;918.51;918.51;918.51;0.22;199.76;918.51
21.01.2017 06:56;919.1;919.81;919.1;919.81;2.2;2027.28;919.48
21.01.2017 06:57;0;0;0;0;0;0;0
21.01.2017 06:58;918.7;918.7;918.69;918.69;0.23;213.55;918.7
21.01.2017 06:59;919.86;919.86;918.47;918.47;1.94;1783.93;919.42
21.01.2017 07:00;919.55;919.78;919.55;919.78;0.23;209.18;919.77
21.01.2017 07:01;919.85;919.87;919.62;919.62;1.08;997.75;919.85
21.01.2017 07:02;0;0;0;0;0;0;0
21.01.2017 07:03;0;0;0;0;0;0;0
21.01.2017 07:04;919.63;919.63;919.63;919.63;2;1839.26;919.63
21.01.2017 07:05;0;0;0;0;0;0;0
21.01.2017 07:06;919.87;919.87;919.87;919.87;9.66;8881.42;919.87
21.01.2017 07:07;919.99;919.99;919.99;919.99;15.64;14392.39;919.99
21.01.2017 07:08;920;920.04;920;920;48.31;44444.54;920.01
21.01.2017 07:09;920.96;920.97;920.96;920.97;0.92;849.07;920.97
21.01.2017 07:10;920.97;920.98;920.94;920.94;5.71;5258.87;920.96
21.01.2017 07:11;920.99;921;920.98;921;37.51;34544.09;920.99
21.01.2017 07:12;0;0;0;0;0;0;0
21.01.2017 07:13;921;921;921;921;10.39;9568.53;921
21.01.2017 07:14;920.2;920.57;919.64;920.57;15.07;13871.4;920.22
21.01.2017 07:15;919.67;920.8;919.64;919.64;3.89;3573.69;919.73
21.01.2017 07:16;0;0;0;0;0;0;0
21.01.2017 07:17;0;0;0;0;0;0;0
21.01.2017 07:18;920.54;920.54;920.54;920.54;0.01;9.21;920.54
21.01.2017 07:19;0;0;0;0;0;0;0
21.01.2017 07:20;920.06;920.06;920.06;920.06;8.76;8056.05;920.06
21.01.2017 07:21;920.2;920.2;920.2;920.2;0.01;10.85;920.2
21.01.2017 07:22;920.57;920.57;919.79;919.87;3.28;3018.2;920.42
21.01.2017 07:23;919.69;920.53;919.64;919.64;0.4;367.37;920.32
21.01.2017 07:24;919.65;919.65;919.65;919.65;0.03;30.37;919.65
21.01.2017 07:25;920.44;920.57;919.74;919.74;1.17;1078.71;920.4
21.01.2017 07:26;919.75;919.75;919.75;919.75;0.04;33.11;919.75
21.01.2017 07:27;919.97;919.97;919.97;919.97;1.66;1526.78;919.97
21.01.2017 07:28;0;0;0;0;0;0;0
21.01.2017 07:29;920.12;920.12;920.12;920.12;0.5;460.06;920.12
21.01.2017 07:30;920.4;920.4;920.39;920.39;35.65;32809.13;920.4
21.01.2017 07:31;920.12;920.12;920.12;920.12;1.24;1141.32;920.12
21.01.2017 07:32;0;0;0;0;0;0;0
21.01.2017 07:33;919.65;919.65;919.65;919.65;0.18;168.65;919.65
21.01.2017 07:34;0;0;0;0;0;0;0
21.01.2017 07:35;920.12;920.12;920.12;920.12;13.11;12065.53;920.12
21.01.2017 07:36;919.83;919.83;919.83;919.83;0.01;7.8;919.83
21.01.2017 07:37;919.65;919.65;919.65;919.65;0.17;154.76;919.65
21.01.2017 07:38;0;0;0;0;0;0;0
21.01.2017 07:39;920.1;920.1;919.66;919.66;10.43;9592.65;920.08
21.01.2017 07:40;919.66;919.66;919.66;919.66;0.14;125;919.66
21.01.2017 07:41;919.66;920.11;919.66;920.11;0.4;371.35;919.92
21.01.2017 07:42;919.66;919.66;919.66;919.66;0.93;856.63;919.66
21.01.2017 07:43;0;0;0;0;0;0;0
21.01.2017 07:44;919.67;919.67;919.67;919.67;0.47;434.18;919.67
21.01.2017 07:45;920.11;920.11;920.1;920.1;0.13;124.1;920.11
21.01.2017 07:46;920.12;920.54;920.12;920.54;0.32;294.5;920.32
21.01.2017 07:47;919.67;919.67;919.67;919.67;0.1;95.76;919.67
21.01.2017 07:48;0;0;0;0;0;0;0
21.01.2017 07:49;0;0;0;0;0;0;0
21.01.2017 07:50;0;0;0;0;0;0;0
21.01.2017 07:51;920.21;920.26;919;919;38.22;35140.59;919.51
21.01.2017 07:52;918.16;918.16;918.02;918.02;3.24;2972.91;918.16
21.01.2017 07:53;918.44;918.44;918.44;918.44;0.01;11.97;918.44
21.01.2017 07:54;918.46;919.73;918.46;919.73;0.11;102.57;919.6
21.01.2017 07:55;918.57;918.57;918.44;918.44;0.06;53.39;918.54
21.01.2017 07:56;918.44;918.44;918;918;11.99;11011.89;918.42
21.01.2017 07:57;917.56;917.56;917.56;917.56;0.01;12;917.56
21.01.2017 07:58;917.56;917.56;917.5;917.5;2.29;2097.44;917.55
21.01.2017 07:59;0;0;0;0;0;0;0
21.01.2017 08:00;917.1;918.77;916.87;918.77;9.94;9120.88;917.59
21.01.2017 08:01;0;0;0;0;0;0;0
21.01.2017 08:02;918.96;918.96;917.17;917.17;0.07;64.01;917.49
21.01.2017 08:03;0;0;0;0;0;0;0
21.01.2017 08:04;917.52;918.85;917.08;918.85;10.56;9685.63;917.43
21.01.2017 08:05;0;0;0;0;0;0;0
21.01.2017 08:06;0;0;0;0;0;0;0
21.01.2017 08:07;918.8;918.8;918.8;918.8;0.23;207.48;918.8
21.01.2017 08:08;917.43;917.43;917.04;917.1;20.06;18394.94;917.22
21.01.2017 08:09;917.79;919.63;917;919.63;24.18;22180.73;917.31
21.01.2017 08:10;0;0;0;0;0;0;0
21.01.2017 08:11;918.15;918.15;917.41;917.41;31.55;28960.11;917.86
21.01.2017 08:12;917.39;917.39;916;916;54.79;50233.13;916.88
21.01.2017 08:13;916.98;917.98;916.98;917.79;2.63;2411.04;917.61
21.01.2017 08:14;916.85;916.85;915.95;915.95;20.78;19045.99;916.41
21.01.2017 08:15;916.8;917.64;916.8;917.64;0.35;319.6;917.59
21.01.2017 08:16;917.63;917.63;917.63;917.63;0.02;15.86;917.63
21.01.2017 08:17;917.63;917.63;915.89;915.89;0.65;591.34;915.97
21.01.2017 08:18;0;0;0;0;0;0;0
21.01.2017 08:19;916.54;916.54;916.54;916.54;2.5;2291.35;916.54
21.01.2017 08:20;916.6;916.96;916.6;916.96;1.64;1503.69;916.89
21.01.2017 08:21;916.69;916.94;916.08;916.08;2.77;2535.58;916.7
21.01.2017 08:22;916.93;917.18;916.93;917.18;2.24;2052.94;917.03
21.01.2017 08:23;917.18;917.18;917.18;917.18;26.41;24223;917.18
21.01.2017 08:24;917.18;917.18;917.18;917.18;30;27515.4;917.18
21.01.2017 08:25;917;917;917;917;1.3;1192.1;917
21.01.2017 08:26;917;917;917;917;1.33;1223.46;917
21.01.2017 08:27;917;917;917;917;1.5;1372.39;917
21.01.2017 08:28;0;0;0;0;0;0;0
21.01.2017 08:29;917;917.64;917;917.64;32.37;29691.97;917.2
21.01.2017 08:30;918;918;917.76;917.76;8.79;8072.78;918
21.01.2017 08:31;917.76;917.76;917.76;917.76;0.6;546.99;917.76
21.01.2017 08:32;0;0;0;0;0;0;0
21.01.2017 08:33;917.99;917.99;917.99;917.99;0.26;238.03;917.99
21.01.2017 08:34;917.99;918;917.29;918;2.12;1945.77;917.98
21.01.2017 08:35;917.99;918;917.99;918;0.07;68.31;918
21.01.2017 08:36;0;0;0;0;0;0;0
21.01.2017 08:37;917.75;918;917.75;918;10;9179.99;918
21.01.2017 08:38;0;0;0;0;0;0;0
21.01.2017 08:39;0;0;0;0;0;0;0
21.01.2017 08:40;917.65;917.65;917.32;917.65;1.58;1447.56;917.45
21.01.2017 08:41;917.33;917.33;917.33;917.33;0.11;99.78;917.33
21.01.2017 08:42;0;0;0;0;0;0;0
21.01.2017 08:43;917.64;917.64;917.32;917.32;1.02;933.12;917.33
21.01.2017 08:44;917.65;917.65;917.65;917.65;0.02;16.8;917.65
21.01.2017 08:45;917.65;917.65;917.65;917.65;0.1;90.85;917.65
21.01.2017 08:46;0;0;0;0;0;0;0
21.01.2017 08:47;0;0;0;0;0;0;0
21.01.2017 08:48;0;0;0;0;0;0;0
21.01.2017 08:49;917.64;917.65;917.36;917.65;1.07;982.99;917.63
21.01.2017 08:50;917.65;917.65;917.36;917.36;9.95;9124.62;917.36
21.01.2017 08:51;916.22;916.22;914;914;15.79;14454.27;915.2
21.01.2017 08:52;914;914;912.5;912.5;2.74;2504.82;913.32
21.01.2017 08:53;914.25;915.48;914.25;915.48;0.32;291.53;914.64
21.01.2017 08:54;0;0;0;0;0;0;0
21.01.2017 08:55;914.28;914.28;913;913;121.16;110681.66;913.52
21.01.2017 08:56;913;913;912.51;912.78;13.63;12442.72;912.99
21.01.2017 08:57;913;913;913;913;1.67;1520.56;913
21.01.2017 08:58;914.53;914.53;914.53;914.53;2;1829.06;914.53
21.01.2017 08:59;0;0;0;0;0;0;0
21.01.2017 09:00;914.43;914.43;914.31;914.31;11.33;10355.2;914.37
21.01.2017 09:01;914.49;915.27;913.6;915.27;33.45;30587.46;914.52
21.01.2017 09:02;915.27;915.27;914.54;914.54;28;25607.6;914.56
21.01.2017 09:03;915.4;915.4;915.4;915.4;0.71;649.98;915.4
21.01.2017 09:04;915.46;916.94;915.46;916.82;11.56;10587.91;915.63
21.01.2017 09:05;917.06;917.06;915.99;915.99;0.11;97.67;916.17
21.01.2017 09:06;916.93;917.21;916.93;917.21;22.35;20491.18;916.94
21.01.2017 09:07;917.05;917.64;917.04;917.63;36.08;33102.14;917.51
21.01.2017 09:08;917.63;917.63;917.63;917.63;7;6423.41;917.63
21.01.2017 09:09;917.63;917.65;916.74;917.65;13.71;12578.37;917.63
21.01.2017 09:10;917.65;917.65;917.65;917.65;0.21;192.71;917.65
21.01.2017 09:11;917.12;917.12;917.12;917.12;0.54;498.8;917.12
21.01.2017 09:12;917.12;917.12;917.12;917.12;0.04;33.28;917.12
21.01.2017 09:13;917.12;917.12;917.12;917.12;0.02;15.82;917.12
21.01.2017 09:14;916.41;917.12;916.41;917.12;0.04;40.07;916.67
21.01.2017 09:15;917.12;917.12;916.47;916.47;0.18;166.15;916.62
21.01.2017 09:16;916.66;917.12;916.66;917.12;29.78;27314.17;917.12
21.01.2017 09:17;917.12;917.12;917.12;917.12;0.1;92.63;917.12
21.01.2017 09:18;917.12;917.12;917.12;917.12;25.98;23831.34;917.12
21.01.2017 09:19;0;0;0;0;0;0;0
21.01.2017 09:20;0;0;0;0;0;0;0
21.01.2017 09:21;917.65;917.65;917.65;917.65;12.2;11191.38;917.65
21.01.2017 09:22;917.65;917.8;917.6;917.63;11.22;10298.79;917.67
21.01.2017 09:23;917.63;917.8;917.63;917.8;0.02;19.86;917.76
21.01.2017 09:24;917.8;917.96;917.8;917.96;1.92;1763.16;917.84
21.01.2017 09:25;918.18;918.18;918.18;918.18;0.1;91.82;918.18
21.01.2017 09:26;918.82;918.82;918.82;918.82;0.22;199.5;918.82
21.01.2017 09:27;0;0;0;0;0;0;0
21.01.2017 09:28;918.12;918.12;918.12;918.12;0.02;21.12;918.12
21.01.2017 09:29;917.8;917.8;917.8;917.8;0.1;93.68;917.8
21.01.2017 09:30;917.79;917.8;917.79;917.8;1.39;1275.7;917.8
21.01.2017 09:31;0;0;0;0;0;0;0
21.01.2017 09:32;0;0;0;0;0;0;0
21.01.2017 09:33;918.14;918.48;918.14;918.48;0.52;476.86;918.15
21.01.2017 09:34;918.47;918.47;918.47;918.47;0.21;190.18;918.47
21.01.2017 09:35;918.47;918.5;918.39;918.5;0.75;684.79;918.44
21.01.2017 09:36;918.5;918.9;918.5;918.54;6.01;5519.13;918.81
21.01.2017 09:37;918.65;918.9;918.65;918.9;6.12;5622.14;918.9
21.01.2017 09:38;919.28;920.08;919.28;920.08;11.81;10857.92;919.76
21.01.2017 09:39;0;0;0;0;0;0;0
21.01.2017 09:40;920.1;920.11;920.1;920.11;2;1840.21;920.11
21.01.2017 09:41;919.46;919.46;919.46;919.46;0.05;45.55;919.46
21.01.2017 09:42;919.71;919.71;919.71;919.71;1.28;1174.47;919.71
21.01.2017 09:43;919.71;919.71;918.96;919.4;4.24;3893.97;919.21
21.01.2017 09:44;919.38;919.38;919.38;919.38;0.01;9.19;919.38
21.01.2017 09:45;0;0;0;0;0;0;0
21.01.2017 09:46;918.85;919.38;918.85;919.38;0.19;178.76;919.22
21.01.2017 09:47;0;0;0;0;0;0;0
21.01.2017 09:48;919.09;919.09;919.09;919.09;0.1;92.09;919.09
21.01.2017 09:49;919.15;919.15;918.66;918.66;9.86;9064.55;919.06
21.01.2017 09:50;0;0;0;0;0;0;0
21.01.2017 09:51;919.57;919.57;919.57;919.57;0.02;16.15;919.57
21.01.2017 09:52;0;0;0;0;0;0;0
21.01.2017 09:53;919.75;919.75;919.75;919.75;0.03;30.23;919.75
21.01.2017 09:54;0;0;0;0;0;0;0
21.01.2017 09:55;0;0;0;0;0;0;0
21.01.2017 09:56;919.45;919.47;919.45;919.47;0.02;18.39;919.46
21.01.2017 09:57;919.5;919.53;919.5;919.53;1.22;1122.01;919.52
21.01.2017 09:58;919.74;920.12;919.68;919.68;10.08;9277.84;919.99
21.01.2017 09:59;919.84;919.84;919.84;919.84;0.12;108.54;919.84
21.01.2017 10:00;0;0;0;0;0;0;0
21.01.2017 10:01;919.97;919.97;919.97;919.97;1.08;997.57;919.97
21.01.2017 10:02;920.11;920.11;920.11;920.11;1;920.11;920.11
21.01.2017 10:03;920.12;920.9;920.12;920.9;10.48;9643.83;920.55
21.01.2017 10:04;921.25;921.45;921.25;921.45;3.08;2840;921.32
21.01.2017 10:05;0;0;0;0;0;0;0
21.01.2017 10:06;921.7;921.94;921.7;921.94;20;18438.05;921.9
21.01.2017 10:07;921.75;921.93;921.75;921.93;3.71;3416.78;921.89
21.01.2017 10:08;920.72;920.72;920.72;920.72;0.02;20.25;920.72
21.01.2017 10:09;921.81;921.93;921.81;921.93;1;921.81;921.81
21.01.2017 10:10;0;0;0;0;0;0;0
21.01.2017 10:11;920.38;920.38;920.38;920.38;0.06;51.28;920.38
21.01.2017 10:12;920.39;920.39;920.31;920.31;7.76;7144.3;920.32
21.01.2017 10:13;920.76;920.76;920.31;920.31;3.02;2774.79;920.31
21.01.2017 10:14;919.97;920.76;919.97;920.76;0.33;308.22;920.12
21.01.2017 10:15;920;920;920;920;0.56;511.5;920
21.01.2017 10:16;919.98;920;919.98;920;1.14;1046.62;919.98
21.01.2017 10:17;0;0;0;0;0;0;0
21.01.2017 10:18;920;920;920;920;0.06;51.52;920
21.01.2017 10:19;0;0;0;0;0;0;0
21.01.2017 10:20;920;920;920;920;0.12;110.4;920
21.01.2017 10:21;920;920;920;920;0.35;317.95;920
21.01.2017 10:22;920;920.74;920;920.74;0.38;352.83;920.03
21.01.2017 10:23;921.11;921.11;920.96;920.96;0.42;384.51;921.07
21.01.2017 10:24;920.93;920.93;920.83;920.84;4.12;3789.45;920.84
21.01.2017 10:25;921.17;921.18;921.17;921.18;0.73;676.64;921.17
21.01.2017 10:26;0;0;0;0;0;0;0
21.01.2017 10:27;921.18;921.18;921.18;921.18;0.03;28.58;921.18
21.01.2017 10:28;0;0;0;0;0;0;0
21.01.2017 10:29;921;921.08;921;921.08;0.6;548.53;921.05
21.01.2017 10:30;921.08;921.1;921.08;921.1;4.82;4440.66;921.08
21.01.2017 10:31;921.18;921.18;921.1;921.1;0.51;473.3;921.18
21.01.2017 10:32;921.1;921.1;921.1;921.1;0.6;553.86;921.1
21.01.2017 10:33;921.1;921.1;921.1;921.1;0.02;14.83;921.1
21.01.2017 10:34;921.09;921.09;921.09;921.09;0.22;201.72;921.09
21.01.2017 10:35;921.09;921.09;921.09;921.09;0.18;162.37;921.09
21.01.2017 10:36;921.09;921.09;921.09;921.09;6.4;5894.98;921.09
21.01.2017 10:37;921.09;921.09;921.09;921.09;3.6;3315.92;921.09
21.01.2017 10:38;0;0;0;0;0;0;0
21.01.2017 10:39;920.97;920.98;920.97;920.98;5.09;4686.99;920.98
21.01.2017 10:40;920;920.98;919.99;920.98;3.33;3064.15;920.88
21.01.2017 10:41;920.97;920.97;920.97;920.97;0.21;190.85;920.97
21.01.2017 10:42;920.97;920.97;920.97;920.97;0.05;46.05;920.97
21.01.2017 10:43;920.23;920.23;920.1;920.1;0.64;592.82;920.14
21.01.2017 10:44;919.99;920;919.97;920;3.34;3076.13;919.97
21.01.2017 10:45;919.85;919.85;919.38;919.38;0.14;128.54;919.67
21.01.2017 10:46;0;0;0;0;0;0;0
21.01.2017 10:47;919.27;919.3;919.27;919.3;0.87;799.77;919.28
21.01.2017 10:48;919.3;920.17;918.66;918.66;2.34;2154.2;919.43
21.01.2017 10:49;919.31;919.31;918.22;918.22;1.24;1143.27;918.33
21.01.2017 10:50;919.67;919.69;919.67;919.69;3;2759.05;919.68
21.01.2017 10:51;0;0;0;0;0;0;0
21.01.2017 10:52;918.43;918.43;918.43;918.43;0.05;49.54;918.43
21.01.2017 10:53;918.64;919.5;918.64;918.76;0.21;189.58;918.75
21.01.2017 10:54;0;0;0;0;0;0;0
21.01.2017 10:55;919.27;919.27;919.27;919.27;8.5;7813.8;919.27
21.01.2017 10:56;919.42;919.42;919.42;919.42;0.01;9.19;919.42
21.01.2017 10:57;919.46;919.46;919.46;919.46;0.12;112.5;919.46
21.01.2017 10:58;919.5;920.6;919.5;920.6;12.51;11502.3;919.7
21.01.2017 10:59;919.41;920.97;919.41;920.97;0.19;170.68;920.54
21.01.2017 11:00;920.39;920.39;920.39;920.39;0.01;9.2;920.39
21.01.2017 11:01;920.4;920.4;920.4;920.4;0.19;175.14;920.4
21.01.2017 11:02;920.39;920.4;920.39;920.4;0.37;343.41;920.4
21.01.2017 11:03;919.7;919.7;919.7;919.7;0.01;10.02;919.7
21.01.2017 11:04;919.7;919.7;919.7;919.7;0.4;367.88;919.7
21.01.2017 11:05;919.7;920.4;919.7;920.4;0.11;102.64;919.84
21.01.2017 11:06;920.4;920.4;920.4;920.4;0.02;21.91;920.4
21.01.2017 11:07;919.73;920.4;919.73;920.4;0.04;32.66;919.95
21.01.2017 11:08;920.4;920.4;919.73;919.73;0.06;59.61;919.94
21.01.2017 11:09;920.4;920.53;920.4;920.53;9.71;8934.84;920.4
21.01.2017 11:10;920.73;920.73;920.73;920.73;1.78;1638.8;920.73
21.01.2017 11:11;920.48;921;920.48;921;24.8;22837.67;920.9
21.01.2017 11:12;921;922.91;920.55;922.91;48.65;44841.62;921.65
21.01.2017 11:13;922.91;922.91;922.91;922.91;16.26;15007.98;922.91
21.01.2017 11:14;922.91;925;922.91;923.33;32.64;30149.43;923.79
21.01.2017 11:15;923.45;923.45;923.45;923.45;0.01;10.08;923.45
21.01.2017 11:16;924.09;924.09;924.08;924.08;9.84;9088.69;924.09
21.01.2017 11:17;924.12;924.12;924.1;924.1;1.34;1237.86;924.1
21.01.2017 11:18;924.99;924.99;923.87;923.87;0.16;146.35;924.1
21.01.2017 11:19;924.27;924.27;924.27;924.27;0.05;49.62;924.27
21.01.2017 11:20;924.97;924.97;924.65;924.65;0.65;603.19;924.72
21.01.2017 11:21;924.97;925.01;924.97;925.01;5.9;5457;925
21.01.2017 11:22;925.01;925.07;925.01;925.07;2.84;2622.43;925.02
21.01.2017 11:23;925.12;926;925.12;925.99;26.41;24447.91;925.73
21.01.2017 11:24;924.3;924.3;924.3;924.3;0.02;20.34;924.3
21.01.2017 11:25;925;925.43;925;925.43;13.28;12279.49;925.01
21.01.2017 11:26;925.61;925.63;925.44;925.44;25.62;23716.19;925.59
21.01.2017 11:27;925.43;925.43;925.43;925.43;22.77;21074.02;925.43
21.01.2017 11:28;925.92;925.92;925.43;925.43;10.18;9419.51;925.45
21.01.2017 11:29;925.43;925.43;924.46;924.96;16.42;15189.11;924.83
21.01.2017 11:30;923.99;923.99;919.04;919.04;14.92;13727.39;920.15
21.01.2017 11:31;919.05;919.05;917.98;918;68.95;63302.56;918.04
21.01.2017 11:32;918;918;917.68;918;55.48;50925.67;917.99
21.01.2017 11:33;918;920.21;918;920.21;7.85;7213.15;918.34
21.01.2017 11:34;919.1;919.77;919.1;919.77;38.12;35047.35;919.3
21.01.2017 11:35;919.51;919.75;919.25;919.75;20.55;18895.82;919.42
21.01.2017 11:36;0;0;0;0;0;0;0
21.01.2017 11:37;919.74;919.74;919.74;919.74;12.78;11758.7;919.74
21.01.2017 11:38;919.83;920.34;919.83;920.34;0.03;26.09;920.16
21.01.2017 11:39;920.24;920.24;920.22;920.22;1.21;1110.96;920.24
21.01.2017 11:40;919.8;920.27;919.8;920.27;3.75;3450.47;920.26
21.01.2017 11:41;920;920;920;920;0.31;280.91;920
21.01.2017 11:42;0;0;0;0;0;0;0
21.01.2017 11:43;920;920;920;920;0.11;101.43;920
21.01.2017 11:44;920.28;920.38;920.28;920.38;0.81;742.82;920.36
21.01.2017 11:45;920.82;922;920.82;922;0.12;106.5;921.28
21.01.2017 11:46;922;922;922;922;0.3;275.76;922
21.01.2017 11:47;922.43;922.43;922.43;922.43;0.5;460.21;922.43
21.01.2017 11:48;922.01;922.43;922.01;922.43;3.79;3495.34;922.42
21.01.2017 11:49;922.25;922.25;921.12;921.19;0.48;446.19;921.5
21.01.2017 11:50;922;922;921.31;921.31;7.04;6490.85;922
21.01.2017 11:51;921.04;921.7;921.04;921.7;1.19;1091.63;921.14
21.01.2017 11:52;921.97;921.97;921.97;921.97;0.08;73.56;921.97
21.01.2017 11:53;921.19;921.23;921.19;921.23;0.17;155.49;921.19
21.01.2017 11:54;922.22;922.22;921.49;922.14;13.46;12407.11;922.09
21.01.2017 11:55;921.69;921.69;921.69;921.69;0.12;113.37;921.69
21.01.2017 11:56;921.77;921.77;921.47;921.47;2.18;2012.65;921.76
21.01.2017 11:57;0;0;0;0;0;0;0
21.01.2017 11:58;0;0;0;0;0;0;0
21.01.2017 11:59;0;0;0;0;0;0;0
21.01.2017 12:00;0;0;0;0;0;0;0
21.01.2017 12:01;922.25;922.91;922.25;922.91;3.65;3363.77;922.77
21.01.2017 12:02;922.91;922.92;922.91;922.92;0.8;737.59;922.91
21.01.2017 12:03;923.15;923.24;923.15;923.18;3.08;2841.59;923.19
21.01.2017 12:04;923.03;923.1;923.01;923.01;10.05;9280.35;923.04
21.01.2017 12:05;923.8;923.8;923;923.64;10.93;10092.07;923.06
21.01.2017 12:06;923.56;923.56;923;923;0.8;741.19;923.46
21.01.2017 12:07;923.69;923.69;923;923;0.23;212.2;923.08
21.01.2017 12:08;923.49;923.49;923.49;923.49;0.11;105.28;923.49
21.01.2017 12:09;923.01;923.01;923.01;923.01;0.06;58.79;923.01
21.01.2017 12:10;923;923.47;923;923;0.37;339.9;923.14
21.01.2017 12:11;923.47;923.47;923.01;923.01;0.18;165.77;923.16
21.01.2017 12:12;923.49;923.49;923.49;923.49;0.05;48.49;923.49
21.01.2017 12:13;924.21;924.26;924.21;924.26;0.05;46.52;924.24
21.01.2017 12:14;924.05;924.05;924.05;924.05;0.19;178.83;924.05
21.01.2017 12:15;0;0;0;0;0;0;0
21.01.2017 12:16;923.51;923.51;923.51;923.51;0.01;9.32;923.51
21.01.2017 12:17;923.51;923.9;923.51;923.9;9.5;8776.27;923.9
21.01.2017 12:18;923.9;923.9;923.9;923.9;1.11;1029.02;923.9
21.01.2017 12:19;924;924.3;924;924.3;20;18484.89;924.24
21.01.2017 12:20;923.52;923.52;923.51;923.51;0.95;874.89;923.51
21.01.2017 12:21;923.51;923.51;923.51;923.51;1.23;1132.14;923.51
21.01.2017 12:22;923.53;923.53;923.53;923.53;0.02;20.94;923.53
21.01.2017 12:23;0;0;0;0;0;0;0
21.01.2017 12:24;923.51;924.49;923.51;924.49;0.18;169.83;924.2
21.01.2017 12:25;923.69;924.49;923.69;924.49;0.12;107.28;924.12
21.01.2017 12:26;923.76;923.88;923.74;923.88;5.97;5516.35;923.75
21.01.2017 12:27;0;0;0;0;0;0;0
21.01.2017 12:28;924.5;924.98;924.5;924.98;4.2;3880.37;924.88
21.01.2017 12:29;924.6;924.6;924.6;924.6;0.5;462.3;924.6
21.01.2017 12:30;924.98;924.98;924.98;924.98;7.31;6764.28;924.98
21.01.2017 12:31;925.43;927.03;925.43;927.03;42.98;39823.02;926.57
21.01.2017 12:32;927.08;928;927.08;928;18.23;16912.91;927.89
21.01.2017 12:33;927.99;927.99;927.99;927.99;0.04;36.19;927.99
21.01.2017 12:34;926.88;928;926.87;928;4.09;3791.26;927.52
21.01.2017 12:35;0;0;0;0;0;0;0
21.01.2017 12:36;926.95;926.95;926.95;926.95;0.11;104.04;926.95
21.01.2017 12:37;927.02;927.26;927.02;927.26;0.13;124.23;927.24
21.01.2017 12:38;927.54;927.54;927.54;927.54;0.56;516.85;927.54
21.01.2017 12:39;927.58;927.8;927.58;927.8;1.03;958.94;927.66
21.01.2017 12:40;927.7;927.7;927.7;927.7;0.29;268.23;927.7
21.01.2017 12:41;927.62;927.62;927.6;927.6;7;6493.2;927.6
21.01.2017 12:42;926.91;927;926.91;926.92;9.13;8462.99;926.92
21.01.2017 12:43;927;927;926.9;926.9;1.87;1736.9;926.91
21.01.2017 12:44;926.9;927.55;926.9;927.48;1.32;1228.61;927.36
21.01.2017 12:45;927.3;927.48;926.91;926.91;6.26;5803.06;926.91
21.01.2017 12:46;926.91;927.95;926.91;927.95;2.26;2092.75;927.58
21.01.2017 12:47;927.14;927.26;927.14;927.26;0.79;733.93;927.16
21.01.2017 12:48;927.4;927.4;927.01;927.01;1.06;980.68;927.2
21.01.2017 12:49;927.34;927.89;926.64;926.64;32.3;29955.33;927.31
21.01.2017 12:50;925.54;926.47;922.17;925.01;9.63;8914.09;925.34
21.01.2017 12:51;924.92;924.92;924.81;924.81;0.14;131.28;924.82
21.01.2017 12:52;924.64;924.64;924.64;924.64;0.01;9.25;924.64
21.01.2017 12:53;925.1;925.47;925.04;925.47;3.44;3179.83;925.35
21.01.2017 12:54;926.42;927;926.42;927;15;13902.1;926.81
21.01.2017 12:55;926.9;926.9;926.9;926.9;0.03;24.99;926.9
21.01.2017 12:56;926.4;926.99;926.4;926.41;14.23;13183.72;926.75
21.01.2017 12:57;925.52;925.52;925.52;925.52;0.12;107.5;925.52
21.01.2017 12:58;0;0;0;0;0;0;0
21.01.2017 12:59;926.1;926.1;926.1;926.1;0.01;9.26;926.1
21.01.2017 13:00;925.52;926.1;925.5;926.1;8.01;7412.82;925.5
21.01.2017 13:01;925.5;925.5;925.5;925.5;0.02;15.51;925.5
21.01.2017 13:02;926.08;926.08;925.5;925.5;2.25;2081.99;925.54
21.01.2017 13:03;926.08;926.08;926.08;926.08;0.01;10.43;926.08
21.01.2017 13:04;926.08;926.08;926.08;926.08;0.01;10.42;926.08
21.01.2017 13:05;926.08;927.5;926.08;927.5;21.55;19976.04;927
21.01.2017 13:06;925.13;925.15;925.13;925.15;2.18;2015.4;925.13
21.01.2017 13:07;0;0;0;0;0;0;0
21.01.2017 13:08;925.41;925.41;925.41;925.41;0.04;41.13;925.41
21.01.2017 13:09;925.5;925.5;924.56;924.56;20.5;18953.95;924.58
21.01.2017 13:10;925;925;925;925;0.24;219.65;925
21.01.2017 13:11;925.74;925.74;925.51;925.51;1.29;1197.87;925.74
21.01.2017 13:12;0;0;0;0;0;0;0
21.01.2017 13:13;0;0;0;0;0;0;0
21.01.2017 13:14;925.74;925.76;925.74;925.76;0.14;129.23;925.74
21.01.2017 13:15;0;0;0;0;0;0;0
21.01.2017 13:16;925.72;925.72;925.52;925.52;8.72;8072.64;925.72
21.01.2017 13:17;925.7;925.76;925.7;925.76;0.04;39.31;925.75
21.01.2017 13:18;925.53;925.53;925.53;925.53;0.1;92.55;925.53
21.01.2017 13:19;925.53;925.69;925.5;925.69;10.1;9349.36;925.69
21.01.2017 13:20;925.5;925.55;924.91;925.34;10.67;9868.31;924.99
21.01.2017 13:21;0;0;0;0;0;0;0
21.01.2017 13:22;924.41;925.34;924.41;925.34;2.51;2323.25;925.25
21.01.2017 13:23;925.35;925.36;925.33;925.33;6.57;6080.33;925.34
21.01.2017 13:24;0;0;0;0;0;0;0
21.01.2017 13:25;924.83;924.83;924.02;924.02;2.74;2532.45;924.25
21.01.2017 13:26;924.02;924.02;924;924;35.47;32774.49;924.01
21.01.2017 13:27;0;0;0;0;0;0;0
21.01.2017 13:28;923.34;923.34;923.34;923.34;1;923.34;923.34
21.01.2017 13:29;924.11;924.11;922.92;922.93;33.39;30823.88;923.02
21.01.2017 13:30;923.92;923.92;923.17;923.17;0.25;229.29;923.75
21.01.2017 13:31;0;0;0;0;0;0;0
21.01.2017 13:32;923.98;923.98;923.27;923.27;2.56;2363.71;923.29
21.01.2017 13:33;923.59;923.59;923.59;923.59;0.36;328.99;923.59
21.01.2017 13:34;923.11;923.13;923.11;923.11;0.27;245.66;923.12
21.01.2017 13:35;923.97;923.97;923.97;923.97;0.22;199.8;923.97
21.01.2017 13:36;0;0;0;0;0;0;0
21.01.2017 13:37;923.97;923.98;923.97;923.98;8.73;8063.4;923.97
21.01.2017 13:38;924.2;924.2;924.2;924.2;0.11;105.06;924.2
21.01.2017 13:39;923.56;923.56;923.56;923.56;0.05;45.12;923.56
21.01.2017 13:40;0;0;0;0;0;0;0
21.01.2017 13:41;0;0;0;0;0;0;0
21.01.2017 13:42;0;0;0;0;0;0;0
21.01.2017 13:43;0;0;0;0;0;0;0
21.01.2017 13:44;0;0;0;0;0;0;0
21.01.2017 13:45;923.63;923.84;923.55;923.84;2.26;2088.33;923.59
21.01.2017 13:46;0;0;0;0;0;0;0
21.01.2017 13:47;923.5;923.5;923.37;923.37;2.76;2549.78;923.49
21.01.2017 13:48;923.29;923.29;922.51;922.51;1.75;1615.03;923.08
21.01.2017 13:49;922.57;922.57;922.51;922.51;3.67;3384.48;922.51
21.01.2017 13:50;922.52;923.64;922.52;923.64;0.35;320.2;922.98
21.01.2017 13:51;922.52;922.52;922.52;922.52;1.1;1014.77;922.52
21.01.2017 13:52;923.74;923.74;923.74;923.74;0.05;48.99;923.74
21.01.2017 13:53;923.71;923.71;922.56;922.56;0.5;463.55;923.64
21.01.2017 13:54;922.97;922.97;922.97;922.97;0.01;9.23;922.97
21.01.2017 13:55;923.13;923.99;923.13;923.25;0.23;212.93;923.2
21.01.2017 13:56;923.34;923.9;923.34;923.35;10.22;9439.26;923.89
21.01.2017 13:57;923.35;923.35;923.35;923.35;0.06;55.39;923.35
21.01.2017 13:58;923.32;923.32;923.32;923.32;0.06;59.81;923.32
21.01.2017 13:59;923.79;923.79;923.79;923.79;6;5540.46;923.79
21.01.2017 14:00;0;0;0;0;0;0;0
21.01.2017 14:01;0;0;0;0;0;0;0
21.01.2017 14:02;0;0;0;0;0;0;0
21.01.2017 14:03;923.32;923.32;922.5;922.5;2.74;2524.25;922.58
21.01.2017 14:04;922.5;923.28;922.5;923.28;0.16;148.02;922.59
21.01.2017 14:05;922.5;922.58;922.5;922.58;17.67;16301.67;922.5
21.01.2017 14:06;0;0;0;0;0;0;0
21.01.2017 14:07;922;922;922;922;0.11;101.19;922
21.01.2017 14:08;0;0;0;0;0;0;0
21.01.2017 14:09;922;922;921.03;921.03;13.19;12163.58;921.84
21.01.2017 14:10;921.14;921.14;921.14;921.14;0.06;52.58;921.14
21.01.2017 14:11;921.16;921.16;921.16;921.16;0.03;29.82;921.16
21.01.2017 14:12;921.51;921.51;921.51;921.51;0.02;18.36;921.51
21.01.2017 14:13;921.45;921.45;921.45;921.45;1.58;1454.97;921.45
21.01.2017 14:14;0;0;0;0;0;0;0
21.01.2017 14:15;922;922;922;922;0.38;346.3;922
21.01.2017 14:16;0;0;0;0;0;0;0
21.01.2017 14:17;921.5;922;921.47;921.47;6.57;6053.01;921.53
21.01.2017 14:18;922.23;922.23;921.5;922.23;8.28;7640.36;922.22
21.01.2017 14:19;922.23;922.23;922.23;922.23;0.02;22.94;922.23
21.01.2017 14:20;921.5;921.5;920;920;17.06;15710.26;920.73
21.01.2017 14:21;920;920;920;920;0.09;81.73;920
21.01.2017 14:22;920;920;920;920;0.37;336.21;920
21.01.2017 14:23;920.01;921.11;919.74;919.74;3.49;3205.76;919.87
21.01.2017 14:24;0;0;0;0;0;0;0
21.01.2017 14:25;919.74;919.74;919.74;919.74;0.71;648.51;919.74
21.01.2017 14:26;919.75;919.75;919.75;919.75;1.68;1541.31;919.75
21.01.2017 14:27;920.61;920.96;920.61;920.96;0.07;67.89;920.67
21.01.2017 14:28;921.05;921.05;921.05;921.05;0.11;104.39;921.05
21.01.2017 14:29;921.05;921.06;921.05;921.06;1.18;1090.66;921.06
21.01.2017 14:30;920.31;921.06;920.31;921.06;3.27;3015.62;921
21.01.2017 14:31;920.42;921.06;920.42;921.06;5.14;4736.79;921.02
21.01.2017 14:32;920.6;920.78;920.6;920.78;0.46;419.41;920.71
21.01.2017 14:33;921.04;921.06;921.04;921.06;1.33;1223.68;921.04
21.01.2017 14:34;920.82;920.82;920.82;920.82;0.05;42.5;920.82
21.01.2017 14:35;921;921.05;920.82;920.84;9.23;8497.39;920.98
21.01.2017 14:36;920.86;921.11;920.86;921.11;5.51;5074.26;921.02
21.01.2017 14:37;921.81;921.81;921.81;921.81;0.04;36.34;921.81
21.01.2017 14:38;922.54;922.54;921.89;921.93;0.21;198.07;922.28
21.01.2017 14:39;922.54;922.55;922.54;922.55;2.74;2532.15;922.54
21.01.2017 14:40;923.99;923.99;922.68;922.68;0.02;21.61;923.33
21.01.2017 14:41;922.66;922.66;922.66;922.66;0.06;59.96;922.66
21.01.2017 14:42;922.7;922.7;922.7;922.7;0.06;59.96;922.7
21.01.2017 14:43;923.99;924;923.99;924;3.58;3307.14;924
21.01.2017 14:44;924;924;924;924;0.03;25.63;924
21.01.2017 14:45;924;924;924;924;6.09;5623.28;924
21.01.2017 14:46;924;925;924;925;11.17;10324.83;924.03
21.01.2017 14:47;924.99;925;924.35;924.9;15.28;14121.91;924.36
21.01.2017 14:48;924.78;924.78;923.2;923.2;0.04;38.76;924.37
21.01.2017 14:49;923.43;923.43;923.43;923.43;0.03;29.98;923.43
21.01.2017 14:50;924.3;924.59;922.97;924.59;0.93;857.02;923.74
21.01.2017 14:51;923.9;923.9;923.89;923.89;0.31;289.73;923.9
21.01.2017 14:52;0;0;0;0;0;0;0
21.01.2017 14:53;922.98;923.55;922.98;922.98;2.7;2492;923.4
21.01.2017 14:54;924.19;924.19;924.19;924.19;0.17;161.39;924.19
21.01.2017 14:55;0;0;0;0;0;0;0
21.01.2017 14:56;922.98;922.98;922.98;922.98;0.12;106.56;922.98
21.01.2017 14:57;0;0;0;0;0;0;0
21.01.2017 14:58;922.98;924.12;922.98;924.12;2.06;1904.81;923.02
21.01.2017 14:59;924.07;924.28;923.01;924.28;45.84;42360.96;924.13
21.01.2017 15:00;923.01;923.01;923.01;923.01;0.12;106.82;923.01
21.01.2017 15:01;0;0;0;0;0;0;0
21.01.2017 15:02;923.67;923.67;923;923;0.06;59.13;923.08
21.01.2017 15:03;923.94;923.94;923;923;0.18;167.59;923.63
21.01.2017 15:04;923;923;922.97;922.97;4.16;3837.78;922.97
21.01.2017 15:05;923.49;923.49;923.49;923.49;0.02;14.83;923.49
21.01.2017 15:06;0;0;0;0;0;0;0
21.01.2017 15:07;923.63;923.63;923.63;923.63;0.11;104.21;923.63
21.01.2017 15:08;923.02;923.02;922.97;922.97;0.07;69.03;922.98
21.01.2017 15:09;922.97;922.97;922.97;922.97;6.43;5931.02;922.97
21.01.2017 15:10;0;0;0;0;0;0;0
21.01.2017 15:11;922.78;922.78;921.88;921.88;8.53;7866.8;922.07
21.01.2017 15:12;920.82;922.05;920.82;920.82;8.32;7658.91;920.89
21.01.2017 15:13;919.76;920.93;919.76;920.93;0.06;51.46;920.07
21.01.2017 15:14;919.91;919.91;919.91;919.91;0.04;41.3;919.91
21.01.2017 15:15;919.76;919.76;919.74;919.76;7.15;6576.09;919.74
21.01.2017 15:16;919.74;919.74;919.02;919.53;3.81;3503.28;919.61
21.01.2017 15:17;919.53;919.53;919.11;919.11;0.07;60.97;919.18
21.01.2017 15:18;919.53;919.54;919.53;919.54;1.11;1016.65;919.53
21.01.2017 15:19;919.21;919.21;919.21;919.21;1.5;1378.82;919.21
21.01.2017 15:20;919.11;919.11;919.11;919.11;0.07;59.8;919.11
21.01.2017 15:21;0;0;0;0;0;0;0
21.01.2017 15:22;0;0;0;0;0;0;0
21.01.2017 15:23;0;0;0;0;0;0;0
21.01.2017 15:24;919.72;919.73;919.72;919.73;4;3678.92;919.73
21.01.2017 15:25;919.73;919.73;919.73;919.73;6.22;5717.46;919.73
21.01.2017 15:26;919.85;919.85;919.67;919.85;0.07;66.31;919.78
21.01.2017 15:27;919.85;919.85;919.73;919.85;0.23;213.97;919.84
21.01.2017 15:28;919.85;920;919.85;920;2.03;1864.97;919.99
21.01.2017 15:29;920.13;920.13;920.13;920.13;0.04;33.37;920.13
21.01.2017 15:30;920.35;920.35;920.35;920.35;0.11;101.09;920.35
21.01.2017 15:31;0;0;0;0;0;0;0
21.01.2017 15:32;920.04;920.04;920.03;920.03;0.26;236.49;920.04
21.01.2017 15:33;920.03;920.03;920.03;920.03;0.07;62.91;920.03
21.01.2017 15:34;920.62;920.62;920.62;920.62;0.02;14.8;920.62
21.01.2017 15:35;920.03;920.52;920.03;920.52;0.48;440.35;920.04
21.01.2017 15:36;920.5;920.5;920.5;920.5;0.12;109.35;920.5
21.01.2017 15:37;0;0;0;0;0;0;0
21.01.2017 15:38;920.31;920.31;920.31;920.31;0.05;46.09;920.31
21.01.2017 15:39;920.31;920.31;920.31;920.31;0.42;388.03;920.31
21.01.2017 15:40;920.35;920.35;920.35;920.35;0.32;298.85;920.35
21.01.2017 15:41;920.35;920.35;920.35;920.35;0.39;357.17;920.35
21.01.2017 15:42;0;0;0;0;0;0;0
21.01.2017 15:43;920.59;920.59;920.01;920.01;3.26;3002.94;920.18
21.01.2017 15:44;920.5;920.5;920.5;920.5;0.02;16.77;920.5
21.01.2017 15:45;920.5;920.5;920.5;920.5;0.05;43.7;920.5
21.01.2017 15:46;920.01;920.01;920.01;920.01;0.53;488.5;920.01
21.01.2017 15:47;920;920;920;920;0.01;13.65;920
21.01.2017 15:48;920;920;920;920;0.01;10.42;920
21.01.2017 15:49;920;920.01;919.27;920.01;1.27;1171.2;919.54
21.01.2017 15:50;920.01;920.5;920.01;920.5;0.39;362;920.39
21.01.2017 15:51;919.22;920.47;919.22;919.22;0.21;195.61;919.46
21.01.2017 15:52;919.26;919.56;919.26;919.56;0.08;69.69;919.31
21.01.2017 15:53;919.3;920.2;919.21;920.2;1.81;1661.1;919.23
21.01.2017 15:54;920.19;920.19;919.3;919.3;0.18;164.38;919.37
21.01.2017 15:55;920.18;920.18;919.2;919.32;0.34;312.75;919.9
21.01.2017 15:56;919.87;920.18;919.87;920.18;0.11;105.11;920.14
21.01.2017 15:57;919.99;919.99;919.22;919.22;0.28;253.7;919.78
21.01.2017 15:58;919.22;920.2;919.22;920.2;2.29;2104.77;920.09
21.01.2017 15:59;920.2;920.2;919.33;919.33;0.65;594.18;920.06
21.01.2017 16:00;920;920.2;920;920.2;2.74;2521.58;920.09
21.01.2017 16:01;0;0;0;0;0;0;0
21.01.2017 16:02;920.2;920.22;920.2;920.22;6.76;6217.25;920.2
21.01.2017 16:03;920.22;920.22;920.21;920.21;4.53;4169.09;920.22
21.01.2017 16:04;920.21;922.01;920.21;922.01;0.1;93.01;921.62
21.01.2017 16:05;922.01;922.33;922;922;0.63;584.15;922
21.01.2017 16:06;922;922.06;920.34;920.36;8.28;7629.91;921.77
21.01.2017 16:07;920.36;920.36;920.36;920.36;0.04;39.64;920.36
21.01.2017 16:08;920.48;920.48;920.48;920.48;0.01;5.06;920.48
21.01.2017 16:09;920.41;922.16;920.01;920.01;0.13;121.46;920.83
21.01.2017 16:10;920.02;920.02;920;920;2.94;2707.16;920.02
21.01.2017 16:11;920;920;920;920;1.21;1116.72;920
21.01.2017 16:12;919.62;919.62;919.62;919.62;0.04;39.81;919.62
21.01.2017 16:13;920;920;920;920;0.04;36.3;920
21.01.2017 16:14;920.04;922.67;920.04;922.67;0.04;36.06;920.82
21.01.2017 16:15;920.06;922.47;920.06;922.47;0.12;108.89;920.79
21.01.2017 16:16;920.72;920.72;920.72;920.72;0.11;101.94;920.72
21.01.2017 16:17;920.73;921.93;920.73;920.73;0.33;307.54;920.85
21.01.2017 16:18;920.73;920.73;919.39;920.71;0.7;644.54;920.52
21.01.2017 16:19;0;0;0;0;0;0;0
21.01.2017 16:20;920.7;920.7;920.7;920.7;0.01;10.01;920.7
21.01.2017 16:21;920.7;920.7;920.7;920.7;0.02;17.27;920.7
21.01.2017 16:22;919.79;919.79;919.79;919.79;0.01;9.2;919.79
21.01.2017 16:23;919.79;920.29;919.79;920.29;0.06;51.58;919.94
21.01.2017 16:24;919.8;920.62;919.3;920.62;1.52;1399.12;919.51
21.01.2017 16:25;919.32;919.32;919.32;919.32;0.13;116.76;919.32
21.01.2017 16:26;919.33;919.35;919.3;919.3;3.2;2940.64;919.31
21.01.2017 16:27;920.62;920.62;920.62;920.62;0.06;58.39;920.62
21.01.2017 16:28;0;0;0;0;0;0;0
21.01.2017 16:29;920.62;920.69;920.62;920.69;10.27;9451.7;920.69
21.01.2017 16:30;0;0;0;0;0;0;0
21.01.2017 16:31;919.95;920.69;919.95;920.69;0.14;128.17;920.16
21.01.2017 16:32;920.69;922.23;920.69;922.23;3;2766.19;922.06
21.01.2017 16:33;0;0;0;0;0;0;0
21.01.2017 16:34;0;0;0;0;0;0;0
21.01.2017 16:35;922.35;922.35;922.35;922.35;0.26;242.76;922.35
21.01.2017 16:36;922.35;922.35;922.35;922.35;0.09;86.98;922.35
21.01.2017 16:37;921.1;922.35;921.1;922.34;0.62;573.87;921.62
21.01.2017 16:38;0;0;0;0;0;0;0
21.01.2017 16:39;0;0;0;0;0;0;0
21.01.2017 16:40;921.29;922.32;921.29;922.32;0.11;100.23;921.88
21.01.2017 16:41;922.24;922.24;922.24;922.24;0.08;72.87;922.24
21.01.2017 16:42;0;0;0;0;0;0;0
21.01.2017 16:43;921.35;921.35;921.02;921.29;1.67;1542.17;921.23
21.01.2017 16:44;921.02;921.02;921;921;0.42;386.53;921.01
21.01.2017 16:45;0;0;0;0;0;0;0
21.01.2017 16:46;920.31;920.31;920.31;920.31;0.05;42.31;920.31
21.01.2017 16:47;0;0;0;0;0;0;0
21.01.2017 16:48;920.81;920.81;920.81;920.81;0.05;42.4;920.81
21.01.2017 16:49;920.81;920.81;920.81;920.81;0.11;101.27;920.81
21.01.2017 16:50;920.31;920.31;920.3;920.3;1.2;1104.78;920.3
21.01.2017 16:51;920.3;920.3;920.3;920.3;0.09;82.55;920.3
21.01.2017 16:52;0;0;0;0;0;0;0
21.01.2017 16:53;920.79;920.79;920.79;920.79;0.02;13.84;920.79
21.01.2017 16:54;920.31;920.31;920.31;920.31;0.08;74.38;920.31
21.01.2017 16:55;920.31;920.31;920.31;920.31;0.1;90.65;920.31
21.01.2017 16:56;920.31;920.31;919.3;919.3;15.03;13829.59;919.97
21.01.2017 16:57;919.3;919.76;919;919.16;22.84;20998.94;919.24
21.01.2017 16:58;918.83;918.83;918.83;918.83;0.01;9.19;918.83
21.01.2017 16:59;0;0;0;0;0;0;0
21.01.2017 17:00;920.19;920.19;920.19;920.19;2.28;2094;920.19
21.01.2017 17:01;920.12;920.12;920.12;920.12;2;1840.24;920.12
21.01.2017 17:02;918.22;918.22;918.21;918.21;0.2;184.56;918.22
21.01.2017 17:03;917.56;917.58;917;917.58;36.11;33112.54;917.03
21.01.2017 17:04;917.01;917.01;916.99;916.99;32.44;29749.81;917
21.01.2017 17:05;916.5;916.5;915.47;915.47;15.41;14115.99;915.99
21.01.2017 17:06;915.96;915.96;915.85;915.85;6.43;5893.83;915.96
21.01.2017 17:07;915.74;915.74;915.74;915.74;0.08;73.81;915.74
21.01.2017 17:08;915.69;915.91;915.69;915.91;5.17;4731.55;915.9
21.01.2017 17:09;915.79;915.79;915.79;915.79;5;4578.95;915.79
21.01.2017 17:10;0;0;0;0;0;0;0
21.01.2017 17:11;0;0;0;0;0;0;0
21.01.2017 17:12;915.71;915.76;915.71;915.76;2.13;1946.9;915.76
21.01.2017 17:13;915.76;915.77;915.76;915.77;6.02;5510.36;915.76
21.01.2017 17:14;915.77;916;915.77;916;2.78;2545.56;915.93
21.01.2017 17:15;916;916;915.7;915.7;4.34;3973.37;915.81
21.01.2017 17:16;916;916;916;916;0.06;52.16;916
21.01.2017 17:17;915.99;915.99;915.16;915.89;2.22;2037.1;915.74
21.01.2017 17:18;915.49;915.49;915.49;915.49;0.49;445.54;915.49
21.01.2017 17:19;0;0;0;0;0;0;0
21.01.2017 17:20;915.99;915.99;915.99;915.99;0.1;90.5;915.99
21.01.2017 17:21;915.44;915.44;915.44;915.44;0.5;457.67;915.44
21.01.2017 17:22;915.45;915.45;915.44;915.44;1.08;988.54;915.44
21.01.2017 17:23;915.4;915.44;915.03;915.44;6.08;5561.81;915.37
21.01.2017 17:24;915.44;915.44;915.27;915.27;23.19;21227.96;915.43
21.01.2017 17:25;915.44;915.44;915.44;915.44;6.02;5509.39;915.44
21.01.2017 17:26;915.44;915.45;915.33;915.45;8.91;8153.77;915.45
21.01.2017 17:27;916.16;916.16;916.16;916.16;0.97;885.93;916.16
21.01.2017 17:28;918.18;918.18;918.18;918.18;0.11;102.28;918.18
21.01.2017 17:29;918.18;918.18;918.18;918.18;1;918.18;918.18
21.01.2017 17:30;0;0;0;0;0;0;0
21.01.2017 17:31;917.95;918.16;917.95;918.16;1.45;1326.94;918.11
21.01.2017 17:32;918.16;918.16;918.16;918.16;0.02;20.84;918.16
21.01.2017 17:33;917.94;917.94;917.94;917.94;0.02;13.85;917.94
21.01.2017 17:34;917.88;917.88;917.88;917.88;10;9180.64;917.88
21.01.2017 17:35;0;0;0;0;0;0;0
21.01.2017 17:36;917.24;917.24;917.24;917.24;0.04;34.86;917.24
21.01.2017 17:37;0;0;0;0;0;0;0
21.01.2017 17:38;917.43;917.43;917.43;917.43;0.01;6.45;917.43
21.01.2017 17:39;917.88;917.88;917.88;917.88;3.35;3078.28;917.88
21.01.2017 17:40;0;0;0;0;0;0;0
21.01.2017 17:41;917.88;917.88;917.88;917.88;2.49;2282.2;917.88
21.01.2017 17:42;917.88;917.88;917.88;917.88;0.02;18.09;917.88
21.01.2017 17:43;917.88;917.88;917.88;917.88;0.32;293.13;917.88
21.01.2017 17:44;917.88;917.88;917.88;917.88;1.65;1515.88;917.88
21.01.2017 17:45;918.21;918.21;918.21;918.21;0.65;595.64;918.21
21.01.2017 17:46;918.21;918.21;918.21;918.21;2.32;2131.16;918.21
21.01.2017 17:47;918.21;918.21;918.21;918.21;6.12;5615.63;918.21
21.01.2017 17:48;918.21;918.22;918.21;918.22;1.56;1430.45;918.21
21.01.2017 17:49;918.4;918.81;918.4;918.81;16.17;14854;918.75
21.01.2017 17:50;0;0;0;0;0;0;0
21.01.2017 17:51;918.81;918.81;918.81;918.81;0.4;365.69;918.81
21.01.2017 17:52;918.81;918.81;918.81;918.81;2.02;1856.4;918.81
21.01.2017 17:53;918.81;918.81;918.43;918.81;10.54;9683.66;918.79
21.01.2017 17:54;918.81;918.81;918.57;918.81;17.17;15771.26;918.78
21.01.2017 17:55;918.81;918.81;918.81;918.81;0.04;33.57;918.81
21.01.2017 17:56;918.59;918.79;918.59;918.76;0.1;93.7;918.71
21.01.2017 17:57;918.6;918.6;918.59;918.59;1.69;1554.36;918.59
21.01.2017 17:58;0;0;0;0;0;0;0
21.01.2017 17:59;918.5;918.5;918.5;918.5;2;1837;918.5
21.01.2017 18:00;0;0;0;0;0;0;0
21.01.2017 18:01;918.79;918.79;918.79;918.79;0.2;183.5;918.79
21.01.2017 18:02;0;0;0;0;0;0;0
21.01.2017 18:03;918.64;918.79;918.64;918.79;1.51;1384.27;918.72
21.01.2017 18:04;918.81;918.81;918.74;918.81;12.73;11695.43;918.81
21.01.2017 18:05;919.11;919.12;919.11;919.12;9.4;8640.06;919.12
21.01.2017 18:06;0;0;0;0;0;0;0
21.01.2017 18:07;0;0;0;0;0;0;0
21.01.2017 18:08;0;0;0;0;0;0;0
21.01.2017 18:09;920.31;920.31;920.31;920.31;0.08;69.93;920.31
21.01.2017 18:10;919.61;919.61;919.61;919.61;0.03;30.01;919.61
21.01.2017 18:11;919.61;919.61;919.61;919.61;0.02;21.9;919.61
21.01.2017 18:12;919.62;920.31;919.62;920.31;8.33;7656.21;919.65
21.01.2017 18:13;919.59;919.59;919.59;919.59;2.81;2584.05;919.59
21.01.2017 18:14;919.99;919.99;919.99;919.99;0.03;28.72;919.99
21.01.2017 18:15;919.99;919.99;919.99;919.99;0.24;216.67;919.99
21.01.2017 18:16;0;0;0;0;0;0;0
21.01.2017 18:17;918.96;918.96;918.95;918.95;0.22;200.6;918.96
21.01.2017 18:18;919.85;919.86;919.54;919.54;14.35;13202.99;919.81
21.01.2017 18:19;919.99;919.99;919.89;919.89;1.01;929.09;919.89
21.01.2017 18:20;0;0;0;0;0;0;0
21.01.2017 18:21;919.87;919.87;919.87;919.87;0.02;14.69;919.87
21.01.2017 18:22;919.71;919.71;919.71;919.71;0.01;13.55;919.71
21.01.2017 18:23;919.71;919.71;919.71;919.71;0.02;15.81;919.71
21.01.2017 18:24;919.71;919.71;919.71;919.71;0.34;312.67;919.71
21.01.2017 18:25;919.87;919.87;919.72;919.72;0.38;349.71;919.83
21.01.2017 18:26;0;0;0;0;0;0;0
21.01.2017 18:27;919.87;919.87;919.87;919.87;6.68;6146.87;919.87
21.01.2017 18:28;919.87;919.87;919.87;919.87;0.43;399.05;919.87
21.01.2017 18:29;919.83;919.83;919.83;919.83;0.03;29.45;919.83
21.01.2017 18:30;0;0;0;0;0;0;0
21.01.2017 18:31;919.87;919.87;919.83;919.86;1.65;1520.76;919.85
21.01.2017 18:32;919.87;919.87;919.87;919.87;0.34;312.69;919.87
21.01.2017 18:33;919.87;920;919.86;920;2.95;2709.17;919.87
21.01.2017 18:34;920;920.31;919.92;920;12;11035.87;920.02
21.01.2017 18:35;920;921;920;920.99;5.96;5485.33;920.95
21.01.2017 18:36;920.6;920.78;919.98;920.03;0.13;118.51;920.45
21.01.2017 18:37;0;0;0;0;0;0;0
21.01.2017 18:38;0;0;0;0;0;0;0
21.01.2017 18:39;921.16;921.16;920.02;920.02;1.49;1368.91;920.32
21.01.2017 18:40;920.89;920.89;920.89;920.89;0.04;40;920.89
21.01.2017 18:41;920.89;920.89;920.04;920.04;15.31;14083.93;920.04
21.01.2017 18:42;0;0;0;0;0;0;0
21.01.2017 18:43;920.72;920.72;920.12;920.12;0.83;767.81;920.13
21.01.2017 18:44;920.12;920.12;920.12;920.12;2.72;2501.81;920.12
21.01.2017 18:45;920.12;920.12;920.12;920.12;0.03;30.36;920.12
21.01.2017 18:46;920.62;920.64;920.62;920.64;0.23;213.56;920.63
21.01.2017 18:47;0;0;0;0;0;0;0
21.01.2017 18:48;0;0;0;0;0;0;0
21.01.2017 18:49;920.27;920.28;920.27;920.28;0.29;262.83;920.28
21.01.2017 18:50;920.34;920.34;920.34;920.34;0.02;16.18;920.34
21.01.2017 18:51;920.61;920.61;920.61;920.61;0.25;234.42;920.61
21.01.2017 18:52;920.35;920.64;920.35;920.64;0.08;71.54;920.52
21.01.2017 18:53;920.58;920.58;920.57;920.57;0.35;321.02;920.57
21.01.2017 18:54;920.56;920.56;920.56;920.56;0.22;206.3;920.56
21.01.2017 18:55;920;920.01;920;920.01;0.07;61.47;920.01
21.01.2017 18:56;920.56;920.56;920.56;920.56;0.04;40.78;920.56
21.01.2017 18:57;920.57;920.57;920.33;920.33;0.15;138.12;920.39
21.01.2017 18:58;0;0;0;0;0;0;0
21.01.2017 18:59;0;0;0;0;0;0;0
21.01.2017 19:00;920.33;920.56;920.33;920.56;2.78;2556.88;920.33
21.01.2017 19:01;920.56;920.56;920.56;920.56;30;27616.8;920.56
21.01.2017 19:02;920.56;920.73;920.56;920.73;10.3;9478.96;920.57
21.01.2017 19:03;920.73;920.73;920.73;920.73;0.08;71.91;920.73
21.01.2017 19:04;920.54;920.73;920.54;920.61;7.73;7119.93;920.61
21.01.2017 19:05;920.63;920.63;920.63;920.63;0.56;519.12;920.63
21.01.2017 19:06;919.99;920;919.72;920;65.91;60636.85;919.99
21.01.2017 19:07;919.72;920.15;919.72;919.72;12.35;11354.17;919.72
21.01.2017 19:08;919.72;920.15;919.72;920.15;0.27;245.57;919.76
21.01.2017 19:09;920.15;920.15;920.15;920.15;5.15;4735.88;920.15
21.01.2017 19:10;920.15;920.15;919.72;919.72;0.23;208.32;920.1
21.01.2017 19:11;920.15;920.15;920.15;920.15;1.09;1006.17;920.15
21.01.2017 19:12;920.15;920.15;920.15;920.15;0.01;5.44;920.15
21.01.2017 19:13;920.15;920.15;920.15;920.15;0.02;16.84;920.15
21.01.2017 19:14;920.15;920.15;919.72;919.72;0.03;29.48;920.02
21.01.2017 19:15;920.15;920.15;920.15;920.15;0.01;10.86;920.15
21.01.2017 19:16;920.1;920.1;920.1;920.1;0.01;9.2;920.1
21.01.2017 19:17;920.01;920.15;920.01;920.15;0.03;27.6;920.1
21.01.2017 19:18;0;0;0;0;0;0;0
21.01.2017 19:19;0;0;0;0;0;0;0
21.01.2017 19:20;0;0;0;0;0;0;0
21.01.2017 19:21;920.15;920.15;920.15;920.15;6.63;6104.2;920.15
21.01.2017 19:22;920.01;920.01;919.72;919.72;1.15;1061.33;919.73
21.01.2017 19:23;0;0;0;0;0;0;0
21.01.2017 19:24;0;0;0;0;0;0;0
21.01.2017 19:25;0;0;0;0;0;0;0
21.01.2017 19:26;0;0;0;0;0;0;0
21.01.2017 19:27;920.15;920.15;920.15;920.15;0.06;53.42;920.15
21.01.2017 19:28;920.15;920.15;920.15;920.15;0.42;382.96;920.15
21.01.2017 19:29;920.15;920.15;920.15;920.15;0.37;339.2;920.15
21.01.2017 19:30;919.72;920.15;919.72;920.15;0.78;721.93;919.92
21.01.2017 19:31;920.15;920.15;920.15;920.15;0.08;71.93;920.15
21.01.2017 19:32;0;0;0;0;0;0;0
21.01.2017 19:33;0;0;0;0;0;0;0
21.01.2017 19:34;920.15;920.15;920.15;920.15;0.1;90.54;920.15
21.01.2017 19:35;920.15;920.15;919.72;919.72;0.22;199.92;919.94
21.01.2017 19:36;919.72;919.72;919.72;919.72;3.28;3016.68;919.72
21.01.2017 19:37;920.15;920.15;920.15;920.15;0.01;10.42;920.15
21.01.2017 19:38;0;0;0;0;0;0;0
21.01.2017 19:39;920.15;920.15;919.72;920.15;0.38;351.37;919.94
21.01.2017 19:40;920.15;920.15;920.15;920.15;0.05;49.86;920.15
21.01.2017 19:41;0;0;0;0;0;0;0
21.01.2017 19:42;0;0;0;0;0;0;0
21.01.2017 19:43;920;920;920;920;0.05;44.33;920
21.01.2017 19:44;920;920;920;920;0.11;104.27;920
21.01.2017 19:45;919.72;920;919.72;920;1.19;1099.06;919.73
21.01.2017 19:46;0;0;0;0;0;0;0
21.01.2017 19:47;0;0;0;0;0;0;0
21.01.2017 19:48;0;0;0;0;0;0;0
21.01.2017 19:49;919.72;919.72;919.72;919.72;5;4598.6;919.72
21.01.2017 19:50;0;0;0;0;0;0;0
21.01.2017 19:51;920;920;920;920;0.1;92;920
21.01.2017 19:52;0;0;0;0;0;0;0
21.01.2017 19:53;920;920;919.72;920;5.35;4921.34;919.73
21.01.2017 19:54;920;920;920;920;0.03;27.25;920
21.01.2017 19:55;920;920;920;920;0.01;12.51;920
21.01.2017 19:56;920;920;920;920;5.44;5003.42;920
21.01.2017 19:57;920;920;920;920;0.2;181.46;920
21.01.2017 19:58;920;920.73;920;920.73;4.88;4486.37;920
21.01.2017 19:59;919.73;919.73;919.73;919.73;0.09;82.37;919.73
21.01.2017 20:00;920.73;920.73;920.73;920.73;0.01;10.43;920.73
21.01.2017 20:01;920.73;920.73;920.73;920.73;0.09;80.16;920.73
21.01.2017 20:02;0;0;0;0;0;0;0
21.01.2017 20:03;920.73;920.73;920.73;920.73;0.21;194.01;920.73
21.01.2017 20:04;920.74;920.74;920.72;920.72;0.25;226.25;920.73
21.01.2017 20:05;919.81;919.81;919.81;919.81;0.24;220.39;919.81
21.01.2017 20:06;919.81;920.72;919.81;920.72;0.32;296;920.55
21.01.2017 20:07;919.81;920.72;919.81;920.72;0.18;169.7;919.96
21.01.2017 20:08;920.72;920.72;920.72;920.72;0.03;24.13;920.72
21.01.2017 20:09;0;0;0;0;0;0;0
21.01.2017 20:10;919.81;920.74;919.8;920.74;7.16;6589.58;920.71
21.01.2017 20:11;920.73;920.73;920.73;920.73;0.03;30.15;920.73
21.01.2017 20:12;920.74;920.74;920.74;920.74;0.3;280.5;920.74
21.01.2017 20:13;920.74;920.74;920.74;920.74;0.91;840.35;920.74
21.01.2017 20:14;0;0;0;0;0;0;0
21.01.2017 20:15;0;0;0;0;0;0;0
21.01.2017 20:16;920.73;920.74;920.73;920.74;1.12;1031.58;920.73
21.01.2017 20:17;920.73;920.73;920.73;920.73;0.04;36.88;920.73
21.01.2017 20:18;920.74;920.74;920.74;920.74;0.3;279.3;920.74
21.01.2017 20:19;0;0;0;0;0;0;0
21.01.2017 20:20;920.73;920.73;920.73;920.73;0.14;128.48;920.73
21.01.2017 20:21;920.74;920.74;920.74;920.74;1.08;997.61;920.74
21.01.2017 20:22;920.73;920.73;920.73;920.73;2.18;2006.27;920.73
21.01.2017 20:23;0;0;0;0;0;0;0
21.01.2017 20:24;920.74;920.74;920.73;920.73;0.44;401.26;920.73
21.01.2017 20:25;920.73;920.73;920.73;920.73;0.41;380.98;920.73
21.01.2017 20:26;0;0;0;0;0;0;0
21.01.2017 20:27;0;0;0;0;0;0;0
21.01.2017 20:28;920.73;920.74;920.73;920.74;0.22;207.01;920.74
21.01.2017 20:29;0;0;0;0;0;0;0
21.01.2017 20:30;920.74;920.74;920.74;920.74;0.1;88.68;920.74
21.01.2017 20:31;920.74;922;920.74;922;17.27;15911.62;921.27
21.01.2017 20:32;922.22;922.22;922.22;922.22;0.72;664.77;922.22
21.01.2017 20:33;0;0;0;0;0;0;0
21.01.2017 20:34;0;0;0;0;0;0;0
21.01.2017 20:35;922.22;922.22;922;922;10.06;9277.93;922.22
21.01.2017 20:36;922.22;922.22;922.22;922.22;0.35;321.27;922.22
21.01.2017 20:37;922;922;922;922;0.23;210.66;922
21.01.2017 20:38;922;922;922;922;0.08;73.34;922
21.01.2017 20:39;922.09;922.09;922.09;922.09;0.02;22.16;922.09
21.01.2017 20:40;922;922;922;922;0.03;26.74;922
21.01.2017 20:41;0;0;0;0;0;0;0
21.01.2017 20:42;922;922;922;922;0.01;9.22;922
21.01.2017 20:43;922.09;922.22;922;922;3.96;3651.67;922.11
21.01.2017 20:44;922.21;922.42;922.21;922.42;4.09;3770.24;922.41
21.01.2017 20:45;0;0;0;0;0;0;0
21.01.2017 20:46;922.47;923.23;922.47;923.23;6.79;6268.63;922.76
21.01.2017 20:47;0;0;0;0;0;0;0
21.01.2017 20:48;922.94;922.94;922.94;922.94;0.13;118;922.94
21.01.2017 20:49;0;0;0;0;0;0;0
21.01.2017 20:50;0;0;0;0;0;0;0
21.01.2017 20:51;923.07;923.07;923.07;923.07;0.06;58.47;923.07
21.01.2017 20:52;923.07;923.22;923.07;923.22;0.05;42.87;923.2
21.01.2017 20:53;0;0;0;0;0;0;0
21.01.2017 20:54;0;0;0;0;0;0;0
21.01.2017 20:55;923.07;923.22;923.07;923.22;0.16;145.91;923.15
21.01.2017 20:56;923.22;923.23;923.22;923.23;0.74;678.6;923.22
21.01.2017 20:57;923.22;923.22;923.21;923.22;0.06;51.83;923.22
21.01.2017 20:58;923.22;923.66;923.22;923.5;1.47;1359.65;923.27
21.01.2017 20:59;923.66;923.66;923.57;923.58;0.1;92.57;923.59
21.01.2017 21:00;923.59;924;923.59;924;1.87;1729.76;923.66
21.01.2017 21:01;0;0;0;0;0;0;0
21.01.2017 21:02;924.11;925;924.11;925;20;18499.29;924.96
21.01.2017 21:03;924.01;924.01;924.01;924.01;0.06;58.21;924.01
21.01.2017 21:04;924.01;924.99;923.94;924.99;1.48;1364.69;924.08
21.01.2017 21:05;924.99;925;924;925;0.24;217.91;924.91
21.01.2017 21:06;925;925;925;925;0.02;18.13;925
21.01.2017 21:07;0;0;0;0;0;0;0
21.01.2017 21:08;924.03;924.03;924.03;924.03;0.02;18.27;924.03
21.01.2017 21:09;0;0;0;0;0;0;0
21.01.2017 21:10;924.4;924.4;924.4;924.4;0.14;132.63;924.4
21.01.2017 21:11;924.4;924.4;923.23;923.23;0.03;25.57;923.51
21.01.2017 21:12;923.23;923.23;923.23;923.23;0.06;53.55;923.23
21.01.2017 21:13;924.4;924.4;924.4;924.4;0.14;132.51;924.4
21.01.2017 21:14;0;0;0;0;0;0;0
21.01.2017 21:15;923.68;923.68;923.68;923.68;0.22;207.16;923.68
21.01.2017 21:16;923.38;923.38;923.38;923.38;0.23;212.37;923.38
21.01.2017 21:17;924.52;924.52;924.52;924.52;0.02;20.85;924.52
21.01.2017 21:18;924.52;924.66;924.52;924.66;3;2773.95;924.65
21.01.2017 21:19;0;0;0;0;0;0;0
21.01.2017 21:20;0;0;0;0;0;0;0
21.01.2017 21:21;923.22;924.45;923.11;923.11;0.27;251.8;923.4
21.01.2017 21:22;923.26;923.26;923.22;923.22;0.88;808.99;923.25
21.01.2017 21:23;923.11;923.11;923.11;923.11;0.07;66.8;923.11
21.01.2017 21:24;0;0;0;0;0;0;0
21.01.2017 21:25;0;0;0;0;0;0;0
21.01.2017 21:26;0;0;0;0;0;0;0
21.01.2017 21:27;923.11;923.11;923.11;923.11;0.16;150.89;923.11
21.01.2017 21:28;0;0;0;0;0;0;0
21.01.2017 21:29;0;0;0;0;0;0;0
21.01.2017 21:30;924.45;924.45;924.45;924.45;0.02;19.82;924.45
21.01.2017 21:31;924.45;925;924.45;925;40.01;37011.79;924.99
21.01.2017 21:32;923.47;923.49;923.47;923.49;0.57;529.72;923.47
21.01.2017 21:33;0;0;0;0;0;0;0
21.01.2017 21:34;0;0;0;0;0;0;0
21.01.2017 21:35;924.97;924.97;924.97;924.97;0.02;19.61;924.97
21.01.2017 21:36;0;0;0;0;0;0;0
21.01.2017 21:37;925;925;925;925;0.02;18.5;925
21.01.2017 21:38;924.99;924.99;924.99;924.99;0.1;93.11;924.99
21.01.2017 21:39;925;925;924.99;924.99;0.57;528.56;924.99
21.01.2017 21:40;923.77;923.77;923.77;923.77;0.05;49.88;923.77
21.01.2017 21:41;0;0;0;0;0;0;0
21.01.2017 21:42;0;0;0;0;0;0;0
21.01.2017 21:43;0;0;0;0;0;0;0
21.01.2017 21:44;925;925;925;925;0.1;92.5;925
21.01.2017 21:45;0;0;0;0;0;0;0
21.01.2017 21:46;923.77;923.77;923.32;923.32;0.32;294.32;923.39
21.01.2017 21:47;0;0;0;0;0;0;0
21.01.2017 21:48;0;0;0;0;0;0;0
21.01.2017 21:49;924.95;924.95;924.95;924.95;0.02;16.22;924.95
21.01.2017 21:50;0;0;0;0;0;0;0
21.01.2017 21:51;0;0;0;0;0;0;0
21.01.2017 21:52;924.95;924.95;924.95;924.95;0.35;319.12;924.95
21.01.2017 21:53;923.49;923.49;923.49;923.49;0.01;9.23;923.49
21.01.2017 21:54;924.95;924.95;924.95;924.95;0.22;199.52;924.95
21.01.2017 21:55;0;0;0;0;0;0;0
21.01.2017 21:56;0;0;0;0;0;0;0
21.01.2017 21:57;924.95;924.95;924.95;924.95;0.01;12.07;924.95
21.01.2017 21:58;924.95;924.95;924.95;924.95;0.05;44.34;924.95
21.01.2017 21:59;0;0;0;0;0;0;0
21.01.2017 22:00;0;0;0;0;0;0;0
21.01.2017 22:01;924.95;924.95;924.95;924.95;0.01;9.18;924.95
21.01.2017 22:02;0;0;0;0;0;0;0
21.01.2017 22:03;0;0;0;0;0;0;0
21.01.2017 22:04;0;0;0;0;0;0;0
21.01.2017 22:05;924.95;924.97;924.95;924.97;0.13;124.7;924.96
21.01.2017 22:06;0;0;0;0;0;0;0
21.01.2017 22:07;924.66;924.66;923.71;923.71;0.46;425.55;924.43
21.01.2017 22:08;0;0;0;0;0;0;0
21.01.2017 22:09;923.69;924.28;923.1;924.28;6.58;6079.7;923.28
21.01.2017 22:10;924.27;924.27;920.78;920.78;26.99;24884.81;922.09
21.01.2017 22:11;923.56;923.56;923.56;923.56;0.09;87.7;923.56
21.01.2017 22:12;0;0;0;0;0;0;0
21.01.2017 22:13;923.21;923.21;922.28;922.28;1.15;1061.11;922.42
21.01.2017 22:14;924.04;924.25;922.14;922.14;0.13;122.53;923.8
21.01.2017 22:15;0;0;0;0;0;0;0
21.01.2017 22:16;0;0;0;0;0;0;0
21.01.2017 22:17;0;0;0;0;0;0;0
21.01.2017 22:18;0;0;0;0;0;0;0
21.01.2017 22:19;924;924;924;924;0.27;251.37;924
21.01.2017 22:20;924.16;924.16;924.16;924.16;0.11;99.76;924.16
21.01.2017 22:21;0;0;0;0;0;0;0
21.01.2017 22:22;922.41;922.41;922.41;922.41;0.02;20.29;922.41
21.01.2017 22:23;924.19;924.19;922.3;923.92;0.99;911.62;922.54
21.01.2017 22:24;0;0;0;0;0;0;0
21.01.2017 22:25;921.94;921.94;921.94;921.94;0.04;38.88;921.94
21.01.2017 22:26;0;0;0;0;0;0;0
21.01.2017 22:27;922.35;922.35;922.35;922.35;0.15;138.35;922.35
21.01.2017 22:28;922.35;922.35;922.35;922.35;0.03;27.67;922.35
21.01.2017 22:29;0;0;0;0;0;0;0
21.01.2017 22:30;922.34;923.68;922.34;923.68;0.57;524.05;923.27
21.01.2017 22:31;923.9;923.9;923.9;923.9;0.24;221.74;923.9
21.01.2017 22:32;923.92;923.92;923.88;923.88;2.19;2021.44;923.88
21.01.2017 22:33;923.96;923.96;923.96;923.96;0.02;16.87;923.96
21.01.2017 22:34;922.39;923.9;922.39;923.9;0.17;158.37;923.44
21.01.2017 22:35;923.88;923.92;923.88;923.92;0.3;274.61;923.89
21.01.2017 22:36;0;0;0;0;0;0;0
21.01.2017 22:37;0;0;0;0;0;0;0
21.01.2017 22:38;0;0;0;0;0;0;0
21.01.2017 22:39;923.4;923.4;923.4;923.4;0.05;45.46;923.4
21.01.2017 22:40;923.4;923.4;923.4;923.4;0.09;84.8;923.4
21.01.2017 22:41;923.4;923.4;922.54;922.54;0.57;524.46;923.3
21.01.2017 22:42;0;0;0;0;0;0;0
21.01.2017 22:43;0;0;0;0;0;0;0
21.01.2017 22:44;0;0;0;0;0;0;0
21.01.2017 22:45;0;0;0;0;0;0;0
21.01.2017 22:46;923.39;923.39;923.39;923.39;0.27;249.4;923.39
21.01.2017 22:47;922.74;922.77;922.74;922.77;0.04;36.91;922.76
21.01.2017 22:48;922.8;923.39;922.8;923.39;0.19;178.11;923.33
21.01.2017 22:49;922.85;922.89;922.85;922.89;0.04;36.91;922.87
21.01.2017 22:50;922.92;922.92;922.91;922.91;0.06;55.38;922.92
21.01.2017 22:51;922.91;923.39;922.91;922.91;0.17;160.56;923.22
21.01.2017 22:52;922.91;922.91;922.91;922.91;0.02;18.46;922.91
21.01.2017 22:53;922.91;922.91;922.59;922.59;2.87;2648.58;922.84
21.01.2017 22:54;923.19;923.19;920.75;922.35;3.41;3143.45;921.57
21.01.2017 22:55;0;0;0;0;0;0;0
21.01.2017 22:56;0;0;0;0;0;0;0
21.01.2017 22:57;0;0;0;0;0;0;0
21.01.2017 22:58;0;0;0;0;0;0;0
21.01.2017 22:59;922.35;922.35;922.35;922.35;0.09;83.71;922.35
21.01.2017 23:00;922.35;922.35;922.35;922.35;0.02;18.08;922.35
21.01.2017 23:01;0;0;0;0;0;0;0
21.01.2017 23:02;922.35;922.36;922.35;922.36;0.01;10.42;922.35
21.01.2017 23:03;0;0;0;0;0;0;0
21.01.2017 23:04;0;0;0;0;0;0;0
21.01.2017 23:05;921.32;922.36;921.32;922.36;0.05;42.33;921.68
21.01.2017 23:06;922.36;922.36;922.36;922.36;0.08;75.38;922.36
21.01.2017 23:07;922.36;922.36;922.36;922.36;0.52;477.29;922.36
21.01.2017 23:08;0;0;0;0;0;0;0
21.01.2017 23:09;0;0;0;0;0;0;0
21.01.2017 23:10;0;0;0;0;0;0;0
21.01.2017 23:11;921.35;922.13;921.28;922.13;1.6;1473.62;921.34
21.01.2017 23:12;0;0;0;0;0;0;0
21.01.2017 23:13;921.89;921.9;921.89;921.9;0.28;260.39;921.89
21.01.2017 23:14;0;0;0;0;0;0;0
21.01.2017 23:15;0;0;0;0;0;0;0
21.01.2017 23:16;0;0;0;0;0;0;0
21.01.2017 23:17;921.9;921.9;921.9;921.9;1;921.9;921.9
21.01.2017 23:18;0;0;0;0;0;0;0
21.01.2017 23:19;0;0;0;0;0;0;0
21.01.2017 23:20;0;0;0;0;0;0;0
21.01.2017 23:21;921.89;921.9;921.89;921.9;0.02;14.9;921.89
21.01.2017 23:22;0;0;0;0;0;0;0
21.01.2017 23:23;921.9;921.9;921.9;921.9;0.02;19.8;921.9
21.01.2017 23:24;0;0;0;0;0;0;0
21.01.2017 23:25;921.9;921.9;921.9;921.9;0.25;234.47;921.9
21.01.2017 23:26;921.9;921.9;921.14;921.14;0.43;400.26;921.21
21.01.2017 23:27;921.27;921.27;921.27;921.27;0.03;29.25;921.27
21.01.2017 23:28;921.31;921.31;921.1;921.1;2.15;1977.04;921.12
21.01.2017 23:29;0;0;0;0;0;0;0
21.01.2017 23:30;921.87;921.87;921.87;921.87;0.19;179.18;921.87
21.01.2017 23:31;0;0;0;0;0;0;0
21.01.2017 23:32;0;0;0;0;0;0;0
21.01.2017 23:33;0;0;0;0;0;0;0
21.01.2017 23:34;921.87;921.88;921.87;921.88;0.26;241.12;921.88
21.01.2017 23:35;921.86;921.86;921.86;921.86;0.04;33.62;921.86
21.01.2017 23:36;921.86;921.86;921.86;921.86;0.32;293.7;921.86
21.01.2017 23:37;921.5;921.5;921.39;921.39;0.97;893.76;921.4
21.01.2017 23:38;921.86;921.88;921.86;921.88;5.54;5107.21;921.88
21.01.2017 23:39;0;0;0;0;0;0;0
21.01.2017 23:40;921.87;921.87;921.87;921.87;0.16;151.32;921.87
21.01.2017 23:41;921.55;921.55;921.55;921.55;0.02;20.11;921.55
21.01.2017 23:42;0;0;0;0;0;0;0
21.01.2017 23:43;921.87;921.88;921.87;921.88;1.01;927.41;921.88
21.01.2017 23:44;921.9;921.9;921.9;921.9;0.37;338.25;921.9
21.01.2017 23:45;921.91;921.91;921.91;921.91;0.03;23.97;921.91
21.01.2017 23:46;922.05;922.05;922;922;2.56;2358.09;922.03
21.01.2017 23:47;921.94;923.18;920.73;923.18;33.71;31043.19;920.83
21.01.2017 23:48;922.49;922.49;920.93;920.93;1.14;1049.84;921.27
21.01.2017 23:49;922.2;922.2;922.2;922.2;0.17;156.11;922.2
21.01.2017 23:50;921.02;921.99;921.02;921.99;0.29;265.95;921.08
21.01.2017 23:51;0;0;0;0;0;0;0
21.01.2017 23:52;921.99;922;921.99;922;0.38;353.06;921.99
21.01.2017 23:53;0;0;0;0;0;0;0
21.01.2017 23:54;921.99;921.99;921.98;921.98;0.54;500.64;921.99
21.01.2017 23:55;0;0;0;0;0;0;0
21.01.2017 23:56;0;0;0;0;0;0;0
21.01.2017 23:57;0;0;0;0;0;0;0
21.01.2017 23:58;0;0;0;0;0;0;0
21.01.2017 23:59;0;0;0;0;0;0;0
22.01.2017 00:00;921.98;922;921.98;922;0.78;720.98;922
22.01.2017 00:01;922;922;922;922;0.12;112.45;922
22.01.2017 00:02;922;922;922;922;0.02;17.36;922
22.01.2017 00:03;0;0;0;0;0;0;0
22.01.2017 00:04;0;0;0;0;0;0;0
22.01.2017 00:05;922;922;922;922;5;4610;922
22.01.2017 00:06;0;0;0;0;0;0;0
22.01.2017 00:07;922;922;922;922;2.77;2554.01;922
22.01.2017 00:08;0;0;0;0;0;0;0
22.01.2017 00:09;922;922;922;922;0.52;475.54;922
22.01.2017 00:10;922;922;922;922;0.09;87.06;922
22.01.2017 00:11;0;0;0;0;0;0;0
22.01.2017 00:12;0;0;0;0;0;0;0
22.01.2017 00:13;922;922;922;922;2.17;2001;922
22.01.2017 00:14;922.07;924.27;922.07;924.27;2.86;2639.51;922.57
22.01.2017 00:15;0;0;0;0;0;0;0
22.01.2017 00:16;0;0;0;0;0;0;0
22.01.2017 00:17;0;0;0;0;0;0;0
22.01.2017 00:18;0;0;0;0;0;0;0
22.01.2017 00:19;0;0;0;0;0;0;0
22.01.2017 00:20;924.25;924.25;924.25;924.25;0.18;167.12;924.25
22.01.2017 00:21;924.25;924.25;924.25;924.25;0.01;9.36;924.25
22.01.2017 00:22;924.25;924.25;924.25;924.25;11.87;10974.54;924.25
22.01.2017 00:23;924.2;924.27;924.2;924.27;10.18;9406.93;924.27
22.01.2017 00:24;924.49;925;924.49;925;18.9;17480.16;924.93
22.01.2017 00:25;925;925;925;925;6.37;5889.51;925
22.01.2017 00:26;925;925.03;925;925.03;20.95;19382.23;925
22.01.2017 00:27;925.92;926;925.75;925.75;33.35;30883.95;925.96
22.01.2017 00:28;926;926;926;926;23;21298;926
22.01.2017 00:29;0;0;0;0;0;0;0
22.01.2017 00:30;926;926.5;926;926.29;16.8;15565.58;926.47
22.01.2017 00:31;926.29;926.5;926.29;926.5;0.28;256.74;926.33
22.01.2017 00:32;0;0;0;0;0;0;0
22.01.2017 00:33;926.49;926.49;926.49;926.49;0.82;761.1;926.49
22.01.2017 00:34;926.5;926.5;926.5;926.5;2.12;1960.74;926.5
22.01.2017 00:35;926.5;926.5;926.5;926.5;0.22;199.6;926.5
22.01.2017 00:36;926.5;926.5;926.5;926.5;2;1853;926.5
22.01.2017 00:37;0;0;0;0;0;0;0
22.01.2017 00:38;926.5;926.5;926.5;926.5;2.4;2225.7;926.5
22.01.2017 00:39;0;0;0;0;0;0;0
22.01.2017 00:40;926.5;926.5;926.49;926.5;2.28;2108.88;926.5
22.01.2017 00:41;926.5;927.11;926.5;927.11;104.9;97227.9;926.86
22.01.2017 00:42;927;928;927;928;80.32;74532.45;927.95
22.01.2017 00:43;927.89;928;927.89;928;2.47;2292.56;927.91
22.01.2017 00:44;928;928;928;928;2.04;1895.9;928
22.01.2017 00:45;928;928.7;928;928.7;10.76;9987.01;928.09
22.01.2017 00:46;928.7;929.39;928.7;929.21;15.2;14126.21;929.14
22.01.2017 00:47;929.23;929.38;929.04;929.04;12.45;11572.26;929.18
22.01.2017 00:48;929.33;929.39;929.33;929.39;2;1858.75;929.37
22.01.2017 00:49;928.57;928.57;928.57;928.57;0.49;452.72;928.57
22.01.2017 00:50;929.36;929.36;927;928.18;14.37;13341.28;928.2
22.01.2017 00:51;0;0;0;0;0;0;0
22.01.2017 00:52;928.18;929.38;927.98;928.99;18.81;17462.66;928.43
22.01.2017 00:53;928.99;928.99;928.99;928.99;5.38;4994.51;928.99
22.01.2017 00:54;928.99;929.39;928.99;929.38;13.8;12821.97;929.38
22.01.2017 00:55;929.38;929.39;929.38;929.39;1.29;1198.68;929.38
22.01.2017 00:56;929.39;929.39;929.39;929.39;53.64;49856.26;929.39
22.01.2017 00:57;929.39;929.39;928;928;3.89;3611.65;928.16
22.01.2017 00:58;929.38;929.39;929.38;929.39;2;1858.78;929.39
22.01.2017 00:59;929.39;929.39;929.39;929.39;0.84;784.98;929.39
22.01.2017 01:00;929.39;929.39;929.39;929.39;0.19;177.76;929.39
22.01.2017 01:01;0;0;0;0;0;0;0
22.01.2017 01:02;0;0;0;0;0;0;0
22.01.2017 01:03;929.39;929.39;929.39;929.39;2.63;2446.09;929.39
22.01.2017 01:04;929.39;929.39;929.39;929.39;0.02;14.77;929.39
22.01.2017 01:05;929.38;929.38;929.38;929.38;0.03;23.96;929.38
22.01.2017 01:06;928.88;928.88;928.88;928.88;0.1;89.64;928.88
22.01.2017 01:07;0;0;0;0;0;0;0
22.01.2017 01:08;0;0;0;0;0;0;0
22.01.2017 01:09;929;929;929;929;3.05;2836.49;929
22.01.2017 01:10;0;0;0;0;0;0;0
22.01.2017 01:11;928.91;929;928.91;929;1.51;1403.63;928.94
22.01.2017 01:12;929;929.03;929;929.03;0.63;588.87;929.01
22.01.2017 01:13;929.03;929.03;929.03;929.03;0.02;14.78;929.03
22.01.2017 01:14;929.39;929.39;929.02;929.02;0.69;640.86;929.04
22.01.2017 01:15;929.39;929.39;929.39;929.39;0.01;9.29;929.39
22.01.2017 01:16;929.39;929.39;929.39;929.39;0.11;103.95;929.39
22.01.2017 01:17;0;0;0;0;0;0;0
22.01.2017 01:18;929.29;929.39;929.29;929.39;0.63;580.95;929.38
22.01.2017 01:19;929.02;929.02;929;929;1.84;1713.84;929
22.01.2017 01:20;929.16;929.29;929.16;929.29;20;18584.58;929.23
22.01.2017 01:21;0;0;0;0;0;0;0
22.01.2017 01:22;928.05;928.05;927.02;928.05;4.15;3845.3;927.36
22.01.2017 01:23;928.82;928.85;928.82;928.85;1.2;1115.85;928.84
22.01.2017 01:24;928.85;929.21;928.85;929.21;2.85;2644.42;928.94
22.01.2017 01:25;928.98;928.99;928.98;928.98;9.6;8921.2;928.99
22.01.2017 01:26;928.99;928.99;928.8;928.8;2.17;2018.3;928.98
22.01.2017 01:27;928.8;928.99;928.8;928.99;6.67;6199.62;928.94
22.01.2017 01:28;928.99;929.39;928.99;929.39;22.63;21030.38;929.22
22.01.2017 01:29;929.39;929.84;929.39;929.84;18.98;17638.3;929.44
22.01.2017 01:30;929.97;929.99;929.97;929.99;20;18599.8;929.99
22.01.2017 01:31;929.99;930;929.99;930;49.52;46053.26;929.99
22.01.2017 01:32;0;0;0;0;0;0;0
22.01.2017 01:33;929.86;929.86;929.86;929.86;0.04;38.07;929.86
22.01.2017 01:34;929.86;930;929.13;929.13;2.62;2439.92;929.63
22.01.2017 01:35;929.91;929.91;929.91;929.91;0.02;19.69;929.91
22.01.2017 01:36;0;0;0;0;0;0;0
22.01.2017 01:37;929.91;929.91;929.91;929.91;0.19;180.3;929.91
22.01.2017 01:38;929.92;929.94;929.92;929.94;3.65;3394.27;929.94
22.01.2017 01:39;929.94;929.94;929.94;929.94;0.94;870.39;929.94
22.01.2017 01:40;929.92;929.92;929.91;929.91;1.81;1682.32;929.92
22.01.2017 01:41;929.93;929.93;929.93;929.93;11;10229.23;929.93
22.01.2017 01:42;928.88;929.5;928.88;929.5;0.04;33.82;929.4
22.01.2017 01:43;929.5;929.5;929.5;929.5;0.09;84.23;929.5
22.01.2017 01:44;929.5;929.5;929.5;929.5;0.19;174.58;929.5
22.01.2017 01:45;0;0;0;0;0;0;0
22.01.2017 01:46;929.5;929.5;929.5;929.5;27;25096.5;929.5
22.01.2017 01:47;929.03;929.03;929.03;929.03;0.15;142.07;929.03
22.01.2017 01:48;0;0;0;0;0;0;0
22.01.2017 01:49;928.84;928.84;928.83;928.83;0.25;235.58;928.83
22.01.2017 01:50;929.49;929.5;929.13;929.13;0.51;478.39;929.32
22.01.2017 01:51;929.13;929.13;929.13;929.13;0.17;158.91;929.13
22.01.2017 01:52;0;0;0;0;0;0;0
22.01.2017 01:53;929.13;929.5;929.13;929.5;0.13;117.7;929.18
22.01.2017 01:54;929.5;929.5;929.5;929.5;0.02;14.77;929.5
22.01.2017 01:55;929.13;929.13;929.13;929.13;0.03;26.02;929.13
22.01.2017 01:56;929.13;929.5;928.16;929.5;2.14;1989.59;928.6
22.01.2017 01:57;0;0;0;0;0;0;0
22.01.2017 01:58;928.44;928.44;928.44;928.44;0.03;25.9;928.44
22.01.2017 01:59;928.08;928.08;928;928;32.92;30550.6;928.03
22.01.2017 02:00;929.27;929.27;929.27;929.27;0.28;262.5;929.27
22.01.2017 02:01;929.49;929.49;929.49;929.49;0.04;34.13;929.49
22.01.2017 02:02;929.05;929.85;929.05;929.85;10;9297.47;929.75
22.01.2017 02:03;928.05;929.56;927;929.56;124.69;115651.02;927.54
22.01.2017 02:04;928.05;928.05;928;928;0.83;766.54;928.01
22.01.2017 02:05;0;0;0;0;0;0;0
22.01.2017 02:06;927.82;927.83;927.82;927.83;0.39;361.92;927.82
22.01.2017 02:07;0;0;0;0;0;0;0
22.01.2017 02:08;927.83;927.92;927.83;927.92;1.12;1042.95;927.89
22.01.2017 02:09;928;930;928;930;6.03;5610.16;929.76
22.01.2017 02:10;930;930;930;930;16.69;15521.7;930
22.01.2017 02:11;0;0;0;0;0;0;0
22.01.2017 02:12;929.98;929.98;929.98;929.98;6.21;5777.97;929.98
22.01.2017 02:13;929.97;929.99;929.88;929.88;12.74;11849.25;929.92
22.01.2017 02:14;929.88;930;929.83;929.83;23.51;21861.79;929.99
22.01.2017 02:15;929.83;929.83;929.83;929.83;1.76;1636.5;929.83
22.01.2017 02:16;929.99;929.99;929.99;929.99;0.02;20.84;929.99
22.01.2017 02:17;929.99;930;929.99;930;14;13023.01;930
22.01.2017 02:18;930;930;930;930;0.47;434.53;930
22.01.2017 02:19;0;0;0;0;0;0;0
22.01.2017 02:20;0;0;0;0;0;0;0
22.01.2017 02:21;929.99;930;929.99;930;16.11;14982.02;930
22.01.2017 02:22;930;930;930;930;65.01;60457.62;930
22.01.2017 02:23;930;930;930;930;0.55;509.42;930
22.01.2017 02:24;0;0;0;0;0;0;0
22.01.2017 02:25;930;930;930;930;0.02;18.7;930
22.01.2017 02:26;929.18;929.18;929.18;929.18;0.06;55.58;929.18
22.01.2017 02:27;929.13;929.13;929.13;929.13;0.02;18.58;929.13
22.01.2017 02:28;930;930;930;930;0.54;503.66;930
22.01.2017 02:29;930;930;929.14;930;12.43;11559.12;930
22.01.2017 02:30;930;930;930;930;20.46;19024.95;930
22.01.2017 02:31;930;930.41;930;930.41;34.58;32163.34;930.02
22.01.2017 02:32;930.41;931;930.41;931;4.08;3794.96;930.67
22.01.2017 02:33;931;931;931;931;0.83;773.65;931
22.01.2017 02:34;931;931;931;931;0.3;282.28;931
22.01.2017 02:35;931;931.02;931;931.02;3;2790.76;931
22.01.2017 02:36;0;0;0;0;0;0;0
22.01.2017 02:37;931.02;931.02;931.02;931.02;0.06;58.96;931.02
22.01.2017 02:38;0;0;0;0;0;0;0
22.01.2017 02:39;0;0;0;0;0;0;0
22.01.2017 02:40;931.02;932.6;931.02;932.6;20.63;19230.69;931.95
22.01.2017 02:41;933.02;933.51;932.59;933.51;13.42;12520.79;933.3
22.01.2017 02:42;932.72;932.75;932.72;932.75;0.05;48.96;932.74
22.01.2017 02:43;932.79;933.64;932.79;932.82;0.2;184.99;932.88
22.01.2017 02:44;932.85;933.64;932.84;932.84;0.18;170.88;933.03
22.01.2017 02:45;932.84;934.03;932.84;933.64;13.08;12219.92;933.97
22.01.2017 02:46;934.13;934.13;933.66;933.7;1.21;1132.2;933.98
22.01.2017 02:47;934.13;934.13;933.72;933.72;0.85;796.41;934.1
22.01.2017 02:48;934.13;934.13;934.13;934.13;3.42;3191.03;934.13
22.01.2017 02:49;934.16;935.13;934.16;935.13;16.13;15078.51;934.95
22.01.2017 02:50;935.13;935.13;935.01;935.01;2.66;2485.35;935.01
22.01.2017 02:51;934.16;934.94;933.64;933.64;4.09;3817.2;934.01
22.01.2017 02:52;934.63;934.63;934.63;934.63;0.02;15.76;934.63
22.01.2017 02:53;934.63;935.13;934.63;935.13;11.53;10782.18;935.07
22.01.2017 02:54;935.13;935.13;935.01;935.13;22.69;21218;935.11
22.01.2017 02:55;935.13;935.77;935.13;935.77;14.26;13338.42;935.27
22.01.2017 02:56;935.74;935.77;935.74;935.77;1.44;1349.94;935.77
22.01.2017 02:57;935.77;935.77;935.77;935.77;0.29;270.35;935.77
22.01.2017 02:58;935.16;935.16;935.01;935.01;11.12;10401.68;935.11
22.01.2017 02:59;934.67;934.67;934.67;934.67;0.87;815.86;934.67
22.01.2017 03:00;934.67;934.67;934.61;934.61;11.03;10306.42;934.64
22.01.2017 03:01;935.68;935.68;934.57;934.57;4.84;4521.62;934.62
22.01.2017 03:02;933.19;933.19;933.19;933.19;0.01;10.1;933.19
22.01.2017 03:03;0;0;0;0;0;0;0
22.01.2017 03:04;0;0;0;0;0;0;0
22.01.2017 03:05;935.21;935.21;935.21;935.21;0.02;17.77;935.21
22.01.2017 03:06;934.6;934.6;934.6;934.6;0.02;17.76;934.6
22.01.2017 03:07;934.6;934.6;934.6;934.6;7.41;6924.68;934.6
22.01.2017 03:08;934.64;934.64;934.64;934.64;0.02;18.74;934.64
22.01.2017 03:09;0;0;0;0;0;0;0
22.01.2017 03:10;934.64;935.14;934.13;935.14;36.7;34289.19;934.36
22.01.2017 03:11;935.17;935.17;932.47;932.47;15;14004.61;933.64
22.01.2017 03:12;0;0;0;0;0;0;0
22.01.2017 03:13;934.03;935;934.03;935;10.08;9424.67;934.7
22.01.2017 03:14;935.04;935.04;935.04;935.04;0.02;16.78;935.04
22.01.2017 03:15;0;0;0;0;0;0;0
22.01.2017 03:16;935.04;935.04;935.04;935.04;0.48;448.82;935.04
22.01.2017 03:17;935.04;935.27;935.04;935.04;1.62;1517.09;935.09
22.01.2017 03:18;0;0;0;0;0;0;0
22.01.2017 03:19;934.56;935.36;934.02;935.36;4.58;4278.52;934.35
22.01.2017 03:20;933.45;933.45;933.33;933.33;14.81;13822.23;933.38
22.01.2017 03:21;933.04;934.36;933.04;934.36;0.71;662.74;933.43
22.01.2017 03:22;0;0;0;0;0;0;0
22.01.2017 03:23;0;0;0;0;0;0;0
22.01.2017 03:24;932.51;934.18;932.51;934.18;0.02;18.19;933.3
22.01.2017 03:25;932.51;932.51;932.02;932.02;3.74;3486.09;932.42
22.01.2017 03:26;933.37;933.37;933.27;933.28;0.26;244.85;933.28
22.01.2017 03:27;0;0;0;0;0;0;0
22.01.2017 03:28;932.81;932.81;931;931;1.73;1613.85;931.69
22.01.2017 03:29;930.41;931.4;930.02;931.29;1.19;1109.02;930.39
22.01.2017 03:30;0;0;0;0;0;0;0
22.01.2017 03:31;0;0;0;0;0;0;0
22.01.2017 03:32;0;0;0;0;0;0;0
22.01.2017 03:33;930.91;930.91;930.91;930.91;0.04;35.27;930.91
22.01.2017 03:34;930.91;930.91;930.91;930.91;0.22;206.14;930.91
22.01.2017 03:35;930.91;930.91;930.91;930.91;0.02;17.75;930.91
22.01.2017 03:36;929.98;930.91;929.41;929.41;0.48;447.83;929.48
22.01.2017 03:37;0;0;0;0;0;0;0
22.01.2017 03:38;0;0;0;0;0;0;0
22.01.2017 03:39;930;930;930;930;8.7;8091;930
22.01.2017 03:40;930.9;930.9;930.9;930.9;0.6;559.47;930.9
22.01.2017 03:41;930.9;931.07;930.9;931.07;3;2789.3;931.05
22.01.2017 03:42;931.07;932.51;931.07;932.51;22.57;21039.68;932.05
22.01.2017 03:43;932.41;932.41;932.41;932.41;2.93;2731.96;932.41
22.01.2017 03:44;932.51;932.51;932.5;932.5;10.02;9341.8;932.5
22.01.2017 03:45;0;0;0;0;0;0;0
22.01.2017 03:46;932.51;932.51;932.5;932.5;7.41;6910.32;932.5
22.01.2017 03:47;0;0;0;0;0;0;0
22.01.2017 03:48;932.51;932.51;932.51;932.51;1.45;1347.73;932.51
22.01.2017 03:49;0;0;0;0;0;0;0
22.01.2017 03:50;933.02;933.05;933.02;933.05;0.24;220.32;933.02
22.01.2017 03:51;933.05;933.41;933.05;933.41;0.64;595.75;933.14
22.01.2017 03:52;933.41;933.41;933.41;933.41;0.34;317.15;933.41
22.01.2017 03:53;934.05;934.53;934.05;934.53;3.12;2911.59;934.43
22.01.2017 03:54;934.53;934.53;934.53;934.53;0.42;388.86;934.53
22.01.2017 03:55;934.53;935.78;934.53;935.78;9.54;8924.47;935.59
22.01.2017 03:56;935.78;935.78;935.78;935.78;0.17;155.43;935.78
22.01.2017 03:57;935.77;935.78;935.77;935.78;10.15;9499.08;935.78
22.01.2017 03:58;935.78;935.78;935.65;935.65;0.22;210.07;935.69
22.01.2017 03:59;0;0;0;0;0;0;0
22.01.2017 04:00;0;0;0;0;0;0;0
22.01.2017 04:01;0;0;0;0;0;0;0
22.01.2017 04:02;0;0;0;0;0;0;0
22.01.2017 04:03;0;0;0;0;0;0;0
22.01.2017 04:04;935.65;935.65;935.65;935.65;19.3;18058.51;935.65
22.01.2017 04:05;935.65;935.65;935.65;935.65;3.97;3714.53;935.65
22.01.2017 04:06;935.78;935.78;935.78;935.78;0.02;15.84;935.78
22.01.2017 04:07;934.81;934.81;934.81;934.81;0.8;751.59;934.81
22.01.2017 04:08;934.91;934.92;934.05;934.05;2.6;2427.24;934.74
22.01.2017 04:09;934.05;934.05;933.55;933.55;3.88;3621.56;933.66
22.01.2017 04:10;933.55;933.55;933.55;933.55;0.04;37.34;933.55
22.01.2017 04:11;933.55;934.54;933.05;934.54;0.86;806.62;933.63
22.01.2017 04:12;0;0;0;0;0;0;0
22.01.2017 04:13;933.05;933.05;933.05;933.05;0.25;234.22;933.05
22.01.2017 04:14;933.05;933.05;933.05;933.05;0.24;222.06;933.05
22.01.2017 04:15;934.46;934.48;934.46;934.48;0.82;762.82;934.47
22.01.2017 04:16;934.55;934.55;933.56;933.56;0.49;459.73;933.75
22.01.2017 04:17;0;0;0;0;0;0;0
22.01.2017 04:18;934.54;934.54;934.54;934.54;0.23;214.67;934.54
22.01.2017 04:19;934.54;934.54;934.54;934.54;0.04;33.81;934.54
22.01.2017 04:20;934.54;934.54;934.54;934.54;0.03;29.93;934.54
22.01.2017 04:21;0;0;0;0;0;0;0
22.01.2017 04:22;0;0;0;0;0;0;0
22.01.2017 04:23;934.54;934.55;934.54;934.55;0.12;108.19;934.55
22.01.2017 04:24;933.49;934.48;933.48;934.48;0.29;270.44;933.54
22.01.2017 04:25;934.48;935.78;934.48;935.78;3.87;3614.71;935
22.01.2017 04:26;935.65;935.65;935.47;935.47;5.62;5256.15;935.63
22.01.2017 04:27;935.66;935.66;935.66;935.66;0.81;755.11;935.66
22.01.2017 04:28;0;0;0;0;0;0;0
22.01.2017 04:29;934.74;934.74;934.73;934.73;4.77;4462.42;934.73
22.01.2017 04:30;0;0;0;0;0;0;0
22.01.2017 04:31;935.62;935.62;935.62;935.62;0.06;56.14;935.62
22.01.2017 04:32;935.66;935.66;935.66;935.66;0.1;92.16;935.66
22.01.2017 04:33;935.66;935.66;935.66;935.66;0.39;367.85;935.66
22.01.2017 04:34;935.7;935.7;935.7;935.7;0.02;15.84;935.7
22.01.2017 04:35;0;0;0;0;0;0;0
22.01.2017 04:36;0;0;0;0;0;0;0
22.01.2017 04:37;0;0;0;0;0;0;0
22.01.2017 04:38;935.33;935.89;935.33;935.89;10.67;9988.01;935.88
22.01.2017 04:39;934.55;935.88;934.49;935.88;1.06;992.89;934.58
22.01.2017 04:40;0;0;0;0;0;0;0
22.01.2017 04:41;934.51;934.51;934.51;934.51;0.01;10.28;934.51
22.01.2017 04:42;0;0;0;0;0;0;0
22.01.2017 04:43;935.88;935.88;935.88;935.88;0.03;28.89;935.88
22.01.2017 04:44;935.88;935.88;935.88;935.88;0.12;111.37;935.88
22.01.2017 04:45;935.88;936;935.88;936;3.31;3095.7;935.96
22.01.2017 04:46;936;936;935.9;936;8.44;7903.57;936
22.01.2017 04:47;0;0;0;0;0;0;0
22.01.2017 04:48;935.91;935.91;935.91;935.91;0.2;185.81;935.91
22.01.2017 04:49;0;0;0;0;0;0;0
22.01.2017 04:50;0;0;0;0;0;0;0
22.01.2017 04:51;935.91;935.91;935.88;935.88;3.88;3634.08;935.89
22.01.2017 04:52;934.51;934.51;934.51;934.51;0.53;494.36;934.51
22.01.2017 04:53;934.51;934.51;934.51;934.51;0.02;16.8;934.51
22.01.2017 04:54;0;0;0;0;0;0;0
22.01.2017 04:55;0;0;0;0;0;0;0
22.01.2017 04:56;0;0;0;0;0;0;0
22.01.2017 04:57;0;0;0;0;0;0;0
22.01.2017 04:58;0;0;0;0;0;0;0
22.01.2017 04:59;0;0;0;0;0;0;0
22.01.2017 05:00;0;0;0;0;0;0;0
22.01.2017 05:01;0;0;0;0;0;0;0
22.01.2017 05:02;0;0;0;0;0;0;0
22.01.2017 05:03;934.5;934.51;934.5;934.51;0.83;771.83;934.51
22.01.2017 05:04;0;0;0;0;0;0;0
22.01.2017 05:05;935.43;935.43;935.43;935.43;0.02;18.79;935.43
22.01.2017 05:06;0;0;0;0;0;0;0
22.01.2017 05:07;935.43;936.3;934.61;936.3;2.79;2606.74;935.91
22.01.2017 05:08;936.29;936.3;936.29;936.3;0.2;188.28;936.3
22.01.2017 05:09;0;0;0;0;0;0;0
22.01.2017 05:10;936.19;936.19;936.01;936.01;3.93;3680.1;936.14
22.01.2017 05:11;0;0;0;0;0;0;0
22.01.2017 05:12;0;0;0;0;0;0;0
22.01.2017 05:13;936.3;936.3;936.3;936.3;0.03;25.65;936.3
22.01.2017 05:14;936.3;936.3;936.3;936.3;0.02;17.81;936.3
22.01.2017 05:15;0;0;0;0;0;0;0
22.01.2017 05:16;0;0;0;0;0;0;0
22.01.2017 05:17;0;0;0;0;0;0;0
22.01.2017 05:18;936;936;936;936;0.01;8.87;936
22.01.2017 05:19;0;0;0;0;0;0;0
22.01.2017 05:20;0;0;0;0;0;0;0
22.01.2017 05:21;0;0;0;0;0;0;0
22.01.2017 05:22;0;0;0;0;0;0;0
22.01.2017 05:23;0;0;0;0;0;0;0
22.01.2017 05:24;935.99;935.99;935.99;935.99;0.02;14.84;935.99
22.01.2017 05:25;0;0;0;0;0;0;0
22.01.2017 05:26;935.23;935.23;933.81;935.06;25.35;23691.64;934.53
22.01.2017 05:27;933.85;935.16;933.48;935.16;7.64;7138.51;934.07
22.01.2017 05:28;934.98;934.98;933.21;933.21;1.02;954.03;933.49
22.01.2017 05:29;932.68;932.68;932.68;932.68;0.6;559.61;932.68
22.01.2017 05:30;932.68;932.7;932.68;932.7;0.56;522.3;932.68
22.01.2017 05:31;932.7;932.7;932.7;932.7;0.2;186.54;932.7
22.01.2017 05:32;932.73;932.73;929.66;931.49;34.3;31922.3;930.67
22.01.2017 05:33;0;0;0;0;0;0;0
22.01.2017 05:34;932.48;935.13;932.48;934.48;18.72;17494.37;934.42
22.01.2017 05:35;934.51;934.51;932.49;932.49;4.11;3837.45;933.73
22.01.2017 05:36;0;0;0;0;0;0;0
22.01.2017 05:37;932.49;932.49;932.49;932.49;0.03;23.89;932.49
22.01.2017 05:38;0;0;0;0;0;0;0
22.01.2017 05:39;932.98;932.98;932.98;932.98;0.21;198.77;932.98
22.01.2017 05:40;0;0;0;0;0;0;0
22.01.2017 05:41;932.98;933;932.98;933;5.8;5408.3;933
22.01.2017 05:42;0;0;0;0;0;0;0
22.01.2017 05:43;933.67;933.67;933.67;933.67;0.02;15.8;933.67
22.01.2017 05:44;933.67;933.83;933.67;933.83;0.63;588.16;933.68
22.01.2017 05:45;933.8;933.8;933.8;933.8;0.01;5.44;933.8
22.01.2017 05:46;933.54;933.8;933.54;933.8;1.29;1202.65;933.78
22.01.2017 05:47;932.53;932.53;931.52;931.52;3.14;2925.42;932.38
22.01.2017 05:48;932.03;932.73;931.85;931.85;5.86;5459.42;932.4
22.01.2017 05:49;931.85;932.31;931.5;932.29;6.02;5616.14;932.27
22.01.2017 05:50;932.64;932.64;932.64;932.64;0.1;96.99;932.64
22.01.2017 05:51;932.29;932.29;932.29;932.29;0.04;40.93;932.29
22.01.2017 05:52;932.26;932.26;932.26;932.26;0.05;50.48;932.26
22.01.2017 05:53;931.52;931.54;931.48;931.48;5.3;4937.92;931.52
22.01.2017 05:54;0;0;0;0;0;0;0
22.01.2017 05:55;0;0;0;0;0;0;0
22.01.2017 05:56;931.19;931.34;931.19;931.34;1.16;1080.32;931.31
22.01.2017 05:57;931.33;931.34;931.33;931.34;3.16;2945.21;931.34
22.01.2017 05:58;931.67;931.67;931.67;931.67;0.03;24.22;931.67
22.01.2017 05:59;931.78;932.49;931.78;932.49;5.37;5006.75;931.85
22.01.2017 06:00;932.47;932.48;932.47;932.48;0.52;485.77;932.47
22.01.2017 06:01;0;0;0;0;0;0;0
22.01.2017 06:02;0;0;0;0;0;0;0
22.01.2017 06:03;0;0;0;0;0;0;0
22.01.2017 06:04;0;0;0;0;0;0;0
22.01.2017 06:05;0;0;0;0;0;0;0
22.01.2017 06:06;0;0;0;0;0;0;0
22.01.2017 06:07;930.73;930.73;930.7;930.7;1.97;1830.8;930.71
22.01.2017 06:08;0;0;0;0;0;0;0
22.01.2017 06:09;0;0;0;0;0;0;0
22.01.2017 06:10;0;0;0;0;0;0;0
22.01.2017 06:11;930.99;930.99;930.99;930.99;0.21;199.69;930.99
22.01.2017 06:12;931;933.48;931;933.23;11.03;10288.91;932.82
22.01.2017 06:13;0;0;0;0;0;0;0
22.01.2017 06:14;0;0;0;0;0;0;0
22.01.2017 06:15;0;0;0;0;0;0;0
22.01.2017 06:16;932.5;933.15;932.46;933.15;3.22;3006.41;932.53
22.01.2017 06:17;0;0;0;0;0;0;0
22.01.2017 06:18;933.47;933.47;933.47;933.47;0.16;153.43;933.47
22.01.2017 06:19;0;0;0;0;0;0;0
22.01.2017 06:20;0;0;0;0;0;0;0
22.01.2017 06:21;0;0;0;0;0;0;0
22.01.2017 06:22;0;0;0;0;0;0;0
22.01.2017 06:23;933.47;933.49;933.47;933.49;0.45;420.83;933.49
22.01.2017 06:24;0;0;0;0;0;0;0
22.01.2017 06:25;933.49;933.49;933.49;933.49;0.05;46.67;933.49
22.01.2017 06:26;0;0;0;0;0;0;0
22.01.2017 06:27;931.95;931.95;931.48;931.48;1.62;1506.63;931.9
22.01.2017 06:28;931.95;931.95;931.12;931.12;2.08;1932.76;931.43
22.01.2017 06:29;0;0;0;0;0;0;0
22.01.2017 06:30;0;0;0;0;0;0;0
22.01.2017 06:31;931.97;932;931.97;932;1.98;1844.12;931.99
22.01.2017 06:32;0;0;0;0;0;0;0
22.01.2017 06:33;0;0;0;0;0;0;0
22.01.2017 06:34;0;0;0;0;0;0;0
22.01.2017 06:35;0;0;0;0;0;0;0
22.01.2017 06:36;0;0;0;0;0;0;0
22.01.2017 06:37;0;0;0;0;0;0;0
22.01.2017 06:38;932;932;932;932;0.23;214.91;932
22.01.2017 06:39;0;0;0;0;0;0;0
22.01.2017 06:40;932;932;932;932;0.02;23.17;932
22.01.2017 06:41;932;932;932;932;2.73;2544.21;932
22.01.2017 06:42;932.41;932.41;932.41;932.41;0.01;9.32;932.41
22.01.2017 06:43;0;0;0;0;0;0;0
22.01.2017 06:44;0;0;0;0;0;0;0
22.01.2017 06:45;0;0;0;0;0;0;0
22.01.2017 06:46;0;0;0;0;0;0;0
22.01.2017 06:47;0;0;0;0;0;0;0
22.01.2017 06:48;932.21;932.21;932.21;932.21;0.03;24.99;932.21
22.01.2017 06:49;932.4;932.41;932.4;932.41;0.19;175.57;932.4
22.01.2017 06:50;932.4;932.4;931.99;932;3.96;3695.09;932.18
22.01.2017 06:51;932;932;932;932;5.69;5300.65;932
22.01.2017 06:52;932;932;931.98;931.98;0.43;398.44;931.99
22.01.2017 06:53;931.98;931.98;931.98;931.98;1.01;944.22;931.98
22.01.2017 06:54;931.98;932;931.98;932;0.02;15.74;931.98
22.01.2017 06:55;932;932.41;932;932.41;1.08;1002.76;932.26
22.01.2017 06:56;932.41;932.41;932.41;932.41;0.05;49.66;932.41
22.01.2017 06:57;0;0;0;0;0;0;0
22.01.2017 06:58;0;0;0;0;0;0;0
22.01.2017 06:59;0;0;0;0;0;0;0
22.01.2017 07:00;932.41;932.41;932.41;932.41;0.65;601.9;932.41
22.01.2017 07:01;930.73;932.41;930.73;932.41;0.11;100.82;932.31
22.01.2017 07:02;0;0;0;0;0;0;0
22.01.2017 07:03;0;0;0;0;0;0;0
22.01.2017 07:04;0;0;0;0;0;0;0
22.01.2017 07:05;932.41;932.41;932.41;932.41;0.02;17.72;932.41
22.01.2017 07:06;932.41;932.41;932.41;932.41;0.02;15.29;932.41
22.01.2017 07:07;0;0;0;0;0;0;0
22.01.2017 07:08;932.41;932.41;932.41;932.41;0.04;37.91;932.41
22.01.2017 07:09;0;0;0;0;0;0;0
22.01.2017 07:10;932.41;932.47;932.41;932.47;0.18;170.99;932.41
22.01.2017 07:11;0;0;0;0;0;0;0
22.01.2017 07:12;0;0;0;0;0;0;0
22.01.2017 07:13;932.47;932.91;932.47;932.91;0.65;601.78;932.8
22.01.2017 07:14;932.91;933;931.91;933;2.2;2050.7;932.78
22.01.2017 07:15;0;0;0;0;0;0;0
22.01.2017 07:16;932.99;933;932.99;933;3.98;3709.1;933
22.01.2017 07:17;933;933;933;933;4.28;3991.2;933
22.01.2017 07:18;0;0;0;0;0;0;0
22.01.2017 07:19;0;0;0;0;0;0;0
22.01.2017 07:20;933;933;933;933;0.54;501.21;933
22.01.2017 07:21;933;933;933;933;3.54;3307.34;933
22.01.2017 07:22;933;933.38;933;933.38;2.56;2387.97;933.18
22.01.2017 07:23;933.38;934.91;933.38;934.91;2.17;2023.81;933.66
22.01.2017 07:24;0;0;0;0;0;0;0
22.01.2017 07:25;0;0;0;0;0;0;0
22.01.2017 07:26;0;0;0;0;0;0;0
22.01.2017 07:27;0;0;0;0;0;0;0
22.01.2017 07:28;933.41;933.41;933.41;933.41;0.21;199.95;933.41
22.01.2017 07:29;0;0;0;0;0;0;0
22.01.2017 07:30;0;0;0;0;0;0;0
22.01.2017 07:31;0;0;0;0;0;0;0
22.01.2017 07:32;934.38;934.38;934.38;934.38;0.03;28.68;934.38
22.01.2017 07:33;933.48;934.81;933.48;934.81;0.86;802.79;934.46
22.01.2017 07:34;0;0;0;0;0;0;0
22.01.2017 07:35;934.88;935.08;934.88;935.08;2.57;2406;935.03
22.01.2017 07:36;935.07;936.19;933.98;936.19;2.01;1881.39;935.64
22.01.2017 07:37;0;0;0;0;0;0;0
22.01.2017 07:38;0;0;0;0;0;0;0
22.01.2017 07:39;936.18;936.61;936.18;936.61;7.84;7337.75;936.21
22.01.2017 07:40;0;0;0;0;0;0;0
22.01.2017 07:41;0;0;0;0;0;0;0
22.01.2017 07:42;935.21;935.21;932.89;932.89;10.17;9493.34;933.62
22.01.2017 07:43;934.37;935.77;934.37;935.77;1.93;1804.57;934.8
22.01.2017 07:44;0;0;0;0;0;0;0
22.01.2017 07:45;935.84;935.84;935.84;935.84;0.48;447.52;935.84
22.01.2017 07:46;935.86;937.74;935.38;935.38;36.68;34353.9;936.47
22.01.2017 07:47;935.38;936.52;935.38;936.52;1.53;1433.15;936.33
22.01.2017 07:48;0;0;0;0;0;0;0
22.01.2017 07:49;935.52;936.51;935.52;936;0.94;876.25;935.95
22.01.2017 07:50;936;936;935.51;936;10.82;10124.79;935.94
22.01.2017 07:51;936;936;935.51;936;19.27;18037.11;935.89
22.01.2017 07:52;936;936;936;936;9.19;8605.32;936
22.01.2017 07:53;936;936;934.94;936;18.3;17125.4;935.61
22.01.2017 07:54;936;936;936;936;2.57;2405.77;936
22.01.2017 07:55;935.99;936.72;935.99;936.72;8.99;8414.46;936.06
22.01.2017 07:56;0;0;0;0;0;0;0
22.01.2017 07:57;0;0;0;0;0;0;0
22.01.2017 07:58;936.72;936.88;936.48;936.48;0.58;546.02;936.82
22.01.2017 07:59;936.11;936.11;936.11;936.11;0.11;99.75;936.11
22.01.2017 08:00;935.99;936;935.99;936;1.69;1585.04;936
22.01.2017 08:01;0;0;0;0;0;0;0
22.01.2017 08:02;935.88;935.88;934.53;934.53;5.76;5384.12;934.94
22.01.2017 08:03;0;0;0;0;0;0;0
22.01.2017 08:04;934.91;934.91;934.91;934.91;0.15;138.38;934.91
22.01.2017 08:05;0;0;0;0;0;0;0
22.01.2017 08:06;935.48;935.48;935.48;935.48;0.02;20.85;935.48
22.01.2017 08:07;0;0;0;0;0;0;0
22.01.2017 08:08;935.48;935.48;935.48;935.48;0.01;6.84;935.48
22.01.2017 08:09;935.48;935.49;935.47;935.47;0.15;141.88;935.48
22.01.2017 08:10;935.5;935.5;935.5;935.5;0.33;304.75;935.5
22.01.2017 08:11;0;0;0;0;0;0;0
22.01.2017 08:12;934.98;935;934.98;935;2.19;2043.8;934.99
22.01.2017 08:13;934.99;935;934.99;935;1.15;1074.78;935
22.01.2017 08:14;0;0;0;0;0;0;0
22.01.2017 08:15;0;0;0;0;0;0;0
22.01.2017 08:16;935.5;935.5;935.5;935.5;0.1;93.55;935.5
22.01.2017 08:17;0;0;0;0;0;0;0
22.01.2017 08:18;935.5;935.5;935.5;935.5;0.1;93.55;935.5
22.01.2017 08:19;935.5;935.5;935.5;935.5;0.55;512.92;935.5
22.01.2017 08:20;935;935;934.99;934.99;3.94;3681.31;934.99
22.01.2017 08:21;935.2;935.2;935.12;935.14;1.68;1570.57;935.14
22.01.2017 08:22;935.2;935.2;935.2;935.2;0.02;14.78;935.2
22.01.2017 08:23;0;0;0;0;0;0;0
22.01.2017 08:24;935.29;935.3;935.29;935.3;8.36;7820.13;935.3
22.01.2017 08:25;935.3;935.3;935.3;935.3;4.72;4411.9;935.3
22.01.2017 08:26;935.3;935.3;935.3;935.3;2.47;2306.51;935.3
22.01.2017 08:27;935.3;935.99;935.3;935.99;7.4;6919.48;935.41
22.01.2017 08:28;935.99;935.99;934.78;935.99;3.72;3479.49;935.97
22.01.2017 08:29;935.99;935.99;935.99;935.99;0.31;289.06;935.99
22.01.2017 08:30;935.99;935.99;935.99;935.99;0.11;100.29;935.99
22.01.2017 08:31;935.98;935.98;935.98;935.98;0.1;97.38;935.98
22.01.2017 08:32;935.98;935.98;934.81;934.81;0.42;391.26;935.9
22.01.2017 08:33;935.97;935.97;935.95;935.95;0.53;496.89;935.97
22.01.2017 08:34;935.98;935.98;935.98;935.98;0.02;14.79;935.98
22.01.2017 08:35;935.97;935.97;933.91;933.91;6.11;5712.96;934.6
22.01.2017 08:36;0;0;0;0;0;0;0
22.01.2017 08:37;0;0;0;0;0;0;0
22.01.2017 08:38;935.69;935.69;935.69;935.69;0.15;140.32;935.69
22.01.2017 08:39;0;0;0;0;0;0;0
22.01.2017 08:40;935.11;935.35;935.11;935.35;0.5;471.91;935.16
22.01.2017 08:41;0;0;0;0;0;0;0
22.01.2017 08:42;0;0;0;0;0;0;0
22.01.2017 08:43;0;0;0;0;0;0;0
22.01.2017 08:44;0;0;0;0;0;0;0
22.01.2017 08:45;934.97;934.97;934.97;934.97;0.06;58.76;934.97
22.01.2017 08:46;934.15;934.15;933.76;933.76;0.5;467.06;934.13
22.01.2017 08:47;0;0;0;0;0;0;0
22.01.2017 08:48;0;0;0;0;0;0;0
22.01.2017 08:49;0;0;0;0;0;0;0
22.01.2017 08:50;934.97;934.98;934.97;934.98;0.27;253.59;934.98
22.01.2017 08:51;934.98;934.98;934.98;934.98;0.14;128.67;934.98
22.01.2017 08:52;0;0;0;0;0;0;0
22.01.2017 08:53;934.95;934.97;933.76;933.76;2.2;2052.67;934.26
22.01.2017 08:54;933.76;934.34;933.76;934.33;1.5;1401.47;934.32
22.01.2017 08:55;933.39;935;932.96;935;22.1;20647.99;934.14
22.01.2017 08:56;0;0;0;0;0;0;0
22.01.2017 08:57;0;0;0;0;0;0;0
22.01.2017 08:58;934.91;934.91;934.91;934.91;0.01;4.95;934.91
22.01.2017 08:59;0;0;0;0;0;0;0
22.01.2017 09:00;933.12;934.98;933.12;934.98;0.77;723.96;934.7
22.01.2017 09:01;933.87;933.87;933.87;933.87;0.04;32.69;933.87
22.01.2017 09:02;0;0;0;0;0;0;0
22.01.2017 09:03;0;0;0;0;0;0;0
22.01.2017 09:04;934.13;934.13;934.13;934.13;0.02;14.8;934.13
22.01.2017 09:05;0;0;0;0;0;0;0
22.01.2017 09:06;934.13;934.13;934.13;934.13;0.44;410.23;934.13
22.01.2017 09:07;934.15;934.15;934.15;934.15;0.03;31;934.15
22.01.2017 09:08;0;0;0;0;0;0;0
22.01.2017 09:09;934.99;935;934.99;935;1.02;957.79;935
22.01.2017 09:10;934.24;935.3;934.24;935.3;4.77;4463.94;935.03
22.01.2017 09:11;934.22;934.22;933.2;933.22;49.21;45940.29;933.51
22.01.2017 09:12;933.22;933.22;933.22;933.22;15.22;14200.3;933.22
22.01.2017 09:13;933.22;933.22;933.22;933.22;6.43;6003.31;933.22
22.01.2017 09:14;933.22;933.22;933.22;933.22;21.25;19830.26;933.22
22.01.2017 09:15;933.22;934.87;933.22;934.87;12.23;11421.69;933.54
22.01.2017 09:16;935.22;935.22;935.22;935.22;0.43;398.05;935.22
22.01.2017 09:17;0;0;0;0;0;0;0
22.01.2017 09:18;934.13;934.13;934.13;934.13;0.01;10.28;934.13
22.01.2017 09:19;0;0;0;0;0;0;0
22.01.2017 09:20;934.78;935.8;934.78;935.8;23.47;21956.09;935.52
22.01.2017 09:21;0;0;0;0;0;0;0
22.01.2017 09:22;935.77;935.8;935.77;935.8;18.43;17247.88;935.79
22.01.2017 09:23;935.28;935.28;934.98;934.99;31.26;29229.34;935
22.01.2017 09:24;934.99;935.8;934.99;935.8;26.09;24399.48;935.2
22.01.2017 09:25;935.8;935.8;935.8;935.8;1.15;1074.34;935.8
22.01.2017 09:26;935.8;935.8;935.8;935.8;0.05;46.94;935.8
22.01.2017 09:27;935.5;935.5;933.82;935.26;2.2;2052.64;934.38
22.01.2017 09:28;935.25;935.25;935.25;935.25;0.04;40.41;935.25
22.01.2017 09:29;935.25;935.26;935.25;935.26;0.3;276.07;935.25
22.01.2017 09:30;0;0;0;0;0;0;0
22.01.2017 09:31;935.26;935.26;935.26;935.26;0.18;164.49;935.26
22.01.2017 09:32;933.87;933.88;933.87;933.87;0.22;206.39;933.87
22.01.2017 09:33;935;935;935;935;0.02;17.71;935
22.01.2017 09:34;935;935.58;935;935.58;3.56;3325.73;935.47
22.01.2017 09:35;935.58;935.58;935.58;935.58;3.39;3167.77;935.58
22.01.2017 09:36;935.3;935.3;935;935.17;3.01;2810.75;935.25
22.01.2017 09:37;935.17;935.17;935.17;935.17;0.02;22.18;935.17
22.01.2017 09:38;935.17;935.17;935.17;935.17;0.08;75.89;935.17
22.01.2017 09:39;934.27;934.27;934;934;1.81;1693.4;934.26
22.01.2017 09:40;933.27;933.27;932.27;932.27;2.24;2089.19;932.67
22.01.2017 09:41;932.43;932.75;932.43;932.43;6.64;6192.92;932.59
22.01.2017 09:42;932;932;931.98;931.98;0.5;465.99;931.99
22.01.2017 09:43;932.43;932.43;932.43;932.43;0.06;52.15;932.43
22.01.2017 09:44;931.91;931.91;931;931;12.06;11232.51;931.12
22.01.2017 09:45;0;0;0;0;0;0;0
22.01.2017 09:46;0;0;0;0;0;0;0
22.01.2017 09:47;0;0;0;0;0;0;0
22.01.2017 09:48;932.26;932.27;932.26;932.27;0.37;349.13;932.26
22.01.2017 09:49;932.27;932.27;932.27;932.27;0.09;88.17;932.27
22.01.2017 09:50;0;0;0;0;0;0;0
22.01.2017 09:51;931.37;931.62;931.37;931.62;0.19;172.65;931.51
22.01.2017 09:52;931.62;932.95;931.62;932.95;15.37;14331.71;932.52
22.01.2017 09:53;932.41;933.8;932.41;933.8;24.62;22972.42;933
22.01.2017 09:54;0;0;0;0;0;0;0
22.01.2017 09:55;933.95;933.95;933.95;933.95;0.01;10.43;933.95
22.01.2017 09:56;0;0;0;0;0;0;0
22.01.2017 09:57;0;0;0;0;0;0;0
22.01.2017 09:58;932.06;932.06;931.99;931.99;0.65;604.6;932.01
22.01.2017 09:59;931.99;931.99;931.95;931.95;0.57;527.16;931.95
22.01.2017 10:00;931.06;931.06;930.06;930.97;8.52;7926.45;930.83
22.01.2017 10:01;930.06;930.06;925.23;926.43;34.34;31893.51;928.69
22.01.2017 10:02;925.25;926.18;925;925;10.24;9472.03;925.15
22.01.2017 10:03;0;0;0;0;0;0;0
22.01.2017 10:04;925.02;926.24;925.02;926.24;0.2;186.33;926.01
22.01.2017 10:05;0;0;0;0;0;0;0
22.01.2017 10:06;926.24;929.52;926.24;929.52;24.22;22480.47;928.2
22.01.2017 10:07;929.05;929.05;929.05;929.05;0.21;198.83;929.05
22.01.2017 10:08;0;0;0;0;0;0;0
22.01.2017 10:09;929.51;929.92;929.51;929.92;0.98;911.12;929.63
22.01.2017 10:10;0;0;0;0;0;0;0
22.01.2017 10:11;0;0;0;0;0;0;0
22.01.2017 10:12;929.99;930.2;929.99;930.2;0.77;719.76;930.07
22.01.2017 10:13;930.2;930.2;930.2;930.2;0.15;141.39;930.2
22.01.2017 10:14;930.01;930.2;930.01;930.15;18.67;17364.67;930.2
22.01.2017 10:15;930.13;930.13;929.99;929.99;0.91;850.51;930.01
22.01.2017 10:16;929.97;930.02;928.42;929.04;25.57;23767.72;929.53
22.01.2017 10:17;927.22;928.21;924;925.22;83.51;77264.54;925.24
22.01.2017 10:18;924.06;925.22;923;924.98;31.66;29249.49;923.77
22.01.2017 10:19;925;926.84;924.8;926.84;8.03;7434.33;925.29
22.01.2017 10:20;926.25;926.25;926.22;926.22;2.66;2460.71;926.23
22.01.2017 10:21;926.22;927.44;926.22;927.44;2.37;2200.35;927.2
22.01.2017 10:22;927.21;927.49;925.06;927.46;12.94;11978.84;925.78
22.01.2017 10:23;927.46;927.46;927.44;927.44;3.59;3332.85;927.44
22.01.2017 10:24;927.44;927.44;927.44;927.44;0.45;419.2;927.44
22.01.2017 10:25;927.44;927.44;925.7;925.7;1.12;1039.39;927.2
22.01.2017 10:26;925.7;927.49;925.7;927.49;0.13;122.88;927.12
22.01.2017 10:27;0;0;0;0;0;0;0
22.01.2017 10:28;0;0;0;0;0;0;0
22.01.2017 10:29;0;0;0;0;0;0;0
22.01.2017 10:30;927.49;927.49;927.49;927.49;0.05;46.95;927.49
22.01.2017 10:31;925.94;927.49;925.91;927.49;5.43;5030.98;925.93
22.01.2017 10:32;925.91;925.91;925.91;925.91;3.39;3141.67;925.91
22.01.2017 10:33;927.33;927.33;927.29;927.29;0.19;175.87;927.33
22.01.2017 10:34;927.24;927.24;927.24;927.24;3.49;3236.71;927.24
22.01.2017 10:35;927.49;927.76;927.49;927.76;1.58;1467.4;927.62
22.01.2017 10:36;927.5;927.5;927.5;927.5;0.25;233.64;927.5
22.01.2017 10:37;927.5;927.5;927.5;927.5;0.17;158.74;927.5
22.01.2017 10:38;927.6;927.6;927.59;927.59;0.18;163.07;927.6
22.01.2017 10:39;927.95;928.22;927.95;928.22;2.59;2404.43;927.99
22.01.2017 10:40;928.22;929.47;928.22;929.47;2.03;1880.65;928.71
22.01.2017 10:41;929.47;929.77;929.47;929.77;2.01;1872.33;929.54
22.01.2017 10:42;929.77;930.11;929.42;929.42;2.68;2492.62;929.55
22.01.2017 10:43;929;929;928.54;928.54;0.56;521.7;928.87
22.01.2017 10:44;929;929;928.49;928.49;3.58;3323.94;928.61
22.01.2017 10:45;930.15;930.25;930.15;930.23;2.14;1993.59;930.23
22.01.2017 10:46;0;0;0;0;0;0;0
22.01.2017 10:47;0;0;0;0;0;0;0
22.01.2017 10:48;0;0;0;0;0;0;0
22.01.2017 10:49;0;0;0;0;0;0;0
22.01.2017 10:50;928.62;928.62;928.55;928.55;4.9;4549.96;928.56
22.01.2017 10:51;0;0;0;0;0;0;0
22.01.2017 10:52;0;0;0;0;0;0;0
22.01.2017 10:53;0;0;0;0;0;0;0
22.01.2017 10:54;929.74;929.97;929.74;929.97;0.17;158.43;929.83
22.01.2017 10:55;0;0;0;0;0;0;0
22.01.2017 10:56;0;0;0;0;0;0;0
22.01.2017 10:57;929.9;929.9;929.67;929.87;4.6;4274.2;929.79
22.01.2017 10:58;929.64;929.68;929.64;929.68;1.97;1831.41;929.65
22.01.2017 10:59;0;0;0;0;0;0;0
22.01.2017 11:00;929.66;929.86;929.65;929.86;0.84;785.52;929.66
22.01.2017 11:01;929.83;929.83;929.83;929.83;0.2;190.61;929.83
22.01.2017 11:02;0;0;0;0;0;0;0
22.01.2017 11:03;0;0;0;0;0;0;0
22.01.2017 11:04;929.68;929.86;929.68;929.86;0.25;229.42;929.79
22.01.2017 11:05;929.85;930.23;929.85;930.23;8.58;7981.05;930.07
22.01.2017 11:06;0;0;0;0;0;0;0
22.01.2017 11:07;0;0;0;0;0;0;0
22.01.2017 11:08;930.39;931;930.39;931;37.55;34958.03;930.95
22.01.2017 11:09;0;0;0;0;0;0;0
22.01.2017 11:10;0;0;0;0;0;0;0
22.01.2017 11:11;0;0;0;0;0;0;0
22.01.2017 11:12;0;0;0;0;0;0;0
22.01.2017 11:13;930.98;930.98;930.98;930.98;0.02;18.09;930.98
22.01.2017 11:14;0;0;0;0;0;0;0
22.01.2017 11:15;930.98;930.98;930.98;930.98;0.06;59.69;930.98
22.01.2017 11:16;0;0;0;0;0;0;0
22.01.2017 11:17;0;0;0;0;0;0;0
22.01.2017 11:18;930.98;930.98;930.28;930.28;0.75;702.51;930.79
22.01.2017 11:19;931;931.49;931;931.49;6.87;6400.99;931.15
22.01.2017 11:20;0;0;0;0;0;0;0
22.01.2017 11:21;931.74;931.78;931.74;931.78;0.15;141.25;931.75
22.01.2017 11:22;931.78;931.78;931.78;931.78;0.04;35.31;931.78
22.01.2017 11:23;0;0;0;0;0;0;0
22.01.2017 11:24;931.78;931.99;931.78;931.99;0.54;498.75;931.89
22.01.2017 11:25;931.99;932.1;931.99;932.1;0.28;260.84;932.01
22.01.2017 11:26;0;0;0;0;0;0;0
22.01.2017 11:27;930.77;930.77;930.77;930.77;0.12;115.15;930.77
22.01.2017 11:28;0;0;0;0;0;0;0
22.01.2017 11:29;0;0;0;0;0;0;0
22.01.2017 11:30;0;0;0;0;0;0;0
22.01.2017 11:31;0;0;0;0;0;0;0
22.01.2017 11:32;0;0;0;0;0;0;0
22.01.2017 11:33;931.8;933.01;931.8;933.01;32.14;29964.02;932.28
22.01.2017 11:34;933;934.27;932.95;932.95;40.02;37367.49;933.8
22.01.2017 11:35;932.95;932.95;932.49;932.49;0.83;777.06;932.85
22.01.2017 11:36;932.49;932.49;932.49;932.49;0.22;205.15;932.49
22.01.2017 11:37;0;0;0;0;0;0;0
22.01.2017 11:38;932.49;932.49;932.49;932.49;0.05;43.03;932.49
22.01.2017 11:39;932.49;932.49;932.49;932.49;0.01;9.32;932.49
22.01.2017 11:40;932.49;932.49;932.49;932.49;0.07;66.07;932.49
22.01.2017 11:41;932.02;932.02;932.02;932.02;0.17;159.38;932.02
22.01.2017 11:42;932.49;932.49;932.49;932.49;0.17;160.18;932.49
22.01.2017 11:43;932.02;932.02;932;932;2.7;2516.41;932
22.01.2017 11:44;932;932;931.92;931.92;0.02;14.91;932
22.01.2017 11:45;0;0;0;0;0;0;0
22.01.2017 11:46;931.92;932.49;931.92;932.49;0.07;61.27;932.25
22.01.2017 11:47;931.92;931.92;931.92;931.92;0.02;14.91;931.92
22.01.2017 11:48;931.92;931.92;931.49;931.49;0.65;609.39;931.79
22.01.2017 11:49;931.49;931.49;930.92;930.92;0.47;434.91;931.29
22.01.2017 11:50;0;0;0;0;0;0;0
22.01.2017 11:51;0;0;0;0;0;0;0
22.01.2017 11:52;930.92;930.92;930.92;930.92;0.02;22.53;930.92
22.01.2017 11:53;930.92;930.92;930.65;930.65;0.4;372.34;930.86
22.01.2017 11:54;930.65;930.65;930;930;9.42;8764.94;930.25
22.01.2017 11:55;0;0;0;0;0;0;0
22.01.2017 11:56;0;0;0;0;0;0;0
22.01.2017 11:57;0;0;0;0;0;0;0
22.01.2017 11:58;929.98;929.98;929.98;929.98;0.16;147.5;929.98
22.01.2017 11:59;0;0;0;0;0;0;0
22.01.2017 12:00;0;0;0;0;0;0;0
22.01.2017 12:01;0;0;0;0;0;0;0
22.01.2017 12:02;0;0;0;0;0;0;0
22.01.2017 12:03;930;930;930;930;0.01;8.17;930
22.01.2017 12:04;929.92;929.92;927.92;927.92;5.72;5312.52;928.38
22.01.2017 12:05;927.57;927.57;927.57;927.57;4.1;3803.04;927.57
22.01.2017 12:06;0;0;0;0;0;0;0
22.01.2017 12:07;0;0;0;0;0;0;0
22.01.2017 12:08;927.57;927.57;926.92;926.92;2.01;1865.81;927.49
22.01.2017 12:09;926.92;926.92;926;926;2.2;2037.72;926.24
22.01.2017 12:10;926;926;924;924;9.24;8547.32;925.45
22.01.2017 12:11;923.92;924.2;923.05;924.2;2.38;2200.07;924.05
22.01.2017 12:12;924.44;924.44;923.04;924.43;2.38;2200.68;924.19
22.01.2017 12:13;923.13;924.44;923.11;924.44;1.88;1738.07;923.8
22.01.2017 12:14;924.44;924.44;924.44;924.44;3.01;2779.24;924.44
22.01.2017 12:15;924.44;925.15;924.44;925.15;1.66;1535.03;924.96
22.01.2017 12:16;0;0;0;0;0;0;0
22.01.2017 12:17;925.67;925.87;925.67;925.87;0.24;218.21;925.86
22.01.2017 12:18;925.92;926.29;925;925;1.56;1444.45;925.93
22.01.2017 12:19;0;0;0;0;0;0;0
22.01.2017 12:20;925;925;921.91;921.91;67.63;62408.87;922.76
22.01.2017 12:21;921.91;921.91;915.38;915.38;273.33;251177.06;918.95
22.01.2017 12:22;915.32;915.32;911;913;83.54;76373.86;914.22
22.01.2017 12:23;914.45;915.28;913.47;913.5;7.35;6723.21;914.36
22.01.2017 12:24;913.5;913.5;910.98;912.91;71.85;65591.6;912.91
22.01.2017 12:25;912.97;912.98;910.97;912.03;16.8;15311.45;911.45
22.01.2017 12:26;912.01;912.04;912.01;912.04;1.22;1117.08;912.03
22.01.2017 12:27;912.88;914.47;912.36;914.47;16.67;15221.29;913.05
22.01.2017 12:28;914.02;914.47;913.99;913.99;0.51;463.42;914.05
22.01.2017 12:29;914;914.61;912.99;914.61;3.41;3112.92;913.92
22.01.2017 12:30;912.99;913;912.4;912.41;20.88;19055.89;912.73
22.01.2017 12:31;912.52;912.53;907;907;98.98;90041.08;909.67
22.01.2017 12:32;907.5;909.98;905;905;52.59;47655.03;906.23
22.01.2017 12:33;906.55;906.55;904.02;904.46;36.49;33013.28;904.78
22.01.2017 12:34;905;905;904.5;905;15.33;13875.79;904.96
22.01.2017 12:35;905;906.82;904.67;906.82;32.89;29775.66;905.21
22.01.2017 12:36;906.99;908.03;906.99;908;8.4;7630.4;907.85
22.01.2017 12:37;908;908.03;908;908;9.16;8321.19;908
22.01.2017 12:38;908;908.99;907;908.99;64.02;58107.82;907.59
22.01.2017 12:39;908.99;911.41;908.99;910;16.83;15328.98;911.07
22.01.2017 12:40;910.98;912.02;910.35;912;80.68;73523.82;911.3
22.01.2017 12:41;912;912;909.36;909.36;38.52;35116.49;911.57
22.01.2017 12:42;908.99;909.95;906.99;907;60.8;55207.57;908.02
22.01.2017 12:43;907.87;907.97;904;904;56.87;51475.87;905.16
22.01.2017 12:44;904;904;901.36;902;182.44;164599.2;902.19
22.01.2017 12:45;901.51;902.01;901.51;902;60.81;54852.84;901.99
22.01.2017 12:46;902;902.51;902;902.51;36.15;32603.92;902
22.01.2017 12:47;902.51;902.51;902.51;902.51;0.42;383.08;902.51
22.01.2017 12:48;902.51;902.9;900.99;900.99;48.89;44081.15;901.58
22.01.2017 12:49;901.97;901.97;900;901;111.61;100534.33;900.8
22.01.2017 12:50;900.98;901;900.98;901;16.79;15125.8;901
22.01.2017 12:51;901;902;900.02;901.98;12.93;11653.78;901.17
22.01.2017 12:52;901.98;902;901.98;901.98;2.15;1934.83;902
22.01.2017 12:53;901.98;902.41;901.98;902.01;5.73;5172.46;902.03
22.01.2017 12:54;902.01;904.34;902;904.34;15.63;14111.05;903.08
22.01.2017 12:55;902.98;902.98;902.51;902.51;2.3;2072.49;902.66
22.01.2017 12:56;904.35;906.57;904.35;906.57;4.15;3754.11;905.44
22.01.2017 12:57;906.97;906.97;906.97;906.97;0.01;9.07;906.97
22.01.2017 12:58;906.97;907.97;906.97;907.97;8.51;7722.7;907.76
22.01.2017 12:59;908.36;909.97;907.97;908.97;12.78;11625.91;909.37
22.01.2017 13:00;908.97;909.91;907.99;909.32;6.61;6012.59;909.31
22.01.2017 13:01;908.06;908.98;907.52;908.98;5.62;5100.78;907.98
22.01.2017 13:02;908.96;909.06;907.54;909.06;2.1;1905.27;908.92
22.01.2017 13:03;907.53;910.01;907.06;907.52;8.75;7955.75;909.16
22.01.2017 13:04;907.5;908.94;907.5;908.89;6.4;5819.83;908.75
22.01.2017 13:05;908.89;908.89;908.89;908.89;1.49;1358.61;908.89
22.01.2017 13:06;908.89;913.28;908.89;913.28;35.05;31939.38;911.38
22.01.2017 13:07;911.85;915.02;911.85;915;51.77;47357.89;914.76
22.01.2017 13:08;913.85;914.78;910.43;910.43;11.34;10344.4;911.87
22.01.2017 13:09;910.86;911.73;909.92;910.51;1.09;992.73;910.82
22.01.2017 13:10;910.51;911.84;907.1;908.01;50.99;46336.06;908.73
22.01.2017 13:11;911.04;911.55;906.81;906.81;20.86;18933.68;907.72
22.01.2017 13:12;908.27;910.49;906.78;910.28;11.22;10200;908.71
22.01.2017 13:13;0;0;0;0;0;0;0
22.01.2017 13:14;910.47;910.65;910;910.65;16.19;14731.96;910.17
22.01.2017 13:15;911.47;911.47;911.47;911.47;0.02;15.64;911.47
22.01.2017 13:16;911.47;911.49;911.46;911.46;2.07;1891.16;911.47
22.01.2017 13:17;911.46;911.46;909.48;910;17.26;15704.29;910.12
22.01.2017 13:18;909.49;909.49;908.03;909.46;12.58;11441.22;909.15
22.01.2017 13:19;909.46;909.47;907.48;907.48;20.19;18333.61;908.09
22.01.2017 13:20;907.48;907.48;905.48;905.48;5.63;5103.88;906.55
22.01.2017 13:21;906.96;907;906.92;906.92;1.07;966.29;906.98
22.01.2017 13:22;906.98;906.98;906.92;906.92;0.68;619.45;906.93
22.01.2017 13:23;905.48;905.48;905;905.48;2.3;2086.52;905.38
22.01.2017 13:24;905.47;905.48;905;905.48;5.82;5270.45;905.43
22.01.2017 13:25;905.48;905.48;905;905;9.61;8694.77;905.05
22.01.2017 13:26;905;905;904.97;904.98;1.71;1548.43;904.98
22.01.2017 13:27;904.97;904.97;904.97;904.97;7.11;6436.15;904.97
22.01.2017 13:28;904.97;904.97;904.97;904.97;5.71;5164.21;904.97
22.01.2017 13:29;904.98;904.98;904.96;904.98;5.9;5339.25;904.98
22.01.2017 13:30;905.48;905.48;905;905;0.53;483.98;905.07
22.01.2017 13:31;905.48;905.48;904.11;904.11;7.04;6370.01;904.96
22.01.2017 13:32;904.9;905.16;901.54;904.48;39.63;35767.33;902.46
22.01.2017 13:33;903;904.47;902.06;904.47;24.94;22522.64;903.07
22.01.2017 13:34;903.71;904.44;903.68;903.68;2.88;2602.58;903.76
22.01.2017 13:35;904.18;904.2;904.18;904.2;0.48;432.91;904.2
22.01.2017 13:36;904.2;904.22;904.2;904.22;0.63;572.36;904.21
22.01.2017 13:37;904.22;904.22;904.22;904.22;5.72;5169.18;904.22
22.01.2017 13:38;904.2;904.2;902.68;903.24;38.09;34394.76;903.09
22.01.2017 13:39;904.19;908.3;904.19;907.74;18.01;16325.37;906.26
22.01.2017 13:40;908.19;908.19;908.19;908.19;0.08;72.66;908.19
22.01.2017 13:41;908.35;908.35;908.29;908.29;0.12;107.67;908.3
22.01.2017 13:42;0;0;0;0;0;0;0
22.01.2017 13:43;907.59;907.59;906.51;906.51;0.08;72.35;906.78
22.01.2017 13:44;906.51;907.02;905.99;905.99;3.12;2828.93;906.5
22.01.2017 13:45;905.99;906;905.47;906;1.32;1195.36;905.58
22.01.2017 13:46;906;906;905.49;905.49;0.62;557.63;905.64
22.01.2017 13:47;0;0;0;0;0;0;0
22.01.2017 13:48;905.47;905.99;904.48;905;2.68;2428.57;905.08
22.01.2017 13:49;904.49;904.49;903.7;903.7;3.23;2916.28;903.99
22.01.2017 13:50;903.7;903.71;903.7;903.7;0.76;689.72;903.71
22.01.2017 13:51;903.72;904.1;903.72;904.1;1.76;1592.64;903.88
22.01.2017 13:52;904.1;904.1;903.47;903.72;4.45;4025.66;903.67
22.01.2017 13:53;903.72;903.72;902.02;903.48;6.82;6164.22;903.21
22.01.2017 13:54;903.48;903.48;903.45;903.46;0.57;513.02;903.47
22.01.2017 13:55;0;0;0;0;0;0;0
22.01.2017 13:56;903;903;903;903;0.39;353.98;903
22.01.2017 13:57;903;903;903;903;3.48;3142.2;903
22.01.2017 13:58;903;903;903;903;0.55;497.77;903
22.01.2017 13:59;902.86;902.86;902.85;902.85;0.12;111.05;902.85
22.01.2017 14:00;902.8;902.8;900;900;51.67;46551.2;900.87
22.01.2017 14:01;900;901.01;886.76;886.76;253.24;226740.06;895.36
22.01.2017 14:02;889.16;892.09;889.14;892.09;14.66;13059.32;890.96
22.01.2017 14:03;891.03;892.47;891.03;892.47;1.62;1445.41;892.17
22.01.2017 14:04;891.5;893.14;890.02;891.5;10.27;9156.75;891.45
22.01.2017 14:05;891.61;892.43;889.15;892.28;5.54;4940.41;891.55
22.01.2017 14:06;892.43;892.47;890.67;892.47;53.92;48117.32;892.33
22.01.2017 14:07;892.47;892.47;892.35;892.47;9.25;8258.5;892.39
22.01.2017 14:08;892.47;893.3;892.47;893.3;5.3;4731.32;892.6
22.01.2017 14:09;893;893;892.6;892.6;9.86;8805.83;892.74
22.01.2017 14:10;892.6;892.6;892.6;892.6;7.39;6596.01;892.6
22.01.2017 14:11;892.6;893.3;892.6;893.3;8.62;7701.22;892.95
22.01.2017 14:12;893.3;896.66;892.86;896.66;11.02;9853.77;894.34
22.01.2017 14:13;896.69;898;896.66;897.31;18.49;16591.3;897.37
22.01.2017 14:14;897.84;897.84;895.94;895.96;15.39;13809.06;897
22.01.2017 14:15;895.95;896;895.95;895.96;1.81;1617.5;895.96
22.01.2017 14:16;895.96;895.98;893.9;894.26;16.64;14893.63;895.27
22.01.2017 14:17;894.26;894.26;893;893;13.24;11839.69;893.9
22.01.2017 14:18;894.24;894.26;894.24;894.26;1.91;1710.69;894.25
22.01.2017 14:19;894.24;894.24;892.74;893;2.36;2111.71;893.81
22.01.2017 14:20;894.26;895.09;893.01;894.98;12.69;11356.52;894.82
22.01.2017 14:21;894.98;895;892.6;892.6;107.05;95792.15;894.88
22.01.2017 14:22;892.98;894.21;892.6;892.6;3.36;2996.53;893.04
22.01.2017 14:23;894.15;894.15;894.15;894.15;0.19;168.56;894.15
22.01.2017 14:24;894.15;894.16;894.14;894.14;0.33;295.96;894.15
22.01.2017 14:25;894.14;894.19;894.14;894.19;13.57;12130.4;894.16
22.01.2017 14:26;894.19;894.19;894.19;894.19;0.26;229.71;894.19
22.01.2017 14:27;894.19;895;894.19;895;14.72;13163.75;894.5
22.01.2017 14:28;894.97;895.21;894.97;895.21;2.9;2594.86;895.03
22.01.2017 14:29;895.26;897.93;895.26;897.21;6.73;6039.93;896.96
22.01.2017 14:30;897.21;897.93;896.23;896.23;3.77;3383.63;897.59
22.01.2017 14:31;896.23;896.97;896.21;896.21;6.02;5399.71;896.25
22.01.2017 14:32;895.98;896;895.98;896;16.19;14506.94;896
22.01.2017 14:33;896;898.48;896;898.48;18.95;16999.11;897.03
22.01.2017 14:34;898.48;898.48;898.48;898.48;0.69;622.88;898.48
22.01.2017 14:35;898.48;898.48;897.72;897.72;8.31;7466.78;898.47
22.01.2017 14:36;898.48;903.27;897.81;903.27;33.45;30132.3;900.8
22.01.2017 14:37;902.85;903.82;901.22;901.22;2.42;2181.43;902.32
22.01.2017 14:38;903.39;903.81;902.15;902.15;0.8;721.6;903.13
22.01.2017 14:39;903;903;902.1;902.13;0.58;525.08;902.2
22.01.2017 14:40;903.81;903.83;900.37;900.98;24.48;22070.17;901.55
22.01.2017 14:41;900.98;902;900.39;901.97;25.48;22968.1;901.41
22.01.2017 14:42;0;0;0;0;0;0;0
22.01.2017 14:43;901.97;902;901.05;902;1.71;1538.13;901.86
22.01.2017 14:44;902;902;901.09;901.09;3.51;3162.83;901.79
22.01.2017 14:45;901.99;902;901.09;901.09;2.55;2297.04;901.63
22.01.2017 14:46;901.09;902;901.08;902;1.24;1117.22;901.32
22.01.2017 14:47;902;902;902;902;9.73;8773.48;902
22.01.2017 14:48;902.04;902.04;902.04;902.04;0.03;25.61;902.04
22.01.2017 14:49;902.04;902.19;902.04;902.19;1.16;1045.18;902.1
22.01.2017 14:50;903.04;904.14;903.04;904.14;1.8;1627.1;903.54
22.01.2017 14:51;904.48;905.48;904.48;905;19.07;17257.9;905.02
22.01.2017 14:52;905;906;904.56;906;17.39;15747.5;905.5
22.01.2017 14:53;905.99;906;905.99;906;3;2718.71;906
22.01.2017 14:54;906;906;906;906;16.82;15238.58;906
22.01.2017 14:55;906;906.03;906;906;42.35;38365.58;906
22.01.2017 14:56;906;907.44;906;906.02;6.7;6078.33;906.69
22.01.2017 14:57;906.02;907.47;906.02;907.47;0.88;799.59;906.04
22.01.2017 14:58;907.47;907.59;906.03;906.03;4.4;3989.46;907.19
22.01.2017 14:59;906.03;906.2;905.26;905.26;1.11;1001.79;905.78
22.01.2017 15:00;905.26;907.54;905.24;907.53;5.13;4649.06;906.44
22.01.2017 15:01;907.59;907.97;905.29;905.29;0.6;540.29;906.36
22.01.2017 15:02;905.3;905.3;905.26;905.26;2.12;1922.83;905.29
22.01.2017 15:03;905.26;905.26;905.24;905.24;1.12;1014.78;905.24
22.01.2017 15:04;906.86;907.29;905.24;905.24;1.27;1145.99;905.65
22.01.2017 15:05;905.24;906.03;904.12;904.12;9.93;8984;905.07
22.01.2017 15:06;904.12;906.02;904.03;906.02;0.13;115.37;905.29
22.01.2017 15:07;906.02;906.85;905.9;905.9;4.26;3865.34;906.36
22.01.2017 15:08;905.76;907.02;905.76;907;2.48;2250.67;906.87
22.01.2017 15:09;907.02;907.24;907;907.01;6.43;5830.5;907.19
22.01.2017 15:10;907.01;907.24;907.01;907.24;6.41;5815.65;907.18
22.01.2017 15:11;907.24;909;907.24;908.99;13.78;12525.22;908.77
22.01.2017 15:12;908.99;911.71;908.48;909.11;43.29;39375.27;909.54
22.01.2017 15:13;908.48;909.48;908.47;908.47;1.29;1168.1;908.73
22.01.2017 15:14;908.47;909.49;908.47;909.48;3.15;2860.17;909.43
22.01.2017 15:15;909.49;909.49;909.47;909.48;6.54;5945.23;909.49
22.01.2017 15:16;909.48;909.48;909.47;909.47;2.65;2411.03;909.48
22.01.2017 15:17;909.47;909.49;909.46;909.48;1.44;1311.45;909.47
22.01.2017 15:18;909.49;910.46;909.48;910.46;6.77;6154.47;909.54
22.01.2017 15:19;910.46;911.86;910.46;910.71;2.41;2194.56;910.83
22.01.2017 15:20;910.7;910.7;910.49;910.49;3.04;2766.41;910.6
22.01.2017 15:21;910.49;911.63;910.49;910.49;2.11;1925;910.6
22.01.2017 15:22;910.49;911.65;910.06;911.65;12.28;11181.73;910.53
22.01.2017 15:23;911.86;912.65;910.65;912.65;5.5;5012.13;911.86
22.01.2017 15:24;910.66;911.65;910.46;910.46;0.92;841.54;910.76
22.01.2017 15:25;910.46;911.22;909.66;911.16;1.79;1627.07;910.45
22.01.2017 15:26;909.66;911.28;909.49;909.49;5.83;5308.76;910.73
22.01.2017 15:27;909.49;909.49;909.48;909.49;5.17;4705.69;909.49
22.01.2017 15:28;909.49;911.3;909.48;909.5;7.44;6765.62;909.9
22.01.2017 15:29;909.5;911.06;909.48;909.48;3.69;3357.57;909.91
22.01.2017 15:30;911.06;911.06;909.48;909.48;1.74;1579.37;909.67
22.01.2017 15:31;910.24;910.67;910.22;910.22;0.5;451.64;910.5
22.01.2017 15:32;910.64;910.64;909.52;909.52;0.21;190.82;909.97
22.01.2017 15:33;909.5;909.52;909.49;909.5;2.19;1994.02;909.51
22.01.2017 15:34;909.52;909.52;909.48;909.52;14.95;13601.39;909.52
22.01.2017 15:35;909.52;909.52;909.46;909.52;6.33;5761.64;909.52
22.01.2017 15:36;0;0;0;0;0;0;0
22.01.2017 15:37;909.46;909.46;908.91;908.91;1.46;1328.32;909.19
22.01.2017 15:38;908.88;909.52;908.88;908.91;11.4;10365.71;908.95
22.01.2017 15:39;909.52;909.52;909.52;909.52;3.93;3574.41;909.52
22.01.2017 15:40;909.52;909.52;909.52;909.52;1.54;1396.57;909.52
22.01.2017 15:41;909.46;909.52;909.46;909.52;4.16;3779.51;909.46
22.01.2017 15:42;909.47;909.52;909.47;909.52;0.1;92.19;909.52
22.01.2017 15:43;909.47;909.47;909.46;909.46;1.88;1713.08;909.47
22.01.2017 15:44;909.47;909.52;908.88;908.88;6.32;5741.51;909.17
22.01.2017 15:45;0;0;0;0;0;0;0
22.01.2017 15:46;909.49;909.49;909.49;909.49;0.11;98.88;909.49
22.01.2017 15:47;0;0;0;0;0;0;0
22.01.2017 15:48;0;0;0;0;0;0;0
22.01.2017 15:49;908.88;908.88;908.88;908.88;1;908.88;908.88
22.01.2017 15:50;908.88;909.16;907.76;909.16;2.48;2251.27;908.64
22.01.2017 15:51;907.76;907.76;907;907;12.49;11325.41;907.11
22.01.2017 15:52;906.98;907;906.98;907;2.13;1927.65;906.99
22.01.2017 15:53;906.98;907;906.66;907;5.72;5187.57;906.94
22.01.2017 15:54;906.66;907;906.04;906.04;1.45;1315.68;906.44
22.01.2017 15:55;907;907;906.99;907;0.26;237.62;906.99
22.01.2017 15:56;906.22;907;906.2;906.54;5.79;5247.62;906.79
22.01.2017 15:57;907;907.66;907;907.66;7.41;6719.01;907
22.01.2017 15:58;907.66;907.66;907.66;907.66;0.48;438.4;907.66
22.01.2017 15:59;908.66;909.47;908.66;908.99;5.82;5294.11;909.17
22.01.2017 16:00;908.99;908.99;908.99;908.99;0.04;40.38;908.99
22.01.2017 16:01;908.99;909.47;908.99;909.47;3.25;2958.9;909.37
22.01.2017 16:02;909.46;909.46;909.46;909.46;0.01;10.45;909.46
22.01.2017 16:03;909.43;909.43;909.4;909.4;5.9;5365.47;909.4
22.01.2017 16:04;909.35;909.35;909.35;909.35;0.02;18.79;909.35
22.01.2017 16:05;0;0;0;0;0;0;0
22.01.2017 16:06;909.34;909.35;909.34;909.35;4.78;4345.86;909.35
22.01.2017 16:07;909.35;909.35;909.35;909.35;4.92;4470.77;909.35
22.01.2017 16:08;909.37;909.37;909.37;909.37;9.09;8262.82;909.37
22.01.2017 16:09;909.37;909.49;909.37;909.49;1.05;959.24;909.39
22.01.2017 16:10;909.49;911.86;909.49;911.86;106.36;96742.51;909.59
22.01.2017 16:11;912.1;913.39;911.44;911.44;10.55;9620.15;912.28
22.01.2017 16:12;911.44;911.44;911.42;911.42;2.65;2416.64;911.42
22.01.2017 16:13;911.42;912.66;911.42;911.5;0.88;801.25;911.85
22.01.2017 16:14;912.62;912.65;911.68;911.68;8.2;7481.56;912.6
22.01.2017 16:15;912.65;912.66;911.7;911.7;4.03;3674.8;912.55
22.01.2017 16:16;912.5;913.83;912.5;913.83;1.52;1384.16;912.56
22.01.2017 16:17;913.83;915;913.83;915;12.59;11517.85;914.74
22.01.2017 16:18;914.85;915;913.85;914.99;5.61;5136.51;914.87
22.01.2017 16:19;913.85;913.85;912.85;913.01;2.12;1933.74;913.04
22.01.2017 16:20;0;0;0;0;0;0;0
22.01.2017 16:21;914.93;914.99;914.93;914.99;3.07;2808.97;914.97
22.01.2017 16:22;914.99;915;914.99;914.99;4.24;3883.54;914.99
22.01.2017 16:23;914.99;915.62;913.48;915.62;8.62;7887.98;914.83
22.01.2017 16:24;915.84;915.84;915.01;915.01;3.61;3302.96;915.2
22.01.2017 16:25;915.01;915.86;915.01;915.86;13.75;12590.43;915.36
22.01.2017 16:26;915.84;916.18;915.84;916.17;1.98;1811;916.03
22.01.2017 16:27;915.65;915.65;914.85;914.85;2.58;2363.74;915.47
22.01.2017 16:28;914.85;914.98;914.21;914.98;0.56;509.9;914.75
22.01.2017 16:29;914.98;915.66;913.53;913.53;11.08;10127.68;913.84
22.01.2017 16:30;915;915.98;915;915.98;15.8;14459.59;915.32
22.01.2017 16:31;913.75;915.9;913.01;915.62;24.32;22241.35;914.66
22.01.2017 16:32;915.65;915.65;915.62;915.62;2.87;2623.72;915.63
22.01.2017 16:33;915.62;915.62;915.62;915.62;5.99;5488.34;915.62
22.01.2017 16:34;915.64;915.64;915.64;915.64;0.02;18.79;915.64
22.01.2017 16:35;915.62;915.62;915.62;915.62;1.62;1482.25;915.62
22.01.2017 16:36;915.62;915.63;913.94;915.63;2.7;2468.44;915.31
22.01.2017 16:37;915.63;915.64;914.06;914.06;0.63;574.04;915.4
22.01.2017 16:38;914.07;914.07;914.07;914.07;0.26;233.6;914.07
22.01.2017 16:39;914.07;915.6;914.07;915.6;1.08;985.16;915.56
22.01.2017 16:40;915.6;915.64;915.6;915.64;0.32;293.53;915.61
22.01.2017 16:41;915.62;915.64;915.6;915.64;0.73;672.66;915.63
22.01.2017 16:42;915.64;915.64;915.64;915.64;3.99;3656.51;915.64
22.01.2017 16:43;915.64;915.9;915.64;915.9;5.65;5172.87;915.64
22.01.2017 16:44;915.73;915.98;915.73;915.98;0.29;267.43;915.79
22.01.2017 16:45;915.73;916.44;915.62;915.63;9.64;8833.17;915.92
22.01.2017 16:46;916.46;916.98;915.62;915.62;2.33;2132.77;916.23
22.01.2017 16:47;916.44;916.44;915.62;915.62;1.64;1500.49;915.65
22.01.2017 16:48;916.46;916.46;915.62;915.62;1.8;1648.4;915.91
22.01.2017 16:49;915.62;915.62;915.62;915.62;0.39;358.82;915.62
22.01.2017 16:50;915.62;916.96;914.98;914.98;3.1;2842.19;915.66
22.01.2017 16:51;914.99;914.99;914.04;914.04;0.6;545.31;914.94
22.01.2017 16:52;0;0;0;0;0;0;0
22.01.2017 16:53;916;916;914.07;916;0.47;433.26;914.18
22.01.2017 16:54;914.08;915.94;914.08;915.94;0.09;83.22;914.31
22.01.2017 16:55;0;0;0;0;0;0;0
22.01.2017 16:56;915.81;915.81;914.08;914.08;0.17;159.01;915.21
22.01.2017 16:57;914.08;914.08;913;913;3.28;2994.66;913.29
22.01.2017 16:58;913;914.01;913;914;0.38;346.71;913.72
22.01.2017 16:59;913.09;913.09;913.09;913.09;0.08;73.05;913.09
22.01.2017 17:00;0;0;0;0;0;0;0
22.01.2017 17:01;914;914;914;914;1.01;920.23;914
22.01.2017 17:02;0;0;0;0;0;0;0
22.01.2017 17:03;0;0;0;0;0;0;0
22.01.2017 17:04;914;914;914;914;0.03;24.69;914
22.01.2017 17:05;914;915.42;914;915.42;13.34;12197.72;914.11
22.01.2017 17:06;915.5;915.5;915.5;915.5;1;915.5;915.5
22.01.2017 17:07;0;0;0;0;0;0;0
22.01.2017 17:08;0;0;0;0;0;0;0
22.01.2017 17:09;915.5;915.56;915.5;915.56;1.74;1588.39;915.5
22.01.2017 17:10;915.9;915.9;915.9;915.9;0.5;457.95;915.9
22.01.2017 17:11;916.9;917;915.91;915.98;3.7;3394.71;916.75
22.01.2017 17:12;915.98;915.98;915.9;915.9;1.71;1568.02;915.9
22.01.2017 17:13;916.99;917;915.9;915.9;1.97;1801.29;916.63
22.01.2017 17:14;915.9;916.9;915.9;915.9;1.22;1119.85;916.13
22.01.2017 17:15;915.04;915.04;915.04;915.04;0.03;25.62;915.04
22.01.2017 17:16;916.19;916.24;916.19;916.24;0.24;217.27;916.19
22.01.2017 17:17;916.24;916.25;916.24;916.25;0.85;775.19;916.24
22.01.2017 17:18;916.26;916.26;916.25;916.25;0.8;734.78;916.25
22.01.2017 17:19;0;0;0;0;0;0;0
22.01.2017 17:20;916.15;916.15;916.15;916.15;0.21;193.31;916.15
22.01.2017 17:21;916.15;916.15;916.15;916.15;0.15;137.05;916.15
22.01.2017 17:22;916.15;916.15;916.15;916.15;1.59;1455.41;916.15
22.01.2017 17:23;0;0;0;0;0;0;0
22.01.2017 17:24;916.25;916.25;916.24;916.24;0.24;218.33;916.24
22.01.2017 17:25;916.24;916.58;916.24;916.58;2.5;2293.77;916.35
22.01.2017 17:26;0;0;0;0;0;0;0
22.01.2017 17:27;916.91;916.91;916.91;916.91;0.05;42.9;916.91
22.01.2017 17:28;0;0;0;0;0;0;0
22.01.2017 17:29;916.91;917;916;917;0.69;636.29;916.93
22.01.2017 17:30;917;917;917;917;0.85;782.98;917
22.01.2017 17:31;917;917;917;917;0.08;73.36;917
22.01.2017 17:32;0;0;0;0;0;0;0
22.01.2017 17:33;0;0;0;0;0;0;0
22.01.2017 17:34;916;917;916;917;0.12;106.41;916.14
22.01.2017 17:35;917;917;917;917;0.05;46.1;917
22.01.2017 17:36;917;917;917;917;0.03;28.43;917
22.01.2017 17:37;917;917;917;917;0.23;206.5;917
22.01.2017 17:38;915.93;917.46;915.93;917.46;2.11;1934.05;916.54
22.01.2017 17:39;917.46;918.45;917.46;918.45;1.32;1214.89;917.74
22.01.2017 17:40;918.46;918.91;918.46;918.91;10.06;9246.13;918.82
22.01.2017 17:41;917.47;917.47;914.75;916.03;21.98;20141.13;916.25
22.01.2017 17:42;916.03;917.04;916.03;917.04;2.04;1868.88;916.56
22.01.2017 17:43;917.04;918.03;916.04;918.03;9.09;8331.47;916.16
22.01.2017 17:44;916.04;916.04;916.03;916.03;0.51;470.02;916.03
22.01.2017 17:45;917.03;917.03;917.03;917.03;0.07;67.96;917.03
22.01.2017 17:46;916.99;917.22;916.99;917.22;3.35;3068.94;917.12
22.01.2017 17:47;915.05;917.22;915.05;917.22;0.21;191.57;916.6
22.01.2017 17:48;917.22;917.99;917.22;917.99;11.15;10230.4;917.65
22.01.2017 17:49;918.01;918.03;915.43;918.03;0.17;154.19;917.28
22.01.2017 17:50;918.03;918.03;918.03;918.03;0.04;36.72;918.03
22.01.2017 17:51;917.99;917.99;917.99;917.99;5.1;4685.42;917.99
22.01.2017 17:52;918;918;918;918;0.05;45.9;918
22.01.2017 17:53;918;918;918;918;0.08;73.23;918
22.01.2017 17:54;917.99;917.99;917.99;917.99;0.67;617.18;917.99
22.01.2017 17:55;915.31;917.99;915.3;917.99;8.91;8160.74;915.58
22.01.2017 17:56;918.03;918.03;918.03;918.03;0.05;42.23;918.03
22.01.2017 17:57;0;0;0;0;0;0;0
22.01.2017 17:58;917.11;917.11;917.11;917.11;0.05;47.69;917.11
22.01.2017 17:59;0;0;0;0;0;0;0
22.01.2017 18:00;916.9;916.9;916.77;916.78;6.18;5661.93;916.79
22.01.2017 18:01;915.05;916.89;915.03;916.07;11.26;10313.15;916.28
22.01.2017 18:02;916.06;916.56;916.06;916.56;5.04;4615.43;916.56
22.01.2017 18:03;916.47;916.47;916.47;916.47;0.02;21.22;916.47
22.01.2017 18:04;0;0;0;0;0;0;0
22.01.2017 18:05;916.75;916.76;916.74;916.76;2.11;1936.2;916.75
22.01.2017 18:06;916.47;916.47;916.47;916.47;0.01;5.91;916.47
22.01.2017 18:07;915.07;915.07;915.06;915.06;0.5;457.53;915.06
22.01.2017 18:08;915.06;915.06;913.14;913.14;22.05;20138.66;913.43
22.01.2017 18:09;913.14;913.37;911.9;912.24;26.46;24144.03;912.42
22.01.2017 18:10;913.37;914.88;912;912;10.13;9249.62;912.96
22.01.2017 18:11;913.03;913.03;912.02;912.02;1;912.85;912.85
22.01.2017 18:12;913.61;913.61;912.02;912.02;2;1827.5;913.25
22.01.2017 18:13;911.95;913.6;911.95;913.6;2.75;2507.41;913.37
22.01.2017 18:14;913.67;913.67;913.67;913.67;2.19;1997.8;913.67
22.01.2017 18:15;914.02;914.02;914.02;914.02;1;914.02;914.02
22.01.2017 18:16;0;0;0;0;0;0;0
22.01.2017 18:17;913.71;913.71;912.84;912.84;2.4;2189.79;913.35
22.01.2017 18:18;912.84;912.84;912.6;912.6;0.97;885.18;912.72
22.01.2017 18:19;911.9;913.14;911.9;913.14;0.53;487.26;911.98
22.01.2017 18:20;913.14;913.43;911.9;913.43;2.27;2072.89;912.7
22.01.2017 18:21;0;0;0;0;0;0;0
22.01.2017 18:22;913.85;913.85;913.43;913.43;0.57;521.14;913.79
22.01.2017 18:23;913.85;914.02;913.44;913.44;0.64;585.55;913.96
22.01.2017 18:24;913.42;913.42;913.42;913.42;0.04;38.62;913.42
22.01.2017 18:25;913;913.75;913;913.75;2.5;2284.09;913.64
22.01.2017 18:26;913.94;913.94;913.85;913.87;0.38;347.91;913.86
22.01.2017 18:27;913.54;913.54;913.54;913.54;2;1827.08;913.54
22.01.2017 18:28;912.84;913.25;912.84;913.25;2.29;2090.03;913.2
22.01.2017 18:29;913.27;913.27;912.85;912.85;1.07;973.13;912.88
22.01.2017 18:30;912.85;913.18;912.85;913.18;5;4564.39;912.88
22.01.2017 18:31;913.51;913.57;912.16;913.57;5.66;5169.85;913.22
22.01.2017 18:32;913.2;913.2;913.2;913.2;0.06;56.52;913.2
22.01.2017 18:33;913.37;913.53;913.37;913.53;0.24;217.51;913.46
22.01.2017 18:34;913.53;913.53;913.53;913.53;0.22;200.22;913.53
22.01.2017 18:35;913.83;913.83;913.83;913.83;0.03;31.32;913.83
22.01.2017 18:36;912.5;912.5;912.5;912.5;0.02;18.25;912.5
22.01.2017 18:37;913.83;913.88;913.83;913.88;3.14;2871.66;913.87
22.01.2017 18:38;0;0;0;0;0;0;0
22.01.2017 18:39;0;0;0;0;0;0;0
22.01.2017 18:40;913.88;913.88;913.88;913.88;0.04;36.53;913.88
22.01.2017 18:41;913.88;913.88;913.88;913.88;6.14;5612.78;913.88
22.01.2017 18:42;0;0;0;0;0;0;0
22.01.2017 18:43;913.88;913.88;913.88;913.88;0.05;43.22;913.88
22.01.2017 18:44;913.88;913.88;913.88;913.88;7.82;7148.69;913.88
22.01.2017 18:45;913.88;914.15;913.88;914.15;2.21;2021.42;913.88
22.01.2017 18:46;914.15;914.15;914.15;914.15;0.46;420.51;914.15
22.01.2017 18:47;0;0;0;0;0;0;0
22.01.2017 18:48;0;0;0;0;0;0;0
22.01.2017 18:49;0;0;0;0;0;0;0
22.01.2017 18:50;914.13;914.13;914.12;914.12;1.46;1333.34;914.13
22.01.2017 18:51;913.86;913.86;913.86;913.86;7.03;6428.61;913.86
22.01.2017 18:52;913.86;913.86;913.86;913.86;3.34;3049.94;913.86
22.01.2017 18:53;913.01;913.73;913;913.73;0.9;825.69;913.01
22.01.2017 18:54;913.73;913.73;913.73;913.73;0.01;10.42;913.73
22.01.2017 18:55;0;0;0;0;0;0;0
22.01.2017 18:56;912.91;912.91;912.91;912.91;0.69;627.96;912.91
22.01.2017 18:57;912.91;912.91;912.91;912.91;0.28;253.52;912.91
22.01.2017 18:58;0;0;0;0;0;0;0
22.01.2017 18:59;913.36;913.36;913.36;913.36;0.14;125.13;913.36
22.01.2017 19:00;913.36;913.36;911.51;911.51;20.04;18276.1;912.07
22.01.2017 19:01;0;0;0;0;0;0;0
22.01.2017 19:02;912.5;912.5;912.49;912.49;0.14;128.66;912.49
22.01.2017 19:03;912.51;912.65;912.47;912.47;0.31;284.72;912.57
22.01.2017 19:04;912.01;912.01;911.51;911.95;6.24;5690.88;911.57
22.01.2017 19:05;911.51;911.81;911;911;1.49;1360.42;911.21
22.01.2017 19:06;911.79;911.79;911.79;911.79;0.11;98.47;911.79
22.01.2017 19:07;911.79;911.8;911.79;911.8;0.11;104.18;911.79
22.01.2017 19:08;911.8;911.8;911.8;911.8;0.13;118.94;911.8
22.01.2017 19:09;0;0;0;0;0;0;0
22.01.2017 19:10;911.8;911.8;911.8;911.8;0.36;324.65;911.8
22.01.2017 19:11;0;0;0;0;0;0;0
22.01.2017 19:12;911.8;911.8;910.38;910.38;1.96;1782.96;910.71
22.01.2017 19:13;911.44;911.45;911.44;911.45;0.33;297.13;911.44
22.01.2017 19:14;911.45;911.45;911.45;911.45;0.04;40;911.45
22.01.2017 19:15;911.44;911.44;910.74;910.74;0.26;239.7;910.78
22.01.2017 19:16;911.44;911.45;911.44;911.45;1.66;1512.49;911.45
22.01.2017 19:17;911.45;911.45;911.45;911.45;3.77;3438.63;911.45
22.01.2017 19:18;911.45;911.45;911.45;911.45;0.85;773.82;911.45
22.01.2017 19:19;911.45;911.45;911.45;911.45;0.19;170.44;911.45
22.01.2017 19:20;911.45;911.45;911.45;911.45;4.1;3737.72;911.45
22.01.2017 19:21;911.46;911.46;911.45;911.45;0.93;849.55;911.45
22.01.2017 19:22;0;0;0;0;0;0;0
22.01.2017 19:23;911.49;911.97;911.49;911.97;0.24;218.48;911.89
22.01.2017 19:24;911.97;912;911.97;912;4.97;4532.94;912
22.01.2017 19:25;911.98;911.98;911.98;911.98;0.61;553.85;911.98
22.01.2017 19:26;911.98;911.98;911.98;911.98;0.18;164.47;911.98
22.01.2017 19:27;911.98;911.98;911.98;911.98;0.12;107.61;911.98
22.01.2017 19:28;911.98;911.98;911.98;911.98;1.7;1546.72;911.98
22.01.2017 19:29;911.98;911.98;911.77;911.77;6.09;5555.26;911.98
22.01.2017 19:30;911.98;911.98;911.98;911.98;0.07;66.57;911.98
22.01.2017 19:31;0;0;0;0;0;0;0
22.01.2017 19:32;911.98;911.98;911.98;911.98;0.21;189.46;911.98
22.01.2017 19:33;911.98;912;911.98;912;3.8;3465.58;911.99
22.01.2017 19:34;912;912.05;912;912.05;6.41;5847.56;912.02
22.01.2017 19:35;912.69;912.69;912.69;912.69;0.05;41.98;912.69
22.01.2017 19:36;911.92;912.69;911.92;912.69;0.13;115.47;912.34
22.01.2017 19:37;912.69;912.69;911.97;912.69;0.12;107.79;912.56
22.01.2017 19:38;911.62;911.62;911.62;911.62;0.8;733.44;911.62
22.01.2017 19:39;911.64;911.64;911.5;911.5;15.06;13724.09;911.52
22.01.2017 19:40;911.5;911.5;911.5;911.5;2.68;2446.81;911.5
22.01.2017 19:41;911.86;911.86;911.47;911.47;3.66;3333.14;911.5
22.01.2017 19:42;0;0;0;0;0;0;0
22.01.2017 19:43;911.47;911.47;911;911;3.55;3230.54;911
22.01.2017 19:44;912.05;912.05;912.05;912.05;1.47;1340.71;912.05
22.01.2017 19:45;912.05;912.05;912.05;912.05;0.22;205;912.05
22.01.2017 19:46;912.05;912.05;912.05;912.05;0.06;50.27;912.05
22.01.2017 19:47;912.05;912.05;912.05;912.05;0.9;818.76;912.05
22.01.2017 19:48;912.05;912.05;912.05;912.05;0.23;207.33;912.05
22.01.2017 19:49;912.05;912.07;912.05;912.07;8.26;7530.17;912.05
22.01.2017 19:50;912.07;912.07;912.07;912.07;0.31;286.8;912.07
22.01.2017 19:51;911.65;911.89;911.47;911.88;1.64;1498.53;911.53
22.01.2017 19:52;912.06;912.69;912.06;912.69;2.25;2051.58;912.18
22.01.2017 19:53;912.69;912.69;912.69;912.69;0.55;498.75;912.69
22.01.2017 19:54;912.51;912.51;912.51;912.51;0.02;20.6;912.51
22.01.2017 19:55;912.04;912.51;912.04;912.51;0.43;391.46;912.06
22.01.2017 19:56;0;0;0;0;0;0;0
22.01.2017 19:57;912.51;912.7;912.51;912.7;0.25;227.41;912.54
22.01.2017 19:58;912.7;912.7;912.7;912.7;0.07;63.31;912.7
22.01.2017 19:59;912.7;912.7;912.7;912.7;0.05;49.88;912.7
22.01.2017 20:00;912.7;912.7;912.7;912.7;0.02;20.95;912.7
22.01.2017 20:01;912.7;912.73;912.7;912.73;1.66;1515.6;912.7
22.01.2017 20:02;912.73;912.73;912.73;912.73;0.04;36.52;912.73
22.01.2017 20:03;912.73;912.73;912.65;912.65;3.2;2917.11;912.65
22.01.2017 20:04;912.73;912.73;912.73;912.73;0.38;345.82;912.73
22.01.2017 20:05;912.73;913.01;912.73;913.01;2.36;2155.66;912.79
22.01.2017 20:06;913.69;914.01;913.69;914.01;1;913.85;913.85
22.01.2017 20:07;914.15;915.25;914.15;915.25;24.95;22837.15;915.17
22.01.2017 20:08;915.25;916.57;915.25;915.99;5.79;5299.79;915.73
22.01.2017 20:09;915.87;916.74;915.73;915.73;3.28;3009.98;916.43
22.01.2017 20:10;916.51;917.71;916.51;917.71;6.87;6297.52;917.06
22.01.2017 20:11;917.84;918.37;917.84;918.37;11.04;10140.91;918.29
22.01.2017 20:12;918.84;918.98;918.84;918.98;2.5;2297.15;918.86
22.01.2017 20:13;0;0;0;0;0;0;0
22.01.2017 20:14;918.83;918.96;918.83;918.96;2.22;2041.06;918.83
22.01.2017 20:15;918.41;919.17;918.41;919.17;11.08;10183.17;919.08
22.01.2017 20:16;919.18;919.18;919.16;919.16;3.57;3281.54;919.17
22.01.2017 20:17;919.19;919.19;919.19;919.19;0.01;8.88;919.19
22.01.2017 20:18;919.19;919.58;919.19;919.58;1.02;938.45;919.39
22.01.2017 20:19;919.46;919.46;919.46;919.46;1.15;1053.99;919.46
22.01.2017 20:20;919.58;920;919.58;919.98;1.87;1717.29;919.84
22.01.2017 20:21;920;920;920;920;3.93;3617.27;920
22.01.2017 20:22;0;0;0;0;0;0;0
22.01.2017 20:23;0;0;0;0;0;0;0
22.01.2017 20:24;919.5;919.5;919.5;919.5;0.1;94.71;919.5
22.01.2017 20:25;919.5;919.5;919.47;919.48;3.29;3026.91;919.48
22.01.2017 20:26;0;0;0;0;0;0;0
22.01.2017 20:27;919.19;919.19;917.82;917.82;3.87;3555.67;918.12
22.01.2017 20:28;0;0;0;0;0;0;0
22.01.2017 20:29;919.32;919.32;919.32;919.32;0.48;439.82;919.32
22.01.2017 20:30;919.27;919.27;919.27;919.27;0.02;19.92;919.27
22.01.2017 20:31;919.26;919.38;919.26;919.38;0.04;36.22;919.32
22.01.2017 20:32;919;919;919;919;0.08;68.93;919
22.01.2017 20:33;0;0;0;0;0;0;0
22.01.2017 20:34;919;919;919;919;0.16;145.3;919
22.01.2017 20:35;0;0;0;0;0;0;0
22.01.2017 20:36;918.96;918.97;918.96;918.97;0.23;215.69;918.96
22.01.2017 20:37;918.97;918.97;918.97;918.97;0.4;369.08;918.97
22.01.2017 20:38;0;0;0;0;0;0;0
22.01.2017 20:39;918.98;918.98;918;918.98;0.58;533.43;918.91
22.01.2017 20:40;918.98;919;918;919;0.31;289.03;918.8
22.01.2017 20:41;919;919;918.98;918.98;0.14;128.66;918.99
22.01.2017 20:42;918.98;919;918.98;918.98;2.7;2477.38;919
22.01.2017 20:43;918.98;919.54;918.98;919.54;1.75;1608.17;919.48
22.01.2017 20:44;920;920;920;920;0.03;24.51;920
22.01.2017 20:45;920;920;920;920;0.61;558.41;920
22.01.2017 20:46;920.46;920.63;920.01;920.01;1.23;1129.26;920.51
22.01.2017 20:47;920.84;921.42;920.84;921.42;0.19;177.35;921.06
22.01.2017 20:48;921.43;921.43;921.43;921.43;1;921.43;921.43
22.01.2017 20:49;0;0;0;0;0;0;0
22.01.2017 20:50;920.71;920.71;920.34;920.51;3.3;3035.48;920.41
22.01.2017 20:51;920.42;920.43;920.31;920.31;22.08;20326.91;920.4
22.01.2017 20:52;0;0;0;0;0;0;0
22.01.2017 20:53;920.35;920.35;920.35;920.35;0.01;8.1;920.35
22.01.2017 20:54;0;0;0;0;0;0;0
22.01.2017 20:55;920.35;920.35;920.33;920.33;1.76;1623.73;920.34
22.01.2017 20:56;920.34;922.46;920.34;922.46;5.07;4672.97;921.77
22.01.2017 20:57;920.55;920.55;920.55;920.55;0.03;23.01;920.55
22.01.2017 20:58;920.55;920.55;920.54;920.54;0.55;506.3;920.55
22.01.2017 20:59;0;0;0;0;0;0;0
22.01.2017 21:00;920.54;920.54;920.54;920.54;0.23;212.03;920.54
22.01.2017 21:01;0;0;0;0;0;0;0
22.01.2017 21:02;920.54;920.54;920.54;920.54;0.07;64.04;920.54
22.01.2017 21:03;0;0;0;0;0;0;0
22.01.2017 21:04;920.54;921.33;920.09;921.33;0.6;550.44;920.38
22.01.2017 21:05;921.33;921.33;919.34;919.34;2.58;2371.13;919.88
22.01.2017 21:06;919.63;919.63;919.63;919.63;0.4;370.61;919.63
22.01.2017 21:07;919.63;919.63;918.98;918.98;2.64;2424.43;919.39
22.01.2017 21:08;918.98;920.04;918.58;920.04;0.89;813.66;918.81
22.01.2017 21:09;920.04;921.34;920.04;921.33;27.4;25231.75;920.86
22.01.2017 21:10;921.34;921.5;921.34;921.5;0.41;375.88;921.35
22.01.2017 21:11;921.35;921.35;921.35;921.35;0.05;41.92;921.35
22.01.2017 21:12;921.5;921.5;921.35;921.35;0.43;393.02;921.46
22.01.2017 21:13;0;0;0;0;0;0;0
22.01.2017 21:14;921.35;921.35;921.34;921.34;0.32;296.09;921.35
22.01.2017 21:15;0;0;0;0;0;0;0
22.01.2017 21:16;0;0;0;0;0;0;0
22.01.2017 21:17;0;0;0;0;0;0;0
22.01.2017 21:18;0;0;0;0;0;0;0
22.01.2017 21:19;0;0;0;0;0;0;0
22.01.2017 21:20;921.5;921.5;921.5;921.5;0.04;36.52;921.5
22.01.2017 21:21;0;0;0;0;0;0;0
22.01.2017 21:22;921.5;921.5;921.5;921.5;0.23;214.13;921.5
22.01.2017 21:23;0;0;0;0;0;0;0
22.01.2017 21:24;921.34;921.34;921.34;921.34;0.09;80.09;921.34
22.01.2017 21:25;921.5;921.5;921.5;921.5;0.25;229.42;921.5
22.01.2017 21:26;0;0;0;0;0;0;0
22.01.2017 21:27;921.5;921.5;921.5;921.5;0.01;10.43;921.5
22.01.2017 21:28;921.34;921.34;921.33;921.33;1.27;1167.47;921.33
22.01.2017 21:29;921.33;921.33;921.33;921.33;0.92;848.24;921.33
22.01.2017 21:30;0;0;0;0;0;0;0
22.01.2017 21:31;921.33;921.5;921.33;921.33;2.78;2565.85;921.33
22.01.2017 21:32;920.35;920.35;920.34;920.34;0.72;659.87;920.34
22.01.2017 21:33;0;0;0;0;0;0;0
22.01.2017 21:34;0;0;0;0;0;0;0
22.01.2017 21:35;920.32;920.32;917.98;917.98;11;10106.74;918.79
22.01.2017 21:36;0;0;0;0;0;0;0
22.01.2017 21:37;919.33;919.33;919.33;919.33;0.4;370.52;919.33
22.01.2017 21:38;919.33;919.33;919.33;919.33;0.11;97.65;919.33
22.01.2017 21:39;919.33;919.33;919.33;919.33;0.08;69.27;919.33
22.01.2017 21:40;919.33;919.34;919.33;919.34;0.16;142.5;919.33
22.01.2017 21:41;0;0;0;0;0;0;0
22.01.2017 21:42;0;0;0;0;0;0;0
22.01.2017 21:43;0;0;0;0;0;0;0
22.01.2017 21:44;0;0;0;0;0;0;0
22.01.2017 21:45;918.72;918.72;918.72;918.72;0.01;10.42;918.72
22.01.2017 21:46;918.51;919.34;918.51;919.34;0.68;621.91;918.59
22.01.2017 21:47;919.34;919.34;919.34;919.34;0.44;403.6;919.34
22.01.2017 21:48;919.34;919.34;919.34;919.34;0.21;195.16;919.34
22.01.2017 21:49;919.6;919.6;919.6;919.6;0.43;399.11;919.6
22.01.2017 21:50;0;0;0;0;0;0;0
22.01.2017 21:51;0;0;0;0;0;0;0
22.01.2017 21:52;919.76;919.76;919.76;919.76;0.28;257.53;919.76
22.01.2017 21:53;919.81;919.81;919.81;919.81;0.24;216.27;919.81
22.01.2017 21:54;919.81;920.33;919.81;920.33;0.56;510.91;920.07
22.01.2017 21:55;919.76;919.76;919.76;919.76;0.03;26.67;919.76
22.01.2017 21:56;919.76;919.76;919.76;919.76;0.22;202.35;919.76
22.01.2017 21:57;919.95;919.95;919.95;919.95;0.05;42.07;919.95
22.01.2017 21:58;0;0;0;0;0;0;0
22.01.2017 21:59;0;0;0;0;0;0;0
22.01.2017 22:00;919.93;919.93;919.93;919.93;0.26;241.21;919.93
22.01.2017 22:01;919.76;919.76;919.07;919.07;0.21;197.14;919.38
22.01.2017 22:02;918.37;919.13;918.37;918.37;0.24;217.63;918.97
22.01.2017 22:03;918.37;918.37;918.37;918.37;0.02;18.37;918.37
22.01.2017 22:04;919.13;919.13;919.13;919.13;0.03;31.27;919.13
22.01.2017 22:05;919.13;919.13;919.13;919.13;0.01;8.27;919.13
22.01.2017 22:06;919.13;919.16;919.13;919.16;0.3;275.74;919.15
22.01.2017 22:07;918.37;918.37;918.33;918.33;1.28;1171.22;918.34
22.01.2017 22:08;918.35;918.35;917.07;917.09;1.74;1598.89;917.23
22.01.2017 22:09;0;0;0;0;0;0;0
22.01.2017 22:10;917.03;917.03;916.8;916.8;0.71;651.84;917
22.01.2017 22:11;916.8;916.8;916.8;916.8;0.23;214.66;916.8
22.01.2017 22:12;916.8;916.8;916.8;916.8;1.53;1407.01;916.8
22.01.2017 22:13;0;0;0;0;0;0;0
22.01.2017 22:14;916.34;917.03;915.48;917.03;6.74;6172.31;915.91
22.01.2017 22:15;917.03;917.03;917.03;917.03;0.26;235.68;917.03
22.01.2017 22:16;917.03;917.03;917.03;917.03;5.16;4729.33;917.03
22.01.2017 22:17;916.99;916.99;916.99;916.99;0.67;614.27;916.99
22.01.2017 22:18;916.99;916.99;916.99;916.99;4.49;4114.83;916.99
22.01.2017 22:19;917.34;917.49;917.34;917.49;0.82;749.51;917.4
22.01.2017 22:20;918.32;919.94;918.32;919.94;5.64;5188.54;919.31
22.01.2017 22:21;0;0;0;0;0;0;0
22.01.2017 22:22;919.93;919.93;919.93;919.93;0.03;25.74;919.93
22.01.2017 22:23;919.94;919.95;919.94;919.95;0.05;47.55;919.95
22.01.2017 22:24;919.95;919.95;919.95;919.95;0.08;77.28;919.95
22.01.2017 22:25;0;0;0;0;0;0;0
22.01.2017 22:26;919.95;919.95;919.03;919.03;0.41;377.43;919.16
22.01.2017 22:27;0;0;0;0;0;0;0
22.01.2017 22:28;919.95;919.95;919.95;919.95;0.05;43.24;919.95
22.01.2017 22:29;919.95;919.95;919.95;919.95;0.19;172.03;919.95
22.01.2017 22:30;919.94;919.94;919.94;919.94;0.04;32.2;919.94
22.01.2017 22:31;918.43;919.94;918.43;919.94;0.49;454.08;918.7
22.01.2017 22:32;919.92;919.94;919.92;919.94;0.42;384.73;919.93
22.01.2017 22:33;919.52;919.52;919.52;919.52;0.02;17.47;919.52
22.01.2017 22:34;918.36;918.69;918.32;918.69;1.45;1331.21;918.36
22.01.2017 22:35;918.99;919;918.99;919;0.38;345.69;918.99
22.01.2017 22:36;918.99;918.99;918.99;918.99;0.33;302.15;918.99
22.01.2017 22:37;919;919;918.99;918.99;0.53;487.62;918.99
22.01.2017 22:38;918.99;918.99;917.59;917.59;0.15;137.12;918.53
22.01.2017 22:39;919;919;917.66;917.66;0.05;48.65;918.47
22.01.2017 22:40;919;919;917.88;917.88;0.04;37.93;918.84
22.01.2017 22:41;919;919.33;919;919.13;1.51;1384.19;919.11
22.01.2017 22:42;919.13;919.3;919;919.3;1.61;1476.08;919.16
22.01.2017 22:43;919;919;919;919;0.01;8.74;919
22.01.2017 22:44;919.29;919.29;919.29;919.29;0.2;181.1;919.29
22.01.2017 22:45;919.29;919.29;917.79;917.82;0.7;641.96;917.92
22.01.2017 22:46;917.82;917.82;917.82;917.82;0.34;308.4;917.82
22.01.2017 22:47;0;0;0;0;0;0;0
22.01.2017 22:48;917.82;918.72;917.82;918.72;0.79;724.57;918.68
22.01.2017 22:49;0;0;0;0;0;0;0
22.01.2017 22:50;0;0;0;0;0;0;0
22.01.2017 22:51;918.72;919.23;918.72;919.23;0.05;48.94;919.09
22.01.2017 22:52;918.68;918.68;918.68;918.68;0.01;9.09;918.68
22.01.2017 22:53;919.18;919.33;919.18;919.33;0.1;89.55;919.27
22.01.2017 22:54;919.18;919.18;918.18;918.18;0.38;346.21;918.25
22.01.2017 22:55;919.33;919.33;919.33;919.33;0.09;79.9;919.33
22.01.2017 22:56;0;0;0;0;0;0;0
22.01.2017 22:57;918.63;919.33;918.63;919.33;0.25;231.52;918.74
22.01.2017 22:58;919.33;919.88;919.33;919.88;0.07;62.6;919.74
22.01.2017 22:59;919.88;919.93;918.36;918.36;0.38;345.24;919.57
22.01.2017 23:00;918.36;919.93;918.36;918.54;0.06;55.59;918.9
22.01.2017 23:01;919.93;919.93;919.93;919.93;0.04;39.16;919.93
22.01.2017 23:02;918.62;919.92;918.62;919.92;0.38;344.64;918.89
22.01.2017 23:03;919.92;919.93;919.92;919.93;0.21;196.16;919.92
22.01.2017 23:04;0;0;0;0;0;0;0
22.01.2017 23:05;919.93;919.93;918.37;918.37;0.44;404.45;919.21
22.01.2017 23:06;918.37;919.93;918.37;919.93;2.75;2533.31;919.89
22.01.2017 23:07;0;0;0;0;0;0;0
22.01.2017 23:08;918.36;918.36;918.01;918.01;3.3;3030.37;918.08
22.01.2017 23:09;919.34;919.34;919.34;919.34;0.04;35.85;919.34
22.01.2017 23:10;919.34;919.35;919.34;919.35;0.4;364.06;919.35
22.01.2017 23:11;919.35;919.48;919.35;919.48;0.47;427.67;919.4
22.01.2017 23:12;0;0;0;0;0;0;0
22.01.2017 23:13;0;0;0;0;0;0;0
22.01.2017 23:14;0;0;0;0;0;0;0
22.01.2017 23:15;0;0;0;0;0;0;0
22.01.2017 23:16;0;0;0;0;0;0;0
22.01.2017 23:17;0;0;0;0;0;0;0
22.01.2017 23:18;917.82;919.48;917.79;919.48;0.53;484.99;918.56
22.01.2017 23:19;917.86;917.86;917.86;917.86;0.03;26.2;917.86
22.01.2017 23:20;0;0;0;0;0;0;0
22.01.2017 23:21;0;0;0;0;0;0;0
22.01.2017 23:22;917.8;917.8;917.78;917.78;0.65;600.84;917.79
22.01.2017 23:23;0;0;0;0;0;0;0
22.01.2017 23:24;918.75;918.75;918.74;918.74;0.17;152.22;918.74
22.01.2017 23:25;918.74;918.75;918.74;918.75;0.14;132.64;918.74
22.01.2017 23:26;918.95;919.07;918.95;919.07;0.43;398.83;918.96
22.01.2017 23:27;0;0;0;0;0;0;0
22.01.2017 23:28;919.4;919.4;919.4;919.4;0.03;31.16;919.4
22.01.2017 23:29;919.39;919.39;919.39;919.39;0.04;38.61;919.39
22.01.2017 23:30;918.78;919.04;918.78;919.04;0.39;354.02;918.82
22.01.2017 23:31;0;0;0;0;0;0;0
22.01.2017 23:32;918.32;918.32;918.32;918.32;0.05;43.83;918.32
22.01.2017 23:33;917.78;918.29;917.52;918.29;2.32;2131.94;917.63
22.01.2017 23:34;918.36;918.36;918.36;918.36;0.08;74.57;918.36
22.01.2017 23:35;918.69;918.69;918.66;918.66;0.36;332.93;918.69
22.01.2017 23:36;918.36;918.82;916.81;916.81;3.24;2969.39;917.45
22.01.2017 23:37;916.81;918.33;916.42;918.33;2.33;2134.71;916.85
22.01.2017 23:38;918.33;918.33;918.33;918.33;0.02;16.53;918.33
22.01.2017 23:39;918.33;919.81;918.33;919.81;3.44;3156.78;918.91
22.01.2017 23:40;919.81;919.95;918.96;919.95;6.11;5618.63;919.91
22.01.2017 23:41;919.95;919.95;919.95;919.95;20.37;18743.06;919.95
22.01.2017 23:42;919.95;919.95;919.94;919.94;10.97;10089.1;919.95
22.01.2017 23:43;919.95;919.95;919.95;919.95;0.18;168.07;919.95
22.01.2017 23:44;919.95;919.95;919.95;919.95;0.03;27.6;919.95
22.01.2017 23:45;919.95;919.95;919.95;919.95;9.37;8616.83;919.95
22.01.2017 23:46;919.95;920;919.95;920;13.12;12073.23;919.99
22.01.2017 23:47;920.3;921.33;920.3;921.33;6.12;5634.52;920.79
22.01.2017 23:48;921.33;921.33;921.33;921.33;0.11;104.11;921.33
22.01.2017 23:49;921.33;921.34;921.33;921.34;0.56;519.18;921.33
22.01.2017 23:50;921.34;921.34;921.34;921.34;0.3;273.9;921.34
22.01.2017 23:51;922;922.33;922;922.33;1.47;1357.71;922.22
22.01.2017 23:52;922.25;922.33;922.25;922.33;0.16;143.73;922.26
22.01.2017 23:53;0;0;0;0;0;0;0
22.01.2017 23:54;922.33;922.34;922.33;922.34;1.32;1217.93;922.34
22.01.2017 23:55;922.33;922.34;922.26;922.34;9.1;8392.97;922.34
22.01.2017 23:56;922.34;922.34;922.34;922.34;2.32;2143.56;922.34
22.01.2017 23:57;922.34;922.34;922.34;922.34;0.05;48.57;922.34
22.01.2017 23:58;921.6;921.6;921.43;921.43;0.92;848.89;921.49
22.01.2017 23:59;922.33;923.76;922.33;923.76;5.53;5099.26;922.9
23.01.2017 00:00;923.75;923.83;923.75;923.81;0.09;83.51;923.79
23.01.2017 00:01;923.82;923.82;923.81;923.81;0.75;689.57;923.81
23.01.2017 00:02;923.83;923.83;923.83;923.83;0.01;11.19;923.83
23.01.2017 00:03;923.75;923.75;923.75;923.75;0.73;669.72;923.75
23.01.2017 00:04;923.75;923.82;923.75;923.82;0.91;840.67;923.81
23.01.2017 00:05;0;0;0;0;0;0;0
23.01.2017 00:06;923.77;923.77;923.77;923.77;0.12;114.55;923.77
23.01.2017 00:07;922.47;922.47;922.39;922.39;3.96;3648.92;922.44
23.01.2017 00:08;922.5;923.26;922.5;923.26;0.38;346.81;923.05
23.01.2017 00:09;922.33;923.38;922.33;923.38;0.27;246.91;922.83
23.01.2017 00:10;0;0;0;0;0;0;0
23.01.2017 00:11;923.38;923.39;923.38;923.39;0.11;99.73;923.38
23.01.2017 00:12;923.39;923.39;923.39;923.39;0.13;120.68;923.39
23.01.2017 00:13;923.39;923.39;923.39;923.39;0.07;64.73;923.39
23.01.2017 00:14;923.39;924.09;922.34;922.34;1.98;1828.61;923.74
23.01.2017 00:15;923.45;923.47;923.45;923.47;1.92;1773.05;923.46
23.01.2017 00:16;923.42;923.42;923.42;923.42;0.11;99.73;923.42
23.01.2017 00:17;923.42;923.42;921.28;921.37;9.92;9144.66;921.47
23.01.2017 00:18;922.38;923.38;922.38;923.38;1.72;1583.85;922.67
23.01.2017 00:19;923.65;923.65;922.38;923.65;0.48;445.24;923.54
23.01.2017 00:20;924.08;924.13;924.08;924.13;0.88;815.34;924.11
23.01.2017 00:21;924.13;924.13;924.13;924.13;0.02;21.37;924.13
23.01.2017 00:22;924.13;924.13;924.13;924.13;0.08;73.56;924.13
23.01.2017 00:23;924.13;924.13;923.53;923.53;0.19;173.32;924.02
23.01.2017 00:24;923.22;923.22;923.22;923.22;0.35;319.43;923.22
23.01.2017 00:25;923.64;923.64;923.12;923.12;0.42;390.51;923.19
23.01.2017 00:26;0;0;0;0;0;0;0
23.01.2017 00:27;923.55;923.63;923.55;923.63;0.03;27.15;923.6
23.01.2017 00:28;923.57;923.57;923.57;923.57;0.22;199.52;923.57
23.01.2017 00:29;0;0;0;0;0;0;0
23.01.2017 00:30;923.57;923.57;923.57;923.57;0.06;55.41;923.57
23.01.2017 00:31;922.76;922.76;922.76;922.76;0.06;52.6;922.76
23.01.2017 00:32;922.39;922.39;921.27;921.27;7.24;6668.5;921.44
23.01.2017 00:33;922.09;922.09;921;921.01;28.28;26047.8;921
23.01.2017 00:34;0;0;0;0;0;0;0
23.01.2017 00:35;922.44;922.44;922.44;922.44;0.15;142.94;922.44
23.01.2017 00:36;922.44;922.47;922.44;922.47;0.09;84.87;922.45
23.01.2017 00:37;921.01;921.01;921;921;0.28;259.72;921.01
23.01.2017 00:38;922.46;922.46;922.46;922.46;0.21;193.72;922.46
23.01.2017 00:39;0;0;0;0;0;0;0
23.01.2017 00:40;921;921.01;920.33;920.69;8.04;7407.19;920.91
23.01.2017 00:41;920.96;920.96;920.43;920.43;0.04;34.99;920.85
23.01.2017 00:42;920.35;920.35;919.33;919.33;2.97;2733.98;920.07
23.01.2017 00:43;919.33;919.33;917.48;917.51;3.58;3286.38;918.11
23.01.2017 00:44;916.48;917.01;913.72;915.19;10.32;9443.35;914.86
23.01.2017 00:45;914.07;915.14;913.21;913.21;20.99;19183.72;913.79
23.01.2017 00:46;914.39;914.47;914.39;914.47;2.02;1849.31;914.39
23.01.2017 00:47;914.29;914.29;914.29;914.29;0.14;128.91;914.29
23.01.2017 00:48;914.29;914.3;914.29;914.3;2.08;1899;914.3
23.01.2017 00:49;914.3;914.3;914.3;914.3;15.99;14619.08;914.3
23.01.2017 00:50;914.48;915.38;914.48;915.38;2.01;1840.44;915.1
23.01.2017 00:51;0;0;0;0;0;0;0
23.01.2017 00:52;915.38;917.26;915.38;917.26;15.05;13790.67;916.31
23.01.2017 00:53;917.26;918.16;917.26;918.16;12.96;11897.68;917.77
23.01.2017 00:54;918.16;918.16;917.4;918.16;2.09;1922.34;918.15
23.01.2017 00:55;918.16;918.16;917.3;917.3;7.81;7168.8;917.46
23.01.2017 00:56;918.06;918.06;918.06;918.06;2.6;2382.37;918.06
23.01.2017 00:57;918.06;918.06;918.06;918.06;0.04;35.8;918.06
23.01.2017 00:58;917.96;917.96;917.81;917.81;2.07;1896.24;917.96
23.01.2017 00:59;918.06;918.06;918.06;918.06;0.5;454.86;918.06
23.01.2017 01:00;918.01;918.18;918.01;918.18;12.47;11449.54;918.17
23.01.2017 01:01;0;0;0;0;0;0;0
23.01.2017 01:02;918.18;918.25;918.18;918.25;2.03;1861.2;918.2
23.01.2017 01:03;918.25;918.99;918.25;918.99;3.65;3348.58;918.46
23.01.2017 01:04;919;919;919;919;0.4;365.18;919
23.01.2017 01:05;919;919;918.99;919;0.08;77.64;919
23.01.2017 01:06;918.99;919.19;918.99;919.19;1.4;1286.43;919.12
23.01.2017 01:07;919.19;919.19;919.19;919.19;0.06;55.15;919.19
23.01.2017 01:08;919.19;919.19;919.19;919.19;0.01;10.11;919.19
23.01.2017 01:09;0;0;0;0;0;0;0
23.01.2017 01:10;918.2;918.35;917.98;918.35;1.45;1329.16;918.09
23.01.2017 01:11;917.8;917.8;915.34;915.34;4.21;3853.76;915.95
23.01.2017 01:12;917.19;917.81;917.19;917.63;2.72;2499.91;917.43
23.01.2017 01:13;917.41;917.41;917.41;917.41;0.06;58.71;917.41
23.01.2017 01:14;0;0;0;0;0;0;0
23.01.2017 01:15;0;0;0;0;0;0;0
23.01.2017 01:16;917.22;917.22;917.22;917.22;0.03;27.52;917.22
23.01.2017 01:17;916.2;917.2;916.2;917.2;0.07;68.55;917.06
23.01.2017 01:18;0;0;0;0;0;0;0
23.01.2017 01:19;917.2;917.2;917.2;917.2;0.06;58.81;917.2
23.01.2017 01:20;0;0;0;0;0;0;0
23.01.2017 01:21;0;0;0;0;0;0;0
23.01.2017 01:22;917.2;917.23;917.2;917.23;0.24;217.85;917.23
23.01.2017 01:23;917.23;917.72;917.23;917.72;1.02;934.35;917.6
23.01.2017 01:24;917.72;917.72;917.72;917.72;0.12;106.77;917.72
23.01.2017 01:25;917.72;917.72;917.31;917.31;0.08;74.31;917.38
23.01.2017 01:26;917.69;917.69;917.69;917.69;0.5;458.85;917.69
23.01.2017 01:27;917.54;917.54;917.54;917.54;0.05;44.96;917.54
23.01.2017 01:28;916.21;916.21;916.21;916.21;0.55;501.53;916.21
23.01.2017 01:29;0;0;0;0;0;0;0
23.01.2017 01:30;917.37;917.37;917.37;917.37;0.13;117.42;917.37
23.01.2017 01:31;0;0;0;0;0;0;0
23.01.2017 01:32;917.37;917.71;917.37;917.71;0.82;749.66;917.53
23.01.2017 01:33;917.71;917.71;917.71;917.71;0.14;127.56;917.71
23.01.2017 01:34;917.71;917.71;917.71;917.71;0.07;67.91;917.71
23.01.2017 01:35;917.71;917.71;916.21;917.62;0.52;480.79;917.08
23.01.2017 01:36;916.21;916.21;916.21;916.21;0.16;146.15;916.21
23.01.2017 01:37;0;0;0;0;0;0;0
23.01.2017 01:38;916.2;917.68;916.2;917.65;0.38;350.84;917.32
23.01.2017 01:39;917.49;917.49;917.34;917.34;0.23;212.48;917.44
23.01.2017 01:40;917.29;917.5;917.25;917.35;0.95;874.73;917.39
23.01.2017 01:41;917.31;917.66;917.31;917.56;0.12;106.25;917.51
23.01.2017 01:42;917.52;917.52;915.2;915.2;1.65;1511.46;916.17
23.01.2017 01:43;915.2;915.71;914.2;915.62;1.68;1536.36;915.03
23.01.2017 01:44;915.6;915.6;915.6;915.6;0.02;14.1;915.6
23.01.2017 01:45;914.21;914.21;914.19;914.19;0.55;500.43;914.2
23.01.2017 01:46;915.19;915.19;914.02;914.02;0.46;417.96;914.31
23.01.2017 01:47;915.03;915.03;915.03;915.03;0.06;54.9;915.03
23.01.2017 01:48;915.19;915.8;915.19;915.8;3.69;3376.15;915.49
23.01.2017 01:49;915.81;915.81;915.81;915.81;0.1;88.54;915.81
23.01.2017 01:50;915.81;915.81;915.8;915.8;0.96;883.11;915.8
23.01.2017 01:51;915.81;915.81;915.81;915.81;0.14;126.38;915.81
23.01.2017 01:52;915.8;915.81;914;915.78;1.27;1162.91;914.24
23.01.2017 01:53;915.61;915.61;914;914;5.51;5035.21;914.03
23.01.2017 01:54;914;914;914;914;0.29;266.89;914
23.01.2017 01:55;915.42;915.43;915.42;915.43;0.41;372.32;915.42
23.01.2017 01:56;0;0;0;0;0;0;0
23.01.2017 01:57;913.25;913.25;913.24;913.24;0.45;410.3;913.24
23.01.2017 01:58;0;0;0;0;0;0;0
23.01.2017 01:59;914.29;914.62;914.29;914.62;0.17;153.63;914.52
23.01.2017 02:00;913.24;914.67;913.24;914.67;0.48;437.14;914.52
23.01.2017 02:01;914.67;914.95;914.67;914.95;4.86;4441.8;914.88
23.01.2017 02:02;914.95;915.38;914.95;915.38;1.25;1140.09;915
23.01.2017 02:03;915.97;915.97;915.97;915.97;0.01;10.79;915.97
23.01.2017 02:04;0;0;0;0;0;0;0
23.01.2017 02:05;915.78;915.9;915.77;915.89;4.5;4123.78;915.82
23.01.2017 02:06;915.89;915.89;915.88;915.88;4.04;3695.94;915.88
23.01.2017 02:07;915.88;915.88;915.88;915.88;2.23;2043.33;915.88
23.01.2017 02:08;0;0;0;0;0;0;0
23.01.2017 02:09;915.88;916.12;913.87;916.12;5.44;4979.98;915.38
23.01.2017 02:10;916.18;916.18;916.18;916.18;0.39;361.38;916.18
23.01.2017 02:11;0;0;0;0;0;0;0
23.01.2017 02:12;913.84;915.73;913.84;914.11;10.36;9480.63;914.74
23.01.2017 02:13;914.11;915.84;914.07;914.14;1.83;1674.56;914.19
23.01.2017 02:14;914.66;914.66;914.66;914.66;0.04;37.29;914.66
23.01.2017 02:15;915.84;915.84;915.84;915.84;0.07;66.42;915.84
23.01.2017 02:16;915.84;915.85;915.84;915.85;0.5;459.02;915.85
23.01.2017 02:17;915.85;915.89;915.85;915.89;1;915.87;915.87
23.01.2017 02:18;0;0;0;0;0;0;0
23.01.2017 02:19;0;0;0;0;0;0;0
23.01.2017 02:20;915.89;915.89;915.89;915.89;0.03;27.48;915.89
23.01.2017 02:21;915.89;915.89;915.89;915.89;0.07;67.53;915.89
23.01.2017 02:22;915.89;915.89;915.89;915.89;0.46;421.09;915.89
23.01.2017 02:23;915.89;915.89;915.89;915.89;0.86;791.55;915.89
23.01.2017 02:24;0;0;0;0;0;0;0
23.01.2017 02:25;915.85;917.6;915.85;917.6;2.52;2311.33;916.57
23.01.2017 02:26;0;0;0;0;0;0;0
23.01.2017 02:27;917.62;917.71;916.21;916.21;1.17;1074.94;916.79
23.01.2017 02:28;916.6;916.6;916.6;916.6;0.07;68.58;916.6
23.01.2017 02:29;916.6;917.71;916.6;917.71;2.26;2074;917.69
23.01.2017 02:30;917.71;917.83;917.71;917.83;3.14;2877.95;917.72
23.01.2017 02:31;917.71;917.87;917.71;917.87;1.08;995.52;917.78
23.01.2017 02:32;917.87;918.78;917.87;918.78;2.86;2621.94;918.03
23.01.2017 02:33;917.99;917.99;917.99;917.99;0.22;199.85;917.99
23.01.2017 02:34;918.78;918.78;917.92;917.92;0.27;252;918.05
23.01.2017 02:35;918.78;918.78;918.78;918.78;0.09;81.77;918.78
23.01.2017 02:36;918.78;918.78;918.78;918.78;0.12;108.71;918.78
23.01.2017 02:37;0;0;0;0;0;0;0
23.01.2017 02:38;918.78;918.78;918.78;918.78;0.36;333.72;918.78
23.01.2017 02:39;918.78;918.78;918.78;918.78;0.07;64.31;918.78
23.01.2017 02:40;917.41;917.41;917.21;917.21;0.87;800.76;917.37
23.01.2017 02:41;918.39;918.4;918.39;918.4;0.39;353.73;918.39
23.01.2017 02:42;918.4;918.81;918.4;918.57;1.62;1484.6;918.69
23.01.2017 02:43;918.23;918.23;918.23;918.23;0.05;42.24;918.23
23.01.2017 02:44;919.01;919.01;919.01;919.01;0.08;72.6;919.01
23.01.2017 02:45;917.2;919.03;917.19;919.03;0.55;508.79;917.38
23.01.2017 02:46;0;0;0;0;0;0;0
23.01.2017 02:47;0;0;0;0;0;0;0
23.01.2017 02:48;0;0;0;0;0;0;0
23.01.2017 02:49;0;0;0;0;0;0;0
23.01.2017 02:50;918.54;918.54;918.54;918.54;0.01;4.59;918.54
23.01.2017 02:51;918.62;918.62;916.4;916.4;0.85;782;917.41
23.01.2017 02:52;0;0;0;0;0;0;0
23.01.2017 02:53;0;0;0;0;0;0;0
23.01.2017 02:54;0;0;0;0;0;0;0
23.01.2017 02:55;918.49;918.49;918.49;918.49;0.03;24.13;918.49
23.01.2017 02:56;0;0;0;0;0;0;0
23.01.2017 02:57;0;0;0;0;0;0;0
23.01.2017 02:58;918;918;917.53;917.53;0.22;199.07;917.57
23.01.2017 02:59;918;918.5;918;918.5;0.69;635.99;918.44
23.01.2017 03:00;918.5;919.04;917.87;919.04;2.27;2089.14;918.86
23.01.2017 03:01;0;0;0;0;0;0;0
23.01.2017 03:02;919.04;919.04;919.04;919.04;0.02;19.3;919.04
23.01.2017 03:03;919.04;919.04;919.04;919.04;0.03;28.49;919.04
23.01.2017 03:04;919.04;919.04;918.55;919.04;0.34;314.08;918.97
23.01.2017 03:05;0;0;0;0;0;0;0
23.01.2017 03:06;0;0;0;0;0;0;0
23.01.2017 03:07;919.04;919.06;919.04;919.04;3.32;3050.57;919.05
23.01.2017 03:08;0;0;0;0;0;0;0
23.01.2017 03:09;919.06;919.06;919.06;919.06;2.82;2593.05;919.06
23.01.2017 03:10;0;0;0;0;0;0;0
23.01.2017 03:11;919.07;919.07;919.06;919.06;0.66;606.02;919.06
23.01.2017 03:12;919.48;920.48;919.46;920.48;3.38;3108.39;919.92
23.01.2017 03:13;920.48;920.48;920.48;920.48;0.02;14.79;920.48
23.01.2017 03:14;0;0;0;0;0;0;0
23.01.2017 03:15;920.48;920.48;920.48;920.48;0.15;136.51;920.48
23.01.2017 03:16;920.48;920.5;920.48;920.5;0.53;489.56;920.5
23.01.2017 03:17;920.72;921.01;920.72;921.01;2.36;2171.83;920.92
23.01.2017 03:18;921.03;921.05;921.03;921.05;9.91;9128.93;921.03
23.01.2017 03:19;0;0;0;0;0;0;0
23.01.2017 03:20;921.07;921.08;921.07;921.07;0.92;847.62;921.07
23.01.2017 03:21;0;0;0;0;0;0;0
23.01.2017 03:22;0;0;0;0;0;0;0
23.01.2017 03:23;921.48;921.48;921.1;921.1;0.27;244.65;921.41
23.01.2017 03:24;0;0;0;0;0;0;0
23.01.2017 03:25;921.48;921.48;921.48;921.48;0.01;8.9;921.48
23.01.2017 03:26;0;0;0;0;0;0;0
23.01.2017 03:27;0;0;0;0;0;0;0
23.01.2017 03:28;0;0;0;0;0;0;0
23.01.2017 03:29;0;0;0;0;0;0;0
23.01.2017 03:30;921.48;923.32;921.48;923.32;10.22;9424.03;922.47
23.01.2017 03:31;923.16;923.98;923.05;923.98;1.13;1042.29;923.15
23.01.2017 03:32;923.98;923.99;923.21;923.21;0.21;191.46;923.92
23.01.2017 03:33;0;0;0;0;0;0;0
23.01.2017 03:34;0;0;0;0;0;0;0
23.01.2017 03:35;0;0;0;0;0;0;0
23.01.2017 03:36;0;0;0;0;0;0;0
23.01.2017 03:37;0;0;0;0;0;0;0
23.01.2017 03:38;0;0;0;0;0;0;0
23.01.2017 03:39;0;0;0;0;0;0;0
23.01.2017 03:40;922.51;922.51;922.5;922.5;4.8;4428;922.5
23.01.2017 03:41;922.5;922.5;922.5;922.5;3.46;3189.27;922.5
23.01.2017 03:42;922.2;922.2;922.2;922.2;0.5;461.1;922.2
23.01.2017 03:43;921.47;921.47;921.05;921.05;2;1842.39;921.19
23.01.2017 03:44;922.02;922.02;920.2;920.2;8.11;7471.25;920.68
23.01.2017 03:45;919.5;919.5;919.41;919.45;2.9;2667.39;919.44
23.01.2017 03:46;0;0;0;0;0;0;0
23.01.2017 03:47;919.97;920.61;919.97;920.61;4.55;4189.86;920.44
23.01.2017 03:48;920.61;920.61;920;920;0.53;485.61;920.36
23.01.2017 03:49;0;0;0;0;0;0;0
23.01.2017 03:50;920;920;920;920;0.35;319.35;920
23.01.2017 03:51;0;0;0;0;0;0;0
23.01.2017 03:52;920;920.91;920;920.91;1.2;1101.53;920.63
23.01.2017 03:53;0;0;0;0;0;0;0
23.01.2017 03:54;920.91;920.91;920.91;920.91;0.02;20.69;920.91
23.01.2017 03:55;920.91;920.91;920.91;920.91;0.04;33.67;920.91
23.01.2017 03:56;920.21;920.9;920.21;920.9;2.72;2501.68;920.39
23.01.2017 03:57;0;0;0;0;0;0;0
23.01.2017 03:58;920.9;920.9;920.9;920.9;0.27;249.59;920.9
23.01.2017 03:59;0;0;0;0;0;0;0
23.01.2017 04:00;0;0;0;0;0;0;0
23.01.2017 04:01;0;0;0;0;0;0;0
23.01.2017 04:02;0;0;0;0;0;0;0
23.01.2017 04:03;0;0;0;0;0;0;0
23.01.2017 04:04;0;0;0;0;0;0;0
23.01.2017 04:05;0;0;0;0;0;0;0
23.01.2017 04:06;0;0;0;0;0;0;0
23.01.2017 04:07;0;0;0;0;0;0;0
23.01.2017 04:08;0;0;0;0;0;0;0
23.01.2017 04:09;0;0;0;0;0;0;0
23.01.2017 04:10;0;0;0;0;0;0;0
23.01.2017 04:11;0;0;0;0;0;0;0
23.01.2017 04:12;0;0;0;0;0;0;0
23.01.2017 04:13;0;0;0;0;0;0;0
23.01.2017 04:14;0;0;0;0;0;0;0
23.01.2017 04:15;919.59;919.59;919.59;919.59;0.02;19.31;919.59
23.01.2017 04:16;919.59;919.59;919.59;919.59;0.02;20.23;919.59
23.01.2017 04:17;0;0;0;0;0;0;0
23.01.2017 04:18;0;0;0;0;0;0;0
23.01.2017 04:19;0;0;0;0;0;0;0
23.01.2017 04:20;0;0;0;0;0;0;0
23.01.2017 04:21;919.59;920;919.58;920;1.22;1123.95;919.71
23.01.2017 04:22;919.21;919.21;919.2;919.2;0.61;563.72;919.2
23.01.2017 04:23;919.99;920;919.99;920;0.3;275.09;919.99
23.01.2017 04:24;0;0;0;0;0;0;0
23.01.2017 04:25;920;920.9;920;920.9;1.37;1262.71;920.35
23.01.2017 04:26;920.9;920.91;920.9;920.91;0.37;342.52;920.91
23.01.2017 04:27;919.53;919.53;919.29;919.29;5.59;5139.67;919.32
23.01.2017 04:28;919.29;919.29;919.29;919.29;0.03;27.58;919.29
23.01.2017 04:29;919.29;919.29;919.29;919.29;0.87;798.09;919.29
23.01.2017 04:30;0;0;0;0;0;0;0
23.01.2017 04:31;919.29;919.29;919.29;919.29;0.26;241.52;919.29
23.01.2017 04:32;919.29;919.29;919.29;919.29;0.78;716.44;919.29
23.01.2017 04:33;0;0;0;0;0;0;0
23.01.2017 04:34;0;0;0;0;0;0;0
23.01.2017 04:35;919.25;919.25;919.25;919.25;0.29;265.99;919.25
23.01.2017 04:36;919.25;919.25;919.25;919.25;0.16;146.71;919.25
23.01.2017 04:37;0;0;0;0;0;0;0
23.01.2017 04:38;919.25;919.25;919.25;919.25;0.29;266.09;919.25
23.01.2017 04:39;0;0;0;0;0;0;0
23.01.2017 04:40;0;0;0;0;0;0;0
23.01.2017 04:41;919.2;919.25;919;919.25;3.41;3132.12;919.01
23.01.2017 04:42;919.25;920.2;919.25;920.2;0.77;708.35;919.94
23.01.2017 04:43;920.2;920.51;920.2;920.5;0.92;850.49;920.44
23.01.2017 04:44;920.5;920.5;920.45;920.45;0.54;496.13;920.46
23.01.2017 04:45;920.45;920.48;920.45;920.48;0.77;708.76;920.47
23.01.2017 04:46;920.48;920.51;920.48;920.51;0.85;779.65;920.49
23.01.2017 04:47;0;0;0;0;0;0;0
23.01.2017 04:48;920.51;920.9;920.51;920.9;0.48;442.65;920.89
23.01.2017 04:49;0;0;0;0;0;0;0
23.01.2017 04:50;920.9;920.9;920.9;920.9;0.01;9.21;920.9
23.01.2017 04:51;0;0;0;0;0;0;0
23.01.2017 04:52;0;0;0;0;0;0;0
23.01.2017 04:53;0;0;0;0;0;0;0
23.01.2017 04:54;920.91;920.91;920.91;920.91;0.1;87.79;920.91
23.01.2017 04:55;0;0;0;0;0;0;0
23.01.2017 04:56;0;0;0;0;0;0;0
23.01.2017 04:57;0;0;0;0;0;0;0
23.01.2017 04:58;920.91;920.91;920.91;920.91;0.03;28.18;920.91
23.01.2017 04:59;919.54;919.54;919.54;919.54;0.1;94.71;919.54
23.01.2017 05:00;0;0;0;0;0;0;0
23.01.2017 05:01;0;0;0;0;0;0;0
23.01.2017 05:02;0;0;0;0;0;0;0
23.01.2017 05:03;0;0;0;0;0;0;0
23.01.2017 05:04;0;0;0;0;0;0;0
23.01.2017 05:05;0;0;0;0;0;0;0
23.01.2017 05:06;0;0;0;0;0;0;0
23.01.2017 05:07;919.54;919.54;919.5;919.5;0.61;564.83;919.51
23.01.2017 05:08;919.52;919.52;919.52;919.52;0.03;29.04;919.52
23.01.2017 05:09;0;0;0;0;0;0;0
23.01.2017 05:10;0;0;0;0;0;0;0
23.01.2017 05:11;0;0;0;0;0;0;0
23.01.2017 05:12;0;0;0;0;0;0;0
23.01.2017 05:13;0;0;0;0;0;0;0
23.01.2017 05:14;919.02;919.02;919;919;7.46;6851.83;919
23.01.2017 05:15;919.47;919.49;919.47;919.49;1.59;1462.92;919.48
23.01.2017 05:16;0;0;0;0;0;0;0
23.01.2017 05:17;0;0;0;0;0;0;0
23.01.2017 05:18;0;0;0;0;0;0;0
23.01.2017 05:19;919.54;919.54;919.54;919.54;0.09;82.89;919.54
23.01.2017 05:20;0;0;0;0;0;0;0
23.01.2017 05:21;919.5;919.5;919.5;919.5;0.04;36.35;919.5
23.01.2017 05:22;918.55;918.55;918.55;918.55;0.22;199.93;918.55
23.01.2017 05:23;918.55;918.55;918.55;918.55;0.14;126.8;918.55
23.01.2017 05:24;918.55;918.55;918.55;918.55;0.2;187.38;918.55
23.01.2017 05:25;918.55;918.55;918.55;918.55;0.31;280.16;918.55
23.01.2017 05:26;918.55;918.55;918.55;918.55;0.21;193.47;918.55
23.01.2017 05:27;0;0;0;0;0;0;0
23.01.2017 05:28;0;0;0;0;0;0;0
23.01.2017 05:29;0;0;0;0;0;0;0
23.01.2017 05:30;0;0;0;0;0;0;0
23.01.2017 05:31;918.54;918.54;918.54;918.54;0.27;246.96;918.54
23.01.2017 05:32;918.55;918.55;918.55;918.55;0.08;70.18;918.55
23.01.2017 05:33;918.55;918.55;918.55;918.55;0.38;350.89;918.55
23.01.2017 05:34;918.55;919.54;918.55;919.54;0.31;280.75;918.69
23.01.2017 05:35;919.54;919.95;919.54;919.95;0.27;245.97;919.86
23.01.2017 05:36;919.95;919.96;919.95;919.96;0.27;246;919.96
23.01.2017 05:37;919.96;919.96;919.96;919.96;0.31;281.14;919.96
23.01.2017 05:38;919.96;919.96;919.96;919.96;0.27;246;919.96
23.01.2017 05:39;919.96;919.96;919.96;919.96;0.08;70.28;919.96
23.01.2017 05:40;918.55;918.55;918.55;918.55;0.04;36.74;918.55
23.01.2017 05:41;919.96;919.96;919.96;919.96;0.27;248.19;919.96
23.01.2017 05:42;919.96;919.96;919.96;919.96;0.42;386.57;919.96
23.01.2017 05:43;919.96;919.96;919.96;919.96;0.42;386.57;919.96
23.01.2017 05:44;919.96;919.96;919.96;919.96;0.46;421.71;919.96
23.01.2017 05:45;919.96;919.96;919.96;919.96;0.42;386.57;919.96
23.01.2017 05:46;919.96;919.96;919.6;919.6;0.27;245.96;919.81
23.01.2017 05:47;919.6;919.6;918.38;918.38;11.73;10771.96;918.53
23.01.2017 05:48;918.38;919.59;917.59;919.2;4.4;4035.01;918.04
23.01.2017 05:49;919.2;919.59;919.2;919.59;0.34;316.08;919.37
23.01.2017 05:50;919.59;919.59;918.08;918.94;0.65;597.19;919.03
23.01.2017 05:51;918.54;918.92;917.2;917.67;1.66;1525.68;917.58
23.01.2017 05:52;917.47;917.47;916.18;917.39;1.69;1550.18;916.51
23.01.2017 05:53;917.39;917.39;917.39;917.39;0.34;315.77;917.39
23.01.2017 05:54;917.39;917.4;917.39;917.4;0.46;421.64;917.4
23.01.2017 05:55;916.4;917.4;916.4;916.4;0.2;184.51;916.59
23.01.2017 05:56;0;0;0;0;0;0;0
23.01.2017 05:57;0;0;0;0;0;0;0
23.01.2017 05:58;0;0;0;0;0;0;0
23.01.2017 05:59;917.4;917.49;916.39;917.49;0.83;763.48;916.93
23.01.2017 06:00;917.49;917.49;917.49;917.49;1.92;1758.55;917.49
23.01.2017 06:01;0;0;0;0;0;0;0
23.01.2017 06:02;918.2;918.2;918.2;918.2;0.02;18.09;918.2
23.01.2017 06:03;918.2;918.2;918;918;0.01;10.86;918.1
23.01.2017 06:04;917.52;917.52;917.49;917.49;3.59;3291.7;917.5
23.01.2017 06:05;917.92;917.92;917.92;917.92;0.05;45.9;917.92
23.01.2017 06:06;917.96;917.96;917.96;917.96;0.01;5.51;917.96
23.01.2017 06:07;0;0;0;0;0;0;0
23.01.2017 06:08;0;0;0;0;0;0;0
23.01.2017 06:09;916.55;916.55;916.53;916.53;20;18330.87;916.54
23.01.2017 06:10;917.96;917.96;917.96;917.96;0.07;60.54;917.96
23.01.2017 06:11;916.92;918;916.92;918;3.64;3342.61;917.98
23.01.2017 06:12;0;0;0;0;0;0;0
23.01.2017 06:13;918.2;919.39;918.2;919.39;1.93;1771.87;918.59
23.01.2017 06:14;919.39;919.39;919.39;919.39;0.02;19.65;919.39
23.01.2017 06:15;919.39;919.48;919.39;919.48;0.22;204.21;919.4
23.01.2017 06:16;919.48;919.48;919.48;919.48;1.02;942.47;919.48
23.01.2017 06:17;919.48;919.48;918.4;919.48;0.18;162.53;919.28
23.01.2017 06:18;919.48;920.28;919.48;920.28;5.48;5044.85;919.81
23.01.2017 06:19;920.35;920.35;920.35;920.35;0.03;29.45;920.35
23.01.2017 06:20;920.27;920.27;920.22;920.22;0.07;62.58;920.23
23.01.2017 06:21;920.3;920.3;920.19;920.19;0.04;35.35;920.25
23.01.2017 06:22;920.14;920.14;920.14;920.14;0.09;80.62;920.14
23.01.2017 06:23;920.18;920.18;918.59;920.18;0.76;703.2;919.41
23.01.2017 06:24;920.6;920.6;920.6;920.6;0.02;14.76;920.6
23.01.2017 06:25;0;0;0;0;0;0;0
23.01.2017 06:26;0;0;0;0;0;0;0
23.01.2017 06:27;920.56;920.56;920.56;920.56;0.11;104.74;920.56
23.01.2017 06:28;920.53;920.53;920.53;920.53;0.15;141.96;920.53
23.01.2017 06:29;918.99;921.45;918.97;920.66;20.25;18651.36;921.25
23.01.2017 06:30;920.66;922;919.62;920.61;20.01;18440.02;921.62
23.01.2017 06:31;0;0;0;0;0;0;0
23.01.2017 06:32;920.62;920.62;920;920;4.78;4402.13;920.07
23.01.2017 06:33;0;0;0;0;0;0;0
23.01.2017 06:34;0;0;0;0;0;0;0
23.01.2017 06:35;0;0;0;0;0;0;0
23.01.2017 06:36;0;0;0;0;0;0;0
23.01.2017 06:37;0;0;0;0;0;0;0
23.01.2017 06:38;920;920;920;920;2.76;2535.49;920
23.01.2017 06:39;0;0;0;0;0;0;0
23.01.2017 06:40;0;0;0;0;0;0;0
23.01.2017 06:41;0;0;0;0;0;0;0
23.01.2017 06:42;0;0;0;0;0;0;0
23.01.2017 06:43;920.01;920.01;920.01;920.01;0.51;472.89;920.01
23.01.2017 06:44;0;0;0;0;0;0;0
23.01.2017 06:45;919.61;919.61;919.01;919.01;1;918.94;919.31
23.01.2017 06:46;919.61;919.94;919.61;919.94;0.05;49.89;919.88
23.01.2017 06:47;0;0;0;0;0;0;0
23.01.2017 06:48;0;0;0;0;0;0;0
23.01.2017 06:49;0;0;0;0;0;0;0
23.01.2017 06:50;0;0;0;0;0;0;0
23.01.2017 06:51;919.01;919.01;919.01;919.01;0;0.37;919.01
23.01.2017 06:52;918.97;918.97;918.59;918.59;0.62;569.68;918.89
23.01.2017 06:53;0;0;0;0;0;0;0
23.01.2017 06:54;0;0;0;0;0;0;0
23.01.2017 06:55;0;0;0;0;0;0;0
23.01.2017 06:56;0;0;0;0;0;0;0
23.01.2017 06:57;0;0;0;0;0;0;0
23.01.2017 06:58;0;0;0;0;0;0;0
23.01.2017 06:59;0;0;0;0;0;0;0
23.01.2017 07:00;0;0;0;0;0;0;0
23.01.2017 07:01;919.68;919.68;919.68;919.68;0.14;131.61;919.68
23.01.2017 07:02;919.68;919.7;919.68;919.7;1.16;1067.77;919.69
23.01.2017 07:03;919;919.67;918.4;919.67;1.3;1195.27;919.44
23.01.2017 07:04;0;0;0;0;0;0;0
23.01.2017 07:05;919.68;919.68;918.4;918.4;0.05;43.99;919.11
23.01.2017 07:06;919.68;919.7;919.67;919.7;4.41;4057.77;919.68
23.01.2017 07:07;919.7;919.7;918.4;918.4;2;1838.28;919.68
23.01.2017 07:08;0;0;0;0;0;0;0
23.01.2017 07:09;919.41;919.41;919;919.16;1.02;938.82;919.09
23.01.2017 07:10;0;0;0;0;0;0;0
23.01.2017 07:11;919.04;919.04;917.49;917.49;0.76;697.24;918.17
23.01.2017 07:12;917.52;917.52;917;917;1.28;1176.66;917.35
23.01.2017 07:13;917;917;917;917;0.16;144.41;917
23.01.2017 07:14;917;917;917;917;3.96;3631.32;917
23.01.2017 07:15;916.99;917;916.99;917;1.75;1601.08;917
23.01.2017 07:16;917.51;917.9;917.51;917.9;8.48;7782.93;917.71
23.01.2017 07:17;918.52;918.72;918.52;918.72;0.51;467.53;918.52
23.01.2017 07:18;918.6;918.69;917.9;918.69;2.55;2342.58;918.02
23.01.2017 07:19;918.69;918.72;918.69;918.72;1.73;1591.48;918.71
23.01.2017 07:20;918.72;918.72;918.72;918.72;2.49;2288.53;918.72
23.01.2017 07:21;918.98;919.51;918.98;919.51;1.09;1003.84;919.27
23.01.2017 07:22;919.53;919.53;919.53;919.53;0.71;649.84;919.53
23.01.2017 07:23;919.53;919.53;919.53;919.53;0.46;423.25;919.53
23.01.2017 07:24;919.7;919.7;919.7;919.7;0.06;52.18;919.7
23.01.2017 07:25;919.7;919.7;919.53;919.53;0.8;740.09;919.54
23.01.2017 07:26;0;0;0;0;0;0;0
23.01.2017 07:27;0;0;0;0;0;0;0
23.01.2017 07:28;919.53;919.53;919.53;919.53;0.07;68.11;919.53
23.01.2017 07:29;0;0;0;0;0;0;0
23.01.2017 07:30;0;0;0;0;0;0;0
23.01.2017 07:31;0;0;0;0;0;0;0
23.01.2017 07:32;0;0;0;0;0;0;0
23.01.2017 07:33;0;0;0;0;0;0;0
23.01.2017 07:34;919.53;919.53;919.53;919.53;0.31;284.43;919.53
23.01.2017 07:35;919.53;919.53;919.53;919.53;0.01;12.03;919.53
23.01.2017 07:36;919.53;919.97;919.53;919.97;1.37;1262.04;919.76
23.01.2017 07:37;919.98;919.98;919.98;919.98;0.21;193.5;919.98
23.01.2017 07:38;919.98;920.01;919.98;920.01;2.48;2283.63;920
23.01.2017 07:39;920.5;921.45;920.5;921.45;9.98;9195.15;921.06
23.01.2017 07:40;921.45;922.2;921.45;922.2;3.19;2941.76;921.91
23.01.2017 07:41;922.52;923;922.52;923;11.19;10331.26;922.92
23.01.2017 07:42;0;0;0;0;0;0;0
23.01.2017 07:43;921.83;921.83;921.83;921.83;0.11;105.09;921.83
23.01.2017 07:44;921.73;921.73;921.73;921.73;0.02;14.75;921.73
23.01.2017 07:45;0;0;0;0;0;0;0
23.01.2017 07:46;922.99;922.99;922.99;922.99;5.41;4990.02;922.99
23.01.2017 07:47;0;0;0;0;0;0;0
23.01.2017 07:48;0;0;0;0;0;0;0
23.01.2017 07:49;0;0;0;0;0;0;0
23.01.2017 07:50;0;0;0;0;0;0;0
23.01.2017 07:51;0;0;0;0;0;0;0
23.01.2017 07:52;0;0;0;0;0;0;0
23.01.2017 07:53;922.98;922.98;922.98;922.98;1.17;1082.69;922.98
23.01.2017 07:54;0;0;0;0;0;0;0
23.01.2017 07:55;922.34;922.34;922.34;922.34;0.53;485.97;922.34
23.01.2017 07:56;0;0;0;0;0;0;0
23.01.2017 07:57;0;0;0;0;0;0;0
23.01.2017 07:58;0;0;0;0;0;0;0
23.01.2017 07:59;921.73;921.73;920.79;920.79;1.1;1017.26;921.38
23.01.2017 08:00;920.79;920.79;920.79;920.79;0.1;89.22;920.79
23.01.2017 08:01;920.72;920.72;920.72;920.72;0.11;96.68;920.72
23.01.2017 08:02;0;0;0;0;0;0;0
23.01.2017 08:03;920.72;920.72;920;920;9.65;8882.37;920.04
23.01.2017 08:04;920.01;920.01;917.71;917.71;35;32157.21;918.78
23.01.2017 08:05;918.76;918.79;918.76;918.79;1.22;1118;918.78
23.01.2017 08:06;0;0;0;0;0;0;0
23.01.2017 08:07;919.77;919.77;919.77;919.77;0.31;284.54;919.77
23.01.2017 08:08;919.77;919.77;919.77;919.77;0.19;175.35;919.77
23.01.2017 08:09;919.79;920;919.79;920;2.84;2612.58;919.92
23.01.2017 08:10;920;920;920;920;2.71;2495.01;920
23.01.2017 08:11;920;920;920;920;0.38;349.3;920
23.01.2017 08:12;920;920;920;920;4.71;4335.01;920
23.01.2017 08:13;920;920.79;920;920.79;4.76;4383.62;920.38
23.01.2017 08:14;921.35;921.35;921.35;921.35;0.07;68.07;921.35
23.01.2017 08:15;921.35;921.35;921.35;921.35;7.7;7094.4;921.35
23.01.2017 08:16;0;0;0;0;0;0;0
23.01.2017 08:17;0;0;0;0;0;0;0
23.01.2017 08:18;921.35;921.77;921.35;921.77;0.33;300.33;921.74
23.01.2017 08:19;921.77;922.1;921.77;922.1;0.88;812.8;921.85
23.01.2017 08:20;922.18;922.18;922.18;922.18;0.01;5.53;922.18
23.01.2017 08:21;922.18;922.18;922.18;922.18;0.03;25.25;922.18
23.01.2017 08:22;921.7;921.7;921.7;921.7;0.03;31.34;921.7
23.01.2017 08:23;920.78;920.78;919.07;919.07;13.22;12152.2;919.49
23.01.2017 08:24;919.14;920.53;918.77;920.53;15.81;14530.3;919.04
23.01.2017 08:25;920.55;921.77;920.55;921.77;2.12;1951.76;920.69
23.01.2017 08:26;921.77;921.77;921.5;921.69;3.31;3048.76;921.55
23.01.2017 08:27;921.69;921.7;921.69;921.7;1.29;1191.39;921.7
23.01.2017 08:28;921.7;922.17;921.7;922.17;2.58;2378.24;921.8
23.01.2017 08:29;0;0;0;0;0;0;0
23.01.2017 08:30;920.81;920.81;920.8;920.8;0.86;787.72;920.8
23.01.2017 08:31;922.16;922.16;920;920;20.94;19268.79;920.2
23.01.2017 08:32;921.55;921.55;921.55;921.55;0.02;15.17;921.55
23.01.2017 08:33;921.55;921.55;921.5;921.5;1.03;952.65;921.51
23.01.2017 08:34;921.56;922.17;921.56;922.17;0.56;511.53;921.62
23.01.2017 08:35;0;0;0;0;0;0;0
23.01.2017 08:36;0;0;0;0;0;0;0
23.01.2017 08:37;0;0;0;0;0;0;0
23.01.2017 08:38;0;0;0;0;0;0;0
23.01.2017 08:39;0;0;0;0;0;0;0
23.01.2017 08:40;0;0;0;0;0;0;0
23.01.2017 08:41;922.17;922.17;922.17;922.17;0.34;309.31;922.17
23.01.2017 08:42;922.17;922.17;922.17;922.17;0.05;46.22;922.17
23.01.2017 08:43;922.01;922.01;922.01;922.01;0.09;82.98;922.01
23.01.2017 08:44;0;0;0;0;0;0;0
23.01.2017 08:45;922.17;922.21;922.17;922.21;0.16;144.96;922.2
23.01.2017 08:46;922.01;922.01;922.01;922.01;0.11;100.88;922.01
23.01.2017 08:47;922;922.21;922;922.21;5.23;4820.4;922.01
23.01.2017 08:48;922.21;922.21;922.21;922.21;0.1;94.18;922.21
23.01.2017 08:49;922.76;922.77;922.76;922.77;0.38;346.45;922.76
23.01.2017 08:50;922.01;922.01;922.01;922.01;0.13;118.11;922.01
23.01.2017 08:51;0;0;0;0;0;0;0
23.01.2017 08:52;922.01;922.01;922;922;1;922;922
23.01.2017 08:53;922;922.64;922;922.64;0.09;83.23;922.57
23.01.2017 08:54;922.64;922.64;922;922;4.12;3800.2;922.01
23.01.2017 08:55;0;0;0;0;0;0;0
23.01.2017 08:56;921;921.57;921;921.57;5.4;4976.32;921.54
23.01.2017 08:57;919.86;919.86;919.83;919.83;4.37;4019.71;919.84
23.01.2017 08:58;0;0;0;0;0;0;0
23.01.2017 08:59;0;0;0;0;0;0;0
23.01.2017 09:00;921.31;921.31;921.31;921.31;0.22;199.89;921.31
23.01.2017 09:01;0;0;0;0;0;0;0
23.01.2017 09:02;921.54;921.54;921.54;921.54;0.38;350.19;921.54
23.01.2017 09:03;0;0;0;0;0;0;0
23.01.2017 09:04;0;0;0;0;0;0;0
23.01.2017 09:05;921.62;921.62;921.62;921.62;0.11;100.18;921.62
23.01.2017 09:06;921.72;921.72;921.72;921.72;0.34;313.88;921.72
23.01.2017 09:07;0;0;0;0;0;0;0
23.01.2017 09:08;0;0;0;0;0;0;0
23.01.2017 09:09;920.01;920.01;920;920.01;2.11;1938.17;920
23.01.2017 09:10;920.01;920.01;920.01;920.01;0.06;55.2;920.01
23.01.2017 09:11;0;0;0;0;0;0;0
23.01.2017 09:12;920.01;920.01;920.01;920.01;0.54;500;920.01
23.01.2017 09:13;920.01;920.01;920.01;920.01;0;0.76;920.01
23.01.2017 09:14;921.76;921.81;921.76;921.81;7.37;6794.36;921.78
23.01.2017 09:15;0;0;0;0;0;0;0
23.01.2017 09:16;0;0;0;0;0;0;0
23.01.2017 09:17;0;0;0;0;0;0;0
23.01.2017 09:18;921.82;922.77;921.82;922.77;0.26;241.17;922.03
23.01.2017 09:19;0;0;0;0;0;0;0
23.01.2017 09:20;0;0;0;0;0;0;0
23.01.2017 09:21;922.25;922.4;922.25;922.36;0.65;597.69;922.34
23.01.2017 09:22;922.65;922.67;922.65;922.67;0.19;177.52;922.66
23.01.2017 09:23;922.57;922.57;922.57;922.57;0.57;522.84;922.57
23.01.2017 09:24;920.72;920.72;920;920;2;1840.84;920.42
23.01.2017 09:25;921.62;921.62;921.62;921.62;0.01;11.52;921.62
23.01.2017 09:26;920.01;921.76;920.01;921.76;1.44;1322.71;921.16
23.01.2017 09:27;921.76;923;921.76;923;8.1;7468.05;922.35
23.01.2017 09:28;922.69;922.69;922.69;922.69;1.47;1355.66;922.69
23.01.2017 09:29;922.7;922.7;922.63;922.63;0.34;312.83;922.67
23.01.2017 09:30;921.78;922.54;921.77;922.54;0.38;347.6;921.99
23.01.2017 09:31;0;0;0;0;0;0;0
23.01.2017 09:32;922.54;922.54;922.54;922.54;0.12;109;922.54
23.01.2017 09:33;0;0;0;0;0;0;0
23.01.2017 09:34;0;0;0;0;0;0;0
23.01.2017 09:35;0;0;0;0;0;0;0
23.01.2017 09:36;0;0;0;0;0;0;0
23.01.2017 09:37;922.24;922.24;922.24;922.24;0.32;296.29;922.24
23.01.2017 09:38;922.62;922.62;920.5;920.5;0.83;765.25;921.28
23.01.2017 09:39;920.5;920.5;919.83;920;20.09;18481.63;920.02
23.01.2017 09:40;921.84;922;921.84;922;9.57;8820.27;921.92
23.01.2017 09:41;0;0;0;0;0;0;0
23.01.2017 09:42;0;0;0;0;0;0;0
23.01.2017 09:43;0;0;0;0;0;0;0
23.01.2017 09:44;921.77;921.92;921.77;921.91;2.16;1987.65;921.91
23.01.2017 09:45;921.92;921.92;921.92;921.92;0.1;92.19;921.92
23.01.2017 09:46;920.31;920.87;920.31;920.87;0.14;128.7;920.37
23.01.2017 09:47;920.99;920.99;920.99;920.99;0.18;165.78;920.99
23.01.2017 09:48;921.82;921.82;921.8;921.8;0.04;39.35;921.81
23.01.2017 09:49;0;0;0;0;0;0;0
23.01.2017 09:50;921.69;921.69;921.69;921.69;0.01;4.92;921.69
23.01.2017 09:51;921.63;921.63;920.24;920.24;10.02;9219.46;920.29
23.01.2017 09:52;0;0;0;0;0;0;0
23.01.2017 09:53;0;0;0;0;0;0;0
23.01.2017 09:54;920.74;920.86;920.74;920.86;2.16;1992.85;920.83
23.01.2017 09:55;920.93;920.93;920.93;920.93;0.02;15.66;920.93
23.01.2017 09:56;920.93;920.93;920.93;920.93;0.31;281.99;920.93
23.01.2017 09:57;920.93;920.93;920.93;920.93;0.52;478.2;920.93
23.01.2017 09:58;920;920;917.68;918;6.77;6224.08;918.85
23.01.2017 09:59;918.38;918.68;918.38;918.68;1.31;1203.31;918.5
23.01.2017 10:00;918.68;918.68;918.68;918.68;0.21;195.56;918.68
23.01.2017 10:01;918.6;918.6;918.6;918.6;0.01;11.94;918.6
23.01.2017 10:02;918.61;918.61;918.61;918.61;0.22;199.55;918.61
23.01.2017 10:03;0;0;0;0;0;0;0
23.01.2017 10:04;918.61;919.05;918.61;919.05;2.02;1852.63;919.03
23.01.2017 10:05;0;0;0;0;0;0;0
23.01.2017 10:06;918.6;918.6;917.55;917.55;0.68;619.99;917.86
23.01.2017 10:07;918.62;919.08;918.62;919.08;0.21;193.46;919.04
23.01.2017 10:08;919.5;919.5;919.04;919.5;6.96;6396.97;919.07
23.01.2017 10:09;0;0;0;0;0;0;0
23.01.2017 10:10;919.5;919.52;919.5;919.52;0.91;832.88;919.52
23.01.2017 10:11;919.52;921;919.52;921;20.96;19304.63;920.9
23.01.2017 10:12;921;921;920.99;921;6.04;5566.01;920.99
23.01.2017 10:13;921;921;920.99;921;0.95;873.8;920.99
23.01.2017 10:14;921;921;921;921;0.08;72.76;921
23.01.2017 10:15;921;921;921;921;0.15;136.31;921
23.01.2017 10:16;921;921;920.99;920.99;9.5;8748.63;920.99
23.01.2017 10:17;920.99;920.99;918.63;919.73;104.05;95801.78;920.69
23.01.2017 10:18;919.73;921.61;919.73;921.61;21.86;20140.24;921.15
23.01.2017 10:19;921.98;921.98;921.57;921.57;0.13;122.6;921.84
23.01.2017 10:20;920.98;920.98;920.98;920.98;0.23;211.12;920.98
23.01.2017 10:21;920.98;920.98;920.51;920.51;0.31;281.44;920.59
23.01.2017 10:22;920.51;920.51;920.5;920.5;0.4;371.55;920.5
23.01.2017 10:23;920.93;920.99;920.5;920.5;13.68;12602.48;920.96
23.01.2017 10:24;0;0;0;0;0;0;0
23.01.2017 10:25;920.5;920.5;920.5;920.5;0.06;55.23;920.5
23.01.2017 10:26;920.97;920.97;920.97;920.97;0.11;103.15;920.97
23.01.2017 10:27;920.5;920.5;919.63;920.43;0.15;136.56;920.31
23.01.2017 10:28;920.89;920.9;920.89;920.9;0.04;36.84;920.89
23.01.2017 10:29;920.88;920.88;917.99;917.99;2.18;2000.42;919.13
23.01.2017 10:30;917.62;917.62;917.5;917.5;1;917.56;917.56
23.01.2017 10:31;0;0;0;0;0;0;0
23.01.2017 10:32;918.41;918.41;917.24;917.31;0.14;126.15;918.08
23.01.2017 10:33;917.4;917.51;917.16;917.16;0.06;54.33;917.36
23.01.2017 10:34;917.16;918.41;917.16;918.41;0.1;92.56;918.4
23.01.2017 10:35;917.55;917.55;917.55;917.55;0.02;18.35;917.55
23.01.2017 10:36;917.58;918.42;917.58;918.42;0.14;127.82;918.01
23.01.2017 10:37;918.42;918.62;918.42;918.62;1.51;1389.11;918.5
23.01.2017 10:38;0;0;0;0;0;0;0
23.01.2017 10:39;919.42;919.42;919.42;919.42;0.01;12.44;919.42
23.01.2017 10:40;919.42;919.42;919.42;919.42;0.49;447.27;919.42
23.01.2017 10:41;919.42;919.42;919.42;919.42;0.06;55.17;919.42
23.01.2017 10:42;919.42;919.42;919.42;919.42;0.06;55.17;919.42
23.01.2017 10:43;919.42;919.62;919.05;919.05;0.62;572.25;919.46
23.01.2017 10:44;919.05;919.42;919.05;919.42;0.03;23.02;919.41
23.01.2017 10:45;919.42;919.62;919.42;919.62;0.96;885.09;919.49
23.01.2017 10:46;0;0;0;0;0;0;0
23.01.2017 10:47;0;0;0;0;0;0;0
23.01.2017 10:48;920.33;920.33;920.33;920.33;0.02;19.58;920.33
23.01.2017 10:49;920.42;920.42;920.42;920.42;0.01;12.57;920.42
23.01.2017 10:50;918.9;918.9;918.9;918.9;0.14;125.32;918.9
23.01.2017 10:51;918.9;918.9;918.9;918.9;0.01;7.83;918.9
23.01.2017 10:52;0;0;0;0;0;0;0
23.01.2017 10:53;918.9;918.9;918.9;918.9;0.02;15.68;918.9
23.01.2017 10:54;918.9;919.63;918.52;919.63;0.47;433.29;919.09
23.01.2017 10:55;919.63;919.63;919.63;919.63;0.14;124.15;919.63
23.01.2017 10:56;0;0;0;0;0;0;0
23.01.2017 10:57;0;0;0;0;0;0;0
23.01.2017 10:58;919.63;920.45;919.63;919.8;2.9;2667.95;920.31
23.01.2017 10:59;919.8;920.99;919.8;919.82;11.56;10645.21;920.87
23.01.2017 11:00;920.72;920.72;919.9;919.9;1.13;1038.22;919.97
23.01.2017 11:01;919.9;920.72;919.9;920.72;2.37;2179.99;920.36
23.01.2017 11:02;920.93;920.99;919.82;920.99;6.51;5992.78;920.95
23.01.2017 11:03;919.84;919.84;919.81;919.81;0.85;780.93;919.83
23.01.2017 11:04;0;0;0;0;0;0;0
23.01.2017 11:05;0;0;0;0;0;0;0
23.01.2017 11:06;0;0;0;0;0;0;0
23.01.2017 11:07;0;0;0;0;0;0;0
23.01.2017 11:08;920.96;920.97;920.96;920.97;0.58;536.4;920.97
23.01.2017 11:09;919.82;921;919.37;921;58.27;53640.97;920.62
23.01.2017 11:10;921;922;921;922;45.76;42180.99;921.69
23.01.2017 11:11;922.14;922.45;922.14;922.4;12.52;11545.91;922.42
23.01.2017 11:12;922.41;922.41;922.41;922.41;0.51;467.05;922.41
23.01.2017 11:13;922.4;922.4;922.4;922.4;0.14;132.14;922.4
23.01.2017 11:14;922.4;922.4;922.4;922.4;0.21;197.9;922.4
23.01.2017 11:15;922.4;922.4;922.4;922.4;0.02;22.97;922.4
23.01.2017 11:16;922.03;922.4;922.02;922.4;0.38;347.2;922.17
23.01.2017 11:17;0;0;0;0;0;0;0
23.01.2017 11:18;922.03;922.38;922.03;922.38;10.01;9229.74;922.31
23.01.2017 11:19;0;0;0;0;0;0;0
23.01.2017 11:20;922;922;922;922;0.27;250.48;922
23.01.2017 11:21;921.11;921.11;921.11;921.11;0.03;23.95;921.11
23.01.2017 11:22;921.11;921.99;921;921;62.25;57337.6;921.05
23.01.2017 11:23;921.99;921.99;921.99;921.99;0.02;22.5;921.99
23.01.2017 11:24;0;0;0;0;0;0;0
23.01.2017 11:25;921.99;921.99;921.99;921.99;0.33;303.36;921.99
23.01.2017 11:26;0;0;0;0;0;0;0
23.01.2017 11:27;0;0;0;0;0;0;0
23.01.2017 11:28;921.99;921.99;921.68;921.99;2.92;2687.7;921.88
23.01.2017 11:29;0;0;0;0;0;0;0
23.01.2017 11:30;922;922;921.69;921.69;0.51;466.7;921.99
23.01.2017 11:31;922;922;922;922;0.03;29.5;922
23.01.2017 11:32;921.69;921.69;921.69;921.69;0.4;368.68;921.69
23.01.2017 11:33;921.02;921.97;921.02;921.97;0.08;70.91;921.23
23.01.2017 11:34;0;0;0;0;0;0;0
23.01.2017 11:35;921.02;921.99;921;921.99;1.73;1594.32;921.58
23.01.2017 11:36;921.97;921.99;921.97;921.99;5.41;4989.45;921.99
23.01.2017 11:37;921.95;921.95;921.02;921.02;0.95;875.97;921.16
23.01.2017 11:38;0;0;0;0;0;0;0
23.01.2017 11:39;921.5;921.5;921;921;6.61;6086.9;921.01
23.01.2017 11:40;921;921;921;921;13;11973;921
23.01.2017 11:41;921;921;921;921;12.02;11070.42;921
23.01.2017 11:42;921;921;921;921;0.19;174.99;921
23.01.2017 11:43;0;0;0;0;0;0;0
23.01.2017 11:44;921.5;921.5;921.5;921.5;0.31;283.55;921.5
23.01.2017 11:45;921;921.5;921;921.5;0.42;390.62;921.35
23.01.2017 11:46;921.5;921.5;921.5;921.5;0.18;168.66;921.5
23.01.2017 11:47;921;921;921;921;0.09;83.26;921
23.01.2017 11:48;921.5;921.5;921.28;921.5;1.24;1138.59;921.32
23.01.2017 11:49;921.28;921.28;921.28;921.28;0.02;18.43;921.28
23.01.2017 11:50;921.5;921.5;921.5;921.5;0.08;77.41;921.5
23.01.2017 11:51;921.5;921.5;921.21;921.21;1.93;1777.1;921.23
23.01.2017 11:52;0;0;0;0;0;0;0
23.01.2017 11:53;921.5;921.5;921.5;921.5;5.28;4865.09;921.5
23.01.2017 11:54;921.94;921.94;921.94;921.94;0.18;168.76;921.94
23.01.2017 11:55;921.94;921.97;921.94;921.97;0.16;142.9;921.96
23.01.2017 11:56;921.97;921.99;921.97;921.99;3.41;3148.51;921.99
23.01.2017 11:57;921.99;921.99;921.99;921.99;0.1;89.43;921.99
23.01.2017 11:58;0;0;0;0;0;0;0
23.01.2017 11:59;0;0;0;0;0;0;0
23.01.2017 12:00;921.98;921.98;921.98;921.98;0.04;34.42;921.98
23.01.2017 12:01;921.99;921.99;921.99;921.99;0.03;30.43;921.99
23.01.2017 12:02;921.99;922.05;921.99;922.05;10.51;9686.36;922
23.01.2017 12:03;0;0;0;0;0;0;0
23.01.2017 12:04;922.04;922.04;922.04;922.04;0.03;24.46;922.04
23.01.2017 12:05;921.55;922.05;921.22;922.05;0.73;672.17;921.78
23.01.2017 12:06;921.22;922.04;921.01;921.18;2.42;2229.01;921.16
23.01.2017 12:07;922.04;922.04;922.04;922.04;0.07;61.78;922.04
23.01.2017 12:08;0;0;0;0;0;0;0
23.01.2017 12:09;921.03;922.05;921.03;922.05;0.13;122.46;921.65
23.01.2017 12:10;922.05;922.05;921.14;921.14;0.2;180.64;922.02
23.01.2017 12:11;922.05;922.05;922.05;922.05;0.16;149.37;922.05
23.01.2017 12:12;921.03;922.05;921.03;922.05;0.11;98.26;921.79
23.01.2017 12:13;922.05;922.05;922.05;922.05;0.06;55.79;922.05
23.01.2017 12:14;921.05;922.05;921.05;922.05;0.3;275.9;921.95
23.01.2017 12:15;922.05;922.05;922.05;922.05;0.74;685.58;922.05
23.01.2017 12:16;922.05;922.05;920.06;920.06;17.13;15766.47;920.57
23.01.2017 12:17;920.05;920.05;919.98;919.98;5.17;4754.03;920
23.01.2017 12:18;919.98;919.98;919.97;919.97;1.09;1000.51;919.98
23.01.2017 12:19;920;920;920;920;5.62;5170.88;920
23.01.2017 12:20;920;920;920;920;0.42;383.82;920
23.01.2017 12:21;920;920;920;920;0.87;799.3;920
23.01.2017 12:22;920;920;919.99;920;6.28;5775.4;920
23.01.2017 12:23;920;921.05;919.98;920.91;6.79;6246.52;920.17
23.01.2017 12:24;0;0;0;0;0;0;0
23.01.2017 12:25;920.91;921.05;920.91;921.05;0.12;111.18;921.03
23.01.2017 12:26;921.05;922.05;921.05;922.05;2.48;2288.41;921.88
23.01.2017 12:27;922.05;922.05;922;922;0.98;905.08;922.03
23.01.2017 12:28;922;922;922;922;2.13;1965.56;922
23.01.2017 12:29;922;922;922;922;0.58;535.97;922
23.01.2017 12:30;921.12;921.74;921.1;921.1;13.1;12064.64;921.11
23.01.2017 12:31;921.64;921.64;921.64;921.64;0.03;25.99;921.64
23.01.2017 12:32;921.9;921.98;921.9;921.95;0.28;261.27;921.92
23.01.2017 12:33;920.9;921.94;920.01;921.94;6.02;5536.87;920.2
23.01.2017 12:34;920;921.1;920;921.1;3.09;2846.84;920.92
23.01.2017 12:35;921.1;921.1;921.1;921.1;2.11;1944.44;921.1
23.01.2017 12:36;921.1;921.12;921.1;921.12;0.32;294.43;921.1
23.01.2017 12:37;921.12;921.98;921.12;921.98;1.41;1296.37;921.28
23.01.2017 12:38;0;0;0;0;0;0;0
23.01.2017 12:39;922;922;922;922;0.05;49.93;922
23.01.2017 12:40;921.12;922.03;921.12;922.03;4.36;4023.16;921.81
23.01.2017 12:41;922.04;922.05;922.04;922.05;0.77;705.4;922.05
23.01.2017 12:42;922.05;922.05;922.05;922.05;1.13;1042.57;922.05
23.01.2017 12:43;922.05;922.05;922.05;922.05;1.1;1011.35;922.05
23.01.2017 12:44;922.05;922.05;922.05;922.05;0.72;663.42;922.05
23.01.2017 12:45;922.05;922.05;922.05;922.05;0.06;54.4;922.05
23.01.2017 12:46;922.05;922.05;922.05;922.05;0.04;35.55;922.05
23.01.2017 12:47;922.05;922.05;922.05;922.05;0.09;86.15;922.05
23.01.2017 12:48;0;0;0;0;0;0;0
23.01.2017 12:49;0;0;0;0;0;0;0
23.01.2017 12:50;922.05;922.05;922.05;922.05;0.18;170.57;922.05
23.01.2017 12:51;0;0;0;0;0;0;0
23.01.2017 12:52;0;0;0;0;0;0;0
23.01.2017 12:53;0;0;0;0;0;0;0
23.01.2017 12:54;922.21;922.21;922.21;922.21;0.04;34.64;922.21
23.01.2017 12:55;922.21;922.21;922.21;922.21;0.17;153.09;922.21
23.01.2017 12:56;922.05;922.05;922.05;922.05;0.23;216.07;922.05
23.01.2017 12:57;922.03;922.16;920.14;920.14;1.8;1657.36;921.3
23.01.2017 12:58;0;0;0;0;0;0;0
23.01.2017 12:59;921.13;921.77;921.13;921.37;2.06;1897.1;921.55
23.01.2017 13:00;920.24;921.37;920.22;921.35;0.55;508.08;920.34
23.01.2017 13:01;0;0;0;0;0;0;0
23.01.2017 13:02;0;0;0;0;0;0;0
23.01.2017 13:03;920.25;920.25;920.22;920.22;0.27;248.47;920.24
23.01.2017 13:04;921.57;921.58;921.57;921.58;0.24;217.57;921.57
23.01.2017 13:05;921.58;921.58;921.58;921.58;0.03;26.73;921.58
23.01.2017 13:06;0;0;0;0;0;0;0
23.01.2017 13:07;921.57;921.57;921.57;921.57;0.08;73.36;921.57
23.01.2017 13:08;921.58;922.41;921.58;922.41;7.57;6977.97;922.24
23.01.2017 13:09;0;0;0;0;0;0;0
23.01.2017 13:10;921.12;921.3;921.12;921.3;0.06;51.64;921.27
23.01.2017 13:11;922.1;922.1;922.1;922.1;0.1;91.76;922.1
23.01.2017 13:12;921.3;921.32;920.4;921.32;6;5526.19;921.03
23.01.2017 13:13;922.03;922.03;920.02;920.02;4.15;3818.01;920.56
23.01.2017 13:14;921.21;921.22;921.21;921.22;0.49;453.74;921.22
23.01.2017 13:15;920.24;922.13;920.24;922.13;1.42;1302.85;920.75
23.01.2017 13:16;0;0;0;0;0;0;0
23.01.2017 13:17;921.73;921.73;921.32;921.34;1.08;997.6;921.34
23.01.2017 13:18;921.34;921.34;921.34;921.34;0.11;102.04;921.34
23.01.2017 13:19;921.34;921.34;920.24;920.24;0.74;681.69;920.29
23.01.2017 13:20;921.1;921.24;919.24;920.11;16.81;15468.35;920.28
23.01.2017 13:21;918.9;918.9;918.9;918.9;0.03;26.37;918.9
23.01.2017 13:22;919.92;919.92;919.92;919.92;0.01;12.11;919.92
23.01.2017 13:23;920.05;920.05;920.05;920.05;0.02;17.62;920.05
23.01.2017 13:24;0;0;0;0;0;0;0
23.01.2017 13:25;919.72;919.72;919.72;919.72;0.41;374.67;919.72
23.01.2017 13:26;0;0;0;0;0;0;0
23.01.2017 13:27;0;0;0;0;0;0;0
23.01.2017 13:28;919.72;919.72;919.72;919.72;0.08;74.13;919.72
23.01.2017 13:29;919.72;919.73;919.19;919.19;1.44;1328.26;919.65
23.01.2017 13:30;919.74;919.74;919.73;919.73;0.03;23.03;919.74
23.01.2017 13:31;919.74;919.74;918.61;918.61;1.07;980.51;919.21
23.01.2017 13:32;920.05;920.07;918.65;920.07;0.86;794.71;919.05
23.01.2017 13:33;920.07;920.07;920.07;920.07;0.92;850.87;920.07
23.01.2017 13:34;920.07;921.23;920.07;921.23;0.88;808.84;920.21
23.01.2017 13:35;921.23;921.24;921.23;921.24;0.87;801.3;921.23
23.01.2017 13:36;921.24;921.28;920.27;920.3;0.81;741.94;921.17
23.01.2017 13:37;921.28;922.22;920.31;922.19;1.7;1566.79;921.4
23.01.2017 13:38;921.9;921.91;920.28;921.91;4.36;4021.98;921.87
23.01.2017 13:39;920.28;920.28;920.11;920.11;6.64;6105.15;920.13
23.01.2017 13:40;920.11;921.24;919.96;921.24;4.12;3790.31;920.07
23.01.2017 13:41;921.24;921.37;920.01;921.26;1.13;1045.46;921.26
23.01.2017 13:42;919.92;919.94;919.92;919.94;0.08;75.44;919.93
23.01.2017 13:43;0;0;0;0;0;0;0
23.01.2017 13:44;921.36;921.36;921.36;921.36;0.01;12.25;921.36
23.01.2017 13:45;921.36;921.51;921.36;921.51;1.48;1359.12;921.38
23.01.2017 13:46;0;0;0;0;0;0;0
23.01.2017 13:47;921.51;921.51;920.65;920.8;1.08;990.01;920.69
23.01.2017 13:48;0;0;0;0;0;0;0
23.01.2017 13:49;920.8;921.49;920.66;920.66;1.36;1249.24;920.75
23.01.2017 13:50;920.66;921.25;920.66;921.25;6.43;5921.92;920.67
23.01.2017 13:51;0;0;0;0;0;0;0
23.01.2017 13:52;921.25;921.25;921.25;921.25;0.11;104.55;921.25
23.01.2017 13:53;921.25;921.51;920.68;921.51;2.35;2167.27;921.23
23.01.2017 13:54;921.51;921.51;921.51;921.51;0.02;14.08;921.51
23.01.2017 13:55;921.25;921.51;921.25;921.51;0.12;113.23;921.36
23.01.2017 13:56;921.51;921.51;921.51;921.51;0.03;27.28;921.51
23.01.2017 13:57;921.51;921.51;921.51;921.51;0.18;169.34;921.51
23.01.2017 13:58;921.53;921.8;920.66;920.86;16.36;15070.69;921.01
23.01.2017 13:59;920;920;920;920;0.05;47.38;920
23.01.2017 14:00;920;920;920;920;0.04;40.48;920
23.01.2017 14:01;920;920;919.8;919.8;0.06;59.58;919.85
23.01.2017 14:02;920;920;920;920;0.01;11.67;920
23.01.2017 14:03;920;920;920;920;0.01;12.05;920
23.01.2017 14:04;920;920;920;920;0.49;446.95;920
23.01.2017 14:05;920;920;920;920;0.07;61.64;920
23.01.2017 14:06;920;920;920;920;0.04;36.4;920
23.01.2017 14:07;919.8;919.8;919.8;919.8;0.45;414;919.8
23.01.2017 14:08;919.68;920;919.67;920;3.03;2783.82;919.68
23.01.2017 14:09;0;0;0;0;0;0;0
23.01.2017 14:10;919.67;920;919.67;920;4.71;4330.15;919.67
23.01.2017 14:11;920;920.08;920;920.08;0.83;762.17;920.06
23.01.2017 14:12;0;0;0;0;0;0;0
23.01.2017 14:13;920.64;920.64;920.64;920.64;0.02;15.39;920.64
23.01.2017 14:14;919.02;919.02;919.02;919.02;0.09;86.06;919.02
23.01.2017 14:15;920.66;920.66;920.66;920.66;0.03;23.94;920.66
23.01.2017 14:16;0;0;0;0;0;0;0
23.01.2017 14:17;919.14;920.67;919.14;920.67;1.08;993.35;919.25
23.01.2017 14:18;920.67;920.67;919.46;919.46;4.2;3865.99;919.52
23.01.2017 14:19;0;0;0;0;0;0;0
23.01.2017 14:20;920.6;920.6;920.6;920.6;0.02;22.09;920.6
23.01.2017 14:21;920.6;921.67;920.6;921.67;3.01;2769.95;920.76
23.01.2017 14:22;921.67;923;921.67;923;18.01;16618.72;922.61
23.01.2017 14:23;921.78;922.96;921.78;922.96;0.4;372.51;922.92
23.01.2017 14:24;922.95;922.95;922.93;922.93;0.09;84.86;922.95
23.01.2017 14:25;922.01;922.01;922.01;922.01;0.04;32.57;922.01
23.01.2017 14:26;0;0;0;0;0;0;0
23.01.2017 14:27;0;0;0;0;0;0;0
23.01.2017 14:28;922.01;922.01;922.01;922.01;0.2;180.48;922.01
23.01.2017 14:29;0;0;0;0;0;0;0
23.01.2017 14:30;921.91;921.91;921.91;921.91;0.35;322.13;921.91
23.01.2017 14:31;921.68;921.68;921.04;921.04;1.08;992.58;921.46
23.01.2017 14:32;921.42;921.85;921.42;921.85;0.37;341.26;921.49
23.01.2017 14:33;921.51;921.51;921.51;921.51;2;1843.02;921.51
23.01.2017 14:34;921.73;921.73;921.73;921.73;0.01;10.45;921.73
23.01.2017 14:35;921.73;921.73;921.73;921.73;1.1;1009.75;921.73
23.01.2017 14:36;921.73;921.73;921.73;921.73;0.3;276.52;921.73
23.01.2017 14:37;921.04;921.04;920.21;920.21;1.67;1540.33;920.48
23.01.2017 14:38;921;921;921;921;0.01;9.34;921
23.01.2017 14:39;921;921.66;921;921;0.11;100.42;921.19
23.01.2017 14:40;921;921.59;921;921.59;0.15;138.35;921.09
23.01.2017 14:41;921.46;921.46;921.37;921.37;0.02;20.27;921.39
23.01.2017 14:42;921.35;921.35;921.17;921.17;0.28;253.81;921.2
23.01.2017 14:43;921.64;921.64;921.64;921.64;0.02;20.64;921.64
23.01.2017 14:44;921.06;921.06;921.02;921.02;1.15;1063.03;921.04
23.01.2017 14:45;0;0;0;0;0;0;0
23.01.2017 14:46;921;921.14;921;921.14;0.12;113.15;921.04
23.01.2017 14:47;921.14;921.75;921.14;921.75;32.11;29589;921.36
23.01.2017 14:48;0;0;0;0;0;0;0
23.01.2017 14:49;921.48;921.48;921.48;921.48;0.71;649.83;921.48
23.01.2017 14:50;921.5;921.75;921.5;921.74;3.66;3376.65;921.56
23.01.2017 14:51;0;0;0;0;0;0;0
23.01.2017 14:52;0;0;0;0;0;0;0
23.01.2017 14:53;921.74;921.74;921.72;921.72;0.16;150.07;921.73
23.01.2017 14:54;0;0;0;0;0;0;0
23.01.2017 14:55;921.54;921.75;921.54;921.75;11.43;10538.77;921.75
23.01.2017 14:56;921.87;922.48;921.87;922.48;18.32;16891.74;922.1
23.01.2017 14:57;922.48;925.46;922.48;925;29.78;27523.08;924.14
23.01.2017 14:58;925.25;925.25;923.99;923.99;13.45;12441.68;925.02
23.01.2017 14:59;923.99;925.99;923.99;925.96;5.49;5075.73;925.04
23.01.2017 15:00;925.96;926.17;924.95;926.17;7.56;6999.95;925.99
23.01.2017 15:01;925.84;927;925.83;927;8.64;8008.36;926.85
23.01.2017 15:02;927.13;927.13;927.03;927.13;0.03;27.52;927.1
23.01.2017 15:03;927.03;927.57;927;927;2.45;2267.91;927.24
23.01.2017 15:04;927;927;926.95;926.95;11.72;10866.82;927
23.01.2017 15:05;925.99;926.62;925.99;926.62;0.45;417.99;926.02
23.01.2017 15:06;925.99;925.99;924;924;12.73;11770.24;924.44
23.01.2017 15:07;924;924;924;924;2.81;2597.38;924
23.01.2017 15:08;924;926.45;924;926.44;6.65;6155.03;925.57
23.01.2017 15:09;926.44;926.45;926.22;926.45;0.83;765.56;926.29
23.01.2017 15:10;926.8;926.8;926.55;926.55;21.7;20109.78;926.79
23.01.2017 15:11;926.77;926.82;926.77;926.82;0.34;310.86;926.81
23.01.2017 15:12;926.64;926.64;926.64;926.64;0.01;11.4;926.64
23.01.2017 15:13;926.59;926.98;926;926.97;12.13;11231.9;926.16
23.01.2017 15:14;926.87;926.87;926.79;926.79;1.16;1073.11;926.86
23.01.2017 15:15;927;927;927;927;0.26;239.17;927
23.01.2017 15:16;927.03;927.28;927.03;927.27;8.91;8261.52;927.16
23.01.2017 15:17;927.25;927.25;927.25;927.25;0.21;190.86;927.25
23.01.2017 15:18;0;0;0;0;0;0;0
23.01.2017 15:19;927.02;927.09;927.02;927.09;7.3;6765.87;927.05
23.01.2017 15:20;925.71;926.52;925.71;926.52;2.61;2414.45;926.49
23.01.2017 15:21;925.71;926.47;925.71;926.47;11.28;10451.87;926.43
23.01.2017 15:22;927.17;927.17;925.81;925.81;17.82;16499.82;925.9
23.01.2017 15:23;925.79;927.28;925.79;926.88;11.12;10298.43;926.11
23.01.2017 15:24;926.63;926.63;926.62;926.62;0.35;328.33;926.63
23.01.2017 15:25;925.8;925.8;925.8;925.8;0.25;228.86;925.8
23.01.2017 15:26;926.07;926.07;922.99;922.99;2.95;2725.19;924.41
23.01.2017 15:27;922.79;922.79;922.67;922.67;1.12;1032.07;922.76
23.01.2017 15:28;923;923.5;923;923.5;11.03;10186.53;923.49
23.01.2017 15:29;923;923;922.58;922.58;1.27;1168.6;922.62
23.01.2017 15:30;922.04;922.54;920.68;920.68;20.14;18552.61;921.29
23.01.2017 15:31;920.7;920.7;920.68;920.68;4.75;4371.38;920.69
23.01.2017 15:32;921;921;919.67;921;10.38;9545.1;919.91
23.01.2017 15:33;921;921.56;919.84;919.84;20.98;19321.47;921
23.01.2017 15:34;921.55;921.55;919.68;919.7;1.32;1210.94;920.09
23.01.2017 15:35;921.17;921.17;920.97;920.97;1.53;1413.66;921.1
23.01.2017 15:36;0;0;0;0;0;0;0
23.01.2017 15:37;920.36;920.36;919.5;919.5;14.7;13529.45;920.16
23.01.2017 15:38;918.58;920.4;918.58;920.4;50.21;46163.08;919.47
23.01.2017 15:39;920.41;920.41;918.75;920.41;0.24;223.15;920.26
23.01.2017 15:40;920.42;920.42;918.79;918.79;0.31;281.14;919.16
23.01.2017 15:41;919.02;920.31;918.58;918.58;11.18;10277.2;919.02
23.01.2017 15:42;918.42;919.16;918.08;918.08;1.56;1430.93;918.22
23.01.2017 15:43;919.16;919.75;918.89;919.57;5.92;5441.87;919.65
23.01.2017 15:44;920;920;920;920;0.19;174.79;920
23.01.2017 15:45;920;920;920;920;0.28;255.45;920
23.01.2017 15:46;920;920.37;920;920.02;1.63;1501.5;920.01
23.01.2017 15:47;920.47;920.58;920.47;920.58;0.51;473.75;920.47
23.01.2017 15:48;920.58;920.58;920;920;8.13;7479.03;920
23.01.2017 15:49;920.36;920.36;920.29;920.29;0.06;55.22;920.34
23.01.2017 15:50;920.29;920.37;920.29;920.37;0.04;36.81;920.33
23.01.2017 15:51;920.54;921.18;920.54;921.18;1.14;1051.23;920.68
23.01.2017 15:52;921.18;921.18;921.18;921.18;0.05;45.4;921.18
23.01.2017 15:53;921.18;921.38;919.5;921.38;1.78;1638.16;921.13
23.01.2017 15:54;921.37;921.37;921.02;921.02;0.37;340.45;921.34
23.01.2017 15:55;919.49;921.1;919.48;921.1;0.78;717.65;920.31
23.01.2017 15:56;921.01;921.01;920.54;920.91;0.22;205.66;920.95
23.01.2017 15:57;920.88;920.88;920.88;920.88;0.03;27.19;920.88
23.01.2017 15:58;920.97;921.32;919.49;920.97;0.3;279.28;919.84
23.01.2017 15:59;920.96;921.1;920.96;921.1;1.08;994.53;920.96
23.01.2017 16:00;919.54;921.4;919.54;919.54;2.47;2278.59;920.91
23.01.2017 16:01;921.07;921.45;921.02;921.02;0.58;533.31;921.28
23.01.2017 16:02;920.47;920.47;919.28;919.28;2.01;1849.53;919.56
23.01.2017 16:03;919.49;919.49;919.49;919.49;0.06;51.6;919.49
23.01.2017 16:04;918.48;918.48;918.08;918.08;6.39;5866.82;918.12
23.01.2017 16:05;919.45;919.45;918.01;919.21;3.25;2980.38;918.33
23.01.2017 16:06;919.15;919.15;918.13;918.88;1.26;1157.16;918.36
23.01.2017 16:07;918;918.44;918;918.44;4.47;4106.3;918.07
23.01.2017 16:08;918.44;918.44;918.44;918.44;2.33;2135.85;918.44
23.01.2017 16:09;918.5;919.43;918.44;918.44;10.19;9357.2;918.54
23.01.2017 16:10;918.98;919.43;918.98;919.43;10.59;9728.4;919
23.01.2017 16:11;919.46;919.46;919.45;919.45;2.85;2617.69;919.46
23.01.2017 16:12;919.45;919.45;919;919;0.19;176.49;919.23
23.01.2017 16:13;919.01;919.01;916.5;916.5;20.22;18557.98;917.59
23.01.2017 16:14;916.5;916.5;914.52;916.3;15.3;14012.71;915.84
23.01.2017 16:15;915.84;915.84;915.24;915.29;14.54;13312.61;915.3
23.01.2017 16:16;915.3;915.3;915.3;915.3;10.14;9280.46;915.3
23.01.2017 16:17;915.3;916.28;915.3;916.28;5.56;5091.38;916.2
23.01.2017 16:18;916.3;916.3;916.3;916.3;9;8248.65;916.3
23.01.2017 16:19;916.3;916.5;915.05;916.5;57.05;52280.28;916.39
23.01.2017 16:20;916.5;916.5;916.5;916.5;9.9;9075.49;916.5
23.01.2017 16:21;916.5;916.83;916.5;916.83;14.24;13057.78;916.81
23.01.2017 16:22;916.83;917.48;916.83;917.48;8.05;7377.34;916.91
23.01.2017 16:23;917.48;917.48;917.48;917.48;0.01;10.51;917.48
23.01.2017 16:24;918.26;918.48;918.26;918.48;1.48;1357.7;918.34
23.01.2017 16:25;917.49;918.48;917.49;918.48;1.06;974.58;917.51
23.01.2017 16:26;917.86;918.61;917.48;917.5;0.39;357.18;918.28
23.01.2017 16:27;918.61;918.61;917.5;917.55;2.93;2685.63;917.57
23.01.2017 16:28;918.6;918.6;916.73;916.73;4.29;3931.51;917.12
23.01.2017 16:29;917.4;917.4;916.68;916.68;3.51;3217.14;916.76
23.01.2017 16:30;917.25;917.25;917.01;917.01;0.04;37.56;917.09
23.01.2017 16:31;917.01;917.48;917.01;917.48;1.43;1309.5;917.17
23.01.2017 16:32;917.48;917.49;917.48;917.49;0.08;77.93;917.48
23.01.2017 16:33;917.49;917.73;917.49;917.73;0.71;648.57;917.49
23.01.2017 16:34;917.73;917.73;917.7;917.7;1.13;1035.57;917.71
23.01.2017 16:35;917.55;917.73;917.55;917.73;0.08;76.16;917.58
23.01.2017 16:36;917.73;917.73;917.73;917.73;0.29;266.14;917.73
23.01.2017 16:37;917.66;918.17;917.65;918.17;0.79;728.63;917.9
23.01.2017 16:38;0;0;0;0;0;0;0
23.01.2017 16:39;918.17;918.49;918;918.49;5.93;5448.12;918.23
23.01.2017 16:40;918.49;918.5;918.49;918.5;20.24;18587.03;918.5
23.01.2017 16:41;918.53;918.53;918.53;918.53;0.1;90.78;918.53
23.01.2017 16:42;0;0;0;0;0;0;0
23.01.2017 16:43;918.53;918.53;918.53;918.53;0.02;20.51;918.53
23.01.2017 16:44;918.53;918.53;918.53;918.53;0.12;114.67;918.53
23.01.2017 16:45;918.61;918.61;918.61;918.61;1.66;1529.09;918.61
23.01.2017 16:46;918.61;918.61;918.61;918.61;0.32;293.96;918.61
23.01.2017 16:47;918.61;919;918.13;918.91;23.75;21810.38;918.21
23.01.2017 16:48;917.58;918.65;917.58;918.65;1.3;1192.37;918.14
23.01.2017 16:49;917.63;918.55;917.63;918.43;1.86;1702.74;917.83
23.01.2017 16:50;918.25;918.25;918.22;918.22;0.4;368.58;918.22
23.01.2017 16:51;918.04;918.04;918.04;918.04;0.07;63.01;918.04
23.01.2017 16:52;917.55;917.99;917.55;917.55;7.81;7173.89;917.98
23.01.2017 16:53;917.39;917.39;917.22;917.22;0.82;755.92;917.38
23.01.2017 16:54;917.48;917.55;917.13;917.55;1.41;1291.62;917.48
23.01.2017 16:55;917.2;918.12;917.2;918.12;0.47;431.36;917.23
23.01.2017 16:56;0;0;0;0;0;0;0
23.01.2017 16:57;918.02;918.02;918.02;918.02;0.02;18.36;918.02
23.01.2017 16:58;917.84;917.84;917.83;917.83;0.12;111.04;917.83
23.01.2017 16:59;917.69;917.69;917.63;917.63;0.06;55.06;917.67
23.01.2017 17:00;917.3;917.3;917.3;917.3;0.33;306.27;917.3
23.01.2017 17:01;917.48;918.17;917.38;918.17;0.58;535.5;918.12
23.01.2017 17:02;918.12;918.96;918.08;918.96;4.94;4541.6;918.57
23.01.2017 17:03;918.87;918.87;917.87;918.72;1.35;1239.68;918.67
23.01.2017 17:04;918.95;918.95;917.49;918.8;0.72;663.16;917.72
23.01.2017 17:05;918.99;919;918.94;918.94;0.6;550.56;918.99
23.01.2017 17:06;918.86;918.97;918.84;918.97;1.08;990.27;918.87
23.01.2017 17:07;918.95;918.96;918.94;918.94;0.54;496.48;918.95
23.01.2017 17:08;918.99;919;918.99;919;5.92;5435.87;918.99
23.01.2017 17:09;919.3;919.3;919.29;919.3;0.49;448.62;919.3
23.01.2017 17:10;919.3;919.91;915.34;919.91;61.34;56292.18;917.7
23.01.2017 17:11;919.89;920.3;919.13;920.3;0.82;757.8;920.11
23.01.2017 17:12;920.3;920.48;919.41;920.48;1.31;1206.88;919.64
23.01.2017 17:13;920.48;921.88;919.61;921.88;10.91;10051.02;921.48
23.01.2017 17:14;0;0;0;0;0;0;0
23.01.2017 17:15;921.88;922.4;921.88;922.4;21.9;20188.03;921.95
23.01.2017 17:16;922.5;924;922.5;924;65.13;60147.06;923.54
23.01.2017 17:17;923.35;924.17;923.22;924;21.85;20187.55;924.09
23.01.2017 17:18;0;0;0;0;0;0;0
23.01.2017 17:19;922.64;923.99;921.76;923.56;12.03;11086.59;921.95
23.01.2017 17:20;0;0;0;0;0;0;0
23.01.2017 17:21;922.65;922.65;921.99;921.99;6.4;5901.05;922.04
23.01.2017 17:22;923.17;923.17;922.7;922.7;0.26;243.63;922.84
23.01.2017 17:23;922.33;922.67;921.99;922.67;6.34;5846.94;922.07
23.01.2017 17:24;921.99;921.99;921.99;921.99;0.18;163.81;921.99
23.01.2017 17:25;921.99;921.99;921.58;921.58;20.39;18791.98;921.59
23.01.2017 17:26;922.79;922.79;922.67;922.67;0.17;153.59;922.74
23.01.2017 17:27;922.65;922.65;922.64;922.64;1.11;1023.72;922.65
23.01.2017 17:28;922.64;922.79;922.64;922.77;0.24;224.32;922.75
23.01.2017 17:29;922.77;922.99;922.73;922.73;40.28;37165.64;922.78
23.01.2017 17:30;922.81;922.96;922.63;922.63;1.04;955.6;922.64
23.01.2017 17:31;922.99;922.99;922.99;922.99;0.93;854.35;922.99
23.01.2017 17:32;0;0;0;0;0;0;0
23.01.2017 17:33;922.96;922.96;922.96;922.96;0.05;46.16;922.96
23.01.2017 17:34;922.96;922.96;922.96;922.96;0.1;90.63;922.96
23.01.2017 17:35;922.99;922.99;922.99;922.99;0.49;454.59;922.99
23.01.2017 17:36;922.99;922.99;922.99;922.99;2.9;2677.25;922.99
23.01.2017 17:37;922.99;923.57;922.99;923.56;1.23;1132.9;923.03
23.01.2017 17:38;923.56;923.56;923.56;923.56;0.28;257.16;923.56
23.01.2017 17:39;923.55;923.55;922.1;923.12;0.72;668;922.45
23.01.2017 17:40;923.11;923.11;921.69;921.69;10.96;10099.96;921.74
23.01.2017 17:41;922.96;922.96;922.87;922.87;0.09;84.52;922.92
23.01.2017 17:42;922.44;922.44;922.16;922.16;1.77;1630.19;922.24
23.01.2017 17:43;921.99;921.99;921.99;921.99;0.06;55.32;921.99
23.01.2017 17:44;921.78;921.78;921.64;921.64;0.98;902.43;921.76
23.01.2017 17:45;921.58;921.58;921.58;921.58;0.13;117.69;921.58
23.01.2017 17:46;921.58;921.61;921.57;921.61;0.25;228.33;921.59
23.01.2017 17:47;921.62;921.62;921.62;921.62;0.18;165.83;921.62
23.01.2017 17:48;921.62;921.62;921.61;921.62;0.4;364.71;921.62
23.01.2017 17:49;921.62;921.62;921.62;921.62;0.17;156.84;921.62
23.01.2017 17:50;921.62;921.62;921.59;921.62;7.99;7360.92;921.6
23.01.2017 17:51;921.62;921.62;921.61;921.61;0.28;259.52;921.62
23.01.2017 17:52;921.58;921.61;921.58;921.61;0.73;676.48;921.61
23.01.2017 17:53;921.61;921.61;921.58;921.61;0.15;138.24;921.59
23.01.2017 17:54;921.61;921.61;920.04;920.04;49.04;45150.85;920.68
23.01.2017 17:55;921.05;921.05;920.04;920.04;0.23;214.01;921.02
23.01.2017 17:56;920.74;920.74;920.05;920.61;1.11;1023.47;920.63
23.01.2017 17:57;920.57;920.57;920.04;920.04;50.76;46703.81;920.04
23.01.2017 17:58;920.57;920.57;920.05;920.57;2.58;2375.51;920.57
23.01.2017 17:59;920.57;920.57;920.57;920.57;0.89;819.27;920.57
23.01.2017 18:00;920.57;920.57;920.57;920.57;0.24;224.49;920.57
23.01.2017 18:01;920.05;920.05;920.04;920.04;6.18;5689.52;920.04
23.01.2017 18:02;919.73;919.73;919.57;919.57;0.45;413.66;919.61
23.01.2017 18:03;919.67;919.67;919.58;919.58;0.98;904.74;919.67
23.01.2017 18:04;919.62;921.57;919.62;921.57;1.8;1653.98;920.88
23.01.2017 18:05;0;0;0;0;0;0;0
23.01.2017 18:06;921.25;921.25;921.25;921.25;0.05;43.98;921.25
23.01.2017 18:07;0;0;0;0;0;0;0
23.01.2017 18:08;922.16;922.16;922.09;922.09;0.14;128.22;922.1
23.01.2017 18:09;922.3;922.3;922.3;922.3;0.5;461.15;922.3
23.01.2017 18:10;0;0;0;0;0;0;0
23.01.2017 18:11;920.77;922.32;920.21;922.32;11.73;10803.76;920.91
23.01.2017 18:12;920.85;921.35;919.45;919.45;4.04;3718.3;920.11
23.01.2017 18:13;920.56;920.85;919.57;920.85;0.85;780.39;920.67
23.01.2017 18:14;919.92;919.92;919.22;919.22;1.89;1737.89;919.52
23.01.2017 18:15;920.49;920.49;920.31;920.31;0.18;165.63;920.44
23.01.2017 18:16;919.23;920.05;918.92;920.05;2.75;2525.94;918.96
23.01.2017 18:17;919.86;919.86;919.86;919.86;0.03;31.31;919.86
23.01.2017 18:18;920.53;920.53;920.44;920.44;3;2758.25;920.49
23.01.2017 18:19;920.42;920.76;919.1;920.76;3.19;2933.99;919.89
23.01.2017 18:20;920.74;920.74;920.68;920.68;0.11;99.35;920.73
23.01.2017 18:21;920.55;920.82;920.55;920.82;0.2;179.72;920.65
23.01.2017 18:22;920.82;920.82;919.66;919.66;0.19;171.25;920.76
23.01.2017 18:23;920.75;920.75;920.75;920.75;0.07;65.44;920.75
23.01.2017 18:24;920.8;920.8;920.8;920.8;0.02;13.84;920.8
23.01.2017 18:25;919.42;919.42;919.42;919.42;0.03;31.93;919.42
23.01.2017 18:26;920.4;920.4;920.4;920.4;0.34;310.14;920.4
23.01.2017 18:27;919.43;919.43;919.43;919.43;0.11;104.34;919.43
23.01.2017 18:28;919.44;919.44;919.44;919.44;0.13;116.04;919.44
23.01.2017 18:29;919.41;919.43;919.41;919.43;0.28;254.56;919.41
23.01.2017 18:30;919.43;919.43;919.43;919.43;0.04;36.78;919.43
23.01.2017 18:31;919.41;919.41;918.81;919.31;4.93;4531.18;919.02
23.01.2017 18:32;919.11;919.43;918.53;918.53;0.36;327.02;919.01
23.01.2017 18:33;919.44;919.68;918.59;919.68;0.36;327.13;919.33
23.01.2017 18:34;919.68;920.85;919.68;920.85;1.18;1085.61;919.8
23.01.2017 18:35;920.78;920.78;920.77;920.77;1.27;1170.57;920.77
23.01.2017 18:36;920.4;920.8;919.34;920.8;0.51;468.79;919.86
23.01.2017 18:37;920.81;920.92;920.81;920.92;44.74;41198.32;920.81
23.01.2017 18:38;920.92;920.92;920.92;920.92;0.01;7.37;920.92
23.01.2017 18:39;920.92;921.4;920.92;921.4;0.39;358.95;920.93
23.01.2017 18:40;920.92;921.39;920.82;921.39;5.02;4622.55;920.83
23.01.2017 18:41;921.39;921.4;920.82;921.4;0.25;229.33;921.37
23.01.2017 18:42;921.4;921.99;920.83;921.64;1.77;1628.95;921.66
23.01.2017 18:43;921.52;921.52;920.4;920.4;1.67;1534.48;920.71
23.01.2017 18:44;921.11;921.99;921.11;921.59;3.6;3314.28;921.36
23.01.2017 18:45;921.59;921.59;921.59;921.59;0.21;197.07;921.59
23.01.2017 18:46;921.5;921.5;921.5;921.5;2.15;1985.32;921.5
23.01.2017 18:47;921.54;921.59;921.54;921.59;0.67;616.22;921.57
23.01.2017 18:48;0;0;0;0;0;0;0
23.01.2017 18:49;920.46;921.51;920.46;921.51;3.13;2879.55;920.83
23.01.2017 18:50;920.66;920.66;920.66;920.66;0.03;29.46;920.66
23.01.2017 18:51;920.45;920.45;920.44;920.44;0.09;84.06;920.44
23.01.2017 18:52;920.31;920.45;920.31;920.45;0.67;613.08;920.45
23.01.2017 18:53;920.42;920.42;920.28;920.28;4.23;3892.83;920.29
23.01.2017 18:54;921.1;921.1;920.81;920.81;0.38;352.97;921.07
23.01.2017 18:55;920.77;920.77;920.28;920.28;20.63;18980.93;920.28
23.01.2017 18:56;920.7;920.7;920.27;920.57;0.36;331.58;920.57
23.01.2017 18:57;920.47;920.47;920.27;920.27;0.37;340.31;920.29
23.01.2017 18:58;920.27;920.27;920.27;920.27;0.16;145.31;920.27
23.01.2017 18:59;920.27;920.27;920.26;920.26;0.75;689.04;920.26
23.01.2017 19:00;919.53;920.23;919.53;920.23;2.57;2364.57;919.55
23.01.2017 19:01;920.26;921.54;920.26;921;63.09;58102.07;921
23.01.2017 19:02;921.02;921.02;920.77;920.77;0.11;102.38;920.93
23.01.2017 19:03;920.3;920.3;920.29;920.29;0.72;659.02;920.29
23.01.2017 19:04;920.42;920.42;920.29;920.29;0.45;411.52;920.41
23.01.2017 19:05;921.07;921.07;921.04;921.04;0.44;406.25;921.04
23.01.2017 19:06;920.96;921.12;920.96;921.11;1.24;1140.7;920.98
23.01.2017 19:07;921.05;921.05;920.97;920.97;2.99;2750.23;920.98
23.01.2017 19:08;921.09;921.09;921.06;921.06;1.39;1278.33;921.06
23.01.2017 19:09;919.73;921.08;919.73;921.08;0.19;177.26;921.01
23.01.2017 19:10;0;0;0;0;0;0;0
23.01.2017 19:11;920.09;920.09;920;920;0.82;755.72;920.04
23.01.2017 19:12;920.08;920.08;920.08;920.08;3.93;3619.59;920.08
23.01.2017 19:13;920.05;920.05;919.98;919.98;0.19;176.07;920.03
23.01.2017 19:14;919.96;919.96;919.96;919.96;0.04;41.05;919.96
23.01.2017 19:15;920.05;920.97;920.03;920.97;10.53;9689.26;920.08
23.01.2017 19:16;921.01;921.12;921.01;921.12;5.69;5240.64;921.06
23.01.2017 19:17;921.08;921.08;921.05;921.05;1.04;958.49;921.08
23.01.2017 19:18;921.04;921.09;921.04;921.09;1.59;1461.73;921.09
23.01.2017 19:19;921.05;921.12;921.05;921.12;2.62;2416.28;921.05
23.01.2017 19:20;921.08;921.08;921.05;921.05;0.25;226.47;921.06
23.01.2017 19:21;921;921;920.14;920.21;10.05;9251.25;920.21
23.01.2017 19:22;920.23;921.07;920.23;921.07;0.49;451.6;920.35
23.01.2017 19:23;920.94;921.12;920.85;921.12;0.34;314.94;920.89
23.01.2017 19:24;0;0;0;0;0;0;0
23.01.2017 19:25;921.12;921.12;920.17;920.19;0.42;385.81;920.87
23.01.2017 19:26;0;0;0;0;0;0;0
23.01.2017 19:27;920.76;920.76;920.54;920.54;0.31;287.4;920.68
23.01.2017 19:28;920.78;920.79;920.77;920.77;0.09;81.57;920.78
23.01.2017 19:29;920.44;920.44;919.3;920.09;0.13;115.59;920.16
23.01.2017 19:30;920.5;920.5;918;918;17;15620.67;919.13
23.01.2017 19:31;919.28;919.28;919.28;919.28;0.45;415.29;919.28
23.01.2017 19:32;919.29;919.29;918.46;918.46;0.22;204.7;918.81
23.01.2017 19:33;919.25;919.25;919.25;919.25;0.14;133.29;919.25
23.01.2017 19:34;918.43;918.43;918.43;918.43;0.02;15.07;918.43
23.01.2017 19:35;919.26;919.78;919.26;919.78;2.47;2270.36;919.29
23.01.2017 19:36;919.78;919.78;919.78;919.78;1.55;1427.79;919.78
23.01.2017 19:37;919.49;919.49;919.27;919.27;6.42;5905.72;919.36
23.01.2017 19:38;919.65;919.65;919.65;919.65;0.08;74.11;919.65
23.01.2017 19:39;919.58;919.58;919.58;919.58;0.15;139.57;919.58
23.01.2017 19:40;919.29;919.58;919.29;919.58;10.11;9296.93;919.58
23.01.2017 19:41;919.78;919.78;919.29;919.29;2.61;2403.04;919.3
23.01.2017 19:42;919.3;919.3;919.3;919.3;0.2;183.66;919.3
23.01.2017 19:43;919.3;919.3;918.78;918.78;1.02;934.61;918.93
23.01.2017 19:44;919.26;919.26;919.26;919.26;0.15;134.33;919.26
23.01.2017 19:45;919.3;919.31;918.89;919.31;1.14;1047.78;918.94
23.01.2017 19:46;918.99;918.99;918.99;918.99;0.21;193.91;918.99
23.01.2017 19:47;0;0;0;0;0;0;0
23.01.2017 19:48;918.99;918.99;918.99;918.99;0.25;233.07;918.99
23.01.2017 19:49;918.99;918.99;918.99;918.99;0.36;326.81;918.99
23.01.2017 19:50;918.99;918.99;918.99;918.99;0.08;73.93;918.99
23.01.2017 19:51;918.91;918.91;918.91;918.91;0.03;26.14;918.91
23.01.2017 19:52;918.83;919;918.82;919;13.17;12104.35;918.94
23.01.2017 19:53;919;919;919;919;24.56;22574.92;919
23.01.2017 19:54;919;919;919;919;1.07;987.29;919
23.01.2017 19:55;918.84;918.84;915.96;915.96;8.26;7576.98;916.77
23.01.2017 19:56;915.95;916.61;915.86;916.61;3.39;3103.88;915.95
23.01.2017 19:57;916.61;916.61;916.61;916.61;0.13;117.62;916.61
23.01.2017 19:58;916.61;916.95;916.61;916.95;0.87;798.39;916.83
23.01.2017 19:59;916.95;916.95;916.94;916.94;0.42;388.84;916.94
23.01.2017 20:00;916.94;916.94;916.94;916.94;0.59;543.49;916.94
23.01.2017 20:01;916.94;916.94;916.94;916.94;0.84;767.47;916.94
23.01.2017 20:02;916.94;916.94;916.43;916.43;0.19;172.26;916.75
23.01.2017 20:03;916.94;916.95;916.94;916.95;1.86;1705.16;916.94
23.01.2017 20:04;916.95;916.98;916.95;916.98;0.32;294.34;916.95
23.01.2017 20:05;0;0;0;0;0;0;0
23.01.2017 20:06;916.97;916.97;916.97;916.97;0.09;85.25;916.97
23.01.2017 20:07;916.95;916.95;916.69;916.93;1.35;1237.78;916.91
23.01.2017 20:08;916.93;916.93;916.93;916.93;0.44;406.22;916.93
23.01.2017 20:09;916.93;916.93;916.93;916.93;0.49;451.48;916.93
23.01.2017 20:10;916.93;916.93;916.93;916.93;0.06;55.93;916.93
23.01.2017 20:11;0;0;0;0;0;0;0
23.01.2017 20:12;916.93;916.93;916.93;916.93;0.83;758.07;916.93
23.01.2017 20:13;916.98;916.98;916.98;916.98;7.65;7012.51;916.98
23.01.2017 20:14;917.22;918.83;917.22;918.83;1.73;1588.63;917.82
23.01.2017 20:15;918.83;918.83;918.83;918.83;0.14;124.46;918.83
23.01.2017 20:16;918.83;918.83;918.83;918.83;1.32;1208.45;918.83
23.01.2017 20:17;918.55;918.55;917.98;918.01;5.29;4852.85;918
23.01.2017 20:18;917.92;917.92;916.91;917.73;0.88;810.32;917.55
23.01.2017 20:19;917.47;917.47;917.42;917.42;0.2;179.89;917.45
23.01.2017 20:20;917.26;917.26;917.15;917.15;0.97;890.93;917.15
23.01.2017 20:21;0;0;0;0;0;0;0
23.01.2017 20:22;0;0;0;0;0;0;0
23.01.2017 20:23;917.08;917.08;916.9;916.9;1.33;1218.36;916.94
23.01.2017 20:24;917.28;917.28;917.23;917.23;1.56;1430.08;917.23
23.01.2017 20:25;917.69;917.69;917.69;917.69;1.85;1694.07;917.69
23.01.2017 20:26;917.6;917.6;917.48;917.48;0.23;210.53;917.51
23.01.2017 20:27;917.74;919;917.74;918.99;30.11;27650.9;918.31
23.01.2017 20:28;918.86;918.86;918.86;918.86;0.28;258.43;918.86
23.01.2017 20:29;918.81;918.81;918.77;918.77;0.19;170.24;918.8
23.01.2017 20:30;918.77;918.77;918.73;918.73;0.49;447.2;918.76
23.01.2017 20:31;918.88;918.88;918.84;918.84;0.38;344.98;918.85
23.01.2017 20:32;918.83;918.99;917.93;918.99;1.21;1113.03;918.67
23.01.2017 20:33;918.97;918.97;918.12;918.12;1.56;1433.99;918.81
23.01.2017 20:34;918.92;918.92;918.92;918.92;5.26;4833.15;918.92
23.01.2017 20:35;918.96;918.96;918.95;918.95;0.59;544.11;918.96
23.01.2017 20:36;918.95;918.99;917.98;917.98;1.66;1520.65;918.07
23.01.2017 20:37;918.97;918.97;918.97;918.97;0.07;64.07;918.97
23.01.2017 20:38;918.98;918.98;918.98;918.98;0.04;39.18;918.98
23.01.2017 20:39;918.98;918.99;918.96;918.96;0.31;281.28;918.98
23.01.2017 20:40;918.59;918.96;918.59;918.95;1.03;949.48;918.93
23.01.2017 20:41;918.93;918.93;918.93;918.93;0.03;28.49;918.93
23.01.2017 20:42;0;0;0;0;0;0;0
23.01.2017 20:43;918.96;918.96;918.96;918.96;0.06;52.38;918.96
23.01.2017 20:44;918.89;918.93;918.89;918.93;0.11;97.95;918.9
23.01.2017 20:45;918.96;918.96;918.94;918.94;1.33;1223.78;918.94
23.01.2017 20:46;918.94;918.94;918.9;918.9;1.15;1052.58;918.9
23.01.2017 20:47;918.9;918.9;918.9;918.9;0.31;282.8;918.9
23.01.2017 20:48;918.9;918.9;918.9;918.9;0.42;382.5;918.9
23.01.2017 20:49;918.9;918.99;918.9;918.99;1.12;1029.47;918.91
23.01.2017 20:50;918.99;918.99;918.99;918.99;0.03;30.33;918.99
23.01.2017 20:51;919;919;919;919;0.07;65.09;919
23.01.2017 20:52;918.38;918.93;918.38;918.9;9.05;8311.49;918.64
23.01.2017 20:53;918.42;918.7;918.01;918.64;5.98;5488.3;918.08
23.01.2017 20:54;918.42;918.42;918.42;918.42;0.56;518.72;918.42
23.01.2017 20:55;918.39;918.39;918.39;918.39;0.2;185.96;918.39
23.01.2017 20:56;918.73;918.97;918.68;918.97;0.46;424.37;918.85
23.01.2017 20:57;918.97;918.97;917.91;917.91;1.73;1591.04;918.19
23.01.2017 20:58;0;0;0;0;0;0;0
23.01.2017 20:59;917.94;918.08;917.94;918.08;0.2;183.62;918.05
23.01.2017 21:00;918.08;918.08;917.9;918.06;1.17;1077.84;918.03
23.01.2017 21:01;918.06;918.06;918.06;918.06;0.48;444.34;918.06
23.01.2017 21:02;918.06;918.06;917.93;918.06;0.61;562.71;917.95
23.01.2017 21:03;918.04;918.09;918.04;918.09;0.43;392.01;918.05
23.01.2017 21:04;918.09;918.09;918.09;918.09;0.36;331.37;918.09
23.01.2017 21:05;918.09;918.09;918.09;918.09;0.3;272.18;918.09
23.01.2017 21:06;918.09;918.09;918.09;918.09;4.3;3946.72;918.09
23.01.2017 21:07;917.97;918.89;917.97;918.89;3.65;3347.19;918.1
23.01.2017 21:08;918.89;918.89;918.23;918.83;1.68;1542.44;918.51
23.01.2017 21:09;918.75;918.75;918.73;918.73;1.01;930.8;918.74
23.01.2017 21:10;0;0;0;0;0;0;0
23.01.2017 21:11;918.65;918.85;918.65;918.85;0.23;215.3;918.8
23.01.2017 21:12;918.85;918.9;918.85;918.89;1.12;1029.89;918.9
23.01.2017 21:13;918.89;918.89;918.89;918.89;0.09;82.7;918.89
23.01.2017 21:14;918.89;918.89;918.89;918.89;0.16;143.51;918.89
23.01.2017 21:15;918.89;918.89;918.89;918.89;0.27;243.51;918.89
23.01.2017 21:16;0;0;0;0;0;0;0
23.01.2017 21:17;918.89;918.89;918.89;918.89;0.02;18.38;918.89
23.01.2017 21:18;918.89;918.89;918.89;918.89;0.01;11.75;918.89
23.01.2017 21:19;918.61;918.89;918.15;918.89;0.17;154.29;918.37
23.01.2017 21:20;918.89;918.89;918.89;918.89;0.11;99.24;918.89
23.01.2017 21:21;918.99;918.99;918.99;918.99;0.01;12.87;918.99
23.01.2017 21:22;918.99;918.99;918.99;918.99;0.12;110.36;918.99
23.01.2017 21:23;918.99;918.99;918.99;918.99;0.08;72.6;918.99
23.01.2017 21:24;918.99;918.99;918.99;918.99;0.28;261.24;918.99
23.01.2017 21:25;918.99;918.99;918.99;918.99;0.02;18.1;918.99
23.01.2017 21:26;919;919;919;919;4.36;4004.1;919
23.01.2017 21:27;919;919;919;919;0.02;20.93;919
23.01.2017 21:28;919;919;919;919;0.02;18.08;919
23.01.2017 21:29;919;919;919;919;0.1;91.9;919
23.01.2017 21:30;919;919;919;919;0.01;13.56;919
23.01.2017 21:31;919;919;918.41;919;1.71;1569.98;919
23.01.2017 21:32;919;919;919;919;0.54;491.77;919
23.01.2017 21:33;919;919;919;919;0.06;52.37;919
23.01.2017 21:34;919;919;919;919;0.11;99.25;919
23.01.2017 21:35;919;919;919;919;0.22;206.08;919
23.01.2017 21:36;919;919;919;919;1.13;1034.74;919
23.01.2017 21:37;0;0;0;0;0;0;0
23.01.2017 21:38;919;919;919;919;0.12;105.69;919
23.01.2017 21:39;919;919.88;919;919.88;4.44;4082.28;919.16
23.01.2017 21:40;919.9;919.9;919.08;919.89;0.41;373.16;919.88
23.01.2017 21:41;919.25;920.29;919.25;920.29;0.19;178.92;919.93
23.01.2017 21:42;920.29;921.07;920.29;921.07;1.27;1166.15;920.73
23.01.2017 21:43;921.07;921.07;920.48;921.04;4.3;3958.66;920.72
23.01.2017 21:44;921.02;921.02;921.02;921.02;0.11;98;921.02
23.01.2017 21:45;921.06;921.06;921.06;921.06;0.07;67.62;921.06
23.01.2017 21:46;0;0;0;0;0;0;0
23.01.2017 21:47;920.98;920.98;920.98;920.98;0.41;378.12;920.98
23.01.2017 21:48;920.96;921.04;920.94;921.04;0.27;252.58;920.98
23.01.2017 21:49;0;0;0;0;0;0;0
23.01.2017 21:50;0;0;0;0;0;0;0
23.01.2017 21:51;921.01;921.01;919.95;919.97;7.53;6926.14;919.98
23.01.2017 21:52;919.97;919.97;919.97;919.97;0.09;78.2;919.97
23.01.2017 21:53;919.97;919.97;919.96;919.96;0.29;266.85;919.97
23.01.2017 21:54;919.97;920.81;919.97;920.78;3.27;3006.32;920.77
23.01.2017 21:55;920.6;920.6;920.6;920.6;0.32;293.13;920.6
23.01.2017 21:56;920.36;920.36;920.36;920.36;1.99;1833.6;920.36
23.01.2017 21:57;920.11;920.97;920.11;920.95;0.89;816.28;920.17
23.01.2017 21:58;920.95;920.95;920.55;920.55;0.35;322.48;920.58
23.01.2017 21:59;920.93;920.93;920.93;920.93;0.9;824.39;920.93
23.01.2017 22:00;920.93;920.93;920.93;920.93;0.17;159.39;920.93
23.01.2017 22:01;920.93;920.93;920.93;920.93;0.34;311.41;920.93
23.01.2017 22:02;920.93;920.93;920.93;920.93;0.1;87.49;920.93
23.01.2017 22:03;0;0;0;0;0;0;0
23.01.2017 22:04;920.93;920.99;920.1;920.99;0.2;181.35;920.86
23.01.2017 22:05;920.35;920.99;920.35;920.99;0.85;785.56;920.39
23.01.2017 22:06;0;0;0;0;0;0;0
23.01.2017 22:07;920.99;920.99;920.99;920.99;0.49;452.79;920.99
23.01.2017 22:08;920.99;920.99;920.99;920.99;0.31;282.57;920.99
23.01.2017 22:09;0;0;0;0;0;0;0
23.01.2017 22:10;920.99;920.99;920.99;920.99;0.09;81.05;920.99
23.01.2017 22:11;920.97;920.97;920.97;920.97;0.04;41.25;920.97
23.01.2017 22:12;920.92;920.92;920.72;920.72;0.08;72.51;920.86
23.01.2017 22:13;920.72;920.72;920.72;920.72;0.05;45.86;920.72
23.01.2017 22:14;920.72;920.84;920.72;920.79;1.1;1016;920.75
23.01.2017 22:15;920.99;920.99;920.99;920.99;0.09;78.28;920.99
23.01.2017 22:16;920.93;920.93;920.93;920.93;2.11;1942.69;920.93
23.01.2017 22:17;920.28;920.99;920.28;920.37;0.24;216.44;920.5
23.01.2017 22:18;920.98;920.99;920.37;920.99;2.42;2230.53;920.96
23.01.2017 22:19;0;0;0;0;0;0;0
23.01.2017 22:20;920.99;920.99;920.99;920.99;0.25;226.91;920.99
23.01.2017 22:21;920.99;920.99;920.51;920.51;0.81;747;920.98
23.01.2017 22:22;920.53;920.99;920.53;920.99;0.17;159.3;920.8
23.01.2017 22:23;920.7;920.99;920.7;920.99;0.15;133.84;920.79
23.01.2017 22:24;920.87;920.99;920.87;920.99;0.05;46.02;920.9
23.01.2017 22:25;921;921;920.99;920.99;0.68;624.93;921
23.01.2017 22:26;921;921.07;921;921.07;0.03;28.41;921.06
23.01.2017 22:27;921.09;921.1;921.09;921.1;0.57;524.94;921.1
23.01.2017 22:28;921.11;921.29;921.11;921.11;0.59;546.24;921.22
23.01.2017 22:29;921.26;921.26;921.26;921.26;0.07;63.57;921.26
23.01.2017 22:30;921.15;921.15;921.14;921.14;0.64;586.21;921.14
23.01.2017 22:31;921.29;921.29;921.29;921.29;0.13;117;921.29
23.01.2017 22:32;921.28;921.28;921.28;921.28;11.58;10670.09;921.28
23.01.2017 22:33;921.2;921.28;920.82;921.28;0.77;711.85;921.22
23.01.2017 22:34;921.28;921.28;921.28;921.28;0.52;480.24;921.28
23.01.2017 22:35;0;0;0;0;0;0;0
23.01.2017 22:36;921.28;921.28;920.82;920.82;0.51;468.23;920.88
23.01.2017 22:37;920.82;921.23;920.82;921.23;0.55;505.54;920.83
23.01.2017 22:38;920.82;921.11;920.82;921.11;0.07;68.63;920.86
23.01.2017 22:39;920.89;921.11;920.89;921.11;0.55;507.41;920.95
23.01.2017 22:40;921.11;921.29;920.95;921.29;4.97;4575.31;921.29
23.01.2017 22:41;921.67;921.67;921.67;921.67;0.35;326.27;921.67
23.01.2017 22:42;0;0;0;0;0;0;0
23.01.2017 22:43;920.87;920.99;920.87;920.99;0.24;219.42;920.93
23.01.2017 22:44;921.89;921.9;920.95;921.89;0.32;296.03;921.59
23.01.2017 22:45;921.79;921.79;921.06;921.06;0.9;833.8;921.66
23.01.2017 22:46;921.6;921.6;921.6;921.6;0.07;64.51;921.6
23.01.2017 22:47;921.63;921.66;920.82;921.66;0.93;853.99;921.58
23.01.2017 22:48;921.66;921.66;921.66;921.66;1.25;1156.37;921.66
23.01.2017 22:49;920.89;920.89;920.89;920.89;0.15;140.54;920.89
23.01.2017 22:50;921.02;921.79;921.02;921.79;0.02;16.77;921.44
23.01.2017 22:51;921.79;922.57;921.17;922.57;20.54;18942.99;922.16
23.01.2017 22:52;922.09;922.09;922.09;922.09;0.09;78.38;922.09
23.01.2017 22:53;922.47;922.47;921.19;922.47;0.15;142.31;922.23
23.01.2017 22:54;0;0;0;0;0;0;0
23.01.2017 22:55;922.34;922.47;922.28;922.47;4.79;4417.33;922.47
23.01.2017 22:56;921.4;922.57;921.4;922.57;0.23;209.24;922.47
23.01.2017 22:57;922.57;922.57;921.2;921.2;0.09;86.61;922.2
23.01.2017 22:58;921.36;921.36;921.36;921.36;0.05;50.27;921.36
23.01.2017 22:59;0;0;0;0;0;0;0
23.01.2017 23:00;0;0;0;0;0;0;0
23.01.2017 23:01;922.41;922.57;921.1;921.13;2.26;2082.25;922.34
23.01.2017 23:02;0;0;0;0;0;0;0
23.01.2017 23:03;922.54;922.58;922.54;922.58;1.52;1397.7;922.57
23.01.2017 23:04;0;0;0;0;0;0;0
23.01.2017 23:05;922.58;922.58;922.58;922.58;0.02;17.53;922.58
23.01.2017 23:06;921.53;921.53;921.53;921.53;2.2;2026.41;921.53
23.01.2017 23:07;922.56;922.56;921.79;921.79;0.03;28.66;922.02
23.01.2017 23:08;0;0;0;0;0;0;0
23.01.2017 23:09;921.49;921.49;921.49;921.49;0.03;29.63;921.49
23.01.2017 23:10;922.56;922.56;921.62;921.68;0.15;140.58;922.08
23.01.2017 23:11;922.56;922.56;922.56;922.56;0.37;343;922.56
23.01.2017 23:12;922.02;922.02;922.02;922.02;0.02;18.19;922.02
23.01.2017 23:13;0;0;0;0;0;0;0
23.01.2017 23:14;922.56;922.57;922.56;922.57;5.06;4665.42;922.57
23.01.2017 23:15;922.57;922.57;922.57;922.57;0.08;71.04;922.57
23.01.2017 23:16;922.57;922.57;922.05;922.57;0.29;267.5;922.53
23.01.2017 23:17;922.3;922.3;922.3;922.3;0.22;200.95;922.3
23.01.2017 23:18;922.3;922.58;922.3;922.32;5.25;4840.22;922.32
23.01.2017 23:19;922.58;923;922.53;922.53;26.03;24015.81;922.68
23.01.2017 23:20;922.99;923;922.99;923;9.44;8712.23;922.99
23.01.2017 23:21;922.78;923;922.78;923;3.08;2845.87;922.79
23.01.2017 23:22;923;923;923;923;0.15;138.24;923
23.01.2017 23:23;922.8;923;922.8;923;14.45;13340.11;922.95
23.01.2017 23:24;923;923;923;923;2.57;2370.25;923
23.01.2017 23:25;923.19;923.19;923.19;923.19;0.38;354.67;923.19
23.01.2017 23:26;922.95;923.19;922.95;922.95;0.92;849.33;923.1
23.01.2017 23:27;923.19;923.19;922.62;922.62;6.65;6134.98;922.71
23.01.2017 23:28;922.87;922.87;921.08;921.75;4;3689.36;922.1
23.01.2017 23:29;921.58;921.58;920.21;921.39;8.91;8200.96;920.65
23.01.2017 23:30;920.78;920.78;918.88;918.88;24;22060.33;919.11
23.01.2017 23:31;919.36;919.36;919.3;919.3;0.22;200.72;919.31
23.01.2017 23:32;919.3;919.87;918.88;919.87;5.73;5266.52;919.3
23.01.2017 23:33;918.88;919.29;917.23;918.94;26.12;23966.55;917.72
23.01.2017 23:34;918.86;918.86;917.87;917.87;0.41;372.95;918.59
23.01.2017 23:35;918.28;918.8;917.8;918.8;0.32;291.82;918.32
23.01.2017 23:36;918.75;919.91;918.75;919.91;1.6;1470.15;918.91
23.01.2017 23:37;919.91;919.92;919.05;919.92;0.56;511.37;919.73
23.01.2017 23:38;919.8;919.8;919.65;919.65;0.31;288.9;919.78
23.01.2017 23:39;918.24;919.54;917.92;919.5;17;15603.52;918.03
23.01.2017 23:40;919.46;919.46;919.19;919.19;0.14;132.57;919.32
23.01.2017 23:41;919.07;919.07;919.03;919.03;0.24;223.32;919.03
23.01.2017 23:42;917.99;918.08;917.99;918.08;7.19;6597.51;917.99
23.01.2017 23:43;919.88;919.88;918.4;919.76;2.11;1937.56;919.79
23.01.2017 23:44;918.5;919.92;918.5;919.91;1.74;1599.41;918.98
23.01.2017 23:45;919.65;919.91;919.62;919.91;1.98;1817.47;919.64
23.01.2017 23:46;919.91;919.91;917.99;919.88;0.14;130.83;919.68
23.01.2017 23:47;919.87;919.87;918.18;919.83;1.64;1506.94;919.43
23.01.2017 23:48;919.91;919.91;918.39;918.49;38.68;35580.81;919.9
23.01.2017 23:49;918.65;919.92;918.65;919.92;0.24;221.21;919.12
23.01.2017 23:50;919.92;919.92;919.92;919.92;0.18;168.16;919.92
23.01.2017 23:51;919.92;919.92;919.32;919.58;0.28;257.09;919.67
23.01.2017 23:52;919.91;919.97;919.91;919.97;0.15;142.04;919.96
23.01.2017 23:53;919.97;921;919.91;921;1.79;1652.01;920.74
23.01.2017 23:54;919.96;920.94;919.92;920.94;1.18;1087.34;919.96
23.01.2017 23:55;920.94;920.94;919.91;919.91;0.61;562.09;920.03
23.01.2017 23:56;918.95;918.95;918.92;918.92;1.01;929.96;918.93
23.01.2017 23:57;918;918.58;917.27;917.27;1.41;1293.93;918.05
23.01.2017 23:58;917.37;918.73;917.27;917.27;0.37;335.63;917.44
23.01.2017 23:59;917.27;917.27;913.52;913.52;37.94;34723.11;915.21
24.01.2017 00:00;913.15;913.15;909.13;909.13;100.76;91796.75;911.04
24.01.2017 00:01;909.1;909.1;901;901;211.74;191116.73;902.61
24.01.2017 00:02;901.73;902.03;901;902.02;57.93;52208.34;901.25
24.01.2017 00:03;901.38;901.99;901;901.93;42.58;38365.88;901.01
24.01.2017 00:04;901.02;902.03;901.02;902.03;53.48;48222.93;901.76
24.01.2017 00:05;902.3;903.03;901;903.03;54.4;49034.09;901.4
24.01.2017 00:06;903.01;903.92;902.1;903.9;86.41;78010.79;902.83
24.01.2017 00:07;903.85;904.94;903.85;904.88;13.41;12126.8;904.18
24.01.2017 00:08;904.04;904.98;902.02;902.02;30.26;27333.16;903.17
24.01.2017 00:09;902.32;902.32;900.34;900.34;10.9;9817.22;900.97
24.01.2017 00:10;901.97;903.04;900.34;901.41;11.28;10173.24;901.59
24.01.2017 00:11;902.96;904.03;902.96;903;7.34;6632.54;903.4
24.01.2017 00:12;904.03;904.96;903.14;903.14;1.35;1221.06;903.82
24.01.2017 00:13;903.85;903.85;897.23;899.98;55.7;50085.63;899.19
24.01.2017 00:14;897.33;898.94;897.23;898;11.71;10507.26;897.63
24.01.2017 00:15;898;898.73;898;898.58;3.68;3304.68;898.62
24.01.2017 00:16;898.58;898.58;897;897;10.1;9066.12;897.22
24.01.2017 00:17;897;897;895.45;895.47;13.55;12137.44;895.84
24.01.2017 00:18;895.47;895.47;892.04;893.65;191.69;171436.6;894.36
24.01.2017 00:19;892.85;892.85;892.04;892.06;15.26;13608.99;892.07
24.01.2017 00:20;892.06;895;892.06;895;8.34;7456.98;894.28
24.01.2017 00:21;894.99;895;894.99;895;4.23;3782.04;895
24.01.2017 00:22;895.95;898;895.95;898;7.02;6300.83;897.55
24.01.2017 00:23;898.72;899;898.06;899;11.85;10654.45;898.88
24.01.2017 00:24;899;899;897.96;897.97;15.53;13960.48;898.98
24.01.2017 00:25;897.97;897.97;897.97;897.97;2.12;1902.42;897.97
24.01.2017 00:26;897.97;899;897.97;899;0.28;253.49;898.85
24.01.2017 00:27;899;899;898;899;11.13;10006.73;899
24.01.2017 00:28;899;899;899;899;12.76;11472.32;899
24.01.2017 00:29;899;899;899;899;1.11;1002.13;899
24.01.2017 00:30;898.88;898.88;898.88;898.88;10.11;9087.68;898.88
24.01.2017 00:31;898.88;898.88;898;898.01;9.54;8570.34;898.73
24.01.2017 00:32;898.01;898.01;897.96;897.96;3.47;3120.07;898
24.01.2017 00:33;897.96;898.88;897.88;898.06;6.69;6012.8;898.4
24.01.2017 00:34;898.86;898.86;897.9;897.9;1.98;1779.18;898.85
24.01.2017 00:35;898.85;898.85;898;898;10.9;9792.75;898.79
24.01.2017 00:36;898;898;898;898;6.44;5783.46;898
24.01.2017 00:37;897.91;898.82;897.27;898.63;14.01;12583.02;898.02
24.01.2017 00:38;898.81;898.82;897.23;898.7;21.15;18984.62;897.81
24.01.2017 00:39;898.78;898.78;897.25;898.75;0.19;171.54;898.56
24.01.2017 00:40;898.73;898.85;898.73;898.73;4.04;3626.99;898.83
24.01.2017 00:41;898.73;898.73;898.73;898.73;0.4;359.49;898.73
24.01.2017 00:42;0;0;0;0;0;0;0
24.01.2017 00:43;898.85;898.85;897.84;898.73;1.26;1129.6;898.67
24.01.2017 00:44;898.85;898.85;898.73;898.85;0.8;718.49;898.77
24.01.2017 00:45;898.85;898.85;898.73;898.73;5.26;4730.15;898.85
24.01.2017 00:46;898.85;898.85;897.99;897.99;62.36;55998.97;898.05
24.01.2017 00:47;897.99;897.99;897.23;897.23;15.91;14281.6;897.8
24.01.2017 00:48;897.9;897.9;897.23;897.72;1.54;1378.31;897.68
24.01.2017 00:49;897.7;897.71;897.23;897.63;8.79;7885.89;897.5
24.01.2017 00:50;897.67;897.67;897.35;897.67;3.51;3154.78;897.66
24.01.2017 00:51;897.67;897.84;897.35;897.84;3.44;3085.17;897.67
24.01.2017 00:52;898.39;900.37;898.36;899.11;18.37;16515.79;898.95
24.01.2017 00:53;900.37;901.97;900.37;901.97;3.12;2810.11;901.2
24.01.2017 00:54;902.31;902.95;902.31;902.81;20.33;18356.71;902.8
24.01.2017 00:55;902.74;902.74;902.74;902.74;0.05;40.62;902.74
24.01.2017 00:56;902.34;902.34;901.92;901.92;1.84;1655.37;901.98
24.01.2017 00:57;901.75;901.75;900.29;901.37;4.6;4145.37;900.68
24.01.2017 00:58;901.22;901.97;900.47;900.54;9.08;8184.5;901.17
24.01.2017 00:59;901.97;901.97;900.84;901;0.43;384.05;901.21
24.01.2017 01:00;901.97;902.9;901.97;902.34;2.3;2074.59;902.8
24.01.2017 01:01;902.34;902.35;901.97;901.97;49.52;44683.39;902.35
24.01.2017 01:02;901.97;902.77;900.38;902.77;2.03;1829.27;901.57
24.01.2017 01:03;902.59;902.59;902.59;902.59;5.01;4517.46;902.59
24.01.2017 01:04;902.86;902.86;902.86;902.86;0.39;355.11;902.86
24.01.2017 01:05;0;0;0;0;0;0;0
24.01.2017 01:06;902.49;902.49;902.48;902.48;2;1805.54;902.49
24.01.2017 01:07;902.18;902.18;901.16;901.16;1.42;1283.1;901.76
24.01.2017 01:08;0;0;0;0;0;0;0
24.01.2017 01:09;901.64;902.86;901.64;902.86;0.52;473.07;902.8
24.01.2017 01:10;902.86;902.86;902.77;902.86;7.41;6689.8;902.86
24.01.2017 01:11;902.86;903.97;902.86;903.97;3.51;3172;903.19
24.01.2017 01:12;904.94;904.94;904.94;904.94;8.8;7964.54;904.94
24.01.2017 01:13;904.95;905.95;904.95;905.94;2.54;2296.44;905.54
24.01.2017 01:14;904.78;905.94;904.78;905.8;4.47;4047.22;905.51
24.01.2017 01:15;905.11;905.85;905.11;905.85;0.96;865.43;905.66
24.01.2017 01:16;905.76;905.76;905.08;905.08;8.78;7948.99;905.1
24.01.2017 01:17;905.84;905.84;904.99;905.64;0.12;108.6;905.46
24.01.2017 01:18;905.26;905.86;905.26;905.86;0.38;342.09;905.39
24.01.2017 01:19;905.86;905.95;905.86;905.95;20.6;18663.26;905.86
24.01.2017 01:20;905.95;906.97;905.26;906.72;33.21;30114.7;906.83
24.01.2017 01:21;905.26;906.02;904.99;904.99;20.81;18850.02;905.99
24.01.2017 01:22;904.99;906.56;904.99;905;1.36;1233.34;905.78
24.01.2017 01:23;906.03;906.98;905;905;20.02;18135.13;905.84
24.01.2017 01:24;0;0;0;0;0;0;0
24.01.2017 01:25;905.15;905.15;904.91;904.91;66.19;59913.08;905.11
24.01.2017 01:26;904.99;905;902.87;902.88;22.86;20670.94;904.04
24.01.2017 01:27;902.86;903.01;902.86;903;10.76;9711.82;902.95
24.01.2017 01:28;902.92;902.92;902.92;902.92;0.04;36.65;902.92
24.01.2017 01:29;902.04;902.04;902.04;902.04;0.03;23.79;902.04
24.01.2017 01:30;902.78;902.78;902.08;902.08;0.16;141.73;902.58
24.01.2017 01:31;0;0;0;0;0;0;0
24.01.2017 01:32;902.78;902.78;902.78;902.78;0.21;186.49;902.78
24.01.2017 01:33;902.92;902.99;902.92;902.95;4.23;3820.72;902.95
24.01.2017 01:34;902.9;903.78;902.9;903.78;50;45162.6;903.25
24.01.2017 01:35;902.59;902.78;902.59;902.78;2.48;2234.87;902.59
24.01.2017 01:36;903.85;903.85;902.94;903.81;5.59;5051;903.14
24.01.2017 01:37;902.94;902.95;902.94;902.94;4.92;4441.45;902.95
24.01.2017 01:38;902.94;903.85;902.11;903.85;0.61;548.79;902.99
24.01.2017 01:39;903.12;903.85;902.19;903.85;12.24;11064.74;903.83
24.01.2017 01:40;902.95;903;902.24;903;31.87;28776.27;902.94
24.01.2017 01:41;903.02;903.02;903;903;5.44;4913.35;903.01
24.01.2017 01:42;903;903;903;903;0.1;87.13;903
24.01.2017 01:43;903.82;903.82;903;903;0.43;392.55;903.27
24.01.2017 01:44;903.82;903.83;903;903;8.91;8049.33;903.09
24.01.2017 01:45;903;903;903;903;6.02;5438.22;903
24.01.2017 01:46;0;0;0;0;0;0;0
24.01.2017 01:47;903;903;903;903;0.28;249.88;903
24.01.2017 01:48;903;903;903;903;0.5;451.5;903
24.01.2017 01:49;903.23;903.24;900.16;903.24;54.82;49473.88;902.49
24.01.2017 01:50;903.58;903.58;898.73;900.9;9.76;8785.47;899.94
24.01.2017 01:51;899.01;900.67;899.01;900.67;0.32;284.08;899.09
24.01.2017 01:52;900.01;901.72;900.01;901.72;3.25;2924.93;900.57
24.01.2017 01:53;901.94;901.94;901.94;901.94;0.32;289.98;901.94
24.01.2017 01:54;0;0;0;0;0;0;0
24.01.2017 01:55;900.05;901.87;900.05;901.87;0.03;29.52;900.91
24.01.2017 01:56;900.05;900.59;899.02;900.59;22.75;20472.5;900
24.01.2017 01:57;899.9;900.29;898.73;900.27;8.93;8032.18;899.05
24.01.2017 01:58;900.25;900.3;900.17;900.3;5.88;5292.66;900.24
24.01.2017 01:59;900.3;900.3;900.29;900.3;11.98;10782.16;900.3
24.01.2017 02:00;900.3;901.5;900.3;901.5;2.73;2462.01;900.69
24.01.2017 02:01;901.51;901.51;901.51;901.51;0.36;323.52;901.51
24.01.2017 02:02;901.62;901.98;901.62;901.98;0.1;92.5;901.69
24.01.2017 02:03;901.97;902;901.97;902;10.39;9375.49;902
24.01.2017 02:04;902;902.5;902;902.5;1.01;912.12;902.18
24.01.2017 02:05;902.26;902.26;902.26;902.26;10.08;9093.1;902.26
24.01.2017 02:06;902.5;902.5;902.28;902.5;5.1;4607.03;902.5
24.01.2017 02:07;902.5;902.5;902.28;902.28;1.87;1685.88;902.5
24.01.2017 02:08;0;0;0;0;0;0;0
24.01.2017 02:09;902.28;902.28;902.22;902.22;22.15;19984.33;902.28
24.01.2017 02:10;902.17;902.44;902.15;902.44;8.03;7248.07;902.32
24.01.2017 02:11;0;0;0;0;0;0;0
24.01.2017 02:12;902.44;902.49;902.16;902.49;6.94;6261.43;902.43
24.01.2017 02:13;0;0;0;0;0;0;0
24.01.2017 02:14;902.15;902.15;902.15;902.15;0.17;156.75;902.15
24.01.2017 02:15;902.15;902.15;902.15;902.15;0.06;50.48;902.15
24.01.2017 02:16;902.49;902.49;901.72;901.72;14.81;13361.21;902.37
24.01.2017 02:17;901.89;901.89;901.89;901.89;10;9018.9;901.89
24.01.2017 02:18;902;902;902;902;3.07;2769.14;902
24.01.2017 02:19;902.26;902.26;902.26;902.26;0.01;5.8;902.26
24.01.2017 02:20;0;0;0;0;0;0;0
24.01.2017 02:21;901.92;901.92;901.92;901.92;0.37;337.03;901.92
24.01.2017 02:22;901.85;902.5;901.85;902;7.32;6606.8;901.97
24.01.2017 02:23;902.5;902.5;902;902;2.63;2377.01;902.13
24.01.2017 02:24;0;0;0;0;0;0;0
24.01.2017 02:25;902.5;902.5;902;902;0.23;208.78;902.11
24.01.2017 02:26;902.5;902.5;902.5;902.5;15;13537.5;902.5
24.01.2017 02:27;902.5;902.5;902.5;902.5;0.3;275.03;902.5
24.01.2017 02:28;902.21;902.5;902.08;902.08;0.05;43.74;902.25
24.01.2017 02:29;902.49;903;902.49;903;5.29;4778.53;902.53
24.01.2017 02:30;903;903.5;903;903.5;10.11;9128.09;903.01
24.01.2017 02:31;903.5;905.88;903.5;905.88;18.33;16580.03;904.55
24.01.2017 02:32;905.88;905.94;905.62;905.94;3.8;3446.1;905.68
24.01.2017 02:33;906.01;906.01;906.01;906.01;0.04;39.01;906.01
24.01.2017 02:34;906.42;906.42;906.42;906.42;10.22;9264.19;906.42
24.01.2017 02:35;906.43;906.47;906.43;906.43;0.17;151.2;906.45
24.01.2017 02:36;906.43;906.5;906.03;906.5;30.24;27406.54;906.42
24.01.2017 02:37;906.03;906.5;906.03;906.04;1.04;938.19;906.04
24.01.2017 02:38;906.5;906.5;906.04;906.49;26.17;23724.71;906.49
24.01.2017 02:39;0;0;0;0;0;0;0
24.01.2017 02:40;0;0;0;0;0;0;0
24.01.2017 02:41;906.45;906.45;906.01;906.45;2.12;1919.25;906.03
24.01.2017 02:42;906.01;906.45;906.01;906.45;0.16;144.31;906.23
24.01.2017 02:43;906.01;906.5;906.01;906.02;0.5;450.01;906.41
24.01.2017 02:44;906.15;906.15;906.15;906.15;0.01;5.97;906.15
24.01.2017 02:45;906.19;906.2;906.19;906.2;0.16;146.95;906.2
24.01.2017 02:46;906.5;907.95;906.2;907.95;11.21;10166.59;906.59
24.01.2017 02:47;907.94;907.95;907.94;907.95;0.13;119.85;907.95
24.01.2017 02:48;907.95;908.34;907.95;908.34;0.21;187.55;907.95
24.01.2017 02:49;0;0;0;0;0;0;0
24.01.2017 02:50;908.34;908.34;908.34;908.34;0.32;289.69;908.34
24.01.2017 02:51;908.35;909.5;908.35;909.49;9.82;8927.45;909.21
24.01.2017 02:52;909.49;909.49;909.49;909.49;0.02;21.57;909.49
24.01.2017 02:53;908.6;909.31;908.6;908.71;0.79;719.29;908.72
24.01.2017 02:54;909.44;909.44;909.44;909.44;0.04;40.02;909.44
24.01.2017 02:55;909.22;909.24;908.66;908.66;0.12;112.49;909.07
24.01.2017 02:56;0;0;0;0;0;0;0
24.01.2017 02:57;909.23;909.25;909.23;909.25;0.31;281.5;909.25
24.01.2017 02:58;0;0;0;0;0;0;0
24.01.2017 02:59;908.66;909.3;908.66;909.3;0.09;81.83;909.25
24.01.2017 03:00;908.66;908.66;908.66;908.66;0.02;19.95;908.66
24.01.2017 03:01;908.65;908.65;908.65;908.65;0.03;24.94;908.65
24.01.2017 03:02;0;0;0;0;0;0;0
24.01.2017 03:03;0;0;0;0;0;0;0
24.01.2017 03:04;908.66;909.31;908.66;909.31;0.11;104.26;909.1
24.01.2017 03:05;909.27;909.27;909.27;909.27;0.1;88.09;909.27
24.01.2017 03:06;909.27;914.58;909.27;913.94;162.17;147809.6;911.44
24.01.2017 03:07;912.93;912.99;912.93;912.99;1.62;1481.02;912.94
24.01.2017 03:08;913.12;913.12;913.12;913.12;0.01;11.93;913.12
24.01.2017 03:09;912.61;913.49;912.61;913.49;0.11;104.93;912.83
24.01.2017 03:10;913.3;913.3;912.63;912.71;4.99;4554.54;912.94
24.01.2017 03:11;912.73;912.73;912.71;912.71;2.06;1877.48;912.73
24.01.2017 03:12;912.72;912.72;912.54;912.71;6.65;6067.03;912.54
24.01.2017 03:13;912.7;912.7;912.51;912.66;0.94;857.07;912.56
24.01.2017 03:14;0;0;0;0;0;0;0
24.01.2017 03:15;912.46;912.46;912.46;912.46;0.04;35.69;912.46
24.01.2017 03:16;912.46;912.46;912.45;912.45;0.4;366.14;912.45
24.01.2017 03:17;912.46;912.71;912.46;912.71;10.99;10032.82;912.54
24.01.2017 03:18;912.53;912.71;912.53;912.71;0.06;53.29;912.62
24.01.2017 03:19;912.71;912.71;912.53;912.53;0.01;11.01;912.63
24.01.2017 03:20;912.71;912.71;912.71;912.71;0.44;397.81;912.71
24.01.2017 03:21;0;0;0;0;0;0;0
24.01.2017 03:22;912.53;912.53;912.53;912.53;0.03;30.11;912.53
24.01.2017 03:23;912.61;912.71;912.61;912.71;2.42;2208.89;912.7
24.01.2017 03:24;912.71;912.71;912.61;912.61;0.14;127.02;912.63
24.01.2017 03:25;912.61;912.61;912.61;912.61;0.14;132.18;912.61
24.01.2017 03:26;912.71;914.09;912.71;914.09;16.86;15387.81;912.73
24.01.2017 03:27;914.01;914.2;914;914;2.48;2268.28;914.02
24.01.2017 03:28;914.18;914.18;913.94;913.94;48.62;44438.88;914
24.01.2017 03:29;913.01;913.01;913.01;913.01;0.11;102.26;913.01
24.01.2017 03:30;913.01;913.01;913.01;913.01;0.02;22.25;913.01
24.01.2017 03:31;913.88;913.88;913.88;913.88;0.05;49.35;913.88
24.01.2017 03:32;913.81;913.81;913.81;913.81;0.01;10.97;913.81
24.01.2017 03:33;913.01;913.85;913.01;913.85;0.06;55.05;913.23
24.01.2017 03:34;0;0;0;0;0;0;0
24.01.2017 03:35;913.55;913.55;913.54;913.54;0.27;242.57;913.54
24.01.2017 03:36;913.01;913.01;913;913;4.31;3932.41;913
24.01.2017 03:37;913.01;913.01;913;913.01;0.58;532.01;913.01
24.01.2017 03:38;913.96;913.96;913.96;913.96;1.19;1087.45;913.96
24.01.2017 03:39;913.98;914.19;912.89;912.89;5.28;4828.12;913.91
24.01.2017 03:40;912.9;914.19;912.61;912.61;2.11;1922.05;912.66
24.01.2017 03:41;914.19;914.19;914.19;914.19;0.02;18.28;914.19
24.01.2017 03:42;912.62;912.62;912.61;912.61;2.29;2087.46;912.61
24.01.2017 03:43;912.61;912.62;912.61;912.62;2.14;1951.57;912.61
24.01.2017 03:44;913.7;913.7;913.7;913.7;0.41;375.33;913.7
24.01.2017 03:45;0;0;0;0;0;0;0
24.01.2017 03:46;914.2;914.2;913.44;914.2;0.4;363.01;914.17
24.01.2017 03:47;914.58;914.9;914.58;914.89;32.33;29577.13;914.85
24.01.2017 03:48;914.85;914.89;914.85;914.89;4.01;3669.08;914.86
24.01.2017 03:49;914.89;914.89;912.61;912.62;10.25;9352.61;912.88
24.01.2017 03:50;913.96;913.96;913.96;913.96;0.04;36.56;913.96
24.01.2017 03:51;913.96;913.97;912.62;913.97;0.47;427.78;913.31
24.01.2017 03:52;912.62;913.97;912.61;913.06;0.43;388.31;912.88
24.01.2017 03:53;913.06;914.35;913.06;914.35;8.87;8103.49;913.76
24.01.2017 03:54;0;0;0;0;0;0;0
24.01.2017 03:55;0;0;0;0;0;0;0
24.01.2017 03:56;0;0;0;0;0;0;0
24.01.2017 03:57;912.98;912.98;912.98;912.98;0.01;10.05;912.98
24.01.2017 03:58;914.33;914.33;912.97;913.46;11.44;10461.79;914.17
24.01.2017 03:59;914.21;914.21;912.92;913.4;1.11;1012.62;913.02
24.01.2017 04:00;914.09;914.99;914.02;914.99;36.81;33671.82;914.68
24.01.2017 04:01;914.99;922.71;914.99;922.71;92.25;84572.47;916.82
24.01.2017 04:02;921.96;923;921.96;922.12;38.97;35963.66;922.95
24.01.2017 04:03;922.16;922.77;920.09;920.09;19.47;17946.46;921.55
24.01.2017 04:04;920.01;921.06;919.83;921.06;0.81;743.69;920.15
24.01.2017 04:05;921.06;921.1;920.35;920.35;12.12;11159.41;920.54
24.01.2017 04:06;921.45;921.78;921.36;921.78;0.72;658.93;921.49
24.01.2017 04:07;921.78;922.09;921.5;921.5;11.63;10718.84;921.78
24.01.2017 04:08;921.1;921.24;920.21;921.24;11.93;10978.54;920.51
24.01.2017 04:09;921.25;922.5;921.25;922.5;4.86;4485.36;922.15
24.01.2017 04:10;922.1;922.1;922.1;922.1;0.19;178.84;922.1
24.01.2017 04:11;922.1;922.1;922;922;2.24;2063.53;922.01
24.01.2017 04:12;921.3;922.47;921.3;922.47;0.26;237.21;922.21
24.01.2017 04:13;921.3;921.3;919.83;919.83;13.35;12289.95;920.47
24.01.2017 04:14;919.3;919.3;918.3;918.3;2.5;2296.27;918.51
24.01.2017 04:15;918.61;918.61;918.34;918.34;0.49;448.28;918.6
24.01.2017 04:16;918.56;918.56;917.3;917.3;8.67;7955.42;918
24.01.2017 04:17;918.3;918.44;917.3;918.35;3.04;2787.88;918.28
24.01.2017 04:18;917.3;917.3;917.3;917.3;0.25;229.11;917.3
24.01.2017 04:19;917.62;917.62;916.3;917.59;1.23;1127.35;917.01
24.01.2017 04:20;916.3;916.3;915.97;915.97;0.46;421.47;916.24
24.01.2017 04:21;915.97;917.29;915.97;917.29;0.19;174.2;916.85
24.01.2017 04:22;0;0;0;0;0;0;0
24.01.2017 04:23;916.13;917;915.97;915.97;8.62;7895.33;916.35
24.01.2017 04:24;915.3;915.3;912.97;912.98;19.35;17674.15;913.58
24.01.2017 04:25;914.29;914.29;914.29;914.29;0.03;27.43;914.29
24.01.2017 04:26;914.19;915.15;914.19;914.29;2.1;1924.38;914.63
24.01.2017 04:27;914.6;914.6;914.6;914.6;0.1;89.4;914.6
24.01.2017 04:28;914.68;914.68;914.68;914.68;0.12;110.61;914.68
24.01.2017 04:29;914.21;915.3;914.21;915.3;1.48;1353.54;914.39
24.01.2017 04:30;915.3;915.3;913.67;915.3;1.26;1152.09;914
24.01.2017 04:31;915.29;915.29;915.11;915.11;1.26;1150.87;915.28
24.01.2017 04:32;915.08;915.24;915.07;915.18;1.17;1068.38;915.18
24.01.2017 04:33;913.99;913.99;913.99;913.99;0.03;30.58;913.99
24.01.2017 04:34;913.7;914.78;913.55;913.55;3.96;3624.69;914.68
24.01.2017 04:35;913.52;913.52;913.51;913.51;0.51;467.16;913.51
24.01.2017 04:36;913.35;913.35;913.34;913.34;1.88;1714.23;913.35
24.01.2017 04:37;913.48;913.49;913.48;913.49;0.28;257.6;913.48
24.01.2017 04:38;913.46;913.46;913.46;913.46;0.22;200.05;913.46
24.01.2017 04:39;913.46;913.46;913.46;913.46;0.04;39.28;913.46
24.01.2017 04:40;0;0;0;0;0;0;0
24.01.2017 04:41;0;0;0;0;0;0;0
24.01.2017 04:42;914.19;914.19;913.56;913.56;0.1;86.96;914.04
24.01.2017 04:43;914.19;915.3;914.19;915.3;1.15;1051.88;914.84
24.01.2017 04:44;916.19;917.06;916.19;917.06;3;2750.35;916.78
24.01.2017 04:45;0;0;0;0;0;0;0
24.01.2017 04:46;0;0;0;0;0;0;0
24.01.2017 04:47;916.57;916.64;916.57;916.64;0.96;876.26;916.63
24.01.2017 04:48;916.42;916.42;916.4;916.4;0.25;229.1;916.4
24.01.2017 04:49;916.61;916.63;916.61;916.63;0.07;65.24;916.61
24.01.2017 04:50;916.74;917.18;916.73;917.18;5.72;5248.21;916.74
24.01.2017 04:51;917.18;917.3;917.18;917.3;1.09;1003.45;917.24
24.01.2017 04:52;918.19;919.3;918.19;918.2;2.02;1857.8;918.74
24.01.2017 04:53;918.2;918.2;918.2;918.2;0.06;50.78;918.2
24.01.2017 04:54;920.19;921.16;920.19;921.16;2;1841.14;920.57
24.01.2017 04:55;0;0;0;0;0;0;0
24.01.2017 04:56;0;0;0;0;0;0;0
24.01.2017 04:57;0;0;0;0;0;0;0
24.01.2017 04:58;919.21;919.21;919.2;919.2;0.25;232.18;919.21
24.01.2017 04:59;0;0;0;0;0;0;0
24.01.2017 05:00;0;0;0;0;0;0;0
24.01.2017 05:01;919.2;919.2;919.19;919.19;0.89;816.01;919.19
24.01.2017 05:02;0;0;0;0;0;0;0
24.01.2017 05:03;0;0;0;0;0;0;0
24.01.2017 05:04;0;0;0;0;0;0;0
24.01.2017 05:05;918.2;918.2;918.2;918.2;0.36;334.15;918.2
24.01.2017 05:06;918.2;919.32;918.2;919.32;0.23;209.17;919.18
24.01.2017 05:07;0;0;0;0;0;0;0
24.01.2017 05:08;918.2;918.2;918.2;918.2;0.08;71.46;918.2
24.01.2017 05:09;0;0;0;0;0;0;0
24.01.2017 05:10;919.03;919.03;919.03;919.03;0.04;36.76;919.03
24.01.2017 05:11;919.44;919.44;919.44;919.44;0.42;382.49;919.44
24.01.2017 05:12;918.21;918.21;918.19;918.19;0.33;304.45;918.2
24.01.2017 05:13;919.19;919.22;918.2;918.2;1.04;954.17;919.17
24.01.2017 05:14;0;0;0;0;0;0;0
24.01.2017 05:15;0;0;0;0;0;0;0
24.01.2017 05:16;919.8;919.8;918.67;918.67;0.07;60.04;918.84
24.01.2017 05:17;919.9;919.97;918.28;918.31;2.08;1907.5;918.33
24.01.2017 05:18;0;0;0;0;0;0;0
24.01.2017 05:19;0;0;0;0;0;0;0
24.01.2017 05:20;919.95;919.95;919.95;919.95;0.02;22.08;919.95
24.01.2017 05:21;0;0;0;0;0;0;0
24.01.2017 05:22;919.95;919.95;918.21;919.8;1.11;1023.33;919.81
24.01.2017 05:23;919.71;919.71;918.46;918.47;0.25;234.11;919.37
24.01.2017 05:24;918.56;920.1;918.56;920.1;0.04;34.08;918.98
24.01.2017 05:25;920.01;920.01;918.81;918.81;1.17;1079.08;918.91
24.01.2017 05:26;918.76;918.84;918.21;918.21;0.1;90.85;918.66
24.01.2017 05:27;919.5;919.5;918.83;918.83;0.22;199.4;918.86
24.01.2017 05:28;0;0;0;0;0;0;0
24.01.2017 05:29;0;0;0;0;0;0;0
24.01.2017 05:30;919.61;919.61;919.61;919.61;0.02;22.07;919.61
24.01.2017 05:31;919.61;919.61;919.61;919.61;0.04;38.07;919.61
24.01.2017 05:32;919.64;920.8;919.61;919.61;8.46;7787.53;920.17
24.01.2017 05:33;919.28;920.75;919.28;919.79;0.41;374.21;919.41
24.01.2017 05:34;920.73;920.74;920.73;920.74;0.78;715.29;920.74
24.01.2017 05:35;0;0;0;0;0;0;0
24.01.2017 05:36;920.81;920.81;920.81;920.81;2;1841.62;920.81
24.01.2017 05:37;920.78;920.78;920.78;920.78;2;1841.56;920.78
24.01.2017 05:38;920.87;920.88;920.87;920.88;2;1841.74;920.87
24.01.2017 05:39;0;0;0;0;0;0;0
24.01.2017 05:40;920.78;920.8;920.78;920.8;2;1841.56;920.78
24.01.2017 05:41;920.77;920.77;920.74;920.74;0.03;23.97;920.76
24.01.2017 05:42;0;0;0;0;0;0;0
24.01.2017 05:43;920.74;920.74;918.23;918.23;1.03;946.58;919.01
24.01.2017 05:44;0;0;0;0;0;0;0
24.01.2017 05:45;0;0;0;0;0;0;0
24.01.2017 05:46;920;920;918.24;918.24;0.27;246.99;918.31
24.01.2017 05:47;920;920;918.27;918.27;0.03;24.92;918.91
24.01.2017 05:48;920;920;918.34;918.34;0.25;227.72;918.41
24.01.2017 05:49;918.23;918.23;918.06;918.06;1.66;1526.77;918.12
24.01.2017 05:50;917.97;917.97;917.75;917.75;4.72;4333.78;917.96
24.01.2017 05:51;917.23;917.23;917.23;917.23;0.05;50.41;917.23
24.01.2017 05:52;917.27;917.27;916.37;916.43;2.25;2067.09;916.94
24.01.2017 05:53;916.39;916.39;916.39;916.39;0.25;225.16;916.39
24.01.2017 05:54;0;0;0;0;0;0;0
24.01.2017 05:55;0;0;0;0;0;0;0
24.01.2017 05:56;917.12;917.12;916.43;916.43;0.14;124.73;917.01
24.01.2017 05:57;916.23;916.23;916;916;8.74;8009.73;916.07
24.01.2017 05:58;917.15;917.15;915.23;915.96;21.39;19595.87;915.92
24.01.2017 05:59;0;0;0;0;0;0;0
24.01.2017 06:00;0;0;0;0;0;0;0
24.01.2017 06:01;915.26;915.26;915.23;915.23;5.78;5294.12;915.26
24.01.2017 06:02;915.44;915.44;915.23;915.29;2.29;2092.97;915.42
24.01.2017 06:03;915.39;915.39;915.22;915.22;0.6;545.47;915.33
24.01.2017 06:04;915.44;915.44;915.44;915.44;2;1830.88;915.44
24.01.2017 06:05;915.44;915.45;915.38;915.38;5.74;5251.86;915.44
24.01.2017 06:06;916.23;916.23;916.23;916.23;2;1832.46;916.23
24.01.2017 06:07;916.14;916.14;916.14;916.14;0.02;20.09;916.14
24.01.2017 06:08;916.03;916.03;916.03;916.03;2;1832.06;916.03
24.01.2017 06:09;915.34;915.34;915.34;915.34;0.03;27.25;915.34
24.01.2017 06:10;916;916;916;916;2;1832;916
24.01.2017 06:11;915.75;915.75;915.75;915.75;0.01;10.09;915.75
24.01.2017 06:12;916.03;916.03;916.03;916.03;2;1832.06;916.03
24.01.2017 06:13;915.58;915.58;915.58;915.58;0.08;72.62;915.58
24.01.2017 06:14;915.61;917.13;915.61;917.13;2.53;2316.96;916.36
24.01.2017 06:15;916.45;916.45;916.45;916.45;0.05;41.45;916.45
24.01.2017 06:16;0;0;0;0;0;0;0
24.01.2017 06:17;916.79;916.79;916.79;916.79;1;916.79;916.79
24.01.2017 06:18;0;0;0;0;0;0;0
24.01.2017 06:19;0;0;0;0;0;0;0
24.01.2017 06:20;0;0;0;0;0;0;0
24.01.2017 06:21;0;0;0;0;0;0;0
24.01.2017 06:22;916.82;916.82;916.43;916.43;1.15;1053.72;916.6
24.01.2017 06:23;917.15;917.15;917.15;917.15;0.1;95.44;917.15
24.01.2017 06:24;917.22;917.22;916.95;916.95;0.34;313.3;917.2
24.01.2017 06:25;917.22;918.22;917.22;918.22;3.37;3087.59;917.55
24.01.2017 06:26;917.73;917.73;917.73;917.73;0.13;118.25;917.73
24.01.2017 06:27;0;0;0;0;0;0;0
24.01.2017 06:28;0;0;0;0;0;0;0
24.01.2017 06:29;918.22;918.22;918.21;918.21;0.36;329.82;918.22
24.01.2017 06:30;918.21;918.21;917.54;918.15;0.24;217.53;918.11
24.01.2017 06:31;918.21;918.21;918.12;918.12;5.02;4610.95;918.12
24.01.2017 06:32;918.17;918.17;918.17;918.17;0.11;104.03;918.17
24.01.2017 06:33;918.14;918.14;916.43;916.43;1.3;1191.71;917.03
24.01.2017 06:34;916.51;916.69;916.51;916.69;1.1;1012.93;916.68
24.01.2017 06:35;0;0;0;0;0;0;0
24.01.2017 06:36;916.94;916.94;916.94;916.94;0.02;20.26;916.94
24.01.2017 06:37;0;0;0;0;0;0;0
24.01.2017 06:38;0;0;0;0;0;0;0
24.01.2017 06:39;916.5;916.55;916.5;916.55;1.28;1175.78;916.5
24.01.2017 06:40;916.7;917.76;916.3;916.3;1.47;1345.82;916.57
24.01.2017 06:41;916.27;916.27;916.27;916.27;0.15;141.96;916.27
24.01.2017 06:42;917.49;917.9;916.41;916.44;3.07;2816.24;917.57
24.01.2017 06:43;916.55;917.89;916.55;917.89;1.02;937.78;917.86
24.01.2017 06:44;917.89;917.89;917.89;917.89;2;1835.78;917.89
24.01.2017 06:45;916.42;916.42;915.28;915.28;4.43;4053.44;915.7
24.01.2017 06:46;917.18;917.18;917.18;917.18;2;1834.36;917.18
24.01.2017 06:47;0;0;0;0;0;0;0
24.01.2017 06:48;916.78;917.63;916.78;916.81;2.11;1932.59;917.22
24.01.2017 06:49;917.14;917.14;917.14;917.14;0.22;201.77;917.14
24.01.2017 06:50;917.89;917.89;917;917;2.02;1850.89;917.88
24.01.2017 06:51;917;917;917;917;0.03;24.99;917
24.01.2017 06:52;917.89;917.89;917.89;917.89;2.79;2559.97;917.89
24.01.2017 06:53;0;0;0;0;0;0;0
24.01.2017 06:54;917.89;917.89;917.89;917.89;2;1835.78;917.89
24.01.2017 06:55;917.89;917.89;917.89;917.89;0.27;243.61;917.89
24.01.2017 06:56;917.89;917.89;917.89;917.89;2;1835.78;917.89
24.01.2017 06:57;0;0;0;0;0;0;0
24.01.2017 06:58;917.43;917.43;916.9;916.9;6.55;6005.8;917.07
24.01.2017 06:59;917.3;917.3;916.21;916.21;0.33;300.1;916.41
24.01.2017 07:00;916.21;916.21;916.21;916.21;0.02;15.55;916.21
24.01.2017 07:01;0;0;0;0;0;0;0
24.01.2017 07:02;916.53;917.67;916.53;916.77;0.24;224.22;917.2
24.01.2017 07:03;916.79;918;916.79;918;2.27;2087.49;917.94
24.01.2017 07:04;0;0;0;0;0;0;0
24.01.2017 07:05;917.99;918.23;917.99;918.23;2.52;2316.84;918.11
24.01.2017 07:06;918.33;918.46;918.33;918.46;0.17;158.26;918.43
24.01.2017 07:07;0;0;0;0;0;0;0
24.01.2017 07:08;0;0;0;0;0;0;0
24.01.2017 07:09;917.23;917.23;917.2;917.2;1.63;1495.94;917.22
24.01.2017 07:10;916.9;916.9;916.9;916.9;0.12;114.06;916.9
24.01.2017 07:11;917.03;917.03;917.03;917.03;18.37;16844.92;917.03
24.01.2017 07:12;916.9;916.9;916.86;916.86;4.2;3852.71;916.88
24.01.2017 07:13;916.23;916.23;916.23;916.23;0.05;48.62;916.23
24.01.2017 07:14;916.24;917.2;916.24;917.12;0.58;534.7;916.65
24.01.2017 07:15;917.07;917.07;916.23;916.23;0.15;136.96;916.45
24.01.2017 07:16;916.79;916.8;916.21;916.21;2.42;2215.81;916.69
24.01.2017 07:17;0;0;0;0;0;0;0
24.01.2017 07:18;916.22;916.7;916.22;916.7;2.54;2331.24;916.32
24.01.2017 07:19;916.67;916.67;916.67;916.67;1.2;1099.82;916.67
24.01.2017 07:20;916.7;916.7;916.7;916.7;2;1833.4;916.7
24.01.2017 07:21;916.64;916.65;915.23;915.23;4;3664.39;916.1
24.01.2017 07:22;916.32;916.38;916.32;916.38;2;1832.71;916.36
24.01.2017 07:23;915.25;915.25;915.25;915.25;0.06;55.96;915.25
24.01.2017 07:24;916.87;916.87;916.87;916.87;2;1833.74;916.87
24.01.2017 07:25;0;0;0;0;0;0;0
24.01.2017 07:26;916.85;916.85;916.85;916.85;2;1833.7;916.85
24.01.2017 07:27;916.79;916.79;916.79;916.79;0.06;55.92;916.79
24.01.2017 07:28;916.84;916.84;916.84;916.84;2;1833.68;916.84
24.01.2017 07:29;916.8;919.21;916.8;919.21;39.74;36454.35;917.4
24.01.2017 07:30;918.81;918.81;917.28;917.28;2.2;2021.08;918.67
24.01.2017 07:31;917.28;917.28;917.28;917.28;0.05;41.99;917.28
24.01.2017 07:32;918.59;918.59;918.53;918.53;2.1;1930.06;918.59
24.01.2017 07:33;917.27;917.27;917.27;917.27;0.02;19.97;917.27
24.01.2017 07:34;918.55;919.07;917.27;917.27;2.03;1863.28;918.99
24.01.2017 07:35;0;0;0;0;0;0;0
24.01.2017 07:36;919.05;919.05;917.27;917.27;2.14;1964.37;918.94
24.01.2017 07:37;917.27;917.27;917.27;917.27;0.82;756.29;917.27
24.01.2017 07:38;0;0;0;0;0;0;0
24.01.2017 07:39;0;0;0;0;0;0;0
24.01.2017 07:40;916.55;916.55;916.46;916.46;2;1833.01;916.51
24.01.2017 07:41;916.54;916.54;916.54;916.54;0.02;19.97;916.54
24.01.2017 07:42;916.46;916.46;916.45;916.46;2.11;1933.83;916.46
24.01.2017 07:43;0;0;0;0;0;0;0
24.01.2017 07:44;916.68;916.68;916.68;916.68;31;28417.08;916.68
24.01.2017 07:45;916.86;916.86;916.86;916.86;4.54;4159.24;916.86
24.01.2017 07:46;916.8;916.8;916.8;916.8;0.2;182.81;916.8
24.01.2017 07:47;916.45;916.45;916.45;916.45;0.39;357.32;916.45
24.01.2017 07:48;0;0;0;0;0;0;0
24.01.2017 07:49;916.52;916.52;916.52;916.52;0.54;491.25;916.52
24.01.2017 07:50;917.41;917.45;917.41;917.45;0.72;658.46;917.44
24.01.2017 07:51;0;0;0;0;0;0;0
24.01.2017 07:52;917.99;918.87;917.92;917.92;2.37;2180.12;918.5
24.01.2017 07:53;0;0;0;0;0;0;0
24.01.2017 07:54;918.9;918.9;918.46;918.46;2.21;2034.14;918.86
24.01.2017 07:55;0;0;0;0;0;0;0
24.01.2017 07:56;918.9;918.91;918.9;918.91;0.21;189.58;918.9
24.01.2017 07:57;0;0;0;0;0;0;0
24.01.2017 07:58;918.78;918.78;918.78;918.78;1.8;1653.8;918.78
24.01.2017 07:59;0;0;0;0;0;0;0
24.01.2017 08:00;917.33;917.33;917.33;917.33;0.33;301.7;917.33
24.01.2017 08:01;0;0;0;0;0;0;0
24.01.2017 08:02;918.46;918.78;918.46;918.78;0.15;140.69;918.68
24.01.2017 08:03;918.77;918.77;918.77;918.77;0.21;192.02;918.77
24.01.2017 08:04;0;0;0;0;0;0;0
24.01.2017 08:05;918.78;919.23;918.78;918.9;0.98;904;918.94
24.01.2017 08:06;919.23;919.23;919.23;919.23;0.11;104.84;919.23
24.01.2017 08:07;919.23;919.23;918.7;919.23;0.91;839.12;918.91
24.01.2017 08:08;0;0;0;0;0;0;0
24.01.2017 08:09;919.23;919.23;919.23;919.23;0;0.86;919.23
24.01.2017 08:10;919.01;919.01;919.01;919.01;0.33;302.25;919.01
24.01.2017 08:11;919.98;919.98;919.98;919.98;1;919.98;919.98
24.01.2017 08:12;918.4;918.4;918.4;918.4;0.02;14.6;918.4
24.01.2017 08:13;918.45;918.45;918.45;918.45;0.12;109.52;918.45
24.01.2017 08:14;0;0;0;0;0;0;0
24.01.2017 08:15;0;0;0;0;0;0;0
24.01.2017 08:16;0;0;0;0;0;0;0
24.01.2017 08:17;918.46;918.46;918.46;918.46;0.02;18.32;918.46
24.01.2017 08:18;918.66;918.66;918.66;918.66;0.04;39.28;918.66
24.01.2017 08:19;918.72;918.72;918.72;918.72;0.03;25.18;918.72
24.01.2017 08:20;0;0;0;0;0;0;0
24.01.2017 08:21;0;0;0;0;0;0;0
24.01.2017 08:22;0;0;0;0;0;0;0
24.01.2017 08:23;0;0;0;0;0;0;0
24.01.2017 08:24;918.69;918.69;915.2;915.2;53.76;49324.13;917.52
24.01.2017 08:25;0;0;0;0;0;0;0
24.01.2017 08:26;915.23;917;915.23;917;0.34;312.15;916.91
24.01.2017 08:27;916.99;916.99;915.31;915.31;0.03;25.06;915.65
24.01.2017 08:28;916.7;917.01;916.7;917.01;0.5;463.08;917
24.01.2017 08:29;915.31;915.31;915.31;915.31;0.22;199.47;915.31
24.01.2017 08:30;915.3;915.3;913.19;913.19;6.12;5597.59;914.53
24.01.2017 08:31;915.25;915.25;913.22;913.22;0.76;690.25;913.92
24.01.2017 08:32;915.11;915.11;914.3;914.3;0.25;230.77;914.98
24.01.2017 08:33;914.11;915.11;914.11;915.11;2.92;2670.44;914.22
24.01.2017 08:34;915.2;915.2;914.24;914.24;0.16;145.84;915.13
24.01.2017 08:35;0;0;0;0;0;0;0
24.01.2017 08:36;914.63;914.63;914.54;914.54;0.04;36.58;914.59
24.01.2017 08:37;914.39;914.39;914.33;914.33;0.04;36.57;914.36
24.01.2017 08:38;0;0;0;0;0;0;0
24.01.2017 08:39;0;0;0;0;0;0;0
24.01.2017 08:40;0;0;0;0;0;0;0
24.01.2017 08:41;915.07;915.07;915.07;915.07;0.21;192.46;915.07
24.01.2017 08:42;0;0;0;0;0;0;0
24.01.2017 08:43;914.4;914.4;914.4;914.4;0.01;9.98;914.4
24.01.2017 08:44;914.21;914.21;914.21;914.21;0.02;18.28;914.21
24.01.2017 08:45;914.04;915;914.04;915;25.9;23671.18;914.09
24.01.2017 08:46;914.27;914.49;914.27;914.49;3.34;3055.59;914.46
24.01.2017 08:47;914.36;914.36;914.24;914.24;0.78;714.28;914.27
24.01.2017 08:48;914.24;914.24;913.57;913.57;2.76;2522.74;913.7
24.01.2017 08:49;913.89;913.89;913.8;913.8;0.4;366.16;913.86
24.01.2017 08:50;914.3;914.3;914.3;914.3;0.01;7.11;914.3
24.01.2017 08:51;914.16;914.16;914.01;914.01;0.04;36.56;914.09
24.01.2017 08:52;913.91;913.91;913.83;913.83;0.04;36.55;913.87
24.01.2017 08:53;914.19;914.19;914.19;914.19;0.02;18.28;914.19
24.01.2017 08:54;914.43;914.43;914.42;914.42;0.04;36.58;914.43
24.01.2017 08:55;914.24;914.49;914.21;914.48;2.06;1883.81;914.47
24.01.2017 08:56;914.46;914.7;914.3;914.7;0.06;53.06;914.46
24.01.2017 08:57;914.99;914.99;914.99;914.99;0.06;54.9;914.99
24.01.2017 08:58;914.99;914.99;914.99;914.99;0.06;54.9;914.99
24.01.2017 08:59;914.99;914.99;914.99;914.99;0.04;36.6;914.99
24.01.2017 09:00;914.99;914.99;914.99;914.99;0.2;186.97;914.99
24.01.2017 09:01;0;0;0;0;0;0;0
24.01.2017 09:02;915;915;915;915;2.84;2601.75;915
24.01.2017 09:03;915;915.24;915;915.24;1.24;1136.28;915.02
24.01.2017 09:04;915.24;915.29;915.24;915.29;0.57;525.13;915.26
24.01.2017 09:05;916.08;916.29;916.08;916.29;1.17;1072.23;916.19
24.01.2017 09:06;917.01;917.29;917.01;917.29;0.13;119.83;917.28
24.01.2017 09:07;917.29;917.29;916.95;916.95;0.24;222.96;917.21
24.01.2017 09:08;917.28;917.28;917.28;917.28;20;18345.6;917.28
24.01.2017 09:09;0;0;0;0;0;0;0
24.01.2017 09:10;917.29;917.29;917.29;917.29;0.19;171.39;917.29
24.01.2017 09:11;917.96;918.99;917.96;918.99;5.44;4993.5;918.47
24.01.2017 09:12;917.58;917.64;917.58;917.64;45.27;41543.82;917.64
24.01.2017 09:13;0;0;0;0;0;0;0
24.01.2017 09:14;918.6;918.6;918.6;918.6;0.61;561.03;918.6
24.01.2017 09:15;919;919;919;919;0.11;102.88;919
24.01.2017 09:16;919;919;918.97;918.97;4.47;4103.44;918.97
24.01.2017 09:17;0;0;0;0;0;0;0
24.01.2017 09:18;0;0;0;0;0;0;0
24.01.2017 09:19;0;0;0;0;0;0;0
24.01.2017 09:20;918.98;918.98;918.5;918.5;10.81;9929.14;918.94
24.01.2017 09:21;0;0;0;0;0;0;0
24.01.2017 09:22;0;0;0;0;0;0;0
24.01.2017 09:23;0;0;0;0;0;0;0
24.01.2017 09:24;917.45;917.45;917.45;917.45;6;5504.7;917.45
24.01.2017 09:25;918.5;919;917.8;917.8;6.1;5601.22;918.17
24.01.2017 09:26;0;0;0;0;0;0;0
24.01.2017 09:27;917.3;917.74;915.29;917.68;3.97;3636.95;917.25
24.01.2017 09:28;917.68;917.68;916.1;916.1;0.03;29.09;916.59
24.01.2017 09:29;917.66;917.67;913.72;913.78;23.83;21805.28;915.17
24.01.2017 09:30;913.85;915.29;913.85;915.29;0.23;208.27;914.19
24.01.2017 09:31;915.29;916.87;915.29;916.87;6.54;5992.21;916.52
24.01.2017 09:32;916.89;916.89;916.88;916.88;1.18;1081.93;916.89
24.01.2017 09:33;916.36;916.77;916.36;916.77;0.1;90.67;916.55
24.01.2017 09:34;915.94;915.94;915.94;915.94;0.03;24.05;915.94
24.01.2017 09:35;915.89;915.89;915.89;915.89;0.2;183.18;915.89
24.01.2017 09:36;915.9;915.9;915.9;915.9;0.02;15.03;915.9
24.01.2017 09:37;915.88;915.88;915.88;915.88;0.09;79.44;915.88
24.01.2017 09:38;915.88;915.88;912.45;914.86;48.99;44754.02;913.54
24.01.2017 09:39;914.2;915.43;914.2;915.43;19.64;17976.62;915.29
24.01.2017 09:40;914.96;914.96;913.33;914.81;6.72;6138.3;913.6
24.01.2017 09:41;914.57;914.57;914.57;914.57;3.31;3027.23;914.57
24.01.2017 09:42;914.99;914.99;914.87;914.87;4.09;3740.9;914.88
24.01.2017 09:43;0;0;0;0;0;0;0
24.01.2017 09:44;0;0;0;0;0;0;0
24.01.2017 09:45;914.82;915.78;914.81;915.78;0.54;489.88;915.15
24.01.2017 09:46;915.78;915.78;913.75;915.78;0.68;625.53;915.52
24.01.2017 09:47;915.78;915.78;915.78;915.78;0.02;21.16;915.78
24.01.2017 09:48;915.32;915.32;915.32;915.32;0.07;62.76;915.32
24.01.2017 09:49;0;0;0;0;0;0;0
24.01.2017 09:50;915.67;915.78;913.91;915.78;1.42;1294.83;914.58
24.01.2017 09:51;915.75;915.75;914;915.61;20.09;18363.92;914.26
24.01.2017 09:52;915.39;915.39;913.44;913.44;1.07;975.67;913.64
24.01.2017 09:53;914.02;914.57;914;914.53;101.64;92904.18;914.01
24.01.2017 09:54;914.57;914.57;914.57;914.57;0.02;17.83;914.57
24.01.2017 09:55;914.53;914.55;914;914.55;60.04;54901.47;914.46
24.01.2017 09:56;914.55;914.55;914.55;914.55;0.03;29.25;914.55
24.01.2017 09:57;0;0;0;0;0;0;0
24.01.2017 09:58;914.55;914.55;914.55;914.55;0.12;105.72;914.55
24.01.2017 09:59;0;0;0;0;0;0;0
24.01.2017 10:00;914.55;914.55;914;914;44.83;40984.72;914.26
24.01.2017 10:01;913.77;914.55;913.77;914.55;10;9140.49;914.05
24.01.2017 10:02;913.99;913.99;913.99;913.99;0.24;219.7;913.99
24.01.2017 10:03;913.64;913.64;913.64;913.64;0.36;327.35;913.64
24.01.2017 10:04;0;0;0;0;0;0;0
24.01.2017 10:05;914.52;914.52;914.52;914.52;0.07;62.19;914.52
24.01.2017 10:06;0;0;0;0;0;0;0
24.01.2017 10:07;914.52;914.52;914.52;914.52;4.39;4013.35;914.52
24.01.2017 10:08;914.5;914.5;914.5;914.5;40;36580;914.5
24.01.2017 10:09;914.5;914.5;914.5;914.5;0.66;600.64;914.5
24.01.2017 10:10;914.48;914.53;914.48;914.53;1.88;1718.21;914.48
24.01.2017 10:11;914.48;914.48;914.27;914.46;50.87;46509.96;914.28
24.01.2017 10:12;914.37;914.37;914.37;914.37;0.05;43.34;914.37
24.01.2017 10:13;914.23;914.23;914.23;914.23;0.34;309.4;914.23
24.01.2017 10:14;914.03;914.52;914.03;914.52;49.16;44929.54;914.03
24.01.2017 10:15;914.52;914.52;914.03;914.52;0.72;657.79;914.32
24.01.2017 10:16;914.5;914.5;914;914;63.89;58398.64;914.05
24.01.2017 10:17;913.83;913.83;913.79;913.79;0.58;534;913.82
24.01.2017 10:18;913.52;913.6;913.51;913.51;1.85;1692.61;913.59
24.01.2017 10:19;914.2;914.21;914.2;914.21;1.34;1227.21;914.21
24.01.2017 10:20;914.3;914.3;914.29;914.29;0.05;49.8;914.29
24.01.2017 10:21;913.51;913.51;903.5;911.67;201.63;183203.69;908.62
24.01.2017 10:22;0;0;0;0;0;0;0
24.01.2017 10:23;909.45;909.45;909.42;909.42;2.59;2359.82;909.44
24.01.2017 10:24;909.42;910.21;909.42;910.21;3.74;3404.17;910.16
24.01.2017 10:25;910.21;910.83;910.21;910.83;68.36;62262.69;910.75
24.01.2017 10:26;911.1;911.41;911.1;911.22;10.29;9374.99;911.25
24.01.2017 10:27;911.42;912.42;911.42;912.42;2.39;2175.35;911.62
24.01.2017 10:28;912.06;912.42;911.14;911.15;23.81;21695.46;911.22
24.01.2017 10:29;911.16;911.16;911.16;911.16;21;19134.36;911.16
24.01.2017 10:30;911.15;911.57;910.99;911.57;9.06;8253.85;911.13
24.01.2017 10:31;912.3;912.41;912.3;912.41;25.02;22826.21;912.38
24.01.2017 10:32;0;0;0;0;0;0;0
24.01.2017 10:33;0;0;0;0;0;0;0
24.01.2017 10:34;0;0;0;0;0;0;0
24.01.2017 10:35;911.39;911.99;911.39;911.95;13.54;12348.59;911.94
24.01.2017 10:36;911.99;911.99;911.99;911.99;0.27;243.09;911.99
24.01.2017 10:37;911.99;912.17;911.96;912.17;22.98;20963.23;912.15
24.01.2017 10:38;912.18;912.18;912.18;912.18;10;9121.8;912.18
24.01.2017 10:39;912.42;912.57;912.42;912.57;0.65;589.78;912.54
24.01.2017 10:40;913.21;913.42;913.21;913.42;0.78;715.12;913.31
24.01.2017 10:41;0;0;0;0;0;0;0
24.01.2017 10:42;913.42;913.56;913.42;913.54;1.55;1414.57;913.55
24.01.2017 10:43;912.51;912.51;911.96;911.96;1.62;1478;912.35
24.01.2017 10:44;913.25;913.25;913.25;913.25;0.01;10.46;913.25
24.01.2017 10:45;911.96;913.25;911.96;913.25;5.2;4738.4;911.96
24.01.2017 10:46;0;0;0;0;0;0;0
24.01.2017 10:47;911.96;911.96;911.96;911.96;2.05;1865.6;911.96
24.01.2017 10:48;911.8;911.8;911.8;911.8;0.41;377.21;911.8
24.01.2017 10:49;911.42;911.42;909.42;909.42;119.21;108494.78;910.09
24.01.2017 10:50;909.42;909.45;908.44;909.44;4.5;4089.84;909.27
24.01.2017 10:51;908.43;908.43;907.12;907.12;22.09;20039.07;907.19
24.01.2017 10:52;906.44;906.44;899.39;899.39;102.61;92426.57;900.79
24.01.2017 10:53;899.5;899.5;896.18;898.04;42.98;38588.25;897.76
24.01.2017 10:54;898.03;908.27;897.88;904.38;141.6;127937.69;903.53
24.01.2017 10:55;904.36;904.36;899.32;899.98;113.21;101992.94;900.92
24.01.2017 10:56;900;903.29;900;902.19;23.08;20776.09;900.28
24.01.2017 10:57;902.11;903.12;900.02;903.12;27.81;25064.51;901.36
24.01.2017 10:58;903.11;904.04;902.27;904;12.98;11730.57;903.44
24.01.2017 10:59;903.41;904.07;903.41;904.02;10.42;9422.16;903.92
24.01.2017 11:00;904.01;904.11;904.01;904.09;2.15;1946.83;904.05
24.01.2017 11:01;904.11;904.11;904.01;904.01;3.85;3483.5;904.08
24.01.2017 11:02;903.92;904.11;903.66;903.79;2.08;1878.9;903.91
24.01.2017 11:03;902.29;902.3;902.29;902.3;19.88;17936.57;902.3
24.01.2017 11:04;904.12;904.55;903.12;903.12;2.45;2219.13;904.25
24.01.2017 11:05;903.34;904.49;903.34;904.47;6.59;5960.29;904.44
24.01.2017 11:06;0;0;0;0;0;0;0
24.01.2017 11:07;903.37;904.13;903.37;903.42;3.12;2824.2;904.09
24.01.2017 11:08;904.09;904.09;904.09;904.09;0.07;60.65;904.09
24.01.2017 11:09;903.13;903.13;900.22;902.24;17.04;15351.83;901.14
24.01.2017 11:10;902.12;902.28;902.12;902.28;7.51;6775.61;902.12
24.01.2017 11:11;902.28;903.28;902.28;903.28;3.43;3096.99;902.98
24.01.2017 11:12;904;904;903.28;903.28;4.74;4286.6;903.82
24.01.2017 11:13;903.86;903.86;903.11;903.11;0.42;375.22;903.64
24.01.2017 11:14;903.29;903.29;900.21;900.21;40.33;36339.91;901.08
24.01.2017 11:15;901.19;901.19;901.12;901.12;5.62;5065.09;901.13
24.01.2017 11:16;901.12;901.12;900.35;901.11;16.83;15162.55;900.73
24.01.2017 11:17;900.99;900.99;900.19;900.19;7.53;6780.14;900.7
24.01.2017 11:18;900.17;900.25;900.13;900.25;1.6;1436.13;900.17
24.01.2017 11:19;900.25;901.2;900.25;901.2;1.16;1043.64;900.34
24.01.2017 11:20;902.11;904.28;902.11;903.4;22.08;19945.63;903.31
24.01.2017 11:21;904.27;904.3;903.43;903.43;22.42;20277.46;904.28
24.01.2017 11:22;904.55;904.55;904.28;904.28;0.07;66.44;904.45
24.01.2017 11:23;904.55;905.28;904.55;905.28;11.28;10204.88;904.81
24.01.2017 11:24;904.28;904.28;904.28;904.28;0.02;21.5;904.28
24.01.2017 11:25;904.28;905.2;903.31;903.32;5.18;4686.48;904.66
24.01.2017 11:26;903.32;903.32;903.2;903.2;3.15;2845.16;903.23
24.01.2017 11:27;903.2;903.2;903.2;903.2;1.03;933.91;903.2
24.01.2017 11:28;903.2;903.2;903.2;903.2;3.89;3513.57;903.2
24.01.2017 11:29;903.2;903.2;903.2;903.2;0.02;21.27;903.2
24.01.2017 11:30;903.2;903.2;902.2;902.2;4.51;4071.53;902.95
24.01.2017 11:31;0;0;0;0;0;0;0
24.01.2017 11:32;901.56;901.56;900.1;900.1;6.34;5709.3;900.52
24.01.2017 11:33;900.1;900.19;900;900.19;4.42;3977.24;900.11
24.01.2017 11:34;900.18;900.18;900;900.17;6.14;5524.3;900.06
24.01.2017 11:35;900.17;901.01;900.17;900.96;15.26;13737.96;900.27
24.01.2017 11:36;900.97;901.9;900.97;901.33;20.04;18060.05;901.08
24.01.2017 11:37;901.9;901.9;901.9;901.9;0.6;539.25;901.9
24.01.2017 11:38;901.9;901.9;901.9;901.9;0.09;83.47;901.9
24.01.2017 11:39;0;0;0;0;0;0;0
24.01.2017 11:40;902.3;905.08;902.3;904.54;11.12;10052.27;904.14
24.01.2017 11:41;905.07;905.28;904.61;905.28;3.1;2806.7;905.09
24.01.2017 11:42;905.36;905.36;905.28;905.29;3.35;3033.65;905.3
24.01.2017 11:43;905.32;905.5;905.32;905.5;0.86;781.23;905.49
24.01.2017 11:44;905.66;905.72;905.66;905.72;3.29;2982.55;905.72
24.01.2017 11:45;905.72;905.72;905.71;905.71;0.58;529.47;905.72
24.01.2017 11:46;905.72;905.72;905.72;905.72;2.42;2187.31;905.72
24.01.2017 11:47;905.72;905.72;905.65;905.71;3.78;3420.15;905.72
24.01.2017 11:48;905.72;906.32;905.72;906.32;3.43;3108.93;906.13
24.01.2017 11:49;0;0;0;0;0;0;0
24.01.2017 11:50;906.53;907.29;906.53;907.29;1.2;1087.1;906.87
24.01.2017 11:51;906.68;906.93;906.68;906.93;0.83;754.1;906.88
24.01.2017 11:52;0;0;0;0;0;0;0
24.01.2017 11:53;0;0;0;0;0;0;0
24.01.2017 11:54;907.3;908.01;907.3;908.01;14.85;13477.16;907.47
24.01.2017 11:55;908.05;909.06;908.05;909;9.98;9072.39;908.93
24.01.2017 11:56;908.4;909.04;908.4;909.04;0.05;49.05;908.8
24.01.2017 11:57;908.58;908.69;908.58;908.69;0.07;61.39;908.62
24.01.2017 11:58;0;0;0;0;0;0;0
24.01.2017 11:59;908.3;908.94;908.3;908.92;0.48;434.39;908.8
24.01.2017 12:00;908.53;908.88;908.53;908.59;3.33;3023.4;908.86
24.01.2017 12:01;908.89;909.1;908.89;909.1;2.9;2633.43;908.92
24.01.2017 12:02;909.1;910.44;909.1;909.48;20.91;19024.31;909.77
24.01.2017 12:03;909.32;909.84;908.31;908.31;20.89;18981.34;908.84
24.01.2017 12:04;908.31;908.31;908.3;908.3;11;9990.11;908.31
24.01.2017 12:05;908.39;908.39;908.39;908.39;0.08;74.49;908.39
24.01.2017 12:06;0;0;0;0;0;0;0
24.01.2017 12:07;908.39;908.39;908.37;908.37;3.23;2934.18;908.39
24.01.2017 12:08;908.39;908.39;908.39;908.39;0.36;327.67;908.39
24.01.2017 12:09;908.39;908.39;908.39;908.39;0.36;329.21;908.39
24.01.2017 12:10;908.2;908.39;908.2;908.39;0.17;155.53;908.28
24.01.2017 12:11;908.36;908.36;908.36;908.36;0.03;23.01;908.36
24.01.2017 12:12;908.36;908.41;908.36;908.41;1.62;1471.58;908.39
24.01.2017 12:13;908.41;908.41;908.41;908.41;2.61;2367.67;908.41
24.01.2017 12:14;908.41;908.41;908.41;908.41;0.02;15.5;908.41
24.01.2017 12:15;908.41;909.75;908.4;909.75;19.19;17434.18;908.67
24.01.2017 12:16;909.75;911.01;909.75;911.01;12.64;11513.26;910.53
24.01.2017 12:17;910.74;910.74;909.46;909.77;6.56;5968.8;910.29
24.01.2017 12:18;909.5;911.31;909.5;911.31;0.1;92.79;910.52
24.01.2017 12:19;909.51;909.51;907;907;40;36344.58;908.61
24.01.2017 12:20;909.18;909.18;907.5;909.18;0.26;235.19;908.89
24.01.2017 12:21;909.18;909.2;909.18;909.2;0.52;468.95;909.19
24.01.2017 12:22;909.18;911.19;908.19;911.19;2.34;2132.45;909.72
24.01.2017 12:23;910.99;910.99;910.99;910.99;0.12;112.8;910.99
24.01.2017 12:24;910.97;910.99;910.97;910.98;7.08;6452.5;910.99
24.01.2017 12:25;910.97;910.97;910.97;910.97;0.04;36.44;910.97
24.01.2017 12:26;909.99;909.99;909.99;909.99;0.01;9.1;909.99
24.01.2017 12:27;909.41;910.54;909.41;910.54;1.22;1106.06;910.34
24.01.2017 12:28;0;0;0;0;0;0;0
24.01.2017 12:29;909.83;909.83;909.81;909.81;0.64;579.55;909.81
24.01.2017 12:30;909.25;910.24;909.2;910.24;9.13;8299.1;909.25
24.01.2017 12:31;909.24;909.24;908.24;908.24;7.2;6542.78;908.67
24.01.2017 12:32;909.06;909.06;908.21;908.88;2.42;2196.45;908.34
24.01.2017 12:33;908.21;908.24;906.83;908.21;11.71;10620.94;907.04
24.01.2017 12:34;907.44;908.24;906.85;908.19;1.63;1478.78;907.59
24.01.2017 12:35;908.19;908.19;908.18;908.18;0.1;93.54;908.19
24.01.2017 12:36;908.09;908.09;908.09;908.09;0.03;29.97;908.09
24.01.2017 12:37;907.88;907.9;906.83;906.83;10.6;9610.37;907.06
24.01.2017 12:38;907.49;907.49;907.49;907.49;0.21;188.76;907.49
24.01.2017 12:39;906.83;907.11;906.83;907.11;0.3;272.08;906.92
24.01.2017 12:40;906.95;906.95;905.65;906.8;9.17;8303.17;905.89
24.01.2017 12:41;905.66;905.66;903.03;903.03;26.35;23826.99;904.17
24.01.2017 12:42;904.03;904.03;903.04;903.04;3.29;2968;903.47
24.01.2017 12:43;904.03;904.03;904.03;904.03;0.05;45.2;904.03
24.01.2017 12:44;903.6;904;903.6;904;1.23;1116.12;903.8
24.01.2017 12:45;904;904;904;904;2.04;1843.26;904
24.01.2017 12:46;904;904.04;904;904.04;13.32;12040.46;904
24.01.2017 12:47;905.06;905.06;905.06;905.06;0.05;46.27;905.06
24.01.2017 12:48;905.06;905.06;905.06;905.06;0.04;34.6;905.06
24.01.2017 12:49;905.05;905.05;905.05;905.05;0.5;452.53;905.05
24.01.2017 12:50;905;905;903.86;903.86;0.62;560.38;904.23
24.01.2017 12:51;0;0;0;0;0;0;0
24.01.2017 12:52;904.96;904.96;904.96;904.96;0.09;80.54;904.96
24.01.2017 12:53;904.63;904.63;904.63;904.63;1.03;929.96;904.63
24.01.2017 12:54;904.63;904.63;904.63;904.63;1;904.63;904.63
24.01.2017 12:55;904.98;904.98;904.98;904.98;2.41;2184.53;904.98
24.01.2017 12:56;904.97;904.97;904.97;904.97;1.46;1316.73;904.97
24.01.2017 12:57;904.97;904.97;904;904.61;5.88;5315.23;904.13
24.01.2017 12:58;904.61;904.97;904.61;904.97;1.4;1262.36;904.62
24.01.2017 12:59;904.97;904.97;904.02;904.02;0.35;320.35;904.08
24.01.2017 13:00;904.87;904.97;904.86;904.97;3.48;3151.59;904.95
24.01.2017 13:01;904.97;904.97;904.97;904.97;0.1;94.12;904.97
24.01.2017 13:02;904.97;904.97;904.62;904.62;5.51;4987.97;904.76
24.01.2017 13:03;904.89;904.97;904.89;904.97;26.98;24415.39;904.95
24.01.2017 13:04;904.98;905.06;904.98;905.06;15.4;13939.99;905.02
24.01.2017 13:05;905.06;905.5;905.06;905.5;4.86;4400.33;905.1
24.01.2017 13:06;905.5;906.18;905.5;906.14;1.61;1458.23;906.14
24.01.2017 13:07;906.14;906.14;905.58;905.58;1.44;1306.09;905.75
24.01.2017 13:08;0;0;0;0;0;0;0
24.01.2017 13:09;906.14;906.14;905.67;906.14;0.33;302.62;906.05
24.01.2017 13:10;906.18;906.18;906.18;906.18;0.05;49.6;906.18
24.01.2017 13:11;906.24;906.27;906.24;906.27;12.08;10945.91;906.27
24.01.2017 13:12;906.27;906.27;905.75;905.75;0.41;369.33;906.12
24.01.2017 13:13;906.28;906.83;906.28;906.51;0.73;663.19;906.4
24.01.2017 13:14;0;0;0;0;0;0;0
24.01.2017 13:15;905.6;906.16;905.6;906.16;3.95;3574.32;905.94
24.01.2017 13:16;906.12;906.12;906.06;906.06;3.2;2896.45;906.06
24.01.2017 13:17;905.72;905.72;905.72;905.72;2.8;2536.02;905.72
24.01.2017 13:18;906.32;906.32;906.06;906.06;0.77;698.6;906.1
24.01.2017 13:19;906.08;906.08;906.08;906.08;0.15;139.54;906.08
24.01.2017 13:20;906.06;906.06;906.06;906.06;0.12;105.8;906.06
24.01.2017 13:21;906.06;906.06;906.06;906.06;0.5;453.03;906.06
24.01.2017 13:22;906.06;906.37;906.06;906.37;0.23;211.95;906.24
24.01.2017 13:23;906.37;906.37;906.05;906.36;20.12;18230.91;906.05
24.01.2017 13:24;0;0;0;0;0;0;0
24.01.2017 13:25;906;906;905.94;905.94;0.46;420.61;905.96
24.01.2017 13:26;905.84;905.84;905.8;905.8;0.13;114.93;905.81
24.01.2017 13:27;905.77;906;905.69;905.99;1.02;921.16;905.94
24.01.2017 13:28;0;0;0;0;0;0;0
24.01.2017 13:29;905.68;905.95;905.01;905.01;11.08;10030.92;905.1
24.01.2017 13:30;905.02;905.02;904.19;904.97;4.85;4387.33;904.89
24.01.2017 13:31;904.97;905;904.97;905;0.3;268.32;904.98
24.01.2017 13:32;905;905;905;905;4.85;4392.78;905
24.01.2017 13:33;905;905.99;905;905.99;2.55;2311.85;905.34
24.01.2017 13:34;905.99;905.99;905.28;905.28;20.19;18274.11;905.29
24.01.2017 13:35;905.93;905.98;905.93;905.98;0.14;124.12;905.96
24.01.2017 13:36;905.92;905.92;905.92;905.92;0.04;39.86;905.92
24.01.2017 13:37;905.95;905.98;904.99;905.98;1.62;1471.31;905.95
24.01.2017 13:38;905.95;905.95;904.64;905;0.79;715.76;904.9
24.01.2017 13:39;905;905;904.74;904.74;11.64;10530.27;904.75
24.01.2017 13:40;904.06;904.06;904.04;904.04;4.18;3780.38;904.04
24.01.2017 13:41;904.04;904.67;904.04;904.63;3.79;3430.85;904.08
24.01.2017 13:42;904.55;904.55;904;904;3.12;2822.33;904.06
24.01.2017 13:43;904.42;904.7;904.42;904.7;0.17;153.79;904.63
24.01.2017 13:44;904.01;904.01;904.01;904.01;0.29;258.59;904.01
24.01.2017 13:45;904.01;904.01;904.01;904.01;0.06;52.29;904.01
24.01.2017 13:46;904.01;904.01;903.75;903.76;10.61;9592.16;903.77
24.01.2017 13:47;903.76;903.76;903.75;903.75;2.56;2318;903.75
24.01.2017 13:48;903.54;903.54;903.54;903.54;3.7;3343.1;903.54
24.01.2017 13:49;903.1;903.1;903.03;903.03;9.61;8681.17;903.1
24.01.2017 13:50;903.02;903.02;902.99;902.99;3.81;3437.8;902.99
24.01.2017 13:51;902.93;902.93;902.45;902.91;3.19;2882.46;902.89
24.01.2017 13:52;903.97;903.97;902.33;902.54;3.78;3409.07;902.38
24.01.2017 13:53;902.54;902.54;902.36;902.36;3.26;2942.82;902.43
24.01.2017 13:54;902.36;902.59;902.36;902.59;0.78;707.21;902.46
24.01.2017 13:55;902.45;902.46;902.12;902.12;7.7;6944.76;902.22
24.01.2017 13:56;902.07;902.12;902.02;902.02;15.99;14425.14;902.06
24.01.2017 13:57;902.05;902.05;902;902;3.29;2972.06;902.02
24.01.2017 13:58;901.54;901.54;901.31;901.39;7.07;6371.91;901.38
24.01.2017 13:59;901.3;901.39;901.3;901.39;8.12;7322.87;901.39
24.01.2017 14:00;901.39;901.97;901.39;901.97;0.11;103.08;901.5
24.01.2017 14:01;901.8;901.91;901.03;901.36;11.78;10618.57;901.33
24.01.2017 14:02;901.4;901.4;901.03;901.36;0.49;440.86;901.19
24.01.2017 14:03;901.33;901.39;900.37;901.39;12.46;11227.07;901.21
24.01.2017 14:04;901.39;901.39;901.39;901.39;6.82;6144.26;901.39
24.01.2017 14:05;901.39;901.39;900.42;900.43;3.73;3355.35;900.44
24.01.2017 14:06;900.44;901.39;900.44;901.39;2.42;2183.53;901.28
24.01.2017 14:07;901.39;901.4;901.39;901.4;8.93;8045.27;901.39
24.01.2017 14:08;902.02;902.02;901.03;901.11;4.51;4066.01;901.36
24.01.2017 14:09;901.11;901.16;901.11;901.15;6.76;6089.46;901.12
24.01.2017 14:10;901.15;901.56;901.15;901.56;1.78;1608.07;901.17
24.01.2017 14:11;0;0;0;0;0;0;0
24.01.2017 14:12;0;0;0;0;0;0;0
24.01.2017 14:13;901.35;902.69;901.34;902.03;12.92;11659.89;902.47
24.01.2017 14:14;900.93;901.95;900.93;901.95;3.11;2805.61;900.94
24.01.2017 14:15;901.83;901.83;901.83;901.83;0.09;78.64;901.83
24.01.2017 14:16;901.62;901.62;901.62;901.62;27.98;25230.3;901.62
24.01.2017 14:17;0;0;0;0;0;0;0
24.01.2017 14:18;901.89;901.89;901.89;901.89;0.05;41.84;901.89
24.01.2017 14:19;901.69;901.69;901.58;901.58;1.55;1398.33;901.67
24.01.2017 14:20;901.1;901.1;901.1;901.1;0.01;9.06;901.1
24.01.2017 14:21;900.97;901;900.96;900.96;12.39;11166.85;900.96
24.01.2017 14:22;901.15;901.99;901.15;901.99;1.1;992.88;901.92
24.01.2017 14:23;901.99;901.99;901.99;901.99;7.77;7007.45;901.99
24.01.2017 14:24;901.99;901.99;901.99;901.99;0.94;851.49;901.99
24.01.2017 14:25;901.99;901.99;901.99;901.99;1.24;1114.76;901.99
24.01.2017 14:26;901.69;901.98;901.68;901.97;4.06;3664.22;901.69
24.01.2017 14:27;901.96;901.97;901.96;901.97;0.06;58.39;901.97
24.01.2017 14:28;901.97;901.97;901.41;901.41;6.26;5648.21;901.75
24.01.2017 14:29;901.72;901.72;900.95;900.95;2.25;2026.21;901.03
24.01.2017 14:30;900.96;900.96;900.51;900.92;52.19;46998.48;900.58
24.01.2017 14:31;900.91;900.91;900.88;900.91;3.81;3428.8;900.89
24.01.2017 14:32;900.91;900.91;900.91;900.91;5.03;4533.32;900.91
24.01.2017 14:33;901.27;901.7;900.42;900.42;41.88;37723.01;900.78
24.01.2017 14:34;901.56;901.56;901.48;901.48;0.14;126.98;901.55
24.01.2017 14:35;901.4;901.54;901.39;901.54;4.77;4298.52;901.47
24.01.2017 14:36;901.54;901.54;901.54;901.54;0.06;54.09;901.54
24.01.2017 14:37;901.54;901.55;901.54;901.55;0.37;331.81;901.55
24.01.2017 14:38;901.55;901.55;901.55;901.55;3.49;3149.41;901.55
24.01.2017 14:39;901.55;901.55;901.55;901.55;0.04;36.06;901.55
24.01.2017 14:40;901.5;901.5;901.48;901.49;3.26;2942.46;901.49
24.01.2017 14:41;901.49;901.5;900.99;901;111.61;100589.47;901.27
24.01.2017 14:42;901;901.5;900.43;900.43;5.03;4536.72;901.14
24.01.2017 14:43;901;901;901;901;0.3;271.84;901
24.01.2017 14:44;901;901;901;901;2;1802;901
24.01.2017 14:45;901;901;901;901;10.23;9219.47;901
24.01.2017 14:46;900.97;901;900.97;901;2.31;2081.67;901
24.01.2017 14:47;901;901;900.98;900.98;0.11;101.15;901
24.01.2017 14:48;900.98;901;900.98;901;4;3604;901
24.01.2017 14:49;901;901;901;901;4.01;3613.44;901
24.01.2017 14:50;901;901;901;901;2.52;2274.38;901
24.01.2017 14:51;901;901;901;901;45.92;41376.04;901
24.01.2017 14:52;901.47;901.47;901.47;901.47;0.17;155.95;901.47
24.01.2017 14:53;901.47;901.47;901.47;901.47;0.96;865.94;901.47
24.01.2017 14:54;901.47;901.47;901.47;901.47;1;901.32;901.47
24.01.2017 14:55;901.47;901.47;901.47;901.47;7.08;6378.89;901.47
24.01.2017 14:56;901.47;901.48;901.47;901.48;3.6;3246.05;901.47
24.01.2017 14:57;901.48;902.04;901.48;902.04;5.34;4812.95;901.66
24.01.2017 14:58;902.04;902.04;902.04;902.04;0.22;197.62;902.04
24.01.2017 14:59;902.35;902.73;902.35;902.64;1.18;1065.05;902.41
24.01.2017 15:00;902.08;902.58;902.08;902.58;1.41;1271.07;902.4
24.01.2017 15:01;0;0;0;0;0;0;0
24.01.2017 15:02;902.69;902.69;902.35;902.67;1.33;1197.71;902.68
24.01.2017 15:03;902.64;902.64;902.64;902.64;0.01;11.76;902.64
24.01.2017 15:04;902.62;902.62;902.62;902.62;3.63;3278.79;902.62
24.01.2017 15:05;902.6;902.6;902.52;902.52;3.53;3183.22;902.59
24.01.2017 15:06;902.52;902.52;902.51;902.51;0.13;116.3;902.52
24.01.2017 15:07;0;0;0;0;0;0;0
24.01.2017 15:08;902.43;902.43;901.82;901.82;7.98;7193.28;901.94
24.01.2017 15:09;902.37;902.37;902.37;902.37;0.3;270.71;902.37
24.01.2017 15:10;902.31;902.31;902.24;902.25;1.1;992.6;902.25
24.01.2017 15:11;902.51;902.51;902.51;902.51;0.55;496.65;902.51
24.01.2017 15:12;0;0;0;0;0;0;0
24.01.2017 15:13;902.51;902.51;902.51;902.51;8.84;7975.93;902.51
24.01.2017 15:14;0;0;0;0;0;0;0
24.01.2017 15:15;902.49;902.49;902.49;902.49;1;902.49;902.49
24.01.2017 15:16;902.5;902.51;902.5;902.51;1.61;1453.03;902.5
24.01.2017 15:17;902.51;902.51;902.45;902.45;3.01;2714.28;902.48
24.01.2017 15:18;901.77;902.36;901.77;902.36;0.29;257.45;902.32
24.01.2017 15:19;902.45;902.45;902.45;902.45;10.64;9599.81;902.45
24.01.2017 15:20;902.45;902.45;902.45;902.45;4.68;4226.56;902.45
24.01.2017 15:21;902.45;902.45;902.45;902.45;3.57;3219.16;902.45
24.01.2017 15:22;902.45;902.45;902.45;902.45;2.54;2292.09;902.45
24.01.2017 15:23;902.18;902.21;901.94;901.95;5.23;4713.69;902.09
24.01.2017 15:24;901.52;901.84;901;901.68;34.74;31316.9;901.36
24.01.2017 15:25;901.65;901.65;901.55;901.55;5.42;4884.96;901.55
24.01.2017 15:26;901.55;901.55;901.55;901.55;1.91;1721.96;901.55
24.01.2017 15:27;901.78;901.78;901.78;901.78;0.4;360.71;901.78
24.01.2017 15:28;901.09;901.09;901.09;901.09;0.21;189.23;901.09
24.01.2017 15:29;901.08;901.09;901.01;901.09;1.54;1390.35;901.07
24.01.2017 15:30;901.09;901.77;901.09;901.77;2.27;2043.12;901.35
24.01.2017 15:31;901.52;901.52;901.52;901.52;0.05;45.98;901.52
24.01.2017 15:32;901.05;901.69;901.05;901.69;1.5;1356.32;901.32
24.01.2017 15:33;901.69;901.69;901.69;901.69;0.12;107.26;901.69
24.01.2017 15:34;901.62;901.62;901.62;901.62;0.03;30.36;901.62
24.01.2017 15:35;0;0;0;0;0;0;0
24.01.2017 15:36;901.63;901.63;901.63;901.63;2.77;2495.79;901.63
24.01.2017 15:37;901.63;901.63;901.63;901.63;3.89;3511.34;901.63
24.01.2017 15:38;901.63;901.63;901.63;901.63;0.57;511.59;901.63
24.01.2017 15:39;901.62;901.62;901.62;901.62;0.06;51.39;901.62
24.01.2017 15:40;901.62;901.62;901.62;901.62;0.13;120.41;901.62
24.01.2017 15:41;901.63;901.63;901.63;901.63;0.13;116.59;901.63
24.01.2017 15:42;901.63;905;901.63;905;30.94;27952.02;903.47
24.01.2017 15:43;905;905.01;905;905.01;0.7;632.34;905
24.01.2017 15:44;905.01;905.01;905.01;905.01;0.06;49.88;905.01
24.01.2017 15:45;905;906;903.57;906;36.53;33086.27;905.62
24.01.2017 15:46;0;0;0;0;0;0;0
24.01.2017 15:47;905.58;906.02;905.58;906;18.83;17057.19;905.95
24.01.2017 15:48;905.92;905.92;905.89;905.89;3.66;3312.55;905.89
24.01.2017 15:49;905.02;905.02;905.02;905.02;0.05;45.25;905.02
24.01.2017 15:50;0;0;0;0;0;0;0
24.01.2017 15:51;906.02;906.02;906.02;906.02;0.11;101.09;906.02
24.01.2017 15:52;906.02;907.23;906.02;907.23;13.34;12094.11;906.82
24.01.2017 15:53;907.24;907.24;905.15;905.15;9.06;8205.46;905.4
24.01.2017 15:54;905.15;905.15;905.15;905.15;5.4;4890.8;905.15
24.01.2017 15:55;905.72;905.72;905.09;905.09;2.58;2334.44;905.29
24.01.2017 15:56;0;0;0;0;0;0;0
24.01.2017 15:57;905.64;906.05;905.64;906.05;0.28;256.67;905.87
24.01.2017 15:58;905.49;906.04;905.49;906.04;0.11;97.19;905.98
24.01.2017 15:59;0;0;0;0;0;0;0
24.01.2017 16:00;906.04;906.04;905.16;905.89;0.77;697.46;905.48
24.01.2017 16:01;905.82;905.82;905.82;905.82;0.21;189.53;905.82
24.01.2017 16:02;905.83;906.02;905.83;906.02;0.18;164.68;905.91
24.01.2017 16:03;905.83;906.02;905.83;905.83;20.02;18134.97;905.83
24.01.2017 16:04;906.02;906.05;906.02;906.05;4.44;4023.18;906.02
24.01.2017 16:05;906.05;906.05;906.05;906.05;0.12;106.63;906.05
24.01.2017 16:06;906.05;906.05;905.89;905.89;1.97;1786.21;906.02
24.01.2017 16:07;905.09;905.74;905.08;905.73;16.23;14692.75;905.1
24.01.2017 16:08;905.08;905.7;905.08;905.08;2.95;2673.84;905.09
24.01.2017 16:09;905.08;906.95;905.08;906.94;1.81;1636.21;906.15
24.01.2017 16:10;906.78;906.78;906.78;906.78;0.08;76.91;906.78
24.01.2017 16:11;906.97;906.97;905.41;905.41;1.41;1280.14;906.27
24.01.2017 16:12;906.59;906.59;906.59;906.59;0.02;20.46;906.59
24.01.2017 16:13;0;0;0;0;0;0;0
24.01.2017 16:14;906.6;906.6;905.58;905.58;0.69;627.62;905.67
24.01.2017 16:15;906.05;907;906.05;907;8.32;7543.03;906.92
24.01.2017 16:16;907;908.01;907;908.01;5.27;4784.71;907.23
24.01.2017 16:17;908.01;908.66;908.01;908.09;7.25;6584.91;908.32
24.01.2017 16:18;908.08;908.09;907;907;5.67;5140.66;907.24
24.01.2017 16:19;907.32;907.73;907.32;907.73;1.39;1258.21;907.53
24.01.2017 16:20;908;908;907.02;907.99;1.5;1365.64;907.58
24.01.2017 16:21;907.03;907.93;907;907.93;13.49;12241.87;907.38
24.01.2017 16:22;907.97;907.98;907.97;907.97;1.01;913.14;907.97
24.01.2017 16:23;907.97;908.09;907.29;908.09;6.22;5650.23;907.93
24.01.2017 16:24;0;0;0;0;0;0;0
24.01.2017 16:25;907.98;908.67;907.6;908.66;6.04;5490.28;908.53
24.01.2017 16:26;908.68;908.68;907.45;908.61;1.21;1098.18;908.02
24.01.2017 16:27;908.61;908.61;908.61;908.61;0.23;213.26;908.61
24.01.2017 16:28;907.59;908.65;907.59;908.65;1.59;1439.53;907.78
24.01.2017 16:29;908.67;908.67;907.9;907.9;1.26;1145.94;908.28
24.01.2017 16:30;908.38;908.67;908.38;908.67;0.32;289.93;908.62
24.01.2017 16:31;0;0;0;0;0;0;0
24.01.2017 16:32;908.68;908.68;908.68;908.68;0.5;455.52;908.68
24.01.2017 16:33;908.68;909.23;908.68;909.23;8.37;7606.01;909.22
24.01.2017 16:34;909.23;909.23;909.23;909.23;0.03;26.68;909.23
24.01.2017 16:35;909.24;909.24;909.22;909.22;2.23;2024.52;909.24
24.01.2017 16:36;908.69;908.78;907.61;908.78;1.17;1066.23;907.94
24.01.2017 16:37;908.23;908.23;908.23;908.23;0.03;28.9;908.23
24.01.2017 16:38;908.18;909.21;908.18;908.45;4.2;3819.97;908.46
24.01.2017 16:39;907.63;908.94;907.63;908.86;0.93;849.66;908.77
24.01.2017 16:40;0;0;0;0;0;0;0
24.01.2017 16:41;909.09;909.09;907.98;908;22.75;20667.78;908.67
24.01.2017 16:42;908.06;908.06;907.98;908;17.55;15935.72;908.02
24.01.2017 16:43;908;908;907.62;908;4.39;3986.07;908
24.01.2017 16:44;908;908;908;908;0.07;63.56;908
24.01.2017 16:45;907.62;907.62;907.08;907.62;7.33;6651.95;907.44
24.01.2017 16:46;907.62;907.62;906.98;906.98;17.59;15956.45;907.16
24.01.2017 16:47;906.98;907;906.98;907;1.55;1404.67;906.99
24.01.2017 16:48;907;907;906.8;906.8;0.73;663.35;906.92
24.01.2017 16:49;907;907;905.56;905.56;2.63;2381.8;906.13
24.01.2017 16:50;906.42;906.42;905.08;906.23;1.28;1158.68;905.29
24.01.2017 16:51;906.34;906.62;906.34;906.62;1.27;1155.41;906.45
24.01.2017 16:52;906.62;907.33;906.62;907.33;0.12;107.03;907.06
24.01.2017 16:53;907.27;907.27;907.23;907.23;2.59;2352.34;907.25
24.01.2017 16:54;907.32;907.32;904.04;904.04;21.03;19022.25;904.66
24.01.2017 16:55;905.61;905.61;905.61;905.61;0.22;200;905.61
24.01.2017 16:56;905.61;905.62;904.76;905.62;0.19;175.54;905.55
24.01.2017 16:57;905.62;906.86;905.62;906.86;0.76;689.69;906.17
24.01.2017 16:58;906.93;906.93;906.93;906.93;0.06;58.04;906.93
24.01.2017 16:59;906.93;907;906.93;907;15.27;13849.35;907
24.01.2017 17:00;907;907;907;907;0.04;37.02;907
24.01.2017 17:01;906.98;906.98;906.98;906.98;0.3;272.09;906.98
24.01.2017 17:02;906.98;906.98;906.98;906.98;0.68;621.19;906.98
24.01.2017 17:03;907;907;906.99;906.99;1.82;1654.19;907
24.01.2017 17:04;907;907;905.48;905.48;3.62;3286.46;906.64
24.01.2017 17:05;906.48;906.5;905.48;906.5;2.5;2268.75;906.3
24.01.2017 17:06;906.5;906.5;906.5;906.5;0.22;200.34;906.5
24.01.2017 17:07;907;907;907;907;0.14;124.26;907
24.01.2017 17:08;907;907;907;907;6.3;5713.02;907
24.01.2017 17:09;907;907;907;907;28.1;25486.7;907
24.01.2017 17:10;907;907;907;907;1.25;1133.82;907
24.01.2017 17:11;907.05;907.32;907.02;907.32;3.68;3333.58;907.03
24.01.2017 17:12;907.32;907.41;907;907.4;2.93;2657.29;907.11
24.01.2017 17:13;907.15;907.15;907.08;907.08;0.15;134.1;907.13
24.01.2017 17:14;907.04;907.42;907.03;907.03;0.23;212.02;907.35
24.01.2017 17:15;907.43;907.99;907.43;907.99;2.45;2220.07;907.61
24.01.2017 17:16;907.99;907.99;907.97;907.98;2.14;1940.29;907.99
24.01.2017 17:17;907.99;907.99;907.92;907.92;0.29;260.62;907.97
24.01.2017 17:18;907.75;908;907.74;908;8.97;8141.62;907.75
24.01.2017 17:19;908;908.32;908;908.28;0.09;81.63;908.24
24.01.2017 17:20;908.22;908.22;908.22;908.22;11.58;10520.27;908.22
24.01.2017 17:21;908.29;908.31;908.29;908.31;0.88;802.03;908.3
24.01.2017 17:22;908.17;908.62;908.17;908.62;2.85;2591.66;908.3
24.01.2017 17:23;908.62;908.62;908.62;908.62;0.12;111.59;908.62
24.01.2017 17:24;908.73;908.73;908.73;908.73;0.02;14.09;908.73
24.01.2017 17:25;908.65;908.65;908.46;908.46;5.17;4696.35;908.62
24.01.2017 17:26;908.71;908.71;908.23;908.23;4;3633.4;908.35
24.01.2017 17:27;908.22;908.69;908.2;908.69;6.57;5965.88;908.22
24.01.2017 17:28;908.61;908.61;908.34;908.34;3.7;3358.92;908.56
24.01.2017 17:29;0;0;0;0;0;0;0
24.01.2017 17:30;908.54;908.54;907.19;908.33;2.23;2021.58;908.1
24.01.2017 17:31;0;0;0;0;0;0;0
24.01.2017 17:32;907.87;907.87;907.87;907.87;0.01;10.47;907.87
24.01.2017 17:33;907.84;907.84;907.84;907.84;0.99;897.76;907.84
24.01.2017 17:34;907.57;908.77;907.54;908.77;2.71;2460.41;907.63
24.01.2017 17:35;0;0;0;0;0;0;0
24.01.2017 17:36;0;0;0;0;0;0;0
24.01.2017 17:37;908.78;909.32;908.78;909.32;1.59;1442.7;909.23
24.01.2017 17:38;909.32;909.45;909.32;909.45;0.39;358.71;909.35
24.01.2017 17:39;909.45;909.45;909.45;909.45;0.02;18.1;909.45
24.01.2017 17:40;909.45;909.45;909.45;909.45;0.17;159.12;909.45
24.01.2017 17:41;909.44;909.44;909.44;909.44;0.53;482;909.44
24.01.2017 17:42;909.35;909.35;909.33;909.33;0.04;37.28;909.34
24.01.2017 17:43;909.33;909.33;909.33;909.33;0.04;37.93;909.33
24.01.2017 17:44;909.33;909.33;909.33;909.33;0.14;126.94;909.33
24.01.2017 17:45;909.33;909.33;909.29;909.29;0.9;815.12;909.32
24.01.2017 17:46;909.25;909.25;909.19;909.19;0.27;242.76;909.23
24.01.2017 17:47;909.01;909.01;908.98;908.98;0.13;118.67;909
24.01.2017 17:48;909.09;909.44;909.07;909.13;5.15;4684.56;909.13
24.01.2017 17:49;909.13;909.35;908.62;908.62;1.06;959.83;909.1
24.01.2017 17:50;909.28;909.28;909.15;909.15;1.19;1080.28;909.26
24.01.2017 17:51;909.15;909.15;909.15;909.15;1.1;996.86;909.15
24.01.2017 17:52;909.15;909.35;909.15;909.35;0.17;155.72;909.26
24.01.2017 17:53;909.26;909.27;909.26;909.27;0.07;68.07;909.26
24.01.2017 17:54;909.45;909.48;909.28;909.47;40.72;37034.38;909.38
24.01.2017 17:55;909.4;909.47;909.27;909.47;0.22;204.39;909.35
24.01.2017 17:56;909.27;909.27;908.99;908.99;1.03;934.22;909.25
24.01.2017 17:57;908.99;908.99;908.64;908.64;0.37;335.82;908.75
24.01.2017 17:58;909.34;909.47;908.61;908.61;1.04;945.23;908.87
24.01.2017 17:59;908.64;909;908.64;909;0.71;643.34;908.77
24.01.2017 18:00;909.18;909.47;909.14;909.47;0.47;427.84;909.22
24.01.2017 18:01;909.3;909.3;909.23;909.23;0.68;621.06;909.27
24.01.2017 18:02;909.17;909.43;909.15;909.43;0.93;848.83;909.18
24.01.2017 18:03;909.35;909.35;909.16;909.16;0.78;706.53;909.19
24.01.2017 18:04;909.08;909.11;909.05;909.05;0.55;502.61;909.08
24.01.2017 18:05;908.61;908.61;908.61;908.61;0.56;508.25;908.61
24.01.2017 18:06;908.61;908.61;908.32;908.32;1.13;1027.64;908.59
24.01.2017 18:07;908.67;908.67;908.32;908.32;0.42;384.59;908.53
24.01.2017 18:08;908.33;908.33;908.32;908.33;1.53;1385.76;908.33
24.01.2017 18:09;908.32;908.32;908.32;908.32;0.01;8.54;908.32
24.01.2017 18:10;908.32;908.32;906.89;906.93;1.53;1391.97;907.11
24.01.2017 18:11;906.88;908.12;906.88;908.12;1.52;1381.86;906.93
24.01.2017 18:12;907.98;907.98;905.81;907.95;3.59;3256.2;906.77
24.01.2017 18:13;907.89;907.89;907.83;907.88;0.73;662.78;907.86
24.01.2017 18:14;907.94;907.94;907.9;907.9;5.15;4673.66;907.9
24.01.2017 18:15;907.86;907.96;907.86;907.96;1.37;1241.99;907.95
24.01.2017 18:16;907.91;907.96;907.88;907.96;10.38;9427.21;907.88
24.01.2017 18:17;907.91;907.94;907.91;907.94;1.47;1337.38;907.93
24.01.2017 18:18;907.92;907.96;907.92;907.96;2.49;2260.12;907.96
24.01.2017 18:19;907.96;907.96;907.94;907.94;1.73;1572.17;907.95
24.01.2017 18:20;907.93;907.93;907.92;907.92;2.21;2007.05;907.92
24.01.2017 18:21;907.9;907.96;907.49;907.49;0.84;761.68;907.55
24.01.2017 18:22;907.49;907.49;907.49;907.49;0.42;377.13;907.49
24.01.2017 18:23;907.49;907.49;907.49;907.49;0.17;153.69;907.49
24.01.2017 18:24;0;0;0;0;0;0;0
24.01.2017 18:25;907.47;907.47;907.47;907.47;1.39;1261.73;907.47
24.01.2017 18:26;907.47;907.47;907.47;907.47;0.04;33.31;907.47
24.01.2017 18:27;0;0;0;0;0;0;0
24.01.2017 18:28;907.46;907.46;907.46;907.46;0.07;59.24;907.46
24.01.2017 18:29;0;0;0;0;0;0;0
24.01.2017 18:30;907.48;907.49;907.48;907.49;1.12;1014.35;907.49
24.01.2017 18:31;907.49;907.49;907.49;907.49;0.77;694.23;907.49
24.01.2017 18:32;906.57;907.44;906.57;907.44;0.82;741.29;907.25
24.01.2017 18:33;907.41;907.41;907.38;907.38;0.44;396.35;907.39
24.01.2017 18:34;0;0;0;0;0;0;0
24.01.2017 18:35;907.4;907.44;905.96;907.44;0.11;100.64;907.02
24.01.2017 18:36;907.44;907.44;907.44;907.44;0.17;156.29;907.44
24.01.2017 18:37;907.44;907.44;907.44;907.44;10.03;9098.9;907.44
24.01.2017 18:38;907.44;907.5;907.44;907.5;5;4537.24;907.45
24.01.2017 18:39;907.5;907.5;907.5;907.5;1.5;1359.35;907.5
24.01.2017 18:40;906.49;907.49;906.49;906.65;1.02;921.37;906.61
24.01.2017 18:41;907.49;907.5;907.49;907.5;1.73;1565.94;907.5
24.01.2017 18:42;907.5;907.5;907.49;907.49;0.27;244.21;907.49
24.01.2017 18:43;907.5;907.5;907.5;907.5;0.01;10.48;907.5
24.01.2017 18:44;0;0;0;0;0;0;0
24.01.2017 18:45;907.5;907.5;907.5;907.5;0.03;27.2;907.5
24.01.2017 18:46;0;0;0;0;0;0;0
24.01.2017 18:47;0;0;0;0;0;0;0
24.01.2017 18:48;0;0;0;0;0;0;0
24.01.2017 18:49;907.5;907.5;907;907;1.55;1405.5;907.18
24.01.2017 18:50;906.45;907.5;906.45;907.5;4.94;4482.42;907.24
24.01.2017 18:51;907.5;907.5;907.5;907.5;2.12;1920.21;907.5
24.01.2017 18:52;907.48;907.5;907.48;907.5;0.18;163.14;907.48
24.01.2017 18:53;907.49;907.5;907.48;907.5;1.17;1060.66;907.48
24.01.2017 18:54;907.5;907.5;907.5;907.5;0.12;108.9;907.5
24.01.2017 18:55;907.5;907.5;907.48;907.48;1.74;1575.34;907.5
24.01.2017 18:56;907.48;908.86;907.48;908.86;4.83;4385.71;907.65
24.01.2017 18:57;0;0;0;0;0;0;0
24.01.2017 18:58;908.43;908.43;908.37;908.37;0.5;453.08;908.38
24.01.2017 18:59;908.72;909.07;907.97;909.07;17.56;15954.37;908.8
24.01.2017 19:00;909.18;909.18;909.18;909.18;0.53;482.96;909.18
24.01.2017 19:01;0;0;0;0;0;0;0
24.01.2017 19:02;909.18;909.18;906.98;906.98;51.27;46508.61;907.05
24.01.2017 19:03;0;0;0;0;0;0;0
24.01.2017 19:04;907.92;907.92;907.92;907.92;0.49;444.56;907.92
24.01.2017 19:05;907.93;907.93;907.93;907.93;0.12;110.21;907.93
24.01.2017 19:06;907.95;907.95;907.82;907.82;0.08;68.52;907.87
24.01.2017 19:07;0;0;0;0;0;0;0
24.01.2017 19:08;907.97;907.97;907.97;907.97;0.02;13.62;907.97
24.01.2017 19:09;907.96;907.96;907.96;907.96;0.14;127.99;907.96
24.01.2017 19:10;907.88;907.88;907.88;907.88;0.84;765.02;907.88
24.01.2017 19:11;907.88;907.88;907.88;907.88;0.22;198.53;907.88
24.01.2017 19:12;907.88;907.88;907.82;907.82;0.1;92.02;907.85
24.01.2017 19:13;907.89;907.89;907.08;907.22;1.2;1085.1;907.69
24.01.2017 19:14;907.89;907.89;907.01;907.01;0.18;160.97;907.81
24.01.2017 19:15;0;0;0;0;0;0;0
24.01.2017 19:16;907.01;907.94;907.01;907.87;1.58;1433.04;907.8
24.01.2017 19:17;907.88;907.88;907.36;907.36;0.22;202.16;907.85
24.01.2017 19:18;907.81;907.81;907.81;907.81;0.07;62.78;907.81
24.01.2017 19:19;907.79;907.94;907.79;907.94;1.33;1209.19;907.81
24.01.2017 19:20;907.78;907.78;907.27;907.27;0.08;72.11;907.62
24.01.2017 19:21;907.27;907.79;907.27;907.79;0.47;424.64;907.57
24.01.2017 19:22;0;0;0;0;0;0;0
24.01.2017 19:23;907.59;907.59;907.59;907.59;0.13;117.52;907.59
24.01.2017 19:24;907.59;907.96;907.03;907.03;2.37;2155.06;907.88
24.01.2017 19:25;907.94;907.94;907.94;907.94;0.9;817.36;907.94
24.01.2017 19:26;907.93;907.93;907.93;907.93;3.02;2742.61;907.93
24.01.2017 19:27;907.93;907.93;906.97;907.88;0.68;614.81;907.08
24.01.2017 19:28;907.84;907.96;907.79;907.79;2.58;2346.02;907.85
24.01.2017 19:29;907.79;907.93;907.79;907.93;0.75;680.36;907.81
24.01.2017 19:30;907.85;907.97;907.84;907.97;17.46;15852.39;907.85
24.01.2017 19:31;907.93;907.93;907.84;907.84;0.06;55.35;907.86
24.01.2017 19:32;907.84;907.84;907.84;907.84;0.02;14.7;907.84
24.01.2017 19:33;907.84;907.84;907.84;907.84;0.28;254.45;907.84
24.01.2017 19:34;907.97;907.97;907.97;907.97;0.01;10.47;907.97
24.01.2017 19:35;906.97;907.95;906.41;907.95;1.01;917.68;906.44
24.01.2017 19:36;0;0;0;0;0;0;0
24.01.2017 19:37;907.52;907.52;907.01;907.01;0.75;676.13;907.37
24.01.2017 19:38;907;907.69;907;907.67;0.38;342.92;907.53
24.01.2017 19:39;907.55;907.55;907.55;907.55;0.02;20.91;907.55
24.01.2017 19:40;907.13;907.86;907.13;907.86;6.81;6179.41;907.75
24.01.2017 19:41;907.95;907.95;906.39;906.39;1.86;1682.97;906.78
24.01.2017 19:42;906.33;906.33;906.33;906.33;0.01;8.73;906.33
24.01.2017 19:43;907.81;907.81;906.36;906.36;27.59;25003.07;906.36
24.01.2017 19:44;907.11;907.11;907.11;907.11;0.01;12.18;907.11
24.01.2017 19:45;906.94;907.93;906.94;907.93;0.26;234.03;907.08
24.01.2017 19:46;906.46;906.46;906.46;906.46;0.52;468.13;906.46
24.01.2017 19:47;907.95;907.95;907.93;907.93;1.67;1512.66;907.95
24.01.2017 19:48;907.92;907.93;902;905.57;51.39;46441.74;903.67
24.01.2017 19:49;905.54;905.54;902.6;905.36;0.7;632.16;905.03
24.01.2017 19:50;902.65;905.27;902.64;905.08;0.67;608.17;904.43
24.01.2017 19:51;905.03;905.03;902.92;904.86;1.32;1192.14;903.3
24.01.2017 19:52;904.82;904.82;904.76;904.76;0.03;26.16;904.79
24.01.2017 19:53;0;0;0;0;0;0;0
24.01.2017 19:54;904.29;904.29;904.07;904.07;0.58;522.62;904.15
24.01.2017 19:55;903.96;904.16;903.96;904.16;0.99;891.85;904.01
24.01.2017 19:56;0;0;0;0;0;0;0
24.01.2017 19:57;904.03;904.28;904.03;904.28;6.33;5722.34;904.2
24.01.2017 19:58;904.27;904.27;904.27;904.27;0.02;18.07;904.27
24.01.2017 19:59;0;0;0;0;0;0;0
24.01.2017 20:00;904.19;904.19;904.17;904.19;0.32;292.08;904.17
24.01.2017 20:01;904.18;904.19;903.92;904.19;1.51;1367.32;904.16
24.01.2017 20:02;904.19;904.19;904.19;904.19;0.18;164.95;904.19
24.01.2017 20:03;904.17;904.17;904.17;904.17;14.05;12699.2;904.17
24.01.2017 20:04;904.17;904.17;904.17;904.17;0.19;171.8;904.17
24.01.2017 20:05;904.15;904.15;904.15;904.15;1.35;1217.77;904.15
24.01.2017 20:06;904.15;904.15;904.15;904.15;0.08;72.88;904.15
24.01.2017 20:07;903.65;904.11;903.06;904.05;3.24;2930.11;903.8
24.01.2017 20:08;904.16;904.16;904.16;904.16;0.06;52.44;904.16
24.01.2017 20:09;904.14;904.14;902.85;902.85;2.34;2109.81;903.02
24.01.2017 20:10;903.21;903.21;903.18;903.18;0.52;466.47;903.2
24.01.2017 20:11;902.7;903.95;902.7;903.95;0.16;147.72;903.19
24.01.2017 20:12;903.94;903.94;903.58;903.58;0.05;41.57;903.74
24.01.2017 20:13;902.71;903.63;902.65;902.66;3.6;3249.99;902.71
24.01.2017 20:14;902.67;902.67;902.03;902.03;0.84;761.01;902.28
24.01.2017 20:15;902.02;902.02;901.95;902;0.93;838.16;901.98
24.01.2017 20:16;0;0;0;0;0;0;0
24.01.2017 20:17;902.51;902.57;902.51;902.57;0.77;693.43;902.52
24.01.2017 20:18;902.57;902.57;902.52;902.52;1.55;1397.69;902.56
24.01.2017 20:19;902.53;902.53;902.53;902.53;1.93;1741.88;902.53
24.01.2017 20:20;902.87;902.87;901.74;901.74;2.53;2286.89;902.53
24.01.2017 20:21;901.69;902.81;901.69;902.81;3.38;3052.92;901.92
24.01.2017 20:22;902.79;902.79;901.66;901.66;0.52;471.74;902.57
24.01.2017 20:23;902.62;902.62;901.6;902.31;3.75;3380.87;901.86
24.01.2017 20:24;902.22;902.22;901.41;901.41;2.43;2190.43;901.64
24.01.2017 20:25;901.81;901.87;901.6;901.6;12.93;11661.45;901.78
24.01.2017 20:26;901.42;901.84;901.41;901.83;10.11;9112.95;901.6
24.01.2017 20:27;901.42;901.57;901.41;901.41;11.24;10130.34;901.55
24.01.2017 20:28;901.48;901.48;901.38;901.38;8.65;7793.31;901.41
24.01.2017 20:29;901.48;901.48;901.02;901.02;8.19;7383.69;901.04
24.01.2017 20:30;901.48;901.58;901;901.58;25.49;22966.88;901.02
24.01.2017 20:31;901.57;901.87;900.66;901.87;6.67;6005.17;900.92
24.01.2017 20:32;901.85;901.87;901.65;901.65;2.93;2645.16;901.86
24.01.2017 20:33;901.87;901.87;901.63;901.87;1.21;1094.57;901.85
24.01.2017 20:34;901.87;901.87;901.86;901.86;2.07;1867.17;901.86
24.01.2017 20:35;0;0;0;0;0;0;0
24.01.2017 20:36;901.62;901.86;901.6;901.86;9.44;8515.75;901.85
24.01.2017 20:37;901.86;901.87;901.86;901.87;1.83;1652.04;901.87
24.01.2017 20:38;901.87;901.87;901.87;901.87;0.75;680.64;901.87
24.01.2017 20:39;901.87;901.87;901.87;901.87;0.21;188.21;901.87
24.01.2017 20:40;901.87;901.87;901.87;901.87;0.23;211.54;901.87
24.01.2017 20:41;0;0;0;0;0;0;0
24.01.2017 20:42;901.66;901.87;901.66;901.87;0.13;115.65;901.69
24.01.2017 20:43;0;0;0;0;0;0;0
24.01.2017 20:44;0;0;0;0;0;0;0
24.01.2017 20:45;901.84;901.86;901.63;901.86;0.51;464.05;901.85
24.01.2017 20:46;901.63;901.63;901.6;901.6;6;5409.68;901.61
24.01.2017 20:47;901.64;901.85;901.01;901.01;35.83;32285.03;901.05
24.01.2017 20:48;901.74;901.74;901.74;901.74;0.11;94.68;901.74
24.01.2017 20:49;901.58;901.79;900.86;900.86;0.53;479;901.1
24.01.2017 20:50;901.59;901.59;901.59;901.59;0.06;54.1;901.59
24.01.2017 20:51;901.77;901.77;901.77;901.77;0.03;30.66;901.77
24.01.2017 20:52;901.73;901.77;901.59;901.77;2.45;2205.84;901.71
24.01.2017 20:53;901.77;901.77;901.59;901.59;0.8;717.01;901.7
24.01.2017 20:54;901.58;901.58;901.41;901.41;20.11;18134.45;901.58
24.01.2017 20:55;901.21;901.21;901.21;901.21;0.99;894;901.21
24.01.2017 20:56;901.18;901.29;901.18;901.26;0.17;153.27;901.25
24.01.2017 20:57;901.23;901.23;901.1;901.1;1.14;1023.86;901.23
24.01.2017 20:58;0;0;0;0;0;0;0
24.01.2017 20:59;901.15;901.22;901.15;901.22;0.18;164.07;901.19
24.01.2017 21:00;901.02;901.02;900.4;900.66;20.04;18048.39;900.48
24.01.2017 21:01;901.11;901.25;900.43;901.25;0.28;254.03;901.02
24.01.2017 21:02;901.2;901.2;901.2;901.2;0.05;48.66;901.2
24.01.2017 21:03;901.17;901.17;901.14;901.14;0.3;274.5;901.16
24.01.2017 21:04;900.55;900.55;900.55;900.55;1;900.55;900.55
24.01.2017 21:05;901.01;901.01;901.01;901.01;0.08;72.98;901.01
24.01.2017 21:06;901;901.08;901;901.04;17.2;15498.2;901.06
24.01.2017 21:07;901.04;901.04;901.04;901.04;3.47;3126.61;901.04
24.01.2017 21:08;901.04;901.04;901.04;901.04;0.24;214.73;901.04
24.01.2017 21:09;901.04;901.09;901.04;901.09;0.19;173.92;901.09
24.01.2017 21:10;901.09;901.09;901.09;901.09;0.28;253.21;901.09
24.01.2017 21:11;901.09;901.09;901.09;901.09;0.11;99.12;901.09
24.01.2017 21:12;901.09;901.09;901.09;901.09;0.05;43.05;901.09
24.01.2017 21:13;901.09;901.09;901.09;901.09;0.76;688.14;901.09
24.01.2017 21:14;901.09;901.09;901.05;901.09;1.37;1231.99;901.05
24.01.2017 21:15;901.09;901.09;901.09;901.09;10;9010.9;901.09
24.01.2017 21:16;901.59;901.59;901.59;901.59;0.42;382.44;901.59
24.01.2017 21:17;901.59;901.65;901.42;901.42;4.1;3696.26;901.45
24.01.2017 21:18;901.42;901.42;901.42;901.42;0.13;115.03;901.42
24.01.2017 21:19;901.42;901.42;901.42;901.42;0.07;62.2;901.42
24.01.2017 21:20;0;0;0;0;0;0;0
24.01.2017 21:21;901.42;901.42;901.42;901.42;0.05;41.61;901.42
24.01.2017 21:22;901.65;901.93;901.65;901.92;0.09;81.09;901.81
24.01.2017 21:23;901.92;901.92;901.92;901.92;0.06;54.42;901.92
24.01.2017 21:24;901.92;901.92;901.92;901.92;0.21;188.63;901.92
24.01.2017 21:25;901.43;901.92;901.43;901.92;0.21;193.08;901.74
24.01.2017 21:26;901.84;901.84;901.79;901.79;0.33;293.71;901.82
24.01.2017 21:27;901.45;901.45;901.42;901.42;0.56;509.1;901.43
24.01.2017 21:28;901.06;901.19;901.06;901.19;1.05;947.2;901.07
24.01.2017 21:29;901.33;901.7;901.06;901.7;1.1;991.76;901.25
24.01.2017 21:30;901.58;901.58;901.58;901.58;0.01;6.06;901.58
24.01.2017 21:31;901.05;901.05;901.05;901.05;9.69;8733.18;901.05
24.01.2017 21:32;901.31;901.31;901.31;901.31;0.03;24.94;901.31
24.01.2017 21:33;901.05;901.05;901.05;901.05;0.06;58.39;901.05
24.01.2017 21:34;901.06;901.06;901.05;901.05;0.78;700.11;901.06
24.01.2017 21:35;901.04;901.04;900.31;901.03;35.79;32222.06;900.38
24.01.2017 21:36;900.31;900.31;900.3;900.3;0.72;650.1;900.3
24.01.2017 21:37;900.63;900.63;900.63;900.63;0.42;375.28;900.63
24.01.2017 21:38;900.03;900.03;900;900;50;45000.2;900
24.01.2017 21:39;900;900.49;899.95;899.96;6.28;5652.25;900.04
24.01.2017 21:40;899.95;900.39;899.95;899.95;2.4;2163.65;899.96
24.01.2017 21:41;900.39;900.39;899.95;899.95;2.68;2415.73;900.11
24.01.2017 21:42;899.95;900.38;899.95;900.38;5.12;4608.93;899.96
24.01.2017 21:43;899.95;899.95;896.32;898.65;65.19;58554;898.25
24.01.2017 21:44;0;0;0;0;0;0;0
24.01.2017 21:45;897.76;898.34;897.75;897.75;4.93;4422.5;897.9
24.01.2017 21:46;898.24;898.24;898.24;898.24;0.43;388.56;898.24
24.01.2017 21:47;898.24;898.24;897.01;898.14;2.96;2656.93;897.58
24.01.2017 21:48;897.76;897.76;897.76;897.76;1.04;936.85;897.76
24.01.2017 21:49;897.97;897.97;897.97;897.97;0.02;20.91;897.97
24.01.2017 21:50;897.99;897.99;897.92;897.92;1.56;1400.13;897.94
24.01.2017 21:51;897.37;897.37;897.35;897.35;1;894.6;897.35
24.01.2017 21:52;897.52;897.52;897.49;897.49;1.51;1355.24;897.51
24.01.2017 21:53;897.49;897.49;897.19;897.19;1.14;1025.01;897.47
24.01.2017 21:54;897.22;897.22;897;897;3.58;3209.24;897.22
24.01.2017 21:55;0;0;0;0;0;0;0
24.01.2017 21:56;897.12;897.13;897.12;897.13;30.51;27374.3;897.12
24.01.2017 21:57;897.13;897.48;897.13;897.48;7.04;6315.2;897.39
24.01.2017 21:58;897.49;897.49;897.48;897.48;0.29;258.53;897.48
24.01.2017 21:59;897.48;897.48;897.48;897.48;8.71;7813.12;897.48
24.01.2017 22:00;897.14;897.22;897.14;897.22;1.18;1055.27;897.16
24.01.2017 22:01;897.47;897.47;897.26;897.26;2.98;2673.38;897.28
24.01.2017 22:02;897.46;897.48;897.13;897.13;6.13;5504.67;897.38
24.01.2017 22:03;897;897;895;895;49.76;44555.77;895.48
24.01.2017 22:04;895;896.65;895;896.65;17.47;15658.39;896.35
24.01.2017 22:05;896.64;898.65;896.64;898.65;8.02;7200.78;897.73
24.01.2017 22:06;898.87;900.15;898.87;900.15;13;11689.28;899.14
24.01.2017 22:07;900.48;900.48;900.48;900.48;0.5;450.24;900.48
24.01.2017 22:08;899.74;900.6;899.74;900.6;0.96;863.24;900.15
24.01.2017 22:09;0;0;0;0;0;0;0
24.01.2017 22:10;0;0;0;0;0;0;0
24.01.2017 22:11;900.64;900.64;899.79;899.81;0.21;190.68;899.92
24.01.2017 22:12;899.75;900.6;899.66;899.66;47.92;43115.41;899.8
24.01.2017 22:13;899.68;899.68;895.24;895.24;29.54;26517.87;897.69
24.01.2017 22:14;897.48;897.49;897.46;897.49;3.03;2718.47;897.48
24.01.2017 22:15;897.49;898.78;897.49;898.77;11.94;10720.57;897.79
24.01.2017 22:16;898.53;898.53;898.4;898.4;4.44;3989.47;898.43
24.01.2017 22:17;897.52;897.52;896.99;896.99;1.42;1274.28;897.38
24.01.2017 22:18;896.99;897;896.99;897;1.77;1588.63;897
24.01.2017 22:19;897;897;896.99;896.99;0.75;671.54;897
24.01.2017 22:20;896.99;896.99;896.99;896.99;2.28;2045.14;896.99
24.01.2017 22:21;896.99;896.99;896.99;896.99;4.6;4123.81;896.99
24.01.2017 22:22;896.55;896.99;896.55;896.99;0.38;339.78;896.89
24.01.2017 22:23;896.99;896.99;896.99;896.99;1.45;1297.6;896.99
24.01.2017 22:24;896.55;896.98;896.55;896.98;0.17;148.44;896.58
24.01.2017 22:25;896.46;896.98;895.03;896;24.58;22019.77;895.95
24.01.2017 22:26;896;896.99;895.8;895.8;18.31;16406.62;896.25
24.01.2017 22:27;895.8;896.96;895.8;896;5.17;4629.78;896.03
24.01.2017 22:28;896;896;895.24;895.24;4.25;3802.75;895.37
24.01.2017 22:29;895.24;895.24;895.13;895.13;0.64;573.98;895.16
24.01.2017 22:30;895.19;896.01;895.19;896.01;0.02;20.67;895.61
24.01.2017 22:31;895.13;895.13;895.02;895.02;13;11635.51;895.04
24.01.2017 22:32;895.02;895.02;895.02;895.02;0.06;54.76;895.02
24.01.2017 22:33;895.02;895.02;895.02;895.02;3.4;3043.07;895.02
24.01.2017 22:34;895.45;895.45;895.45;895.45;2.96;2652.32;895.45
24.01.2017 22:35;895.45;895.45;895.21;895.21;1.25;1114.78;895.41
24.01.2017 22:36;895.43;895.43;895.39;895.39;0.43;381.11;895.43
24.01.2017 22:37;895.38;895.41;895.01;895.41;3.15;2819.35;895.03
24.01.2017 22:38;895.02;895.41;895.02;895.41;0.22;192.44;895.05
24.01.2017 22:39;895.41;895.41;895.01;895.01;5.17;4626.55;895.15
24.01.2017 22:40;895.01;895.01;895;895.01;4.61;4123.52;895
24.01.2017 22:41;895.01;895.01;895.01;895.01;1.56;1397.98;895.01
24.01.2017 22:42;895.01;895.01;895;895.01;3.52;3150.45;895.01
24.01.2017 22:43;895.01;895.01;895;895;4.47;3997.37;895
24.01.2017 22:44;895.01;895.01;895.01;895.01;0.44;394.4;895.01
24.01.2017 22:45;895.01;895.01;895;895.01;8.49;7601.36;895
24.01.2017 22:46;895.01;895.01;895;895;33.42;29907.38;895
24.01.2017 22:47;895;895.01;895;895.01;18.54;16590.25;895.01
24.01.2017 22:48;895.01;895.36;895;895.32;3.25;2908.62;895.03
24.01.2017 22:49;895;895.33;895;895.07;103.85;92942.78;895
24.01.2017 22:50;895;895.09;895;895.09;2.26;2026.98;895
24.01.2017 22:51;895.12;895.12;888;889.65;118.62;105784.79;891.82
24.01.2017 22:52;889.65;889.65;888.61;888.79;6.99;6216.83;888.8
24.01.2017 22:53;888.14;889.61;888.11;889.49;12.08;10735.66;889
24.01.2017 22:54;889.47;889.47;887.99;887.99;47.24;41972.74;888.42
24.01.2017 22:55;888;888;887.97;888;22.9;20332.15;887.98
24.01.2017 22:56;888;889.35;887.97;889.32;31.36;27859.34;888.24
24.01.2017 22:57;889.32;889.5;887.78;887.78;53.39;47466.28;888.99
24.01.2017 22:58;887.78;889;886.27;887.77;100.21;88982.22;887.92
24.01.2017 22:59;888.66;889;888.05;889;8.93;7933.17;888.63
24.01.2017 23:00;889;889;888.75;889;33.46;29749.03;888.96
24.01.2017 23:01;888.99;889;888.75;888.75;19;16894.01;888.94
24.01.2017 23:02;888.78;889.5;888.12;888.12;10.99;9762.45;888.7
24.01.2017 23:03;888.1;888.1;887.82;887.82;7.35;6523.27;887.96
24.01.2017 23:04;887.82;889;887.06;888.02;25.15;22339.31;888.07
24.01.2017 23:05;888.02;888.97;888;888;18.01;15990.99;888.03
24.01.2017 23:06;888;888;887.98;888;16.35;14522.31;888
24.01.2017 23:07;888;888.99;888;888.99;14.69;13045.29;888
24.01.2017 23:08;889.55;889.55;889.55;889.55;0.73;650.26;889.55
24.01.2017 23:09;889.55;889.67;888.75;889.67;6.51;5790.3;889.32
24.01.2017 23:10;889.67;890.66;889.67;890.64;0.37;328.5;890.43
24.01.2017 23:11;890.64;891.33;890.64;891.33;0.98;870.96;890.68
24.01.2017 23:12;891.32;891.32;890.9;890.9;4.02;3578.86;891.24
24.01.2017 23:13;890.02;890.02;890;890;4.33;3853.72;890
24.01.2017 23:14;890.81;890.97;890.81;890.97;0.02;17.82;890.89
24.01.2017 23:15;890.95;892.73;890.81;892.73;26.95;24023.63;891.29
24.01.2017 23:16;893.11;893.11;891.66;893.11;1.97;1755.13;893.1
24.01.2017 23:17;893.11;893.11;893.11;893.11;0.33;294.92;893.11
24.01.2017 23:18;0;0;0;0;0;0;0
24.01.2017 23:19;893.11;893.11;893.11;893.11;0.06;52.45;893.11
24.01.2017 23:20;893.11;894.63;893.11;894.63;9.49;8478.57;893.6
24.01.2017 23:21;893.58;893.58;893.41;893.41;0.25;220.56;893.56
24.01.2017 23:22;893.41;893.41;893.41;893.41;0.04;31.3;893.41
24.01.2017 23:23;893.41;893.41;893.41;893.41;3.32;2968.27;893.41
24.01.2017 23:24;893.41;893.41;892.65;892.65;12.98;11591.01;893.12
24.01.2017 23:25;892.33;892.99;892.32;892.99;10.61;9464.03;892.34
24.01.2017 23:26;893;893;892.99;892.99;1.21;1082.07;892.99
24.01.2017 23:27;892.05;893.24;892.05;892.98;12.48;11142.14;892.93
24.01.2017 23:28;893;893;893;893;4.79;4277.47;893
24.01.2017 23:29;0;0;0;0;0;0;0
24.01.2017 23:30;893.11;893.24;893.11;893.11;8.44;7540.3;893.19
24.01.2017 23:31;893.11;893.11;893;893;2.16;1931.09;893.1
24.01.2017 23:32;892.58;892.73;892.55;892.73;8.09;7224.55;892.55
24.01.2017 23:33;893.18;893.18;889;890.3;96.17;85609.03;890.18
24.01.2017 23:34;890.3;892.22;890.3;892.1;8.32;7418.02;892.02
24.01.2017 23:35;892.1;892.1;892.1;892.1;0.08;74.62;892.1
24.01.2017 23:36;890.74;890.74;890.74;890.74;0.03;25.97;890.74
24.01.2017 23:37;890.19;890.19;888;888;14.23;12660.41;889.4
24.01.2017 23:38;887.99;889;887.96;888;23.08;20502.8;888.21
24.01.2017 23:39;888;888.95;888;888.71;19.21;17058.64;888.21
24.01.2017 23:40;888.07;889;888.07;888.93;12.81;11389.98;888.89
24.01.2017 23:41;888.14;888.88;887.06;887.07;6.28;5571;887.6
24.01.2017 23:42;887.06;888.1;885.92;885.98;83.63;74106.97;886.11
24.01.2017 23:43;885.97;886;885.97;886;10.77;9544.83;885.97
24.01.2017 23:44;885.99;886;885.92;885.92;7.27;6440.1;885.98
24.01.2017 23:45;885.86;885.86;885.51;885.51;52.61;46591.57;885.54
24.01.2017 23:46;885.51;885.51;881.48;882.51;75.85;66969.22;882.88
24.01.2017 23:47;883.49;883.49;883.49;883.49;0.01;8.83;883.49
24.01.2017 23:48;883.49;884.67;883.49;884.67;45.7;40423.9;884.64
24.01.2017 23:49;884.77;884.99;883;884.98;80.26;71000.32;884.6
24.01.2017 23:50;884.79;885;884.3;885;1.59;1409.8;884.89
24.01.2017 23:51;0;0;0;0;0;0;0
24.01.2017 23:52;885.02;885.02;883.5;883.5;9.51;8412.75;884.56
24.01.2017 23:53;883;883;883;883;3.56;3143.13;883
24.01.2017 23:54;883.61;885.5;883.59;885.5;8.78;7758.87;884.14
24.01.2017 23:55;885.5;885.5;885.5;885.5;1.07;945.75;885.5
24.01.2017 23:56;885.49;885.49;885.49;885.49;0.05;43.94;885.49
24.01.2017 23:57;885.49;885.49;885.49;885.49;0.07;59.31;885.49
24.01.2017 23:58;885.47;885.47;885.47;885.47;3.38;2995.76;885.47
24.01.2017 23:59;885.47;885.47;885.47;885.47;0.15;132.82;885.47
25.01.2017 00:00;885.47;885.47;885.47;885.47;0.05;46.93;885.47
25.01.2017 00:01;885.47;885.5;885.47;885.5;17.26;15284.21;885.49
25.01.2017 00:02;885.5;885.51;885.5;885.51;0.73;650.22;885.5
25.01.2017 00:03;885.51;885.51;885.51;885.51;0.39;347.51;885.51
25.01.2017 00:04;885.96;885.96;885.74;885.74;1.17;1033.15;885.76
25.01.2017 00:05;885.74;885.74;885.74;885.74;10.6;9391.16;885.74
25.01.2017 00:06;885.73;885.73;885.73;885.73;0.05;45.17;885.73
25.01.2017 00:07;885.71;885.71;885.71;885.71;2.04;1804.17;885.71
25.01.2017 00:08;885.71;885.71;885.71;885.71;8.87;7853.88;885.71
25.01.2017 00:09;885.71;885.71;885.71;885.71;0.5;440.51;885.71
25.01.2017 00:10;885.71;885.71;885.01;885.01;1.33;1178.89;885.07
25.01.2017 00:11;885.65;885.65;885.65;885.65;0.1;85.47;885.65
25.01.2017 00:12;885.65;885.8;885.65;885.8;2.04;1802.74;885.78
25.01.2017 00:13;885.75;885.75;885.75;885.75;1.75;1553.6;885.75
25.01.2017 00:14;885.8;885.8;885.8;885.8;0.46;403.3;885.8
25.01.2017 00:15;885.8;885.8;885.8;885.8;3.25;2879.9;885.8
25.01.2017 00:16;885.75;885.8;885.5;885.5;5.78;5121.68;885.75
25.01.2017 00:17;885.5;885.5;885.5;885.5;0.07;58.44;885.5
25.01.2017 00:18;885.5;886;885.5;886;8.17;7237.99;885.79
25.01.2017 00:19;886;886;885.75;885.75;4.67;4139.17;885.8
25.01.2017 00:20;885.75;886;884.5;884.5;7.03;6221.72;885.02
25.01.2017 00:21;885.42;885.46;884.5;885.46;0.11;93.03;884.97
25.01.2017 00:22;885.46;885.46;884.5;884.5;3.19;2822.28;884.54
25.01.2017 00:23;885.5;886.51;885.5;886.51;3.32;2944.51;886.15
25.01.2017 00:24;886;886;886;886;0.08;71;886
25.01.2017 00:25;886.05;887.48;886;886;8.08;7158.47;886.11
25.01.2017 00:26;0;0;0;0;0;0;0
25.01.2017 00:27;887.48;887.51;887.48;887.51;11.55;10253.47;887.5
25.01.2017 00:28;888.04;892.08;888.04;892.08;25.02;22285.12;890.53
25.01.2017 00:29;892.04;893.32;892.02;893.32;11.02;9835.59;892.58
25.01.2017 00:30;893.02;893.02;893;893;11.55;10310.68;893
25.01.2017 00:31;892.92;893.29;892.92;893.29;0.24;209.92;893.27
25.01.2017 00:32;891.51;891.53;891.51;891.53;2.47;2201.49;891.53
25.01.2017 00:33;891.59;893.06;891.59;893.06;5.59;4987.3;892.84
25.01.2017 00:34;893.33;893.89;893.33;893.89;2.34;2087.37;893.69
25.01.2017 00:35;892.86;892.86;892.86;892.86;0.01;9.77;892.86
25.01.2017 00:36;893.14;893.15;893.14;893.15;0.23;207.25;893.15
25.01.2017 00:37;893.86;895.4;893.64;895.4;56.05;50147.02;894.71
25.01.2017 00:38;894.01;894.01;893.51;893.51;0.15;130.25;893.67
25.01.2017 00:39;894.01;894.03;894.01;894.03;9.34;8349.86;894.01
25.01.2017 00:40;0;0;0;0;0;0;0
25.01.2017 00:41;0;0;0;0;0;0;0
25.01.2017 00:42;895.37;895.4;894.36;894.36;0.58;517.55;894.56
25.01.2017 00:43;894.17;894.17;894.17;894.17;0.08;74.93;894.17
25.01.2017 00:44;895.04;895.07;895.04;895.07;0.73;654.79;895.06
25.01.2017 00:45;895.07;895.07;895.07;895.07;0.2;179.01;895.07
25.01.2017 00:46;895.08;895.12;895.08;895.12;9.98;8930.35;895.12
25.01.2017 00:47;0;0;0;0;0;0;0
25.01.2017 00:48;895.09;895.09;895.09;895.09;0.17;154.85;895.09
25.01.2017 00:49;895.12;896.33;895.12;896.33;6.37;5707.71;896.01
25.01.2017 00:50;0;0;0;0;0;0;0
25.01.2017 00:51;895.2;895.2;895.2;895.2;0.06;55.5;895.2
25.01.2017 00:52;895.56;895.56;895.14;895.14;5.98;5349.13;895.25
25.01.2017 00:53;895.1;895.1;895.09;895.09;5.33;4772.4;895.09
25.01.2017 00:54;895.08;895.08;895.08;895.08;0.34;303.61;895.08
25.01.2017 00:55;0;0;0;0;0;0;0
25.01.2017 00:56;895.05;895.05;895.05;895.05;0.23;209.88;895.05
25.01.2017 00:57;0;0;0;0;0;0;0
25.01.2017 00:58;894.55;895.08;894.55;895.08;2.38;2134.55;895.05
25.01.2017 00:59;895.07;895.07;895.07;895.07;1.79;1602.14;895.07
25.01.2017 01:00;895.05;895.08;895.05;895.08;6.97;6238.67;895.07
25.01.2017 01:01;0;0;0;0;0;0;0
25.01.2017 01:02;895.08;895.08;895.08;895.08;0.72;648.2;895.08
25.01.2017 01:03;895.08;896.1;895.08;896.1;3.41;3050.49;895.23
25.01.2017 01:04;896.33;896.5;896.33;896.5;17.83;15981.63;896.46
25.01.2017 01:05;896.5;897.44;896.5;897.44;4.41;3958.09;897.31
25.01.2017 01:06;0;0;0;0;0;0;0
25.01.2017 01:07;897.5;897.76;897.5;897.76;0.82;739.11;897.6
25.01.2017 01:08;896.96;897.02;896.96;897.02;1.76;1582.04;896.96
25.01.2017 01:09;0;0;0;0;0;0;0
25.01.2017 01:10;897.76;898.04;897.76;898.04;0.87;778.97;897.87
25.01.2017 01:11;898.4;898.97;898.4;898.7;2.01;1806.2;898.61
25.01.2017 01:12;898.53;898.53;898.53;898.53;0.01;8.99;898.53
25.01.2017 01:13;0;0;0;0;0;0;0
25.01.2017 01:14;898.58;898.58;897.56;897.56;20.96;18818.12;897.69
25.01.2017 01:15;0;0;0;0;0;0;0
25.01.2017 01:16;897.72;897.72;897.72;897.72;6.1;5472.5;897.72
25.01.2017 01:17;897.8;897.8;897.8;897.8;0.05;45.79;897.8
25.01.2017 01:18;897.99;897.99;897.99;897.99;3;2693.97;897.99
25.01.2017 01:19;0;0;0;0;0;0;0
25.01.2017 01:20;897.8;898;897.8;898;3.27;2938.3;897.99
25.01.2017 01:21;897.99;897.99;897.6;897.6;1.64;1469.04;897.78
25.01.2017 01:22;897.63;897.99;897.63;897.99;4.93;4423.42;897.85
25.01.2017 01:23;897.75;897.75;897.75;897.75;0.01;11.13;897.75
25.01.2017 01:24;897.8;898;897.8;898;2.86;2568.26;897.99
25.01.2017 01:25;898;898;898;898;0.62;555.15;898
25.01.2017 01:26;0;0;0;0;0;0;0
25.01.2017 01:27;0;0;0;0;0;0;0
25.01.2017 01:28;898;898;898;898;0.33;295.56;898
25.01.2017 01:29;0;0;0;0;0;0;0
25.01.2017 01:30;898;898;898;898;0.04;35.02;898
25.01.2017 01:31;898;898;898;898;0.01;9.38;898
25.01.2017 01:32;898;898;897.99;897.99;3.96;3554.48;897.99
25.01.2017 01:33;897.99;897.99;897.99;897.99;0.12;109.99;897.99
25.01.2017 01:34;0;0;0;0;0;0;0
25.01.2017 01:35;897.86;897.86;897.55;897.55;0.32;288.67;897.65
25.01.2017 01:36;897.91;897.91;897.91;897.91;0.31;279.46;897.91
25.01.2017 01:37;0;0;0;0;0;0;0
25.01.2017 01:38;897.71;897.71;897.71;897.71;30;26931.3;897.71
25.01.2017 01:39;897.71;897.71;897.71;897.71;1.69;1517.13;897.71
25.01.2017 01:40;897.52;897.86;897.52;897.86;4.27;3830.97;897.53
25.01.2017 01:41;897.84;897.84;897.84;897.84;0.01;10.27;897.84
25.01.2017 01:42;897.83;897.83;897.83;897.83;0.3;272.75;897.83
25.01.2017 01:43;0;0;0;0;0;0;0
25.01.2017 01:44;897.84;897.84;897.84;897.84;0.05;43.98;897.84
25.01.2017 01:45;897.84;897.84;897.84;897.84;0.15;132.93;897.84
25.01.2017 01:46;897.84;898;897.84;898;14.83;13316.84;897.89
25.01.2017 01:47;0;0;0;0;0;0;0
25.01.2017 01:48;0;0;0;0;0;0;0
25.01.2017 01:49;0;0;0;0;0;0;0
25.01.2017 01:50;898.97;899.36;898.95;899.35;15.97;14356.7;899.12
25.01.2017 01:51;898.97;898.97;898.96;898.96;1.1;988;898.96
25.01.2017 01:52;0;0;0;0;0;0;0
25.01.2017 01:53;898.84;898.84;898.84;898.84;0.1;88.91;898.84
25.01.2017 01:54;899.06;899.06;899.06;899.06;30;26971.8;899.06
25.01.2017 01:55;0;0;0;0;0;0;0
25.01.2017 01:56;0;0;0;0;0;0;0
25.01.2017 01:57;0;0;0;0;0;0;0
25.01.2017 01:58;899.08;899.09;898.78;898.78;0.15;131.17;899.02
25.01.2017 01:59;0;0;0;0;0;0;0
25.01.2017 02:00;899.09;899.11;899.09;899.11;3;2697.33;899.11
25.01.2017 02:01;899.1;899.1;898.52;898.52;2.05;1846.37;899.08
25.01.2017 02:02;0;0;0;0;0;0;0
25.01.2017 02:03;0;0;0;0;0;0;0
25.01.2017 02:04;899.1;899.1;898.8;898.81;2.7;2431.2;899.06
25.01.2017 02:05;898.8;899.1;898.52;898.52;0.39;349.29;898.82
25.01.2017 02:06;899.09;899.1;898.68;899.1;4.03;3626.18;899.1
25.01.2017 02:07;0;0;0;0;0;0;0
25.01.2017 02:08;899.09;899.09;899.09;899.09;0.16;146.59;899.09
25.01.2017 02:09;898.68;898.68;898.68;898.68;0.03;29.71;898.68
25.01.2017 02:10;898.68;898.68;898.68;898.68;0.61;549.21;898.68
25.01.2017 02:11;0;0;0;0;0;0;0
25.01.2017 02:12;0;0;0;0;0;0;0
25.01.2017 02:13;899.09;899.09;899.09;899.09;0.02;17.98;899.09
25.01.2017 02:14;0;0;0;0;0;0;0
25.01.2017 02:15;0;0;0;0;0;0;0
25.01.2017 02:16;0;0;0;0;0;0;0
25.01.2017 02:17;899.08;899.09;899.05;899.09;2.29;2061.79;899.09
25.01.2017 02:18;899.09;899.09;898.7;898.7;1.23;1106.86;899.08
25.01.2017 02:19;899;899.09;899;899.09;7.22;6492.42;899.09
25.01.2017 02:20;899.09;899.1;899.09;899.1;3.28;2953.03;899.09
25.01.2017 02:21;899.4;899.66;899.4;899.66;4;3598.38;899.59
25.01.2017 02:22;899.66;900;899.66;899.87;6.25;5621.24;899.83
25.01.2017 02:23;900.33;900.65;900.33;900.65;2;1800.99;900.49
25.01.2017 02:24;900.1;901.28;900.1;901.28;4.05;3643.74;900.48
25.01.2017 02:25;0;0;0;0;0;0;0
25.01.2017 02:26;900.25;900.83;900.25;900.83;1.12;1007.17;900.77
25.01.2017 02:27;900.24;900.24;900.23;900.23;0.85;768.98;900.23
25.01.2017 02:28;900.83;900.98;900.82;900.98;1.55;1399.55;900.94
25.01.2017 02:29;900.98;901;900.49;901;1.14;1031.11;900.98
25.01.2017 02:30;901;901.61;901;901.61;3;2704.2;901.4
25.01.2017 02:31;901.62;901.64;901.62;901.64;1.15;1038.87;901.64
25.01.2017 02:32;0;0;0;0;0;0;0
25.01.2017 02:33;0;0;0;0;0;0;0
25.01.2017 02:34;902.11;902.47;902.11;902.47;3.42;3082.88;902.22
25.01.2017 02:35;902.46;902.65;902.24;902.24;7.91;7142.24;902.46
25.01.2017 02:36;902.21;902.21;902.05;902.05;0.62;554.85;902.2
25.01.2017 02:37;902.46;902.47;902.46;902.47;0.04;38.87;902.46
25.01.2017 02:38;0;0;0;0;0;0;0
25.01.2017 02:39;902.46;902.46;902.01;902.01;0.52;466.29;902.09
25.01.2017 02:40;0;0;0;0;0;0;0
25.01.2017 02:41;0;0;0;0;0;0;0
25.01.2017 02:42;902.02;902.02;902.01;902.01;0.13;114.37;902.02
25.01.2017 02:43;0;0;0;0;0;0;0
25.01.2017 02:44;902.88;902.88;902.88;902.88;0.06;53.27;902.88
25.01.2017 02:45;902.97;903.23;902.97;903.23;8.04;7258.12;903.14
25.01.2017 02:46;903.24;903.28;903.24;903.28;0.72;653.06;903.27
25.01.2017 02:47;903.28;903.28;903.28;903.28;2;1806.56;903.28
25.01.2017 02:48;903.34;903.34;903.34;903.34;0.06;56.01;903.34
25.01.2017 02:49;903.34;903.34;903.28;903.34;2.88;2602.09;903.28
25.01.2017 02:50;903.28;903.35;903.28;903.35;0.27;244.89;903.29
25.01.2017 02:51;903.41;903.65;902;902;9.87;8910.36;902.33
25.01.2017 02:52;902.8;902.86;902.8;902.86;1;902.85;902.85
25.01.2017 02:53;0;0;0;0;0;0;0
25.01.2017 02:54;903.17;903.83;903.17;903.83;0.84;756.66;903.67
25.01.2017 02:55;0;0;0;0;0;0;0
25.01.2017 02:56;903.91;903.91;903.91;903.91;0.12;104.94;903.91
25.01.2017 02:57;902.33;902.33;902.33;902.33;0.3;274.31;902.33
25.01.2017 02:58;903.85;904.01;902.03;902.07;3.24;2927.32;902.3
25.01.2017 02:59;0;0;0;0;0;0;0
25.01.2017 03:00;0;0;0;0;0;0;0
25.01.2017 03:01;0;0;0;0;0;0;0
25.01.2017 03:02;0;0;0;0;0;0;0
25.01.2017 03:03;902.18;902.18;902.18;902.18;0.02;20.75;902.18
25.01.2017 03:04;902.22;902.25;902.22;902.25;0.1;90.12;902.24
25.01.2017 03:05;902.26;902.75;902.26;902.75;3.16;2853.47;902.73
25.01.2017 03:06;903.19;903.19;903.19;903.19;0.25;222.45;903.19
25.01.2017 03:07;902.03;902.03;902;902;2.3;2074.61;902.01
25.01.2017 03:08;902;902;902;902;2;1804;902
25.01.2017 03:09;902.49;902.49;902;902;8.3;7487.67;902
25.01.2017 03:10;0;0;0;0;0;0;0
25.01.2017 03:11;0;0;0;0;0;0;0
25.01.2017 03:12;0;0;0;0;0;0;0
25.01.2017 03:13;0;0;0;0;0;0;0
25.01.2017 03:14;0;0;0;0;0;0;0
25.01.2017 03:15;0;0;0;0;0;0;0
25.01.2017 03:16;0;0;0;0;0;0;0
25.01.2017 03:17;901.97;902.5;901.62;901.62;3.79;3422.17;902.11
25.01.2017 03:18;0;0;0;0;0;0;0
25.01.2017 03:19;901.62;901.62;900.17;900.17;2.35;2120.81;900.93
25.01.2017 03:20;899.5;900.45;898.68;900.45;12.31;11067.78;899.1
25.01.2017 03:21;900.86;901.18;900.86;901.18;4.96;4470.85;901.07
25.01.2017 03:22;901.18;901.19;899.87;901.17;5.13;4625.5;900.85
25.01.2017 03:23;899.01;901.81;899;901.81;3.91;3523.33;901.02
25.01.2017 03:24;901.81;901.81;901.65;901.65;2.41;2170.18;901.77
25.01.2017 03:25;901.87;901.87;901.87;901.87;0.13;118.29;901.87
25.01.2017 03:26;901.82;902.02;901.82;902.02;1.73;1559.37;901.89
25.01.2017 03:27;901.87;901.87;901.87;901.87;0.05;48.49;901.87
25.01.2017 03:28;902.21;902.24;902.21;902.24;1.95;1757.83;902.24
25.01.2017 03:29;902.26;902.26;902.26;902.26;2.41;2177.18;902.26
25.01.2017 03:30;902.26;902.26;902.26;902.26;0.3;266.45;902.26
25.01.2017 03:31;902.29;902.29;901.79;901.79;0.95;857.6;902.27
25.01.2017 03:32;0;0;0;0;0;0;0
25.01.2017 03:33;902.48;902.48;902.48;902.48;1;902.48;902.48
25.01.2017 03:34;0;0;0;0;0;0;0
25.01.2017 03:35;0;0;0;0;0;0;0
25.01.2017 03:36;902.5;902.5;901.36;901.36;0.61;547.17;902.48
25.01.2017 03:37;0;0;0;0;0;0;0
25.01.2017 03:38;901.41;901.41;901.41;901.41;0.03;25.48;901.41
25.01.2017 03:39;0;0;0;0;0;0;0
25.01.2017 03:40;901.87;901.87;901.03;901.03;0.22;202.23;901.15
25.01.2017 03:41;0;0;0;0;0;0;0
25.01.2017 03:42;900.99;900.99;900.99;900.99;0.03;27.03;900.99
25.01.2017 03:43;900.89;902.36;900.89;901.16;0.84;761.28;901.05
25.01.2017 03:44;900.89;900.89;900.89;900.89;0.01;10.15;900.89
25.01.2017 03:45;0;0;0;0;0;0;0
25.01.2017 03:46;0;0;0;0;0;0;0
25.01.2017 03:47;900.9;900.9;900.87;900.87;0.8;724.06;900.88
25.01.2017 03:48;0;0;0;0;0;0;0
25.01.2017 03:49;901.88;902.02;901.88;902.01;2.66;2394.76;901.97
25.01.2017 03:50;902;902;902;902;1.08;975.66;902
25.01.2017 03:51;902;902.48;902;902.48;1.37;1240.64;902.35
25.01.2017 03:52;902.48;902.48;902.48;902.48;2;1804.96;902.48
25.01.2017 03:53;0;0;0;0;0;0;0
25.01.2017 03:54;902.01;902.5;902;902;3;2706.96;902.32
25.01.2017 03:55;902;902.5;902;902.5;0.5;452.88;902.49
25.01.2017 03:56;902.5;902.5;902.5;902.5;2.47;2227.93;902.5
25.01.2017 03:57;902.5;903.02;902.5;903.02;11.72;10586.68;902.96
25.01.2017 03:58;903.06;903.41;903.02;903.02;2.79;2515.72;903.16
25.01.2017 03:59;903.01;903.01;901.86;901.86;15.43;13931.88;902.93
25.01.2017 04:00;901.86;901.86;900.87;900.87;2.63;2371.4;901.63
25.01.2017 04:01;900.17;900.17;899.93;899.93;1.5;1349.68;900.06
25.01.2017 04:02;900;900.79;899.91;900.79;1.85;1669.85;900.31
25.01.2017 04:03;900.16;900.16;900.03;900.03;1.38;1240.33;900.11
25.01.2017 04:04;900.86;900.9;900.85;900.9;2.6;2342.27;900.87
25.01.2017 04:05;900.9;900.9;900.65;900.65;3.92;3531.82;900.87
25.01.2017 04:06;900.65;900.65;900.65;900.65;0.8;718.85;900.65
25.01.2017 04:07;900.65;901;900.65;900.71;51.53;46420.21;900.9
25.01.2017 04:08;900.75;900.75;900.75;900.75;0.18;157.63;900.75
25.01.2017 04:09;900.09;900.09;900.09;900.09;0.44;398.9;900.09
25.01.2017 04:10;900.75;900.75;900.01;900.01;3.61;3246.74;900.58
25.01.2017 04:11;900.77;900.77;900.77;900.77;0.2;181.38;900.77
25.01.2017 04:12;0;0;0;0;0;0;0
25.01.2017 04:13;0;0;0;0;0;0;0
25.01.2017 04:14;900.97;900.98;900.97;900.98;0.16;141.09;900.98
25.01.2017 04:15;900.98;901;900.98;901;3.52;3170.09;901
25.01.2017 04:16;0;0;0;0;0;0;0
25.01.2017 04:17;900.58;901;900.58;900.82;28.25;25438.76;900.61
25.01.2017 04:18;0;0;0;0;0;0;0
25.01.2017 04:19;900.75;900.75;900.75;900.75;1.9;1711.43;900.75
25.01.2017 04:20;900.75;901;900.75;901;1.56;1403.83;900.95
25.01.2017 04:21;901.75;901.75;901.14;901.24;3.72;3352.52;901.61
25.01.2017 04:22;0;0;0;0;0;0;0
25.01.2017 04:23;0;0;0;0;0;0;0
25.01.2017 04:24;901.58;901.58;900.01;900.01;8.01;7216.16;901.17
25.01.2017 04:25;0;0;0;0;0;0;0
25.01.2017 04:26;901.64;901.64;900.01;901.25;0.26;237.34;901.5
25.01.2017 04:27;0;0;0;0;0;0;0
25.01.2017 04:28;0;0;0;0;0;0;0
25.01.2017 04:29;0;0;0;0;0;0;0
25.01.2017 04:30;900.62;901.57;900.62;901.57;0.69;620.79;901.29
25.01.2017 04:31;900.03;900.03;900.03;900.03;0.01;10.87;900.03
25.01.2017 04:32;901.38;901.38;901.38;901.38;0.05;48.99;901.38
25.01.2017 04:33;900.01;900.01;900.01;900.01;0.02;16.13;900.01
25.01.2017 04:34;0;0;0;0;0;0;0
25.01.2017 04:35;0;0;0;0;0;0;0
25.01.2017 04:36;0;0;0;0;0;0;0
25.01.2017 04:37;901.3;901.3;900.4;900.4;1.19;1071.59;900.49
25.01.2017 04:38;900;900;900;900;0.07;60.84;900
25.01.2017 04:39;900;900;899.89;899.89;0.36;325.93;899.91
25.01.2017 04:40;899.9;899.9;899.9;899.9;0.11;100.56;899.9
25.01.2017 04:41;899.9;899.9;899.9;899.9;0.1;89.86;899.9
25.01.2017 04:42;0;0;0;0;0;0;0
25.01.2017 04:43;900.73;900.73;899.9;899.9;2.81;2533.2;900.72
25.01.2017 04:44;899.89;899.89;899.88;899.88;0.22;200.82;899.89
25.01.2017 04:45;0;0;0;0;0;0;0
25.01.2017 04:46;899.88;899.88;899.01;899.78;3.03;2729.83;899.65
25.01.2017 04:47;899.71;899.71;899;899;5.19;4667.14;899.53
25.01.2017 04:48;899;899.3;898.67;898.67;7;6292.37;898.86
25.01.2017 04:49;899.23;900.71;899.22;900.71;3;2699.3;899.77
25.01.2017 04:50;900.49;900.49;900.49;900.49;1;900.49;900.49
25.01.2017 04:51;899.91;899.91;899.91;899.91;0.11;99.24;899.91
25.01.2017 04:52;900.22;900.22;900.22;900.22;0.12;111.95;900.22
25.01.2017 04:53;0;0;0;0;0;0;0
25.01.2017 04:54;0;0;0;0;0;0;0
25.01.2017 04:55;899.54;899.54;899.54;899.54;0.07;59.02;899.54
25.01.2017 04:56;899.54;899.54;899.54;899.54;0.05;41.94;899.54
25.01.2017 04:57;899.51;899.51;888.37;891.35;178.42;159578.14;894.38
25.01.2017 04:58;894.64;894.64;890.48;890.48;2.86;2545.46;891.5
25.01.2017 04:59;891.14;892.52;891.14;892.52;4.42;3945.73;892.1
25.01.2017 05:00;893.27;893.27;892.52;892.52;4.5;4020.73;892.57
25.01.2017 05:01;892.22;892.22;891.75;891.75;1.54;1373.23;891.98
25.01.2017 05:02;892.66;892.66;891.75;891.75;1.23;1093.03;891.99
25.01.2017 05:03;891.74;891.86;891.73;891.8;2.25;2002.75;891.73
25.01.2017 05:04;891.91;891.91;891.88;891.88;1.19;1062.24;891.89
25.01.2017 05:05;891.93;891.93;891.88;891.88;0.8;711.1;891.93
25.01.2017 05:06;891.8;892.05;891.8;892.05;0.6;536.72;891.96
25.01.2017 05:07;892.04;892.09;891.97;892.09;13.5;12039.11;892.07
25.01.2017 05:08;892.08;892.09;892.08;892.09;1.23;1101.21;892.09
25.01.2017 05:09;892.08;892.09;892.08;892.09;4.1;3654.93;892.08
25.01.2017 05:10;892.09;893.21;892.09;893.19;2.36;2108.92;892.12
25.01.2017 05:11;893.02;893.02;893.02;893.02;0.05;46.89;893.02
25.01.2017 05:12;892.91;893;891.88;892.81;7.33;6543.83;892.67
25.01.2017 05:13;892.76;892.76;892.76;892.76;0.05;43.75;892.76
25.01.2017 05:14;892.6;892.6;892.6;892.6;0.1;91.79;892.6
25.01.2017 05:15;892.44;892.63;892.44;892.63;40.06;35752.46;892.44
25.01.2017 05:16;892.63;892.64;892.63;892.64;0.54;482.34;892.63
25.01.2017 05:17;892.64;892.65;892.23;892.65;3.27;2921.87;892.37
25.01.2017 05:18;892.66;892.66;892.66;892.66;2.37;2119.44;892.66
25.01.2017 05:19;0;0;0;0;0;0;0
25.01.2017 05:20;892.66;892.66;892.66;892.66;3;2677.98;892.66
25.01.2017 05:21;0;0;0;0;0;0;0
25.01.2017 05:22;892.66;892.66;892.66;892.66;2.92;2611.01;892.66
25.01.2017 05:23;892.66;893.22;892.66;893.22;2.79;2487.08;892.88
25.01.2017 05:24;892.97;892.97;892.93;892.97;2.73;2436.52;892.97
25.01.2017 05:25;0;0;0;0;0;0;0
25.01.2017 05:26;892.94;892.94;892.94;892.94;0.2;176.06;892.94
25.01.2017 05:27;893.26;893.27;893.06;893.06;7.19;6420.39;893.27
25.01.2017 05:28;893.04;893.04;893.04;893.04;11.34;10126.4;893.04
25.01.2017 05:29;0;0;0;0;0;0;0
25.01.2017 05:30;893.03;893.26;893;893.26;8.32;7432.8;893.25
25.01.2017 05:31;893;893.26;893;893.26;3.06;2734.62;893.25
25.01.2017 05:32;893.26;893.28;893.26;893.28;3.78;3379.49;893.27
25.01.2017 05:33;0;0;0;0;0;0;0
25.01.2017 05:34;893.34;894.26;893.34;894.26;2;1788.42;894.21
25.01.2017 05:35;894.26;894.26;893;893;1.03;919.06;894.23
25.01.2017 05:36;894.25;894.25;894.06;894.06;1.43;1274.15;894.12
25.01.2017 05:37;894.06;894.26;894.06;894.07;2.5;2235.44;894.17
25.01.2017 05:38;0;0;0;0;0;0;0
25.01.2017 05:39;894.26;894.26;894.26;894.26;3.03;2705.85;894.26
25.01.2017 05:40;894.25;894.25;894.25;894.25;0.01;5.99;894.25
25.01.2017 05:41;894.25;894.26;894.25;894.26;9.02;8064.74;894.25
25.01.2017 05:42;894.26;894.26;893.39;893.39;0.04;35.24;893.78
25.01.2017 05:43;894.25;894.25;894.25;894.25;0.19;173.88;894.25
25.01.2017 05:44;894.26;894.26;894.26;894.26;0.06;49.35;894.26
25.01.2017 05:45;0;0;0;0;0;0;0
25.01.2017 05:46;894.26;894.26;893.7;893.78;0.06;54.75;893.83
25.01.2017 05:47;894.26;894.26;894.26;894.26;0.04;31.3;894.26
25.01.2017 05:48;894.26;894.26;894.26;894.26;2.88;2575.74;894.26
25.01.2017 05:49;0;0;0;0;0;0;0
25.01.2017 05:50;894.06;894.06;894.06;894.06;0.03;23.8;894.06
25.01.2017 05:51;894.25;894.26;894.25;894.26;0.17;155.46;894.26
25.01.2017 05:52;894.26;894.26;893.69;893.69;1.11;994.57;894.21
25.01.2017 05:53;893.91;893.91;893.91;893.91;1.12;1002.48;893.91
25.01.2017 05:54;893.48;893.48;893.48;893.48;0.04;35.74;893.48
25.01.2017 05:55;0;0;0;0;0;0;0
25.01.2017 05:56;893.49;893.49;893.49;893.49;0.03;25.06;893.49
25.01.2017 05:57;0;0;0;0;0;0;0
25.01.2017 05:58;893.35;894.18;893.26;894.18;0.68;607.78;893.94
25.01.2017 05:59;894.16;894.21;894.16;894.21;1.02;910.85;894.19
25.01.2017 06:00;0;0;0;0;0;0;0
25.01.2017 06:01;894.21;895.79;894.21;895.79;15.38;13754;894.53
25.01.2017 06:02;895.79;896.04;895.79;896.04;2.49;2232.07;895.99
25.01.2017 06:03;896.04;896.04;894.59;896.04;3.16;2832.16;895.94
25.01.2017 06:04;896.04;896.28;896.04;896.28;1;896.14;896.14
25.01.2017 06:05;896.28;896.28;896;896;3.03;2719.2;896.18
25.01.2017 06:06;895.3;895.3;895.28;895.28;0.62;554.7;895.28
25.01.2017 06:07;895.28;896;895.28;896;3.53;3163.05;895.99
25.01.2017 06:08;0;0;0;0;0;0;0
25.01.2017 06:09;896;896;896;896;1.33;1192.58;896
25.01.2017 06:10;0;0;0;0;0;0;0
25.01.2017 06:11;895.28;895.28;894.9;894.9;0.7;624.16;894.95
25.01.2017 06:12;894.91;894.91;894.91;894.91;0.04;32.84;894.91
25.01.2017 06:13;895.98;895.98;895.98;895.98;0.02;14.71;895.98
25.01.2017 06:14;894.93;894.93;894.93;894.93;0.02;20.08;894.93
25.01.2017 06:15;895;895;895;895;0.01;11.16;895
25.01.2017 06:16;895;895;894.88;894.88;1.5;1342.4;894.93
25.01.2017 06:17;0;0;0;0;0;0;0
25.01.2017 06:18;0;0;0;0;0;0;0
25.01.2017 06:19;0;0;0;0;0;0;0
25.01.2017 06:20;894.89;895.87;894.89;895.87;0.46;411.81;895.09
25.01.2017 06:21;895.87;895.87;895.87;895.87;0.31;277.73;895.87
25.01.2017 06:22;895.97;895.98;895.87;895.98;4.03;3609.34;895.98
25.01.2017 06:23;895.98;895.98;895.87;895.98;3.65;3271.55;895.94
25.01.2017 06:24;895.98;895.98;895.98;895.98;0.32;282.23;895.98
25.01.2017 06:25;0;0;0;0;0;0;0
25.01.2017 06:26;894.99;894.99;894.99;894.99;0.01;11.81;894.99
25.01.2017 06:27;0;0;0;0;0;0;0
25.01.2017 06:28;0;0;0;0;0;0;0
25.01.2017 06:29;895.37;895.38;895.37;895.38;0.27;245.21;895.38
25.01.2017 06:30;895.38;895.38;895.38;895.38;0.12;103.24;895.38
25.01.2017 06:31;895.38;895.38;895.38;895.38;0.1;93.09;895.38
25.01.2017 06:32;0;0;0;0;0;0;0
25.01.2017 06:33;0;0;0;0;0;0;0
25.01.2017 06:34;895;895;895;895;0.03;26.59;895
25.01.2017 06:35;895;895;895;895;0.01;12.06;895
25.01.2017 06:36;895.38;895.38;895.38;895.38;0.02;17.91;895.38
25.01.2017 06:37;895.38;895.57;895;895.57;4.61;4129.04;895.46
25.01.2017 06:38;894.96;894.96;894.93;894.93;2.27;2032.64;894.94
25.01.2017 06:39;0;0;0;0;0;0;0
25.01.2017 06:40;0;0;0;0;0;0;0
25.01.2017 06:41;895.54;895.54;895.54;895.54;0.02;13.75;895.54
25.01.2017 06:42;895.54;895.54;894.94;894.94;0.04;38.69;895.17
25.01.2017 06:43;0;0;0;0;0;0;0
25.01.2017 06:44;0;0;0;0;0;0;0
25.01.2017 06:45;0;0;0;0;0;0;0
25.01.2017 06:46;895.53;895.57;895.04;895.04;4.85;4343.69;895.56
25.01.2017 06:47;0;0;0;0;0;0;0
25.01.2017 06:48;0;0;0;0;0;0;0
25.01.2017 06:49;895.57;895.57;895.57;895.57;0.38;336.73;895.57
25.01.2017 06:50;895.57;895.57;895.57;895.57;2.41;2160.78;895.57
25.01.2017 06:51;895.57;895.57;895.32;895.32;0.33;299.96;895.46
25.01.2017 06:52;895.35;895.35;895.35;895.35;2;1790.7;895.35
25.01.2017 06:53;0;0;0;0;0;0;0
25.01.2017 06:54;895.57;895.57;895.38;895.38;0.11;101.74;895.51
25.01.2017 06:55;895.38;895.38;895.38;895.38;0.06;54.58;895.38
25.01.2017 06:56;0;0;0;0;0;0;0
25.01.2017 06:57;895.56;895.56;895.56;895.56;0.26;231.81;895.56
25.01.2017 06:58;0;0;0;0;0;0;0
25.01.2017 06:59;895.57;895.57;895.57;895.57;0.14;121.25;895.57
25.01.2017 07:00;0;0;0;0;0;0;0
25.01.2017 07:01;895.56;895.56;895.56;895.56;0.41;365.19;895.56
25.01.2017 07:02;0;0;0;0;0;0;0
25.01.2017 07:03;895.56;895.56;895.56;895.56;0.21;189.46;895.56
25.01.2017 07:04;895.22;895.26;895.22;895.26;10.83;9693.99;895.26
25.01.2017 07:05;895.27;895.27;895.27;895.27;0.25;221;895.27
25.01.2017 07:06;0;0;0;0;0;0;0
25.01.2017 07:07;0;0;0;0;0;0;0
25.01.2017 07:08;895.33;895.36;895.33;895.36;11.12;9954.63;895.36
25.01.2017 07:09;0;0;0;0;0;0;0
25.01.2017 07:10;895.22;895.56;895.22;895.56;0.15;134.17;895.27
25.01.2017 07:11;895.56;895.56;895.56;895.56;5.33;4775.7;895.56
25.01.2017 07:12;895.22;895.22;895.22;895.22;0.05;45.15;895.22
25.01.2017 07:13;895.56;895.56;895.56;895.56;0.41;365.09;895.56
25.01.2017 07:14;0;0;0;0;0;0;0
25.01.2017 07:15;895.22;895.22;895;895;0.11;101.34;895.06
25.01.2017 07:16;895;895;895;895;0.03;23.06;895
25.01.2017 07:17;0;0;0;0;0;0;0
25.01.2017 07:18;0;0;0;0;0;0;0
25.01.2017 07:19;0;0;0;0;0;0;0
25.01.2017 07:20;894.95;894.96;894.36;894.36;10.02;8965.6;894.68
25.01.2017 07:21;894.83;894.83;894.83;894.83;0.25;225.72;894.83
25.01.2017 07:22;894.77;894.77;894.77;894.77;0.02;14.67;894.77
25.01.2017 07:23;894.33;894.33;894.33;894.33;0.3;265.62;894.33
25.01.2017 07:24;0;0;0;0;0;0;0
25.01.2017 07:25;894.34;894.34;894.34;894.34;0.87;774.73;894.34
25.01.2017 07:26;894.33;894.57;894.28;894.57;0.77;691.69;894.32
25.01.2017 07:27;0;0;0;0;0;0;0
25.01.2017 07:28;0;0;0;0;0;0;0
25.01.2017 07:29;894.61;894.61;894.61;894.61;0.08;73.13;894.61
25.01.2017 07:30;0;0;0;0;0;0;0
25.01.2017 07:31;894.33;894.62;894.33;894.62;30.3;27096.02;894.36
25.01.2017 07:32;894.62;894.62;894.62;894.62;0.72;645.41;894.62
25.01.2017 07:33;894.43;894.43;893.03;893.03;27;24127.15;893.6
25.01.2017 07:34;894.33;894.33;894.31;894.33;3.34;2984.54;894.33
25.01.2017 07:35;894;894.33;894;894.33;27.1;24227.43;894
25.01.2017 07:36;0;0;0;0;0;0;0
25.01.2017 07:37;0;0;0;0;0;0;0
25.01.2017 07:38;894;894;894;894;0.17;150.77;894
25.01.2017 07:39;894;894;894;894;0.41;365.04;894
25.01.2017 07:40;894;894;894;894;4.77;4265.74;894
25.01.2017 07:41;894;894;894;894;0.04;32.31;894
25.01.2017 07:42;894;894;894;894;0.23;207.61;894
25.01.2017 07:43;0;0;0;0;0;0;0
25.01.2017 07:44;0;0;0;0;0;0;0
25.01.2017 07:45;894;894;894;894;27;24138;894
25.01.2017 07:46;894;894;894;894;0.38;342.52;894
25.01.2017 07:47;894.61;894.61;893.44;893.44;20.5;18319.1;893.65
25.01.2017 07:48;0;0;0;0;0;0;0
25.01.2017 07:49;894.17;894.17;893.05;893.05;0.1;85.61;893.24
25.01.2017 07:50;0;0;0;0;0;0;0
25.01.2017 07:51;0;0;0;0;0;0;0
25.01.2017 07:52;0;0;0;0;0;0;0
25.01.2017 07:53;894.5;894.5;894.5;894.5;0.18;158.26;894.5
25.01.2017 07:54;894.49;894.49;894.49;894.49;0.81;728.88;894.49
25.01.2017 07:55;894.5;894.5;894.5;894.5;0.24;218.96;894.5
25.01.2017 07:56;894.49;894.5;894.49;894.5;3.44;3079.82;894.5
25.01.2017 07:57;0;0;0;0;0;0;0
25.01.2017 07:58;0;0;0;0;0;0;0
25.01.2017 07:59;894.5;894.5;894.5;894.5;0.81;728.89;894.5
25.01.2017 08:00;894.49;894.5;894.49;894.5;12.59;11258.03;894.5
25.01.2017 08:01;894.61;894.61;894.61;894.61;0;0.76;894.61
25.01.2017 08:02;0;0;0;0;0;0;0
25.01.2017 08:03;895.14;895.14;895.14;895.14;0.02;15.68;895.14
25.01.2017 08:04;895.08;895.08;895.08;895.08;1.74;1555.22;895.08
25.01.2017 08:05;0;0;0;0;0;0;0
25.01.2017 08:06;0;0;0;0;0;0;0
25.01.2017 08:07;895.08;895.48;895.08;895.48;14.18;12693.51;895.17
25.01.2017 08:08;895.57;895.57;895.57;895.57;0.12;104.46;895.57
25.01.2017 08:09;0;0;0;0;0;0;0
25.01.2017 08:10;0;0;0;0;0;0;0
25.01.2017 08:11;895.57;895.57;895.57;895.57;4.13;3698.7;895.57
25.01.2017 08:12;895.57;895.57;895.57;895.57;4;3582.28;895.57
25.01.2017 08:13;895.57;895.57;895.57;895.57;0.6;533.57;895.57
25.01.2017 08:14;0;0;0;0;0;0;0
25.01.2017 08:15;0;0;0;0;0;0;0
25.01.2017 08:16;895.5;895.61;895.5;895.61;1.26;1125.63;895.55
25.01.2017 08:17;895.94;895.94;895.94;895.94;0.07;61.05;895.94
25.01.2017 08:18;895.95;895.95;895.95;895.95;0.04;31.86;895.95
25.01.2017 08:19;0;0;0;0;0;0;0
25.01.2017 08:20;895.7;895.95;895.7;895.95;1.37;1229.58;895.9
25.01.2017 08:21;895.95;895.95;895.95;895.95;0.31;280.71;895.95
25.01.2017 08:22;0;0;0;0;0;0;0
25.01.2017 08:23;895.94;895.94;895.94;895.94;2.11;1890.83;895.94
25.01.2017 08:24;895.94;895.95;895.94;895.95;0.31;278.23;895.94
25.01.2017 08:25;895.95;895.95;895.95;895.95;0.23;202.06;895.95
25.01.2017 08:26;895.94;895.95;895.93;895.95;3.99;3571.85;895.94
25.01.2017 08:27;895.7;895.95;895.7;895.95;5.01;4487.46;895.7
25.01.2017 08:28;895.95;895.95;895.6;895.6;0.05;42.41;895.86
25.01.2017 08:29;0;0;0;0;0;0;0
25.01.2017 08:30;895.92;895.92;895.92;895.92;0.02;18.86;895.92
25.01.2017 08:31;0;0;0;0;0;0;0
25.01.2017 08:32;895.91;895.91;895.91;895.91;0.13;118.59;895.91
25.01.2017 08:33;895.59;895.59;895.57;895.57;1.03;922.44;895.58
25.01.2017 08:34;0;0;0;0;0;0;0
25.01.2017 08:35;895.57;895.57;895.5;895.5;2.4;2149.32;895.55
25.01.2017 08:36;895.6;895.6;895.6;895.6;0.03;24.39;895.6
25.01.2017 08:37;895.62;895.64;895.62;895.64;4.34;3886.36;895.64
25.01.2017 08:38;0;0;0;0;0;0;0
25.01.2017 08:39;895.5;895.5;895.07;895.07;1.5;1344.61;895.32
25.01.2017 08:40;895.57;895.57;895.57;895.57;10;8955.7;895.57
25.01.2017 08:41;0;0;0;0;0;0;0
25.01.2017 08:42;895.84;895.84;895.84;895.84;0.22;200.05;895.84
25.01.2017 08:43;0;0;0;0;0;0;0
25.01.2017 08:44;0;0;0;0;0;0;0
25.01.2017 08:45;895.95;895.95;895.95;895.95;0.15;135.89;895.95
25.01.2017 08:46;895.94;895.94;895.94;895.94;0.2;179.75;895.94
25.01.2017 08:47;0;0;0;0;0;0;0
25.01.2017 08:48;895.95;895.95;895.95;895.95;0.06;52.27;895.95
25.01.2017 08:49;0;0;0;0;0;0;0
25.01.2017 08:50;895.95;896.1;895.95;896.1;6.71;6010.81;895.96
25.01.2017 08:51;0;0;0;0;0;0;0
25.01.2017 08:52;896.34;896.34;896.34;896.34;0.1;89.9;896.34
25.01.2017 08:53;896.61;896.61;896.61;896.61;0.06;52.34;896.61
25.01.2017 08:54;896.61;896.61;896.61;896.61;0.1;87.65;896.61
25.01.2017 08:55;896.42;896.61;896.42;896.61;0.35;311.54;896.54
25.01.2017 08:56;896.6;896.6;896.6;896.6;0.72;643.1;896.6
25.01.2017 08:57;0;0;0;0;0;0;0
25.01.2017 08:58;0;0;0;0;0;0;0
25.01.2017 08:59;896.6;896.6;895.05;895.05;0.57;511.22;895.11
25.01.2017 09:00;896.45;896.45;896.45;896.45;1.86;1664.71;896.45
25.01.2017 09:01;896.3;896.3;896.27;896.27;0.33;294.13;896.28
25.01.2017 09:02;895.07;896.61;895.07;896.61;1.81;1621.88;895.15
25.01.2017 09:03;896.61;896.71;896.61;896.71;0.13;112.31;896.63
25.01.2017 09:04;896.71;897.21;896.71;897.04;17.28;15500.65;897.04
25.01.2017 09:05;896.87;896.87;896.85;896.85;10.48;9395.67;896.87
25.01.2017 09:06;896.66;897.25;896.57;897.25;1.03;927.12;896.62
25.01.2017 09:07;896.89;896.89;896.89;896.89;0.99;885.79;896.89
25.01.2017 09:08;897.27;897.61;897.27;897.61;3.67;3290.25;897.27
25.01.2017 09:09;897.61;897.61;897.61;897.61;0.47;421.03;897.61
25.01.2017 09:10;897.71;897.71;897.71;897.71;0.5;448.86;897.71
25.01.2017 09:11;898.25;898.7;898.22;898.7;2.87;2576.67;898.57
25.01.2017 09:12;898.7;898.71;898.7;898.71;0.65;580.83;898.71
25.01.2017 09:13;0;0;0;0;0;0;0
25.01.2017 09:14;0;0;0;0;0;0;0
25.01.2017 09:15;899.06;899.06;899.06;899.06;1;899.06;899.06
25.01.2017 09:16;898.92;899.06;898.92;899.06;0.44;392.96;898.95
25.01.2017 09:17;899.06;899.61;899.02;899.6;9.84;8854.97;899.45
25.01.2017 09:18;899.6;899.6;899.6;899.6;0.3;270.23;899.6
25.01.2017 09:19;899.6;899.6;899.6;899.6;0.22;200;899.6
25.01.2017 09:20;899.6;899.61;899.6;899.61;0.02;21.73;899.61
25.01.2017 09:21;0;0;0;0;0;0;0
25.01.2017 09:22;899.61;899.61;899.61;899.61;0.09;78.31;899.61
25.01.2017 09:23;899.61;899.61;899.61;899.61;0.02;14.7;899.61
25.01.2017 09:24;899.61;899.71;899.61;899.71;0.22;199.52;899.67
25.01.2017 09:25;899.71;899.71;898.76;898.76;1.26;1134.04;898.94
25.01.2017 09:26;898.88;899.67;898.88;898.95;11.88;10683.94;898.96
25.01.2017 09:27;899.49;899.49;899.49;899.49;0.14;121.94;899.49
25.01.2017 09:28;0;0;0;0;0;0;0
25.01.2017 09:29;899.25;899.25;899.02;899.25;0.29;261.55;899.24
25.01.2017 09:30;899.25;899.25;899.25;899.25;0.1;87.63;899.25
25.01.2017 09:31;899.02;899.02;897.61;898.08;13.38;12013.72;898.1
25.01.2017 09:32;898.05;898.65;897.61;897.61;41.08;36887.53;898.01
25.01.2017 09:33;896.66;897.61;896.66;897.61;0.16;141.06;896.82
25.01.2017 09:34;0;0;0;0;0;0;0
25.01.2017 09:35;897.6;897.61;897.6;897.61;0.25;225.59;897.61
25.01.2017 09:36;0;0;0;0;0;0;0
25.01.2017 09:37;897.99;897.99;896.61;896.61;1.23;1102.55;896.63
25.01.2017 09:38;895.62;895.62;895.62;895.62;0.01;5.98;895.62
25.01.2017 09:39;895.63;895.63;895.62;895.62;4.52;4045.72;895.62
25.01.2017 09:40;895.61;895.61;894.75;894.75;5.11;4572.64;894.84
25.01.2017 09:41;895.99;895.99;895.99;895.99;0.14;122.34;895.99
25.01.2017 09:42;0;0;0;0;0;0;0
25.01.2017 09:43;896.58;896.58;896.56;896.56;0.05;47.91;896.56
25.01.2017 09:44;896.07;896.07;896.07;896.07;0.01;10.47;896.07
25.01.2017 09:45;0;0;0;0;0;0;0
25.01.2017 09:46;894.76;895.65;894.76;895.65;3.97;3553.53;895.04
25.01.2017 09:47;894.78;894.78;894.75;894.75;3;2684.27;894.76
25.01.2017 09:48;0;0;0;0;0;0;0
25.01.2017 09:49;894.76;894.76;894.1;894.1;20;17888.26;894.41
25.01.2017 09:50;894.11;894.11;894.1;894.1;1.12;1004.11;894.1
25.01.2017 09:51;894.63;894.63;893.62;893.62;0.34;307.16;894.14
25.01.2017 09:52;893.62;893.62;893.61;893.61;0.92;824.03;893.61
25.01.2017 09:53;894.11;894.56;893.6;894.56;1.94;1732.1;893.74
25.01.2017 09:54;894.56;894.62;894.56;894.62;0.44;398.06;894.56
25.01.2017 09:55;894.56;894.56;894;894;0.86;768.38;894.22
25.01.2017 09:56;894.01;894.01;894.01;894.01;0.77;688.39;894.01
25.01.2017 09:57;0;0;0;0;0;0;0
25.01.2017 09:58;894.56;894.56;894.56;894.56;0.08;73.2;894.56
25.01.2017 09:59;893.94;894;893.56;893.6;3.01;2686.64;893.86
25.01.2017 10:00;0;0;0;0;0;0;0
25.01.2017 10:01;893.96;893.99;893.67;893.67;20.02;17900.96;893.99
25.01.2017 10:02;893.99;894;893.99;894;0.18;157.66;894
25.01.2017 10:03;894;894;894;894;0.15;129.8;894
25.01.2017 10:04;893.4;893.96;893.39;893.96;1.27;1130.72;893.54
25.01.2017 10:05;0;0;0;0;0;0;0
25.01.2017 10:06;893.96;893.98;893.96;893.98;5.01;4478.62;893.98
25.01.2017 10:07;0;0;0;0;0;0;0
25.01.2017 10:08;893.98;893.98;893.98;893.98;1.56;1398.72;893.98
25.01.2017 10:09;893.98;893.98;893.98;893.98;0.63;563.59;893.98
25.01.2017 10:10;893.98;893.98;893.98;893.98;0.04;36.66;893.98
25.01.2017 10:11;893.98;893.98;893.98;893.98;0.1;89.4;893.98
25.01.2017 10:12;893.44;893.44;892.97;892.97;25;22325.32;893.01
25.01.2017 10:13;893.96;893.96;892.35;892.35;1.89;1692.21;893.12
25.01.2017 10:14;893;893;893;893;9.71;8671.03;893
25.01.2017 10:15;893;893.38;893;893.38;0.14;125.64;893.24
25.01.2017 10:16;893;893.15;891.98;893.15;1.29;1146.93;892.35
25.01.2017 10:17;891.98;892.43;891.44;891.44;90.01;80271.97;891.82
25.01.2017 10:18;891.43;891.44;890.74;891.27;21.53;19191.87;891.31
25.01.2017 10:19;891;891.23;891;891.23;11.83;10546.48;891.22
25.01.2017 10:20;891.27;891.27;891.27;891.27;6;5349.12;891.27
25.01.2017 10:21;0;0;0;0;0;0;0
25.01.2017 10:22;891.28;892.46;891.28;892.43;0.89;789.37;891.74
25.01.2017 10:23;892.31;892.31;891.28;891.28;0.13;114.34;891.95
25.01.2017 10:24;892.21;892.21;892.21;892.21;0.03;30.84;892.21
25.01.2017 10:25;891.98;892.15;891.28;891.28;1.89;1684.57;891.97
25.01.2017 10:26;892.15;892.15;892.15;892.15;0.48;431.12;892.15
25.01.2017 10:27;892.15;892.15;892.15;892.15;0.04;31.43;892.15
25.01.2017 10:28;892.14;892.14;892.14;892.14;0.11;94.31;892.14
25.01.2017 10:29;892.15;892.15;892.15;892.15;0.19;172.01;892.15
25.01.2017 10:30;892.15;892.15;892.15;892.15;0.16;142.26;892.15
25.01.2017 10:31;0;0;0;0;0;0;0
25.01.2017 10:32;0;0;0;0;0;0;0
25.01.2017 10:33;892.15;892.15;891.51;891.58;7.41;6613.09;892.08
25.01.2017 10:34;892.15;892.15;891.82;891.82;1.12;999.39;892.11
25.01.2017 10:35;892.15;892.15;892.14;892.14;0.47;415.71;892.15
25.01.2017 10:36;892.14;892.15;892.14;892.15;1.67;1488;892.15
25.01.2017 10:37;891.91;891.91;891.91;891.91;0.17;149.9;891.91
25.01.2017 10:38;892.15;892.15;892.15;892.15;3.87;3451.11;892.15
25.01.2017 10:39;892.15;892.15;892.15;892.15;0.35;314.01;892.15
25.01.2017 10:40;892.01;892.11;892.01;892.11;1.07;952.91;892.1
25.01.2017 10:41;892.15;892.15;892.15;892.15;3.83;3412.48;892.15
25.01.2017 10:42;892.25;892.31;892.25;892.31;0.56;496.35;892.3
25.01.2017 10:43;892.62;892.87;892.62;892.87;0.52;467.27;892.63
25.01.2017 10:44;892.88;893.31;892.88;893.31;14.31;12778.5;893.07
25.01.2017 10:45;893.31;894.62;893.31;894.62;19.85;17748.49;894
25.01.2017 10:46;893.43;893.43;893.43;893.43;8;7147.44;893.43
25.01.2017 10:47;893.65;894;893.02;894;6.25;5586.27;893.79
25.01.2017 10:48;894;894;894;894;0.76;679.44;894
25.01.2017 10:49;894.01;894.01;894;894;6.83;6104.7;894
25.01.2017 10:50;894;894;894;894;3.08;2756.38;894
25.01.2017 10:51;893.92;893.92;893.8;893.8;16.81;15026.49;893.83
25.01.2017 10:52;894.17;894.26;894.17;894.26;6;5365.47;894.25
25.01.2017 10:53;894.26;894.27;894.26;894.27;5.76;5150.94;894.26
25.01.2017 10:54;894.27;894.27;894.27;894.27;0.22;199.95;894.27
25.01.2017 10:55;894.27;894.55;894.26;894.55;15.64;13983.82;894.27
25.01.2017 10:56;894.43;894.43;894.43;894.43;8;7155.44;894.43
25.01.2017 10:57;0;0;0;0;0;0;0
25.01.2017 10:58;894.41;894.41;894.41;894.41;0.19;169.87;894.41
25.01.2017 10:59;894.26;894.64;894.26;894.64;1.9;1695.53;894.62
25.01.2017 11:00;894.64;894.7;894.64;894.7;2.91;2605.38;894.68
25.01.2017 11:01;894.7;894.97;894.7;894.97;0.09;81.17;894.86
25.01.2017 11:02;894.95;895.62;894.95;895.62;9.87;8829.43;895.01
25.01.2017 11:03;894.32;895.62;894.26;895.62;4.95;4427.19;894.67
25.01.2017 11:04;0;0;0;0;0;0;0
25.01.2017 11:05;894.27;895.6;894.27;895.6;0.07;59.62;894.78
25.01.2017 11:06;0;0;0;0;0;0;0
25.01.2017 11:07;895.01;895.62;895.01;895.62;11.19;10021.54;895.62
25.01.2017 11:08;895.61;895.61;895.61;895.61;1.6;1434.3;895.61
25.01.2017 11:09;895.11;895.11;895.1;895.11;0.9;803.56;895.1
25.01.2017 11:10;895.11;895.61;895.11;895.11;1.44;1291.96;895.56
25.01.2017 11:11;0;0;0;0;0;0;0
25.01.2017 11:12;895.11;895.62;895.11;895.62;0.2;175.49;895.56
25.01.2017 11:13;895.13;895.61;895.1;895.61;12;10743.77;895.31
25.01.2017 11:14;895.11;895.62;893.69;895.61;34.16;30571.94;894.94
25.01.2017 11:15;895.79;896.38;895.79;895.9;4.61;4131.84;896.06
25.01.2017 11:16;896.38;896.38;896.38;896.38;5;4481.9;896.38
25.01.2017 11:17;896.14;896.14;895.24;895.24;0.08;72.62;895.35
25.01.2017 11:18;896.43;896.47;896.43;896.47;3.34;2994.01;896.45
25.01.2017 11:19;896.13;896.48;896.13;896.48;0.63;567.34;896.4
25.01.2017 11:20;896.56;896.56;896.47;896.47;53.09;47602.06;896.55
25.01.2017 11:21;896.44;896.45;896.05;896.32;17.57;15743.67;896.3
25.01.2017 11:22;896.54;896.54;896.54;896.54;0.04;38.11;896.54
25.01.2017 11:23;896.32;896.32;896.32;896.32;0.95;847.36;896.32
25.01.2017 11:24;896.21;896.21;896.21;896.21;0.3;266.98;896.21
25.01.2017 11:25;895.32;895.32;894.25;894.25;10.03;8973.7;895.04
25.01.2017 11:26;0;0;0;0;0;0;0
25.01.2017 11:27;895.39;895.39;895.39;895.39;0.42;374.92;895.39
25.01.2017 11:28;894.84;894.84;894.74;894.75;0.95;848.76;894.76
25.01.2017 11:29;894.78;894.78;894.78;894.78;0.17;153.13;894.78
25.01.2017 11:30;894.68;894.68;894.68;894.68;0.08;69.45;894.68
25.01.2017 11:31;894.78;895.09;894.78;895.09;3.05;2731.42;895
25.01.2017 11:32;895.13;896.12;895.13;896.12;2.92;2611.94;896.03
25.01.2017 11:33;0;0;0;0;0;0;0
25.01.2017 11:34;0;0;0;0;0;0;0
25.01.2017 11:35;895.77;895.77;895.75;895.75;1.61;1443.15;895.76
25.01.2017 11:36;0;0;0;0;0;0;0
25.01.2017 11:37;895.85;895.85;895.85;895.85;0.22;199.65;895.85
25.01.2017 11:38;895.85;895.85;895.85;895.85;0.02;15.52;895.85
25.01.2017 11:39;895.85;895.85;895.84;895.84;3.41;3052.6;895.85
25.01.2017 11:40;895.85;895.85;895.84;895.84;0.43;389.66;895.85
25.01.2017 11:41;895.85;895.85;895.85;895.85;0.2;179.89;895.85
25.01.2017 11:42;895.85;895.85;895.85;895.85;0.01;11.2;895.85
25.01.2017 11:43;895.85;895.85;895.85;895.85;3;2687.55;895.85
25.01.2017 11:44;895.85;895.85;895.85;895.85;3;2687.55;895.85
25.01.2017 11:45;0;0;0;0;0;0;0
25.01.2017 11:46;0;0;0;0;0;0;0
25.01.2017 11:47;895.85;895.85;895.85;895.85;0.39;352.01;895.85
25.01.2017 11:48;895.84;895.85;895.84;895.85;3.31;2968.65;895.85
25.01.2017 11:49;895.85;895.85;895.84;895.84;1;895.19;895.85
25.01.2017 11:50;895.85;895.85;895.84;895.84;0.13;114.26;895.84
25.01.2017 11:51;895.84;895.84;895.84;895.84;0.01;11.08;895.84
25.01.2017 11:52;895.85;896.29;895.85;896.29;5.7;5105.85;895.99
25.01.2017 11:53;896.61;896.9;896.61;896.9;1.12;1006.17;896.72
25.01.2017 11:54;897.02;897.15;895.84;895.84;1.84;1645.09;896.42
25.01.2017 11:55;896.96;896.96;896.96;896.96;0.06;53.33;896.96
25.01.2017 11:56;896.93;897.12;895.92;895.92;5.58;5008.12;897.03
25.01.2017 11:57;0;0;0;0;0;0;0
25.01.2017 11:58;0;0;0;0;0;0;0
25.01.2017 11:59;896.61;896.65;896.61;896.65;0.92;825.94;896.64
25.01.2017 12:00;897.08;897.14;897.08;897.14;2.51;2250.91;897.09
25.01.2017 12:01;897.08;897.14;897.08;897.08;0.11;98.14;897.09
25.01.2017 12:02;897.11;897.14;897.11;897.14;0.39;352.21;897.14
25.01.2017 12:03;897.15;897.15;897.15;897.15;4.1;3678.32;897.15
25.01.2017 12:04;897.15;897.15;897.15;897.15;0.02;13.56;897.15
25.01.2017 12:05;0;0;0;0;0;0;0
25.01.2017 12:06;896.77;896.77;896.77;896.77;4;3587.08;896.77
25.01.2017 12:07;897.15;897.15;897.15;897.15;3.34;2995.81;897.15
25.01.2017 12:08;897.15;897.15;896.91;896.91;0.57;513.06;896.95
25.01.2017 12:09;0;0;0;0;0;0;0
25.01.2017 12:10;897.1;897.1;897.1;897.1;10.64;9549.26;897.1
25.01.2017 12:11;0;0;0;0;0;0;0
25.01.2017 12:12;897.14;897.14;897.14;897.14;45.05;40420.28;897.14
25.01.2017 12:13;0;0;0;0;0;0;0
25.01.2017 12:14;896.93;896.93;896.93;896.93;0.03;28.48;896.93
25.01.2017 12:15;897.15;897.15;897.15;897.15;0.23;202.83;897.15
25.01.2017 12:16;897.15;897.15;897.15;897.15;0.27;239.71;897.15
25.01.2017 12:17;897.15;897.15;897.15;897.15;0.37;335.38;897.15
25.01.2017 12:18;897.15;897.15;897.15;897.15;5.73;5142.52;897.15
25.01.2017 12:19;897.15;897.15;897.15;897.15;0.16;146.9;897.15
25.01.2017 12:20;897.05;897.05;897.05;897.05;1.78;1596.39;897.05
25.01.2017 12:21;897.15;897.18;897.15;897.18;3.36;3010.91;897.15
25.01.2017 12:22;897.25;897.35;897.25;897.35;3.33;2986.35;897.34
25.01.2017 12:23;897.47;897.62;897.47;897.62;5.23;4697.43;897.48
25.01.2017 12:24;897.62;897.62;897.62;897.62;0.27;239.15;897.62
25.01.2017 12:25;0;0;0;0;0;0;0
25.01.2017 12:26;897.02;897.02;897;897;0.75;672.75;897
25.01.2017 12:27;897.77;897.77;897.77;897.77;5.24;4706.27;897.77
25.01.2017 12:28;897.78;897.78;897.78;897.78;0.22;199.96;897.78
25.01.2017 12:29;897.92;897.92;897.92;897.92;0.02;18.24;897.92
25.01.2017 12:30;897.78;897.92;897.78;897.92;0.09;78.44;897.87
25.01.2017 12:31;897.78;897.78;897.77;897.77;0.03;25.21;897.78
25.01.2017 12:32;897.77;897.78;897.77;897.78;2.89;2591.17;897.77
25.01.2017 12:33;897.06;897.06;897.06;897.06;1;897.06;897.06
25.01.2017 12:34;897.43;897.43;897.43;897.43;0.06;52.84;897.43
25.01.2017 12:35;0;0;0;0;0;0;0
25.01.2017 12:36;897.78;897.78;897.78;897.78;0.64;574.98;897.78
25.01.2017 12:37;897.6;897.6;897.6;897.6;0.05;41.37;897.6
25.01.2017 12:38;897.63;897.93;897.63;897.93;1.46;1313.66;897.89
25.01.2017 12:39;897.04;897.78;897.04;897.78;24.02;21542.49;897.04
25.01.2017 12:40;0;0;0;0;0;0;0
25.01.2017 12:41;0;0;0;0;0;0;0
25.01.2017 12:42;0;0;0;0;0;0;0
25.01.2017 12:43;897.03;897.03;897.02;897.02;0.82;733.22;897.02
25.01.2017 12:44;897;897;897;897;3.24;2909.87;897
25.01.2017 12:45;897;897.24;897;897;2.64;2364.1;897
25.01.2017 12:46;0;0;0;0;0;0;0
25.01.2017 12:47;897.24;897.24;897.24;897.24;0.3;269.17;897.24
25.01.2017 12:48;897;897.24;897;897.24;0.33;293.37;897.2
25.01.2017 12:49;0;0;0;0;0;0;0
25.01.2017 12:50;897.25;897.25;897.25;897.25;3.48;3121.53;897.25
25.01.2017 12:51;897.24;897.24;897.24;897.24;0.04;31.47;897.24
25.01.2017 12:52;0;0;0;0;0;0;0
25.01.2017 12:53;897;897.24;897;897.24;1.23;1106.63;897.11
25.01.2017 12:54;897;897;897;897;0.5;448.5;897
25.01.2017 12:55;0;0;0;0;0;0;0
25.01.2017 12:56;897.25;897.25;897.25;897.25;11.92;10698.08;897.25
25.01.2017 12:57;897.07;897.25;897.07;897.25;7.7;6905.56;897.25
25.01.2017 12:58;897.08;897.08;897.08;897.08;1.13;1013.7;897.08
25.01.2017 12:59;897.25;897.25;896.93;896.93;4.8;4305.36;896.95
25.01.2017 13:00;896.93;897.18;896.93;896.93;5.68;5090.47;896.94
25.01.2017 13:01;896.62;896.62;896;896;4.09;3668.22;896.59
25.01.2017 13:02;895.84;895.99;895.84;895.99;0.08;74.59;895.88
25.01.2017 13:03;895.99;895.99;895.84;895.84;7.52;6732.42;895.84
25.01.2017 13:04;895.84;895.92;895.69;895.69;5.03;4504.34;895.84
25.01.2017 13:05;895.62;895.62;895.25;895.25;0.58;518.44;895.58
25.01.2017 13:06;895.25;895.25;892.33;892.33;28.09;25106.79;893.89
25.01.2017 13:07;892.33;894.04;892.32;893.86;6.18;5527.43;893.89
25.01.2017 13:08;0;0;0;0;0;0;0
25.01.2017 13:09;893.32;893.32;892.41;892.41;9.91;8849.57;893.01
25.01.2017 13:10;892.84;893.07;892;892;22.17;19781.79;892.47
25.01.2017 13:11;892.83;892.83;892.7;892.7;0.05;41.25;892.8
25.01.2017 13:12;892.58;892.58;892.35;892.35;7.09;6326.43;892.39
25.01.2017 13:13;892.36;892.36;892.33;892.33;4.66;4160.92;892.34
25.01.2017 13:14;892.09;892.09;891.74;891.74;7.43;6629.87;891.85
25.01.2017 13:15;891.74;891.74;891.74;891.74;5.09;4538.96;891.74
25.01.2017 13:16;891.74;891.74;891.28;891.28;6.13;5465.49;891.32
25.01.2017 13:17;891.28;891.28;890.5;890.5;5.87;5228.95;891.01
25.01.2017 13:18;891.38;891.38;890.51;890.51;0.19;168.32;890.8
25.01.2017 13:19;891.12;891.12;889.85;889.85;31.49;28024.13;890.02
25.01.2017 13:20;890;890;890;890;0.48;424.05;890
25.01.2017 13:21;889.85;889.96;889.85;889.96;13.05;11610.3;889.86
25.01.2017 13:22;889.96;889.96;889.85;889.96;1.56;1388.59;889.93
25.01.2017 13:23;889.96;889.96;888.72;888.72;29.73;26448.61;889.74
25.01.2017 13:24;888.79;889.33;887.01;888.31;24.57;21819.86;888.24
25.01.2017 13:25;888.31;888.98;886.42;888.98;25.46;22578.44;886.8
25.01.2017 13:26;888.98;888.98;886.79;887;5.89;5219.2;886.87
25.01.2017 13:27;887.31;888.32;886.48;888.32;22.41;19879.64;887.18
25.01.2017 13:28;888.32;888.32;887.7;888.32;7.37;6542.76;888.28
25.01.2017 13:29;888.98;889.26;888.98;889.23;10.33;9184.1;889.18
25.01.2017 13:30;889.23;889.23;889.22;889.22;0.06;55.32;889.23
25.01.2017 13:31;889.13;889.13;888;888;12.2;10835;888.18
25.01.2017 13:32;888.32;888.32;888;888;1.54;1370.1;888
25.01.2017 13:33;887.97;889.15;887.97;889;5.55;4928.64;888.36
25.01.2017 13:34;0;0;0;0;0;0;0
25.01.2017 13:35;888.49;888.49;888.49;888.49;5;4442.45;888.49
25.01.2017 13:36;888.55;888.55;888.55;888.55;0.02;17.96;888.55
25.01.2017 13:37;887.36;888.5;887.31;888.5;10.02;8888.56;887.36
25.01.2017 13:38;888.21;888.21;888.17;888.17;0.02;18.96;888.19
25.01.2017 13:39;887.97;887.97;887.97;887.97;0.01;5.36;887.97
25.01.2017 13:40;0;0;0;0;0;0;0
25.01.2017 13:41;887.36;887.36;887.35;887.35;1;887.35;887.35
25.01.2017 13:42;888.39;888.39;888.39;888.39;0.21;186.94;888.39
25.01.2017 13:43;888;888;888;888;6.61;5868.79;888
25.01.2017 13:44;888.38;888.38;888;888;2.19;1949.73;888.34
25.01.2017 13:45;0;0;0;0;0;0;0
25.01.2017 13:46;888.17;888.17;887.51;888.17;5.13;4557.67;887.97
25.01.2017 13:47;888.1;888.1;887.51;888;7.57;6726.57;888
25.01.2017 13:48;887.88;887.88;886;887.32;25.51;22616.67;886.51
25.01.2017 13:49;887.68;887.68;886;886;9.86;8739.85;886.52
25.01.2017 13:50;886;886;886;886;15.52;13747.11;886
25.01.2017 13:51;887.04;887.04;886.19;886.19;0.88;782.82;887.02
25.01.2017 13:52;886.19;886.91;886.19;886.91;0.31;273.68;886.64
25.01.2017 13:53;885.96;886.63;885.5;885.8;7.23;6406.06;885.79
25.01.2017 13:54;885.78;885.78;885.78;885.78;1.6;1420.14;885.78
25.01.2017 13:55;885.78;885.78;885.51;885.51;1.2;1061.47;885.76
25.01.2017 13:56;885.77;885.78;885.77;885.78;1.72;1519.32;885.77
25.01.2017 13:57;885.51;885.78;885.01;885.78;11.71;10366.22;885.35
25.01.2017 13:58;885.52;885.78;885.05;885.78;5.13;4539.62;885.37
25.01.2017 13:59;885.78;885.8;885.78;885.8;5.86;5194.7;885.78
25.01.2017 14:00;885.8;886.09;885.8;886.09;3.24;2873.6;885.96
25.01.2017 14:01;886.09;886.32;886.09;886.32;4.01;3550.58;886.11
25.01.2017 14:02;886.32;886.49;886.32;886.49;4.47;3963.52;886.45
25.01.2017 14:03;886.49;886.49;886.49;886.49;0.18;160.69;886.49
25.01.2017 14:04;886.66;886.66;886.66;886.66;58.76;52101.85;886.66
25.01.2017 14:05;886.66;887.14;886.66;887.14;2.83;2510.61;886.84
25.01.2017 14:06;886.8;886.89;886.8;886.89;0.13;119.37;886.86
25.01.2017 14:07;887.14;887.14;887.14;887.14;5.15;4567.28;887.14
25.01.2017 14:08;887.14;887.14;887.14;887.14;0.17;146.72;887.14
25.01.2017 14:09;887.14;887.14;887.14;887.14;0.15;136.53;887.14
25.01.2017 14:10;0;0;0;0;0;0;0
25.01.2017 14:11;887.14;887.16;887.14;887.16;0.49;438.54;887.14
25.01.2017 14:12;887.16;887.32;887.16;887.32;0.18;159.07;887.17
25.01.2017 14:13;0;0;0;0;0;0;0
25.01.2017 14:14;887.32;887.32;887.32;887.32;1.14;1009.8;887.32
25.01.2017 14:15;887.32;887.32;887.16;887.32;4.38;3888.62;887.21
25.01.2017 14:16;887.32;887.32;887.32;887.32;1.13;998.6;887.32
25.01.2017 14:17;887.18;887.32;887.16;887.32;7.5;6656.1;887.19
25.01.2017 14:18;887.32;887.32;887.18;887.32;1.51;1339.13;887.32
25.01.2017 14:19;887.32;887.32;887.32;887.32;1.64;1455.2;887.32
25.01.2017 14:20;887.32;887.32;887.32;887.32;2.05;1818.26;887.32
25.01.2017 14:21;887.32;887.32;887.32;887.32;0.19;170.55;887.32
25.01.2017 14:22;887.32;887.32;887.3;887.3;4.46;3953.67;887.3
25.01.2017 14:23;887.31;887.31;887.31;887.31;0.45;395.59;887.31
25.01.2017 14:24;887.3;887.3;887.3;887.3;0.01;10.46;887.3
25.01.2017 14:25;887.3;887.3;887.3;887.3;0.26;229.42;887.3
25.01.2017 14:26;887.3;887.3;887.3;887.3;0.06;49.41;887.3
25.01.2017 14:27;887.3;887.3;887.3;887.3;0.38;339.23;887.3
25.01.2017 14:28;0;0;0;0;0;0;0
25.01.2017 14:29;887.29;887.29;887.29;887.29;0.1;89.85;887.29
25.01.2017 14:30;887.28;888;887.28;888;22.48;19950.03;887.57
25.01.2017 14:31;887.99;888.19;887.81;887.98;5.9;5234.81;887.91
25.01.2017 14:32;887.98;888.19;887.98;888.19;4.39;3900.42;888.1
25.01.2017 14:33;0;0;0;0;0;0;0
25.01.2017 14:34;888.19;888.19;888.19;888.19;5.7;5062.68;888.19
25.01.2017 14:35;888.19;888.19;888.19;888.19;6.1;5421.76;888.19
25.01.2017 14:36;888.19;888.59;888.19;888.43;8.62;7657.47;888.27
25.01.2017 14:37;888.58;888.59;888.04;888.04;25.4;22560.85;888.05
25.01.2017 14:38;888.58;888.67;888.58;888.67;1.79;1588.32;888.6
25.01.2017 14:39;888.65;888.67;888.65;888.66;1.38;1225.51;888.66
25.01.2017 14:40;888.67;888.78;888.67;888.78;0.04;38.8;888.7
25.01.2017 14:41;888.78;888.78;888.78;888.78;4.39;3903.63;888.78
25.01.2017 14:42;888.78;889;888.2;889;10.32;9170.31;888.53
25.01.2017 14:43;889;889.22;889;889.22;1.56;1386.64;889.1
25.01.2017 14:44;889;889;889;889;0.35;313.24;889
25.01.2017 14:45;888.98;889;888.18;889;47.13;41899.17;888.93
25.01.2017 14:46;889;889;887.29;887.29;25.05;22236.6;887.69
25.01.2017 14:47;888.98;889;888.98;889;0.91;807.13;888.98
25.01.2017 14:48;888.1;888.1;887;887;54.84;48663.03;887.35
25.01.2017 14:49;887;888.09;887;888.09;7.83;6947.49;887.36
25.01.2017 14:50;888.09;889.15;888.08;889.15;19.71;17511.51;888.46
25.01.2017 14:51;889.01;889.03;889;889;21.69;19280.48;889.02
25.01.2017 14:52;0;0;0;0;0;0;0
25.01.2017 14:53;888.99;889.59;888.58;889.59;3.76;3338.93;889.13
25.01.2017 14:54;889.59;889.8;889.59;889.8;2.07;1838.65;889.76
25.01.2017 14:55;889.78;889.8;889.32;889.8;1.38;1230.01;889.7
25.01.2017 14:56;889.8;891.22;889.5;891.22;56.21;50054.45;890.49
25.01.2017 14:57;0;0;0;0;0;0;0
25.01.2017 14:58;890.43;891.16;890.3;891.12;25.76;22939.78;890.38
25.01.2017 14:59;891.05;892.25;891.05;892;61.82;55138.68;891.95
25.01.2017 15:00;892.32;892.33;892.32;892.32;1.27;1129.37;892.33
25.01.2017 15:01;892.02;892.33;892;892.33;7.08;6311.53;892.05
25.01.2017 15:02;892.33;892.58;892;892;13.43;11983.45;892.01
25.01.2017 15:03;891.03;891.03;891.03;891.03;41;36532.23;891.03
25.01.2017 15:04;890.9;892.66;890.9;891.01;91.76;81761.13;890.98
25.01.2017 15:05;892.17;892.17;891;891.6;60.05;53513.95;891.2
25.01.2017 15:06;891;891;890.71;891;20.08;17894.82;891
25.01.2017 15:07;891;891.5;891;891.03;5.59;4978.84;891.16
25.01.2017 15:08;891.51;892.07;891.51;892;0.2;178.87;891.99
25.01.2017 15:09;892.13;892.13;891;891;20.03;17851.04;891.1
25.01.2017 15:10;891.61;891.61;891.57;891.57;1.19;1064.65;891.57
25.01.2017 15:11;892;892.1;891;891;32.66;29103;891.11
25.01.2017 15:12;891;891.1;891;891;22.43;19983.14;891
25.01.2017 15:13;891.88;891.88;891.67;891.67;0.68;603.82;891.7
25.01.2017 15:14;891.55;891.55;891.55;891.55;0.03;26.88;891.55
25.01.2017 15:15;891.49;891.49;891.49;891.49;0.18;156.61;891.49
25.01.2017 15:16;891.49;891.49;891;891.49;5.07;4521.22;891.01
25.01.2017 15:17;891.49;891.49;891.49;891.49;0.12;108.87;891.49
25.01.2017 15:18;891;891.1;891;891.1;13.04;11622.95;891.05
25.01.2017 15:19;890.71;891.51;890.71;891.51;6.13;5459.36;890.74
25.01.2017 15:20;891.41;891.41;891.29;891.29;0.46;408.01;891.37
25.01.2017 15:21;891.29;891.29;891.29;891.29;0.01;12;891.29
25.01.2017 15:22;890.74;891.29;890.71;891.25;8.74;7788.52;891.18
25.01.2017 15:23;891.21;891.21;890.72;890.72;3.88;3458.3;890.74
25.01.2017 15:24;891.19;891.19;891.18;891.18;2.51;2235.84;891.18
25.01.2017 15:25;891.18;891.18;891.18;891.18;0.26;228.38;891.18
25.01.2017 15:26;891.18;891.18;891.18;891.18;0.16;141.28;891.18
25.01.2017 15:27;891.16;891.16;891.14;891.14;3.45;3076.46;891.14
25.01.2017 15:28;891.16;891.16;890.72;891.16;9.35;8330.14;890.78
25.01.2017 15:29;891.16;891.16;890.72;891.16;0.17;150.31;891.13
25.01.2017 15:30;891.14;891.14;891.14;891.14;0.37;326.2;891.14
25.01.2017 15:31;890.72;891.14;890.72;891.14;1.44;1281.44;891.08
25.01.2017 15:32;890.72;890.72;890.72;890.72;3.75;3340.49;890.72
25.01.2017 15:33;891.14;891.14;891.14;891.14;0.02;17.51;891.14
25.01.2017 15:34;891.12;891.15;891.12;891.15;0.49;440.23;891.14
25.01.2017 15:35;891.15;891.15;891.15;891.15;0.01;10.47;891.15
25.01.2017 15:36;890.71;890.71;890.71;890.71;0.05;47.77;890.71
25.01.2017 15:37;890.92;890.92;890.92;890.92;0.57;505.93;890.92
25.01.2017 15:38;891.1;891.14;891.1;891.14;2.86;2549.27;891.11
25.01.2017 15:39;890.92;890.92;890.58;890.58;3.62;3220.68;890.7
25.01.2017 15:40;890.58;890.58;890.01;890.44;23.02;20501.3;890.52
25.01.2017 15:41;890.01;890.43;890.01;890.41;1.5;1335.66;890.18
25.01.2017 15:42;890.41;890.41;890.41;890.41;0.01;10.46;890.41
25.01.2017 15:43;890.41;890.74;890.38;890.74;2.44;2170.27;890.52
25.01.2017 15:44;890.51;890.51;890.08;890.38;1.38;1231.09;890.42
25.01.2017 15:45;890.38;890.38;890;890.3;8.21;7309.9;890.1
25.01.2017 15:46;890.3;890.3;890.28;890.28;1.7;1513.55;890.28
25.01.2017 15:47;890.28;890.28;890.27;890.27;0.8;713.53;890.27
25.01.2017 15:48;890.27;890.37;890;890.37;3.48;3094.61;890.19
25.01.2017 15:49;890.37;890.37;890.37;890.37;14.71;13094.35;890.37
25.01.2017 15:50;890.37;890.38;890;890.38;6.53;5813.72;890.21
25.01.2017 15:51;890.38;890.38;890.37;890.37;1.28;1142.71;890.38
25.01.2017 15:52;890.06;890.36;890.06;890.36;0.14;128.43;890.15
25.01.2017 15:53;890.06;890.37;890;890.37;9.21;8193.07;890.02
25.01.2017 15:54;890.36;890.36;890.36;890.36;0.05;46.97;890.36
25.01.2017 15:55;890.01;890.36;890;890;4.64;4125.31;890.01
25.01.2017 15:56;890.36;890.36;890.36;890.36;3.3;2938.14;890.36
25.01.2017 15:57;890;891.95;890;891.95;28.09;25028.54;890.86
25.01.2017 15:58;891.3;893.52;891.3;893.52;49.97;44618.37;892.85
25.01.2017 15:59;893.52;895;893.52;894.56;28.8;25759.75;894.36
25.01.2017 16:00;893.68;893.68;891.56;892.45;5.63;5023.38;892.2
25.01.2017 16:01;892.68;893.57;892.68;893.57;1.3;1161.29;892.81
25.01.2017 16:02;893.68;894;893.68;894;1.5;1340.84;893.89
25.01.2017 16:03;894;894;893.94;893.94;1.19;1064.86;893.97
25.01.2017 16:04;893.94;893.96;892.68;892.68;1.5;1341.01;893.42
25.01.2017 16:05;893.85;893.85;893.85;893.85;0.06;54.21;893.85
25.01.2017 16:06;893.85;893.86;893.67;893.86;6.28;5615.92;893.84
25.01.2017 16:07;893.96;893.96;893.96;893.96;0.87;774.99;893.96
25.01.2017 16:08;893.96;893.96;893.96;893.96;0.95;849.39;893.96
25.01.2017 16:09;893.96;893.96;893.96;893.96;5.04;4501.67;893.96
25.01.2017 16:10;893.96;893.96;893.96;893.96;0.67;598.95;893.96
25.01.2017 16:11;893.96;893.96;893.96;893.96;2.48;2214.6;893.96
25.01.2017 16:12;894.07;894.68;894.07;894.68;1.74;1556.88;894.46
25.01.2017 16:13;894.56;894.81;894.56;894.81;0.3;266.15;894.71
25.01.2017 16:14;895;895;894.81;894.81;25.2;22547.36;894.81
25.01.2017 16:15;894.24;894.24;894.24;894.24;6;5365.44;894.24
25.01.2017 16:16;894.78;894.78;892;894.43;51.86;46344.8;893.72
25.01.2017 16:17;892.67;893.65;891.98;893.65;50.78;45308;892.16
25.01.2017 16:18;893.65;893.66;893.38;893.38;0.57;506.02;893.57
25.01.2017 16:19;893.66;894.32;893.66;894.32;2.41;2156.47;894.03
25.01.2017 16:20;894.32;894.32;894.32;894.32;0.03;24.15;894.32
25.01.2017 16:21;893.46;894.32;892.62;894.32;5.36;4786.36;892.92
25.01.2017 16:22;894.12;894.12;894.12;894.12;0.03;24.05;894.12
25.01.2017 16:23;894.12;894.12;893.03;893.03;0.11;97.04;894.03
25.01.2017 16:24;894.03;894.03;894.03;894.03;0.01;13.4;894.03
25.01.2017 16:25;894.04;894.04;894.03;894.03;0.1;88.54;894.04
25.01.2017 16:26;894.03;894.07;894.03;894.07;0.78;699.14;894.07
25.01.2017 16:27;894.06;894.07;893.06;894.07;0.08;74.69;893.96
25.01.2017 16:28;894.07;894.07;894.07;894.07;0.08;69.74;894.07
25.01.2017 16:29;894.07;894.07;894.07;894.07;0.27;243.73;894.07
25.01.2017 16:30;893.06;893.4;892.06;892.06;3.09;2760.48;892.83
25.01.2017 16:31;892.06;892.06;891.98;892;1.88;1675.09;892
25.01.2017 16:32;892;892;891.68;891.68;0.62;553.61;891.74
25.01.2017 16:33;891.68;891.68;891;891.4;18.03;16062.9;891.14
25.01.2017 16:34;891.4;891.4;891.4;891.4;0.16;145.65;891.4
25.01.2017 16:35;891.4;891.4;891.3;891.3;0.12;109.78;891.39
25.01.2017 16:36;891.18;891.3;891.01;891.3;0.19;169.35;891.13
25.01.2017 16:37;891.3;891.3;891.3;891.3;0.12;104.9;891.3
25.01.2017 16:38;891.3;891.4;891.3;891.4;1.3;1157.92;891.39
25.01.2017 16:39;891.39;891.4;891.01;891.4;6.54;5824.81;891.14
25.01.2017 16:40;891.4;891.4;891.4;891.4;0.86;762.68;891.4
25.01.2017 16:41;891.4;891.68;891.4;891.68;15.98;14249.12;891.54
25.01.2017 16:42;891.96;891.99;891.96;891.99;0.06;50.84;891.98
25.01.2017 16:43;891.98;891.98;891.98;891.98;5.1;4550.82;891.98
25.01.2017 16:44;0;0;0;0;0;0;0
25.01.2017 16:45;891.97;892.06;891.97;892.06;12.4;11060.65;892
25.01.2017 16:46;892.06;892.06;892.06;892.06;0.1;87.42;892.06
25.01.2017 16:47;892.06;892.06;892.06;892.06;1.46;1304.41;892.06
25.01.2017 16:48;892.06;892.06;892.06;892.06;0.08;67.5;892.06
25.01.2017 16:49;892.06;892.06;892.06;892.06;0.71;636.78;892.06
25.01.2017 16:50;892.06;892.06;892.06;892.06;6.46;5762.71;892.06
25.01.2017 16:51;892.06;892.99;892.06;892.99;2.26;2015.8;892.16
25.01.2017 16:52;892.99;893.34;892.99;893.34;0.58;513.99;893.05
25.01.2017 16:53;893.35;893.4;893.35;893.4;0.1;87.73;893.39
25.01.2017 16:54;893.4;893.4;892.7;893.4;1.18;1054.63;893.12
25.01.2017 16:55;892.87;892.87;892.86;892.86;0.55;493.25;892.87
25.01.2017 16:56;892.83;893.38;892.83;893.37;0.94;842.77;893.03
25.01.2017 16:57;892.62;892.62;892.62;892.62;0.01;11.55;892.62
25.01.2017 16:58;892.36;893.4;892.36;893.4;7.74;6910.37;893.37
25.01.2017 16:59;893.4;893.4;893.38;893.4;7.16;6394.01;893.4
25.01.2017 17:00;893.4;893.4;893.4;893.4;0.03;25.71;893.4
25.01.2017 17:01;893.4;893.55;893.4;893.55;1.66;1481.09;893.41
25.01.2017 17:02;893.99;893.99;893.99;893.99;0.01;9.14;893.99
25.01.2017 17:03;893.98;893.98;892.33;892.33;13.7;12235.7;893.23
25.01.2017 17:04;893.35;893.35;892.33;892.33;2.82;2520.31;892.49
25.01.2017 17:05;893.25;893.25;893.12;893.12;6;5355.65;893.13
25.01.2017 17:06;893.17;893.17;893.17;893.17;0.38;335.84;893.17
25.01.2017 17:07;893.21;893.21;891.97;892.57;25.26;22538.66;892.35
25.01.2017 17:08;891.97;892.57;891.96;892.57;5.22;4659.54;891.97
25.01.2017 17:09;893.34;893.34;893.3;893.3;0.09;79.43;893.32
25.01.2017 17:10;893.35;893.99;893.19;893.99;1.17;1044.06;893.81
25.01.2017 17:11;0;0;0;0;0;0;0
25.01.2017 17:12;0;0;0;0;0;0;0
25.01.2017 17:13;893.58;893.58;893.49;893.49;13.08;11691.15;893.49
25.01.2017 17:14;893.46;893.46;893.44;893.44;0.1;90.61;893.45
25.01.2017 17:15;893.33;893.33;893.27;893.27;0.3;270.67;893.29
25.01.2017 17:16;892.94;892.94;892.2;892.93;14.18;12657.95;892.92
25.01.2017 17:17;892.27;892.37;892.27;892.37;20.25;18072.82;892.27
25.01.2017 17:18;0;0;0;0;0;0;0
25.01.2017 17:19;892.91;892.94;892.9;892.94;0.3;267.87;892.91
25.01.2017 17:20;0;0;0;0;0;0;0
25.01.2017 17:21;892.94;892.94;892.8;892.8;8.93;7975.71;892.82
25.01.2017 17:22;892.76;892.76;892.62;892.62;1.02;913.8;892.68
25.01.2017 17:23;892.67;892.67;892.67;892.67;0.2;178.49;892.67
25.01.2017 17:24;892.51;892.51;890;892.27;50.86;45283.15;890.44
25.01.2017 17:25;892.16;892.16;891.51;891.52;3.92;3496.91;891.79
25.01.2017 17:26;891.5;891.5;891.5;891.5;0.07;64.46;891.5
25.01.2017 17:27;891;891;890.98;890.98;0.22;191.64;890.99
25.01.2017 17:28;891;891;891;891;3.15;2805.49;891
25.01.2017 17:29;891;891;891;891;0.17;151.47;891
25.01.2017 17:30;0;0;0;0;0;0;0
25.01.2017 17:31;890.29;890.33;890.29;890.29;4.83;4297.05;890.32
25.01.2017 17:32;890.29;890.29;890.29;890.29;0.46;407.72;890.29
25.01.2017 17:33;890.29;891.95;890.29;891.95;3.19;2838.71;890.71
25.01.2017 17:34;891.89;891.89;889.98;889.98;28.47;25343.23;890.1
25.01.2017 17:35;890;890;889.98;890;2.31;2053.79;889.99
25.01.2017 17:36;889.98;890.43;889.98;890.43;3.22;2863.8;890.01
25.01.2017 17:37;891.22;891.49;891.22;891.49;0.81;718.56;891.26
25.01.2017 17:38;892.37;892.51;892.37;892.51;0.95;843.67;892.44
25.01.2017 17:39;892.51;892.51;891.09;891.09;0.54;480.73;891.13
25.01.2017 17:40;0;0;0;0;0;0;0
25.01.2017 17:41;890.98;891.46;890.98;891.46;0.38;340.35;891.3
25.01.2017 17:42;891.46;892.48;891.46;892.48;0.1;88.29;891.81
25.01.2017 17:43;0;0;0;0;0;0;0
25.01.2017 17:44;0;0;0;0;0;0;0
25.01.2017 17:45;892.35;892.35;892.32;892.32;0.7;625.12;892.34
25.01.2017 17:46;892.38;892.44;892.38;892.44;1.99;1777.15;892.43
25.01.2017 17:47;891.57;891.57;891.57;891.57;0.09;76.01;891.57
25.01.2017 17:48;892.41;892.44;892.41;892.44;0.32;282.9;892.44
25.01.2017 17:49;892.44;892.44;892.44;892.44;0.06;49.08;892.44
25.01.2017 17:50;892.44;892.44;892.44;892.44;0.45;404.07;892.44
25.01.2017 17:51;892.33;892.33;892.33;892.33;0.03;26.77;892.33
25.01.2017 17:52;891.56;891.56;891.56;891.56;6.37;5683.65;891.56
25.01.2017 17:53;891.56;892.43;891.46;891.46;37.56;33486.57;891.56
25.01.2017 17:54;891.44;891.46;891.44;891.45;4.73;4212.35;891.45
25.01.2017 17:55;891.43;891.43;891.43;891.43;4.28;3816.62;891.43
25.01.2017 17:56;891.45;891.45;891.45;891.45;0.04;36.24;891.45
25.01.2017 17:57;891.39;891.45;891.37;891.42;0.67;600.05;891.42
25.01.2017 17:58;890.99;890.99;890;890;63.37;56414.52;890.25
25.01.2017 17:59;889.99;891.39;889.99;890.98;1.19;1056.94;890.16
25.01.2017 18:00;890.9;890.9;890.86;890.86;1.55;1382.98;890.86
25.01.2017 18:01;890.85;891.11;890.85;891.11;0.28;248.5;890.89
25.01.2017 18:02;890.99;890.99;890.99;890.99;0.13;111.44;890.99
25.01.2017 18:03;890.99;891.11;890.98;891.11;10.08;8981.19;890.99
25.01.2017 18:04;891.11;891.45;891.11;891.43;1.55;1380.91;891.34
25.01.2017 18:05;891.43;891.97;891.43;891.97;10;8915.57;891.44
25.01.2017 18:06;891.96;891.97;891.89;891.97;0.46;408.07;891.92
25.01.2017 18:07;891.95;891.97;891.95;891.97;0.12;111.26;891.97
25.01.2017 18:08;891.97;891.97;891.94;891.94;0.13;113.28;891.95
25.01.2017 18:09;891.93;891.97;891.91;891.96;0.09;80.42;891.92
25.01.2017 18:10;891.97;891.97;891.97;891.97;0.1;89.2;891.97
25.01.2017 18:11;891.96;892.16;891.96;892.16;0.2;179.89;892.03
25.01.2017 18:12;892.12;892.12;892.11;892.11;8.22;7333.79;892.11
25.01.2017 18:13;892.16;892.16;892.15;892.15;0.04;31.66;892.16
25.01.2017 18:14;892.17;892.87;892.17;892.76;10.57;9438.27;892.73
25.01.2017 18:15;0;0;0;0;0;0;0
25.01.2017 18:16;892.76;892.8;892.76;892.8;0.35;311.87;892.76
25.01.2017 18:17;892.41;892.76;892.39;892.72;8.54;7626.4;892.5
25.01.2017 18:18;892.8;892.8;892.7;892.7;0.05;41.07;892.75
25.01.2017 18:19;892.54;892.54;892.51;892.51;0.61;548.75;892.53
25.01.2017 18:20;892.51;892.66;892.51;892.66;0.08;72.23;892.63
25.01.2017 18:21;892.67;892.67;892.67;892.67;0.05;45.53;892.67
25.01.2017 18:22;892.67;892.82;892.67;892.82;3.57;3184.65;892.67
25.01.2017 18:23;892.82;892.82;892.77;892.77;2.45;2182.95;892.8
25.01.2017 18:24;892.82;892.94;892.82;892.92;16.83;15025.92;892.87
25.01.2017 18:25;892.93;892.93;892.93;892.93;0.02;17.86;892.93
25.01.2017 18:26;892.93;892.94;892.93;892.94;8.63;7702;892.93
25.01.2017 18:27;892.93;892.94;892.9;892.94;2.69;2403.45;892.94
25.01.2017 18:28;892.94;892.94;892.89;892.89;10.01;8936.26;892.92
25.01.2017 18:29;892.9;893;892.9;893;5.18;4627.63;892.94
25.01.2017 18:30;893;893.23;893;893.23;0.18;160.76;893.14
25.01.2017 18:31;893.23;893.23;893.21;893.23;0.55;490.58;893.23
25.01.2017 18:32;893.23;893.23;893.2;893.23;2.04;1823.89;893.23
25.01.2017 18:33;892.9;893.21;892.89;892.89;1.99;1773.86;893.18
25.01.2017 18:34;892.91;894.3;892.91;894.29;7.19;6418.43;893.27
25.01.2017 18:35;894.28;894.32;893.21;894.1;1.84;1648.59;894.27
25.01.2017 18:36;893.28;893.43;893.28;893.43;0.06;53.6;893.35
25.01.2017 18:37;893.5;894.18;893.23;893.27;0.16;141.34;893.83
25.01.2017 18:38;893.35;894.24;893.26;893.26;0.4;354.95;894.08
25.01.2017 18:39;894.25;894.32;893.09;894.32;6.39;5710.61;894.28
25.01.2017 18:40;894.32;894.32;893.08;894.32;0.32;286;893.59
25.01.2017 18:41;894.32;894.32;894.18;894.32;0.16;140.17;894.28
25.01.2017 18:42;894.16;894.32;894.11;894.11;8.81;7879.89;894.26
25.01.2017 18:43;894.02;894.02;894.02;894.02;0.06;49.17;894.02
25.01.2017 18:44;893.3;894.01;893.02;894;7.49;6693.22;893.74
25.01.2017 18:45;893.3;894.01;893.3;894.01;0.02;17.87;893.6
25.01.2017 18:46;893.7;893.72;893.7;893.72;0.94;838.68;893.7
25.01.2017 18:47;894.02;894.31;894.02;894.31;0.07;60.8;894.19
25.01.2017 18:48;894.31;894.31;894.31;894.31;0.12;107.15;894.31
25.01.2017 18:49;894.31;894.32;894.31;894.32;0.32;286.18;894.32
25.01.2017 18:50;894.32;894.32;894.06;894.06;0.31;273.62;894.13
25.01.2017 18:51;894.05;894.05;894.05;894.05;5.54;4948.85;894.05
25.01.2017 18:52;894.05;894.05;894.05;894.05;0.04;35.76;894.05
25.01.2017 18:53;894.05;894.32;894.04;894.3;34.04;30440.29;894.17
25.01.2017 18:54;894.37;894.39;894.37;894.39;2.14;1910.53;894.37
25.01.2017 18:55;894.4;894.77;894.38;894.77;2.43;2177.12;894.39
25.01.2017 18:56;894.76;894.76;894.76;894.76;0.29;263.71;894.76
25.01.2017 18:57;894.76;894.76;894.74;894.74;0.25;221.92;894.74
25.01.2017 18:58;894.65;894.65;894.64;894.64;0.04;31.47;894.65
25.01.2017 18:59;0;0;0;0;0;0;0
25.01.2017 19:00;894.36;894.76;894.36;894.76;6.17;5522.09;894.45
25.01.2017 19:01;894.65;894.65;894.65;894.65;0.08;72.11;894.65
25.01.2017 19:02;0;0;0;0;0;0;0
25.01.2017 19:03;894.59;894.59;894.59;894.59;0.02;21.54;894.59
25.01.2017 19:04;894.71;894.71;894.61;894.61;1.12;1005.37;894.67
25.01.2017 19:05;894.61;894.7;894.61;894.7;0.46;412.05;894.65
25.01.2017 19:06;894.7;894.7;894.02;894.02;3.02;2699.43;894.7
25.01.2017 19:07;893.66;894.69;893.45;894.22;1.32;1175.74;894.05
25.01.2017 19:08;893.48;893.54;893.48;893.48;2.9;2594.91;893.5
25.01.2017 19:09;893.48;893.48;893.48;893.48;0.69;620.49;893.48
25.01.2017 19:10;894.09;894.27;894.09;894.27;0.21;192.13;894.1
25.01.2017 19:11;894.29;894.29;894.29;894.29;0.36;326.31;894.29
25.01.2017 19:12;0;0;0;0;0;0;0
25.01.2017 19:13;894.68;894.68;894.68;894.68;0.1;88.47;894.68
25.01.2017 19:14;894.68;894.7;894.68;894.7;0.9;803.32;894.69
25.01.2017 19:15;0;0;0;0;0;0;0
25.01.2017 19:16;894.7;894.7;894.7;894.7;0.02;19.45;894.7
25.01.2017 19:17;894.7;894.7;894.7;894.7;0.13;116.8;894.7
25.01.2017 19:18;894.7;894.7;894.7;894.7;0.04;32.3;894.7
25.01.2017 19:19;894.7;894.7;894.7;894.7;0.4;359.22;894.7
25.01.2017 19:20;0;0;0;0;0;0;0
25.01.2017 19:21;893.13;893.13;893.12;893.12;55.81;49845.97;893.13
25.01.2017 19:22;894.45;894.45;893.12;893.12;1.69;1513.77;894.37
25.01.2017 19:23;893.12;893.67;893.12;893.67;0.35;313.78;893.29
25.01.2017 19:24;893.58;893.58;893.55;893.55;0.1;88.57;893.57
25.01.2017 19:25;893.52;893.52;893.52;893.52;0.05;44.46;893.52
25.01.2017 19:26;893.47;893.47;893.46;893.46;1.04;925.23;893.47
25.01.2017 19:27;893.45;893.52;893.45;893.52;0.29;259.49;893.48
25.01.2017 19:28;893.5;893.5;893.5;893.5;11.62;10378.39;893.5
25.01.2017 19:29;893.48;893.48;893.44;893.44;18.29;16339.63;893.48
25.01.2017 19:30;0;0;0;0;0;0;0
25.01.2017 19:31;893.4;893.48;893.3;893.48;2.49;2225.13;893.38
25.01.2017 19:32;0;0;0;0;0;0;0
25.01.2017 19:33;893.44;893.44;893.44;893.44;0.02;17.87;893.44
25.01.2017 19:34;893.5;894.65;893.14;894.59;25.11;22440.61;893.71
25.01.2017 19:35;894.59;894.66;894.57;894.62;4.66;4169.94;894.61
25.01.2017 19:36;0;0;0;0;0;0;0
25.01.2017 19:37;894.51;894.7;894.51;894.7;0.04;35.01;894.65
25.01.2017 19:38;894.66;894.7;894.66;894.7;1.01;905.51;894.66
25.01.2017 19:39;894.62;894.7;894.6;894.7;0.93;828.69;894.7
25.01.2017 19:40;893.83;893.83;893.62;893.62;5;4468.22;893.64
25.01.2017 19:41;893.62;894.37;893.62;894.37;1.13;1011.11;893.78
25.01.2017 19:42;894.27;894.27;894.27;894.27;0.02;19.67;894.27
25.01.2017 19:43;894.05;894.05;894.05;894.05;0.05;44.95;894.05
25.01.2017 19:44;893.88;893.88;893.73;893.73;3.47;3104.53;893.74
25.01.2017 19:45;893.13;893.69;893.13;893.64;0.12;108.97;893.27
25.01.2017 19:46;893.18;893.18;893.15;893.15;48.84;43624.73;893.18
25.01.2017 19:47;893.15;893.96;893;893.96;2.99;2670.84;893.31
25.01.2017 19:48;893.14;893.95;893.14;893.9;0.09;83.75;893.86
25.01.2017 19:49;893.9;893.9;893.85;893.85;1.22;1088.9;893.85
25.01.2017 19:50;893.08;893.08;893.07;893.08;0.82;733.55;893.08
25.01.2017 19:51;893.08;893.91;893.02;893.91;4.22;3773.71;893.53
25.01.2017 19:52;0;0;0;0;0;0;0
25.01.2017 19:53;893.91;893.91;893.91;893.91;0.11;101.6;893.91
25.01.2017 19:54;893.91;893.91;893.91;893.91;0.02;17.11;893.91
25.01.2017 19:55;893.91;893.91;893.91;893.91;1.31;1171.86;893.91
25.01.2017 19:56;0;0;0;0;0;0;0
25.01.2017 19:57;0;0;0;0;0;0;0
25.01.2017 19:58;893.87;893.87;893.87;893.87;0.41;366.79;893.87
25.01.2017 19:59;893.82;893.82;893.16;893.16;3.13;2794.93;893.18
25.01.2017 20:00;0;0;0;0;0;0;0
25.01.2017 20:01;893.89;893.9;893.89;893.9;2.03;1814.6;893.89
25.01.2017 20:02;893.91;893.92;893.91;893.92;0.24;211.79;893.91
25.01.2017 20:03;893.92;893.92;893.9;893.92;0.32;283.45;893.91
25.01.2017 20:04;893.92;893.92;893.92;893.92;0.03;25.51;893.92
25.01.2017 20:05;893.96;893.96;893.96;893.96;0.04;35.76;893.96
25.01.2017 20:06;893.96;893.96;893.96;893.96;0.12;106.83;893.96
25.01.2017 20:07;893.96;894;893.96;894;0.06;53.64;893.96
25.01.2017 20:08;894;894;894;894;0.08;71.52;894
25.01.2017 20:09;894;894;893.95;893.95;1.21;1077.36;893.99
25.01.2017 20:10;894;894;894;894;0.17;149.33;894
25.01.2017 20:11;894;894;893.95;893.95;2.15;1919.95;893.95
25.01.2017 20:12;893.99;893.99;893.99;893.99;0.04;35.76;893.99
25.01.2017 20:13;893.99;893.99;893.99;893.99;0.31;272.99;893.99
25.01.2017 20:14;893.99;893.99;893.89;893.89;0.29;260.62;893.9
25.01.2017 20:15;893.95;893.95;893.95;893.95;0.02;17.88;893.95
25.01.2017 20:16;893.31;893.94;893.31;893.94;0.24;210.19;893.85
25.01.2017 20:17;893.41;893.85;893.14;893.85;0.24;215.06;893.45
25.01.2017 20:18;893.27;893.27;893.27;893.27;0.04;39.6;893.27
25.01.2017 20:19;893.73;893.73;893;893;3.17;2828;893.09
25.01.2017 20:20;893;893.49;893;893.49;6.51;5817.21;893.25
25.01.2017 20:21;893;893.05;892.99;892.99;4.74;4232.74;893.04
25.01.2017 20:22;893.15;893.15;893.15;893.15;0.14;127.31;893.15
25.01.2017 20:23;893.46;893.46;892.91;892.91;0.38;342.06;893.43
25.01.2017 20:24;892.95;892.95;892.89;892.89;2.45;2184.85;892.9
25.01.2017 20:25;892.9;892.9;892.89;892.89;0.14;124.5;892.89
25.01.2017 20:26;892.9;892.9;892.89;892.89;10.02;8943.24;892.9
25.01.2017 20:27;892.9;892.9;892.89;892.9;1.21;1083.66;892.89
25.01.2017 20:28;892.9;893.47;892.89;892.89;0.06;51.65;893.11
25.01.2017 20:29;893.39;893.39;893.39;893.39;0.29;257.57;893.39
25.01.2017 20:30;893.36;893.36;892.97;892.97;0.14;121.29;893.33
25.01.2017 20:31;892.9;892.9;892.9;892.9;0.08;71.43;892.9
25.01.2017 20:32;892.9;893.57;892.9;893.52;0.04;35.73;893.35
25.01.2017 20:33;893.42;893.42;893.42;893.42;0.35;313.8;893.42
25.01.2017 20:34;893.4;893.4;893.38;893.38;2.01;1795.73;893.4
25.01.2017 20:35;0;0;0;0;0;0;0
25.01.2017 20:36;893.42;893.42;893.41;893.41;0.08;74.02;893.42
25.01.2017 20:37;893.89;893.89;893.89;893.89;0.19;171.21;893.89
25.01.2017 20:38;0;0;0;0;0;0;0
25.01.2017 20:39;893.4;893.4;893.15;893.15;0.51;456.75;893.26
25.01.2017 20:40;893.38;893.38;893.38;893.38;0.01;8.93;893.38
25.01.2017 20:41;893.4;893.4;893.4;893.4;0.06;53.6;893.4
25.01.2017 20:42;893.4;893.4;893.4;893.4;0.02;21.59;893.4
25.01.2017 20:43;893.85;893.85;893.85;893.85;0.01;8.94;893.85
25.01.2017 20:44;893.86;893.86;893.86;893.86;0.06;53.63;893.86
25.01.2017 20:45;893.86;893.86;893.86;893.86;1.26;1125.54;893.86
25.01.2017 20:46;893.85;893.86;893.85;893.86;0.43;380.6;893.85
25.01.2017 20:47;893.86;893.86;893.86;893.86;0.45;400.44;893.86
25.01.2017 20:48;893.86;893.86;893.85;893.86;0.1;89.39;893.86
25.01.2017 20:49;893.86;893.86;893.86;893.86;0.17;148.95;893.86
25.01.2017 20:50;893.86;893.86;893.85;893.86;3.08;2753.06;893.85
25.01.2017 20:51;893.86;893.86;893.86;893.86;0.28;253.15;893.86
25.01.2017 20:52;893.85;893.86;893.85;893.86;0.35;312.09;893.85
25.01.2017 20:53;893.86;893.86;893.85;893.85;2.95;2640.56;893.86
25.01.2017 20:54;893.86;893.87;893.86;893.87;0.27;238.72;893.86
25.01.2017 20:55;893.87;893.87;893.87;893.87;0.22;192.57;893.87
25.01.2017 20:56;893.86;893.87;893.85;893.87;0.83;739.94;893.85
25.01.2017 20:57;893.86;893.87;893.85;893.85;3.68;3288.96;893.85
25.01.2017 20:58;893.85;893.98;892.92;892.92;1.96;1753.27;893.47
25.01.2017 20:59;892.91;892.91;892.91;892.91;0.55;486.84;892.91
25.01.2017 21:00;893.93;893.99;893.93;893.99;0.56;499.35;893.97
25.01.2017 21:01;893.99;894;893.9;894;0.1;85.3;893.98
25.01.2017 21:02;893.91;893.96;893.91;893.91;17.48;15625.39;893.93
25.01.2017 21:03;893.85;893.85;893.83;893.85;15.77;14097.1;893.83
25.01.2017 21:04;893.81;893.81;893.3;893.38;1.71;1523.95;893.59
25.01.2017 21:05;893.38;893.83;893.38;893.83;0.99;885.54;893.54
25.01.2017 21:06;893.81;893.86;893.76;893.86;10.5;9382.79;893.83
25.01.2017 21:07;893.74;893.86;893.74;893.86;1;893.86;893.86
25.01.2017 21:08;893.85;893.86;893.85;893.86;6.64;5935.23;893.86
25.01.2017 21:09;0;0;0;0;0;0;0
25.01.2017 21:10;893.43;893.85;893.43;893.85;0.28;254.37;893.81
25.01.2017 21:11;0;0;0;0;0;0;0
25.01.2017 21:12;0;0;0;0;0;0;0
25.01.2017 21:13;893.83;893.85;893.83;893.85;0.03;26.82;893.84
25.01.2017 21:14;893.85;893.86;893.85;893.86;0.2;181.4;893.86
25.01.2017 21:15;893.83;893.83;893.35;893.82;0.35;315.56;893.71
25.01.2017 21:16;893.8;893.82;893.8;893.82;0.04;35.31;893.81
25.01.2017 21:17;893.77;893.77;893.77;893.77;0.58;517.16;893.77
25.01.2017 21:18;0;0;0;0;0;0;0
25.01.2017 21:19;893.73;893.73;893.73;893.73;0.01;8.94;893.73
25.01.2017 21:20;893.74;893.82;893.74;893.78;2.42;2163.23;893.82
25.01.2017 21:21;893.76;893.76;893.76;893.76;30;26812.8;893.76
25.01.2017 21:22;893.79;893.79;893.49;893.49;3.4;3037.99;893.55
25.01.2017 21:23;893.82;893.82;893.76;893.82;0.46;406.86;893.82
25.01.2017 21:24;893.81;893.81;893.81;893.81;0.23;201.18;893.81
25.01.2017 21:25;893.81;893.82;893.79;893.81;0.44;389.23;893.82
25.01.2017 21:26;893.82;893.82;893.82;893.82;6.12;5470.18;893.82
25.01.2017 21:27;893.26;893.82;893.24;893.82;1.1;982.71;893.59
25.01.2017 21:28;893.76;893.82;893.76;893.82;0.61;542.66;893.82
25.01.2017 21:29;0;0;0;0;0;0;0
25.01.2017 21:30;893.86;893.86;893.86;893.86;0.03;24.31;893.86
25.01.2017 21:31;0;0;0;0;0;0;0
25.01.2017 21:32;0;0;0;0;0;0;0
25.01.2017 21:33;0;0;0;0;0;0;0
25.01.2017 21:34;893.79;893.79;893.77;893.77;0.6;534.59;893.77
25.01.2017 21:35;893.72;893.85;893.71;893.85;0.39;344.59;893.75
25.01.2017 21:36;893.85;893.86;893.82;893.86;0.15;134.63;893.85
25.01.2017 21:37;0;0;0;0;0;0;0
25.01.2017 21:38;893.82;893.86;893.82;893.86;0.14;125.14;893.85
25.01.2017 21:39;893.85;893.85;893.85;893.85;0.15;130.27;893.85
25.01.2017 21:40;893.85;893.85;893.8;893.8;0.77;689.75;893.82
25.01.2017 21:41;893.85;893.85;893.85;893.85;0.09;79.81;893.85
25.01.2017 21:42;893.76;893.76;893.76;893.76;5;4468.8;893.76
25.01.2017 21:43;893.76;893.76;893.76;893.76;0.54;482.63;893.76
25.01.2017 21:44;893.77;893.77;893.22;893.76;10.32;9222.07;893.36
25.01.2017 21:45;893.71;893.71;893.71;893.71;0.49;438.65;893.71
25.01.2017 21:46;893.71;893.71;893.71;893.71;0.28;249.07;893.71
25.01.2017 21:47;893.71;893.71;893.22;893.22;2.86;2551.16;893.23
25.01.2017 21:48;893.62;893.62;893.22;893.5;0.45;404.49;893.3
25.01.2017 21:49;893.47;893.47;893.47;893.47;0.61;544.26;893.47
25.01.2017 21:50;893.47;893.47;893.47;893.47;0.71;634.21;893.47
25.01.2017 21:51;893.47;893.47;893.47;893.47;0.4;357.02;893.47
25.01.2017 21:52;893.47;893.47;893.47;893.47;1.58;1413.03;893.47
25.01.2017 21:53;893.47;893.47;893.47;893.47;0.59;531.37;893.47
25.01.2017 21:54;893.33;893.47;893.33;893.47;1.19;1065.88;893.47
25.01.2017 21:55;893.47;893.47;893.46;893.46;0.88;789.71;893.47
25.01.2017 21:56;893.52;893.52;893.24;893.24;0.91;817.21;893.48
25.01.2017 21:57;893.52;893.52;893.23;893.23;15.02;13417.22;893.48
25.01.2017 21:58;893.23;893.23;893.22;893.22;6.32;5643.75;893.23
25.01.2017 21:59;892.91;893.22;892.91;893.22;1.87;1667.15;893
25.01.2017 22:00;892.91;893.22;892.9;893.22;5.75;5135.77;892.93
25.01.2017 22:01;893.23;893.53;893.23;893.53;2;1786.96;893.48
25.01.2017 22:02;893.48;893.48;893.48;893.48;1.07;952.2;893.48
25.01.2017 22:03;893.53;893.84;893.53;893.8;0.45;402.66;893.81
25.01.2017 22:04;893.79;893.79;893.79;893.79;1.27;1139.28;893.79
25.01.2017 22:05;893.78;893.78;893.78;893.78;0.02;21.13;893.78
25.01.2017 22:06;893.78;893.78;893.78;893.78;0.06;54.43;893.78
25.01.2017 22:07;893.78;893.78;893.78;893.78;10.1;9026.46;893.78
25.01.2017 22:08;892.98;893.75;892.98;893.75;0.11;100.78;893.64
25.01.2017 22:09;893.74;893.74;893.74;893.74;0.02;17.87;893.74
25.01.2017 22:10;893.64;893.64;893.62;893.62;0.27;240.87;893.63
25.01.2017 22:11;893.55;893.55;893.55;893.55;5;4467.75;893.55
25.01.2017 22:12;893.54;893.54;892.59;892.61;24.85;22193.74;892.95
25.01.2017 22:13;893.01;893.01;892.52;892.55;14;12497.13;892.65
25.01.2017 22:14;892.55;893.18;892.55;892.62;6.62;5912.08;892.69
25.01.2017 22:15;892.61;893.31;892.52;893.31;4.04;3604.71;892.7
25.01.2017 22:16;893.24;893.36;892.52;893.35;3.38;3022.11;893.24
25.01.2017 22:17;893.35;893.35;893.31;893.31;0.56;502.16;893.31
25.01.2017 22:18;893.24;893.35;892.52;892.52;8.52;7608.45;892.95
25.01.2017 22:19;892.52;893.21;892.51;893.05;5.37;4796.87;893.07
25.01.2017 22:20;893.03;893.19;893;893.19;0.12;105.39;893.13
25.01.2017 22:21;892.52;893.09;892.52;893.09;20.11;17963.8;893.09
25.01.2017 22:22;893.21;893.36;892.55;893.35;10.03;8962.38;893.31
25.01.2017 22:23;893.35;893.35;893.27;893.27;7.13;6368.85;893.35
25.01.2017 22:24;893.36;893.36;893.35;893.35;0.65;583.25;893.35
25.01.2017 22:25;893.32;893.57;893.32;893.57;0.04;36.63;893.51
25.01.2017 22:26;893.56;893.57;893.56;893.57;0.99;883.74;893.57
25.01.2017 22:27;893.86;893.86;893.86;893.86;0.02;14.09;893.86
25.01.2017 22:28;0;0;0;0;0;0;0
25.01.2017 22:29;893.83;893.86;893.82;893.86;0.26;232.26;893.86
25.01.2017 22:30;893.86;893.86;893.86;893.86;0.31;280.55;893.86
25.01.2017 22:31;893.82;893.86;893.82;893.86;0.09;84.52;893.86
25.01.2017 22:32;893.57;893.57;893.57;893.57;0.02;14.74;893.57
25.01.2017 22:33;893.57;893.57;893.57;893.57;0.03;24.32;893.57
25.01.2017 22:34;893.79;893.86;893.79;893.86;0.15;138.29;893.86
25.01.2017 22:35;893.86;893.86;893.86;893.86;3.4;3042.28;893.86
25.01.2017 22:36;893.86;893.86;893.86;893.86;0.23;207.21;893.86
25.01.2017 22:37;893.86;893.86;893.86;893.86;0.11;100.96;893.86
25.01.2017 22:38;893.86;893.86;893.16;893.16;2.85;2544.67;893.54
25.01.2017 22:39;893.16;893.83;893.16;893.83;0.24;214.64;893.78
25.01.2017 22:40;0;0;0;0;0;0;0
25.01.2017 22:41;893.84;893.84;893.84;893.84;0.02;14.56;893.84
25.01.2017 22:42;0;0;0;0;0;0;0
25.01.2017 22:43;893.84;893.84;893.84;893.84;0.08;69.43;893.84
25.01.2017 22:44;0;0;0;0;0;0;0
25.01.2017 22:45;893.83;893.84;893.83;893.84;0.34;306.4;893.83
25.01.2017 22:46;893.84;893.84;893.84;893.84;0.16;147.26;893.84
25.01.2017 22:47;0;0;0;0;0;0;0
25.01.2017 22:48;893.84;893.86;893.84;893.86;0.4;360.89;893.84
25.01.2017 22:49;893.86;893.86;893.86;893.86;0.54;481.05;893.86
25.01.2017 22:50;893.86;893.86;893.86;893.86;0.3;271.31;893.86
25.01.2017 22:51;0;0;0;0;0;0;0
25.01.2017 22:52;893.86;893.86;893.86;893.86;0.13;115.41;893.86
25.01.2017 22:53;893.86;893.86;893.86;893.86;0.18;161.43;893.86
25.01.2017 22:54;893.84;893.86;893.84;893.86;0.18;158.4;893.86
25.01.2017 22:55;893.86;893.86;893.83;893.86;3.08;2751.47;893.84
25.01.2017 22:56;893.86;893.86;893.86;893.86;0.19;169.11;893.86
25.01.2017 22:57;893.86;893.86;893.86;893.86;0.03;27.81;893.86
25.01.2017 22:58;893.84;893.86;893.84;893.86;0.3;268.44;893.86
25.01.2017 22:59;893.86;893.86;893.39;893.86;0.15;130.88;893.64
25.01.2017 23:00;893.52;893.86;893.52;893.86;2.05;1828.49;893.86
25.01.2017 23:01;893.76;893.86;893.76;893.86;0.25;227.01;893.85
25.01.2017 23:02;893.86;893.86;893.86;893.86;0.02;14.31;893.86
25.01.2017 23:03;893.7;893.86;893.7;893.86;0.52;460.6;893.85
25.01.2017 23:04;0;0;0;0;0;0;0
25.01.2017 23:05;893.58;893.58;893.58;893.58;0.02;14.3;893.58
25.01.2017 23:06;0;0;0;0;0;0;0
25.01.2017 23:07;0;0;0;0;0;0;0
25.01.2017 23:08;893.46;893.46;893.22;893.22;0.79;701.68;893.29
25.01.2017 23:09;893.85;893.85;893.85;893.85;0.33;299.28;893.85
25.01.2017 23:10;893.2;893.2;893.16;893.16;4.11;3671.68;893.16
25.01.2017 23:11;893.16;893.16;893.16;893.16;3.67;3280.76;893.16
25.01.2017 23:12;0;0;0;0;0;0;0
25.01.2017 23:13;892.68;892.68;892.68;892.68;1.87;1667.44;892.68
25.01.2017 23:14;892.56;892.56;892.56;892.56;0.01;10.58;892.56
25.01.2017 23:15;893.03;893.03;893.03;893.03;0.03;22.66;893.03
25.01.2017 23:16;0;0;0;0;0;0;0
25.01.2017 23:17;892.98;893.11;892.64;892.64;0.03;24.17;892.87
25.01.2017 23:18;0;0;0;0;0;0;0
25.01.2017 23:19;892.74;892.74;892.74;892.74;0.01;8.93;892.74
25.01.2017 23:20;892.6;892.6;892.6;892.6;0.01;5.21;892.6
25.01.2017 23:21;892.74;892.74;892.56;892.74;1.21;1077.33;892.57
25.01.2017 23:22;893.1;893.19;893.08;893.19;7.58;6774.06;893.19
25.01.2017 23:23;893.18;893.19;892.86;892.86;0.15;130.11;892.89
25.01.2017 23:24;893.19;893.3;893.18;893.3;3.7;3306.69;893.2
25.01.2017 23:25;893.32;893.32;892.92;892.92;0.21;189.37;893.25
25.01.2017 23:26;893.79;893.79;893.79;893.79;0.21;189.64;893.79
25.01.2017 23:27;893.77;893.77;893.77;893.77;0.46;408.44;893.77
25.01.2017 23:28;892.6;892.95;892.6;892.95;0.14;125.34;892.61
25.01.2017 23:29;892.73;892.95;892.73;892.95;0.02;20.5;892.8
25.01.2017 23:30;0;0;0;0;0;0;0
25.01.2017 23:31;0;0;0;0;0;0;0
25.01.2017 23:32;892.66;892.66;892.66;892.66;0.01;10.64;892.66
25.01.2017 23:33;893.36;893.36;892.99;892.99;0.03;27.13;893.18
25.01.2017 23:34;893.53;893.53;893.53;893.53;0.01;10.25;893.53
25.01.2017 23:35;893.53;893.53;893.41;893.41;0.13;116.99;893.52
25.01.2017 23:36;0;0;0;0;0;0;0
25.01.2017 23:37;893.72;893.72;893.72;893.72;0.03;27.1;893.72
25.01.2017 23:38;0;0;0;0;0;0;0
25.01.2017 23:39;892.93;892.93;892.93;892.93;0.01;8.93;892.93
25.01.2017 23:40;893.08;893.08;893.08;893.08;0.02;13.94;893.08
25.01.2017 23:41;0;0;0;0;0;0;0
25.01.2017 23:42;893.33;893.33;893.33;893.33;0.15;132.42;893.33
25.01.2017 23:43;893.67;893.67;893.63;893.63;0.03;24.11;893.65
25.01.2017 23:44;893.56;893.57;893.56;893.57;0.01;10.25;893.56
25.01.2017 23:45;0;0;0;0;0;0;0
25.01.2017 23:46;893.24;893.27;893.24;893.27;0.02;16.81;893.26
25.01.2017 23:47;893.53;893.53;893.53;893.53;0.37;329.51;893.53
25.01.2017 23:48;892.87;893.67;892.87;893.67;0.19;166.63;893.6
25.01.2017 23:49;893.64;893.64;893.64;893.64;0.02;13.77;893.64
25.01.2017 23:50;0;0;0;0;0;0;0
25.01.2017 23:51;893.57;893.57;893.57;893.57;0.49;442.22;893.57
25.01.2017 23:52;893.14;893.14;893.14;893.14;0.02;13.76;893.14
25.01.2017 23:53;0;0;0;0;0;0;0
25.01.2017 23:54;0;0;0;0;0;0;0
25.01.2017 23:55;893.68;893.68;893.68;893.68;0.02;22.08;893.68
25.01.2017 23:56;893.68;893.68;893.68;893.68;0.02;13.68;893.68
25.01.2017 23:57;893.71;893.71;893.71;893.71;0.02;22.01;893.71
25.01.2017 23:58;893.43;893.43;893.43;893.43;0.01;9.03;893.43
25.01.2017 23:59;0;0;0;0;0;0;0
26.01.2017 00:00;893.25;893.43;893.25;893.43;7.12;6363.26;893.43
26.01.2017 00:01;893.43;893.43;893.32;893.43;22.39;20002;893.39
26.01.2017 00:02;893.43;893.86;893.43;893.86;44.03;39340.96;893.56
26.01.2017 00:03;893.86;893.86;893.86;893.86;5.05;4514.37;893.86
26.01.2017 00:04;893.86;894.09;893.79;893.79;15.77;14095.67;893.87
26.01.2017 00:05;894.09;894.28;894.09;894.28;1.85;1654.49;894.18
26.01.2017 00:06;894.28;894.6;894.28;894.6;2.01;1793.84;894.33
26.01.2017 00:07;894.6;894.6;894.59;894.59;48.98;43819.97;894.6
26.01.2017 00:08;894.58;894.6;894.58;894.6;1.57;1402.73;894.6
26.01.2017 00:09;894.6;894.6;894.6;894.6;0.02;13.55;894.6
26.01.2017 00:10;894.58;894.7;894.58;894.7;7.88;7049.03;894.58
26.01.2017 00:11;894.69;894.69;894.69;894.69;0.34;307.31;894.69
26.01.2017 00:12;894.69;894.7;894.69;894.7;24.79;22179.66;894.69
26.01.2017 00:13;894.69;895.25;894.69;895.25;6.39;5721.04;894.89
26.01.2017 00:14;895.25;895.59;895.25;895.59;6.55;5867.27;895.44
26.01.2017 00:15;895.62;895.62;895.62;895.62;0.01;9.49;895.62
26.01.2017 00:16;895.62;895.65;895.56;895.56;37.68;33747.15;895.56
26.01.2017 00:17;895.56;895.56;895.56;895.56;0.62;550.87;895.56
26.01.2017 00:18;895.56;895.56;895.55;895.55;0.35;309.57;895.55
26.01.2017 00:19;895.55;895.56;895.55;895.56;2.12;1898.69;895.56
26.01.2017 00:20;895.59;895.65;894.2;895.65;29.3;26221.9;895.03
26.01.2017 00:21;895.7;895.85;895.7;895.85;3.09;2770.77;895.82
26.01.2017 00:22;895.85;895.85;895.85;895.85;0.25;223.17;895.85
26.01.2017 00:23;895.85;896.04;895.73;896.04;57.27;51312.71;895.94
26.01.2017 00:24;896.08;896.08;896.04;896.04;0.14;123.31;896.08
26.01.2017 00:25;896.07;896.07;896.07;896.07;30;26882.1;896.07
26.01.2017 00:26;896.07;896.07;896.07;896.07;1.29;1155.76;896.07
26.01.2017 00:27;896.07;896.07;896.07;896.07;0.15;135.37;896.07
26.01.2017 00:28;0;0;0;0;0;0;0
26.01.2017 00:29;895.9;896.07;895.9;895.9;9.62;8618.87;895.9
26.01.2017 00:30;0;0;0;0;0;0;0
26.01.2017 00:31;0;0;0;0;0;0;0
26.01.2017 00:32;0;0;0;0;0;0;0
26.01.2017 00:33;0;0;0;0;0;0;0
26.01.2017 00:34;895.9;895.9;895.9;895.9;0.44;398.33;895.9
26.01.2017 00:35;896.06;896.06;896.06;896.06;0.5;448.03;896.06
26.01.2017 00:36;896.05;896.05;895.9;895.9;12.23;10957.62;895.98
26.01.2017 00:37;895.75;895.75;895.67;895.67;9.27;8306.86;895.68
26.01.2017 00:38;895.67;895.91;895.64;895.91;0.36;320.35;895.72
26.01.2017 00:39;0;0;0;0;0;0;0
26.01.2017 00:40;0;0;0;0;0;0;0
26.01.2017 00:41;896.03;896.03;896;896;1.68;1509.77;896.02
26.01.2017 00:42;895.97;895.97;895.97;895.97;3.52;3153.77;895.97
26.01.2017 00:43;0;0;0;0;0;0;0
26.01.2017 00:44;895.91;895.91;895.91;895.91;2;1791.82;895.91
26.01.2017 00:45;895.7;895.91;895.7;895.91;0.34;306.88;895.9
26.01.2017 00:46;895.91;895.91;895.91;895.91;0.19;173.76;895.91
26.01.2017 00:47;895.68;895.85;895.68;895.8;5.24;4690.34;895.69
26.01.2017 00:48;895.8;895.82;895.8;895.82;2.3;2060.37;895.81
26.01.2017 00:49;896.06;896.06;896.06;896.06;0.08;75.35;896.06
26.01.2017 00:50;896.07;896.07;896.06;896.06;6.03;5405.79;896.06
26.01.2017 00:51;896.06;896.06;896.06;896.06;0.03;29.57;896.06
26.01.2017 00:52;896.05;896.06;896.05;896.06;7.09;6351.28;896.06
26.01.2017 00:53;896.06;896.06;896.06;896.06;0.16;139.79;896.06
26.01.2017 00:54;896.05;896.05;895.98;895.98;12.17;10908.68;896.05
26.01.2017 00:55;0;0;0;0;0;0;0
26.01.2017 00:56;895.92;895.92;895.89;895.89;5.24;4693.72;895.92
26.01.2017 00:57;895.86;895.86;895.86;895.86;1;895.86;895.86
26.01.2017 00:58;0;0;0;0;0;0;0
26.01.2017 00:59;0;0;0;0;0;0;0
26.01.2017 01:00;895.86;895.86;895.86;895.86;0.02;21.5;895.86
26.01.2017 01:01;895.86;895.86;895.86;895.86;0.05;43.9;895.86
26.01.2017 01:02;895.86;895.86;895.86;895.86;0.01;13.21;895.86
26.01.2017 01:03;0;0;0;0;0;0;0
26.01.2017 01:04;895.86;895.86;895.86;895.86;3.83;3428.35;895.86
26.01.2017 01:05;0;0;0;0;0;0;0
26.01.2017 01:06;895.86;895.86;895.86;895.86;1;895.86;895.86
26.01.2017 01:07;895.86;895.86;895.85;895.85;12.19;10917.42;895.86
26.01.2017 01:08;0;0;0;0;0;0;0
26.01.2017 01:09;895.84;895.87;895.84;895.87;0.03;23.46;895.85
26.01.2017 01:10;895.76;895.87;895.76;895.87;6.32;5657.78;895.77
26.01.2017 01:11;896.05;896.07;896.05;896.07;33.19;29739.93;896.07
26.01.2017 01:12;896.07;896.07;896.07;896.07;1.79;1606.19;896.07
26.01.2017 01:13;896.07;896.07;896.07;896.07;0.06;54.63;896.07
26.01.2017 01:14;895.91;896.07;895.91;896.07;0.75;674.59;895.93
26.01.2017 01:15;895.9;896.08;895.9;896.08;3.47;3113.37;896
26.01.2017 01:16;895.99;896.17;895.99;896.17;1.03;922.45;896.15
26.01.2017 01:17;896.17;896.21;896.17;896.21;0.57;513.89;896.19
26.01.2017 01:18;896.28;896.35;896.28;896.35;1.77;1590.17;896.33
26.01.2017 01:19;896.35;896.4;896.35;896.4;0.32;289.56;896.36
26.01.2017 01:20;896.4;896.93;896.26;896.93;15.68;14053.67;896.52
26.01.2017 01:21;896.95;897.06;896.95;897.03;1.17;1049.69;896.99
26.01.2017 01:22;897.06;897.38;897.06;897.38;9;8072.28;897.34
26.01.2017 01:23;897.39;897.39;897.39;897.39;0.12;106.79;897.39
26.01.2017 01:24;897.42;897.56;897.39;897.39;1.23;1104.98;897.49
26.01.2017 01:25;897.56;897.62;896.33;896.33;0.35;314.57;897.53
26.01.2017 01:26;897.61;897.62;897.61;897.62;0.13;118.49;897.62
26.01.2017 01:27;897.62;897.62;897.62;897.62;0.1;90.39;897.62
26.01.2017 01:28;897.62;897.62;897.62;897.62;0.13;118.59;897.62
26.01.2017 01:29;897.62;897.62;897.62;897.62;0.04;35.01;897.62
26.01.2017 01:30;897.62;897.7;897.25;897.25;1.03;928.19;897.37
26.01.2017 01:31;897.7;898;897.7;898;1.19;1066.92;897.9
26.01.2017 01:32;898.01;899;898.01;899;18.34;16473.1;898.35
26.01.2017 01:33;899;899.02;899;899.02;6.28;5642.23;899.02
26.01.2017 01:34;899.05;899.89;899.05;899.89;11.65;10476.38;899.47
26.01.2017 01:35;899.99;900.02;899.99;900.02;10.07;9065.17;900.01
26.01.2017 01:36;900.02;900.54;899.87;899.87;14.18;12758.12;900.02
26.01.2017 01:37;899.97;899.97;899.97;899.97;1.3;1169.96;899.97
26.01.2017 01:38;899.86;899.86;899.86;899.86;3.76;3383.92;899.86
26.01.2017 01:39;0;0;0;0;0;0;0
26.01.2017 01:40;900.01;900.01;900.01;900.01;0.3;270;900.01
26.01.2017 01:41;900;900;900;900;8.3;7471.78;900
26.01.2017 01:42;899.99;900.01;899.99;900.01;1.19;1074.8;900.01
26.01.2017 01:43;899.9;900.01;899.85;900.01;8.73;7858.38;899.9
26.01.2017 01:44;900.01;900.01;900.01;900.01;5;4500.05;900.01
26.01.2017 01:45;900.01;900.01;899.86;900.01;5.5;4945.84;900.01
26.01.2017 01:46;900.01;900.01;898.83;898.83;8.33;7494.61;899.84
26.01.2017 01:47;0;0;0;0;0;0;0
26.01.2017 01:48;899.76;899.76;898.87;898.87;0.11;96.7;899.03
26.01.2017 01:49;899.57;899.57;898.81;898.81;6.73;6046.28;898.84
26.01.2017 01:50;0;0;0;0;0;0;0
26.01.2017 01:51;899.21;899.21;899.21;899.21;0.02;21.22;899.21
26.01.2017 01:52;899.61;899.61;899.61;899.61;0.29;258.5;899.61
26.01.2017 01:53;899.63;899.63;899.63;899.63;1.38;1236.99;899.63
26.01.2017 01:54;899.68;899.68;899.68;899.68;0.14;129.68;899.68
26.01.2017 01:55;0;0;0;0;0;0;0
26.01.2017 01:56;899.67;900.01;899.67;900.01;3.49;3136.34;899.81
26.01.2017 01:57;900.01;900.54;900.01;900.01;38.65;34788.6;900.02
26.01.2017 01:58;899.89;900;899.89;900;1.85;1660.46;899.98
26.01.2017 01:59;0;0;0;0;0;0;0
26.01.2017 02:00;899.97;899.97;899.97;899.97;0.05;40.69;899.97
26.01.2017 02:01;899.82;900;899.82;900;5;4499.97;899.99
26.01.2017 02:02;900;900.54;900;900.54;2;1800.2;900.1
26.01.2017 02:03;0;0;0;0;0;0;0
26.01.2017 02:04;900.54;900.74;900.54;900.74;2;1801.32;900.66
26.01.2017 02:05;900.47;900.47;900.47;900.47;0.09;76.79;900.47
26.01.2017 02:06;900.74;900.85;900.74;900.85;2;1801.66;900.83
26.01.2017 02:07;0;0;0;0;0;0;0
26.01.2017 02:08;900.74;900.96;900.74;900.96;2;1801.83;900.92
26.01.2017 02:09;900.74;900.74;900.74;900.74;1.03;930.88;900.74
26.01.2017 02:10;899.9;900.74;899.7;899.7;11.9;10709.32;899.94
26.01.2017 02:11;0;0;0;0;0;0;0
26.01.2017 02:12;900.26;900.49;899.74;900.49;4.68;4212.26;900.38
26.01.2017 02:13;899.7;899.7;899.7;899.7;0.23;203.13;899.7
26.01.2017 02:14;900.49;900.5;900.49;900.5;2;1800.98;900.49
26.01.2017 02:15;900.49;900.49;899.22;899.22;3.61;3251.12;900.27
26.01.2017 02:16;900.49;900.49;899.21;899.21;0.36;327.94;900.34
26.01.2017 02:17;899.34;899.36;899.34;899.36;0.25;220.4;899.34
26.01.2017 02:18;899.42;900.49;899.23;899.24;0.71;641.82;899.43
26.01.2017 02:19;0;0;0;0;0;0;0
26.01.2017 02:20;899.21;899.21;899.21;899.21;0.04;32.06;899.21
26.01.2017 02:21;899.22;899.22;899.22;899.22;0.02;19.93;899.22
26.01.2017 02:22;899.24;899.24;899.24;899.24;0.02;22.13;899.24
26.01.2017 02:23;899.22;900.48;899.22;900.48;1.3;1173.55;900.23
26.01.2017 02:24;899.29;899.35;899.29;899.35;3.41;3065.01;899.34
26.01.2017 02:25;899.47;899.55;899.47;899.55;0.14;126.81;899.54
26.01.2017 02:26;899.64;899.64;899.48;899.48;0.4;356.07;899.53
26.01.2017 02:27;900.41;900.41;898.86;898.86;8.66;7786.18;899.53
26.01.2017 02:28;898.9;898.9;898.9;898.9;0.33;299.21;898.9
26.01.2017 02:29;898.86;898.86;898.86;898.86;0.04;39.83;898.86
26.01.2017 02:30;898.86;898.86;898.86;898.86;23.08;20748.93;898.86
26.01.2017 02:31;898.99;898.99;898.99;898.99;1.2;1078.79;898.99
26.01.2017 02:32;898.99;898.99;898.85;898.85;0.26;236.35;898.96
26.01.2017 02:33;898.99;898.99;898.86;898.99;0.25;226.01;898.93
26.01.2017 02:34;0;0;0;0;0;0;0
26.01.2017 02:35;898.86;898.86;898.86;898.86;0.02;19.99;898.86
26.01.2017 02:36;0;0;0;0;0;0;0
26.01.2017 02:37;899.24;899.24;898.85;898.85;0.28;249.78;898.87
26.01.2017 02:38;899.2;899.2;899.2;899.2;0.18;160.85;899.2
26.01.2017 02:39;0;0;0;0;0;0;0
26.01.2017 02:40;0;0;0;0;0;0;0
26.01.2017 02:41;898.85;898.85;898.31;898.31;6.56;5898.9;898.68
26.01.2017 02:42;0;0;0;0;0;0;0
26.01.2017 02:43;0;0;0;0;0;0;0
26.01.2017 02:44;898.46;898.46;898.46;898.46;11.98;10764.45;898.46
26.01.2017 02:45;0;0;0;0;0;0;0
26.01.2017 02:46;898.85;898.85;898.83;898.83;1.04;934.49;898.84
26.01.2017 02:47;0;0;0;0;0;0;0
26.01.2017 02:48;0;0;0;0;0;0;0
26.01.2017 02:49;898.46;898.46;898.46;898.46;0.33;297.31;898.46
26.01.2017 02:50;898.96;898.96;898.34;898.34;13.01;11686.6;898.53
26.01.2017 02:51;898.42;898.85;898.42;898.85;0.08;72.5;898.58
26.01.2017 02:52;0;0;0;0;0;0;0
26.01.2017 02:53;0;0;0;0;0;0;0
26.01.2017 02:54;898.79;898.79;898.79;898.79;0.51;457.39;898.79
26.01.2017 02:55;898.63;898.63;898.39;898.39;0.62;553.93;898.58
26.01.2017 02:56;898.31;898.39;898.31;898.31;10.03;9009.88;898.34
26.01.2017 02:57;898.54;898.54;898.54;898.54;0.01;10.25;898.54
26.01.2017 02:58;898.54;898.54;898.54;898.54;0.1;91.83;898.54
26.01.2017 02:59;0;0;0;0;0;0;0
26.01.2017 03:00;898.54;898.54;898.54;898.54;2;1797.08;898.54
26.01.2017 03:01;898.31;898.31;898.31;898.31;3;2694.93;898.31
26.01.2017 03:02;898.54;898.54;898.31;898.31;3.4;3054.71;898.45
26.01.2017 03:03;0;0;0;0;0;0;0
26.01.2017 03:04;898.31;898.31;898.31;898.31;3.85;3460.29;898.31
26.01.2017 03:05;0;0;0;0;0;0;0
26.01.2017 03:06;0;0;0;0;0;0;0
26.01.2017 03:07;0;0;0;0;0;0;0
26.01.2017 03:08;898.73;898.73;898.73;898.73;0.08;69.55;898.73
26.01.2017 03:09;0;0;0;0;0;0;0
26.01.2017 03:10;898.73;898.73;898.73;898.73;1;898.73;898.73
26.01.2017 03:11;898.73;898.73;898.73;898.73;0.18;164.7;898.73
26.01.2017 03:12;898.64;898.64;898.64;898.64;0.5;449.32;898.64
26.01.2017 03:13;0;0;0;0;0;0;0
26.01.2017 03:14;0;0;0;0;0;0;0
26.01.2017 03:15;898.64;898.64;898.64;898.64;2.68;2409.34;898.64
26.01.2017 03:16;898.3;898.3;898.3;898.3;0.02;17.89;898.3
26.01.2017 03:17;898.3;898.3;897.92;897.92;2.26;2028.63;898.28
26.01.2017 03:18;898.29;898.3;898.29;898.3;7.27;6532.02;898.29
26.01.2017 03:19;898.61;898.79;898.61;898.79;0.22;195.03;898.78
26.01.2017 03:20;898.79;898.79;898.75;898.76;2.53;2271.43;898.78
26.01.2017 03:21;898.76;898.76;898.76;898.76;0.15;138.64;898.76
26.01.2017 03:22;898.76;898.76;898.76;898.76;0.02;18.24;898.76
26.01.2017 03:23;0;0;0;0;0;0;0
26.01.2017 03:24;898.76;898.76;898.76;898.76;1.37;1232.72;898.76
26.01.2017 03:25;898.76;898.76;898.76;898.76;0.94;846.63;898.76
26.01.2017 03:26;0;0;0;0;0;0;0
26.01.2017 03:27;898.06;898.79;898.06;898.79;4.13;3712.95;898.78
26.01.2017 03:28;898.11;898.11;898.11;898.11;0.04;37.37;898.11
26.01.2017 03:29;897.89;897.89;897.89;897.89;0.17;150.01;897.89
26.01.2017 03:30;898.79;898.79;898.79;898.79;5.34;4797.65;898.79
26.01.2017 03:31;898.79;898.79;898.79;898.79;0.76;683.08;898.79
26.01.2017 03:32;897.92;898.79;897.92;898.79;0.33;296.83;898.01
26.01.2017 03:33;897.98;897.98;897.89;897.89;0.04;31.88;897.93
26.01.2017 03:34;898.07;898.15;898.07;898.15;0.1;86.21;898.14
26.01.2017 03:35;0;0;0;0;0;0;0
26.01.2017 03:36;898.8;899;898.8;899;0.78;698.8;898.97
26.01.2017 03:37;898.34;898.43;898.34;898.43;1.18;1064.01;898.42
26.01.2017 03:38;898.49;898.56;897.9;897.9;1.7;1522.88;898.1
26.01.2017 03:39;898.65;898.66;898.64;898.64;1.35;1209.17;898.64
26.01.2017 03:40;898.62;898.69;898.01;898.69;3.01;2706.36;898.53
26.01.2017 03:41;898.71;898.72;898.66;898.68;5.15;4625.46;898.66
26.01.2017 03:42;898.99;898.99;898.34;898.96;4.2;3775;898.8
26.01.2017 03:43;898.68;898.68;898.4;898.4;0.11;103.11;898.54
26.01.2017 03:44;898.43;898.69;897.85;898.69;0.9;806.88;898.21
26.01.2017 03:45;0;0;0;0;0;0;0
26.01.2017 03:46;897.87;897.87;897.87;897.87;1.12;1001.96;897.87
26.01.2017 03:47;898.57;898.57;898.57;898.57;0.01;11.21;898.57
26.01.2017 03:48;898.65;899.07;898.64;899.07;1.85;1662.77;898.83
26.01.2017 03:49;899.03;899.07;899.03;899.07;0.48;434.72;899.03
26.01.2017 03:50;898.72;899.07;898.72;899.07;0.08;72.79;898.92
26.01.2017 03:51;898.8;899.07;898.8;899.07;1.26;1135.8;898.83
26.01.2017 03:52;899.07;899.07;899.07;899.07;0.06;54.21;899.07
26.01.2017 03:53;899.07;899.07;898.56;898.98;0.91;815.74;898.62
26.01.2017 03:54;898.74;898.98;898.74;898.98;3.03;2721.97;898.97
26.01.2017 03:55;899.07;899.07;898.33;898.33;3.94;3536.25;898.35
26.01.2017 03:56;899.08;899.32;899.08;899.08;0.23;206.19;899.13
26.01.2017 03:57;0;0;0;0;0;0;0
26.01.2017 03:58;899.31;899.31;898.92;899.31;7.54;6779.16;899.31
26.01.2017 03:59;899.31;899.31;899.31;899.31;0.11;101.19;899.31
26.01.2017 04:00;899.31;899.31;899.31;899.31;1;896.98;899.31
26.01.2017 04:01;899.31;899.31;899.31;899.31;0.04;31.87;899.31
26.01.2017 04:02;898.95;898.95;898.95;898.95;0.11;99.08;898.95
26.01.2017 04:03;899.31;899.31;899.31;899.31;1;899.31;899.31
26.01.2017 04:04;898.33;898.33;898.33;898.33;0.22;199.94;898.33
26.01.2017 04:05;897.85;898.8;897.85;898.27;7.25;6509.3;898.3
26.01.2017 04:06;898.83;898.83;897.85;897.85;2.35;2111.41;898.3
26.01.2017 04:07;898.73;898.74;898.61;898.61;0.55;495.35;898.72
26.01.2017 04:08;897.92;897.92;897.92;897.92;0.12;107.18;897.92
26.01.2017 04:09;898.28;898.28;897.7;897.7;2.63;2362.75;898.01
26.01.2017 04:10;0;0;0;0;0;0;0
26.01.2017 04:11;898.09;898.09;897.71;897.71;2.34;2098.61;897.87
26.01.2017 04:12;897.71;897.71;897.71;897.71;0.17;156.76;897.71
26.01.2017 04:13;897.71;897.71;897.71;897.71;3.43;3076.92;897.71
26.01.2017 04:14;0;0;0;0;0;0;0
26.01.2017 04:15;0;0;0;0;0;0;0
26.01.2017 04:16;0;0;0;0;0;0;0
26.01.2017 04:17;0;0;0;0;0;0;0
26.01.2017 04:18;897.7;897.7;897.49;897.5;0.43;390.27;897.68
26.01.2017 04:19;897.5;897.7;896.98;897.7;2.85;2562.27;897.61
26.01.2017 04:20;897.7;897.7;897.7;897.7;0.22;197.24;897.7
26.01.2017 04:21;897.71;897.71;897.71;897.71;0.66;590.19;897.71
26.01.2017 04:22;897.71;897.71;897.71;897.71;2.34;2104.93;897.71
26.01.2017 04:23;0;0;0;0;0;0;0
26.01.2017 04:24;897.56;897.56;897.56;897.56;0.03;27.07;897.56
26.01.2017 04:25;0;0;0;0;0;0;0
26.01.2017 04:26;897.71;897.71;897.71;897.71;0.26;232.83;897.71
26.01.2017 04:27;0;0;0;0;0;0;0
26.01.2017 04:28;897.7;897.7;897.7;897.7;1.74;1561.34;897.7
26.01.2017 04:29;897.7;897.7;897.7;897.7;0.04;33.53;897.7
26.01.2017 04:30;0;0;0;0;0;0;0
26.01.2017 04:31;897.7;897.7;897.7;897.7;0.02;20.04;897.7
26.01.2017 04:32;897.71;897.71;897.71;897.71;11.74;10537.7;897.71
26.01.2017 04:33;0;0;0;0;0;0;0
26.01.2017 04:34;898.62;898.63;898.62;898.63;0.73;653.3;898.63
26.01.2017 04:35;898.63;898.65;898.63;898.65;0.51;455.61;898.64
26.01.2017 04:36;898.65;898.65;898.65;898.65;1.56;1399.98;898.65
26.01.2017 04:37;898.65;898.65;898.19;898.65;0.39;352.41;898.6
26.01.2017 04:38;898.65;898.84;898.65;898.83;4.2;3777.29;898.67
26.01.2017 04:39;898.83;898.84;898.65;898.84;0.85;760.96;898.82
26.01.2017 04:40;898.84;898.84;898.8;898.8;0.61;545.95;898.83
26.01.2017 04:41;898.8;898.8;897.89;898.61;0.58;522.52;898.64
26.01.2017 04:42;898.61;898.77;897.83;897.83;1.15;1032.6;898.19
26.01.2017 04:43;898.74;898.74;898.55;898.58;1.15;1036.6;898.58
26.01.2017 04:44;898.58;898.58;897.01;898.58;0.65;580.78;898.19
26.01.2017 04:45;898.58;898.58;898.58;898.58;0.89;796.41;898.58
26.01.2017 04:46;898.58;898.58;897.51;897.55;0.6;535.45;898.36
26.01.2017 04:47;898.58;898.74;897.21;898.55;3.78;3395.93;897.88
26.01.2017 04:48;898.55;898.76;898.55;898.7;0.51;456.82;898.72
26.01.2017 04:49;898.7;898.77;898.7;898.72;0.51;456.1;898.72
26.01.2017 04:50;898.72;898.72;898.69;898.69;0.47;420.6;898.72
26.01.2017 04:51;897.78;897.78;897.74;897.74;0.23;204.69;897.77
26.01.2017 04:52;898.69;898.69;897.09;897.09;1.05;942.55;897.46
26.01.2017 04:53;0;0;0;0;0;0;0
26.01.2017 04:54;0;0;0;0;0;0;0
26.01.2017 04:55;897.18;897.18;897.18;897.18;5.73;5137.24;897.18
26.01.2017 04:56;0;0;0;0;0;0;0
26.01.2017 04:57;897.68;897.68;897.19;897.19;1.85;1660.73;897.48
26.01.2017 04:58;0;0;0;0;0;0;0
26.01.2017 04:59;897.19;897.19;897.19;897.19;0.06;50.09;897.19
26.01.2017 05:00;898.07;898.07;898.07;898.07;0.5;449.04;898.07
26.01.2017 05:01;898.58;898.58;898.58;898.58;0.04;35.38;898.58
26.01.2017 05:02;897.31;897.31;897.31;897.31;0.88;793.4;897.31
26.01.2017 05:03;898.22;898.22;898.22;898.22;0.02;17.11;898.22
26.01.2017 05:04;897.68;897.68;897.68;897.68;0.06;50.11;897.68
26.01.2017 05:05;0;0;0;0;0;0;0
26.01.2017 05:06;898.58;898.58;898.58;898.58;0.6;535.6;898.58
26.01.2017 05:07;898.32;898.64;897.47;897.53;2.54;2282.51;898.47
26.01.2017 05:08;0;0;0;0;0;0;0
26.01.2017 05:09;898.5;898.5;898.5;898.5;0.05;43.4;898.5
26.01.2017 05:10;898.6;898.6;897.14;897.14;1.03;922.81;898.42
26.01.2017 05:11;0;0;0;0;0;0;0
26.01.2017 05:12;897.13;897.13;897.13;897.13;0.45;401.02;897.13
26.01.2017 05:13;897.33;898.49;897.33;898.49;0.25;221.16;898.37
26.01.2017 05:14;897.2;897.99;897.2;897.99;1.95;1754.87;897.98
26.01.2017 05:15;897.99;897.99;897.99;897.99;1.07;959.14;897.99
26.01.2017 05:16;897.45;897.89;897.45;897.89;1.75;1573.39;897.88
26.01.2017 05:17;897.89;897.89;897.57;897.57;9.08;8149.43;897.89
26.01.2017 05:18;897.65;897.65;897.65;897.65;0.02;20.04;897.65
26.01.2017 05:19;898;898;897.25;897.25;5.04;4521.79;897.99
26.01.2017 05:20;898;898;898;898;2.49;2237.06;898
26.01.2017 05:21;897.26;898;897.26;897.31;1.02;911.96;897.84
26.01.2017 05:22;897.17;897.97;897.15;897.97;0.57;514.49;897.19
26.01.2017 05:23;0;0;0;0;0;0;0
26.01.2017 05:24;0;0;0;0;0;0;0
26.01.2017 05:25;896.87;896.87;896.87;896.87;0.04;39.71;896.87
26.01.2017 05:26;897.97;897.97;897.97;897.97;0.02;21.02;897.97
26.01.2017 05:27;897.97;897.97;897.97;897.97;0.02;17.11;897.97
26.01.2017 05:28;897.05;897.05;897.05;897.05;1.38;1233.44;897.05
26.01.2017 05:29;0;0;0;0;0;0;0
26.01.2017 05:30;0;0;0;0;0;0;0
26.01.2017 05:31;0;0;0;0;0;0;0
26.01.2017 05:32;897.22;897.22;897.21;897.21;0.04;39.73;897.22
26.01.2017 05:33;897.55;897.55;897.22;897.55;0.1;91.01;897.4
26.01.2017 05:34;897.15;897.15;897.14;897.14;0.09;79.35;897.15
26.01.2017 05:35;897.55;897.63;897.55;897.63;13.49;12107.3;897.57
26.01.2017 05:36;897.57;897.57;897.57;897.57;0.3;268.54;897.57
26.01.2017 05:37;897.56;897.63;897.56;897.62;4.33;3886.78;897.63
26.01.2017 05:38;897.62;897.62;897.62;897.62;0.02;15.4;897.62
26.01.2017 05:39;0;0;0;0;0;0;0
26.01.2017 05:40;0;0;0;0;0;0;0
26.01.2017 05:41;896.85;896.85;896.85;896.85;0.09;81.53;896.85
26.01.2017 05:42;897.35;897.35;897.35;897.35;0.11;102.24;897.35
26.01.2017 05:43;897.01;897.33;896.94;897.33;1.57;1406.17;896.98
26.01.2017 05:44;897.33;897.33;897.33;897.33;0.23;205.31;897.33
26.01.2017 05:45;896.85;896.85;896.85;896.85;0.03;24.05;896.85
26.01.2017 05:46;0;0;0;0;0;0;0
26.01.2017 05:47;896.87;896.87;896.87;896.87;0.5;448.44;896.87
26.01.2017 05:48;0;0;0;0;0;0;0
26.01.2017 05:49;0;0;0;0;0;0;0
26.01.2017 05:50;896.85;896.85;896.85;896.85;0.07;61.96;896.85
26.01.2017 05:51;896.85;896.85;896.63;896.63;1.18;1060.96;896.77
26.01.2017 05:52;895.99;896.4;895.98;895.98;5.81;5209.5;895.99
26.01.2017 05:53;895.85;896.06;895.85;896.06;1.24;1112.3;896.02
26.01.2017 05:54;0;0;0;0;0;0;0
26.01.2017 05:55;0;0;0;0;0;0;0
26.01.2017 05:56;0;0;0;0;0;0;0
26.01.2017 05:57;896.3;896.3;896.05;896.3;0.15;136.35;896.26
26.01.2017 05:58;896.31;896.31;896.1;896.1;1.1;985.37;896.11
26.01.2017 05:59;0;0;0;0;0;0;0
26.01.2017 06:00;896.14;896.14;896.14;896.14;0.05;43.91;896.14
26.01.2017 06:01;896.13;896.3;896.13;896.3;0.1;91.72;896.26
26.01.2017 06:02;896.31;896.4;896.31;896.4;5.76;5163.33;896.4
26.01.2017 06:03;896.4;896.4;896.4;896.4;0.23;205.01;896.4
26.01.2017 06:04;0;0;0;0;0;0;0
26.01.2017 06:05;0;0;0;0;0;0;0
26.01.2017 06:06;896.39;896.39;896.39;896.39;0.05;49.21;896.39
26.01.2017 06:07;896.39;896.4;896.39;896.4;1.25;1119.69;896.4
26.01.2017 06:08;896.3;896.31;896.3;896.31;0.78;700.28;896.31
26.01.2017 06:09;896.39;896.39;896.35;896.35;0.14;126.61;896.36
26.01.2017 06:10;0;0;0;0;0;0;0
26.01.2017 06:11;896.38;896.38;896.38;896.38;0.15;130.27;896.38
26.01.2017 06:12;896.39;896.39;896.39;896.39;0.01;10.86;896.39
26.01.2017 06:13;896.21;896.21;896.21;896.21;0.07;60.11;896.21
26.01.2017 06:14;896.29;896.65;896.29;896.35;1.14;1024.45;896.53
26.01.2017 06:15;896.43;896.43;896.43;896.43;0.08;75;896.43
26.01.2017 06:16;896.51;896.51;896.51;896.51;0.02;19.84;896.51
26.01.2017 06:17;896.64;896.64;896.54;896.54;0.43;387.89;896.61
26.01.2017 06:18;0;0;0;0;0;0;0
26.01.2017 06:19;0;0;0;0;0;0;0
26.01.2017 06:20;896.45;896.45;896.45;896.45;0.11;99.19;896.45
26.01.2017 06:21;896.65;896.65;896.65;896.65;0.12;105.98;896.65
26.01.2017 06:22;896.48;896.64;896.48;896.64;0.03;30.81;896.58
26.01.2017 06:23;896.48;896.48;896.48;896.48;0.02;20.04;896.48
26.01.2017 06:24;896.48;896.48;896.48;896.48;0.46;410.76;896.48
26.01.2017 06:25;896.65;896.65;896.65;896.65;0.27;242.52;896.65
26.01.2017 06:26;896.65;896.65;896.65;896.65;1.64;1474.25;896.65
26.01.2017 06:27;896.65;896.72;896.65;896.72;6.25;5599.96;896.71
26.01.2017 06:28;896.79;896.93;896.65;896.93;2.16;1940.84;896.85
26.01.2017 06:29;897;897.24;896.78;897.23;11.67;10466.93;897.16
26.01.2017 06:30;896.81;897.22;895.39;895.39;9.19;8226.07;895.58
26.01.2017 06:31;894.85;894.85;893.7;894.75;9.7;8671.71;894.21
26.01.2017 06:32;893.71;893.71;893.71;893.71;0.06;50.1;893.71
26.01.2017 06:33;893.7;894.42;892.86;894.39;15.86;14164.42;892.93
26.01.2017 06:34;894.29;894.29;892.88;892.88;2.4;2145.94;894.18
26.01.2017 06:35;892.88;892.88;892.88;892.88;0.5;445.89;892.88
26.01.2017 06:36;0;0;0;0;0;0;0
26.01.2017 06:37;894.42;894.42;894.42;894.42;0.06;54.64;894.42
26.01.2017 06:38;894.34;894.56;894.34;894.39;1.03;921.93;894.4
26.01.2017 06:39;894.32;894.32;894.26;894.26;6;5365.72;894.29
26.01.2017 06:40;894.22;894.22;894.18;894.18;4;3576.8;894.2
26.01.2017 06:41;0;0;0;0;0;0;0
26.01.2017 06:42;894.36;894.36;894.36;894.36;0.16;138.72;894.36
26.01.2017 06:43;893.47;893.47;893.47;893.47;0.02;20.05;893.47
26.01.2017 06:44;0;0;0;0;0;0;0
26.01.2017 06:45;0;0;0;0;0;0;0
26.01.2017 06:46;0;0;0;0;0;0;0
26.01.2017 06:47;893.59;894.55;893.59;894.55;5.11;4572.98;894.53
26.01.2017 06:48;893.76;893.76;893.76;893.76;0.04;40.09;893.76
26.01.2017 06:49;893.17;893.52;893.17;893.52;0.08;68.88;893.31
26.01.2017 06:50;893.55;893.7;893.55;893.7;0.11;94.31;893.66
26.01.2017 06:51;894.55;894.55;894.55;894.55;0.4;358.25;894.55
26.01.2017 06:52;893.7;893.72;893.7;893.72;0.12;111.12;893.72
26.01.2017 06:53;0;0;0;0;0;0;0
26.01.2017 06:54;893.71;893.71;893.71;893.71;5;4468.55;893.71
26.01.2017 06:55;893.71;893.71;893.46;893.71;8.19;7322.81;893.71
26.01.2017 06:56;893.71;893.71;893.71;893.71;1.24;1108.89;893.71
26.01.2017 06:57;894.55;894.55;894.55;894.55;0.2;178.63;894.55
26.01.2017 06:58;0;0;0;0;0;0;0
26.01.2017 06:59;0;0;0;0;0;0;0
26.01.2017 07:00;893.53;893.53;893.53;893.53;0.03;30.06;893.53
26.01.2017 07:01;894.55;894.55;894.55;894.55;0.17;149.63;894.55
26.01.2017 07:02;893.47;893.47;893.47;893.47;0.07;65.5;893.47
26.01.2017 07:03;0;0;0;0;0;0;0
26.01.2017 07:04;894;894;894;894;0.16;141.43;894
26.01.2017 07:05;0;0;0;0;0;0;0
26.01.2017 07:06;0;0;0;0;0;0;0
26.01.2017 07:07;0;0;0;0;0;0;0
26.01.2017 07:08;0;0;0;0;0;0;0
26.01.2017 07:09;893.92;893.92;893.92;893.92;0.04;36.75;893.92
26.01.2017 07:10;894.09;894.09;894.09;894.09;0.12;105.26;894.09
26.01.2017 07:11;0;0;0;0;0;0;0
26.01.2017 07:12;0;0;0;0;0;0;0
26.01.2017 07:13;0;0;0;0;0;0;0
26.01.2017 07:14;894.08;894.08;894.08;894.08;0.02;15.03;894.08
26.01.2017 07:15;894.54;894.54;894.18;894.18;0.29;261.52;894.19
26.01.2017 07:16;894.55;894.55;894.55;894.55;0.01;6.26;894.55
26.01.2017 07:17;0;0;0;0;0;0;0
26.01.2017 07:18;894.36;894.36;894.36;894.36;0.07;62.82;894.36
26.01.2017 07:19;894.54;894.54;894.54;894.54;0.39;344.4;894.54
26.01.2017 07:20;894.2;894.55;894.2;894.55;0.26;233.56;894.46
26.01.2017 07:21;894.55;894.6;894.55;894.6;11.41;10208.51;894.57
26.01.2017 07:22;894.34;894.6;894.34;894.6;2.3;2053.36;894.43
26.01.2017 07:23;894.36;894.36;894.36;894.36;0.06;50.62;894.36
26.01.2017 07:24;894.37;894.37;894.11;894.11;1.01;901.6;894.16
26.01.2017 07:25;0;0;0;0;0;0;0
26.01.2017 07:26;894.14;894.6;894.14;894.6;0.34;306.64;894.32
26.01.2017 07:27;0;0;0;0;0;0;0
26.01.2017 07:28;0;0;0;0;0;0;0
26.01.2017 07:29;894.57;894.58;894.57;894.58;2.17;1944.67;894.57
26.01.2017 07:30;894.13;894.13;894.11;894.11;0.14;121.57;894.11
26.01.2017 07:31;0;0;0;0;0;0;0
26.01.2017 07:32;0;0;0;0;0;0;0
26.01.2017 07:33;894.17;894.17;894.13;894.16;0.16;143.48;894.16
26.01.2017 07:34;894.58;894.58;894.33;894.33;19.24;17202.86;894.33
26.01.2017 07:35;894.25;894.33;894.25;894.33;0.14;125.27;894.27
26.01.2017 07:36;894.58;894.58;894.11;894.13;0.37;334.3;894.21
26.01.2017 07:37;894.54;894.58;894.54;894.58;0.12;109.58;894.57
26.01.2017 07:38;0;0;0;0;0;0;0
26.01.2017 07:39;0;0;0;0;0;0;0
26.01.2017 07:40;894.15;894.37;894.15;894.37;0.26;235.4;894.36
26.01.2017 07:41;0;0;0;0;0;0;0
26.01.2017 07:42;894.16;894.36;894.16;894.36;9.47;8471.94;894.35
26.01.2017 07:43;894.16;894.16;894.16;894.16;0.06;49.63;894.16
26.01.2017 07:44;0;0;0;0;0;0;0
26.01.2017 07:45;0;0;0;0;0;0;0
26.01.2017 07:46;894.39;894.39;894.39;894.39;0.56;498.8;894.39
26.01.2017 07:47;894.37;894.37;894.37;894.37;0.27;241.1;894.37
26.01.2017 07:48;894.59;894.59;894.59;894.59;0.02;14.67;894.59
26.01.2017 07:49;894.6;894.6;894.6;894.6;0.42;374.63;894.6
26.01.2017 07:50;894.59;894.83;894.59;894.83;12.12;10840.64;894.59
26.01.2017 07:51;894.85;894.85;894.85;894.85;0.02;20.91;894.85
26.01.2017 07:52;894.74;895.2;894.74;895.2;3.2;2861.21;894.95
26.01.2017 07:53;895.4;895.85;895.4;895.85;10.99;9845.11;895.65
26.01.2017 07:54;895.85;895.85;895.85;895.85;0.02;20.93;895.85
26.01.2017 07:55;895.85;895.99;895.05;895.05;1.63;1460.78;895.83
26.01.2017 07:56;0;0;0;0;0;0;0
26.01.2017 07:57;0;0;0;0;0;0;0
26.01.2017 07:58;0;0;0;0;0;0;0
26.01.2017 07:59;0;0;0;0;0;0;0
26.01.2017 08:00;895.99;896.06;895.99;896.06;0.26;231.79;896.05
26.01.2017 08:01;0;0;0;0;0;0;0
26.01.2017 08:02;896.07;896.2;896.07;896.2;0.56;505.77;896.12
26.01.2017 08:03;896.46;898.15;896.46;898.15;50.01;44884.79;897.49
26.01.2017 08:04;898.14;900;896.79;896.79;50.2;45119.04;898.76
26.01.2017 08:05;896.95;900;896.95;900;50.09;45058.09;899.59
26.01.2017 08:06;899.31;899.31;899.31;899.31;0.04;35.66;899.31
26.01.2017 08:07;0;0;0;0;0;0;0
26.01.2017 08:08;0;0;0;0;0;0;0
26.01.2017 08:09;899.31;900;899.31;900;0.07;62.76;899.53
26.01.2017 08:10;898.86;898.86;898.15;898.15;2.07;1861.98;898.32
26.01.2017 08:11;897.94;898.06;897.94;898.06;0.13;116.74;898.03
26.01.2017 08:12;0;0;0;0;0;0;0
26.01.2017 08:13;898.02;898.02;898.02;898.02;0.04;32.07;898.02
26.01.2017 08:14;898.89;899.4;898.09;898.2;0.26;235.33;898.41
26.01.2017 08:15;898.51;898.51;898.51;898.51;0.01;8.99;898.51
26.01.2017 08:16;0;0;0;0;0;0;0
26.01.2017 08:17;0;0;0;0;0;0;0
26.01.2017 08:18;899.03;899.03;899.03;899.03;0.01;12.02;899.03
26.01.2017 08:19;899.98;899.98;899.92;899.92;3.35;3016.63;899.93
26.01.2017 08:20;0;0;0;0;0;0;0
26.01.2017 08:21;899.32;899.32;899.32;899.32;0.66;592.52;899.32
26.01.2017 08:22;899.28;899.28;898.63;898.69;0.22;194.85;898.69
26.01.2017 08:23;899.17;899.33;899.17;899.33;0.33;294.47;899.21
26.01.2017 08:24;0;0;0;0;0;0;0
26.01.2017 08:25;0;0;0;0;0;0;0
26.01.2017 08:26;899.32;899.32;899.32;899.32;0.06;52.32;899.32
26.01.2017 08:27;898.9;898.9;898.9;898.9;0.03;29.91;898.9
26.01.2017 08:28;899.21;899.24;899.21;899.24;1.73;1555.16;899.21
26.01.2017 08:29;899.31;899.39;899.31;899.39;0.13;119.04;899.34
26.01.2017 08:30;899.33;899.39;899.33;899.39;0.22;198.18;899.35
26.01.2017 08:31;898.65;899.83;898.65;898.98;4.37;3932.58;898.99
26.01.2017 08:32;899.23;899.23;899.23;899.23;0.11;98.92;899.23
26.01.2017 08:33;0;0;0;0;0;0;0
26.01.2017 08:34;899.97;899.97;899.95;899.95;0.78;698.28;899.95
26.01.2017 08:35;900;900;900;900;0.12;103.86;900
26.01.2017 08:36;900;900.01;900;900.01;4.05;3643.3;900
26.01.2017 08:37;900.34;900.34;900.34;900.34;0.03;27.91;900.34
26.01.2017 08:38;900.4;900.6;900.4;900.6;0.58;522.03;900.45
26.01.2017 08:39;900.6;900.82;900.6;900.6;5.2;4680.83;900.82
26.01.2017 08:40;900.13;900.81;900.13;900.31;0.14;128.48;900.28
26.01.2017 08:41;900.71;901.15;899.85;901.13;9.58;8626;900.6
26.01.2017 08:42;899.86;900.69;899.86;900.69;2.48;2228.15;899.88
26.01.2017 08:43;900.66;900.69;900.66;900.69;2.25;2023.94;900.68
26.01.2017 08:44;900.7;901.17;900.7;901.17;0.65;588.46;900.85
26.01.2017 08:45;900.92;900.92;900.81;900.87;0.06;54.05;900.87
26.01.2017 08:46;900.52;900.65;900.52;900.65;0.04;36.02;900.59
26.01.2017 08:47;900.31;900.31;900.31;900.31;0.02;18.01;900.31
26.01.2017 08:48;900.54;900.65;900.54;900.65;4.78;4304.75;900.64
26.01.2017 08:49;900.15;900.15;900.15;900.15;0.02;18;900.15
26.01.2017 08:50;900.37;900.48;900.37;900.48;0.04;36.02;900.43
26.01.2017 08:51;900.64;901.16;900.64;901.16;0.14;122.66;901.08
26.01.2017 08:52;0;0;0;0;0;0;0
26.01.2017 08:53;901.16;901.16;901.16;901.16;0.15;133.14;901.16
26.01.2017 08:54;901.16;901.16;901.16;901.16;5.56;5013.97;901.16
26.01.2017 08:55;901.16;901.17;901.16;901.17;5.2;4689.77;901.16
26.01.2017 08:56;0;0;0;0;0;0;0
26.01.2017 08:57;901.39;901.88;901.39;901.88;18.81;16968.17;901.85
26.01.2017 08:58;901.47;901.88;901.47;901.65;6.25;5636.72;901.87
26.01.2017 08:59;901.87;901.87;901.87;901.87;0.06;54.11;901.87
26.01.2017 09:00;901.87;901.88;900.85;900.85;10.74;9678.52;901.5
26.01.2017 09:01;900;900;899.86;899.86;0.11;101.39;899.98
26.01.2017 09:02;0;0;0;0;0;0;0
26.01.2017 09:03;901.2;901.2;901.2;901.2;0.14;123.33;901.2
26.01.2017 09:04;900.07;900.07;900.07;900.07;0.39;351.39;900.07
26.01.2017 09:05;900.99;901.21;900.99;901.21;0.39;349.33;901.2
26.01.2017 09:06;0;0;0;0;0;0;0
26.01.2017 09:07;0;0;0;0;0;0;0
26.01.2017 09:08;901.21;901.88;901.21;901.88;4.01;3616.34;901.8
26.01.2017 09:09;901.88;901.88;901.88;901.88;1.17;1055.36;901.88
26.01.2017 09:10;901.02;901.02;901.02;901.02;0.02;19.83;901.02
26.01.2017 09:11;901.17;901.17;901.17;901.17;0.23;207.87;901.17
26.01.2017 09:12;901.36;901.42;901.36;901.42;0.04;36.06;901.39
26.01.2017 09:13;901.5;901.62;901.5;901.62;0.06;54.09;901.56
26.01.2017 09:14;901.63;901.88;901.63;901.67;0.26;236.31;901.83
26.01.2017 09:15;901.7;901.88;901.7;901.72;1.9;1713.31;901.7
26.01.2017 09:16;901.72;901.72;901.72;901.72;0.06;54.1;901.72
26.01.2017 09:17;901.72;901.72;901.72;901.72;0.06;54.1;901.72
26.01.2017 09:18;901.72;901.88;901.29;901.29;5.64;5081.76;901.32
26.01.2017 09:19;901.51;901.88;901.4;901.88;5.12;4614.59;901.87
26.01.2017 09:20;901.55;901.63;901.55;901.63;0.06;54.1;901.6
26.01.2017 09:21;901.63;901.88;901.63;901.88;0.49;440.79;901.85
26.01.2017 09:22;901.88;901.88;901.65;901.88;0.33;299.68;901.84
26.01.2017 09:23;901.65;901.88;901.65;901.87;0.6;538.16;901.85
26.01.2017 09:24;901.65;901.88;900.84;900.84;0.35;319.59;901.77
26.01.2017 09:25;900.9;901.87;900.9;901.06;0.2;177.43;901.6
26.01.2017 09:26;901.12;901.2;901.12;901.2;0.04;36.05;901.16
26.01.2017 09:27;0;0;0;0;0;0;0
26.01.2017 09:28;901.4;901.4;901.4;901.4;5;4507;901.4
26.01.2017 09:29;901.4;901.4;901.27;901.27;0.07;61.69;901.34
26.01.2017 09:30;901.27;901.8;901.27;901.8;15.02;13546.36;901.67
26.01.2017 09:31;901.88;901.88;901.88;901.88;5;4509.4;901.88
26.01.2017 09:32;901.88;901.88;901.85;901.88;3.33;3002.23;901.88
26.01.2017 09:33;901.88;901.88;901.88;901.88;7.53;6789.75;901.88
26.01.2017 09:34;901.88;901.88;901.8;901.8;4.98;4490.07;901.82
26.01.2017 09:35;0;0;0;0;0;0;0
26.01.2017 09:36;901.41;901.41;900.73;900.73;0.53;474.71;901.31
26.01.2017 09:37;900.6;900.6;900.6;900.6;0.18;164.86;900.6
26.01.2017 09:38;0;0;0;0;0;0;0
26.01.2017 09:39;0;0;0;0;0;0;0
26.01.2017 09:40;901.12;901.87;900.64;900.64;3.35;3015.52;901.25
26.01.2017 09:41;0;0;0;0;0;0;0
26.01.2017 09:42;901.88;901.88;901.88;901.88;0.09;83.83;901.88
26.01.2017 09:43;0;0;0;0;0;0;0
26.01.2017 09:44;0;0;0;0;0;0;0
26.01.2017 09:45;0;0;0;0;0;0;0
26.01.2017 09:46;0;0;0;0;0;0;0
26.01.2017 09:47;901.87;901.87;901.87;901.87;0.02;15.06;901.87
26.01.2017 09:48;0;0;0;0;0;0;0
26.01.2017 09:49;0;0;0;0;0;0;0
26.01.2017 09:50;901.87;901.87;901.87;901.87;0.06;50.73;901.87
26.01.2017 09:51;901.32;901.32;901.32;901.32;3.33;3004.98;901.32
26.01.2017 09:52;0;0;0;0;0;0;0
26.01.2017 09:53;901.87;901.87;900.87;901.52;2.97;2678.51;901.63
26.01.2017 09:54;901.85;901.85;901.85;901.85;0.12;104.6;901.85
26.01.2017 09:55;901.44;901.44;901.44;901.44;0.03;28.4;901.44
26.01.2017 09:56;0;0;0;0;0;0;0
26.01.2017 09:57;901.48;901.49;901.48;901.48;0.4;357.56;901.48
26.01.2017 09:58;901.49;901.85;901.49;901.85;0.9;813.36;901.74
26.01.2017 09:59;901.85;901.85;901.85;901.85;8.73;7872.9;901.85
26.01.2017 10:00;901.86;901.88;901.86;901.88;5.57;5020.38;901.88
26.01.2017 10:01;901.43;901.43;901.4;901.4;1.24;1117.65;901.4
26.01.2017 10:02;901.4;901.88;901.4;901.88;0.46;412.97;901.76
26.01.2017 10:03;901.88;901.88;901.88;901.88;0.08;73.21;901.88
26.01.2017 10:04;901.87;901.88;901.87;901.88;0.09;83.84;901.88
26.01.2017 10:05;901.88;901.88;901.88;901.88;0.01;9.02;901.88
26.01.2017 10:06;901.88;901.88;901.88;901.88;0.01;9.02;901.88
26.01.2017 10:07;901.4;901.4;901.4;901.4;0.35;315.52;901.4
26.01.2017 10:08;901.88;901.88;901.4;901.4;0.05;48.35;901.68
26.01.2017 10:09;901.88;901.88;901.88;901.88;0.05;47.37;901.88
26.01.2017 10:10;901.41;901.41;901.41;901.41;2;1802.82;901.41
26.01.2017 10:11;901.41;901.41;901.41;901.41;0.02;18.03;901.41
26.01.2017 10:12;901.41;902;901.41;902;7.87;7095.22;901.94
26.01.2017 10:13;901.41;901.41;901.4;901.4;2.62;2364.96;901.41
26.01.2017 10:14;901.99;901.99;900.99;900.99;10.71;9648.36;901.08
26.01.2017 10:15;901.97;901.97;900.61;901.81;0.7;629.69;901.81
26.01.2017 10:16;901.08;901.08;901.08;901.08;0.01;10.54;901.08
26.01.2017 10:17;0;0;0;0;0;0;0
26.01.2017 10:18;0;0;0;0;0;0;0
26.01.2017 10:19;900.98;901.62;900.98;901.62;0.08;76.54;901.15
26.01.2017 10:20;0;0;0;0;0;0;0
26.01.2017 10:21;901.21;901.21;901.21;901.21;0.72;648.17;901.21
26.01.2017 10:22;901.21;901.21;901.01;901.01;0.05;49.35;901.11
26.01.2017 10:23;901.21;901.21;901.21;901.21;0.02;18.8;901.21
26.01.2017 10:24;0;0;0;0;0;0;0
26.01.2017 10:25;901.04;901.04;901.04;901.04;1.11;1002.06;901.04
26.01.2017 10:26;0;0;0;0;0;0;0
26.01.2017 10:27;0;0;0;0;0;0;0
26.01.2017 10:28;900.89;900.89;900.89;900.89;0.11;96.92;900.89
26.01.2017 10:29;901.2;901.21;901.2;901.21;11.05;9955.59;901.2
26.01.2017 10:30;0;0;0;0;0;0;0
26.01.2017 10:31;0;0;0;0;0;0;0
26.01.2017 10:32;0;0;0;0;0;0;0
26.01.2017 10:33;0;0;0;0;0;0;0
26.01.2017 10:34;900.93;900.94;900.93;900.94;1.87;1681.26;900.94
26.01.2017 10:35;0;0;0;0;0;0;0
26.01.2017 10:36;0;0;0;0;0;0;0
26.01.2017 10:37;0;0;0;0;0;0;0
26.01.2017 10:38;900.94;900.94;900.94;900.94;6.88;6199.24;900.94
26.01.2017 10:39;901.2;901.2;901.2;901.2;0.06;52.32;901.2
26.01.2017 10:40;900.95;900.95;900.95;900.95;26.19;23595.37;900.95
26.01.2017 10:41;900.88;900.88;899.99;899.99;3.89;3505.76;900.56
26.01.2017 10:42;901.12;901.12;901.12;901.12;0.3;272.7;901.12
26.01.2017 10:43;901.19;901.19;901.19;901.19;0.18;162.75;901.19
26.01.2017 10:44;901.09;901.09;901.09;901.09;1.11;1004.55;901.09
26.01.2017 10:45;900.69;900.69;900.69;900.69;0.02;20.55;900.69
26.01.2017 10:46;900.68;900.68;900.1;900.1;2.47;2226.56;900.57
26.01.2017 10:47;900.12;900.31;900.12;900.3;1.01;909.3;900.3
26.01.2017 10:48;900.96;901.17;900.86;901.17;1.02;916.27;901.03
26.01.2017 10:49;0;0;0;0;0;0;0
26.01.2017 10:50;900.91;900.91;900.91;900.91;0.07;62.97;900.91
26.01.2017 10:51;0;0;0;0;0;0;0
26.01.2017 10:52;901.17;901.21;901.17;901.21;2.2;1979.7;901.19
26.01.2017 10:53;901.88;902;901.88;902;6.88;6205.51;901.99
26.01.2017 10:54;901.46;901.46;901.46;901.46;0.03;24.04;901.46
26.01.2017 10:55;0;0;0;0;0;0;0
26.01.2017 10:56;901.99;902.04;901.99;902.01;1.18;1067.18;902.01
26.01.2017 10:57;902.03;902.04;902.03;902.04;4.01;3618.56;902.03
26.01.2017 10:58;901.82;901.91;901.82;901.91;1.12;1008.25;901.83
26.01.2017 10:59;0;0;0;0;0;0;0
26.01.2017 11:00;902.04;902.71;902.03;902.71;11.03;9953.71;902.5
26.01.2017 11:01;902.71;902.71;901.38;901.38;0.44;394.97;902.35
26.01.2017 11:02;0;0;0;0;0;0;0
26.01.2017 11:03;902.71;902.71;901.98;902.71;1.15;1034.46;902.66
26.01.2017 11:04;902.7;902.7;902.27;902.27;0.58;522.24;902.3
26.01.2017 11:05;902.71;902.72;902.71;902.71;20.11;18153.51;902.71
26.01.2017 11:06;902.72;902.72;902.72;902.72;0.03;24.94;902.72
26.01.2017 11:07;902.09;902.85;902.09;902.84;5.15;4646.34;902.71
26.01.2017 11:08;902.38;902.38;902.38;902.38;1;902.38;902.38
26.01.2017 11:09;901.65;902.84;901.65;902.84;2.55;2302.04;901.91
26.01.2017 11:10;902.84;902.84;902.84;902.84;0.25;227.28;902.84
26.01.2017 11:11;902.23;902.23;902.23;902.23;0.02;20.06;902.23
26.01.2017 11:12;902.83;902.83;901.85;901.85;0.05;45.92;902.2
26.01.2017 11:13;902.47;902.47;902.06;902.21;0.1;91.74;902.3
26.01.2017 11:14;902.47;902.84;902.47;902.8;0.07;59.21;902.78
26.01.2017 11:15;902.46;902.76;901.53;901.62;1.18;1066.69;902.7
26.01.2017 11:16;0;0;0;0;0;0;0
26.01.2017 11:17;902.8;902.8;902.12;902.24;0.16;140.86;902.39
26.01.2017 11:18;902.79;902.79;902.39;902.42;0.68;617.34;902.77
26.01.2017 11:19;902.79;902.79;902.35;902.35;0.12;105.51;902.7
26.01.2017 11:20;902.8;902.85;901.63;901.63;1.02;917.66;902.21
26.01.2017 11:21;0;0;0;0;0;0;0
26.01.2017 11:22;902.84;902.88;902.84;902.88;0.71;641.15;902.85
26.01.2017 11:23;902.01;902.18;902.01;902.18;0.13;119.17;902.14
26.01.2017 11:24;902.23;902.87;902.23;902.87;1.01;907.27;902.23
26.01.2017 11:25;902.12;902.21;902.12;902.21;0.11;95.02;902.14
26.01.2017 11:26;902.87;902.97;902.87;902.97;1.12;1015.36;902.91
26.01.2017 11:27;0;0;0;0;0;0;0
26.01.2017 11:28;0;0;0;0;0;0;0
26.01.2017 11:29;902.97;902.97;902.29;902.29;7.84;7073.08;902.29
26.01.2017 11:30;0;0;0;0;0;0;0
26.01.2017 11:31;902.67;902.67;902.3;902.3;1.56;1407.93;902.52
26.01.2017 11:32;902.31;902.31;902.31;902.31;0.06;50.1;902.31
26.01.2017 11:33;0;0;0;0;0;0;0
26.01.2017 11:34;902.3;902.55;902.3;902.53;5.84;5265.2;902.33
26.01.2017 11:35;902.3;902.46;902.3;902.45;4.82;4351.06;902.32
26.01.2017 11:36;902.3;902.3;901.3;902.17;19.09;17216.74;901.7
26.01.2017 11:37;0;0;0;0;0;0;0
26.01.2017 11:38;901.41;901.41;901.41;901.41;0.02;18.03;901.41
26.01.2017 11:39;901.8;901.8;901.8;901.8;0.52;466.56;901.8
26.01.2017 11:40;0;0;0;0;0;0;0
26.01.2017 11:41;0;0;0;0;0;0;0
26.01.2017 11:42;0;0;0;0;0;0;0
26.01.2017 11:43;901.63;901.63;901.34;901.34;24.65;22228.18;901.63
26.01.2017 11:44;0;0;0;0;0;0;0
26.01.2017 11:45;0;0;0;0;0;0;0
26.01.2017 11:46;0;0;0;0;0;0;0
26.01.2017 11:47;0;0;0;0;0;0;0
26.01.2017 11:48;901.97;901.97;901.47;901.47;0.02;21.25;901.72
26.01.2017 11:49;0;0;0;0;0;0;0
26.01.2017 11:50;901.94;901.94;901.94;901.94;0.01;5;901.94
26.01.2017 11:51;901.91;901.91;901.41;901.41;7.07;6374.43;901.9
26.01.2017 11:52;0;0;0;0;0;0;0
26.01.2017 11:53;0;0;0;0;0;0;0
26.01.2017 11:54;901.87;901.87;901.87;901.87;18.96;17102.47;901.87
26.01.2017 11:55;901.88;902.01;901.88;902.01;1.13;1020.84;901.99
26.01.2017 11:56;901.89;901.89;901.87;901.87;20.45;18440.55;901.87
26.01.2017 11:57;901.87;901.87;901.87;901.87;11.18;10079.58;901.87
26.01.2017 11:58;0;0;0;0;0;0;0
26.01.2017 11:59;0;0;0;0;0;0;0
26.01.2017 12:00;902.01;902.2;902.01;902.2;2;1804.19;902.1
26.01.2017 12:01;901.39;901.39;901.39;901.39;6.71;6045.02;901.39
26.01.2017 12:02;0;0;0;0;0;0;0
26.01.2017 12:03;902.31;902.31;902.31;902.31;0.11;95.54;902.31
26.01.2017 12:04;0;0;0;0;0;0;0
26.01.2017 12:05;0;0;0;0;0;0;0
26.01.2017 12:06;901.38;902.69;901.38;902.65;1.39;1255.98;902.49
26.01.2017 12:07;0;0;0;0;0;0;0
26.01.2017 12:08;0;0;0;0;0;0;0
26.01.2017 12:09;0;0;0;0;0;0;0
26.01.2017 12:10;902.66;902.91;902.66;902.91;12.57;11348.93;902.68
26.01.2017 12:11;902.98;903;902.98;902.98;22.18;20026.38;902.99
26.01.2017 12:12;903.08;903.08;903.08;903.08;7.98;7205.68;903.08
26.01.2017 12:13;0;0;0;0;0;0;0
26.01.2017 12:14;0;0;0;0;0;0;0
26.01.2017 12:15;903.13;903.13;903.13;903.13;0.12;106.5;903.13
26.01.2017 12:16;0;0;0;0;0;0;0
26.01.2017 12:17;0;0;0;0;0;0;0
26.01.2017 12:18;903.14;903.14;903.14;903.14;8.57;7740.36;903.14
26.01.2017 12:19;903.15;903.15;903.15;903.15;10.04;9066.22;903.15
26.01.2017 12:20;903.14;903.14;903.14;903.14;0.01;9.03;903.14
26.01.2017 12:21;903.14;903.31;903.14;903.31;0.04;40.61;903.18
26.01.2017 12:22;0;0;0;0;0;0;0
26.01.2017 12:23;0;0;0;0;0;0;0
26.01.2017 12:24;903.32;903.32;903.32;903.32;0.5;451.66;903.32
26.01.2017 12:25;0;0;0;0;0;0;0
26.01.2017 12:26;903.34;903.34;903.34;903.34;0.12;108.4;903.34
26.01.2017 12:27;0;0;0;0;0;0;0
26.01.2017 12:28;903.35;903.35;903.35;903.35;0.76;690.21;903.35
26.01.2017 12:29;0;0;0;0;0;0;0
26.01.2017 12:30;903.34;903.34;903.13;903.13;1.04;943.72;903.33
26.01.2017 12:31;0;0;0;0;0;0;0
26.01.2017 12:32;903.35;903.35;903.13;903.13;3.89;3516.15;903.13
26.01.2017 12:33;903.35;903.72;903.19;903.72;5.08;4591.06;903.68
26.01.2017 12:34;903.39;903.39;903.39;903.39;0.08;73.46;903.39
26.01.2017 12:35;903.71;903.72;903.71;903.72;6.39;5775.02;903.71
26.01.2017 12:36;904;904;904;904;10.01;9053.36;904
26.01.2017 12:37;904.02;904.08;904;904.08;6.02;5439.2;904
26.01.2017 12:38;904.15;905;904.15;905;21;18997.18;904.63
26.01.2017 12:39;904.91;905;904.91;905;40;36199.71;904.99
26.01.2017 12:40;904.94;905;904.94;905;17.39;15735.06;904.99
26.01.2017 12:41;905.15;905.15;905.15;905.15;0.02;21.15;905.15
26.01.2017 12:42;905.15;905.15;905.15;905.15;0.05;43.09;905.15
26.01.2017 12:43;0;0;0;0;0;0;0
26.01.2017 12:44;905.15;905.22;905.15;905.22;4;3620.74;905.19
26.01.2017 12:45;905.22;906.13;905.22;906;7.04;6376.65;906
26.01.2017 12:46;906;906.15;906;906.14;5.66;5130.04;906.01
26.01.2017 12:47;906.15;906.15;906.15;906.15;1.47;1330.59;906.15
26.01.2017 12:48;906.15;906.36;906.15;906.15;7.8;7071.61;906.24
26.01.2017 12:49;906;906;906;906;0.05;45.3;906
26.01.2017 12:50;906.27;906.79;906.27;906.79;5.01;4538.66;906.63
26.01.2017 12:51;0;0;0;0;0;0;0
26.01.2017 12:52;906.61;906.64;906.61;906.64;7.31;6627;906.61
26.01.2017 12:53;906.64;906.98;906.64;906.98;1.62;1473.3;906.88
26.01.2017 12:54;906.81;906.81;906.81;906.81;5.71;5177.89;906.81
26.01.2017 12:55;906.98;906.99;906.81;906.81;2.6;2356.23;906.98
26.01.2017 12:56;906.84;906.84;906.84;906.84;0.01;9.82;906.84
26.01.2017 12:57;0;0;0;0;0;0;0
26.01.2017 12:58;0;0;0;0;0;0;0
26.01.2017 12:59;0;0;0;0;0;0;0
26.01.2017 13:00;0;0;0;0;0;0;0
26.01.2017 13:01;0;0;0;0;0;0;0
26.01.2017 13:02;906.83;906.83;906.83;906.83;0.79;718.64;906.83
26.01.2017 13:03;906.81;906.81;906.81;906.81;4.71;4271.03;906.81
26.01.2017 13:04;906.81;906.81;906.81;906.81;5.39;4889.5;906.81
26.01.2017 13:05;906.81;906.81;906.81;906.81;0.02;14.78;906.81
26.01.2017 13:06;906.81;906.99;906.81;906.81;2.09;1893.23;906.98
26.01.2017 13:07;0;0;0;0;0;0;0
26.01.2017 13:08;906.89;907.36;906.89;906.9;20;18138.58;906.93
26.01.2017 13:09;906.96;906.97;906.96;906.97;18.26;16557.1;906.96
26.01.2017 13:10;907.33;908.35;907;908.35;4.37;3963.56;907.75
26.01.2017 13:11;908.35;908.51;908.35;908.51;2.17;1970.22;908.35
26.01.2017 13:12;908.52;908.79;908.52;908.79;3.19;2900.73;908.79
26.01.2017 13:13;908.79;908.91;908.79;908.91;14.62;13285.43;908.85
26.01.2017 13:14;908.91;909.44;908.91;909.44;12.61;11459.06;909.05
26.01.2017 13:15;909.44;909.44;909.41;909.44;1.13;1023.43;909.44
26.01.2017 13:16;909.44;910.35;909.42;910.34;21.38;19451.84;909.86
26.01.2017 13:17;910.35;911.13;909.34;909.34;2.69;2446.26;910.68
26.01.2017 13:18;910.01;910.01;908.89;908.98;9.07;8246.46;908.96
26.01.2017 13:19;909;909;908.8;908.8;1.21;1099.89;909
26.01.2017 13:20;909;909.65;909;909;44.82;40744.93;909.1
26.01.2017 13:21;909.64;909.64;909.64;909.64;0.09;83.71;909.64
26.01.2017 13:22;909.01;909.91;909.01;909.91;88.22;80261.12;909.76
26.01.2017 13:23;909.91;909.91;909.91;909.91;0.16;145.59;909.91
26.01.2017 13:24;910.29;910.29;910.29;910.29;4.6;4190.44;910.29
26.01.2017 13:25;0;0;0;0;0;0;0
26.01.2017 13:26;910.29;910.29;909.91;909.91;1.29;1177.38;909.97
26.01.2017 13:27;909.91;911.19;909.91;911.19;22.81;20777.26;910.94
26.01.2017 13:28;910.25;911.21;910.25;911.21;0.91;833.27;910.97
26.01.2017 13:29;911.21;912.61;911.21;911.94;20.17;18396.16;912.27
26.01.2017 13:30;912.01;912.06;911.52;911.54;0.69;633.64;912.03
26.01.2017 13:31;911.6;912.01;911.6;912.01;0.08;72.95;911.83
26.01.2017 13:32;912.01;912.77;912.01;912.08;2.28;2075.71;912.09
26.01.2017 13:33;912.13;912.13;912.01;912.01;1.42;1295.24;912.01
26.01.2017 13:34;912.01;912.76;912.01;912.01;0.11;100.36;912.35
26.01.2017 13:35;912.01;912.77;912.01;912.1;1.06;967.49;912.73
26.01.2017 13:36;912.16;912.75;912.04;912.04;5.05;4605.25;912.04
26.01.2017 13:37;912.07;912.37;912.03;912.37;7.6;6936.04;912.37
26.01.2017 13:38;912.09;912.32;912.05;912.05;8.74;7969.58;912.09
26.01.2017 13:39;912;912;911.35;911.35;6.28;5730.21;911.99
26.01.2017 13:40;911.36;911.36;911.36;911.36;0.87;792.7;911.36
26.01.2017 13:41;911.93;911.93;911.36;911.36;2.57;2343.68;911.38
26.01.2017 13:42;911.36;911.36;911.36;911.36;6.42;5848.96;911.36
26.01.2017 13:43;911.36;911.36;911.36;911.36;0.11;100.2;911.36
26.01.2017 13:44;912;912.33;912;912.33;0.32;289.28;912.14
26.01.2017 13:45;911.36;911.36;911.36;911.36;4.43;4041.63;911.36
26.01.2017 13:46;911.97;912;911.9;911.9;2.02;1843.93;911.99
26.01.2017 13:47;911.68;911.77;911.68;911.75;2.34;2133.81;911.74
26.01.2017 13:48;911.75;911.75;911.75;911.75;7.47;6811.86;911.75
26.01.2017 13:49;911.76;911.76;911.4;911.4;0.64;580.95;911.64
26.01.2017 13:50;911.35;911.67;911.35;911.67;4.51;4106.74;911.38
26.01.2017 13:51;911.67;911.67;911.22;911.22;4.44;4050.39;911.48
26.01.2017 13:52;911.22;911.23;911.22;911.23;2.52;2293.78;911.22
26.01.2017 13:53;911.73;911.73;911.38;911.38;2.28;2074.96;911.4
26.01.2017 13:54;911.28;911.73;911.28;911.73;2.3;2095.83;911.7
26.01.2017 13:55;911.73;911.77;911.19;911.19;11.16;10171.45;911.63
26.01.2017 13:56;911.19;911.74;911.19;911.74;2.01;1837.04;911.72
26.01.2017 13:57;910.46;910.46;910.22;910.22;0.75;680.86;910.31
26.01.2017 13:58;911.65;911.65;910.31;910.31;2.19;1992.56;911.54
26.01.2017 13:59;910.26;910.26;910.26;910.26;7.79;7094.57;910.26
26.01.2017 14:00;910.26;910.26;910.19;910.19;2.7;2457.97;910.24
26.01.2017 14:01;910.19;910.24;909.71;909.71;2.8;2543.69;910.01
26.01.2017 14:02;909.9;911.32;909.9;910.22;6.21;5652.23;910.38
26.01.2017 14:03;0;0;0;0;0;0;0
26.01.2017 14:04;0;0;0;0;0;0;0
26.01.2017 14:05;911.33;911.33;911.14;911.14;0.04;39.86;911.3
26.01.2017 14:06;911.02;911.02;910.25;910.25;4.05;3686.55;910.26
26.01.2017 14:07;910.74;910.74;910.74;910.74;3;2732.22;910.74
26.01.2017 14:08;910.22;911.11;910.22;911.11;2.62;2382.15;910.26
26.01.2017 14:09;911.1;911.1;911.1;911.1;0.98;891.41;911.1
26.01.2017 14:10;911.09;911.09;911.09;911.09;0.03;26.08;911.09
26.01.2017 14:11;911.09;911.09;911.09;911.09;3.11;2832.47;911.09
26.01.2017 14:12;911.09;911.09;911.09;911.09;0.2;182.22;911.09
26.01.2017 14:13;911.09;911.09;910.28;910.33;39.98;36423.57;911.05
26.01.2017 14:14;910.23;910.23;909.26;909.28;9.67;8799.14;909.67
26.01.2017 14:15;909.41;909.41;909.23;909.35;8.08;7349.1;909.34
26.01.2017 14:16;909.24;909.94;909.24;909.31;13.22;12015.98;909.26
26.01.2017 14:17;909.83;910.49;909.83;910.47;9.58;8719.1;910.34
26.01.2017 14:18;909.99;910.42;909.99;910.42;8.13;7400.62;910.4
26.01.2017 14:19;910.64;910.89;909.22;909.24;44.32;40303.18;909.47
26.01.2017 14:20;909.23;909.24;909.23;909.24;35.66;32419.77;909.24
26.01.2017 14:21;909.24;909.24;908.79;909.24;24.6;22371.49;909.24
26.01.2017 14:22;909.24;909.24;909.24;909.24;195.35;177622.22;909.24
26.01.2017 14:23;909.24;911.44;909.24;911.44;5.13;4664.3;909.89
26.01.2017 14:24;0;0;0;0;0;0;0
26.01.2017 14:25;910.11;910.11;910.1;910.1;0.99;896.91;910.1
26.01.2017 14:26;911.49;911.49;911.49;911.49;0.22;200;911.49
26.01.2017 14:27;911.5;911.77;911.5;911.77;5;4558.41;911.68
26.01.2017 14:28;911.51;911.51;911.49;911.49;1.11;1012.21;911.5
26.01.2017 14:29;911.51;911.75;911.51;911.53;0.48;437.61;911.58
26.01.2017 14:30;911.75;912.21;911.53;911.53;6.42;5854.36;911.93
26.01.2017 14:31;911.53;912.21;909.48;909.48;1.09;996.67;910.49
26.01.2017 14:32;909.51;910.65;909.51;910.65;0.47;431.35;909.64
26.01.2017 14:33;910.45;910.45;910.45;910.45;0.01;10.57;910.45
26.01.2017 14:34;909.48;909.48;909.48;909.48;0.01;9.09;909.48
26.01.2017 14:35;910.41;910.41;910.41;910.41;0.22;196.9;910.41
26.01.2017 14:36;0;0;0;0;0;0;0
26.01.2017 14:37;909.48;909.48;909.13;909.13;2.6;2363.88;909.18
26.01.2017 14:38;910.41;911.78;910.41;911.78;23.08;21028.74;911.26
26.01.2017 14:39;911.36;911.36;911.36;911.36;0.02;14.13;911.36
26.01.2017 14:40;910.83;910.83;910.83;910.83;0.11;100.57;910.83
26.01.2017 14:41;910.92;911.4;910.92;911;5;4557.3;911.01
26.01.2017 14:42;911.01;911.01;910.98;910.98;22.27;20292.05;910.98
26.01.2017 14:43;910.91;910.91;910.91;910.91;0.02;19.95;910.91
26.01.2017 14:44;0;0;0;0;0;0;0
26.01.2017 14:45;911.44;911.62;911.44;911.49;6.56;5976.95;911.58
26.01.2017 14:46;911.57;912;911.57;911.65;1.22;1110.04;911.61
26.01.2017 14:47;911.73;912.38;911.73;912.38;7.47;6809.91;912.06
26.01.2017 14:48;0;0;0;0;0;0;0
26.01.2017 14:49;912.5;912.51;912.5;912.51;0.31;286.47;912.5
26.01.2017 14:50;912.51;914.13;912.51;914.13;27.86;25442.46;913.11
26.01.2017 14:51;912.91;914.15;912.91;913.12;0.98;891.3;913.78
26.01.2017 14:52;913.21;914.15;913.21;914.15;3.81;3483.9;913.69
26.01.2017 14:53;912.84;914.14;912.84;914.14;25.75;23536.03;914.14
26.01.2017 14:54;913.24;913.24;913.24;913.24;0.02;18.26;913.24
26.01.2017 14:55;912.89;912.89;912.89;912.89;0.02;18.26;912.89
26.01.2017 14:56;912.97;912.97;912.97;912.97;0.02;20.3;912.97
26.01.2017 14:57;913.17;914.02;913.17;914.02;8.7;7955.66;913.94
26.01.2017 14:58;913.4;914.02;913.4;913.54;4.53;4141.01;913.96
26.01.2017 14:59;913.67;914.03;913.67;914.03;0.28;252.26;913.99
26.01.2017 15:00;914.08;914.35;914.08;914.35;4.41;4031.37;914.32
26.01.2017 15:01;914.21;914.23;914.1;914.1;0.09;80.45;914.2
26.01.2017 15:02;914.1;914.1;914.1;914.1;0.02;18.28;914.1
26.01.2017 15:03;914.1;914.1;914.1;914.1;1;913.19;914.1
26.01.2017 15:04;914.35;914.55;914.35;914.55;6;5486.97;914.49
26.01.2017 15:05;914.55;914.59;914.55;914.59;10.2;9327.94;914.57
26.01.2017 15:06;914.59;915;914.59;915;6.97;6371.24;914.61
26.01.2017 15:07;914.75;915;914.75;915;13.44;12297.5;915
26.01.2017 15:08;915;915.01;915;915.01;0.04;36.6;915.01
26.01.2017 15:09;915.11;915.55;915.05;915.11;18.14;16604.94;915.19
26.01.2017 15:10;915.29;915.87;915.29;915.87;6.54;5988.92;915.74
26.01.2017 15:11;915.51;916.4;915.17;916.4;20.18;18487.66;915.93
26.01.2017 15:12;916.51;916.82;916;916.06;22.55;20661.36;916.35
26.01.2017 15:13;915.51;915.51;914.03;914.56;11.64;10647.07;914.91
26.01.2017 15:14;913.66;913.66;913.66;913.66;0.25;227.67;913.66
26.01.2017 15:15;913.65;913.65;912.52;912.52;17.32;15824.41;913.64
26.01.2017 15:16;912.56;912.56;912.56;912.56;0.41;378.09;912.56
26.01.2017 15:17;914.39;914.39;914.39;914.39;0.03;26.02;914.39
26.01.2017 15:18;0;0;0;0;0;0;0
26.01.2017 15:19;914.38;915.52;914.38;915.51;2.52;2307.88;915.01
26.01.2017 15:20;0;0;0;0;0;0;0
26.01.2017 15:21;915.42;915.42;914.54;914.54;0.51;463.28;914.55
26.01.2017 15:22;0;0;0;0;0;0;0
26.01.2017 15:23;914.97;915.41;914.97;915.41;0.46;421.94;915.36
26.01.2017 15:24;915.41;915.51;915.41;915.51;4.26;3900.54;915.42
26.01.2017 15:25;915;915;915;915;0.08;73.2;915
26.01.2017 15:26;915.51;916.97;915.51;916.35;19.41;17792.49;916.63
26.01.2017 15:27;916.96;917;915.72;917;3.05;2799.13;916.77
26.01.2017 15:28;917;917;916.05;916.05;0.5;455.06;916.9
26.01.2017 15:29;916.33;916.72;916.33;916.72;0.04;36.66;916.53
26.01.2017 15:30;916.72;916.72;916.72;916.72;4.06;3721.88;916.72
26.01.2017 15:31;916.74;917;916.7;917;2.65;2432.3;916.72
26.01.2017 15:32;917;917.3;916.63;917.3;0.35;322.24;917.27
26.01.2017 15:33;917.44;917.45;917.35;917.45;1.22;1115.18;917.36
26.01.2017 15:34;917.5;917.54;916.78;917.5;49.51;45413.71;917.23
26.01.2017 15:35;917.54;917.85;916.74;916.74;17.66;16213.07;917.81
26.01.2017 15:36;916.92;916.92;916.56;916.56;0.04;36.67;916.74
26.01.2017 15:37;917;917;917;917;0.02;22.1;917
26.01.2017 15:38;916.88;917.36;916.56;916.56;4.15;3808.33;916.87
26.01.2017 15:39;916.61;916.61;916.61;916.61;1.5;1374.92;916.61
26.01.2017 15:40;916.61;916.63;916.6;916.6;5.2;4766.39;916.61
26.01.2017 15:41;916.6;917.32;916.6;917.32;0.34;310.24;917.07
26.01.2017 15:42;917.18;917.3;917.18;917.3;2.63;2410.71;917.25
26.01.2017 15:43;917.3;917.4;916.6;917.39;10.47;9600.07;917.02
26.01.2017 15:44;917.25;917.25;917.25;917.25;0.07;66.6;917.25
26.01.2017 15:45;917.29;918.78;917.29;918.21;87.49;80321.93;918.09
26.01.2017 15:46;918.59;918.59;918.59;918.59;0.39;362.57;918.59
26.01.2017 15:47;918.24;918.53;918.24;918.53;1.91;1755.47;918.52
26.01.2017 15:48;918.24;918.24;916.74;916.74;3.75;3437.13;917.76
26.01.2017 15:49;0;0;0;0;0;0;0
26.01.2017 15:50;0;0;0;0;0;0;0
26.01.2017 15:51;918.14;918.14;916.9;918;0.99;904.7;917
26.01.2017 15:52;918.18;918.24;918.18;918.24;0.06;50.81;918.23
26.01.2017 15:53;918.24;918.79;918.24;918.77;2.22;2040.9;918.7
26.01.2017 15:54;918.84;918.84;917.78;917.78;8.96;8229.06;918.22
26.01.2017 15:55;917.78;919.48;917.78;919.48;5.14;4723.36;918.87
26.01.2017 15:56;918.07;919.01;918.07;918.1;2.01;1847.12;918.22
26.01.2017 15:57;919.01;919.01;918.97;918.97;0.73;668.93;918.98
26.01.2017 15:58;918.03;918.03;917.22;917.37;4.13;3784.93;917.39
26.01.2017 15:59;918.85;918.85;917.18;918.62;8.36;7664.44;917.24
26.01.2017 16:00;918.52;918.53;918.1;918.11;12.35;11336.94;918.27
26.01.2017 16:01;917.82;918.52;917.82;918.52;0.06;50.66;918.06
26.01.2017 16:02;917.77;917.77;917.77;917.77;0.01;5.02;917.77
26.01.2017 16:03;0;0;0;0;0;0;0
26.01.2017 16:04;917.19;917.19;915.99;916.9;13.97;12803.05;916.49
26.01.2017 16:05;916.01;916.01;915.6;915.99;1.68;1541.94;915.85
26.01.2017 16:06;0;0;0;0;0;0;0
26.01.2017 16:07;915.79;916;915.78;916;0.9;821.17;915.91
26.01.2017 16:08;915.51;915.51;915.51;915.51;0.5;457.76;915.51
26.01.2017 16:09;915.5;915.5;915.5;915.5;0.05;50.12;915.5
26.01.2017 16:10;915.06;915.06;915;915;30.97;28334.02;915
26.01.2017 16:11;915.02;915.02;915;915;38.84;35535.03;915.01
26.01.2017 16:12;915;915;915;915;0.1;91.5;915
26.01.2017 16:13;916.03;916.52;916.03;916.5;25.1;23004.48;916.4
26.01.2017 16:14;916.5;916.78;916.5;916.78;0.14;130.18;916.74
26.01.2017 16:15;916.78;917.53;916.78;917.5;3.45;3161.32;917.35
26.01.2017 16:16;917.5;917.5;917.5;917.5;10.91;10012.4;917.5
26.01.2017 16:17;917.51;918.03;917.51;918;18.79;17247.27;917.83
26.01.2017 16:18;918;918.45;918;918;5.38;4938.84;918
26.01.2017 16:19;918.7;919;918;918.01;3.05;2800.5;918.27
26.01.2017 16:20;918.01;918.7;918.01;918.01;3.23;2962.67;918.63
26.01.2017 16:21;918.01;919.49;918.01;918.74;3.07;2820.89;919.32
26.01.2017 16:22;918.3;919.48;918.02;918.02;6.36;5839.51;918.83
26.01.2017 16:23;918.02;918.02;918;918;6.09;5593.38;918
26.01.2017 16:24;918;919.13;918;918;2.52;2312.69;918.59
26.01.2017 16:25;918;918.8;918;918.04;1.42;1306.17;918.54
26.01.2017 16:26;918.04;919.13;918.04;918.04;0.06;56.74;918.42
26.01.2017 16:27;918.04;918.04;917.78;917.78;11.13;10221.26;918
26.01.2017 16:28;917.78;917.78;917;917;12.02;11019.98;917.01
26.01.2017 16:29;918;918;918;918;1;918;918
26.01.2017 16:30;917.95;917.95;917.95;917.95;0.11;98.17;917.95
26.01.2017 16:31;917.5;917.5;917.5;917.5;2;1835;917.5
26.01.2017 16:32;917.25;917.25;917.25;917.25;0.08;77.92;917.25
26.01.2017 16:33;917.22;917.5;917.22;917.5;3.6;3302.4;917.33
26.01.2017 16:34;917.5;917.5;917.5;917.5;5;4587.6;917.5
26.01.2017 16:35;0;0;0;0;0;0;0
26.01.2017 16:36;917.49;917.95;917.49;917.95;12.74;11689.85;917.57
26.01.2017 16:37;917.99;918;917;917;3.38;3102.46;917.73
26.01.2017 16:38;917.99;918.4;917.99;918.4;8.21;7535.59;918.32
26.01.2017 16:39;918.4;918.4;918.4;918.4;2.51;2309.12;918.4
26.01.2017 16:40;918.4;918.4;918.4;918.4;0.03;27.56;918.4
26.01.2017 16:41;918.4;918.4;917.34;917.34;0.22;200.29;918.17
26.01.2017 16:42;917.42;918.39;917.42;917.54;2.89;2653.12;917.71
26.01.2017 16:43;917.42;917.42;917.42;917.42;5;4587.1;917.42
26.01.2017 16:44;917.49;917.49;917.46;917.46;1.88;1723.73;917.48
26.01.2017 16:45;917.24;917.47;917.01;917.47;5.93;5444.15;917.42
26.01.2017 16:46;917.47;917.47;917.01;917.01;0.83;762.05;917.44
26.01.2017 16:47;917.02;917.02;917;917;10.9;9994.86;917.01
26.01.2017 16:48;917;917;917;917;7.74;7093.69;917
26.01.2017 16:49;917;917;917;917;7.14;6545.83;917
26.01.2017 16:50;917;917;917;917;0.1;93.53;917
26.01.2017 16:51;917;917;917;917;2.27;2085.43;917
26.01.2017 16:52;917;917;917;917;10.12;9277.01;917
26.01.2017 16:53;917.01;917.01;917;917;1.87;1712.92;917
26.01.2017 16:54;0;0;0;0;0;0;0
26.01.2017 16:55;916.78;916.78;916.25;916.25;1;916.52;916.52
26.01.2017 16:56;916.98;916.98;916.98;916.98;2.01;1844.17;916.98
26.01.2017 16:57;916.23;916.23;915.91;915.91;20.45;18731.95;916.1
26.01.2017 16:58;917;917;915;915;117.12;107183.6;915.2
26.01.2017 16:59;916;916;915;915;44.43;40656.74;915
26.01.2017 17:00;915.71;915.71;915;915.01;5.6;5130.19;915.42
26.01.2017 17:01;915;915.01;915;915.01;2.01;1838.03;915
26.01.2017 17:02;915.01;915.01;915;915;5.14;4706.36;915
26.01.2017 17:03;915;915.01;915;915.01;5.17;4729.2;915.01
26.01.2017 17:04;915.01;915.01;915.01;915.01;4;3660.04;915.01
26.01.2017 17:05;915.01;915.91;915.01;915.85;18.02;16493.51;915.49
26.01.2017 17:06;915.81;915.81;915.01;915.6;12.97;11869.97;915.43
26.01.2017 17:07;915.54;915.54;915;915.5;38.32;35061.16;915.02
26.01.2017 17:08;915;915;915;915;0.15;137.29;915
26.01.2017 17:09;0;0;0;0;0;0;0
26.01.2017 17:10;915;915;915;915;0.06;53.54;915
26.01.2017 17:11;915;915;915;915;0.25;226.92;915
26.01.2017 17:12;915.49;915.49;915;915;0.34;308.53;915.2
26.01.2017 17:13;915.48;915.48;915.01;915.48;0.21;193.65;915.36
26.01.2017 17:14;915.68;915.73;915.5;915.5;6.81;6233.88;915.68
26.01.2017 17:15;915.5;915.5;915.02;915.5;1.46;1332.72;915.33
26.01.2017 17:16;915.5;915.92;915.5;915.91;15.5;14197.3;915.91
26.01.2017 17:17;915.9;915.9;915.9;915.9;0.05;46.8;915.9
26.01.2017 17:18;915.91;915.91;915.91;915.91;0.45;411.25;915.91
26.01.2017 17:19;915.23;915.91;915.23;915.91;0.06;57.21;915.4
26.01.2017 17:20;915.06;915.92;915.01;915.06;3.15;2884.25;915.04
26.01.2017 17:21;915.92;915.92;915.92;915.92;0.02;14.65;915.92
26.01.2017 17:22;915.9;915.9;915.9;915.9;0.01;10.4;915.9
26.01.2017 17:23;0;0;0;0;0;0;0
26.01.2017 17:24;0;0;0;0;0;0;0
26.01.2017 17:25;915.9;915.9;915.9;915.9;0.02;14.65;915.9
26.01.2017 17:26;915.9;915.9;915.9;915.9;0.4;370.56;915.9
26.01.2017 17:27;915.3;915.83;915.3;915.83;0.5;454;915.32
26.01.2017 17:28;915.83;915.83;915.83;915.83;0.02;14.96;915.83
26.01.2017 17:29;915.02;915.8;915.02;915.79;0.37;340.76;915.27
26.01.2017 17:30;915.75;915.75;915.69;915.69;0.08;74.61;915.73
26.01.2017 17:31;0;0;0;0;0;0;0
26.01.2017 17:32;915.79;915.79;915.79;915.79;0.06;50.74;915.79
26.01.2017 17:33;915.76;916.03;915.76;916.03;0.09;78.03;915.79
26.01.2017 17:34;915.89;915.89;915.89;915.89;0.07;61.34;915.89
26.01.2017 17:35;915.93;916.03;915.83;916.03;5.75;5265.53;915.93
26.01.2017 17:36;916.03;916.25;916.03;916.25;6.21;5685.79;916.23
26.01.2017 17:37;916.26;916.65;916.01;916.65;3.77;3452.42;916.16
26.01.2017 17:38;916.65;916.65;916.65;916.65;6.11;5598.44;916.65
26.01.2017 17:39;916.2;916.24;916.2;916.24;0.49;448.03;916.21
26.01.2017 17:40;0;0;0;0;0;0;0
26.01.2017 17:41;916.55;916.66;916.55;916.66;2.59;2378.33;916.58
26.01.2017 17:42;916.54;916.54;915.66;915.66;3.18;2912.08;915.96
26.01.2017 17:43;915.34;915.55;915.33;915.55;11.61;10628.34;915.45
26.01.2017 17:44;915.78;915.78;915.78;915.78;2.36;2164.23;915.78
26.01.2017 17:45;0;0;0;0;0;0;0
26.01.2017 17:46;916.11;916.56;915;915;28.74;26311.81;915.43
26.01.2017 17:47;914.98;915;914.94;914.94;6.32;5784.03;915
26.01.2017 17:48;914.84;914.85;914.56;914.85;12.06;11026.72;914.7
26.01.2017 17:49;914.85;914.85;913.01;913.99;10.42;9519.12;913.66
26.01.2017 17:50;913.99;914;913.98;913.98;0.21;190.11;913.99
26.01.2017 17:51;913.98;914.48;913.98;914.45;4.16;3800.5;914.01
26.01.2017 17:52;914.45;914.62;913.52;913.52;4.92;4499.75;914.32
26.01.2017 17:53;913.82;914.57;913.82;914.57;0.63;575.52;913.84
26.01.2017 17:54;914.61;914.64;914.61;914.64;2;1829.26;914.63
26.01.2017 17:55;914.39;914.63;914.39;914.63;0.3;276.88;914.45
26.01.2017 17:56;914.63;914.63;914.39;914.44;2.88;2636.67;914.57
26.01.2017 17:57;914.44;914.44;913.06;913.88;29.52;26973.08;913.65
26.01.2017 17:58;913.84;913.84;913.84;913.84;2;1827.68;913.84
26.01.2017 17:59;913.86;913.95;913.86;913.87;0.2;180.38;913.89
26.01.2017 18:00;913.97;914;913.97;914;2.02;1849.92;913.99
26.01.2017 18:01;913.87;913.87;913.87;913.87;0.02;21.4;913.87
26.01.2017 18:02;913.87;914;913.87;914;3.8;3472.99;913.92
26.01.2017 18:03;913.84;913.84;913.84;913.84;0.53;481.38;913.84
26.01.2017 18:04;914;914;913.39;913.39;7.09;6478.23;913.71
26.01.2017 18:05;913.5;913.98;913.5;913.97;10.63;9715.34;913.95
26.01.2017 18:06;913.97;914;913.97;914;2;1828;914
26.01.2017 18:07;914;914;914;914;6.74;6163.19;914
26.01.2017 18:08;914;914;914;914;2.01;1838.77;914
26.01.2017 18:09;914;914;914;914;0.01;7.71;914
26.01.2017 18:10;913.87;913.87;913.86;913.86;22;20104.94;913.86
26.01.2017 18:11;913.66;913.99;913.66;913.99;0.41;374.79;913.83
26.01.2017 18:12;913.88;913.99;913.34;913.34;2.43;2222.81;913.89
26.01.2017 18:13;913.96;913.96;913.68;913.68;12.54;11462.4;913.94
26.01.2017 18:14;913.96;913.96;913.95;913.95;2.02;1847.5;913.96
26.01.2017 18:15;913.68;913.99;913.68;913.99;2.07;1888.7;913.69
26.01.2017 18:16;913.89;913.89;913.79;913.79;0.15;140.67;913.85
26.01.2017 18:17;913.77;913.77;913.77;913.77;5.97;5455.21;913.77
26.01.2017 18:18;913.79;913.79;913.79;913.79;0.03;26.2;913.79
26.01.2017 18:19;913.79;913.79;913.79;913.79;5.71;5217.87;913.79
26.01.2017 18:20;913.79;914;913.79;914;1.48;1350.84;913.83
26.01.2017 18:21;914;914;914;914;0.13;116.17;914
26.01.2017 18:22;914;914;913.81;913.81;2.01;1837.63;913.81
26.01.2017 18:23;913.81;914;913.81;914;6.92;6327.35;913.99
26.01.2017 18:24;914;914;914;914;0.01;9.84;914
26.01.2017 18:25;914;914;914;914;0.1;88.52;914
26.01.2017 18:26;914;914;913.95;913.95;3.56;3257.06;913.96
26.01.2017 18:27;914;914;913.83;913.84;3.56;3256.24;913.99
26.01.2017 18:28;913.84;914;913.84;914;0.23;211.01;913.88
26.01.2017 18:29;914;914;914;914;1.41;1286.73;914
26.01.2017 18:30;914;914;914;914;0.02;15.68;914
26.01.2017 18:31;914;914;914;914;0.05;45.98;914
26.01.2017 18:32;914;914;913.38;913.38;2.99;2728.76;913.8
26.01.2017 18:33;913.66;914;913.66;914;1.36;1241.25;913.75
26.01.2017 18:34;914;914;914;914;2.11;1932.12;914
26.01.2017 18:35;913.66;913.66;913.57;913.57;0.12;113.13;913.58
26.01.2017 18:36;913.97;914;913.97;914;2;1827.96;913.98
26.01.2017 18:37;914;914;913.39;913.39;1.73;1578.88;913.92
26.01.2017 18:38;913.58;913.58;913.58;913.58;2;1827.16;913.58
26.01.2017 18:39;914;914;914;914;0.1;91.4;914
26.01.2017 18:40;913.5;913.5;913.5;913.5;2;1827;913.5
26.01.2017 18:41;0;0;0;0;0;0;0
26.01.2017 18:42;913.23;913.5;913.21;913.5;8.24;7525.54;913.29
26.01.2017 18:43;913.5;913.5;913.09;913.09;8.41;7681.19;913.14
26.01.2017 18:44;913.48;913.5;913.48;913.5;2.5;2282.13;913.5
26.01.2017 18:45;913.45;913.5;913.45;913.5;5.59;5102.18;913.5
26.01.2017 18:46;914;914;914;914;2;1828;914
26.01.2017 18:47;913.98;913.98;913.98;913.98;0.59;543.15;913.98
26.01.2017 18:48;913.98;914;913.98;914;2;1828;914
26.01.2017 18:49;914;914;914;914;0.6;548.4;914
26.01.2017 18:50;914;914;914;914;2.47;2256.41;914
26.01.2017 18:51;913.99;913.99;913.99;913.99;0.07;61.36;913.99
26.01.2017 18:52;913.99;913.99;913.69;913.69;3.18;2906.1;913.9
26.01.2017 18:53;912.55;912.55;910.45;910.82;13.86;12644.82;912.12
26.01.2017 18:54;910.77;910.77;908.88;910.51;16.35;14876.91;910.13
26.01.2017 18:55;910.51;910.52;910.51;910.52;0.38;347.49;910.52
26.01.2017 18:56;910.18;910.51;910.18;910.51;1.03;934.66;910.19
26.01.2017 18:57;910.52;910.52;910.09;910.09;1.06;964.94;910.11
26.01.2017 18:58;910.5;910.5;910.5;910.5;0.01;10.24;910.5
26.01.2017 18:59;910.49;910.49;910.03;910.03;0.03;23.67;910.31
26.01.2017 19:00;910;910.5;910;910.5;29.49;26832.71;910.03
26.01.2017 19:01;910.5;910.76;910.5;910.69;6.82;6207.32;910.62
26.01.2017 19:02;911.19;912.95;911.19;912.95;5.75;5243.43;912.2
26.01.2017 19:03;912.94;912.94;911.85;911.85;0.99;902.15;911.98
26.01.2017 19:04;911.81;911.81;911.54;911.54;4.37;3981.47;911.58
26.01.2017 19:05;911.15;912.14;910.82;911.79;3.09;2811.99;910.91
26.01.2017 19:06;911;911;911;911;1;911;911
26.01.2017 19:07;911;911.5;911;911.5;1.5;1363.89;911.16
26.01.2017 19:08;0;0;0;0;0;0;0
26.01.2017 19:09;911.5;911.5;911.5;911.5;0.02;14.58;911.5
26.01.2017 19:10;0;0;0;0;0;0;0
26.01.2017 19:11;0;0;0;0;0;0;0
26.01.2017 19:12;911.5;911.5;910.92;910.92;0.12;109.33;911.05
26.01.2017 19:13;911.02;911.5;911.02;911.5;0.73;660.86;911.47
26.01.2017 19:14;911.65;912.07;911.65;911.96;5.05;4600.85;911.83
26.01.2017 19:15;912.06;912.06;911.99;911.99;1;912.02;912.02
26.01.2017 19:16;911.98;911.98;911.98;911.98;0.09;85.94;911.98
26.01.2017 19:17;0;0;0;0;0;0;0
26.01.2017 19:18;911.9;911.9;911.9;911.9;0.02;18.45;911.9
26.01.2017 19:19;911.9;911.9;911.9;911.9;0.19;169.51;911.9
26.01.2017 19:20;911.33;911.9;911.33;911.9;0.1;89.53;911.72
26.01.2017 19:21;911.9;911.9;911.9;911.9;0.39;354.97;911.9
26.01.2017 19:22;911.9;912;911.9;912;2.41;2193.85;911.98
26.01.2017 19:23;912;913;912;913;3.5;3193.26;912.09
26.01.2017 19:24;913;913.51;913;913.51;0.06;52.12;913.17
26.01.2017 19:25;913.51;914;913.51;914;16.23;14833.47;913.94
26.01.2017 19:26;0;0;0;0;0;0;0
26.01.2017 19:27;914;914;914;914;0.31;282.38;914
26.01.2017 19:28;913.4;913.99;913.4;913.99;1.32;1203.97;913.49
26.01.2017 19:29;913.2;913.99;913.2;913.99;3.94;3601.7;913.21
26.01.2017 19:30;913.99;913.99;913.55;913.55;0.23;209.03;913.72
26.01.2017 19:31;913.9;914;913.9;914;7.89;7214.86;913.93
26.01.2017 19:32;913.9;913.99;913.64;913.99;2.27;2073.03;913.8
26.01.2017 19:33;913.64;913.64;913.64;913.64;0.37;340.73;913.64
26.01.2017 19:34;913.58;913.64;913.58;913.64;0.34;308.7;913.58
26.01.2017 19:35;913.64;913.64;913.64;913.64;0.14;124.89;913.64
26.01.2017 19:36;913.58;913.64;913.58;913.58;3.8;3467.85;913.58
26.01.2017 19:37;913.64;914;913.64;914;1.9;1740.09;913.73
26.01.2017 19:38;913.99;913.99;913.75;913.75;2.38;2174.52;913.79
26.01.2017 19:39;913.99;914;913.75;913.75;11.28;10311.46;913.99
26.01.2017 19:40;914;914;914;914;0.25;225.76;914
26.01.2017 19:41;914;914;913.82;914;6.11;5586.49;913.82
26.01.2017 19:42;914;914;914;914;0.13;122.43;914
26.01.2017 19:43;914;914;914;914;0.11;98.71;914
26.01.2017 19:44;914;914;914;914;0.03;28.33;914
26.01.2017 19:45;914;914;913.99;913.99;1.09;995.11;913.99
26.01.2017 19:46;913.99;913.99;913.99;913.99;0.01;9.14;913.99
26.01.2017 19:47;914;914;914;914;0.1;91.4;914
26.01.2017 19:48;913.99;913.99;913.99;913.99;0.44;403.53;913.99
26.01.2017 19:49;913.99;913.99;913.99;913.99;0.03;28.13;913.99
26.01.2017 19:50;913.99;913.99;913.99;913.99;0.09;80.43;913.99
26.01.2017 19:51;913.99;913.99;913.99;913.99;0.67;609.29;913.99
26.01.2017 19:52;914;914;914;914;0.14;130.7;914
26.01.2017 19:53;0;0;0;0;0;0;0
26.01.2017 19:54;913.99;913.99;913.99;913.99;0.34;312.47;913.99
26.01.2017 19:55;914;914;914;914;0.1;87.93;914
26.01.2017 19:56;0;0;0;0;0;0;0
26.01.2017 19:57;913.98;913.98;913.97;913.97;0.53;479.87;913.97
26.01.2017 19:58;913.97;913.97;913.97;913.97;0.1;93.22;913.97
26.01.2017 19:59;913.97;913.97;913.97;913.97;0.58;528.29;913.97
26.01.2017 20:00;913.98;914;913.98;913.99;2.41;2204.19;913.99
26.01.2017 20:01;914;914.65;914;914.52;5.03;4600.6;914.02
26.01.2017 20:02;914.61;914.61;914.55;914.55;0.06;55;914.59
26.01.2017 20:03;914.2;914.2;913.97;913.97;0.11;97.84;913.99
26.01.2017 20:04;914.52;914.52;912.83;914.07;40.03;36580.9;913.77
26.01.2017 20:05;913.86;913.86;912.81;912.82;30.02;27406.65;912.84
26.01.2017 20:06;912.84;912.84;912.84;912.84;0.72;655.56;912.84
26.01.2017 20:07;0;0;0;0;0;0;0
26.01.2017 20:08;912.99;912.99;912.99;912.99;0.02;21.1;912.99
26.01.2017 20:09;912.99;913.1;912.99;913.1;0.33;299.43;913
26.01.2017 20:10;912.99;912.99;912.99;912.99;0.63;577.38;912.99
26.01.2017 20:11;913.26;913.29;913.23;913.29;1.66;1516.84;913.26
26.01.2017 20:12;0;0;0;0;0;0;0
26.01.2017 20:13;913.52;913.52;913.52;913.52;1.56;1426.09;913.52
26.01.2017 20:14;913.51;913.51;913.3;913.3;2;1826.81;913.41
26.01.2017 20:15;913.27;913.27;912.84;912.84;1.52;1389.31;913.13
26.01.2017 20:16;912.85;913.26;912.85;913.26;26.32;24029.33;913
26.01.2017 20:17;913.39;913.39;913.39;913.39;8.19;7480.66;913.39
26.01.2017 20:18;913.58;913.58;913.58;913.58;5;4567.9;913.58
26.01.2017 20:19;913.37;913.69;913.37;913.69;11.35;10372.58;913.68
26.01.2017 20:20;913.54;913.64;913.54;913.64;8.77;8014.42;913.54
26.01.2017 20:21;912.76;913.57;912.12;912.19;5.11;4661.43;912.31
26.01.2017 20:22;0;0;0;0;0;0;0
26.01.2017 20:23;913.11;913.59;913.11;913.59;1.08;987.1;913.3
26.01.2017 20:24;913.59;913.63;913.59;913.63;0.15;139.58;913.61
26.01.2017 20:25;913.63;913.64;913.63;913.63;1.68;1532.4;913.63
26.01.2017 20:26;913.63;913.88;913.06;913.06;1.71;1561.94;913.77
26.01.2017 20:27;913.79;914;913;914;30.44;27813.09;913.67
26.01.2017 20:28;914;914;914;914;5.5;5027;914
26.01.2017 20:29;0;0;0;0;0;0;0
26.01.2017 20:30;913.12;913.12;912.01;912.01;5.01;4566.09;912.11
26.01.2017 20:31;913.03;913.03;912.06;912.11;1.12;1020.35;912.19
26.01.2017 20:32;912.11;912.21;912.11;912.21;1;912.16;912.16
26.01.2017 20:33;912.38;912.82;912.38;912.82;1.49;1358.8;912.55
26.01.2017 20:34;912.29;912.97;912.29;912.32;1.14;1042.78;912.34
26.01.2017 20:35;912.3;912.95;912.3;912.95;2.66;2429.61;912.73
26.01.2017 20:36;913;913;913;913;0.23;205.54;913
26.01.2017 20:37;913.03;913.03;913.03;913.03;0.38;348.25;913.03
26.01.2017 20:38;913.04;913.04;913.04;913.04;0.18;160.26;913.04
26.01.2017 20:39;0;0;0;0;0;0;0
26.01.2017 20:40;913.04;913.04;913.04;913.04;0.32;296.26;913.04
26.01.2017 20:41;913.12;913.85;913.12;913.85;0.06;55.16;913.26
26.01.2017 20:42;913.85;913.85;913.85;913.85;5.14;4697.19;913.85
26.01.2017 20:43;913.96;914.03;913.94;914.03;25.93;23694.95;913.98
26.01.2017 20:44;0;0;0;0;0;0;0
26.01.2017 20:45;914.03;914.08;914.03;914.08;4.93;4502.27;914.07
26.01.2017 20:46;0;0;0;0;0;0;0
26.01.2017 20:47;913.55;914.14;913.55;914.14;0.25;225.41;913.88
26.01.2017 20:48;913.75;913.75;913.75;913.75;10;9137.5;913.75
26.01.2017 20:49;913.28;913.29;913.28;913.29;0.23;208.01;913.28
26.01.2017 20:50;914.13;914.13;914.13;914.13;0.01;12.27;914.13
26.01.2017 20:51;914.13;914.13;914.13;914.13;0.13;114.57;914.13
26.01.2017 20:52;913.29;913.29;913.27;913.27;40.73;37200.36;913.29
26.01.2017 20:53;913.18;913.94;913.18;913.94;0.06;52.09;913.94
26.01.2017 20:54;0;0;0;0;0;0;0
26.01.2017 20:55;913.54;913.57;913.52;913.52;8.38;7655.68;913.57
26.01.2017 20:56;913.52;913.52;913.52;913.52;0.43;388.97;913.52
26.01.2017 20:57;913.52;913.52;913.09;913.09;4.79;4374.87;913.51
26.01.2017 20:58;913.52;913.52;913.52;913.52;0.25;228.38;913.52
26.01.2017 20:59;913.11;913.11;913.11;913.11;0.06;57.66;913.11
26.01.2017 21:00;913.12;913.12;913.12;913.12;0.08;73.05;913.12
26.01.2017 21:01;913.51;913.51;913.51;913.51;0.3;274.14;913.51
26.01.2017 21:02;913.12;913.13;913.12;913.13;0.48;435.45;913.12
26.01.2017 21:03;913.13;913.48;913.13;913.48;0.33;305.29;913.27
26.01.2017 21:04;913.52;913.95;913.48;913.48;0.29;266.09;913.53
26.01.2017 21:05;0;0;0;0;0;0;0
26.01.2017 21:06;913.63;913.63;913.63;913.63;0.24;215.49;913.63
26.01.2017 21:07;913.55;913.55;913.55;913.55;0.62;570.9;913.55
26.01.2017 21:08;913.53;913.53;913.04;913.04;0.34;309.49;913.5
26.01.2017 21:09;0;0;0;0;0;0;0
26.01.2017 21:10;913.49;913.49;913.49;913.49;0.11;103.18;913.49
26.01.2017 21:11;913.04;913.04;913;913;2.79;2550.34;913.01
26.01.2017 21:12;913.3;913.3;913.3;913.3;0.25;231.47;913.3
26.01.2017 21:13;912.89;913.94;912.89;913.94;0.35;321.27;913.91
26.01.2017 21:14;913.9;913.9;912.07;912.07;0.87;795.37;912.19
26.01.2017 21:15;913.64;913.64;913.64;913.64;0.15;135.79;913.64
26.01.2017 21:16;913.01;913.01;913.01;913.01;0.01;10.27;913.01
26.01.2017 21:17;912.85;912.85;912.85;912.85;0.03;27.39;912.85
26.01.2017 21:18;912.9;913.04;912.9;913.04;0.44;398.64;912.92
26.01.2017 21:19;0;0;0;0;0;0;0
26.01.2017 21:20;0;0;0;0;0;0;0
26.01.2017 21:21;0;0;0;0;0;0;0
26.01.2017 21:22;913.03;913.03;913.03;913.03;0.98;895.44;913.03
26.01.2017 21:23;912.6;912.79;912.05;912.05;2.95;2692.53;912.23
26.01.2017 21:24;0;0;0;0;0;0;0
26.01.2017 21:25;912.67;913;912.12;913;35.32;32237.64;912.73
26.01.2017 21:26;913.04;913.05;913.04;913.05;0.13;115.96;913.05
26.01.2017 21:27;913.05;913.05;913;913;9;8217.04;913
26.01.2017 21:28;913.19;913.19;913.19;913.19;0.22;199.98;913.19
26.01.2017 21:29;913.32;913.32;913.32;913.32;0.01;10.96;913.32
26.01.2017 21:30;913.34;913.34;913;913;1.08;988.13;913.16
26.01.2017 21:31;913;913;913;913;1;913;913
26.01.2017 21:32;913.01;913.01;913;913;1;913;913
26.01.2017 21:33;913;913.01;913;913;1;913;913
26.01.2017 21:34;913;913;913;913;2.05;1873.84;913
26.01.2017 21:35;913;913;913;913;1;913;913
26.01.2017 21:36;913;913.34;913;913.34;1.08;987.17;913.02
26.01.2017 21:37;913;913;913;913;1.14;1043.68;913
26.01.2017 21:38;913.28;913.34;913;913;10.63;9705.6;913
26.01.2017 21:39;913;913.25;913;913.25;10.53;9615.88;913
26.01.2017 21:40;913;913.25;913;913.25;0.89;811.39;913
26.01.2017 21:41;0;0;0;0;0;0;0
26.01.2017 21:42;913;913.25;913;913.25;0.22;205.35;913.06
26.01.2017 21:43;913;913.25;913;913.25;0.26;235.37;913.04
26.01.2017 21:44;913.25;913.25;913.25;913.25;0.25;228.89;913.25
26.01.2017 21:45;913.25;913.25;913;913;0.13;118.46;913.15
26.01.2017 21:46;913.25;913.25;913;913.25;0.08;75.47;913.22
26.01.2017 21:47;913.25;913.25;913.25;913.25;0.01;8.5;913.25
26.01.2017 21:48;913.25;913.25;913.25;913.25;0.04;33.72;913.25
26.01.2017 21:49;913;913;913;913;0.97;885.61;913
26.01.2017 21:50;913.25;913.25;913.24;913.24;0.05;47.45;913.24
26.01.2017 21:51;913.24;913.24;913.24;913.24;0.06;53.88;913.24
26.01.2017 21:52;913.24;913.24;913.24;913.24;0.02;18.26;913.24
26.01.2017 21:53;913.24;913.24;913.24;913.24;0.05;49.31;913.24
26.01.2017 21:54;913.13;913.13;912.78;912.78;10.1;9220.94;912.78
26.01.2017 21:55;0;0;0;0;0;0;0
26.01.2017 21:56;0;0;0;0;0;0;0
26.01.2017 21:57;913;913;913;913;0.02;19.17;913
26.01.2017 21:58;0;0;0;0;0;0;0
26.01.2017 21:59;913.25;913.25;913.25;913.25;0.1;90.5;913.25
26.01.2017 22:00;0;0;0;0;0;0;0
26.01.2017 22:01;913.25;913.25;913.25;913.25;0.31;286.91;913.25
26.01.2017 22:02;912.77;912.77;912.77;912.77;0.24;220.09;912.77
26.01.2017 22:03;913.09;913.09;913.09;913.09;0.03;24.65;913.09
26.01.2017 22:04;913.34;913.34;913.34;913.34;0.15;134.37;913.34
26.01.2017 22:05;0;0;0;0;0;0;0
26.01.2017 22:06;913.34;913.5;913.34;913.5;1.24;1133.62;913.47
26.01.2017 22:07;913.82;913.82;913.82;913.82;0.04;33.81;913.82
26.01.2017 22:08;913.98;914;913.52;913.62;8.93;8161.81;913.98
26.01.2017 22:09;913.52;914;913.52;914;9.42;8608.32;913.95
26.01.2017 22:10;914;914;914;914;0.44;401.25;914
26.01.2017 22:11;914;915;914;915;47.7;43633.02;914.73
26.01.2017 22:12;0;0;0;0;0;0;0
26.01.2017 22:13;0;0;0;0;0;0;0
26.01.2017 22:14;0;0;0;0;0;0;0
26.01.2017 22:15;913.82;913.82;913.82;913.82;0.03;31.31;913.82
26.01.2017 22:16;914.99;915;914.99;915;0.25;230.7;915
26.01.2017 22:17;915;915;915;915;0.1;90.59;915
26.01.2017 22:18;0;0;0;0;0;0;0
26.01.2017 22:19;915;915;915;915;0.03;24.88;915
26.01.2017 22:20;914.99;915;914.99;914.99;2.25;2063.1;915
26.01.2017 22:21;914.99;914.99;914.99;914.99;0.06;50.32;914.99
26.01.2017 22:22;915;915;915;915;1.5;1372.5;915
26.01.2017 22:23;0;0;0;0;0;0;0
26.01.2017 22:24;0;0;0;0;0;0;0
26.01.2017 22:25;915;915;915;915;1.3;1193.09;915
26.01.2017 22:26;0;0;0;0;0;0;0
26.01.2017 22:27;0;0;0;0;0;0;0
26.01.2017 22:28;914.99;914.99;914.99;914.99;0.86;784.15;914.99
26.01.2017 22:29;0;0;0;0;0;0;0
26.01.2017 22:30;0;0;0;0;0;0;0
26.01.2017 22:31;0;0;0;0;0;0;0
26.01.2017 22:32;914.61;915;914.61;915;11.52;10540.7;914.99
26.01.2017 22:33;915.03;916.41;915.03;916.41;5.98;5479.01;915.86
26.01.2017 22:34;915.44;915.44;915.44;915.44;0.02;18.23;915.44
26.01.2017 22:35;0;0;0;0;0;0;0
26.01.2017 22:36;0;0;0;0;0;0;0
26.01.2017 22:37;0;0;0;0;0;0;0
26.01.2017 22:38;0;0;0;0;0;0;0
26.01.2017 22:39;0;0;0;0;0;0;0
26.01.2017 22:40;916.48;916.48;916.48;916.48;0.02;18.25;916.48
26.01.2017 22:41;916.5;916.6;916.48;916.48;2.32;2124.49;916.52
26.01.2017 22:42;916.6;916.9;916.48;916.48;8.04;7367.77;916.73
26.01.2017 22:43;0;0;0;0;0;0;0
26.01.2017 22:44;0;0;0;0;0;0;0
26.01.2017 22:45;0;0;0;0;0;0;0
26.01.2017 22:46;0;0;0;0;0;0;0
26.01.2017 22:47;916.48;916.48;916.48;916.48;0.84;773.62;916.48
26.01.2017 22:48;916.88;916.9;916.88;916.9;11;10085.9;916.9
26.01.2017 22:49;916.9;916.9;916.9;916.9;1.95;1786.12;916.9
26.01.2017 22:50;0;0;0;0;0;0;0
26.01.2017 22:51;0;0;0;0;0;0;0
26.01.2017 22:52;0;0;0;0;0;0;0
26.01.2017 22:53;916.88;916.88;916.88;916.88;0.05;44.46;916.88
26.01.2017 22:54;0;0;0;0;0;0;0
26.01.2017 22:55;0;0;0;0;0;0;0
26.01.2017 22:56;916.69;916.69;916.69;916.69;4.63;4240.88;916.69
26.01.2017 22:57;916.69;916.69;916.69;916.69;5.37;4926.02;916.69
26.01.2017 22:58;0;0;0;0;0;0;0
26.01.2017 22:59;0;0;0;0;0;0;0
26.01.2017 23:00;916.69;916.99;916.69;916.99;1.5;1375.35;916.9
26.01.2017 23:01;917;917.03;917;917.03;0.65;599.1;917.01
26.01.2017 23:02;0;0;0;0;0;0;0
26.01.2017 23:03;0;0;0;0;0;0;0
26.01.2017 23:04;0;0;0;0;0;0;0
26.01.2017 23:05;916.48;916.48;916.48;916.48;0.03;30.24;916.48
26.01.2017 23:06;0;0;0;0;0;0;0
26.01.2017 23:07;916.48;916.48;916.48;916.48;0.1;91.65;916.48
26.01.2017 23:08;916.48;916.48;915.85;915.85;0.22;202.2;916.16
26.01.2017 23:09;916.26;916.26;916.26;916.26;0.18;169.12;916.26
26.01.2017 23:10;0;0;0;0;0;0;0
26.01.2017 23:11;915.6;915.6;915.01;915.01;52.64;48193.67;915.57
26.01.2017 23:12;916.03;917;916.03;917;3.27;2993.41;916.79
26.01.2017 23:13;0;0;0;0;0;0;0
26.01.2017 23:14;0;0;0;0;0;0;0
26.01.2017 23:15;0;0;0;0;0;0;0
26.01.2017 23:16;0;0;0;0;0;0;0
26.01.2017 23:17;916;916;916;916;0.38;349.12;916
26.01.2017 23:18;0;0;0;0;0;0;0
26.01.2017 23:19;916;916;916;916;0.12;108.88;916
26.01.2017 23:20;0;0;0;0;0;0;0
26.01.2017 23:21;916.24;916.24;916.24;916.24;5;4581.2;916.24
26.01.2017 23:22;916.3;916.3;916.3;916.3;5;4581.5;916.3
26.01.2017 23:23;916.25;916.27;916.25;916.27;5;4581.34;916.27
26.01.2017 23:24;915.86;915.96;915.85;915.96;0.81;745.34;915.95
26.01.2017 23:25;915.74;915.74;915.74;915.74;0.5;457.87;915.74
26.01.2017 23:26;0;0;0;0;0;0;0
26.01.2017 23:27;0;0;0;0;0;0;0
26.01.2017 23:28;0;0;0;0;0;0;0
26.01.2017 23:29;915.74;916.34;915.74;916.34;0.09;82.42;915.83
26.01.2017 23:30;916.34;916.34;916.34;916.34;0.21;188.77;916.34
26.01.2017 23:31;915.53;915.53;915;915;50;45763.75;915.27
26.01.2017 23:32;916.22;916.22;916.22;916.22;0.12;109.95;916.22
26.01.2017 23:33;0;0;0;0;0;0;0
26.01.2017 23:34;916.34;916.34;916.34;916.34;0.01;11.91;916.34
26.01.2017 23:35;916.14;916.14;916.14;916.14;0.04;36.65;916.14
26.01.2017 23:36;915.96;915.96;915.96;915.96;0.06;54.96;915.96
26.01.2017 23:37;915.63;915.63;915.63;915.63;0.05;45.78;915.63
26.01.2017 23:38;0;0;0;0;0;0;0
26.01.2017 23:39;916.14;916.14;916.08;916.08;0.23;207.34;916.12
26.01.2017 23:40;915.53;915.53;915;915.1;0.42;381.78;915.42
26.01.2017 23:41;0;0;0;0;0;0;0
26.01.2017 23:42;0;0;0;0;0;0;0
26.01.2017 23:43;0;0;0;0;0;0;0
26.01.2017 23:44;915.05;916.32;915.01;915.01;0.06;51.89;915.09
26.01.2017 23:45;0;0;0;0;0;0;0
26.01.2017 23:46;0;0;0;0;0;0;0
26.01.2017 23:47;915.55;915.55;915.55;915.55;3.68;3368.5;915.55
26.01.2017 23:48;915.49;915.49;915.49;915.49;0.01;4.58;915.49
26.01.2017 23:49;915.01;915.49;915.01;915.49;0.3;270.07;915.15
26.01.2017 23:50;915.49;915.49;915.49;915.49;0.23;214.36;915.49
26.01.2017 23:51;915.5;915.5;915.5;915.5;0.22;197.17;915.5
26.01.2017 23:52;0;0;0;0;0;0;0
26.01.2017 23:53;915.05;915.05;915.05;915.05;0.21;190.11;915.05
26.01.2017 23:54;915.65;915.65;915.65;915.65;0.03;27.93;915.65
26.01.2017 23:55;0;0;0;0;0;0;0
26.01.2017 23:56;0;0;0;0;0;0;0
26.01.2017 23:57;915.05;915.05;914.94;914.94;1.25;1145.95;915
26.01.2017 23:58;914.83;914.83;914.83;914.83;0.01;13.57;914.83
26.01.2017 23:59;0;0;0;0;0;0;0
27.01.2017 00:00;914.95;914.96;914.95;914.96;3.76;3439.17;914.96
27.01.2017 00:01;915.61;916.06;915.6;916.06;0.08;72.52;915.72
27.01.2017 00:02;916.13;916.13;916.13;916.13;0.14;131.01;916.13
27.01.2017 00:03;916.17;916.17;916.17;916.17;0.04;40.31;916.17
27.01.2017 00:04;915.04;915.04;915.04;915.04;0.07;64.26;915.04
27.01.2017 00:05;915.21;915.21;915.21;915.21;0.02;19.22;915.21
27.01.2017 00:06;0;0;0;0;0;0;0
27.01.2017 00:07;0;0;0;0;0;0;0
27.01.2017 00:08;0;0;0;0;0;0;0
27.01.2017 00:09;915.34;915.34;915.33;915.33;0.62;569.74;915.33
27.01.2017 00:10;0;0;0;0;0;0;0
27.01.2017 00:11;915.31;915.9;915.31;915.85;12.16;11133.23;915.56
27.01.2017 00:12;915.71;915.71;915.61;915.61;0.34;312.66;915.7
27.01.2017 00:13;915.44;915.45;915.44;915.45;5;4577.25;915.45
27.01.2017 00:14;916.07;916.21;916.07;916.21;3.74;3428.95;916.19
27.01.2017 00:15;0;0;0;0;0;0;0
27.01.2017 00:16;0;0;0;0;0;0;0
27.01.2017 00:17;916.21;916.21;916.21;916.21;10;9162.1;916.21
27.01.2017 00:18;0;0;0;0;0;0;0
27.01.2017 00:19;0;0;0;0;0;0;0
27.01.2017 00:20;0;0;0;0;0;0;0
27.01.2017 00:21;915.65;915.65;915.65;915.65;0.69;631.8;915.65
27.01.2017 00:22;0;0;0;0;0;0;0
27.01.2017 00:23;916.21;916.22;916.21;916.22;19.79;18135.43;916.21
27.01.2017 00:24;916.25;916.48;916.21;916.21;1.5;1370.68;916.24
27.01.2017 00:25;0;0;0;0;0;0;0
27.01.2017 00:26;0;0;0;0;0;0;0
27.01.2017 00:27;916.21;916.21;916.21;916.21;0.34;311.42;916.21
27.01.2017 00:28;916.21;916.21;916.21;916.21;0.12;105.36;916.21
27.01.2017 00:29;916.48;916.52;916.48;916.52;8.72;7988.2;916.51
27.01.2017 00:30;916.52;916.52;916.52;916.52;0.13;114.57;916.52
27.01.2017 00:31;916.53;916.53;916.53;916.53;0.06;54.08;916.53
27.01.2017 00:32;0;0;0;0;0;0;0
27.01.2017 00:33;916.53;917.71;916.52;916.52;8.89;8150.63;917.1
27.01.2017 00:34;917.33;917.59;917.33;917.59;0.27;244.27;917.57
27.01.2017 00:35;0;0;0;0;0;0;0
27.01.2017 00:36;917.69;917.98;917.69;917.7;2.98;2735.29;917.81
27.01.2017 00:37;917.98;918;917.98;918;5;4589.91;917.98
27.01.2017 00:38;918;918;918;918;11.72;10754.83;918
27.01.2017 00:39;917.99;918.49;917.71;917.71;4.73;4341.48;918.22
27.01.2017 00:40;917.7;918.86;916.99;916.99;67.02;61472.89;917.27
27.01.2017 00:41;0;0;0;0;0;0;0
27.01.2017 00:42;917.81;917.81;917.69;917.69;4;3671;917.75
27.01.2017 00:43;917;917.09;917;917.09;0.58;532.36;917.05
27.01.2017 00:44;917.06;917.06;917;917;2.36;2168.65;917.03
27.01.2017 00:45;0;0;0;0;0;0;0
27.01.2017 00:46;917;917.27;916.54;917.11;3.7;3395.15;917.16
27.01.2017 00:47;0;0;0;0;0;0;0
27.01.2017 00:48;917.92;917.92;917.92;917.92;2;1835.84;917.92
27.01.2017 00:49;917.49;917.49;917.42;917.42;0.19;170.21;917.47
27.01.2017 00:50;917.41;918.08;917.4;918.08;2.23;2046.27;917.45
27.01.2017 00:51;916.82;918.03;916.82;918.03;0.14;125.22;917.12
27.01.2017 00:52;918.01;918.01;918.01;918.01;3.94;3614.3;918.01
27.01.2017 00:53;918;918;916.92;916.92;0.19;172.29;917.89
27.01.2017 00:54;917.09;918.01;917.09;917.23;2.68;2459.5;917.72
27.01.2017 00:55;918;918.06;918;918;0.51;468.02;918.02
27.01.2017 00:56;918;918;916.03;916.03;2.9;2657.97;917.57
27.01.2017 00:57;0;0;0;0;0;0;0
27.01.2017 00:58;917.34;917.34;917.11;917.11;2.39;2194.53;917.3
27.01.2017 00:59;916.39;916.39;916.39;916.39;0.2;182.44;916.39
27.01.2017 01:00;916.9;916.9;916.89;916.89;2.16;1980.02;916.9
27.01.2017 01:01;0;0;0;0;0;0;0
27.01.2017 01:02;916.74;916.74;916.74;916.74;2;1833.48;916.74
27.01.2017 01:03;916.09;916.09;915.99;915.99;10;9159.96;916
27.01.2017 01:04;916.07;917;916.07;917;2;1833.3;916.65
27.01.2017 01:05;916.54;916.54;916.54;916.54;0.01;9.65;916.54
27.01.2017 01:06;916.56;916.56;916.55;916.55;0.72;657.96;916.55
27.01.2017 01:07;0;0;0;0;0;0;0
27.01.2017 01:08;916.8;916.81;916.8;916.81;0.48;442.33;916.81
27.01.2017 01:09;0;0;0;0;0;0;0
27.01.2017 01:10;0;0;0;0;0;0;0
27.01.2017 01:11;917;917;917;917;0.17;156.42;917
27.01.2017 01:12;0;0;0;0;0;0;0
27.01.2017 01:13;0;0;0;0;0;0;0
27.01.2017 01:14;915.89;915.89;915.89;915.89;0.5;457.95;915.89
27.01.2017 01:15;0;0;0;0;0;0;0
27.01.2017 01:16;917;917;917;917;0.32;295.01;917
27.01.2017 01:17;0;0;0;0;0;0;0
27.01.2017 01:18;917;917;917;917;0.01;10.09;917
27.01.2017 01:19;917;917;916.95;916.95;0.2;178.81;916.97
27.01.2017 01:20;0;0;0;0;0;0;0
27.01.2017 01:21;0;0;0;0;0;0;0
27.01.2017 01:22;917;917;916.17;916.17;10.82;9916.59;916.23
27.01.2017 01:23;0;0;0;0;0;0;0
27.01.2017 01:24;916.52;916.52;916.52;916.52;0.24;221.53;916.52
27.01.2017 01:25;916.53;916.99;916.53;916.99;0.04;35.2;916.75
27.01.2017 01:26;916.99;917.4;916.99;917.4;11.75;10775.62;917.2
27.01.2017 01:27;917.4;917.69;917.4;917.69;12.14;11139.07;917.62
27.01.2017 01:28;918.36;918.36;918.36;918.36;0.13;115.72;918.36
27.01.2017 01:29;918.11;918.11;918.11;918.11;0.01;9.18;918.11
27.01.2017 01:30;0;0;0;0;0;0;0
27.01.2017 01:31;918.36;918.36;918.36;918.36;0.13;122.85;918.36
27.01.2017 01:32;918.36;918.37;918.36;918.37;3.79;3479.57;918.36
27.01.2017 01:33;0;0;0;0;0;0;0
27.01.2017 01:34;0;0;0;0;0;0;0
27.01.2017 01:35;0;0;0;0;0;0;0
27.01.2017 01:36;918.37;918.56;918.37;918.56;0.06;54.86;918.4
27.01.2017 01:37;918.56;918.56;918.56;918.56;0.01;8.97;918.56
27.01.2017 01:38;918.56;918.56;918.56;918.56;0.01;9.51;918.56
27.01.2017 01:39;0;0;0;0;0;0;0
27.01.2017 01:40;918.37;918.37;918.37;918.37;0.01;10.19;918.37
27.01.2017 01:41;0;0;0;0;0;0;0
27.01.2017 01:42;0;0;0;0;0;0;0
27.01.2017 01:43;918.53;918.53;918.53;918.53;0.17;156.43;918.53
27.01.2017 01:44;0;0;0;0;0;0;0
27.01.2017 01:45;918.5;918.5;918.5;918.5;0.13;122.68;918.5
27.01.2017 01:46;0;0;0;0;0;0;0
27.01.2017 01:47;918.42;918.42;918.36;918.36;20;18367.3;918.36
27.01.2017 01:48;918.36;918.36;918.36;918.36;1.56;1431.91;918.36
27.01.2017 01:49;918.37;918.37;918.37;918.37;1.11;1015.72;918.37
27.01.2017 01:50;918.36;918.36;918.1;918.1;1.34;1227.39;918.32
27.01.2017 01:51;917.58;917.58;917.58;917.58;0.02;19.03;917.58
27.01.2017 01:52;918.07;918.1;918.07;918.1;7.74;7107.49;918.1
27.01.2017 01:53;918.1;918.1;918.1;918.1;0.17;160.16;918.1
27.01.2017 01:54;918.1;918.55;918.1;918.55;2.17;1994.46;918.3
27.01.2017 01:55;0;0;0;0;0;0;0
27.01.2017 01:56;0;0;0;0;0;0;0
27.01.2017 01:57;918.55;918.55;917.82;917.82;0.04;40.5;918.18
27.01.2017 01:58;918.55;918.55;918.55;918.55;6.18;5681.05;918.55
27.01.2017 01:59;0;0;0;0;0;0;0
27.01.2017 02:00;0;0;0;0;0;0;0
27.01.2017 02:01;0;0;0;0;0;0;0
27.01.2017 02:02;918.55;918.55;918.55;918.55;0.5;459.28;918.55
27.01.2017 02:03;918.37;918.37;918.37;918.37;0.05;48.17;918.37
27.01.2017 02:04;918.55;918.55;918.55;918.55;0.01;8.93;918.55
27.01.2017 02:05;918.55;918.55;918.21;918.21;32.24;29611.58;918.53
27.01.2017 02:06;918.37;918.37;918.37;918.37;0.05;42.95;918.37
27.01.2017 02:07;918.55;918.55;918.55;918.55;0.22;200.99;918.55
27.01.2017 02:08;0;0;0;0;0;0;0
27.01.2017 02:09;918.55;918.55;918.55;918.55;0.19;176.34;918.55
27.01.2017 02:10;918.55;918.55;918.55;918.55;0.04;33.6;918.55
27.01.2017 02:11;0;0;0;0;0;0;0
27.01.2017 02:12;0;0;0;0;0;0;0
27.01.2017 02:13;0;0;0;0;0;0;0
27.01.2017 02:14;917.84;917.84;917.79;917.79;8;7342.36;917.79
27.01.2017 02:15;0;0;0;0;0;0;0
27.01.2017 02:16;0;0;0;0;0;0;0
27.01.2017 02:17;917.5;917.5;917.5;917.5;0.01;12.65;917.5
27.01.2017 02:18;917.95;918.06;917.95;918.06;0.93;856.24;917.96
27.01.2017 02:19;918.55;918.55;918.55;918.55;14.07;12927.53;918.55
27.01.2017 02:20;918.55;918.55;918.55;918.55;0.32;291.6;918.55
27.01.2017 02:21;0;0;0;0;0;0;0
27.01.2017 02:22;0;0;0;0;0;0;0
27.01.2017 02:23;917.18;917.18;917.18;917.18;0.56;509.03;917.18
27.01.2017 02:24;0;0;0;0;0;0;0
27.01.2017 02:25;918.54;918.54;918.54;918.54;0.01;9.23;918.54
27.01.2017 02:26;0;0;0;0;0;0;0
27.01.2017 02:27;917.05;917.05;917.04;917.04;0.12;111.89;917.04
27.01.2017 02:28;0;0;0;0;0;0;0
27.01.2017 02:29;917.8;917.8;917.8;917.8;0.14;132.41;917.8
27.01.2017 02:30;0;0;0;0;0;0;0
27.01.2017 02:31;917.04;917.04;913.03;913.03;11.9;10880.27;914.42
27.01.2017 02:32;912.57;913.03;910.79;911.8;24.21;22065.88;911.4
27.01.2017 02:33;911.8;912.03;911.78;911.81;11.99;10934.11;911.8
27.01.2017 02:34;911.9;912.02;911.9;912.02;22;20062.04;911.91
27.01.2017 02:35;911.96;911.96;911.96;911.96;0.86;779.73;911.96
27.01.2017 02:36;911.96;911.96;911.27;911.27;11.01;10037.9;911.67
27.01.2017 02:37;911.33;912.02;911.33;912.02;1.26;1143.82;911.36
27.01.2017 02:38;0;0;0;0;0;0;0
27.01.2017 02:39;911.97;912.03;911.97;912.03;0.31;279.34;912.01
27.01.2017 02:40;912.03;912.03;912.03;912.03;0.02;17.46;912.03
27.01.2017 02:41;912.03;913.02;912.03;913.02;10.37;9457.95;912.32
27.01.2017 02:42;912.67;912.67;912.67;912.67;6.46;5891.28;912.67
27.01.2017 02:43;912.8;912.8;912.8;912.8;0.07;62.22;912.8
27.01.2017 02:44;0;0;0;0;0;0;0
27.01.2017 02:45;912.8;912.8;912.8;912.8;0.01;8.04;912.8
27.01.2017 02:46;912.8;912.8;912.8;912.8;12.66;11559.7;912.8
27.01.2017 02:47;912.72;912.72;912.72;912.72;0.02;19.17;912.72
27.01.2017 02:48;912.72;913.11;912.72;913.11;19.61;17900.17;913
27.01.2017 02:49;0;0;0;0;0;0;0
27.01.2017 02:50;913.68;913.68;913.68;913.68;2.28;2079.54;913.68
27.01.2017 02:51;913.89;913.89;913.89;913.89;0.19;169.52;913.89
27.01.2017 02:52;913.89;913.89;913.89;913.89;0.48;438.5;913.89
27.01.2017 02:53;0;0;0;0;0;0;0
27.01.2017 02:54;0;0;0;0;0;0;0
27.01.2017 02:55;913.84;913.84;913.84;913.84;0.02;16.45;913.84
27.01.2017 02:56;913.83;913.83;913.83;913.83;0.02;18.28;913.83
27.01.2017 02:57;913.83;913.9;913.83;913.9;7.69;7028.74;913.83
27.01.2017 02:58;0;0;0;0;0;0;0
27.01.2017 02:59;913.83;913.83;912.29;912.29;0.38;349.98;913.81
27.01.2017 03:00;0;0;0;0;0;0;0
27.01.2017 03:01;912.75;913.7;912.6;913.7;70.6;64444.6;912.88
27.01.2017 03:02;913.9;913.97;913.23;913.97;2.77;2531.32;913.44
27.01.2017 03:03;913.15;913.15;913.12;913.12;15;13697.13;913.14
27.01.2017 03:04;913.94;913.94;913.92;913.92;0.09;82.98;913.93
27.01.2017 03:05;0;0;0;0;0;0;0
27.01.2017 03:06;913.96;913.96;913.96;913.96;9;8225.64;913.96
27.01.2017 03:07;913.92;914.02;913.91;914.02;2.85;2606.49;913.92
27.01.2017 03:08;914.02;914.02;914.02;914.02;0.21;189.2;914.02
27.01.2017 03:09;0;0;0;0;0;0;0
27.01.2017 03:10;914.02;914.06;914.02;914.06;1.07;973.89;914.03
27.01.2017 03:11;914.32;914.63;914.32;914.34;1.69;1543.83;914.6
27.01.2017 03:12;914.18;914.79;914.18;914.79;2.61;2387.04;914.64
27.01.2017 03:13;914.79;914.79;914.79;914.79;8.17;7474.51;914.79
27.01.2017 03:14;0;0;0;0;0;0;0
27.01.2017 03:15;0;0;0;0;0;0;0
27.01.2017 03:16;914.79;914.79;914.79;914.79;0.3;276.63;914.79
27.01.2017 03:17;914.79;914.79;914.79;914.79;3.75;3428.11;914.79
27.01.2017 03:18;0;0;0;0;0;0;0
27.01.2017 03:19;914.73;914.73;914.73;914.73;0.1;89.78;914.73
27.01.2017 03:20;0;0;0;0;0;0;0
27.01.2017 03:21;914.07;914.07;914.07;914.07;0.02;15.6;914.07
27.01.2017 03:22;914.46;914.46;914.02;914.02;1.12;1025.62;914.42
27.01.2017 03:23;913.04;913.04;913.02;913.02;0.68;616.76;913.03
27.01.2017 03:24;913.3;913.3;913.26;913.26;10.05;9182.28;913.26
27.01.2017 03:25;0;0;0;0;0;0;0
27.01.2017 03:26;913.17;913.17;913.17;913.17;1.37;1253.64;913.17
27.01.2017 03:27;0;0;0;0;0;0;0
27.01.2017 03:28;913.15;913.15;913.15;913.15;1.06;968.85;913.15
27.01.2017 03:29;912.61;913.18;912.61;913.18;0.06;55.7;913.09
27.01.2017 03:30;913.18;913.18;913.18;913.18;0.11;104.04;913.18
27.01.2017 03:31;912.46;912.46;912.46;912.46;0.01;7.03;912.46
27.01.2017 03:32;0;0;0;0;0;0;0
27.01.2017 03:33;0;0;0;0;0;0;0
27.01.2017 03:34;0;0;0;0;0;0;0
27.01.2017 03:35;913.17;913.17;913.17;913.17;0.1;90.59;913.17
27.01.2017 03:36;913.17;913.17;913.17;913.17;0.24;221.9;913.17
27.01.2017 03:37;0;0;0;0;0;0;0
27.01.2017 03:38;0;0;0;0;0;0;0
27.01.2017 03:39;912.82;912.82;912.33;912.33;0.97;885.86;912.45
27.01.2017 03:40;912.14;912.14;912.14;912.14;0.55;502.49;912.14
27.01.2017 03:41;0;0;0;0;0;0;0
27.01.2017 03:42;912.02;912.33;912.02;912.02;0.94;860.48;912.25
27.01.2017 03:43;0;0;0;0;0;0;0
27.01.2017 03:44;912.02;912.02;912.02;912.02;0.25;228.01;912.02
27.01.2017 03:45;0;0;0;0;0;0;0
27.01.2017 03:46;0;0;0;0;0;0;0
27.01.2017 03:47;0;0;0;0;0;0;0
27.01.2017 03:48;911.83;911.83;911.33;911.33;2.05;1869.12;911.71
27.01.2017 03:49;911.33;912.04;911.33;912.04;2.79;2545.33;911.65
27.01.2017 03:50;0;0;0;0;0;0;0
27.01.2017 03:51;910.85;910.85;910.85;910.85;0.55;505.38;910.85
27.01.2017 03:52;0;0;0;0;0;0;0
27.01.2017 03:53;911.66;911.66;911.66;911.66;0.01;6.84;911.66
27.01.2017 03:54;911.66;911.66;911.66;911.66;0.81;739.36;911.66
27.01.2017 03:55;911.66;911.66;910.77;911.66;7.37;6721.21;911.66
27.01.2017 03:56;911.74;911.74;911.74;911.74;0.04;34.55;911.74
27.01.2017 03:57;911.74;911.8;911.74;911.8;0.67;609.75;911.8
27.01.2017 03:58;0;0;0;0;0;0;0
27.01.2017 03:59;0;0;0;0;0;0;0
27.01.2017 04:00;0;0;0;0;0;0;0
27.01.2017 04:01;910.77;910.77;910.48;910.48;0.78;708.6;910.73
27.01.2017 04:02;910.38;910.38;910.38;910.38;9;8193.42;910.38
27.01.2017 04:03;0;0;0;0;0;0;0
27.01.2017 04:04;910.37;910.37;910.35;910.35;16.77;15266.49;910.35
27.01.2017 04:05;910.7;910.7;910;910;8.31;7565.84;910.23
27.01.2017 04:06;0;0;0;0;0;0;0
27.01.2017 04:07;909.77;909.77;909.77;909.77;3.88;3533.55;909.77
27.01.2017 04:08;909.99;910;909.99;910;8;7279.94;909.99
27.01.2017 04:09;910;910;909.76;909.76;5.45;4960.03;909.99
27.01.2017 04:10;910;910;909.76;909.76;0.05;45.49;909.81
27.01.2017 04:11;910.3;910.31;910.3;910.31;0.4;363.99;910.3
27.01.2017 04:12;910.31;910.31;910.31;910.31;0.15;133.14;910.31
27.01.2017 04:13;0;0;0;0;0;0;0
27.01.2017 04:14;910.31;910.33;910.31;910.33;1;910.32;910.32
27.01.2017 04:15;0;0;0;0;0;0;0
27.01.2017 04:16;910.33;910.33;910.33;910.33;0.09;84.86;910.33
27.01.2017 04:17;909.76;909.76;908.33;909.01;10.75;9774.13;909.02
27.01.2017 04:18;908.38;908.38;908.38;908.38;1.51;1373.23;908.38
27.01.2017 04:19;909.77;909.77;909.77;909.77;0.22;196.13;909.77
27.01.2017 04:20;909.49;909.49;909.49;909.49;0.16;143.81;909.49
27.01.2017 04:21;909.49;909.49;908.32;908.32;1.44;1308.08;908.39
27.01.2017 04:22;909.32;909.32;909.32;909.32;0.02;18.19;909.32
27.01.2017 04:23;0;0;0;0;0;0;0
27.01.2017 04:24;909.32;909.34;909.32;909.34;0.9;818.66;909.33
27.01.2017 04:25;0;0;0;0;0;0;0
27.01.2017 04:26;0;0;0;0;0;0;0
27.01.2017 04:27;0;0;0;0;0;0;0
27.01.2017 04:28;0;0;0;0;0;0;0
27.01.2017 04:29;0;0;0;0;0;0;0
27.01.2017 04:30;0;0;0;0;0;0;0
27.01.2017 04:31;0;0;0;0;0;0;0
27.01.2017 04:32;0;0;0;0;0;0;0
27.01.2017 04:33;909;909.76;909;909.76;3.15;2868.79;909.31
27.01.2017 04:34;909.76;909.76;908.53;908.53;0.21;194.93;908.66
27.01.2017 04:35;909.75;910.09;909.75;910.09;6.21;5648.48;909.78
27.01.2017 04:36;910.09;910.33;910.09;910.33;1.02;929.42;910.24
27.01.2017 04:37;0;0;0;0;0;0;0
27.01.2017 04:38;0;0;0;0;0;0;0
27.01.2017 04:39;909.33;909.33;909.33;909.33;0.04;36.18;909.33
27.01.2017 04:40;0;0;0;0;0;0;0
27.01.2017 04:41;910.33;910.46;910.33;910.46;0.79;723.08;910.4
27.01.2017 04:42;0;0;0;0;0;0;0
27.01.2017 04:43;909.93;909.95;909.93;909.95;0.42;383.99;909.94
27.01.2017 04:44;910.46;910.74;910.46;910.74;2;1821.31;910.66
27.01.2017 04:45;910.74;910.74;910.74;910.74;0.05;44.13;910.74
27.01.2017 04:46;910.74;910.74;910.74;910.74;0.06;55.1;910.74
27.01.2017 04:47;910.74;910.74;910.74;910.74;1.41;1288.11;910.74
27.01.2017 04:48;0;0;0;0;0;0;0
27.01.2017 04:49;911;911.33;911;911.33;1.82;1659.29;911.2
27.01.2017 04:50;0;0;0;0;0;0;0
27.01.2017 04:51;0;0;0;0;0;0;0
27.01.2017 04:52;911.42;911.42;911.42;911.42;0.1;89.32;911.42
27.01.2017 04:53;0;0;0;0;0;0;0
27.01.2017 04:54;0;0;0;0;0;0;0
27.01.2017 04:55;911.42;912.33;911.42;912.33;5.77;5261.34;911.74
27.01.2017 04:56;912.33;912.33;912.33;912.33;0.02;19.78;912.33
27.01.2017 04:57;912.33;912.33;912.33;912.33;0.43;393.8;912.33
27.01.2017 04:58;0;0;0;0;0;0;0
27.01.2017 04:59;0;0;0;0;0;0;0
27.01.2017 05:00;0;0;0;0;0;0;0
27.01.2017 05:01;0;0;0;0;0;0;0
27.01.2017 05:02;912.33;912.38;912.33;912.38;0.57;517.82;912.38
27.01.2017 05:03;0;0;0;0;0;0;0
27.01.2017 05:04;912.38;912.38;912.37;912.37;0.88;798.86;912.38
27.01.2017 05:05;912.37;912.37;912.37;912.37;0.15;141.14;912.37
27.01.2017 05:06;912.37;912.37;912.33;912.33;0.22;199.88;912.36
27.01.2017 05:07;0;0;0;0;0;0;0
27.01.2017 05:08;0;0;0;0;0;0;0
27.01.2017 05:09;912.38;912.38;912.38;912.38;0.01;8.64;912.38
27.01.2017 05:10;0;0;0;0;0;0;0
27.01.2017 05:11;0;0;0;0;0;0;0
27.01.2017 05:12;0;0;0;0;0;0;0
27.01.2017 05:13;912.38;912.38;911.38;911.38;0.57;517.68;911.43
27.01.2017 05:14;0;0;0;0;0;0;0
27.01.2017 05:15;912.4;912.4;912.4;912.4;0.05;46.68;912.4
27.01.2017 05:16;0;0;0;0;0;0;0
27.01.2017 05:17;0;0;0;0;0;0;0
27.01.2017 05:18;912;912.64;911.38;911.38;1.52;1383.27;912.06
27.01.2017 05:19;911.51;912.64;911.51;912.64;0.25;223.55;911.51
27.01.2017 05:20;0;0;0;0;0;0;0
27.01.2017 05:21;0;0;0;0;0;0;0
27.01.2017 05:22;0;0;0;0;0;0;0
27.01.2017 05:23;912.65;912.66;912.65;912.66;0.06;55.53;912.66
27.01.2017 05:24;912.66;912.66;912.66;912.66;0.27;246.6;912.66
27.01.2017 05:25;912.66;912.97;912.66;912.97;4.43;4039.49;912.67
27.01.2017 05:26;0;0;0;0;0;0;0
27.01.2017 05:27;0;0;0;0;0;0;0
27.01.2017 05:28;0;0;0;0;0;0;0
27.01.2017 05:29;912.97;917.32;912.68;916.32;52.15;47695.98;914.58
27.01.2017 05:30;917.45;917.45;910.32;910.32;38.78;35434.57;913.75
27.01.2017 05:31;910.01;910.02;908.01;908.33;93.18;84755.07;909.54
27.01.2017 05:32;909.42;909.45;909.42;909.45;1.03;937.66;909.43
27.01.2017 05:33;908.97;908.97;908.97;908.97;2.46;2231.71;908.97
27.01.2017 05:34;908.52;908.52;908.5;908.5;3.49;3170.7;908.51
27.01.2017 05:35;908.4;908.93;908.4;908.89;5.91;5367.94;908.77
27.01.2017 05:36;0;0;0;0;0;0;0
27.01.2017 05:37;908.91;908.91;908.91;908.91;0.55;498.75;908.91
27.01.2017 05:38;0;0;0;0;0;0;0
27.01.2017 05:39;908.49;908.49;908.49;908.49;2;1816.62;908.49
27.01.2017 05:40;908.57;908.97;908.57;908.97;0.3;274.47;908.9
27.01.2017 05:41;0;0;0;0;0;0;0
27.01.2017 05:42;908.94;908.94;908.89;908.89;0.47;428.52;908.93
27.01.2017 05:43;908.55;908.74;908.55;908.74;0.86;781.36;908.55
27.01.2017 05:44;908.91;908.91;908.91;908.91;0.06;54.53;908.91
27.01.2017 05:45;908.91;908.98;908.91;908.98;0.06;54.54;908.93
27.01.2017 05:46;908.98;908.98;908.98;908.98;0.4;361.36;908.98
27.01.2017 05:47;908.98;908.98;908.98;908.98;0.06;54.54;908.98
27.01.2017 05:48;908.98;908.98;908.98;908.98;0.09;77.26;908.98
27.01.2017 05:49;908.98;909;908.98;909;1.1;998.19;909
27.01.2017 05:50;909;909;909;909;0.21;189.07;909
27.01.2017 05:51;909;909;909;909;4.08;3707.7;909
27.01.2017 05:52;909;909;909;909;7.06;6417.54;909
27.01.2017 05:53;909;909;909;909;0.42;381.78;909
27.01.2017 05:54;909;909;909;909;0.07;59.63;909
27.01.2017 05:55;909;909;909;909;3.02;2745.18;909
27.01.2017 05:56;908.78;909;908.78;909;0.07;62.36;908.98
27.01.2017 05:57;909;909.32;909;909.32;54.16;49231.95;909
27.01.2017 05:58;909.09;909.32;909.09;909.32;2.13;1937.83;909.09
27.01.2017 05:59;909.34;909.34;909.34;909.34;0.5;456.49;909.34
27.01.2017 06:00;909.39;909.39;909.39;909.39;0.09;85.48;909.39
27.01.2017 06:01;909.53;909.94;909.53;909.94;0.35;316.52;909.55
27.01.2017 06:02;909.94;909.94;909.94;909.94;0.03;24.57;909.94
27.01.2017 06:03;909.33;909.93;909.02;909.93;1.8;1637.71;909.52
27.01.2017 06:04;909.92;909.94;909.8;909.94;0.29;261.46;909.82
27.01.2017 06:05;0;0;0;0;0;0;0
27.01.2017 06:06;908.98;909.88;908.63;909.88;1.05;952.64;909.01
27.01.2017 06:07;909.84;909.95;909.71;909.95;0.83;753.15;909.85
27.01.2017 06:08;0;0;0;0;0;0;0
27.01.2017 06:09;909.95;909.95;909.95;909.95;0.07;61.88;909.95
27.01.2017 06:10;909.95;909.95;909.95;909.95;0.14;124.66;909.95
27.01.2017 06:11;909.95;910.66;909.03;909.03;2.94;2679.59;910.21
27.01.2017 06:12;910.62;910.62;910.14;910.14;0.98;895.61;910.59
27.01.2017 06:13;0;0;0;0;0;0;0
27.01.2017 06:14;909.82;909.82;909.82;909.82;0.03;31.19;909.82
27.01.2017 06:15;909.82;909.93;909.82;909.93;0.58;523.58;909.84
27.01.2017 06:16;909.93;910.79;909.93;910.79;0.66;599.22;910.67
27.01.2017 06:17;910.89;911.75;910.89;911.75;1.21;1099.28;911.03
27.01.2017 06:18;911.75;912.09;911.75;912.09;1.61;1466.52;911.92
27.01.2017 06:19;912.09;912.71;911.95;912.67;1.92;1750.84;912.15
27.01.2017 06:20;0;0;0;0;0;0;0
27.01.2017 06:21;0;0;0;0;0;0;0
27.01.2017 06:22;912.68;912.68;911.06;911.06;10.99;10017.68;911.34
27.01.2017 06:23;0;0;0;0;0;0;0
27.01.2017 06:24;912.58;912.58;912.35;912.35;0.14;126.71;912.42
27.01.2017 06:25;912.33;912.71;912.3;912.71;0.68;620.47;912.69
27.01.2017 06:26;912.71;912.95;912.71;912.95;0.49;442.92;912.85
27.01.2017 06:27;912.47;912.47;912.09;912.09;0.02;20.5;912.38
27.01.2017 06:28;911.99;911.99;911.37;911.37;0.19;169.39;911.92
27.01.2017 06:29;912.48;912.48;912.48;912.48;0.01;9.12;912.48
27.01.2017 06:30;912.48;912.48;911.52;911.97;3.48;3168.88;911.53
27.01.2017 06:31;911.07;911.07;911.01;911.01;0.74;674.18;911.06
27.01.2017 06:32;911.01;911.01;910.95;910.95;2.41;2192.73;910.98
27.01.2017 06:33;911.37;911.37;910.66;910.66;1.02;928.67;911.36
27.01.2017 06:34;910.57;910.84;910.07;910.84;3.6;3277.76;910.24
27.01.2017 06:35;910.67;910.71;910.67;910.71;0.26;235;910.71
27.01.2017 06:36;909.96;909.96;909.95;909.95;0.77;704.34;909.95
27.01.2017 06:37;910.13;910.84;910.13;910.84;0.1;91.05;910.53
27.01.2017 06:38;910.59;910.59;910.59;910.59;0.26;233.88;910.59
27.01.2017 06:39;910.52;910.52;910.52;910.52;0.12;107.44;910.52
27.01.2017 06:40;0;0;0;0;0;0;0
27.01.2017 06:41;0;0;0;0;0;0;0
27.01.2017 06:42;910.09;910.58;910.09;910.58;2.08;1897.99;910.53
27.01.2017 06:43;910.15;910.18;910.1;910.1;0.03;29.12;910.15
27.01.2017 06:44;910.22;910.61;909.11;910.12;9.98;9070.66;909.16
27.01.2017 06:45;910.13;910.75;910.13;910.75;0.08;74.01;910.25
27.01.2017 06:46;910.55;911.5;910.55;911.5;75.39;68707.62;911.31
27.01.2017 06:47;911.65;911.65;911.5;911.5;14.44;13158.42;911.5
27.01.2017 06:48;0;0;0;0;0;0;0
27.01.2017 06:49;0;0;0;0;0;0;0
27.01.2017 06:50;911.65;911.65;911.5;911.5;3.29;2996.61;911.5
27.01.2017 06:51;0;0;0;0;0;0;0
27.01.2017 06:52;0;0;0;0;0;0;0
27.01.2017 06:53;911.65;912.36;911.65;912.36;1.37;1247.25;911.9
27.01.2017 06:54;912.65;912.65;912.65;912.65;0.06;58.41;912.65
27.01.2017 06:55;912.65;913.09;912.65;913.09;1.13;1030.06;912.79
27.01.2017 06:56;0;0;0;0;0;0;0
27.01.2017 06:57;913.09;914.09;912.54;914.09;2.29;2094.99;913.45
27.01.2017 06:58;914.12;914.12;913.5;914.07;13.39;12230.94;913.52
27.01.2017 06:59;914.07;914.07;913.5;914.07;0.2;185.41;913.88
27.01.2017 07:00;914.07;914.08;914.07;914.08;0.1;86.84;914.07
27.01.2017 07:01;914.08;914.08;914.08;914.08;0.23;209.79;914.08
27.01.2017 07:02;914.08;914.66;914.08;914.51;2.33;2130.69;914.34
27.01.2017 07:03;914.51;914.68;914.51;914.68;1.62;1479.17;914.65
27.01.2017 07:04;914.68;915;914.66;915;0.36;330.52;914.72
27.01.2017 07:05;915;915;914.51;915;0.1;87.38;914.97
27.01.2017 07:06;915;915.64;915;915.64;7.18;6576.21;915.38
27.01.2017 07:07;915.64;915.64;915.64;915.64;0.08;73.25;915.64
27.01.2017 07:08;915.64;915.64;915.63;915.63;0.08;73.25;915.63
27.01.2017 07:09;915.63;915.64;915.63;915.64;0.09;82.41;915.64
27.01.2017 07:10;915.64;916.07;915.63;916.05;0.14;123.63;915.75
27.01.2017 07:11;916.05;916.07;915.53;916.05;0.41;379.37;915.78
27.01.2017 07:12;916.04;916.07;915.53;916.05;1.36;1245.66;915.56
27.01.2017 07:13;916.07;916.08;916.04;916.05;0.23;209.78;916.07
27.01.2017 07:14;916.05;916.08;916.03;916.03;0.13;116.61;916.06
27.01.2017 07:15;916.05;916.08;915.74;915.74;2.24;2052.92;915.76
27.01.2017 07:16;916.04;917.08;916.04;917.08;7.93;7265.32;916.61
27.01.2017 07:17;917.08;918;917.02;918;2.64;2421.65;917.28
27.01.2017 07:18;918.03;919.03;918.02;919.03;30.24;27787.03;918.86
27.01.2017 07:19;919.03;919.03;919.03;919.03;0.08;73.52;919.03
27.01.2017 07:20;919.03;919.03;918.03;919.02;1.8;1647.95;918.08
27.01.2017 07:21;919.02;919.02;919.02;919.02;0.08;73.52;919.02
27.01.2017 07:22;919.02;919.02;918.52;918.99;0.19;169.97;918.75
27.01.2017 07:23;918.99;918.99;918.43;918.95;2.18;1999.06;918.45
27.01.2017 07:24;918.95;918.95;918.4;918.4;0.24;220.44;918.51
27.01.2017 07:25;918.4;918.4;918.4;918.4;0.24;220.42;918.4
27.01.2017 07:26;918.4;918.4;918.39;918.4;0.44;406.58;918.4
27.01.2017 07:27;918.4;919.02;918.38;918.38;0.31;282.48;918.43
27.01.2017 07:28;918.38;918.38;918.38;918.38;0.1;87.25;918.38
27.01.2017 07:29;918.38;918.38;918.37;918.38;0.17;159.24;918.38
27.01.2017 07:30;918.37;918.38;918.37;918.38;0.1;96.19;918.38
27.01.2017 07:31;918.38;918.38;918.38;918.38;0.1;87.25;918.38
27.01.2017 07:32;918.38;918.38;918.38;918.38;0.1;87.25;918.38
27.01.2017 07:33;918.38;918.38;918.27;918.27;2.08;1906.29;918.37
27.01.2017 07:34;918.24;918.24;918.03;918.03;0.1;87.22;918.13
27.01.2017 07:35;918.02;918.27;917.98;918.06;0.1;91.81;918.1
27.01.2017 07:36;917.83;918.15;917.77;918.05;0.09;82.61;917.92
27.01.2017 07:37;918.04;918.04;917.76;917.78;1.21;1110.7;917.97
27.01.2017 07:38;917.78;918.17;917.77;918.08;1.82;1672.03;917.79
27.01.2017 07:39;918.08;918.08;918.06;918.06;0.1;87.22;918.07
27.01.2017 07:40;918.17;918.18;917.23;918.18;0.12;109.96;917.9
27.01.2017 07:41;917.29;918.18;917.29;918.13;5.09;4664.49;917.3
27.01.2017 07:42;918.1;918.18;918.09;918.14;0.09;78.04;918.14
27.01.2017 07:43;918.14;918.18;917.86;917.86;0.09;78.03;918.02
27.01.2017 07:44;917.86;917.86;917.2;917.79;2.54;2328.62;917.21
27.01.2017 07:45;917.79;918.18;917.33;917.73;14.55;13355.19;917.79
27.01.2017 07:46;917.73;918;917.73;917.98;0.09;82.61;917.93
27.01.2017 07:47;917.98;918;917.72;918;0.13;119.32;917.88
27.01.2017 07:48;918;918;917.96;917.96;0.09;82.62;917.99
27.01.2017 07:49;917.96;918.18;917.96;918.18;53.33;48959.29;918
27.01.2017 07:50;918.18;919.6;918.09;919.42;17.89;16444.22;919.01
27.01.2017 07:51;919.4;919.4;918.39;919.2;0.21;196.37;918.82
27.01.2017 07:52;919.2;919.35;918.77;918.79;11.65;10702.75;918.79
27.01.2017 07:53;918.79;919.35;918.79;919.34;2.03;1869.92;919.33
27.01.2017 07:54;919.34;919.35;918.45;919.28;5.24;4816;918.47
27.01.2017 07:55;919.28;919.28;919.2;919.21;5.17;4750.92;919.2
27.01.2017 07:56;919.34;919.35;919.24;919.34;0.17;155.33;919.3
27.01.2017 07:57;919.34;919.35;919.34;919.34;0.1;91.93;919.34
27.01.2017 07:58;919.34;919.59;919.23;919.23;1.03;945.23;919.35
27.01.2017 07:59;919.23;919.24;919.23;919.24;1.6;1470.78;919.24
27.01.2017 08:00;919.23;919.74;919.23;919.23;4.03;3710.37;919.64
27.01.2017 08:01;919.22;919.22;917.08;917.08;17.93;16462.48;917.91
27.01.2017 08:02;916.87;916.95;916.85;916.95;5.49;5031.51;916.94
27.01.2017 08:03;916.13;916.13;916.13;916.13;0.05;41.91;916.13
27.01.2017 08:04;0;0;0;0;0;0;0
27.01.2017 08:05;916.13;916.96;916.13;916.96;0.46;419.85;916.71
27.01.2017 08:06;916.13;916.13;914.11;914.11;12.82;11724.19;914.37
27.01.2017 08:07;915.12;915.12;915.12;915.12;0.02;22.46;915.12
27.01.2017 08:08;915.07;915.13;915.07;915.13;0.77;701.93;915.12
27.01.2017 08:09;916.04;917;916.04;917;26.09;23924.35;916.84
27.01.2017 08:10;0;0;0;0;0;0;0
27.01.2017 08:11;0;0;0;0;0;0;0
27.01.2017 08:12;0;0;0;0;0;0;0
27.01.2017 08:13;0;0;0;0;0;0;0
27.01.2017 08:14;0;0;0;0;0;0;0
27.01.2017 08:15;0;0;0;0;0;0;0
27.01.2017 08:16;916;916;916;916;1.74;1590.18;916
27.01.2017 08:17;915.98;915.98;915.98;915.98;0.02;14.62;915.98
27.01.2017 08:18;915.98;915.98;915.98;915.98;0.2;184.44;915.98
27.01.2017 08:19;0;0;0;0;0;0;0
27.01.2017 08:20;915.98;916;915.98;916;10.4;9526.4;916
27.01.2017 08:21;915.93;915.93;915.61;915.61;0.51;465.66;915.92
27.01.2017 08:22;0;0;0;0;0;0;0
27.01.2017 08:23;916;916;916;916;33.86;31015.43;916
27.01.2017 08:24;916.02;916.02;916.02;916.02;0.7;641.7;916.02
27.01.2017 08:25;915.56;915.56;915.56;915.56;0.17;158.92;915.56
27.01.2017 08:26;0;0;0;0;0;0;0
27.01.2017 08:27;916.86;916.86;916.86;916.86;0.02;18;916.86
27.01.2017 08:28;0;0;0;0;0;0;0
27.01.2017 08:29;0;0;0;0;0;0;0
27.01.2017 08:30;0;0;0;0;0;0;0
27.01.2017 08:31;0;0;0;0;0;0;0
27.01.2017 08:32;0;0;0;0;0;0;0
27.01.2017 08:33;916.8;916.8;916.8;916.8;0.03;30.77;916.8
27.01.2017 08:34;916.87;916.87;916.87;916.87;0.03;30.77;916.87
27.01.2017 08:35;915.65;915.65;915.65;915.65;0.21;193.45;915.65
27.01.2017 08:36;0;0;0;0;0;0;0
27.01.2017 08:37;0;0;0;0;0;0;0
27.01.2017 08:38;0;0;0;0;0;0;0
27.01.2017 08:39;916.87;916.87;916.87;916.87;0.46;426.28;916.87
27.01.2017 08:40;0;0;0;0;0;0;0
27.01.2017 08:41;916.91;916.91;916.91;916.91;0.1;90.59;916.91
27.01.2017 08:42;0;0;0;0;0;0;0
27.01.2017 08:43;0;0;0;0;0;0;0
27.01.2017 08:44;0;0;0;0;0;0;0
27.01.2017 08:45;0;0;0;0;0;0;0
27.01.2017 08:46;916.91;917.14;916.91;917.14;1.38;1268.46;917.05
27.01.2017 08:47;917.25;917.25;917.14;917.14;0.37;336.86;917.17
27.01.2017 08:48;917.51;917.51;917.51;917.51;0.62;570.07;917.51
27.01.2017 08:49;0;0;0;0;0;0;0
27.01.2017 08:50;0;0;0;0;0;0;0
27.01.2017 08:51;0;0;0;0;0;0;0
27.01.2017 08:52;0;0;0;0;0;0;0
27.01.2017 08:53;917.51;917.51;916.35;916.35;0.63;576.97;916.44
27.01.2017 08:54;0;0;0;0;0;0;0
27.01.2017 08:55;0;0;0;0;0;0;0
27.01.2017 08:56;0;0;0;0;0;0;0
27.01.2017 08:57;0;0;0;0;0;0;0
27.01.2017 08:58;916.61;916.61;916.18;916.2;15.58;14271.72;916.18
27.01.2017 08:59;916.26;916.6;916.26;916.6;1.53;1399.57;916.27
27.01.2017 09:00;0;0;0;0;0;0;0
27.01.2017 09:01;916.6;916.6;916.6;916.6;0.01;7.98;916.6
27.01.2017 09:02;916.75;916.75;916.75;916.75;1.21;1113.63;916.75
27.01.2017 09:03;0;0;0;0;0;0;0
27.01.2017 09:04;916.89;916.89;916.89;916.89;0.06;54.1;916.89
27.01.2017 09:05;0;0;0;0;0;0;0
27.01.2017 09:06;917;917;916.92;916.92;22.56;20688.12;916.92
27.01.2017 09:07;0;0;0;0;0;0;0
27.01.2017 09:08;916.72;916.72;916.7;916.7;5.42;4964.86;916.7
27.01.2017 09:09;916.7;916.7;916.7;916.7;0.01;6.86;916.7
27.01.2017 09:10;916.7;917.54;916.7;917.52;2.61;2396.94;917.35
27.01.2017 09:11;0;0;0;0;0;0;0
27.01.2017 09:12;0;0;0;0;0;0;0
27.01.2017 09:13;916.61;916.61;916.61;916.61;0.02;16.31;916.61
27.01.2017 09:14;916.47;916.47;916.47;916.47;0.23;209.19;916.47
27.01.2017 09:15;916.47;916.47;916.47;916.47;10.33;9469.57;916.47
27.01.2017 09:16;0;0;0;0;0;0;0
27.01.2017 09:17;0;0;0;0;0;0;0
27.01.2017 09:18;916.49;916.49;916.49;916.49;0.13;122.33;916.49
27.01.2017 09:19;916;916;915.99;915.99;1.5;1370.17;915.99
27.01.2017 09:20;915.93;915.94;915.93;915.94;0.18;160.31;915.94
27.01.2017 09:21;915.94;915.99;915.94;915.94;16.78;15371.37;915.94
27.01.2017 09:22;915.94;915.94;915.94;915.94;1.5;1373.91;915.94
27.01.2017 09:23;915.94;915.94;915.94;915.94;0.2;183.19;915.94
27.01.2017 09:24;0;0;0;0;0;0;0
27.01.2017 09:25;916.18;916.18;916.18;916.18;0.02;19.35;916.18
27.01.2017 09:26;916.03;916.03;915.94;915.95;0.69;632.03;915.95
27.01.2017 09:27;0;0;0;0;0;0;0
27.01.2017 09:28;915.98;915.98;915.98;915.98;0.5;457.99;915.98
27.01.2017 09:29;915.97;915.97;915.97;915.97;0.09;79.6;915.97
27.01.2017 09:30;0;0;0;0;0;0;0
27.01.2017 09:31;0;0;0;0;0;0;0
27.01.2017 09:32;0;0;0;0;0;0;0
27.01.2017 09:33;916.43;916.43;916.43;916.43;0.11;104.47;916.43
27.01.2017 09:34;916.44;916.44;916.44;916.44;0.16;143.88;916.44
27.01.2017 09:35;0;0;0;0;0;0;0
27.01.2017 09:36;0;0;0;0;0;0;0
27.01.2017 09:37;0;0;0;0;0;0;0
27.01.2017 09:38;916.75;916.75;916.75;916.75;0.36;326.23;916.75
27.01.2017 09:39;0;0;0;0;0;0;0
27.01.2017 09:40;0;0;0;0;0;0;0
27.01.2017 09:41;0;0;0;0;0;0;0
27.01.2017 09:42;916.31;916.31;916.31;916.31;0.5;458.16;916.31
27.01.2017 09:43;0;0;0;0;0;0;0
27.01.2017 09:44;916.5;916.5;916.5;916.5;0.5;458.25;916.5
27.01.2017 09:45;916.43;916.43;916.43;916.43;0.01;7.55;916.43
27.01.2017 09:46;0;0;0;0;0;0;0
27.01.2017 09:47;0;0;0;0;0;0;0
27.01.2017 09:48;0;0;0;0;0;0;0
27.01.2017 09:49;0;0;0;0;0;0;0
27.01.2017 09:50;916.74;916.74;916.74;916.74;0.13;118.4;916.74
27.01.2017 09:51;916.75;916.75;916.75;916.75;0.15;133.59;916.75
27.01.2017 09:52;0;0;0;0;0;0;0
27.01.2017 09:53;0;0;0;0;0;0;0
27.01.2017 09:54;916.53;916.53;916.53;916.53;0.04;32.2;916.53
27.01.2017 09:55;916.53;916.55;916.53;916.55;0.06;51.33;916.54
27.01.2017 09:56;916.75;916.75;916.75;916.75;0.03;31.96;916.75
27.01.2017 09:57;0;0;0;0;0;0;0
27.01.2017 09:58;916.75;917.11;916.75;917.11;4.88;4477.58;916.75
27.01.2017 09:59;917.12;917.52;917.12;917.52;55.03;50485.64;917.37
27.01.2017 10:00;0;0;0;0;0;0;0
27.01.2017 10:01;917.52;917.52;917.52;917.52;3.36;3082.43;917.52
27.01.2017 10:02;917.52;917.52;917.52;917.52;25.63;23513.74;917.52
27.01.2017 10:03;0;0;0;0;0;0;0
27.01.2017 10:04;0;0;0;0;0;0;0
27.01.2017 10:05;917.5;917.5;916.73;916.73;0.36;330.21;917.26
27.01.2017 10:06;0;0;0;0;0;0;0
27.01.2017 10:07;0;0;0;0;0;0;0
27.01.2017 10:08;916.72;916.72;916.72;916.72;0.34;311.68;916.72
27.01.2017 10:09;916.94;917.52;916.94;916.95;1.23;1127.55;917.28
27.01.2017 10:10;0;0;0;0;0;0;0
27.01.2017 10:11;916.88;916.88;916.88;916.88;0.18;163.28;916.88
27.01.2017 10:12;0;0;0;0;0;0;0
27.01.2017 10:13;0;0;0;0;0;0;0
27.01.2017 10:14;916.64;916.88;916.64;916.88;1.06;974.17;916.65
27.01.2017 10:15;916.88;916.88;916.88;916.88;1.55;1416.59;916.88
27.01.2017 10:16;916.87;916.87;916.15;916.75;0.43;392.31;916.62
27.01.2017 10:17;917.44;917.44;916.11;916.12;2.28;2088.97;916.28
27.01.2017 10:18;916.09;916.09;916.05;916.05;1.37;1251.34;916.06
27.01.2017 10:19;916.1;916.1;916.1;916.1;0.11;101.5;916.1
27.01.2017 10:20;916.06;916.99;916.06;916.99;0.13;117.28;916.23
27.01.2017 10:21;0;0;0;0;0;0;0
27.01.2017 10:22;0;0;0;0;0;0;0
27.01.2017 10:23;0;0;0;0;0;0;0
27.01.2017 10:24;0;0;0;0;0;0;0
27.01.2017 10:25;916.86;916.86;916.86;916.86;0.02;22;916.86
27.01.2017 10:26;0;0;0;0;0;0;0
27.01.2017 10:27;916.08;916.08;916.08;916.08;0.44;405.84;916.08
27.01.2017 10:28;916.7;916.7;916.7;916.7;0.03;24.46;916.7
27.01.2017 10:29;916.1;916.1;916.1;916.1;2.18;1994.87;916.1
27.01.2017 10:30;916.1;916.8;916.1;916.72;7.44;6818.83;916.41
27.01.2017 10:31;916.68;916.68;916.68;916.68;0.06;55.6;916.68
27.01.2017 10:32;0;0;0;0;0;0;0
27.01.2017 10:33;0;0;0;0;0;0;0
27.01.2017 10:34;917.04;917.04;916.9;916.91;0.9;823.43;916.92
27.01.2017 10:35;917.04;917.09;917.04;917.09;1.48;1354.97;917.04
27.01.2017 10:36;0;0;0;0;0;0;0
27.01.2017 10:37;917.49;917.49;917.01;917.01;0.44;405.14;917.19
27.01.2017 10:38;0;0;0;0;0;0;0
27.01.2017 10:39;917.51;917.51;917.51;917.51;7.18;6587.23;917.51
27.01.2017 10:40;917.52;917.52;917.52;917.52;10.02;9197.22;917.52
27.01.2017 10:41;0;0;0;0;0;0;0
27.01.2017 10:42;0;0;0;0;0;0;0
27.01.2017 10:43;917.13;917.13;916.12;916.12;50;45807.86;916.16
27.01.2017 10:44;0;0;0;0;0;0;0
27.01.2017 10:45;0;0;0;0;0;0;0
27.01.2017 10:46;916.99;917.52;916.99;917.52;17.25;15825.26;917.5
27.01.2017 10:47;0;0;0;0;0;0;0
27.01.2017 10:48;0;0;0;0;0;0;0
27.01.2017 10:49;917.36;917.36;917.36;917.36;0.16;144.94;917.36
27.01.2017 10:50;0;0;0;0;0;0;0
27.01.2017 10:51;917.26;917.26;916.35;916.35;1.53;1400.7;916.73
27.01.2017 10:52;917.03;917.03;916.96;916.96;0.09;86.19;916.96
27.01.2017 10:53;916.89;916.89;916.89;916.89;0.09;83.44;916.89
27.01.2017 10:54;916.37;916.37;916.1;916.1;5.28;4839.89;916.17
27.01.2017 10:55;916.49;916.49;916.45;916.45;2.3;2105.14;916.49
27.01.2017 10:56;916.5;916.5;916.5;916.5;0.04;34.83;916.5
27.01.2017 10:57;916.44;916.44;916.29;916.29;0.06;55.9;916.41
27.01.2017 10:58;916.3;916.3;916.3;916.3;0.02;20.16;916.3
27.01.2017 10:59;0;0;0;0;0;0;0
27.01.2017 11:00;916;916.51;916;916.51;2.37;2174.61;916.01
27.01.2017 11:01;0;0;0;0;0;0;0
27.01.2017 11:02;916.5;916.5;916.5;916.5;0.23;208.96;916.5
27.01.2017 11:03;916.5;916.5;916.5;916.5;1.63;1491.24;916.5
27.01.2017 11:04;916.5;916.5;916.01;916.01;0.18;161.16;916.19
27.01.2017 11:05;916.5;916.5;916.5;916.5;0.05;43.99;916.5
27.01.2017 11:06;0;0;0;0;0;0;0
27.01.2017 11:07;916.02;916.55;916.02;916.55;0.07;66.7;916.27
27.01.2017 11:08;916.52;916.52;916.52;916.52;0.13;122.81;916.52
27.01.2017 11:09;916.52;916.52;916.52;916.52;0.16;146.64;916.52
27.01.2017 11:10;916.02;916.02;916.02;916.02;1;916.02;916.02
27.01.2017 11:11;0;0;0;0;0;0;0
27.01.2017 11:12;0;0;0;0;0;0;0
27.01.2017 11:13;916.03;916.03;916.03;916.03;0.2;183.21;916.03
27.01.2017 11:14;916.5;916.5;916.5;916.5;0.24;220.09;916.5
27.01.2017 11:15;0;0;0;0;0;0;0
27.01.2017 11:16;916.51;916.51;916.51;916.51;0.11;99.77;916.51
27.01.2017 11:17;916.51;916.51;916.51;916.51;0.08;75.15;916.51
27.01.2017 11:18;916.51;916.51;916.51;916.51;0.13;119.09;916.51
27.01.2017 11:19;0;0;0;0;0;0;0
27.01.2017 11:20;916.51;916.73;916.51;916.58;1.63;1496.73;916.63
27.01.2017 11:21;0;0;0;0;0;0;0
27.01.2017 11:22;0;0;0;0;0;0;0
27.01.2017 11:23;917.09;917.09;917.09;917.09;1.49;1370.57;917.09
27.01.2017 11:24;0;0;0;0;0;0;0
27.01.2017 11:25;0;0;0;0;0;0;0
27.01.2017 11:26;0;0;0;0;0;0;0
27.01.2017 11:27;0;0;0;0;0;0;0
27.01.2017 11:28;0;0;0;0;0;0;0
27.01.2017 11:29;916.85;917.1;916.85;917.1;0.16;151.21;916.86
27.01.2017 11:30;917.11;917.49;917.11;917.49;16.5;15134.14;917.48
27.01.2017 11:31;917.49;917.49;917.49;917.49;16.27;14925.18;917.49
27.01.2017 11:32;917.27;917.5;917.27;917.5;0.19;176.4;917.39
27.01.2017 11:33;917.51;917.52;917.51;917.52;13.54;12424.83;917.51
27.01.2017 11:34;917.51;917.51;917.51;917.51;0.1;93.74;917.51
27.01.2017 11:35;917.34;917.34;917.34;917.34;2.74;2513.51;917.34
27.01.2017 11:36;0;0;0;0;0;0;0
27.01.2017 11:37;0;0;0;0;0;0;0
27.01.2017 11:38;0;0;0;0;0;0;0
27.01.2017 11:39;917.5;917.5;917.41;917.41;0.14;131.89;917.45
27.01.2017 11:40;0;0;0;0;0;0;0
27.01.2017 11:41;0;0;0;0;0;0;0
27.01.2017 11:42;0;0;0;0;0;0;0
27.01.2017 11:43;0;0;0;0;0;0;0
27.01.2017 11:44;917.22;917.22;917.22;917.22;5.3;4861.27;917.22
27.01.2017 11:45;917.33;917.46;917.33;917.46;0.13;115.67;917.36
27.01.2017 11:46;917.46;917.47;917.46;917.47;0.09;79.76;917.46
27.01.2017 11:47;917.45;917.45;917.45;917.45;0.03;29.93;917.45
27.01.2017 11:48;917.45;917.52;917.45;917.52;6.67;6118.11;917.51
27.01.2017 11:49;917.52;917.52;917.52;917.52;0.05;48.9;917.52
27.01.2017 11:50;0;0;0;0;0;0;0
27.01.2017 11:51;917.28;917.52;917.28;917.52;10.16;9322.59;917.52
27.01.2017 11:52;0;0;0;0;0;0;0
27.01.2017 11:53;917.33;917.33;917.33;917.33;1.07;981.74;917.33
27.01.2017 11:54;0;0;0;0;0;0;0
27.01.2017 11:55;917.52;917.52;917.52;917.52;0.25;233.36;917.52
27.01.2017 11:56;917.52;917.52;917.52;917.52;0.04;33.95;917.52
27.01.2017 11:57;917.52;917.52;917.52;917.52;5;4587.6;917.52
27.01.2017 11:58;917.52;917.52;917.52;917.52;0.09;82.21;917.52
27.01.2017 11:59;0;0;0;0;0;0;0
27.01.2017 12:00;917.52;917.52;917.52;917.52;0.02;18.35;917.52
27.01.2017 12:01;917.51;917.51;917.51;917.51;0.04;39.01;917.51
27.01.2017 12:02;0;0;0;0;0;0;0
27.01.2017 12:03;917.36;917.36;917.36;917.36;0.27;250.76;917.36
27.01.2017 12:04;917.51;917.51;917.51;917.51;0.02;20.84;917.51
27.01.2017 12:05;0;0;0;0;0;0;0
27.01.2017 12:06;917.51;917.52;917.51;917.52;0.14;128.38;917.51
27.01.2017 12:07;917.52;917.52;917.52;917.52;2.8;2570.06;917.52
27.01.2017 12:08;0;0;0;0;0;0;0
27.01.2017 12:09;917.52;917.52;917.52;917.52;1;917.52;917.52
27.01.2017 12:10;917.52;917.52;917.52;917.52;6.22;5704.12;917.52
27.01.2017 12:11;917.52;917.52;917.52;917.52;1.56;1428.58;917.52
27.01.2017 12:12;0;0;0;0;0;0;0
27.01.2017 12:13;917.52;917.52;917.52;917.52;0.11;101.44;917.52
27.01.2017 12:14;917.52;917.52;917.52;917.52;0.67;619.3;917.52
27.01.2017 12:15;917.52;917.52;917.52;917.52;4.49;4121.43;917.52
27.01.2017 12:16;0;0;0;0;0;0;0
27.01.2017 12:17;0;0;0;0;0;0;0
27.01.2017 12:18;0;0;0;0;0;0;0
27.01.2017 12:19;917.52;917.52;917.52;917.52;0.76;697.38;917.52
27.01.2017 12:20;0;0;0;0;0;0;0
27.01.2017 12:21;0;0;0;0;0;0;0
27.01.2017 12:22;917.52;917.52;917.52;917.52;0.05;46.79;917.52
27.01.2017 12:23;917.52;917.52;917.52;917.52;1;917.52;917.52
27.01.2017 12:24;0;0;0;0;0;0;0
27.01.2017 12:25;917.52;917.52;917.52;917.52;1.26;1160.25;917.52
27.01.2017 12:26;0;0;0;0;0;0;0
27.01.2017 12:27;917.51;917.51;916.57;916.62;2.76;2535.57;917.15
27.01.2017 12:28;916.81;916.81;916.81;916.81;0.06;50.42;916.81
27.01.2017 12:29;0;0;0;0;0;0;0
27.01.2017 12:30;917.12;917.12;917.12;917.12;0.95;873.53;917.12
27.01.2017 12:31;917.12;917.12;917;917.09;0.92;840.74;917.1
27.01.2017 12:32;917.09;917.09;916.58;916.58;0.6;553.92;917.01
27.01.2017 12:33;0;0;0;0;0;0;0
27.01.2017 12:34;917.46;917.46;917.46;917.46;1.03;943.35;917.46
27.01.2017 12:35;917.47;917.47;917.47;917.47;0.36;334.38;917.47
27.01.2017 12:36;917.28;917.28;917.28;917.28;9;8255.52;917.28
27.01.2017 12:37;917.36;917.36;917.36;917.36;35.94;32970.69;917.36
27.01.2017 12:38;917.34;917.34;917.31;917.33;0.87;800.92;917.32
27.01.2017 12:39;917.33;917.33;917.33;917.33;4.76;4368.31;917.33
27.01.2017 12:40;917.31;917.33;917.31;917.33;0.46;419.44;917.33
27.01.2017 12:41;917.32;917.32;917.3;917.3;1.2;1099.56;917.31
27.01.2017 12:42;917.28;917.28;916.51;916.51;2.7;2474.81;917.21
27.01.2017 12:43;916.51;916.51;916.41;916.41;0.8;733.19;916.49
27.01.2017 12:44;0;0;0;0;0;0;0
27.01.2017 12:45;0;0;0;0;0;0;0
27.01.2017 12:46;917;917;916.7;916.7;0.74;681.01;916.98
27.01.2017 12:47;916.7;917;916.7;917;0.04;39.02;916.86
27.01.2017 12:48;0;0;0;0;0;0;0
27.01.2017 12:49;0;0;0;0;0;0;0
27.01.2017 12:50;916.7;916.7;916.7;916.7;8.51;7804.98;916.7
27.01.2017 12:51;916.42;916.5;916.3;916.5;3.37;3089.2;916.38
27.01.2017 12:52;0;0;0;0;0;0;0
27.01.2017 12:53;0;0;0;0;0;0;0
27.01.2017 12:54;916.5;916.64;916;916.64;48.39;44350.63;916.55
27.01.2017 12:55;916.63;916.63;916.63;916.63;0.12;110.42;916.63
27.01.2017 12:56;916.63;916.68;916.61;916.61;0.6;549.25;916.64
27.01.2017 12:57;0;0;0;0;0;0;0
27.01.2017 12:58;916.34;916.34;916.34;916.34;0.02;20.84;916.34
27.01.2017 12:59;0;0;0;0;0;0;0
27.01.2017 13:00;916.58;916.58;916.58;916.58;2.76;2528.98;916.58
27.01.2017 13:01;916.58;916.58;916.58;916.58;5.84;5353.66;916.58
27.01.2017 13:02;916.58;916.59;916.58;916.59;0.52;480.29;916.59
27.01.2017 13:03;0;0;0;0;0;0;0
27.01.2017 13:04;916.7;916.7;916.07;916.7;3.16;2895.9;916.63
27.01.2017 13:05;916.69;916.7;916.69;916.7;1.32;1214.19;916.7
27.01.2017 13:06;916.7;916.7;916.7;916.7;1.01;927.12;916.7
27.01.2017 13:07;916.7;916.7;916.7;916.7;0.13;119.94;916.7
27.01.2017 13:08;916.7;916.7;916.43;916.43;0.18;163.77;916.53
27.01.2017 13:09;916.7;916.7;916.7;916.7;5.27;4828.24;916.7
27.01.2017 13:10;916.7;916.7;916.7;916.7;0.15;133.25;916.7
27.01.2017 13:11;916.7;916.7;916.7;916.7;2.65;2427.06;916.7
27.01.2017 13:12;916.7;917;916.65;917;2.16;1984.83;916.79
27.01.2017 13:13;0;0;0;0;0;0;0
27.01.2017 13:14;917;917.36;917;917.36;21.31;19550.42;917.34
27.01.2017 13:15;0;0;0;0;0;0;0
27.01.2017 13:16;917.36;917.36;917.36;917.36;13.03;11950.29;917.36
27.01.2017 13:17;917.36;917.36;917.36;917.36;0.1;91.06;917.36
27.01.2017 13:18;917.18;917.36;917.18;917.36;2.84;2605;917.18
27.01.2017 13:19;917.12;917.13;917;917;5.52;5062.12;917
27.01.2017 13:20;917;917.36;917;917.36;97.58;89486.48;917.01
27.01.2017 13:21;917.36;917.36;917.36;917.36;1.15;1051.32;917.36
27.01.2017 13:22;917.36;917.36;917.35;917.36;21.95;20137.97;917.36
27.01.2017 13:23;917.36;917.36;917.12;917.12;10.23;9380.12;917.13
27.01.2017 13:24;917.12;917.36;917.12;917.36;0.28;255.27;917.35
27.01.2017 13:25;0;0;0;0;0;0;0
27.01.2017 13:26;0;0;0;0;0;0;0
27.01.2017 13:27;917.36;917.36;917.36;917.36;0.03;30.42;917.36
27.01.2017 13:28;917.36;917.36;917.36;917.36;0.02;15.78;917.36
27.01.2017 13:29;0;0;0;0;0;0;0
27.01.2017 13:30;0;0;0;0;0;0;0
27.01.2017 13:31;0;0;0;0;0;0;0
27.01.2017 13:32;0;0;0;0;0;0;0
27.01.2017 13:33;0;0;0;0;0;0;0
27.01.2017 13:34;917.36;917.36;917.36;917.36;10.03;9204.82;917.36
27.01.2017 13:35;917.36;917.36;917.36;917.36;9.66;8864.34;917.36
27.01.2017 13:36;917.15;917.15;917.15;917.15;1;917.15;917.15
27.01.2017 13:37;0;0;0;0;0;0;0
27.01.2017 13:38;917.36;917.36;917.36;917.36;82.5;75682.23;917.36
27.01.2017 13:39;917.36;917.36;917.36;917.36;6.14;5628.85;917.36
27.01.2017 13:40;917.15;917.15;917.15;917.15;0.05;46.77;917.15
27.01.2017 13:41;917.36;917.36;917.36;917.36;0.02;18.35;917.36
27.01.2017 13:42;0;0;0;0;0;0;0
27.01.2017 13:43;917.15;917.36;917.15;917.36;0.57;524.62;917.27
27.01.2017 13:44;917.36;917.36;917.15;917.15;126.74;116262.74;917.36
27.01.2017 13:45;917.3;917.42;917.3;917.42;1.3;1192;917.41
27.01.2017 13:46;917.62;917.88;917.62;917.88;1.68;1537.44;917.72
27.01.2017 13:47;917.62;917.97;917.15;917.15;2.49;2283.22;917.77
27.01.2017 13:48;917.14;917.14;917.14;917.14;17;15591.38;917.14
27.01.2017 13:49;917.15;917.15;917.15;917.15;0.06;52.08;917.15
27.01.2017 13:50;0;0;0;0;0;0;0
27.01.2017 13:51;0;0;0;0;0;0;0
27.01.2017 13:52;0;0;0;0;0;0;0
27.01.2017 13:53;917.15;917.15;917.08;917.08;0.31;286.35;917.13
27.01.2017 13:54;917.15;917.15;917.15;917.15;1.6;1467.89;917.15
27.01.2017 13:55;917.14;917.14;916.94;916.94;0.05;47.58;917.08
27.01.2017 13:56;0;0;0;0;0;0;0
27.01.2017 13:57;0;0;0;0;0;0;0
27.01.2017 13:58;0;0;0;0;0;0;0
27.01.2017 13:59;917.15;917.15;917.15;917.15;0.1;87.89;917.15
27.01.2017 14:00;917.15;917.15;917.15;917.15;0.37;338.65;917.15
27.01.2017 14:01;917.14;917.14;917.14;917.14;0.01;10.41;917.14
27.01.2017 14:02;0;0;0;0;0;0;0
27.01.2017 14:03;917.11;917.11;917.11;917.11;0.34;312.67;917.11
27.01.2017 14:04;917.11;917.15;917.11;917.15;0.13;116.34;917.13
27.01.2017 14:05;916.99;916.99;916.91;916.91;5.75;5273.25;916.97
27.01.2017 14:06;916.98;917.12;916.98;917.12;4.33;3968.82;916.99
27.01.2017 14:07;917.13;917.13;917.13;917.13;0.2;183.92;917.13
27.01.2017 14:08;917.13;918.01;917.13;918.01;5.37;4930.04;917.65
27.01.2017 14:09;918;918;918;918;18.3;16802.33;918
27.01.2017 14:10;918;918.06;918;918.06;0.04;32.2;918.02
27.01.2017 14:11;918.06;918.13;918;918.13;21.07;19338.61;918
27.01.2017 14:12;0;0;0;0;0;0;0
27.01.2017 14:13;918.13;918.5;918.13;918.49;6.81;6250.29;918.46
27.01.2017 14:14;918.5;918.5;918.5;918.5;0.03;29.93;918.5
27.01.2017 14:15;918.01;918.01;918.01;918.01;0.26;239.8;918.01
27.01.2017 14:16;918;918.5;918;918.5;14.88;13659.35;918
27.01.2017 14:17;918;918;918;918;0.05;45.9;918
27.01.2017 14:18;918.5;918.65;918.5;918.65;1.49;1366.2;918.52
27.01.2017 14:19;918.64;918.65;918.03;918.03;0.37;337.84;918.61
27.01.2017 14:20;918.65;918.67;918.65;918.67;0.38;351.46;918.66
27.01.2017 14:21;918.65;919.61;918.65;918.65;5.24;4813.59;919.13
27.01.2017 14:22;919.61;919.61;918.04;919.58;0.35;323.77;919.28
27.01.2017 14:23;919;919.56;918;918;3.09;2838.51;918.06
27.01.2017 14:24;917.98;919.03;917.92;918.02;23.38;21463.75;918
27.01.2017 14:25;918.02;918.96;918.02;918.96;0.21;193.85;918.61
27.01.2017 14:26;0;0;0;0;0;0;0
27.01.2017 14:27;918.04;919.09;918.04;919.09;13.13;12059.45;918.45
27.01.2017 14:28;918.98;919;918.98;919;0.2;180.22;918.99
27.01.2017 14:29;918.98;919;918.98;919;0.08;76.81;918.98
27.01.2017 14:30;919;919;919;919;0.88;807.38;919
27.01.2017 14:31;919.01;919.55;918.98;919.55;0.52;480.61;919.33
27.01.2017 14:32;0;0;0;0;0;0;0
27.01.2017 14:33;919.55;919.55;919.55;919.55;0.15;137.93;919.55
27.01.2017 14:34;918.35;918.35;918.35;918.35;0.72;663.36;918.35
27.01.2017 14:35;0;0;0;0;0;0;0
27.01.2017 14:36;919.07;919.07;919.07;919.07;0.2;181.24;919.07
27.01.2017 14:37;918.3;918.3;918.25;918.25;0.54;497.1;918.27
27.01.2017 14:38;0;0;0;0;0;0;0
27.01.2017 14:39;918.75;918.96;918.75;918.96;0.53;485.1;918.78
27.01.2017 14:40;918.95;918.97;918.95;918.97;1.08;992.62;918.95
27.01.2017 14:41;918.98;918.98;918.98;918.98;0.05;41.64;918.98
27.01.2017 14:42;0;0;0;0;0;0;0
27.01.2017 14:43;918.97;918.98;918.97;918.98;0.79;722.89;918.98
27.01.2017 14:44;918.97;918.99;918.97;918.99;0.49;454.66;918.98
27.01.2017 14:45;0;0;0;0;0;0;0
27.01.2017 14:46;0;0;0;0;0;0;0
27.01.2017 14:47;918.97;919.09;918.34;919.09;0.07;63.21;918.57
27.01.2017 14:48;918.55;919.09;918.25;919.09;5.26;4828.95;918.41
27.01.2017 14:49;918.97;919.5;918.07;918.15;5.24;4811.73;918.59
27.01.2017 14:50;918.07;919.01;918.02;918.02;10.42;9569.45;918.08
27.01.2017 14:51;918;918;918;918;5.2;4770.6;918
27.01.2017 14:52;918.57;918.58;918;918.58;7.46;6845.63;918.1
27.01.2017 14:53;918.74;918.92;918.02;918.02;0.94;861.45;918.19
27.01.2017 14:54;918.79;919.58;918.79;919.58;6.59;6063.08;919.4
27.01.2017 14:55;918.42;918.42;918.42;918.42;0.05;44.08;918.42
27.01.2017 14:56;0;0;0;0;0;0;0
27.01.2017 14:57;919;919.55;919;919.55;1.19;1090.38;919.54
27.01.2017 14:58;919.59;919.59;919.59;919.59;0.58;533.8;919.59
27.01.2017 14:59;919.59;919.59;919.59;919.59;0.53;485.27;919.59
27.01.2017 15:00;918.52;918.52;918.52;918.52;0.02;19.29;918.52
27.01.2017 15:01;918.53;918.53;918.53;918.53;0.06;50.92;918.53
27.01.2017 15:02;918.52;919.57;918.52;919.57;1.08;990.41;918.63
27.01.2017 15:03;0;0;0;0;0;0;0
27.01.2017 15:04;918.5;919.58;918.5;918.66;0.78;713.58;919.02
27.01.2017 15:05;918.71;918.91;918.71;918.91;5.06;4651.69;918.91
27.01.2017 15:06;0;0;0;0;0;0;0
27.01.2017 15:07;0;0;0;0;0;0;0
27.01.2017 15:08;919.52;919.52;919.52;919.52;0.66;604.44;919.52
27.01.2017 15:09;918.97;918.97;918.97;918.97;0.1;91.9;918.97
27.01.2017 15:10;919.52;919.52;919.06;919.52;1.02;934.26;919.29
27.01.2017 15:11;919.52;919.52;919.52;919.52;0.02;20.95;919.52
27.01.2017 15:12;919.5;919.5;919.5;919.5;0.02;17.3;919.5
27.01.2017 15:13;919.1;919.53;919.1;919.14;3.48;3200;919.25
27.01.2017 15:14;919.15;919.15;919.14;919.14;0.17;154.95;919.15
27.01.2017 15:15;0;0;0;0;0;0;0
27.01.2017 15:16;919.04;919.07;919.04;919.07;0.37;344.41;919.05
27.01.2017 15:17;919.07;919.07;919.07;919.07;0.13;119.37;919.07
27.01.2017 15:18;0;0;0;0;0;0;0
27.01.2017 15:19;919.07;919.07;919.07;919.07;0.26;241.61;919.07
27.01.2017 15:20;919.33;919.33;919.33;919.33;0.08;74.68;919.33
27.01.2017 15:21;919.29;919.49;919.26;919.49;0.31;284.27;919.29
27.01.2017 15:22;919.49;919.49;919.49;919.49;1;919.49;919.49
27.01.2017 15:23;919.49;919.5;919.49;919.5;5.07;4657.3;919.49
27.01.2017 15:24;919.5;919.7;919.5;919.7;1.35;1244.53;919.56
27.01.2017 15:25;0;0;0;0;0;0;0
27.01.2017 15:26;0;0;0;0;0;0;0
27.01.2017 15:27;919.7;919.71;919.7;919.71;1;919.71;919.71
27.01.2017 15:28;919.74;919.74;918.3;919.73;0.36;331.52;918.86
27.01.2017 15:29;0;0;0;0;0;0;0
27.01.2017 15:30;919.64;921.02;919.64;921.02;101.81;93714.27;920.48
27.01.2017 15:31;921.02;921.08;921;921;19.45;17911.83;921
27.01.2017 15:32;921;921.08;921;921.08;1.24;1146.42;921
27.01.2017 15:33;921.08;921.23;921.08;921.08;0.57;526.18;921.2
27.01.2017 15:34;921.08;921.08;921.01;921.01;0.53;485.15;921.06
27.01.2017 15:35;921.01;921.01;921;921;2.82;2592.79;921
27.01.2017 15:36;921;921.79;921;921.79;2.53;2329.03;921.49
27.01.2017 15:37;921.01;922;921;922;9.85;9074.16;921.52
27.01.2017 15:38;922;922.46;921.55;921.89;9.16;8446.48;922.14
27.01.2017 15:39;921.91;922.45;921.91;922.03;1.1;1013.64;922.03
27.01.2017 15:40;922.45;924.88;922.45;924.88;120;110879.69;923.96
27.01.2017 15:41;923.07;924.87;922.91;923.44;11.2;10351.62;923.98
27.01.2017 15:42;922.13;923.97;922.13;923.97;0.1;94.91;922.57
27.01.2017 15:43;922.38;923.97;922.05;922.05;2.79;2577.82;923.5
27.01.2017 15:44;922.15;922.15;922.15;922.15;0.2;186.27;922.15
27.01.2017 15:45;923.19;923.19;923.19;923.19;0.1;92.32;923.19
27.01.2017 15:46;922.18;922.24;922.18;922.24;0.51;470.61;922.2
27.01.2017 15:47;922.15;922.15;922.01;922.01;0.35;323.13;922.06
27.01.2017 15:48;922.24;923.02;922.24;923;24.13;22268.7;922.92
27.01.2017 15:49;923;923;923;923;1.15;1061.45;923
27.01.2017 15:50;923;924.17;923;924.17;5.17;4774.55;923.51
27.01.2017 15:51;923.01;924.11;923.01;923.13;0.94;864.02;923.1
27.01.2017 15:52;923.14;923.14;923.14;923.14;1.18;1088.38;923.14
27.01.2017 15:53;923.14;923.14;923.14;923.14;2.53;2337.12;923.14
27.01.2017 15:54;923.05;923.05;923.05;923.05;0.56;513.38;923.05
27.01.2017 15:55;923.05;923.06;923;923;49.93;46083.41;923.05
27.01.2017 15:56;923;923;923;923;48.89;45124.16;923
27.01.2017 15:57;923.02;923.07;923;923.07;51.41;47448.59;923.02
27.01.2017 15:58;0;0;0;0;0;0;0
27.01.2017 15:59;923.06;923.06;923.05;923.05;61.55;56813.44;923.06
27.01.2017 16:00;923.06;923.06;923.05;923.05;10.87;10031.21;923.05
27.01.2017 16:01;923.05;923.07;923.05;923.07;42.75;39458.76;923.06
27.01.2017 16:02;923.49;923.49;923.49;923.49;0.13;117.71;923.49
27.01.2017 16:03;923.12;923.12;923.12;923.12;1;923.12;923.12
27.01.2017 16:04;923.28;923.29;923.08;923.08;0.22;203.13;923.27
27.01.2017 16:05;0;0;0;0;0;0;0
27.01.2017 16:06;923.29;923.3;923.29;923.3;2.66;2451.65;923.3
27.01.2017 16:07;923.3;923.48;923.3;923.3;2.19;2025.9;923.35
27.01.2017 16:08;923.3;923.3;923.29;923.29;1.15;1061.79;923.29
27.01.2017 16:09;923.29;923.42;923.05;923.42;16.4;15138.73;923.09
27.01.2017 16:10;923.05;923.41;923.05;923.41;4.01;3700.01;923.41
27.01.2017 16:11;923.05;923.05;923.05;923.05;0.14;131.63;923.05
27.01.2017 16:12;923.05;923.05;923.05;923.05;1;923.05;923.05
27.01.2017 16:13;923.06;923.06;923.06;923.06;0.13;124.05;923.06
27.01.2017 16:14;923.05;923.15;923.05;923.15;1.84;1702.2;923.08
27.01.2017 16:15;923.15;924;923.15;924;2.79;2578.64;923.8
27.01.2017 16:16;924;924;923.08;923.08;0.43;393.67;923.78
27.01.2017 16:17;923.08;923.99;923.08;923.99;4.6;4245.58;923.22
27.01.2017 16:18;923.99;924;923.11;924;8.89;8216.15;923.97
27.01.2017 16:19;924;924.8;924;924.1;15.72;14532.79;924.48
27.01.2017 16:20;924.01;924.6;924.01;924.6;0.32;298.93;924.18
27.01.2017 16:21;924;924.59;924;924.59;9.13;8440.62;924.01
27.01.2017 16:22;924;924.76;923.09;923.13;1.92;1771.55;924.29
27.01.2017 16:23;924.57;924.58;923.19;923.19;50.28;46417.44;923.2
27.01.2017 16:24;924.59;924.59;923.99;923.99;12.46;11514.58;924.08
27.01.2017 16:25;923.19;923.99;923.19;923.99;7.53;6955;923.38
27.01.2017 16:26;923.49;923.49;923.05;923.06;3.51;3238.31;923.17
27.01.2017 16:27;0;0;0;0;0;0;0
27.01.2017 16:28;923.06;923.06;923.05;923.05;22;20307.17;923.05
27.01.2017 16:29;923.88;923.88;922.1;922.1;6.8;6277.31;923.01
27.01.2017 16:30;922.98;922.98;922.98;922.98;1.32;1215.16;922.98
27.01.2017 16:31;922.99;923;922.99;923;4.01;3702.66;923
27.01.2017 16:32;923;923;923;923;7.2;6648.37;923
27.01.2017 16:33;0;0;0;0;0;0;0
27.01.2017 16:34;923;923;922.76;922.76;0.59;548.49;922.85
27.01.2017 16:35;923;923;923;923;0.47;433.08;923
27.01.2017 16:36;923;923;923;923;1.19;1101.17;923
27.01.2017 16:37;923;923;922.76;923;0.79;726.69;922.97
27.01.2017 16:38;922.76;922.76;922.76;922.76;0.02;21.8;922.76
27.01.2017 16:39;923;923;921.91;921.91;1.42;1309.85;922.35
27.01.2017 16:40;0;0;0;0;0;0;0
27.01.2017 16:41;0;0;0;0;0;0;0
27.01.2017 16:42;922.4;922.4;922.01;922.01;1.63;1499.49;922.2
27.01.2017 16:43;922.01;922.01;922;922;1.49;1372.71;922
27.01.2017 16:44;921.91;922;921.75;922;50.32;46385;921.75
27.01.2017 16:45;922;922.86;920.92;920.92;1.47;1355.92;922.38
27.01.2017 16:46;922.23;922.78;921.99;921.99;0.49;453.24;922.16
27.01.2017 16:47;921.99;922;921.99;922;0.05;50.54;922
27.01.2017 16:48;922;922;922;922;0.17;156.3;922
27.01.2017 16:49;922;922;922;922;2.7;2486.28;922
27.01.2017 16:50;0;0;0;0;0;0;0
27.01.2017 16:51;0;0;0;0;0;0;0
27.01.2017 16:52;921.99;921.99;921.99;921.99;5.05;4658.49;921.99
27.01.2017 16:53;921.99;921.99;921.99;921.99;0.25;225.89;921.99
27.01.2017 16:54;921.75;921.75;921.7;921.7;50.1;46179.67;921.75
27.01.2017 16:55;921.7;921.7;921.54;921.59;2.43;2242.68;921.65
27.01.2017 16:56;922.03;922.03;921.74;921.74;33.58;30947.58;921.74
27.01.2017 16:57;921.8;921.8;921.8;921.8;6.84;6303.29;921.8
27.01.2017 16:58;922.03;922.03;922.03;922.03;0.08;73.26;922.03
27.01.2017 16:59;0;0;0;0;0;0;0
27.01.2017 17:00;921.43;921.43;921.43;921.43;0.04;35.01;921.43
27.01.2017 17:01;921.64;921.74;921.64;921.74;0.05;49.77;921.7
27.01.2017 17:02;0;0;0;0;0;0;0
27.01.2017 17:03;922.07;922.07;920.91;921.87;10.03;9240.41;920.98
27.01.2017 17:04;0;0;0;0;0;0;0
27.01.2017 17:05;0;0;0;0;0;0;0
27.01.2017 17:06;920.92;921.86;920.92;921.86;50.23;46283.23;921.35
27.01.2017 17:07;921.63;921.63;921.63;921.63;0.01;4.97;921.63
27.01.2017 17:08;921.45;921.45;921.42;921.42;0.21;190.41;921.44
27.01.2017 17:09;921.4;921.4;921.4;921.4;0.17;157.55;921.4
27.01.2017 17:10;921.35;921.35;920.91;921.35;0.52;474.52;921.32
27.01.2017 17:11;0;0;0;0;0;0;0
27.01.2017 17:12;921.35;921.35;921.35;921.35;0.07;66.82;921.35
27.01.2017 17:13;921.35;922.27;921.35;921.89;16.34;15066.07;921.76
27.01.2017 17:14;921.91;922.17;921.91;922.17;0.04;39.51;922.05
27.01.2017 17:15;0;0;0;0;0;0;0
27.01.2017 17:16;0;0;0;0;0;0;0
27.01.2017 17:17;921.85;922.44;921.85;922.44;0.1;92.19;921.92
27.01.2017 17:18;921.03;922.66;921.03;922.14;0.76;699.55;922.18
27.01.2017 17:19;922.17;922.17;922.17;922.17;0.3;277.76;922.17
27.01.2017 17:20;920.95;920.97;920.92;920.92;1.24;1139.44;920.96
27.01.2017 17:21;920.91;920.91;920.91;920.91;0.51;470.28;920.91
27.01.2017 17:22;920.9;920.95;920.9;920.95;7.83;7214;920.94
27.01.2017 17:23;920.95;920.95;920.92;920.95;40.19;37011.58;920.95
27.01.2017 17:24;920.92;921.9;920.92;921.9;5.52;5081.16;921.15
27.01.2017 17:25;921.82;921.99;921.82;921.99;50;46097.69;921.95
27.01.2017 17:26;921.08;921.08;921.08;921.08;0.13;118.45;921.08
27.01.2017 17:27;921.81;921.81;921.81;921.81;0.19;176.99;921.81
27.01.2017 17:28;0;0;0;0;0;0;0
27.01.2017 17:29;920.97;920.97;920.96;920.96;0.3;276.29;920.96
27.01.2017 17:30;920.96;921.79;920.96;921.78;0.57;527.85;921.55
27.01.2017 17:31;920.96;920.96;920.96;920.96;0.12;113.61;920.96
27.01.2017 17:32;0;0;0;0;0;0;0
27.01.2017 17:33;920.96;920.96;920.96;920.96;0.03;28.47;920.96
27.01.2017 17:34;920.96;920.96;920.72;920.72;6.1;5614.86;920.75
27.01.2017 17:35;920.75;920.75;920.75;920.75;0.49;451.53;920.75
27.01.2017 17:36;920.95;920.95;920.95;920.95;0.02;14.69;920.95
27.01.2017 17:37;920.71;920.71;920.71;920.71;0.02;17.03;920.71
27.01.2017 17:38;920.95;920.95;920.95;920.95;1.84;1695.43;920.95
27.01.2017 17:39;920.95;920.95;920.71;920.71;0.11;100.2;920.74
27.01.2017 17:40;920.93;920.93;920.93;920.93;1.7;1569.33;920.93
27.01.2017 17:41;920.96;920.96;920.74;920.74;3.28;3015.58;920.76
27.01.2017 17:42;920.95;920.95;920.95;920.95;0.72;666.43;920.95
27.01.2017 17:43;920.95;920.95;920.77;920.77;7.04;6483.48;920.95
27.01.2017 17:44;920.95;920.95;920.71;920.71;1.11;1019.68;920.84
27.01.2017 17:45;920.95;920.95;920.95;920.95;0.1;94.8;920.95
27.01.2017 17:46;0;0;0;0;0;0;0
27.01.2017 17:47;0;0;0;0;0;0;0
27.01.2017 17:48;0;0;0;0;0;0;0
27.01.2017 17:49;920.95;920.96;920.95;920.96;0.53;485.74;920.96
27.01.2017 17:50;0;0;0;0;0;0;0
27.01.2017 17:51;0;0;0;0;0;0;0
27.01.2017 17:52;920.95;920.95;920.95;920.95;0.05;45.52;920.95
27.01.2017 17:53;920.95;920.95;920.95;920.95;0.48;438.55;920.95
27.01.2017 17:54;0;0;0;0;0;0;0
27.01.2017 17:55;920.95;920.95;920.95;920.95;0.29;267.01;920.95
27.01.2017 17:56;0;0;0;0;0;0;0
27.01.2017 17:57;920.71;920.71;920.71;920.71;0.38;354.05;920.71
27.01.2017 17:58;920.43;920.43;920.42;920.42;0.68;624.88;920.42
27.01.2017 17:59;920.15;920.15;919.59;919.59;2.42;2227.27;920
27.01.2017 18:00;920.39;920.95;920.39;920.95;1.08;995.26;920.73
27.01.2017 18:01;920.93;921.86;920.09;920.09;11.98;11032.16;921.23
27.01.2017 18:02;0;0;0;0;0;0;0
27.01.2017 18:03;921.46;921.84;921.46;921.75;0.5;464.4;921.53
27.01.2017 18:04;0;0;0;0;0;0;0
27.01.2017 18:05;921.37;921.82;921.37;921.82;0.21;197.27;921.63
27.01.2017 18:06;921.03;921.83;921.03;921.35;0.24;219.09;921.69
27.01.2017 18:07;0;0;0;0;0;0;0
27.01.2017 18:08;921.2;921.35;921.2;921.35;0.03;25.88;921.26
27.01.2017 18:09;919.99;919.99;919.99;919.99;0.03;31.36;919.99
27.01.2017 18:10;920.77;920.77;920.77;920.77;0.26;238.15;920.77
27.01.2017 18:11;921.17;921.17;921.17;921.17;0.54;496.37;921.17
27.01.2017 18:12;0;0;0;0;0;0;0
27.01.2017 18:13;0;0;0;0;0;0;0
27.01.2017 18:14;921.09;921.35;921.09;921.35;0.21;193.83;921.26
27.01.2017 18:15;921.86;921.99;921.09;921.09;5.43;5004.91;921.93
27.01.2017 18:16;921.09;921.09;921.09;921.09;0.14;125.99;921.09
27.01.2017 18:17;920.97;921.41;920.94;921.41;1.65;1521.95;921.08
27.01.2017 18:18;921.87;921.87;919.99;919.99;51.74;47599.64;920
27.01.2017 18:19;0;0;0;0;0;0;0
27.01.2017 18:20;919.98;919.98;919.98;919.98;0.06;52.44;919.98
27.01.2017 18:21;919.96;920.43;919;919.11;18.86;17340.7;919.35
27.01.2017 18:22;919.04;919.04;918.99;918.99;30;27570.3;919.01
27.01.2017 18:23;0;0;0;0;0;0;0
27.01.2017 18:24;919.05;919.05;919;919;10;9190.01;919
27.01.2017 18:25;918.98;919.87;918.09;919.83;41.08;37763.24;919.16
27.01.2017 18:26;919.82;919.82;919.82;919.82;0.16;143.28;919.82
27.01.2017 18:27;919.8;919.8;919.8;919.8;10;9198;919.8
27.01.2017 18:28;919.89;919.89;919.89;919.89;1.3;1198.49;919.89
27.01.2017 18:29;919.89;919.89;919.89;919.89;0.04;35.65;919.89
27.01.2017 18:30;919.89;919.89;919.89;919.89;0.47;432.45;919.89
27.01.2017 18:31;0;0;0;0;0;0;0
27.01.2017 18:32;0;0;0;0;0;0;0
27.01.2017 18:33;919.87;919.87;919;919.01;12.14;11156.53;919.03
27.01.2017 18:34;919.01;919.78;919;919.78;0.67;615.82;919.68
27.01.2017 18:35;919.01;919.6;919.01;919.6;0.08;75.56;919.37
27.01.2017 18:36;919.6;919.6;919.6;919.6;0.13;122.06;919.6
27.01.2017 18:37;919.6;919.6;919.6;919.6;0.58;537.2;919.6
27.01.2017 18:38;0;0;0;0;0;0;0
27.01.2017 18:39;0;0;0;0;0;0;0
27.01.2017 18:40;919.57;919.57;919.57;919.57;2.64;2426.32;919.57
27.01.2017 18:41;919.57;919.57;919.57;919.57;0.01;11.75;919.57
27.01.2017 18:42;919.34;919.57;919.34;919.57;25.35;23313.32;919.56
27.01.2017 18:43;0;0;0;0;0;0;0
27.01.2017 18:44;919.56;919.88;919.56;919.88;0.55;508.43;919.77
27.01.2017 18:45;919.87;919.9;919.87;919.9;1;919.88;919.88
27.01.2017 18:46;919.02;919.02;918.96;918.97;47.33;43494.99;919
27.01.2017 18:47;919;919;919;919;0.1;91.9;919
27.01.2017 18:48;919.89;919.89;919;919;39.86;36631.95;919
27.01.2017 18:49;919;919;919;919;0.24;220;919
27.01.2017 18:50;919;919.89;919;919.88;0.61;561.05;919.26
27.01.2017 18:51;0;0;0;0;0;0;0
27.01.2017 18:52;0;0;0;0;0;0;0
27.01.2017 18:53;919.87;919.89;919.87;919.89;0.1;87.47;919.87
27.01.2017 18:54;919.71;919.71;919.71;919.71;0.1;91.06;919.71
27.01.2017 18:55;919.87;919.87;919.87;919.87;0.05;43.51;919.87
27.01.2017 18:56;0;0;0;0;0;0;0
27.01.2017 18:57;0;0;0;0;0;0;0
27.01.2017 18:58;918.95;919;918.95;919;0.12;111.85;918.99
27.01.2017 18:59;919;919;919;919;0.3;271.81;919
27.01.2017 19:00;919.01;919.01;919;919;0.43;397.93;919
27.01.2017 19:01;919.87;919.88;919.87;919.87;0.87;798.74;919.87
27.01.2017 19:02;919.5;919.86;919.5;919.86;0.36;333.41;919.76
27.01.2017 19:03;919;919;919;919;0.02;19.94;919
27.01.2017 19:04;919;919;919;919;0.14;124.54;919
27.01.2017 19:05;919;919;919;919;16.65;15300.6;919
27.01.2017 19:06;919;919;918;918;153.15;140627.44;918.22
27.01.2017 19:07;919.3;919.3;918;918;27.13;24908.96;918.01
27.01.2017 19:08;918.98;919;918.98;919;51.09;46952.08;919
27.01.2017 19:09;918.44;918.44;918;918;100;91823.15;918.23
27.01.2017 19:10;0;0;0;0;0;0;0
27.01.2017 19:11;0;0;0;0;0;0;0
27.01.2017 19:12;918.69;918.69;918.69;918.69;0.03;24.33;918.69
27.01.2017 19:13;918.2;918.2;918.2;918.2;0.01;10.99;918.2
27.01.2017 19:14;918;918;917.96;917.96;0.03;24.79;917.97
27.01.2017 19:15;917.96;918.1;917.54;918.1;1.16;1065.55;917.91
27.01.2017 19:16;0;0;0;0;0;0;0
27.01.2017 19:17;0;0;0;0;0;0;0
27.01.2017 19:18;917.57;917.57;917.53;917.53;0.53;486.21;917.53
27.01.2017 19:19;917.5;917.51;917.5;917.51;0.13;118.44;917.51
27.01.2017 19:20;0;0;0;0;0;0;0
27.01.2017 19:21;917.01;917.01;917.01;917.01;0.05;49.02;917.01
27.01.2017 19:22;917.01;917.01;917.01;917.01;0.18;166.29;917.01
27.01.2017 19:23;917.84;917.86;917.82;917.85;4.2;3855.87;917.84
27.01.2017 19:24;917.26;917.83;917;917.76;14.49;13289.75;917.21
27.01.2017 19:25;917.01;917.01;917;917;0.24;222.74;917
27.01.2017 19:26;917.68;917.68;917.68;917.68;4;3670.72;917.68
27.01.2017 19:27;917.5;917.5;917.5;917.5;0.25;227.81;917.5
27.01.2017 19:28;917.54;917.54;917.54;917.54;0.24;219.29;917.54
27.01.2017 19:29;917.52;917.52;917.37;917.37;4.47;4103.33;917.37
27.01.2017 19:30;0;0;0;0;0;0;0
27.01.2017 19:31;917.5;917.5;917.49;917.49;2.35;2154.3;917.5
27.01.2017 19:32;917.48;917.51;917.47;917.47;0.52;475.1;917.5
27.01.2017 19:33;917.34;917.47;917.34;917.47;0.04;34.84;917.43
27.01.2017 19:34;0;0;0;0;0;0;0
27.01.2017 19:35;0;0;0;0;0;0;0
27.01.2017 19:36;917.64;917.64;917.64;917.64;46.99;43123.99;917.64
27.01.2017 19:37;917.52;917.52;917.52;917.52;1.58;1450.19;917.52
27.01.2017 19:38;917.65;917.65;917.65;917.65;0.03;31.82;917.65
27.01.2017 19:39;917.65;917.81;917.54;917.54;1.31;1204.15;917.78
27.01.2017 19:40;0;0;0;0;0;0;0
27.01.2017 19:41;0;0;0;0;0;0;0
27.01.2017 19:42;0;0;0;0;0;0;0
27.01.2017 19:43;917.65;917.65;917.65;917.65;0.1;91.77;917.65
27.01.2017 19:44;917.72;917.81;917.72;917.81;1.1;1009.27;917.8
27.01.2017 19:45;918.18;918.18;918.18;918.18;0.04;37.16;918.18
27.01.2017 19:46;918.18;918.5;917.81;917.81;9.13;8388.09;918.4
27.01.2017 19:47;918.49;918.49;918.49;918.49;0.03;23.22;918.49
27.01.2017 19:48;918.49;918.49;918.49;918.49;0.02;19.03;918.49
27.01.2017 19:49;0;0;0;0;0;0;0
27.01.2017 19:50;918.5;919.19;918.5;919.19;4.04;3710.77;918.78
27.01.2017 19:51;919.26;919.26;919.26;919.26;0.04;36.77;919.26
27.01.2017 19:52;0;0;0;0;0;0;0
27.01.2017 19:53;919.64;919.64;919.25;919.26;0.25;229.82;919.29
27.01.2017 19:54;919.65;919.75;918.4;918.4;10.83;9951.38;918.48
27.01.2017 19:55;919.07;919.07;918.98;918.98;0.96;881.63;919
27.01.2017 19:56;919.61;919.61;918.21;918.21;0.04;40.6;918.57
27.01.2017 19:57;0;0;0;0;0;0;0
27.01.2017 19:58;0;0;0;0;0;0;0
27.01.2017 19:59;918.32;918.92;918.32;918.92;0.09;79.73;918.62
27.01.2017 20:00;0;0;0;0;0;0;0
27.01.2017 20:01;918.33;918.85;918.33;918.61;3.23;2964.89;918.73
27.01.2017 20:02;0;0;0;0;0;0;0
27.01.2017 20:03;918.55;918.55;918.55;918.55;0.87;797.61;918.55
27.01.2017 20:04;0;0;0;0;0;0;0
27.01.2017 20:05;0;0;0;0;0;0;0
27.01.2017 20:06;0;0;0;0;0;0;0
27.01.2017 20:07;918.54;918.54;918.54;918.54;0.65;598.5;918.54
27.01.2017 20:08;918.5;918.54;918.2;918.2;10.61;9745.05;918.23
27.01.2017 20:09;918.2;918.2;918.2;918.2;0.04;40.96;918.2
27.01.2017 20:10;918.65;918.65;918.65;918.65;0.02;17.6;918.65
27.01.2017 20:11;0;0;0;0;0;0;0
27.01.2017 20:12;0;0;0;0;0;0;0
27.01.2017 20:13;919.06;919.07;919.06;919.07;1.21;1110.85;919.07
27.01.2017 20:14;0;0;0;0;0;0;0
27.01.2017 20:15;919.13;919.13;919.13;919.13;0.01;8.27;919.13
27.01.2017 20:16;919.63;919.63;919.63;919.63;0.16;149.63;919.63
27.01.2017 20:17;0;0;0;0;0;0;0
27.01.2017 20:18;919.63;919.63;919.63;919.63;0.68;626.43;919.63
27.01.2017 20:19;919.63;919.63;919.15;919.15;1.47;1355.78;919.62
27.01.2017 20:20;0;0;0;0;0;0;0
27.01.2017 20:21;0;0;0;0;0;0;0
27.01.2017 20:22;0;0;0;0;0;0;0
27.01.2017 20:23;0;0;0;0;0;0;0
27.01.2017 20:24;0;0;0;0;0;0;0
27.01.2017 20:25;919.7;919.7;919.7;919.7;0.58;535.43;919.7
27.01.2017 20:26;919.69;919.69;919.69;919.69;0.01;12.69;919.69
27.01.2017 20:27;919.22;919.22;919.08;919.08;0.01;12.68;919.15
27.01.2017 20:28;0;0;0;0;0;0;0
27.01.2017 20:29;919.87;919.87;919.87;919.87;0.24;222.7;919.87
27.01.2017 20:30;919.75;919.75;919.75;919.75;0.01;6.36;919.75
27.01.2017 20:31;0;0;0;0;0;0;0
27.01.2017 20:32;919.74;919.87;919.74;919.87;7.67;7051.21;919.87
27.01.2017 20:33;0;0;0;0;0;0;0
27.01.2017 20:34;919.58;919.58;919.58;919.58;0.01;6.35;919.58
27.01.2017 20:35;919.87;919.99;919.87;919.99;9.62;8849.27;919.93
27.01.2017 20:36;0;0;0;0;0;0;0
27.01.2017 20:37;919.73;919.99;919.73;919.99;0.06;50.86;919.95
27.01.2017 20:38;919.71;919.71;919.5;919.5;1.39;1282.5;919.5
27.01.2017 20:39;0;0;0;0;0;0;0
27.01.2017 20:40;0;0;0;0;0;0;0
27.01.2017 20:41;919.23;919.23;919.23;919.23;0.05;45.98;919.23
27.01.2017 20:42;0;0;0;0;0;0;0
27.01.2017 20:43;0;0;0;0;0;0;0
27.01.2017 20:44;0;0;0;0;0;0;0
27.01.2017 20:45;0;0;0;0;0;0;0
27.01.2017 20:46;0;0;0;0;0;0;0
27.01.2017 20:47;0;0;0;0;0;0;0
27.01.2017 20:48;0;0;0;0;0;0;0
27.01.2017 20:49;919.99;919.99;919.99;919.99;0.17;156.4;919.99
27.01.2017 20:50;0;0;0;0;0;0;0
27.01.2017 20:51;919.51;919.51;919.5;919.5;0.16;148.97;919.51
27.01.2017 20:52;919.6;919.6;919.6;919.6;0.1;91.76;919.6
27.01.2017 20:53;919.5;919.5;919.5;919.5;0.38;351.21;919.5
27.01.2017 20:54;0;0;0;0;0;0;0
27.01.2017 20:55;919.6;919.6;919.5;919.5;0.12;108.67;919.57
27.01.2017 20:56;919.99;919.99;919.99;919.99;0.03;25.88;919.99
27.01.2017 20:57;919.99;919.99;919.99;919.99;1;919.99;919.99
27.01.2017 20:58;919.99;920;919.99;920;0.09;85;920
27.01.2017 20:59;920;920;920;920;0.03;25.88;920
27.01.2017 21:00;919.99;920;919.99;920;0.08;72.07;920
27.01.2017 21:01;919.99;919.99;919.6;919.61;0.25;227.48;919.71
27.01.2017 21:02;919.99;919.99;919.99;919.99;0.15;136.43;919.99
27.01.2017 21:03;920;920;920;920;0.48;437.66;920
27.01.2017 21:04;920;920;920;920;1.11;1018.71;920
27.01.2017 21:05;920;920;920;920;0.06;53.98;920
27.01.2017 21:06;920;920;920;920;0.53;484.35;920
27.01.2017 21:07;920;920;919.76;919.76;0.7;643.84;919.78
27.01.2017 21:08;920;920;920;920;0.06;57.04;920
27.01.2017 21:09;919.89;919.89;919.89;919.89;0.15;137.06;919.89
27.01.2017 21:10;919.81;919.81;919.8;919.8;1;919.81;919.81
27.01.2017 21:11;0;0;0;0;0;0;0
27.01.2017 21:12;919.99;919.99;919.99;919.99;0.22;199.5;919.99
27.01.2017 21:13;919.99;919.99;919.99;919.99;0.81;745.23;919.99
27.01.2017 21:14;919.7;919.7;919.7;919.7;1;919.7;919.7
27.01.2017 21:15;919.86;919.86;919.86;919.86;0.01;9.07;919.86
27.01.2017 21:16;0;0;0;0;0;0;0
27.01.2017 21:17;0;0;0;0;0;0;0
27.01.2017 21:18;0;0;0;0;0;0;0
27.01.2017 21:19;919.6;919.6;919.6;919.6;0;1.35;919.6
27.01.2017 21:20;919.6;919.87;919.6;919.87;3.43;3152.14;919.85
27.01.2017 21:21;919.87;920.04;919.67;919.67;0.6;553.69;919.75
27.01.2017 21:22;919.7;919.84;919.7;919.84;0.13;118.57;919.75
27.01.2017 21:23;0;0;0;0;0;0;0
27.01.2017 21:24;0;0;0;0;0;0;0
27.01.2017 21:25;919.61;919.83;919.61;919.83;0.08;71.74;919.77
27.01.2017 21:26;919.61;919.79;919.61;919.73;1.21;1111.82;919.62
27.01.2017 21:27;0;0;0;0;0;0;0
27.01.2017 21:28;919.11;919.69;919.11;919.69;0.36;334.67;919.14
27.01.2017 21:29;919.74;919.8;919.69;919.8;0.16;150.93;919.72
27.01.2017 21:30;919.77;919.84;919.75;919.84;0.14;127.3;919.78
27.01.2017 21:31;919.83;919.83;919.83;919.83;0.01;6.87;919.83
27.01.2017 21:32;919.84;919.84;919.84;919.84;0.34;316.93;919.84
27.01.2017 21:33;920.03;920.03;920.03;920.03;0.33;306.88;920.03
27.01.2017 21:34;0;0;0;0;0;0;0
27.01.2017 21:35;920.03;920.03;920.03;920.03;0.07;65.32;920.03
27.01.2017 21:36;0;0;0;0;0;0;0
27.01.2017 21:37;919.85;920.04;919.85;920.04;0.13;119.6;919.97
27.01.2017 21:38;920;920;920;920;1.72;1586.27;920
27.01.2017 21:39;920;920;919.86;919.86;0.05;47.84;919.98
27.01.2017 21:40;919.85;919.85;919.85;919.85;0.05;43.21;919.85
27.01.2017 21:41;0;0;0;0;0;0;0
27.01.2017 21:42;0;0;0;0;0;0;0
27.01.2017 21:43;920;920;920;920;1.05;963.56;920
27.01.2017 21:44;0;0;0;0;0;0;0
27.01.2017 21:45;920;920;920;920;0.41;379.41;920
27.01.2017 21:46;920;920;920;920;0.07;61.78;920
27.01.2017 21:47;920;920;920;920;0.7;644.03;920
27.01.2017 21:48;919.95;920;919.95;920;7.3;6717.89;920
27.01.2017 21:49;920;920;920;920;0.04;33.43;920
27.01.2017 21:50;919.95;919.95;919.95;919.95;0.01;10.03;919.95
27.01.2017 21:51;0;0;0;0;0;0;0
27.01.2017 21:52;919.93;919.93;919.93;919.93;0.07;65.17;919.93
27.01.2017 21:53;919.96;919.96;919.94;919.94;0.68;621.69;919.94
27.01.2017 21:54;0;0;0;0;0;0;0
27.01.2017 21:55;0;0;0;0;0;0;0
27.01.2017 21:56;919.98;919.98;919.98;919.98;4.42;4066.31;919.98
27.01.2017 21:57;920;920.04;920;920.04;0.68;621.45;920.01
27.01.2017 21:58;920.04;920.04;920.04;920.04;0.55;503.45;920.04
27.01.2017 21:59;0;0;0;0;0;0;0
27.01.2017 22:00;920.19;920.19;920.19;920.19;0.21;193.34;920.19
27.01.2017 22:01;919.95;919.95;919.95;919.95;0.16;147.79;919.95
27.01.2017 22:02;920.06;920.18;920.06;920.18;13;11962.08;920.16
27.01.2017 22:03;0;0;0;0;0;0;0
27.01.2017 22:04;920.19;920.19;920.19;920.19;0.09;82.46;920.19
27.01.2017 22:05;920.19;920.25;920.19;920.25;1.98;1822.32;920.24
27.01.2017 22:06;920.4;920.42;920.4;920.42;0.2;179.57;920.41
27.01.2017 22:07;920.42;920.42;920.42;920.42;0.13;122.1;920.42
27.01.2017 22:08;0;0;0;0;0;0;0
27.01.2017 22:09;920.05;920.05;920.05;920.05;0.01;9.17;920.05
27.01.2017 22:10;919.95;920.08;919.95;920.08;0.34;313.76;920.01
27.01.2017 22:11;0;0;0;0;0;0;0
27.01.2017 22:12;920.14;920.15;920.14;920.14;8.95;8230.65;920.14
27.01.2017 22:13;920.34;920.35;920.34;920.35;0.27;250.51;920.34
27.01.2017 22:14;920.1;920.1;920.1;920.1;0.35;323.88;920.1
27.01.2017 22:15;920.19;920.19;920.19;920.19;4.87;4481.33;920.19
27.01.2017 22:16;0;0;0;0;0;0;0
27.01.2017 22:17;920.25;920.25;920.25;920.25;18;16564.5;920.25
27.01.2017 22:18;920.27;920.27;920.27;920.27;0.06;55.83;920.27
27.01.2017 22:19;920.25;920.26;919.48;919.48;9.24;8500.16;920.01
27.01.2017 22:20;0;0;0;0;0;0;0
27.01.2017 22:21;919.95;919.95;919.24;919.24;8.17;7509.31;919.24
27.01.2017 22:22;0;0;0;0;0;0;0
27.01.2017 22:23;0;0;0;0;0;0;0
27.01.2017 22:24;919.48;919.48;919.26;919.26;10.55;9701.4;919.26
27.01.2017 22:25;919.47;919.47;919.47;919.47;0.13;119.97;919.47
27.01.2017 22:26;0;0;0;0;0;0;0
27.01.2017 22:27;0;0;0;0;0;0;0
27.01.2017 22:28;919.44;919.47;919.41;919.41;0.19;173.77;919.43
27.01.2017 22:29;919.3;919.3;919.3;919.3;0.01;12.56;919.3
27.01.2017 22:30;0;0;0;0;0;0;0
27.01.2017 22:31;0;0;0;0;0;0;0
27.01.2017 22:32;0;0;0;0;0;0;0
27.01.2017 22:33;919.48;919.83;919.38;919.38;0.14;124.4;919.51
27.01.2017 22:34;919.73;919.73;919.73;919.73;0.01;13.33;919.73
27.01.2017 22:35;0;0;0;0;0;0;0
27.01.2017 22:36;919.6;919.97;919.6;919.97;0.3;279.06;919.78
27.01.2017 22:37;919.9;919.9;919.9;919.9;0.23;209.5;919.9
27.01.2017 22:38;0;0;0;0;0;0;0
27.01.2017 22:39;0;0;0;0;0;0;0
27.01.2017 22:40;919.59;919.59;919.59;919.59;1;919.59;919.59
27.01.2017 22:41;0;0;0;0;0;0;0
27.01.2017 22:42;0;0;0;0;0;0;0
27.01.2017 22:43;919.51;919.51;919.51;919.51;0.2;183.9;919.51
27.01.2017 22:44;919.52;919.52;919.52;919.52;0.59;540.68;919.52
27.01.2017 22:45;0;0;0;0;0;0;0
27.01.2017 22:46;0;0;0;0;0;0;0
27.01.2017 22:47;919.55;919.55;919.52;919.52;0.43;392.2;919.54
27.01.2017 22:48;0;0;0;0;0;0;0
27.01.2017 22:49;0;0;0;0;0;0;0
27.01.2017 22:50;919.51;919.52;919.51;919.52;0.19;173.49;919.51
27.01.2017 22:51;919.51;919.51;919.51;919.51;0.74;677.68;919.51
27.01.2017 22:52;919.51;919.51;919.21;919.21;0.5;459.61;919.22
27.01.2017 22:53;919.22;919.22;917.65;917.65;22.66;20811.86;918.44
27.01.2017 22:54;919.32;919.32;919.32;919.32;0.16;151.13;919.32
27.01.2017 22:55;918.77;918.77;918.77;918.77;0.05;49.88;918.77
27.01.2017 22:56;0;0;0;0;0;0;0
27.01.2017 22:57;0;0;0;0;0;0;0
27.01.2017 22:58;918.44;918.51;918.44;918.51;4.6;4225.13;918.51
27.01.2017 22:59;918.51;918.51;918.51;918.51;0.61;561.62;918.51
27.01.2017 23:00;919.44;919.44;919.44;919.44;4.95;4554.26;919.44
27.01.2017 23:01;0;0;0;0;0;0;0
27.01.2017 23:02;0;0;0;0;0;0;0
27.01.2017 23:03;919.23;919.23;919.22;919.22;1.75;1609.22;919.23
27.01.2017 23:04;918.97;918.97;918.97;918.97;1;919.7;918.97
27.01.2017 23:05;919.01;919.01;919.01;919.01;0.05;43.51;919.01
27.01.2017 23:06;0;0;0;0;0;0;0
27.01.2017 23:07;0;0;0;0;0;0;0
27.01.2017 23:08;0;0;0;0;0;0;0
27.01.2017 23:09;0;0;0;0;0;0;0
27.01.2017 23:10;918.54;918.54;918.54;918.54;0.07;64.3;918.54
27.01.2017 23:11;0;0;0;0;0;0;0
27.01.2017 23:12;918.53;918.53;917;917;19.05;17472.56;917.26
27.01.2017 23:13;918.45;918.45;918.45;918.45;0.07;64.29;918.45
27.01.2017 23:14;918.19;918.19;918.19;918.19;0.14;132.31;918.19
27.01.2017 23:15;0;0;0;0;0;0;0
27.01.2017 23:16;918.19;918.2;918.19;918.2;0.25;229.55;918.2
27.01.2017 23:17;918.2;918.2;918.2;918.2;0.26;236.9;918.2
27.01.2017 23:18;0;0;0;0;0;0;0
27.01.2017 23:19;918.2;918.2;918.2;918.2;0.05;44.89;918.2
27.01.2017 23:20;918.2;918.52;917.28;917.28;2.74;2519.79;918.22
27.01.2017 23:21;918.25;918.25;918.25;918.25;0.04;39.48;918.25
27.01.2017 23:22;918.25;918.25;917.06;917.06;0.25;229.35;917.77
27.01.2017 23:23;918.02;918.02;918.02;918.02;0.1;94.48;918.02
27.01.2017 23:24;0;0;0;0;0;0;0
27.01.2017 23:25;917.98;917.98;917.98;917.98;0.02;21.11;917.98
27.01.2017 23:26;917.05;917.97;917;917.97;4.57;4190.27;917.02
27.01.2017 23:27;917.9;917.9;916.69;916.69;0.13;123.74;917.27
27.01.2017 23:28;917.92;917.92;917.92;917.92;0.08;70.22;917.92
27.01.2017 23:29;917.84;917.84;917.84;917.84;0.52;475.73;917.84
27.01.2017 23:30;917.98;917.99;917.98;917.99;0.04;40.39;917.99
27.01.2017 23:31;917.99;917.99;917.99;917.99;0.19;176.39;917.99
27.01.2017 23:32;917.99;917.99;917.99;917.99;0.04;36.17;917.99
27.01.2017 23:33;917.99;918.02;917.99;918.02;0.72;663.97;918.01
27.01.2017 23:34;918.01;918.01;918.01;918.01;0.02;18.08;918.01
27.01.2017 23:35;918.01;918.01;916.24;916.24;8.31;7613.49;916.4
27.01.2017 23:36;0;0;0;0;0;0;0
27.01.2017 23:37;917.89;917.89;917.89;917.89;0.19;174.58;917.89
27.01.2017 23:38;0;0;0;0;0;0;0
27.01.2017 23:39;917.68;917.69;917.68;917.69;0.22;203.35;917.68
27.01.2017 23:40;917.69;917.69;917.69;917.69;0.01;9.18;917.69
27.01.2017 23:41;0;0;0;0;0;0;0
27.01.2017 23:42;917.69;917.69;917.69;917.69;0.04;36.71;917.69
27.01.2017 23:43;917.69;917.69;917.69;917.69;1.2;1103.34;917.69
27.01.2017 23:44;917.8;917.8;917.8;917.8;0.08;74.34;917.8
27.01.2017 23:45;918.01;918.01;918.01;918.01;0.05;45.9;918.01
27.01.2017 23:46;918.01;918.01;918.01;918.01;0.1;95.47;918.01
27.01.2017 23:47;0;0;0;0;0;0;0
27.01.2017 23:48;0;0;0;0;0;0;0
27.01.2017 23:49;918.02;918.02;918.02;918.02;0.27;244.19;918.02
27.01.2017 23:50;918.01;918.01;918.01;918.01;0.2;181.72;918.01
27.01.2017 23:51;0;0;0;0;0;0;0
27.01.2017 23:52;918.01;918.01;916.53;918.01;0.37;342.87;917.85
27.01.2017 23:53;918.01;918.01;918.01;918.01;0.24;219.4;918.01
27.01.2017 23:54;918.01;918.01;918.01;918.01;0.09;78.03;918.01
27.01.2017 23:55;0;0;0;0;0;0;0
27.01.2017 23:56;918.01;918.02;917;918.02;0.09;82.81;917.55
27.01.2017 23:57;918.02;918.02;918.02;918.02;0.02;18.33;918.02
27.01.2017 23:58;918.02;918.02;918.02;918.02;0.17;156.06;918.02
27.01.2017 23:59;918.02;918.02;918.02;918.02;0.14;128.52;918.02
28.01.2017 00:00;918.02;918.79;918.02;918.21;4.16;3824.33;918.34
28.01.2017 00:01;918.61;918.61;918.59;918.59;0.67;617.68;918.61
28.01.2017 00:02;0;0;0;0;0;0;0
28.01.2017 00:03;918.68;918.68;918.66;918.66;0.13;121.98;918.66
28.01.2017 00:04;0;0;0;0;0;0;0
28.01.2017 00:05;918.86;918.94;918.86;918.94;0.08;74.83;918.89
28.01.2017 00:06;918.75;918.75;918.73;918.73;0.05;44.34;918.74
28.01.2017 00:07;918.73;918.73;918.73;918.73;0.02;18.24;918.73
28.01.2017 00:08;918.25;918.93;918.25;918.93;0.21;191.94;918.38
28.01.2017 00:09;0;0;0;0;0;0;0
28.01.2017 00:10;918.93;918.93;918.9;918.9;0.06;55.14;918.92
28.01.2017 00:11;918.84;918.84;918.84;918.84;0.01;11.03;918.84
28.01.2017 00:12;918.25;918.46;918.25;918.46;0.15;140.36;918.32
28.01.2017 00:13;918.51;918.51;918.51;918.51;0.05;49.6;918.51
28.01.2017 00:14;918.47;918.47;918.47;918.47;0.01;10.1;918.47
28.01.2017 00:15;0;0;0;0;0;0;0
28.01.2017 00:16;918.45;918.45;918.45;918.45;0.03;25.07;918.45
28.01.2017 00:17;918.24;918.24;918.24;918.24;0.04;36.46;918.24
28.01.2017 00:18;0;0;0;0;0;0;0
28.01.2017 00:19;918.27;918.27;918.27;918.27;0.01;10.17;918.27
28.01.2017 00:20;918.68;918.68;918.25;918.25;0.03;25.62;918.45
28.01.2017 00:21;0;0;0;0;0;0;0
28.01.2017 00:22;918.38;918.38;918.38;918.38;1.26;1154.39;918.38
28.01.2017 00:23;0;0;0;0;0;0;0
28.01.2017 00:24;918.47;918.47;918.47;918.47;0.36;334.98;918.47
28.01.2017 00:25;0;0;0;0;0;0;0
28.01.2017 00:26;918.5;918.5;918.5;918.5;1;918.5;918.5
28.01.2017 00:27;918.56;918.56;918.38;918.38;1.05;968.83;918.55
28.01.2017 00:28;918.86;918.87;918.86;918.87;0.52;478.74;918.87
28.01.2017 00:29;918.83;918.88;918.83;918.88;0.16;143.34;918.85
28.01.2017 00:30;918.91;918.91;918.87;918.87;0.04;34.92;918.89
28.01.2017 00:31;0;0;0;0;0;0;0
28.01.2017 00:32;918.39;918.39;918.39;918.39;0.11;100.11;918.39
28.01.2017 00:33;918.92;918.92;918.92;918.92;0.01;11.95;918.92
28.01.2017 00:34;0;0;0;0;0;0;0
28.01.2017 00:35;918.92;918.93;918.92;918.93;0.21;194.81;918.92
28.01.2017 00:36;918.93;918.93;918.93;918.93;0.53;485.21;918.93
28.01.2017 00:37;0;0;0;0;0;0;0
28.01.2017 00:38;0;0;0;0;0;0;0
28.01.2017 00:39;918.95;918.95;918.95;918.95;0.09;85.32;918.95
28.01.2017 00:40;918.91;918.96;918.91;918.96;0.08;72.6;918.95
28.01.2017 00:41;918.96;918.96;918.96;918.96;0.69;634.08;918.96
28.01.2017 00:42;918.41;918.41;916.07;916.07;10;9170.73;917.07
28.01.2017 00:43;918;918;918;918;0.17;156.73;918
28.01.2017 00:44;917.5;917.52;917.5;917.52;2.68;2463.38;917.51
28.01.2017 00:45;916.22;918.38;916.22;918.38;0.65;595.82;916.64
28.01.2017 00:46;918.38;918.38;916.06;916.06;6.87;6292.31;916.13
28.01.2017 00:47;918.37;918.37;915.95;915.95;6.53;5980.33;916.1
28.01.2017 00:48;917.8;917.8;917.8;917.8;0.05;44.97;917.8
28.01.2017 00:49;917.36;917.37;917.36;917.37;0.22;199.07;917.36
28.01.2017 00:50;0;0;0;0;0;0;0
28.01.2017 00:51;0;0;0;0;0;0;0
28.01.2017 00:52;917.37;917.37;917.37;917.37;0.05;45.87;917.37
28.01.2017 00:53;917.37;917.37;917.37;917.37;0.01;13.68;917.37
28.01.2017 00:54;917.37;917.39;917.37;917.39;1.09;998.7;917.38
28.01.2017 00:55;917.39;917.39;917.39;917.39;0.24;216.14;917.39
28.01.2017 00:56;917.39;917.39;917.39;917.39;0.06;54.49;917.39
28.01.2017 00:57;917.39;917.39;916.72;917.37;6.21;5689.32;916.88
28.01.2017 00:58;917.37;918.18;917.37;918.17;2.02;1854.21;917.69
28.01.2017 00:59;0;0;0;0;0;0;0
28.01.2017 01:00;0;0;0;0;0;0;0
28.01.2017 01:01;916.49;918.34;916.49;918.34;0.41;373.34;917.42
28.01.2017 01:02;918.34;918.34;918.34;918.34;0.05;42.98;918.34
28.01.2017 01:03;918.34;918.34;918.34;918.34;0.15;140.96;918.34
28.01.2017 01:04;917.25;918.34;916.4;918.34;19.92;18262.26;916.85
28.01.2017 01:05;918.34;918.34;918.34;918.34;0.1;91.83;918.34
28.01.2017 01:06;0;0;0;0;0;0;0
28.01.2017 01:07;0;0;0;0;0;0;0
28.01.2017 01:08;916.91;916.91;916.91;916.91;0.09;78.99;916.91
28.01.2017 01:09;916.91;916.91;916.91;916.91;0.51;467.62;916.91
28.01.2017 01:10;916.91;918.34;916.91;918.34;0.15;136.51;918.14
28.01.2017 01:11;918.36;918.36;918.36;918.36;0.15;134.08;918.36
28.01.2017 01:12;0;0;0;0;0;0;0
28.01.2017 01:13;0;0;0;0;0;0;0
28.01.2017 01:14;918.34;918.34;918.34;918.34;0.06;54.69;918.34
28.01.2017 01:15;918.34;918.36;918.34;918.36;0.09;83.57;918.35
28.01.2017 01:16;918.36;920.3;918.36;920.3;50.62;46556.29;919.71
28.01.2017 01:17;0;0;0;0;0;0;0
28.01.2017 01:18;920.3;920.3;920.3;920.3;0.09;78.23;920.3
28.01.2017 01:19;920.01;920.3;920;920;7.01;6449.83;920
28.01.2017 01:20;920.01;920.3;920;920.3;7.79;7167.55;920.01
28.01.2017 01:21;0;0;0;0;0;0;0
28.01.2017 01:22;920;920;920;920;1.09;1002.16;920
28.01.2017 01:23;0;0;0;0;0;0;0
28.01.2017 01:24;920;920.3;920;920.3;0.2;181.14;920.12
28.01.2017 01:25;0;0;0;0;0;0;0
28.01.2017 01:26;920.3;920.3;920.3;920.3;0.22;201.55;920.3
28.01.2017 01:27;920.3;920.3;920.3;920.3;0.05;43.13;920.3
28.01.2017 01:28;920.01;920.3;920.01;920.3;0.02;20.24;920.02
28.01.2017 01:29;920.3;920.3;920.3;920.3;0.16;143.57;920.3
28.01.2017 01:30;0;0;0;0;0;0;0
28.01.2017 01:31;0;0;0;0;0;0;0
28.01.2017 01:32;0;0;0;0;0;0;0
28.01.2017 01:33;920.3;920.3;920.3;920.3;0.23;207.99;920.3
28.01.2017 01:34;920.3;920.3;920.3;920.3;0.28;258.16;920.3
28.01.2017 01:35;920.02;920.3;920.02;920.3;0.1;95.08;920.03
28.01.2017 01:36;920;920;920;920;1.53;1409.54;920
28.01.2017 01:37;0;0;0;0;0;0;0
28.01.2017 01:38;920;920;920;920;2.67;2452.35;920
28.01.2017 01:39;920.3;920.3;920.3;920.3;0.01;9.13;920.3
28.01.2017 01:40;920.3;920.3;920;920;0.41;372.76;920.05
28.01.2017 01:41;920.3;920.3;920.3;920.3;0.15;139.89;920.3
28.01.2017 01:42;920.3;920.3;920.3;920.3;0.02;16.57;920.3
28.01.2017 01:43;920.3;920.73;920.3;920.55;1.98;1823.74;920.36
28.01.2017 01:44;0;0;0;0;0;0;0
28.01.2017 01:45;920.48;920.48;920.48;920.48;1.11;1025.75;920.48
28.01.2017 01:46;920.56;920.6;920.56;920.6;0.05;46.95;920.57
28.01.2017 01:47;920.6;920.6;920.6;920.6;0.11;100.58;920.6
28.01.2017 01:48;920.6;920.6;920.6;920.6;1.04;953.78;920.6
28.01.2017 01:49;0;0;0;0;0;0;0
28.01.2017 01:50;920.61;920.99;920.61;920.99;7.81;7196.49;920.96
28.01.2017 01:51;920.95;920.95;920.95;920.95;0.09;80.12;920.95
28.01.2017 01:52;0;0;0;0;0;0;0
28.01.2017 01:53;920.99;920.99;920.99;920.99;0.02;14.74;920.99
28.01.2017 01:54;0;0;0;0;0;0;0
28.01.2017 01:55;0;0;0;0;0;0;0
28.01.2017 01:56;920.03;920.03;920.03;920.03;0.22;199.93;920.03
28.01.2017 01:57;920.02;920.68;920;920.64;10.93;10054.74;920.02
28.01.2017 01:58;920.73;920.74;920.73;920.74;0.31;282.67;920.73
28.01.2017 01:59;920.95;920.95;920.95;920.95;0.29;267.08;920.95
28.01.2017 02:00;920.9;920.9;920.9;920.9;0.03;29.47;920.9
28.01.2017 02:01;920.99;920.99;920.99;920.99;0.25;225.64;920.99
28.01.2017 02:02;920.73;920.73;920.73;920.73;0.03;23.69;920.73
28.01.2017 02:03;920.8;920.8;920.8;920.8;0.13;120.62;920.8
28.01.2017 02:04;920.71;920.71;920.71;920.71;0.05;45.59;920.71
28.01.2017 02:05;0;0;0;0;0;0;0
28.01.2017 02:06;920.73;920.73;920.73;920.73;0.08;75.63;920.73
28.01.2017 02:07;0;0;0;0;0;0;0
28.01.2017 02:08;920.03;920.03;920;920;10;9200.02;920
28.01.2017 02:09;920;920;920;920;4;3680;920
28.01.2017 02:10;920;920;920;920;0.05;49.87;920
28.01.2017 02:11;0;0;0;0;0;0;0
28.01.2017 02:12;0;0;0;0;0;0;0
28.01.2017 02:13;920;920.68;920;920.68;0.04;32.21;920.23
28.01.2017 02:14;920.68;920.75;920.68;920.75;0.11;99;920.73
28.01.2017 02:15;0;0;0;0;0;0;0
28.01.2017 02:16;920.86;920.87;920.86;920.87;0.57;529.5;920.87
28.01.2017 02:17;920.77;920.77;920.77;920.77;0.02;18.42;920.77
28.01.2017 02:18;0;0;0;0;0;0;0
28.01.2017 02:19;920.87;920.87;920.87;920.87;0.02;18.42;920.87
28.01.2017 02:20;920.01;920.01;920;920;8.87;8159.41;920
28.01.2017 02:21;920.44;920.64;920.44;920.64;0.18;162.01;920.54
28.01.2017 02:22;920;920;920;920;1.75;1610.31;920
28.01.2017 02:23;920.12;920.13;920.12;920.13;0.27;252.25;920.12
28.01.2017 02:24;920.01;920.01;919.63;919.63;0.28;255.93;919.71
28.01.2017 02:25;0;0;0;0;0;0;0
28.01.2017 02:26;920.38;920.38;920.38;920.38;0.03;29.45;920.38
28.01.2017 02:27;0;0;0;0;0;0;0
28.01.2017 02:28;0;0;0;0;0;0;0
28.01.2017 02:29;920.64;920.69;920.64;920.69;0.16;149.15;920.67
28.01.2017 02:30;0;0;0;0;0;0;0
28.01.2017 02:31;0;0;0;0;0;0;0
28.01.2017 02:32;0;0;0;0;0;0;0
28.01.2017 02:33;920.59;920.63;920.59;920.63;0.04;40.51;920.6
28.01.2017 02:34;0;0;0;0;0;0;0
28.01.2017 02:35;0;0;0;0;0;0;0
28.01.2017 02:36;920.63;920.63;920.63;920.63;0.05;48.79;920.63
28.01.2017 02:37;0;0;0;0;0;0;0
28.01.2017 02:38;0;0;0;0;0;0;0
28.01.2017 02:39;920.71;920.71;920.71;920.71;0.1;88.39;920.71
28.01.2017 02:40;0;0;0;0;0;0;0
28.01.2017 02:41;0;0;0;0;0;0;0
28.01.2017 02:42;920.71;920.71;920.71;920.71;0.18;168.49;920.71
28.01.2017 02:43;0;0;0;0;0;0;0
28.01.2017 02:44;0;0;0;0;0;0;0
28.01.2017 02:45;0;0;0;0;0;0;0
28.01.2017 02:46;920.88;920.88;920.88;920.88;0.02;18.42;920.88
28.01.2017 02:47;0;0;0;0;0;0;0
28.01.2017 02:48;920.88;920.9;920.88;920.9;0.03;23.02;920.88
28.01.2017 02:49;920.9;920.9;920.9;920.9;0.09;84.72;920.9
28.01.2017 02:50;919.62;919.62;919.62;919.62;0.02;21.15;919.62
28.01.2017 02:51;920.9;920.9;920.9;920.9;0.09;79.2;920.9
28.01.2017 02:52;919.78;919.78;919.78;919.78;0.56;512.45;919.78
28.01.2017 02:53;0;0;0;0;0;0;0
28.01.2017 02:54;920.88;920.88;920.88;920.88;0.05;47.89;920.88
28.01.2017 02:55;920.88;920.88;920.88;920.88;0.05;45.31;920.88
28.01.2017 02:56;920.88;920.88;920.86;920.86;0.17;154.06;920.87
28.01.2017 02:57;920.82;920.82;920.82;920.82;0.04;38.67;920.82
28.01.2017 02:58;0;0;0;0;0;0;0
28.01.2017 02:59;0;0;0;0;0;0;0
28.01.2017 03:00;920.03;920.03;920.03;920.03;0.17;156.74;920.03
28.01.2017 03:01;0;0;0;0;0;0;0
28.01.2017 03:02;920.03;920.03;920.02;920.02;0.64;590.67;920.02
28.01.2017 03:03;0;0;0;0;0;0;0
28.01.2017 03:04;920.18;920.18;920.18;920.18;1.7;1564.31;920.18
28.01.2017 03:05;920;920;920;920;2;1840;920
28.01.2017 03:06;920.78;920.78;920.78;920.78;0.17;154.38;920.78
28.01.2017 03:07;0;0;0;0;0;0;0
28.01.2017 03:08;920.75;920.75;920.75;920.75;0.08;69.98;920.75
28.01.2017 03:09;920.72;920.72;920.72;920.72;0.07;65.37;920.72
28.01.2017 03:10;0;0;0;0;0;0;0
28.01.2017 03:11;920.69;920.99;920.69;920.99;10.84;9980.04;920.89
28.01.2017 03:12;920.99;920.99;920.99;920.99;1.28;1180.36;920.99
28.01.2017 03:13;0;0;0;0;0;0;0
28.01.2017 03:14;0;0;0;0;0;0;0
28.01.2017 03:15;0;0;0;0;0;0;0
28.01.2017 03:16;920.98;920.98;920.98;920.98;0.04;39.6;920.98
28.01.2017 03:17;0;0;0;0;0;0;0
28.01.2017 03:18;0;0;0;0;0;0;0
28.01.2017 03:19;0;0;0;0;0;0;0
28.01.2017 03:20;0;0;0;0;0;0;0
28.01.2017 03:21;920.56;920.56;920.56;920.56;0.09;81.01;920.56
28.01.2017 03:22;0;0;0;0;0;0;0
28.01.2017 03:23;920.68;920.68;920.68;920.68;0.08;74.58;920.68
28.01.2017 03:24;920.65;920.65;920.65;920.65;0.02;22.8;920.65
28.01.2017 03:25;920.65;920.65;920.65;920.65;0.1;93.03;920.65
28.01.2017 03:26;0;0;0;0;0;0;0
28.01.2017 03:27;0;0;0;0;0;0;0
28.01.2017 03:28;920.97;920.97;920.97;920.97;0.01;5.09;920.97
28.01.2017 03:29;0;0;0;0;0;0;0
28.01.2017 03:30;0;0;0;0;0;0;0
28.01.2017 03:31;0;0;0;0;0;0;0
28.01.2017 03:32;920.99;920.99;920.95;920.95;0.13;116.04;920.99
28.01.2017 03:33;920.99;920.99;919.66;919.66;0.04;40;920.82
28.01.2017 03:34;0;0;0;0;0;0;0
28.01.2017 03:35;0;0;0;0;0;0;0
28.01.2017 03:36;0;0;0;0;0;0;0
28.01.2017 03:37;920;920.99;919.77;920.99;0.18;163.63;920.3
28.01.2017 03:38;920.99;920.99;920.99;920.99;0.11;100.31;920.99
28.01.2017 03:39;0;0;0;0;0;0;0
28.01.2017 03:40;0;0;0;0;0;0;0
28.01.2017 03:41;920.99;920.99;920.99;920.99;0.11;98.55;920.99
28.01.2017 03:42;0;0;0;0;0;0;0
28.01.2017 03:43;0;0;0;0;0;0;0
28.01.2017 03:44;920.99;920.99;920.99;920.99;0.33;303.93;920.99
28.01.2017 03:45;920.95;920.95;920.95;920.95;0.25;230.24;920.95
28.01.2017 03:46;0;0;0;0;0;0;0
28.01.2017 03:47;0;0;0;0;0;0;0
28.01.2017 03:48;920.17;920.17;919.62;919.85;0.45;416.48;919.64
28.01.2017 03:49;0;0;0;0;0;0;0
28.01.2017 03:50;0;0;0;0;0;0;0
28.01.2017 03:51;919.66;919.69;919.47;919.47;3.01;2771.66;919.52
28.01.2017 03:52;0;0;0;0;0;0;0
28.01.2017 03:53;0;0;0;0;0;0;0
28.01.2017 03:54;0;0;0;0;0;0;0
28.01.2017 03:55;919.5;919.5;919.5;919.5;0.24;217.22;919.5
28.01.2017 03:56;0;0;0;0;0;0;0
28.01.2017 03:57;0;0;0;0;0;0;0
28.01.2017 03:58;0;0;0;0;0;0;0
28.01.2017 03:59;919.5;919.5;919.5;919.5;0.05;47.6;919.5
28.01.2017 04:00;0;0;0;0;0;0;0
28.01.2017 04:01;0;0;0;0;0;0;0
28.01.2017 04:02;919.52;919.52;919.52;919.52;0.05;45.09;919.52
28.01.2017 04:03;0;0;0;0;0;0;0
28.01.2017 04:04;0;0;0;0;0;0;0
28.01.2017 04:05;0;0;0;0;0;0;0
28.01.2017 04:06;0;0;0;0;0;0;0
28.01.2017 04:07;0;0;0;0;0;0;0
28.01.2017 04:08;0;0;0;0;0;0;0
28.01.2017 04:09;0;0;0;0;0;0;0
28.01.2017 04:10;0;0;0;0;0;0;0
28.01.2017 04:11;919.52;919.52;919.52;919.52;0.03;31.26;919.52
28.01.2017 04:12;919.52;919.85;919.52;919.85;0.1;91.97;919.73
28.01.2017 04:13;919.85;919.97;919.85;919.97;0.1;92;919.97
28.01.2017 04:14;919.5;919.97;918.7;919.97;1.08;993.45;919.01
28.01.2017 04:15;919.8;919.8;919.8;919.8;0.02;21.16;919.8
28.01.2017 04:16;0;0;0;0;0;0;0
28.01.2017 04:17;0;0;0;0;0;0;0
28.01.2017 04:18;919.97;920;919.97;920;0.33;300.01;919.99
28.01.2017 04:19;0;0;0;0;0;0;0
28.01.2017 04:20;0;0;0;0;0;0;0
28.01.2017 04:21;0;0;0;0;0;0;0
28.01.2017 04:22;920;920;920;920;0.02;15.64;920
28.01.2017 04:23;0;0;0;0;0;0;0
28.01.2017 04:24;0;0;0;0;0;0;0
28.01.2017 04:25;0;0;0;0;0;0;0
28.01.2017 04:26;920;920;920;920;0.03;27.6;920
28.01.2017 04:27;0;0;0;0;0;0;0
28.01.2017 04:28;920;920;920;920;0.05;45.59;920
28.01.2017 04:29;920;920.04;920;920.04;4.45;4093.01;920.03
28.01.2017 04:30;920.05;920.05;920.05;920.05;0.03;23.92;920.05
28.01.2017 04:31;0;0;0;0;0;0;0
28.01.2017 04:32;0;0;0;0;0;0;0
28.01.2017 04:33;0;0;0;0;0;0;0
28.01.2017 04:34;0;0;0;0;0;0;0
28.01.2017 04:35;0;0;0;0;0;0;0
28.01.2017 04:36;920.05;920.05;920.05;920.05;0.15;141.05;920.05
28.01.2017 04:37;0;0;0;0;0;0;0
28.01.2017 04:38;0;0;0;0;0;0;0
28.01.2017 04:39;0;0;0;0;0;0;0
28.01.2017 04:40;0;0;0;0;0;0;0
28.01.2017 04:41;0;0;0;0;0;0;0
28.01.2017 04:42;0;0;0;0;0;0;0
28.01.2017 04:43;0;0;0;0;0;0;0
28.01.2017 04:44;0;0;0;0;0;0;0
28.01.2017 04:45;0;0;0;0;0;0;0
28.01.2017 04:46;920.05;920.05;920.05;920.05;0.04;33.12;920.05
28.01.2017 04:47;0;0;0;0;0;0;0
28.01.2017 04:48;0;0;0;0;0;0;0
28.01.2017 04:49;0;0;0;0;0;0;0
28.01.2017 04:50;0;0;0;0;0;0;0
28.01.2017 04:51;920.05;920.05;920.05;920.05;0.03;23;920.05
28.01.2017 04:52;920.05;920.05;920.05;920.05;0.08;69;920.05
28.01.2017 04:53;920.05;920.05;920.05;920.05;0.02;18.24;920.05
28.01.2017 04:54;0;0;0;0;0;0;0
28.01.2017 04:55;920.05;920.05;920.05;920.05;0.11;96.61;920.05
28.01.2017 04:56;0;0;0;0;0;0;0
28.01.2017 04:57;0;0;0;0;0;0;0
28.01.2017 04:58;0;0;0;0;0;0;0
28.01.2017 04:59;0;0;0;0;0;0;0
28.01.2017 05:00;920;920;919.8;919.8;0.5;459.92;919.84
28.01.2017 05:01;0;0;0;0;0;0;0
28.01.2017 05:02;920.05;920.05;920.05;920.05;0.03;30.36;920.05
28.01.2017 05:03;0;0;0;0;0;0;0
28.01.2017 05:04;0;0;0;0;0;0;0
28.01.2017 05:05;920.05;920.05;920.05;920.05;0.09;82.09;920.05
28.01.2017 05:06;920.05;920.05;918.94;918.94;2.02;1853.42;919.36
28.01.2017 05:07;918.97;918.97;918.97;918.97;0.05;49.99;918.97
28.01.2017 05:08;920.04;920.04;920.04;920.04;0.22;200;920.04
28.01.2017 05:09;0;0;0;0;0;0;0
28.01.2017 05:10;920.05;920.05;920.05;920.05;0.12;109.49;920.05
28.01.2017 05:11;0;0;0;0;0;0;0
28.01.2017 05:12;0;0;0;0;0;0;0
28.01.2017 05:13;0;0;0;0;0;0;0
28.01.2017 05:14;0;0;0;0;0;0;0
28.01.2017 05:15;920.05;920.05;920.05;920.05;0.06;59.27;920.05
28.01.2017 05:16;920.05;920.05;920.05;920.05;0.09;84.03;920.05
28.01.2017 05:17;0;0;0;0;0;0;0
28.01.2017 05:18;0;0;0;0;0;0;0
28.01.2017 05:19;0;0;0;0;0;0;0
28.01.2017 05:20;0;0;0;0;0;0;0
28.01.2017 05:21;0;0;0;0;0;0;0
28.01.2017 05:22;0;0;0;0;0;0;0
28.01.2017 05:23;0;0;0;0;0;0;0
28.01.2017 05:24;920.05;920.05;920.05;920.05;0.02;15.64;920.05
28.01.2017 05:25;920.05;920.05;920.05;920.05;0.66;607.51;920.05
28.01.2017 05:26;0;0;0;0;0;0;0
28.01.2017 05:27;920.05;920.05;920.05;920.05;0.07;68.08;920.05
28.01.2017 05:28;920.05;920.05;920.05;920.05;0.13;118.69;920.05
28.01.2017 05:29;0;0;0;0;0;0;0
28.01.2017 05:30;0;0;0;0;0;0;0
28.01.2017 05:31;920.05;920.08;920.05;920.08;0.18;169.29;920.08
28.01.2017 05:32;920.08;920.08;920.08;920.08;0.11;101.21;920.08
28.01.2017 05:33;920.08;920.08;920.08;920.08;0.26;239.22;920.08
28.01.2017 05:34;920.08;920.08;920.08;920.08;0.02;15.83;920.08
28.01.2017 05:35;0;0;0;0;0;0;0
28.01.2017 05:36;920.08;920.1;920.08;920.1;0.64;591.01;920.1
28.01.2017 05:37;0;0;0;0;0;0;0
28.01.2017 05:38;0;0;0;0;0;0;0
28.01.2017 05:39;0;0;0;0;0;0;0
28.01.2017 05:40;0;0;0;0;0;0;0
28.01.2017 05:41;920.04;920.04;920.04;920.04;0.01;6;920.04
28.01.2017 05:42;0;0;0;0;0;0;0
28.01.2017 05:43;0;0;0;0;0;0;0
28.01.2017 05:44;0;0;0;0;0;0;0
28.01.2017 05:45;920.1;920.1;919.02;919.02;1.19;1097.7;919.27
28.01.2017 05:46;0;0;0;0;0;0;0
28.01.2017 05:47;920.09;920.09;920.09;920.09;0.06;55.21;920.09
28.01.2017 05:48;0;0;0;0;0;0;0
28.01.2017 05:49;0;0;0;0;0;0;0
28.01.2017 05:50;920.09;920.09;920.09;920.09;0.07;61.65;920.09
28.01.2017 05:51;0;0;0;0;0;0;0
28.01.2017 05:52;920.09;920.09;920.09;920.09;0.02;18.24;920.09
28.01.2017 05:53;919.03;919.03;919.03;919.03;0.02;21.76;919.03
28.01.2017 05:54;0;0;0;0;0;0;0
28.01.2017 05:55;920.09;920.09;920.09;920.09;0.04;35.88;920.09
28.01.2017 05:56;0;0;0;0;0;0;0
28.01.2017 05:57;0;0;0;0;0;0;0
28.01.2017 05:58;0;0;0;0;0;0;0
28.01.2017 05:59;920.09;920.09;920.09;920.09;0.01;8.21;920.09
28.01.2017 06:00;918.8;918.8;918.8;918.8;0.14;132.69;918.8
28.01.2017 06:01;920.1;920.1;920.1;920.1;0.02;14.72;920.1
28.01.2017 06:02;0;0;0;0;0;0;0
28.01.2017 06:03;0;0;0;0;0;0;0
28.01.2017 06:04;0;0;0;0;0;0;0
28.01.2017 06:05;0;0;0;0;0;0;0
28.01.2017 06:06;0;0;0;0;0;0;0
28.01.2017 06:07;920;920;920;920;0.02;18.4;920
28.01.2017 06:08;920;920;920;920;0.02;22.8;920
28.01.2017 06:09;920;920;920;920;0.19;174.8;920
28.01.2017 06:10;0;0;0;0;0;0;0
28.01.2017 06:11;0;0;0;0;0;0;0
28.01.2017 06:12;0;0;0;0;0;0;0
28.01.2017 06:13;0;0;0;0;0;0;0
28.01.2017 06:14;0;0;0;0;0;0;0
28.01.2017 06:15;0;0;0;0;0;0;0
28.01.2017 06:16;919.78;919.78;919;919;0.93;857.16;919.29
28.01.2017 06:17;0;0;0;0;0;0;0
28.01.2017 06:18;919.74;919.74;919.74;919.74;0.09;80.02;919.74
28.01.2017 06:19;0;0;0;0;0;0;0
28.01.2017 06:20;0;0;0;0;0;0;0
28.01.2017 06:21;0;0;0;0;0;0;0
28.01.2017 06:22;919.74;919.74;919.74;919.74;0.09;86.28;919.74
28.01.2017 06:23;0;0;0;0;0;0;0
28.01.2017 06:24;919.74;920;919.74;920;0.59;539.41;919.86
28.01.2017 06:25;0;0;0;0;0;0;0
28.01.2017 06:26;0;0;0;0;0;0;0
28.01.2017 06:27;0;0;0;0;0;0;0
28.01.2017 06:28;918.68;918.68;917.92;917.92;20;18362.55;918.13
28.01.2017 06:29;0;0;0;0;0;0;0
28.01.2017 06:30;0;0;0;0;0;0;0
28.01.2017 06:31;918.34;918.61;917.16;918.61;14.12;12956.18;917.9
28.01.2017 06:32;0;0;0;0;0;0;0
28.01.2017 06:33;0;0;0;0;0;0;0
28.01.2017 06:34;917.56;917.56;916.95;916.99;13.12;12038.64;917.35
28.01.2017 06:35;0;0;0;0;0;0;0
28.01.2017 06:36;917.56;918.48;917.02;918.48;17.11;15696.3;917.11
28.01.2017 06:37;918.54;918.54;918.54;918.54;0.02;18.37;918.54
28.01.2017 06:38;917.3;917.3;917.07;917.07;18;16508.39;917.13
28.01.2017 06:39;918.49;918.49;916.98;916.98;0.18;162.66;917.44
28.01.2017 06:40;917;917;917;917;13;11921;917
28.01.2017 06:41;918.49;918.49;918.49;918.49;0.11;105.44;918.49
28.01.2017 06:42;918.49;918.49;918.49;918.49;0.03;29.39;918.49
28.01.2017 06:43;918.49;918.54;917.18;917.18;0.28;258.59;917.96
28.01.2017 06:44;918.54;918.54;918.54;918.54;0.3;274.67;918.54
28.01.2017 06:45;917.18;917.61;916.15;917.61;17.81;16317.55;916.2
28.01.2017 06:46;0;0;0;0;0;0;0
28.01.2017 06:47;917.33;917.33;917.33;917.33;0.1;94.77;917.33
28.01.2017 06:48;917.32;917.32;917.32;917.32;0.01;11.93;917.32
28.01.2017 06:49;0;0;0;0;0;0;0
28.01.2017 06:50;917.32;917.32;917.32;917.32;0.03;30.27;917.32
28.01.2017 06:51;0;0;0;0;0;0;0
28.01.2017 06:52;0;0;0;0;0;0;0
28.01.2017 06:53;0;0;0;0;0;0;0
28.01.2017 06:54;0;0;0;0;0;0;0
28.01.2017 06:55;917.32;917.32;917.32;917.32;0.09;78.89;917.32
28.01.2017 06:56;0;0;0;0;0;0;0
28.01.2017 06:57;0;0;0;0;0;0;0
28.01.2017 06:58;917.32;917.32;917.32;917.32;0.03;23.85;917.32
28.01.2017 06:59;0;0;0;0;0;0;0
28.01.2017 07:00;0;0;0;0;0;0;0
28.01.2017 07:01;917.32;917.32;917.32;917.32;0.16;144.02;917.32
28.01.2017 07:02;0;0;0;0;0;0;0
28.01.2017 07:03;0;0;0;0;0;0;0
28.01.2017 07:04;0;0;0;0;0;0;0
28.01.2017 07:05;917.32;917.32;917.32;917.32;0.05;49.54;917.32
28.01.2017 07:06;0;0;0;0;0;0;0
28.01.2017 07:07;0;0;0;0;0;0;0
28.01.2017 07:08;917.32;917.32;917.32;917.32;0.14;126.59;917.32
28.01.2017 07:09;0;0;0;0;0;0;0
28.01.2017 07:10;0;0;0;0;0;0;0
28.01.2017 07:11;917.32;917.34;917.32;917.34;0.27;244.94;917.33
28.01.2017 07:12;917.34;917.34;917.34;917.34;0.05;44.03;917.34
28.01.2017 07:13;917.34;917.34;917.34;917.34;0.04;38.53;917.34
28.01.2017 07:14;0;0;0;0;0;0;0
28.01.2017 07:15;0;0;0;0;0;0;0
28.01.2017 07:16;0;0;0;0;0;0;0
28.01.2017 07:17;917.34;917.34;917.34;917.34;0.09;78.89;917.34
28.01.2017 07:18;0;0;0;0;0;0;0
28.01.2017 07:19;916.14;917.34;916.14;917.34;0.12;110.89;916.37
28.01.2017 07:20;917.34;917.62;917.34;917.62;3.01;2761.16;917.37
28.01.2017 07:21;916.49;916.49;916.49;916.49;0.01;7.97;916.49
28.01.2017 07:22;917.29;917.29;917.29;917.29;0.03;24.77;917.29
28.01.2017 07:23;0;0;0;0;0;0;0
28.01.2017 07:24;0;0;0;0;0;0;0
28.01.2017 07:25;917.29;917.47;917.29;917.47;0.29;264.22;917.43
28.01.2017 07:26;917.47;917.47;917.47;917.47;0.3;274.43;917.47
28.01.2017 07:27;0;0;0;0;0;0;0
28.01.2017 07:28;917.47;917.47;917.47;917.47;0.12;110.05;917.47
28.01.2017 07:29;0;0;0;0;0;0;0
28.01.2017 07:30;0;0;0;0;0;0;0
28.01.2017 07:31;917.47;917.47;917.47;917.47;0.99;910.07;917.47
28.01.2017 07:32;0;0;0;0;0;0;0
28.01.2017 07:33;916.24;916.24;916.24;916.24;0.03;26.42;916.24
28.01.2017 07:34;0;0;0;0;0;0;0
28.01.2017 07:35;917.47;917.47;917.47;917.47;0.07;66.98;917.47
28.01.2017 07:36;917.47;917.47;917.47;917.47;0.09;83.83;917.47
28.01.2017 07:37;917.47;918.17;917.47;918.17;2.63;2415.21;918.08
28.01.2017 07:38;917.91;917.91;917.91;917.91;0.01;6.43;917.91
28.01.2017 07:39;0;0;0;0;0;0;0
28.01.2017 07:40;0;0;0;0;0;0;0
28.01.2017 07:41;0;0;0;0;0;0;0
28.01.2017 07:42;0;0;0;0;0;0;0
28.01.2017 07:43;917.93;917.93;917.93;917.93;0.08;74.35;917.93
28.01.2017 07:44;918.02;918.02;918.02;918.02;0.03;26;918.02
28.01.2017 07:45;0;0;0;0;0;0;0
28.01.2017 07:46;0;0;0;0;0;0;0
28.01.2017 07:47;0;0;0;0;0;0;0
28.01.2017 07:48;0;0;0;0;0;0;0
28.01.2017 07:49;0;0;0;0;0;0;0
28.01.2017 07:50;0;0;0;0;0;0;0
28.01.2017 07:51;0;0;0;0;0;0;0
28.01.2017 07:52;0;0;0;0;0;0;0
28.01.2017 07:53;916.45;916.45;916.45;916.45;0.11;98.86;916.45
28.01.2017 07:54;0;0;0;0;0;0;0
28.01.2017 07:55;918.17;918.17;918.17;918.17;0.08;69.78;918.17
28.01.2017 07:56;0;0;0;0;0;0;0
28.01.2017 07:57;0;0;0;0;0;0;0
28.01.2017 07:58;0;0;0;0;0;0;0
28.01.2017 07:59;0;0;0;0;0;0;0
28.01.2017 08:00;918.17;918.17;918.17;918.17;2.6;2389.76;918.17
28.01.2017 08:01;918.17;918.17;918.17;918.17;0.5;459.46;918.17
28.01.2017 08:02;918.17;918.17;918.17;918.17;0.55;508.19;918.17
28.01.2017 08:03;0;0;0;0;0;0;0
28.01.2017 08:04;0;0;0;0;0;0;0
28.01.2017 08:05;0;0;0;0;0;0;0
28.01.2017 08:06;918.17;918.17;917.27;917.27;0.21;193.31;917.9
28.01.2017 08:07;0;0;0;0;0;0;0
28.01.2017 08:08;0;0;0;0;0;0;0
28.01.2017 08:09;918.17;918.17;918.17;918.17;5.98;5490.32;918.17
28.01.2017 08:10;0;0;0;0;0;0;0
28.01.2017 08:11;0;0;0;0;0;0;0
28.01.2017 08:12;918.17;918.17;918.17;918.17;1;918.17;918.17
28.01.2017 08:13;0;0;0;0;0;0;0
28.01.2017 08:14;0;0;0;0;0;0;0
28.01.2017 08:15;0;0;0;0;0;0;0
28.01.2017 08:16;918.17;918.61;918.17;918.61;2.19;2007.33;918.39
28.01.2017 08:17;918.61;918.62;918.61;918.62;3.2;2940.53;918.61
28.01.2017 08:18;918.62;918.64;918.62;918.64;0.43;397.76;918.62
28.01.2017 08:19;918.64;918.65;918.62;918.65;0.85;778.28;918.64
28.01.2017 08:20;918.65;919.23;918.65;919.23;0.07;61.06;918.89
28.01.2017 08:21;0;0;0;0;0;0;0
28.01.2017 08:22;918.62;918.62;918.15;918.15;3.08;2829.7;918.38
28.01.2017 08:23;917.73;917.73;917.73;917.73;0.21;189.05;917.73
28.01.2017 08:24;0;0;0;0;0;0;0
28.01.2017 08:25;0;0;0;0;0;0;0
28.01.2017 08:26;0;0;0;0;0;0;0
28.01.2017 08:27;0;0;0;0;0;0;0
28.01.2017 08:28;0;0;0;0;0;0;0
28.01.2017 08:29;918.87;918.87;918.87;918.87;0.16;148.86;918.87
28.01.2017 08:30;918.91;919.41;918.91;919.41;27.49;25263.65;919.03
28.01.2017 08:31;0;0;0;0;0;0;0
28.01.2017 08:32;0;0;0;0;0;0;0
28.01.2017 08:33;919.62;919.62;919.62;919.62;0.03;25.75;919.62
28.01.2017 08:34;0;0;0;0;0;0;0
28.01.2017 08:35;0;0;0;0;0;0;0
28.01.2017 08:36;919.31;919.31;919.31;919.31;0.05;47.66;919.31
28.01.2017 08:37;919.31;919.31;919.31;919.31;2.56;2350.82;919.31
28.01.2017 08:38;0;0;0;0;0;0;0
28.01.2017 08:39;919.1;919.1;919.01;919.01;0.41;376.78;919.02
28.01.2017 08:40;0;0;0;0;0;0;0
28.01.2017 08:41;919.01;919.04;919.01;919.04;0.48;439.82;919.03
28.01.2017 08:42;0;0;0;0;0;0;0
28.01.2017 08:43;919.01;919.01;919;919;1.1;1010.91;919.01
28.01.2017 08:44;919;919;919;919;1.5;1378.5;919
28.01.2017 08:45;919;919;918.93;918.93;3.59;3297.63;918.97
28.01.2017 08:46;0;0;0;0;0;0;0
28.01.2017 08:47;0;0;0;0;0;0;0
28.01.2017 08:48;0;0;0;0;0;0;0
28.01.2017 08:49;0;0;0;0;0;0;0
28.01.2017 08:50;918.9;918.91;918.9;918.91;0.32;297.98;918.9
28.01.2017 08:51;0;0;0;0;0;0;0
28.01.2017 08:52;0;0;0;0;0;0;0
28.01.2017 08:53;918.91;918.91;918.91;918.91;0.07;68.22;918.91
28.01.2017 08:54;918.31;918.31;918.31;918.31;0.2;183.66;918.31
28.01.2017 08:55;918.91;918.91;918.91;918.91;0.11;102.92;918.91
28.01.2017 08:56;918.91;918.93;918.91;918.93;2.99;2747.53;918.93
28.01.2017 08:57;918.93;918.93;918.93;918.93;0.12;107.79;918.93
28.01.2017 08:58;0;0;0;0;0;0;0
28.01.2017 08:59;0;0;0;0;0;0;0
28.01.2017 09:00;0;0;0;0;0;0;0
28.01.2017 09:01;918.93;918.93;918.93;918.93;0.01;10.19;918.93
28.01.2017 09:02;0;0;0;0;0;0;0
28.01.2017 09:03;0;0;0;0;0;0;0
28.01.2017 09:04;0;0;0;0;0;0;0
28.01.2017 09:05;0;0;0;0;0;0;0
28.01.2017 09:06;918.93;918.93;918.93;918.93;0.04;39.47;918.93
28.01.2017 09:07;0;0;0;0;0;0;0
28.01.2017 09:08;0;0;0;0;0;0;0
28.01.2017 09:09;0;0;0;0;0;0;0
28.01.2017 09:10;918.93;918.93;918.93;918.93;0.09;82.47;918.93
28.01.2017 09:11;918.93;918.93;918.93;918.93;0.05;48.92;918.93
28.01.2017 09:12;0;0;0;0;0;0;0
28.01.2017 09:13;0;0;0;0;0;0;0
28.01.2017 09:14;0;0;0;0;0;0;0
28.01.2017 09:15;918.93;918.93;918.93;918.93;4;3675.72;918.93
28.01.2017 09:16;0;0;0;0;0;0;0
28.01.2017 09:17;0;0;0;0;0;0;0
28.01.2017 09:18;0;0;0;0;0;0;0
28.01.2017 09:19;0;0;0;0;0;0;0
28.01.2017 09:20;0;0;0;0;0;0;0
28.01.2017 09:21;918;918;918;918;0.01;5.03;918
28.01.2017 09:22;0;0;0;0;0;0;0
28.01.2017 09:23;0;0;0;0;0;0;0
28.01.2017 09:24;0;0;0;0;0;0;0
28.01.2017 09:25;0;0;0;0;0;0;0
28.01.2017 09:26;0;0;0;0;0;0;0
28.01.2017 09:27;918.7;918.7;918.7;918.7;0.01;5.02;918.7
28.01.2017 09:28;0;0;0;0;0;0;0
28.01.2017 09:29;0;0;0;0;0;0;0
28.01.2017 09:30;918.17;918.17;917.67;917.67;0.25;225.17;917.69
28.01.2017 09:31;917.71;917.71;917.71;917.71;0.02;15.03;917.71
28.01.2017 09:32;0;0;0;0;0;0;0
28.01.2017 09:33;0;0;0;0;0;0;0
28.01.2017 09:34;918.7;918.7;918.7;918.7;0.09;86.19;918.7
28.01.2017 09:35;918.7;918.93;918.7;918.93;1.67;1538.29;918.93
28.01.2017 09:36;918.93;918.93;918.93;918.93;1.13;1035.73;918.93
28.01.2017 09:37;0;0;0;0;0;0;0
28.01.2017 09:38;0;0;0;0;0;0;0
28.01.2017 09:39;0;0;0;0;0;0;0
28.01.2017 09:40;0;0;0;0;0;0;0
28.01.2017 09:41;0;0;0;0;0;0;0
28.01.2017 09:42;918.93;918.93;918.93;918.93;4.48;4112.81;918.93
28.01.2017 09:43;918.98;918.98;918.98;918.98;0.41;372.21;918.98
28.01.2017 09:44;918.99;919.38;918.99;919.38;2.48;2278.29;919.03
28.01.2017 09:45;919.6;919.6;919.6;919.6;0.31;283.29;919.6
28.01.2017 09:46;919.62;919.62;919.62;919.62;0.19;172.01;919.62
28.01.2017 09:47;919.62;919.64;919.62;919.64;0.78;721.87;919.63
28.01.2017 09:48;0;0;0;0;0;0;0
28.01.2017 09:49;0;0;0;0;0;0;0
28.01.2017 09:50;0;0;0;0;0;0;0
28.01.2017 09:51;919.94;919.94;919.94;919.94;1.78;1637.8;919.94
28.01.2017 09:52;0;0;0;0;0;0;0
28.01.2017 09:53;919.94;919.94;919.94;919.94;0.08;77.62;919.94
28.01.2017 09:54;919.94;919.94;919.9;919.9;0.11;102.15;919.92
28.01.2017 09:55;918.93;919.94;918.93;919.94;0.05;42.68;919.43
28.01.2017 09:56;918.93;918.93;918.67;918.67;0.02;20.92;918.68
28.01.2017 09:57;0;0;0;0;0;0;0
28.01.2017 09:58;0;0;0;0;0;0;0
28.01.2017 09:59;0;0;0;0;0;0;0
28.01.2017 10:00;919.9;919.93;919.07;919.93;0.11;102.03;919.9
28.01.2017 10:01;0;0;0;0;0;0;0
28.01.2017 10:02;0;0;0;0;0;0;0
28.01.2017 10:03;0;0;0;0;0;0;0
28.01.2017 10:04;919.93;919.93;919.93;919.93;0.02;17.13;919.93
28.01.2017 10:05;0;0;0;0;0;0;0
28.01.2017 10:06;0;0;0;0;0;0;0
28.01.2017 10:07;919.93;919.93;919.93;919.93;0.06;52.51;919.93
28.01.2017 10:08;919.93;919.93;919.93;919.93;0.17;157.9;919.93
28.01.2017 10:09;0;0;0;0;0;0;0
28.01.2017 10:10;919.9;919.9;919.08;919.08;0.02;22.52;919.29
28.01.2017 10:11;0;0;0;0;0;0;0
28.01.2017 10:12;0;0;0;0;0;0;0
28.01.2017 10:13;919.13;919.13;919.12;919.12;0.52;480.6;919.13
28.01.2017 10:14;919.92;920;919.92;920;65.36;60125.13;919.95
28.01.2017 10:15;920;920;919.93;919.93;5.76;5296.56;920
28.01.2017 10:16;919.93;919.93;919.92;919.92;0.12;114.92;919.92
28.01.2017 10:17;0;0;0;0;0;0;0
28.01.2017 10:18;919.92;919.92;918.39;918.39;15;13779.05;918.6
28.01.2017 10:19;0;0;0;0;0;0;0
28.01.2017 10:20;0;0;0;0;0;0;0
28.01.2017 10:21;0;0;0;0;0;0;0
28.01.2017 10:22;0;0;0;0;0;0;0
28.01.2017 10:23;0;0;0;0;0;0;0
28.01.2017 10:24;918.06;918.06;918.06;918.06;1;918.06;918.06
28.01.2017 10:25;0;0;0;0;0;0;0
28.01.2017 10:26;0;0;0;0;0;0;0
28.01.2017 10:27;918.06;918.06;918.06;918.06;0.69;633.46;918.06
28.01.2017 10:28;0;0;0;0;0;0;0
28.01.2017 10:29;0;0;0;0;0;0;0
28.01.2017 10:30;0;0;0;0;0;0;0
28.01.2017 10:31;0;0;0;0;0;0;0
28.01.2017 10:32;0;0;0;0;0;0;0
28.01.2017 10:33;0;0;0;0;0;0;0
28.01.2017 10:34;0;0;0;0;0;0;0
28.01.2017 10:35;0;0;0;0;0;0;0
28.01.2017 10:36;0;0;0;0;0;0;0
28.01.2017 10:37;918.06;918.06;918.06;918.06;0.5;459.03;918.06
28.01.2017 10:38;0;0;0;0;0;0;0
28.01.2017 10:39;918.06;918.81;918.06;918.81;0.04;35.28;918.74
28.01.2017 10:40;918.95;918.95;918.88;918.88;0.12;105.86;918.91
28.01.2017 10:41;918.86;919.17;918.84;919.17;0.12;105.86;918.96
28.01.2017 10:42;0;0;0;0;0;0;0
28.01.2017 10:43;0;0;0;0;0;0;0
28.01.2017 10:44;0;0;0;0;0;0;0
28.01.2017 10:45;0;0;0;0;0;0;0
28.01.2017 10:46;0;0;0;0;0;0;0
28.01.2017 10:47;0;0;0;0;0;0;0
28.01.2017 10:48;0;0;0;0;0;0;0
28.01.2017 10:49;919.17;919.17;919.17;919.17;0.1;94.84;919.17
28.01.2017 10:50;919.17;919.21;919.17;919.21;0.23;211.78;919.19
28.01.2017 10:51;919.21;919.21;918.96;919.18;0.37;337.9;919.08
28.01.2017 10:52;919.18;919.18;919.18;919.18;0.03;24.82;919.18
28.01.2017 10:53;919.18;919.18;919.18;919.18;0.02;14.71;919.18
28.01.2017 10:54;919.19;919.19;919.19;919.19;0.01;6.01;919.19
28.01.2017 10:55;919.19;919.21;919.19;919.21;0.21;188.44;919.2
28.01.2017 10:56;0;0;0;0;0;0;0
28.01.2017 10:57;919.21;919.21;919.21;919.21;0.02;21.14;919.21
28.01.2017 10:58;919.21;919.21;913.08;913.08;87.06;79705.89;915.55
28.01.2017 10:59;914.99;915;914.98;915;3.77;3445.58;914.99
28.01.2017 11:00;915;915;914.65;915;1.57;1440.32;914.97
28.01.2017 11:01;915;915.22;915;915.22;33.07;30259.53;915.03
28.01.2017 11:02;915.22;915.99;915.22;915.99;1.27;1161.01;915.59
28.01.2017 11:03;915.99;916.19;915.99;916.19;3.09;2828.1;916.17
28.01.2017 11:04;916.19;916.54;916.19;916.54;0.2;184.97;916.22
28.01.2017 11:05;0;0;0;0;0;0;0
28.01.2017 11:06;0;0;0;0;0;0;0
28.01.2017 11:07;916.54;916.54;916.54;916.54;0.42;382.35;916.54
28.01.2017 11:08;916.54;916.93;916.54;916.93;0.77;708.5;916.68
28.01.2017 11:09;916.92;916.92;916.92;916.92;1;916.92;916.92
28.01.2017 11:10;0;0;0;0;0;0;0
28.01.2017 11:11;916.93;916.93;916.93;916.93;0.14;124.7;916.93
28.01.2017 11:12;916.93;916.93;916.93;916.93;0.07;64.19;916.93
28.01.2017 11:13;916.93;916.99;916.93;916.99;0.1;87.24;916.95
28.01.2017 11:14;0;0;0;0;0;0;0
28.01.2017 11:15;916.99;916.99;916.99;916.99;0.02;15.59;916.99
28.01.2017 11:16;0;0;0;0;0;0;0
28.01.2017 11:17;916.99;916.99;916.99;916.99;0.07;59.6;916.99
28.01.2017 11:18;0;0;0;0;0;0;0
28.01.2017 11:19;916.93;916.93;916.93;916.93;0.47;429.49;916.93
28.01.2017 11:20;916.93;916.93;916.71;916.71;4.03;3696.19;916.74
28.01.2017 11:21;0;0;0;0;0;0;0
28.01.2017 11:22;915.61;915.61;915.61;915.61;12.93;11836.8;915.61
28.01.2017 11:23;916.98;916.98;916.98;916.98;0.11;100.64;916.98
28.01.2017 11:24;0;0;0;0;0;0;0
28.01.2017 11:25;916.98;916.99;916.98;916.99;0.19;178.22;916.98
28.01.2017 11:26;916.99;916.99;916.99;916.99;0.11;104.3;916.99
28.01.2017 11:27;0;0;0;0;0;0;0
28.01.2017 11:28;0;0;0;0;0;0;0
28.01.2017 11:29;916.99;916.99;916.99;916.99;0.1;91.7;916.99
28.01.2017 11:30;916.99;916.99;916.99;916.99;0.02;18.34;916.99
28.01.2017 11:31;916.99;916.99;916.99;916.99;0.02;15.59;916.99
28.01.2017 11:32;916.99;916.99;916.99;916.99;0.02;17.42;916.99
28.01.2017 11:33;916.99;916.99;916.99;916.99;0.03;27.75;916.99
28.01.2017 11:34;917.14;917.14;917.14;917.14;0.5;462.01;917.14
28.01.2017 11:35;0;0;0;0;0;0;0
28.01.2017 11:36;917.14;917.14;917.14;917.14;0.06;57.54;917.14
28.01.2017 11:37;917.14;917.16;917.14;917.16;0.17;153.16;917.14
28.01.2017 11:38;917.16;917.16;917.16;917.16;0.05;44.02;917.16
28.01.2017 11:39;917.16;917.16;917.16;917.16;0.01;12.84;917.16
28.01.2017 11:40;0;0;0;0;0;0;0
28.01.2017 11:41;0;0;0;0;0;0;0
28.01.2017 11:42;0;0;0;0;0;0;0
28.01.2017 11:43;0;0;0;0;0;0;0
28.01.2017 11:44;0;0;0;0;0;0;0
28.01.2017 11:45;0;0;0;0;0;0;0
28.01.2017 11:46;0;0;0;0;0;0;0
28.01.2017 11:47;0;0;0;0;0;0;0
28.01.2017 11:48;917.16;917.16;917.16;917.16;0.28;253.45;917.16
28.01.2017 11:49;0;0;0;0;0;0;0
28.01.2017 11:50;917.16;917.16;917.16;917.16;0.2;181.81;917.16
28.01.2017 11:51;916.98;916.98;916.98;916.98;0.01;10.91;916.98
28.01.2017 11:52;0;0;0;0;0;0;0
28.01.2017 11:53;917.16;917.16;917.16;917.16;0.24;218.89;917.16
28.01.2017 11:54;0;0;0;0;0;0;0
28.01.2017 11:55;0;0;0;0;0;0;0
28.01.2017 11:56;0;0;0;0;0;0;0
28.01.2017 11:57;0;0;0;0;0;0;0
28.01.2017 11:58;0;0;0;0;0;0;0
28.01.2017 11:59;917.16;917.16;917.16;917.16;1.07;985.03;917.16
28.01.2017 12:00;916.98;916.98;916.98;916.98;0.05;45.76;916.98
28.01.2017 12:01;0;0;0;0;0;0;0
28.01.2017 12:02;917.16;917.31;917.16;917.31;0.54;496.19;917.17
28.01.2017 12:03;0;0;0;0;0;0;0
28.01.2017 12:04;917.42;917.42;917.42;917.42;0.19;173.39;917.42
28.01.2017 12:05;917.44;917.51;917.44;917.51;0.3;275.94;917.45
28.01.2017 12:06;917.51;917.58;917.51;917.58;0.62;570.61;917.51
28.01.2017 12:07;0;0;0;0;0;0;0
28.01.2017 12:08;0;0;0;0;0;0;0
28.01.2017 12:09;917.58;917.58;917.58;917.58;0.03;27.53;917.58
28.01.2017 12:10;0;0;0;0;0;0;0
28.01.2017 12:11;0;0;0;0;0;0;0
28.01.2017 12:12;0;0;0;0;0;0;0
28.01.2017 12:13;0;0;0;0;0;0;0
28.01.2017 12:14;917.58;918.05;917.58;918.05;1.42;1304.69;917.98
28.01.2017 12:15;918.05;918.39;918.05;918.39;3.55;3260.43;918.14
28.01.2017 12:16;0;0;0;0;0;0;0
28.01.2017 12:17;918.11;918.11;918.11;918.11;0.44;402.03;918.11
28.01.2017 12:18;918.39;918.48;918.39;918.48;0.27;248.27;918.41
28.01.2017 12:19;918.24;918.24;918.24;918.24;0.11;104.91;918.24
28.01.2017 12:20;0;0;0;0;0;0;0
28.01.2017 12:21;918.48;918.48;918.48;918.48;0.5;458.84;918.48
28.01.2017 12:22;917.66;917.66;917.66;917.66;0.01;8.54;917.66
28.01.2017 12:23;918.48;918.48;918.48;918.48;0.08;73.48;918.48
28.01.2017 12:24;0;0;0;0;0;0;0
28.01.2017 12:25;0;0;0;0;0;0;0
28.01.2017 12:26;0;0;0;0;0;0;0
28.01.2017 12:27;918.47;918.47;918.47;918.47;5.89;5414.29;918.47
28.01.2017 12:28;918.48;918.55;918.48;918.55;0.11;100;918.51
28.01.2017 12:29;918.5;918.5;918.5;918.5;0.65;600.91;918.5
28.01.2017 12:30;0;0;0;0;0;0;0
28.01.2017 12:31;0;0;0;0;0;0;0
28.01.2017 12:32;0;0;0;0;0;0;0
28.01.2017 12:33;918.46;918.46;918.46;918.46;0.07;61.08;918.46
28.01.2017 12:34;0;0;0;0;0;0;0
28.01.2017 12:35;918.55;918.78;918.55;918.78;4.37;4011.37;918.69
28.01.2017 12:36;918.91;918.99;918.91;918.99;0.03;25.44;918.95
28.01.2017 12:37;0;0;0;0;0;0;0
28.01.2017 12:38;0;0;0;0;0;0;0
28.01.2017 12:39;0;0;0;0;0;0;0
28.01.2017 12:40;918.88;918.88;918.31;918.31;1.58;1450;918.39
28.01.2017 12:41;0;0;0;0;0;0;0
28.01.2017 12:42;0;0;0;0;0;0;0
28.01.2017 12:43;0;0;0;0;0;0;0
28.01.2017 12:44;918.98;918.99;917.04;917.04;0.27;250.51;918.94
28.01.2017 12:45;918.84;918.84;918.84;918.84;0.22;203.38;918.84
28.01.2017 12:46;0;0;0;0;0;0;0
28.01.2017 12:47;918.99;919.05;918.99;919.05;0.53;486.73;919
28.01.2017 12:48;0;0;0;0;0;0;0
28.01.2017 12:49;918.94;918.94;918.94;918.94;0.01;10.84;918.94
28.01.2017 12:50;0;0;0;0;0;0;0
28.01.2017 12:51;918.93;918.94;918.93;918.94;0.68;628.42;918.94
28.01.2017 12:52;0;0;0;0;0;0;0
28.01.2017 12:53;919;919;919;919;0.04;35.29;919
28.01.2017 12:54;919;919;919;919;0.08;70.58;919
28.01.2017 12:55;919;919;919;919;0.29;265.22;919
28.01.2017 12:56;919;919;919;919;0.06;57.98;919
28.01.2017 12:57;0;0;0;0;0;0;0
28.01.2017 12:58;918.87;919;918.87;919;0.15;140.09;918.97
28.01.2017 12:59;0;0;0;0;0;0;0
28.01.2017 13:00;0;0;0;0;0;0;0
28.01.2017 13:01;918.86;918.86;918.7;918.7;4.37;4019.57;918.85
28.01.2017 13:02;918.86;918.96;918.86;918.96;0.19;173.68;918.94
28.01.2017 13:03;918.72;918.72;918.7;918.7;3.34;3071.62;918.71
28.01.2017 13:04;0;0;0;0;0;0;0
28.01.2017 13:05;0;0;0;0;0;0;0
28.01.2017 13:06;0;0;0;0;0;0;0
28.01.2017 13:07;918.84;918.84;918.84;918.84;0.2;183.77;918.84
28.01.2017 13:08;0;0;0;0;0;0;0
28.01.2017 13:09;0;0;0;0;0;0;0
28.01.2017 13:10;918.16;918.16;918.16;918.16;0.01;6.03;918.16
28.01.2017 13:11;0;0;0;0;0;0;0
28.01.2017 13:12;918.86;918.86;918.86;918.86;0.07;67.08;918.86
28.01.2017 13:13;918.86;918.86;918.86;918.86;0.13;118.53;918.86
28.01.2017 13:14;918.86;918.98;918.86;918.98;0.21;195.87;918.92
28.01.2017 13:15;0;0;0;0;0;0;0
28.01.2017 13:16;0;0;0;0;0;0;0
28.01.2017 13:17;0;0;0;0;0;0;0
28.01.2017 13:18;918.98;918.98;918.98;918.98;0.07;64.33;918.98
28.01.2017 13:19;0;0;0;0;0;0;0
28.01.2017 13:20;918.98;918.98;918.98;918.98;0.09;78.11;918.98
28.01.2017 13:21;0;0;0;0;0;0;0
28.01.2017 13:22;0;0;0;0;0;0;0
28.01.2017 13:23;0;0;0;0;0;0;0
28.01.2017 13:24;0;0;0;0;0;0;0
28.01.2017 13:25;918.98;918.98;918.98;918.98;3.48;3196.8;918.98
28.01.2017 13:26;0;0;0;0;0;0;0
28.01.2017 13:27;918.88;918.88;918.88;918.88;0.04;33.08;918.88
28.01.2017 13:28;918.88;918.88;918.88;918.88;0.11;97.4;918.88
28.01.2017 13:29;918.88;918.88;918.88;918.88;0.11;102.91;918.88
28.01.2017 13:30;0;0;0;0;0;0;0
28.01.2017 13:31;918.18;918.18;918.18;918.18;0.01;7.35;918.18
28.01.2017 13:32;918.88;918.88;918.88;918.88;0.12;113.31;918.88
28.01.2017 13:33;918.88;918.88;918.88;918.88;0.12;112.25;918.88
28.01.2017 13:34;0;0;0;0;0;0;0
28.01.2017 13:35;0;0;0;0;0;0;0
28.01.2017 13:36;918.88;918.88;918.88;918.88;0.16;147.02;918.88
28.01.2017 13:37;0;0;0;0;0;0;0
28.01.2017 13:38;0;0;0;0;0;0;0
28.01.2017 13:39;918;918;917.96;917.96;1.09;1003.11;917.98
28.01.2017 13:40;0;0;0;0;0;0;0
28.01.2017 13:41;0;0;0;0;0;0;0
28.01.2017 13:42;918.87;918.87;918.87;918.87;0.08;75.41;918.87
28.01.2017 13:43;0;0;0;0;0;0;0
28.01.2017 13:44;0;0;0;0;0;0;0
28.01.2017 13:45;918.87;918.88;918.87;918.88;0.73;667.21;918.88
28.01.2017 13:46;918.88;918.88;918.87;918.87;3.69;3394.71;918.88
28.01.2017 13:47;917.96;918.91;917.96;918.91;0.34;311.33;918.18
28.01.2017 13:48;918.98;918.98;918.98;918.98;0.27;249.38;918.98
28.01.2017 13:49;918.96;918.96;918.95;918.95;0.39;360.85;918.96
28.01.2017 13:50;918.98;918.98;918.98;918.98;0.89;817.89;918.98
28.01.2017 13:51;0;0;0;0;0;0;0
28.01.2017 13:52;0;0;0;0;0;0;0
28.01.2017 13:53;0;0;0;0;0;0;0
28.01.2017 13:54;0;0;0;0;0;0;0
28.01.2017 13:55;917.96;917.96;917.93;917.93;1;917.94;917.94
28.01.2017 13:56;0;0;0;0;0;0;0
28.01.2017 13:57;0;0;0;0;0;0;0
28.01.2017 13:58;0;0;0;0;0;0;0
28.01.2017 13:59;0;0;0;0;0;0;0
28.01.2017 14:00;0;0;0;0;0;0;0
28.01.2017 14:01;0;0;0;0;0;0;0
28.01.2017 14:02;918.77;918.77;918.77;918.77;0.3;275.04;918.77
28.01.2017 14:03;0;0;0;0;0;0;0
28.01.2017 14:04;918.78;919;918.78;919;23.57;21656.36;918.86
28.01.2017 14:05;0;0;0;0;0;0;0
28.01.2017 14:06;919;919;919;919;0.01;5.05;919
28.01.2017 14:07;917.97;917.97;917.97;917.97;0.22;201.59;917.97
28.01.2017 14:08;917.98;917.98;917.97;917.97;1;916.31;917.97
28.01.2017 14:09;917;917;916.57;916.57;3.13;2867.49;916.9
28.01.2017 14:10;0;0;0;0;0;0;0
28.01.2017 14:11;916;916;915.99;915.99;1;916;916
28.01.2017 14:12;0;0;0;0;0;0;0
28.01.2017 14:13;916.54;916.57;916.54;916.57;0.68;624.86;916.56
28.01.2017 14:14;916.57;917;916.57;916.99;0.43;392.03;916.78
28.01.2017 14:15;916.99;916.99;916.99;916.99;0.02;18.34;916.99
28.01.2017 14:16;0;0;0;0;0;0;0
28.01.2017 14:17;0;0;0;0;0;0;0
28.01.2017 14:18;916.84;916.99;916.84;916.99;0.04;33.43;916.9
28.01.2017 14:19;916.99;916.99;916.99;916.99;0.51;465.41;916.99
28.01.2017 14:20;917;917.03;917;917.03;1.47;1345.55;917.02
28.01.2017 14:21;0;0;0;0;0;0;0
28.01.2017 14:22;917.35;917.81;917.35;917.81;1.69;1552.36;917.47
28.01.2017 14:23;0;0;0;0;0;0;0
28.01.2017 14:24;0;0;0;0;0;0;0
28.01.2017 14:25;917.96;918.76;917.96;918.76;8.13;7469.56;918.42
28.01.2017 14:26;918.07;918.07;918.06;918.06;0.37;344.18;918.07
28.01.2017 14:27;916.99;916.99;916.99;916.99;0.18;167.81;916.99
28.01.2017 14:28;918.14;918.15;918.14;918.15;1.58;1453.22;918.15
28.01.2017 14:29;0;0;0;0;0;0;0
28.01.2017 14:30;0;0;0;0;0;0;0
28.01.2017 14:31;916.99;916.99;916.15;916.15;0.54;490.49;916.65
28.01.2017 14:32;0;0;0;0;0;0;0
28.01.2017 14:33;917.37;917.37;917.37;917.37;0.05;42.45;917.37
28.01.2017 14:34;0;0;0;0;0;0;0
28.01.2017 14:35;0;0;0;0;0;0;0
28.01.2017 14:36;917.06;917.79;917.06;917.79;3.08;2824.54;917.41
28.01.2017 14:37;916.12;916.12;916.04;916.04;3;2748.18;916.06
28.01.2017 14:38;916.11;916.11;916.11;916.11;1;916.11;916.11
28.01.2017 14:39;917.07;917.08;917.07;917.08;0.25;229.42;917.07
28.01.2017 14:40;916.21;917.08;916.21;917.08;0.07;64.19;916.96
28.01.2017 14:41;917.08;917.08;917.08;917.08;0.07;68.55;917.08
28.01.2017 14:42;0;0;0;0;0;0;0
28.01.2017 14:43;0;0;0;0;0;0;0
28.01.2017 14:44;0;0;0;0;0;0;0
28.01.2017 14:45;917.08;917.08;917.08;917.08;0.23;210.56;917.08
28.01.2017 14:46;917.08;917.08;917.08;917.08;0.02;19.95;917.08
28.01.2017 14:47;916.78;916.78;916.06;916.06;10.5;9618.78;916.07
28.01.2017 14:48;917.08;917.08;917.08;917.08;0.13;117.36;917.08
28.01.2017 14:49;0;0;0;0;0;0;0
28.01.2017 14:50;0;0;0;0;0;0;0
28.01.2017 14:51;0;0;0;0;0;0;0
28.01.2017 14:52;0;0;0;0;0;0;0
28.01.2017 14:53;916.09;916.09;916.09;916.09;0.45;411.45;916.09
28.01.2017 14:54;0;0;0;0;0;0;0
28.01.2017 14:55;0;0;0;0;0;0;0
28.01.2017 14:56;0;0;0;0;0;0;0
28.01.2017 14:57;0;0;0;0;0;0;0
28.01.2017 14:58;0;0;0;0;0;0;0
28.01.2017 14:59;0;0;0;0;0;0;0
28.01.2017 15:00;0;0;0;0;0;0;0
28.01.2017 15:01;917.08;917.08;917.08;917.08;0.02;22.02;917.08
28.01.2017 15:02;0;0;0;0;0;0;0
28.01.2017 15:03;0;0;0;0;0;0;0
28.01.2017 15:04;0;0;0;0;0;0;0
28.01.2017 15:05;0;0;0;0;0;0;0
28.01.2017 15:06;917.08;917.09;917.08;917.09;0.4;371.33;917.09
28.01.2017 15:07;917.1;917.1;917.1;917.1;0.59;544.76;917.1
28.01.2017 15:08;917.1;917.1;917.08;917.08;1.44;1324.04;917.1
28.01.2017 15:09;917.08;917.08;917.08;917.08;0.06;55.02;917.08
28.01.2017 15:10;0;0;0;0;0;0;0
28.01.2017 15:11;0;0;0;0;0;0;0
28.01.2017 15:12;916.98;916.98;916.98;916.98;0.06;56.29;916.98
28.01.2017 15:13;916.13;918.3;916.13;918.3;4.47;4099.4;917.23
28.01.2017 15:14;0;0;0;0;0;0;0
28.01.2017 15:15;0;0;0;0;0;0;0
28.01.2017 15:16;0;0;0;0;0;0;0
28.01.2017 15:17;0;0;0;0;0;0;0
28.01.2017 15:18;918;918;918;918;0.01;12.12;918
28.01.2017 15:19;918;918.24;918;918.24;0.58;529.63;918.08
28.01.2017 15:20;0;0;0;0;0;0;0
28.01.2017 15:21;0;0;0;0;0;0;0
28.01.2017 15:22;0;0;0;0;0;0;0
28.01.2017 15:23;0;0;0;0;0;0;0
28.01.2017 15:24;0;0;0;0;0;0;0
28.01.2017 15:25;0;0;0;0;0;0;0
28.01.2017 15:26;0;0;0;0;0;0;0
28.01.2017 15:27;0;0;0;0;0;0;0
28.01.2017 15:28;0;0;0;0;0;0;0
28.01.2017 15:29;917.06;918.09;917.06;918.09;0.13;120.1;917.78
28.01.2017 15:30;0;0;0;0;0;0;0
28.01.2017 15:31;0;0;0;0;0;0;0
28.01.2017 15:32;918.06;918.06;918.06;918.06;0.09;82.63;918.06
28.01.2017 15:33;918.06;918.06;918.06;918.06;0.07;61;918.06
28.01.2017 15:34;918.06;918.45;918.06;918.45;0.24;222.74;918.3
28.01.2017 15:35;0;0;0;0;0;0;0
28.01.2017 15:36;0;0;0;0;0;0;0
28.01.2017 15:37;0;0;0;0;0;0;0
28.01.2017 15:38;918.08;918.39;918.08;918.39;1;918.33;918.33
28.01.2017 15:39;0;0;0;0;0;0;0
28.01.2017 15:40;0;0;0;0;0;0;0
28.01.2017 15:41;918.45;918.45;918.45;918.45;0.25;225.94;918.45
28.01.2017 15:42;918.44;918.45;918.44;918.45;0.03;27.55;918.45
28.01.2017 15:43;918.45;918.45;918.45;918.45;0.04;34.9;918.45
28.01.2017 15:44;0;0;0;0;0;0;0
28.01.2017 15:45;918.35;918.35;918.35;918.35;0.07;66.12;918.35
28.01.2017 15:46;0;0;0;0;0;0;0
28.01.2017 15:47;0;0;0;0;0;0;0
28.01.2017 15:48;918.44;918.44;918.44;918.44;0.06;56.02;918.44
28.01.2017 15:49;917.06;917.06;917.06;917.06;0.06;59.41;917.06
28.01.2017 15:50;917.06;917.06;917.06;917.06;0.07;67.86;917.06
28.01.2017 15:51;917.06;917.06;917.06;917.06;0.01;6.33;917.06
28.01.2017 15:52;917.06;917.51;917.06;917.51;0.05;42.41;917.38
28.01.2017 15:53;917.51;917.51;917.51;917.51;0.01;12.85;917.51
28.01.2017 15:54;0;0;0;0;0;0;0
28.01.2017 15:55;917.47;917.47;917.47;917.47;0.12;105.68;917.47
28.01.2017 15:56;917.51;917.51;917.51;917.51;0.02;19.95;917.51
28.01.2017 15:57;917.05;917.05;917.03;917.03;2.84;2603.37;917.03
28.01.2017 15:58;917.35;917.35;917.35;917.35;0.62;566.93;917.35
28.01.2017 15:59;0;0;0;0;0;0;0
28.01.2017 16:00;917.03;917.33;917.03;917.33;2.01;1844.92;917.32
28.01.2017 16:01;917.45;917.45;916;916;4.16;3810.56;916.27
28.01.2017 16:02;0;0;0;0;0;0;0
28.01.2017 16:03;0;0;0;0;0;0;0
28.01.2017 16:04;0;0;0;0;0;0;0
28.01.2017 16:05;0;0;0;0;0;0;0
28.01.2017 16:06;917;917;917;917;0.01;10.85;917
28.01.2017 16:07;917;917.01;917;917.01;0.38;344.97;917
28.01.2017 16:08;917.01;917.48;917.01;917.48;0.44;403.39;917.13
28.01.2017 16:09;0;0;0;0;0;0;0
28.01.2017 16:10;0;0;0;0;0;0;0
28.01.2017 16:11;917.48;917.48;917.48;917.48;0.01;10.48;917.48
28.01.2017 16:12;917.48;917.48;916.02;916.02;0.97;886.2;916.9
28.01.2017 16:13;916.1;916.1;916;916;4;3664.29;916.07
28.01.2017 16:14;917.01;917.02;917.01;917.02;0.62;568.55;917.02
28.01.2017 16:15;916.01;916.01;916;916;4;3664;916
28.01.2017 16:16;0;0;0;0;0;0;0
28.01.2017 16:17;916.97;916.97;916.97;916.97;0.21;194.12;916.97
28.01.2017 16:18;0;0;0;0;0;0;0
28.01.2017 16:19;0;0;0;0;0;0;0
28.01.2017 16:20;0;0;0;0;0;0;0
28.01.2017 16:21;916.97;916.97;916.97;916.97;0;0.28;916.97
28.01.2017 16:22;0;0;0;0;0;0;0
28.01.2017 16:23;917.02;917.02;917.02;917.02;0.01;13.18;917.02
28.01.2017 16:24;916.97;917.02;916.97;917.02;0.08;73.36;917.02
28.01.2017 16:25;0;0;0;0;0;0;0
28.01.2017 16:26;916.01;917.35;915.99;915.99;2.86;2617.13;916.36
28.01.2017 16:27;915.99;915.99;915.57;915.57;0.18;161.01;915.97
28.01.2017 16:28;916.73;916.99;916.73;916.99;0.75;687.83;916.98
28.01.2017 16:29;917.01;917.01;917.01;917.01;0.32;295.76;917.01
28.01.2017 16:30;917.01;917.01;917.01;917.01;0.17;155.37;917.01
28.01.2017 16:31;0;0;0;0;0;0;0
28.01.2017 16:32;0;0;0;0;0;0;0
28.01.2017 16:33;917.01;917.01;915.51;915.51;13.68;12527.72;915.59
28.01.2017 16:34;0;0;0;0;0;0;0
28.01.2017 16:35;0;0;0;0;0;0;0
28.01.2017 16:36;917.37;917.37;915.51;915.51;0.04;35.78;916.83
28.01.2017 16:37;917.27;917.28;917.27;917.28;0.23;209.5;917.27
28.01.2017 16:38;915.52;915.52;915;915;6;5491.5;915.25
28.01.2017 16:39;916;916.01;916;916.01;0.55;503.8;916.01
28.01.2017 16:40;915.27;915.27;914.5;914.5;19;17381.62;914.82
28.01.2017 16:41;915.99;916;914.02;914.02;22.96;20992.21;914.16
28.01.2017 16:42;914.02;914.02;913.13;914.01;20.04;18316.59;913.83
28.01.2017 16:43;915.01;915.01;915.01;915.01;0.23;206.79;915.01
28.01.2017 16:44;915.01;915.01;915.01;915.01;0.16;149.39;915.01
28.01.2017 16:45;0;0;0;0;0;0;0
28.01.2017 16:46;914.95;914.95;914.95;914.95;0.03;29.93;914.95
28.01.2017 16:47;914.95;914.95;914.95;914.95;0.14;127.51;914.95
28.01.2017 16:48;914.8;914.82;914.8;914.82;0.98;896.51;914.81
28.01.2017 16:49;914.82;914.82;914.82;914.82;7.76;7095.08;914.82
28.01.2017 16:50;914.05;914.05;914.05;914.05;1.22;1113.55;914.05
28.01.2017 16:51;914.05;914.05;914.05;914.05;6.32;5779.7;914.05
28.01.2017 16:52;914.05;914.05;914.05;914.05;2.63;2407.61;914.05
28.01.2017 16:53;914.05;914.05;914.05;914.05;1.73;1584.99;914.05
28.01.2017 16:54;914.04;914.05;914.02;914.05;3.46;3162.34;914.03
28.01.2017 16:55;914.05;914.05;914.02;914.02;4.04;3692.64;914.02
28.01.2017 16:56;914.05;914.05;914.05;914.05;0.16;146.62;914.05
28.01.2017 16:57;914.05;914.05;914.05;914.05;4.3;3933.16;914.05
28.01.2017 16:58;914.05;914.05;914.03;914.03;1.63;1489.89;914.04
28.01.2017 16:59;914.03;914.95;914.03;914.94;3.52;3220.43;914.1
28.01.2017 17:00;914.94;914.97;914.94;914.97;1.14;1045.15;914.96
28.01.2017 17:01;914.55;915;914.55;915;1.09;998.98;914.95
28.01.2017 17:02;915;915.94;915;915.94;1.82;1664.37;915.16
28.01.2017 17:03;915.94;915.94;915.94;915.94;0.45;412.17;915.94
28.01.2017 17:04;915.67;916;915.67;916;0.06;51.94;915.72
28.01.2017 17:05;915.74;915.74;915.74;915.74;0.8;732.59;915.74
28.01.2017 17:06;915.81;915.81;915.81;915.81;0.16;150.76;915.81
28.01.2017 17:07;0;0;0;0;0;0;0
28.01.2017 17:08;915.81;915.81;915.81;915.81;0.19;170.93;915.81
28.01.2017 17:09;915.81;915.81;915.81;915.81;0.03;26.28;915.81
28.01.2017 17:10;915.81;916.01;915.81;916.01;1.51;1382.45;916
28.01.2017 17:11;916.1;916.1;916.1;916.1;0.02;20.11;916.1
28.01.2017 17:12;0;0;0;0;0;0;0
28.01.2017 17:13;916.64;916.64;916.64;916.64;0.01;9.17;916.64
28.01.2017 17:14;916.65;916.65;916.65;916.65;0.3;278.16;916.65
28.01.2017 17:15;0;0;0;0;0;0;0
28.01.2017 17:16;916.66;916.91;916.66;916.91;0.74;678.43;916.8
28.01.2017 17:17;916.91;917.15;916.91;917.15;4.85;4448.65;917.06
28.01.2017 17:18;916.48;916.48;916.48;916.48;0.11;99.94;916.48
28.01.2017 17:19;0;0;0;0;0;0;0
28.01.2017 17:20;916.52;917.06;916.51;917.04;0.25;231.46;916.61
28.01.2017 17:21;0;0;0;0;0;0;0
28.01.2017 17:22;917;917;917;917;1.01;926.96;917
28.01.2017 17:23;917;917;916.54;916.65;4.09;3748.83;916.66
28.01.2017 17:24;0;0;0;0;0;0;0
28.01.2017 17:25;0;0;0;0;0;0;0
28.01.2017 17:26;916.67;916.68;916.67;916.68;1.82;1667.27;916.68
28.01.2017 17:27;0;0;0;0;0;0;0
28.01.2017 17:28;0;0;0;0;0;0;0
28.01.2017 17:29;916.48;916.48;916.48;916.48;0.25;232.47;916.48
28.01.2017 17:30;0;0;0;0;0;0;0
28.01.2017 17:31;916.56;916.56;916.56;916.56;0.28;254.17;916.56
28.01.2017 17:32;916.56;916.56;916.56;916.56;0.04;35.89;916.56
28.01.2017 17:33;0;0;0;0;0;0;0
28.01.2017 17:34;0;0;0;0;0;0;0
28.01.2017 17:35;0;0;0;0;0;0;0
28.01.2017 17:36;0;0;0;0;0;0;0
28.01.2017 17:37;916.56;916.56;916.56;916.56;0.11;104.76;916.56
28.01.2017 17:38;916.89;916.89;916.89;916.89;0.66;600.74;916.89
28.01.2017 17:39;0;0;0;0;0;0;0
28.01.2017 17:40;916.67;916.67;916.67;916.67;0.06;52.01;916.67
28.01.2017 17:41;0;0;0;0;0;0;0
28.01.2017 17:42;916.89;917.14;916.89;917.14;0.43;391.43;917.08
28.01.2017 17:43;0;0;0;0;0;0;0
28.01.2017 17:44;917.14;917.14;917.14;917.14;0.17;155.91;917.14
28.01.2017 17:45;917.14;917.17;917.14;917.17;0.4;366.87;917.17
28.01.2017 17:46;917.17;917.17;917.17;917.17;0.26;238.51;917.17
28.01.2017 17:47;917.17;917.17;917.17;917.17;0.06;54.2;917.17
28.01.2017 17:48;916.15;916.15;916.08;916.08;9;8244.78;916.09
28.01.2017 17:49;916.08;916.08;915;915;15.01;13741.54;915.5
28.01.2017 17:50;0;0;0;0;0;0;0
28.01.2017 17:51;916.03;916.03;915;915;0.09;80.61;915.7
28.01.2017 17:52;915.97;915.97;915.94;915.94;0.16;146.55;915.96
28.01.2017 17:53;915.94;916.03;915.94;916.03;0.01;9.16;915.96
28.01.2017 17:54;916.03;916.03;916.03;916.03;0;1.83;916.03
28.01.2017 17:55;916.15;916.16;916.15;916.16;0.78;714.03;916.16
28.01.2017 17:56;0;0;0;0;0;0;0
28.01.2017 17:57;916.16;916.42;916.16;916.42;0.22;199.52;916.2
28.01.2017 17:58;0;0;0;0;0;0;0
28.01.2017 17:59;0;0;0;0;0;0;0
28.01.2017 18:00;0;0;0;0;0;0;0
28.01.2017 18:01;916.42;916.42;916.42;916.42;0.02;18.24;916.42
28.01.2017 18:02;0;0;0;0;0;0;0
28.01.2017 18:03;916.42;916.71;916.42;916.71;0.6;550.2;916.48
28.01.2017 18:04;916.71;916.8;916.71;916.8;6.53;5985.04;916.73
28.01.2017 18:05;916.88;916.88;916.88;916.88;0.05;42.18;916.88
28.01.2017 18:06;916.04;916.04;915.94;915.95;0.76;695.66;916.03
28.01.2017 18:07;916.74;916.74;916.74;916.74;0.29;265.85;916.74
28.01.2017 18:08;0;0;0;0;0;0;0
28.01.2017 18:09;0;0;0;0;0;0;0
28.01.2017 18:10;916.9;916.9;916.9;916.9;0.92;844.85;916.9
28.01.2017 18:11;915.96;915.96;915.42;915.42;0.86;789.51;915.9
28.01.2017 18:12;916.62;916.62;916.62;916.62;0.01;9.57;916.62
28.01.2017 18:13;916.62;916.62;916.62;916.62;0.35;319.34;916.62
28.01.2017 18:14;916.63;916.63;916.63;916.63;0.3;270.48;916.63
28.01.2017 18:15;916.63;916.63;916.49;916.49;0.63;577.45;916.59
28.01.2017 18:16;0;0;0;0;0;0;0
28.01.2017 18:17;0;0;0;0;0;0;0
28.01.2017 18:18;0;0;0;0;0;0;0
28.01.2017 18:19;0;0;0;0;0;0;0
28.01.2017 18:20;915.43;915.43;915;915;3.5;3203.11;915.17
28.01.2017 18:21;916.24;916.25;916.24;916.25;0.93;847.84;916.25
28.01.2017 18:22;916.25;916.29;916.25;916.29;0.41;375.68;916.29
28.01.2017 18:23;916.29;916.3;916.29;916.3;0.12;109.96;916.29
28.01.2017 18:24;916.42;916.57;916.42;916.57;0.12;109.98;916.5
28.01.2017 18:25;916.69;916.69;916.69;916.69;0.49;449.18;916.69
28.01.2017 18:26;916.69;916.69;916.63;916.63;1.02;936.5;916.68
28.01.2017 18:27;916.63;916.63;916.63;916.63;2.04;1869.93;916.63
28.01.2017 18:28;916.68;916.68;916.68;916.68;0.2;183.34;916.68
28.01.2017 18:29;916.68;916.69;916.66;916.69;0.29;268.59;916.67
28.01.2017 18:30;916.69;916.95;916.69;916.95;0.59;540.91;916.8
28.01.2017 18:31;0;0;0;0;0;0;0
28.01.2017 18:32;0;0;0;0;0;0;0
28.01.2017 18:33;916.95;917;916.95;917;0.38;352.63;916.95
28.01.2017 18:34;917;917;917;917;0.04;36.68;917
28.01.2017 18:35;916.7;916.7;916.17;916.17;0.54;494.84;916.41
28.01.2017 18:36;0;0;0;0;0;0;0
28.01.2017 18:37;0;0;0;0;0;0;0
28.01.2017 18:38;916.66;916.69;916.66;916.69;0.55;504.18;916.69
28.01.2017 18:39;0;0;0;0;0;0;0
28.01.2017 18:40;916.62;916.78;916.62;916.78;2.51;2297.71;916.62
28.01.2017 18:41;916.67;916.88;916.54;916.88;0.06;55;916.68
28.01.2017 18:42;916.17;916.17;915.97;915.97;0.02;20.06;916.06
28.01.2017 18:43;916.67;916.67;916.67;916.67;0.15;136.89;916.67
28.01.2017 18:44;0;0;0;0;0;0;0
28.01.2017 18:45;0;0;0;0;0;0;0
28.01.2017 18:46;915.98;915.98;915.98;915.98;0.01;10.72;915.98
28.01.2017 18:47;916.62;916.63;915.98;916.63;0.77;702.32;916.2
28.01.2017 18:48;916.62;916.63;916.62;916.63;0.26;234.31;916.62
28.01.2017 18:49;916.63;916.68;915.98;915.98;1.07;980.99;916.6
28.01.2017 18:50;916.63;916.96;916.63;916.72;0.07;63.79;916.72
28.01.2017 18:51;917;917;917;917;0.1;91.19;917
28.01.2017 18:52;916.33;916.33;916.33;916.33;1;916.33;916.33
28.01.2017 18:53;916.39;916.39;916.39;916.39;0.02;18.33;916.39
28.01.2017 18:54;916.35;916.35;915.97;916.34;0.67;614.35;915.98
28.01.2017 18:55;916.64;916.64;916.35;916.35;0.02;18.33;916.5
28.01.2017 18:56;916.32;916.63;916.29;916.63;1.19;1090.53;916.32
28.01.2017 18:57;916.37;916.37;916.37;916.37;0.11;100.8;916.37
28.01.2017 18:58;0;0;0;0;0;0;0
28.01.2017 18:59;916.32;916.32;916.32;916.32;1;916.32;916.32
28.01.2017 19:00;916.64;916.64;916.3;916.3;1.01;925.8;916.64
28.01.2017 19:01;0;0;0;0;0;0;0
28.01.2017 19:02;916.42;916.42;916.42;916.42;0.19;174.12;916.42
28.01.2017 19:03;916;916.63;916;916.63;0.17;155.04;916.59
28.01.2017 19:04;0;0;0;0;0;0;0
28.01.2017 19:05;916.3;916.7;916.3;916.7;1.19;1090.8;916.64
28.01.2017 19:06;916.7;916.7;916.33;916.33;0.21;192.49;916.63
28.01.2017 19:07;916.41;916.41;916.41;916.41;1.16;1059.92;916.41
28.01.2017 19:08;916.7;916.7;916.7;916.7;1;916.7;916.7
28.01.2017 19:09;916.71;916.71;916.71;916.71;1.38;1266.96;916.71
28.01.2017 19:10;0;0;0;0;0;0;0
28.01.2017 19:11;916.95;916.95;916.95;916.95;0.19;175.91;916.95
28.01.2017 19:12;0;0;0;0;0;0;0
28.01.2017 19:13;916.77;916.77;916.77;916.77;0.26;237.15;916.77
28.01.2017 19:14;915.67;917.13;915.31;917.13;0.78;712.43;916.88
28.01.2017 19:15;917.13;917.13;916.97;916.97;0.17;154.68;916.98
28.01.2017 19:16;917.13;917.13;917.13;917.13;0.32;293.48;917.13
28.01.2017 19:17;0;0;0;0;0;0;0
28.01.2017 19:18;917.13;917.26;915.74;917.05;1.06;967.71;917
28.01.2017 19:19;917.03;917.25;917.03;917.11;0.51;464.05;917.1
28.01.2017 19:20;917.17;917.26;916;917.26;1.22;1120.86;917.23
28.01.2017 19:21;917;917;917;917;1.04;953.68;917
28.01.2017 19:22;917.29;917.29;916.21;916.21;0.06;55.01;916.5
28.01.2017 19:23;0;0;0;0;0;0;0
28.01.2017 19:24;917.29;917.29;917.24;917.24;1.14;1049.02;917.25
28.01.2017 19:25;917.29;917.33;917.29;917.33;0.53;486.17;917.29
28.01.2017 19:26;917.33;917.37;916.66;917.14;2.15;1975.84;917.12
28.01.2017 19:27;917.11;917.25;917.11;917.25;1.28;1174.04;917.22
28.01.2017 19:28;917.32;917.39;917.32;917.39;1.06;972.36;917.32
28.01.2017 19:29;917.39;917.86;917.37;917.86;4.12;3785.01;917.71
28.01.2017 19:30;917.88;918;917.88;918;1.01;927.15;917.97
28.01.2017 19:31;0;0;0;0;0;0;0
28.01.2017 19:32;0;0;0;0;0;0;0
28.01.2017 19:33;918;918;918;918;0.01;8.14;918
28.01.2017 19:34;918;918;918;918;0.81;740.43;918
28.01.2017 19:35;0;0;0;0;0;0;0
28.01.2017 19:36;0;0;0;0;0;0;0
28.01.2017 19:37;917.99;918;917.99;918;5.59;5128.72;917.99
28.01.2017 19:38;918;918;918;918;0.98;898.35;918
28.01.2017 19:39;0;0;0;0;0;0;0
28.01.2017 19:40;918;918;918;918;0.01;6.17;918
28.01.2017 19:41;918;918;918;918;0.45;414.37;918
28.01.2017 19:42;0;0;0;0;0;0;0
28.01.2017 19:43;0;0;0;0;0;0;0
28.01.2017 19:44;917.18;918;917.18;918;0.06;53.85;917.83
28.01.2017 19:45;0;0;0;0;0;0;0
28.01.2017 19:46;918;918;918;918;0.03;24.34;918
28.01.2017 19:47;918;918;918;918;0.17;155.07;918
28.01.2017 19:48;0;0;0;0;0;0;0
28.01.2017 19:49;0;0;0;0;0;0;0
28.01.2017 19:50;918;918;918;918;0.64;590.35;918
28.01.2017 19:51;918;918;917.8;917.8;0.14;126.3;917.85
28.01.2017 19:52;918;918;918;918;0.4;364.76;918
28.01.2017 19:53;918;918;918;918;2.09;1918.62;918
28.01.2017 19:54;0;0;0;0;0;0;0
28.01.2017 19:55;0;0;0;0;0;0;0
28.01.2017 19:56;918;918;918;918;0.03;22.95;918
28.01.2017 19:57;918;918;917.86;917.97;2.11;1939.81;917.88
28.01.2017 19:58;917.97;917.97;917.97;917.97;0.01;9.18;917.97
28.01.2017 19:59;0;0;0;0;0;0;0
28.01.2017 20:00;917.88;917.88;917.88;917.88;0.05;47.73;917.88
28.01.2017 20:01;917.75;917.75;917.75;917.75;0.06;55.07;917.75
28.01.2017 20:02;0;0;0;0;0;0;0
28.01.2017 20:03;917.77;917.77;917.77;917.77;0.01;11.01;917.77
28.01.2017 20:04;917.8;917.8;917.8;917.8;0.01;12.85;917.8
28.01.2017 20:05;0;0;0;0;0;0;0
28.01.2017 20:06;917.78;917.83;917.78;917.83;0.25;228.54;917.81
28.01.2017 20:07;917.95;917.95;917.84;917.84;1.19;1087.92;917.94
28.01.2017 20:08;917.83;917.83;917.83;917.83;0.09;82.6;917.83
28.01.2017 20:09;917.83;917.85;917.81;917.81;1.34;1228.86;917.84
28.01.2017 20:10;917.99;918;917.99;918;1.21;1111.71;918
28.01.2017 20:11;918;918;918;918;0.1;95.69;918
28.01.2017 20:12;0;0;0;0;0;0;0
28.01.2017 20:13;0;0;0;0;0;0;0
28.01.2017 20:14;0;0;0;0;0;0;0
28.01.2017 20:15;0;0;0;0;0;0;0
28.01.2017 20:16;918;918;918;918;1.12;1024.96;918
28.01.2017 20:17;918;918;918;918;0.56;515.75;918
28.01.2017 20:18;918;918;918;918;2.03;1859.87;918
28.01.2017 20:19;0;0;0;0;0;0;0
28.01.2017 20:20;918;918.01;918;918.01;1.95;1789.21;918
28.01.2017 20:21;918.1;918.1;918.1;918.1;0.26;237.73;918.1
28.01.2017 20:22;0;0;0;0;0;0;0
28.01.2017 20:23;918.1;918.8;918.1;918.8;4.01;3685.87;918.48
28.01.2017 20:24;0;0;0;0;0;0;0
28.01.2017 20:25;918.79;918.79;918.79;918.79;0.04;35.83;918.79
28.01.2017 20:26;0;0;0;0;0;0;0
28.01.2017 20:27;0;0;0;0;0;0;0
28.01.2017 20:28;918.51;918.51;918.51;918.51;0.01;11.02;918.51
28.01.2017 20:29;0;0;0;0;0;0;0
28.01.2017 20:30;0;0;0;0;0;0;0
28.01.2017 20:31;918.8;918.8;918.8;918.8;0.04;40.43;918.8
28.01.2017 20:32;0;0;0;0;0;0;0
28.01.2017 20:33;0;0;0;0;0;0;0
28.01.2017 20:34;918.8;918.8;918.03;918.03;0.1;89.07;918.14
28.01.2017 20:35;918.8;918.8;918.8;918.8;0.02;17.13;918.8
28.01.2017 20:36;0;0;0;0;0;0;0
28.01.2017 20:37;0;0;0;0;0;0;0
28.01.2017 20:38;0;0;0;0;0;0;0
28.01.2017 20:39;0;0;0;0;0;0;0
28.01.2017 20:40;0;0;0;0;0;0;0
28.01.2017 20:41;918.8;918.8;918.8;918.8;0.03;26.65;918.8
28.01.2017 20:42;0;0;0;0;0;0;0
28.01.2017 20:43;0;0;0;0;0;0;0
28.01.2017 20:44;918.8;918.8;918.8;918.8;0.05;45.94;918.8
28.01.2017 20:45;0;0;0;0;0;0;0
28.01.2017 20:46;918.5;918.5;918.5;918.5;0.66;610.19;918.5
28.01.2017 20:47;0;0;0;0;0;0;0
28.01.2017 20:48;0;0;0;0;0;0;0
28.01.2017 20:49;918.25;918.25;918.25;918.25;2;1836.5;918.25
28.01.2017 20:50;0;0;0;0;0;0;0
28.01.2017 20:51;0;0;0;0;0;0;0
28.01.2017 20:52;0;0;0;0;0;0;0
28.01.2017 20:53;918.43;918.43;918.43;918.43;0.06;53.33;918.43
28.01.2017 20:54;918.79;918.79;918.79;918.79;0.19;172.48;918.79
28.01.2017 20:55;0;0;0;0;0;0;0
28.01.2017 20:56;918.79;918.79;918.79;918.79;0.17;159.58;918.79
28.01.2017 20:57;0;0;0;0;0;0;0
28.01.2017 20:58;0;0;0;0;0;0;0
28.01.2017 20:59;918.79;918.79;918.79;918.79;1.19;1091.67;918.79
28.01.2017 21:00;0;0;0;0;0;0;0
28.01.2017 21:01;0;0;0;0;0;0;0
28.01.2017 21:02;0;0;0;0;0;0;0
28.01.2017 21:03;918.79;918.79;918.79;918.79;0.15;136.78;918.79
28.01.2017 21:04;0;0;0;0;0;0;0
28.01.2017 21:05;918.79;918.79;918.79;918.79;0.02;21.8;918.79
28.01.2017 21:06;918.75;918.75;918.75;918.75;0.07;64.94;918.75
28.01.2017 21:07;918.75;918.75;918.75;918.75;0.02;15.96;918.75
28.01.2017 21:08;918.75;918.75;918.75;918.75;0.02;16.8;918.75
28.01.2017 21:09;0;0;0;0;0;0;0
28.01.2017 21:10;918.75;918.75;918.75;918.75;0.12;106.88;918.75
28.01.2017 21:11;918.75;918.75;918.75;918.75;0.05;42.46;918.75
28.01.2017 21:12;0;0;0;0;0;0;0
28.01.2017 21:13;918.75;918.75;918.75;918.75;0.06;55.13;918.75
28.01.2017 21:14;0;0;0;0;0;0;0
28.01.2017 21:15;0;0;0;0;0;0;0
28.01.2017 21:16;918.75;918.75;918.75;918.75;0.04;34.2;918.75
28.01.2017 21:17;0;0;0;0;0;0;0
28.01.2017 21:18;0;0;0;0;0;0;0
28.01.2017 21:19;918.75;918.75;918.75;918.75;0.57;523.43;918.75
28.01.2017 21:20;918.75;918.75;918.75;918.75;0.06;58.97;918.75
28.01.2017 21:21;0;0;0;0;0;0;0
28.01.2017 21:22;0;0;0;0;0;0;0
28.01.2017 21:23;0;0;0;0;0;0;0
28.01.2017 21:24;918.79;919;918.79;919;50;45942.56;918.85
28.01.2017 21:25;919;919;919;919;0.4;365;919
28.01.2017 21:26;0;0;0;0;0;0;0
28.01.2017 21:27;0;0;0;0;0;0;0
28.01.2017 21:28;919;919;919;919;0.04;38.13;919
28.01.2017 21:29;0;0;0;0;0;0;0
28.01.2017 21:30;0;0;0;0;0;0;0
28.01.2017 21:31;0;0;0;0;0;0;0
28.01.2017 21:32;0;0;0;0;0;0;0
28.01.2017 21:33;0;0;0;0;0;0;0
28.01.2017 21:34;0;0;0;0;0;0;0
28.01.2017 21:35;0;0;0;0;0;0;0
28.01.2017 21:36;0;0;0;0;0;0;0
28.01.2017 21:37;0;0;0;0;0;0;0
28.01.2017 21:38;918.9;918.9;918.9;918.9;0.01;10.66;918.9
28.01.2017 21:39;0;0;0;0;0;0;0
28.01.2017 21:40;0;0;0;0;0;0;0
28.01.2017 21:41;918.9;918.99;918.9;918.99;0.09;83.97;918.96
28.01.2017 21:42;0;0;0;0;0;0;0
28.01.2017 21:43;0;0;0;0;0;0;0
28.01.2017 21:44;0;0;0;0;0;0;0
28.01.2017 21:45;0;0;0;0;0;0;0
28.01.2017 21:46;918.75;918.75;918.75;918.75;0.01;13.21;918.75
28.01.2017 21:47;0;0;0;0;0;0;0
28.01.2017 21:48;918.05;918.05;918.05;918.05;0.1;90.89;918.05
28.01.2017 21:49;0;0;0;0;0;0;0
28.01.2017 21:50;0;0;0;0;0;0;0
28.01.2017 21:51;0;0;0;0;0;0;0
28.01.2017 21:52;0;0;0;0;0;0;0
28.01.2017 21:53;0;0;0;0;0;0;0
28.01.2017 21:54;0;0;0;0;0;0;0
28.01.2017 21:55;0;0;0;0;0;0;0
28.01.2017 21:56;0;0;0;0;0;0;0
28.01.2017 21:57;918.85;918.85;918.85;918.85;0.08;73.78;918.85
28.01.2017 21:58;0;0;0;0;0;0;0
28.01.2017 21:59;917.3;917.3;916.6;916.6;0.67;618.28;917.15
28.01.2017 22:00;916.6;916.6;916.6;916.6;0.31;281.71;916.6
28.01.2017 22:01;917.85;918.8;917.85;918.8;2;1837.53;918.76
28.01.2017 22:02;918.82;918.85;918.82;918.85;0.15;137.51;918.83
28.01.2017 22:03;0;0;0;0;0;0;0
28.01.2017 22:04;918.37;918.38;918.37;918.38;0.21;194.7;918.37
28.01.2017 22:05;0;0;0;0;0;0;0
28.01.2017 22:06;917.95;917.95;917.95;917.95;0.19;171.08;917.95
28.01.2017 22:07;917.74;917.74;917.74;917.74;0.12;110.01;917.74
28.01.2017 22:08;0;0;0;0;0;0;0
28.01.2017 22:09;0;0;0;0;0;0;0
28.01.2017 22:10;0;0;0;0;0;0;0
28.01.2017 22:11;0;0;0;0;0;0;0
28.01.2017 22:12;0;0;0;0;0;0;0
28.01.2017 22:13;0;0;0;0;0;0;0
28.01.2017 22:14;917.74;917.74;917.74;917.74;0.02;19.95;917.74
28.01.2017 22:15;0;0;0;0;0;0;0
28.01.2017 22:16;0;0;0;0;0;0;0
28.01.2017 22:17;0;0;0;0;0;0;0
28.01.2017 22:18;0;0;0;0;0;0;0
28.01.2017 22:19;0;0;0;0;0;0;0
28.01.2017 22:20;0;0;0;0;0;0;0
28.01.2017 22:21;0;0;0;0;0;0;0
28.01.2017 22:22;917.68;917.68;917.68;917.68;0.1;95.22;917.68
28.01.2017 22:23;0;0;0;0;0;0;0
28.01.2017 22:24;917.66;917.66;917.65;917.65;0.2;183.71;917.65
28.01.2017 22:25;0;0;0;0;0;0;0
28.01.2017 22:26;917.74;917.74;917.74;917.74;0.03;30.29;917.74
28.01.2017 22:27;0;0;0;0;0;0;0
28.01.2017 22:28;917.74;917.74;917.74;917.74;0.02;17.13;917.74
28.01.2017 22:29;0;0;0;0;0;0;0
28.01.2017 22:30;0;0;0;0;0;0;0
28.01.2017 22:31;0;0;0;0;0;0;0
28.01.2017 22:32;0;0;0;0;0;0;0
28.01.2017 22:33;917.74;917.95;917.74;917.95;0.2;181.16;917.75
28.01.2017 22:34;0;0;0;0;0;0;0
28.01.2017 22:35;917.85;917.85;917.85;917.85;0.3;277.63;917.85
28.01.2017 22:36;0;0;0;0;0;0;0
28.01.2017 22:37;0;0;0;0;0;0;0
28.01.2017 22:38;0;0;0;0;0;0;0
28.01.2017 22:39;917.93;917.93;917.06;917.06;0.19;176.74;917.32
28.01.2017 22:40;0;0;0;0;0;0;0
28.01.2017 22:41;917.06;917.06;917.05;917.05;1.86;1709.15;917.05
28.01.2017 22:42;917.94;917.94;917.94;917.94;0.04;33.43;917.94
28.01.2017 22:43;917.94;917.94;917.05;917.05;1.91;1754.37;917.08
28.01.2017 22:44;0;0;0;0;0;0;0
28.01.2017 22:45;0;0;0;0;0;0;0
28.01.2017 22:46;917.91;917.91;917.91;917.91;0.05;44.98;917.91
28.01.2017 22:47;917.72;917.72;917.72;917.72;0.03;26.85;917.72
28.01.2017 22:48;917.65;917.65;917.65;917.65;0.04;40.38;917.65
28.01.2017 22:49;917.63;917.63;917.63;917.63;0.09;79.3;917.63
28.01.2017 22:50;0;0;0;0;0;0;0
28.01.2017 22:51;0;0;0;0;0;0;0
28.01.2017 22:52;0;0;0;0;0;0;0
28.01.2017 22:53;917.73;917.95;917.73;917.95;0.85;777.56;917.78
28.01.2017 22:54;917.75;917.75;917.75;917.75;0.04;37.63;917.75
28.01.2017 22:55;0;0;0;0;0;0;0
28.01.2017 22:56;917.95;917.95;917.95;917.95;0.05;49.76;917.95
28.01.2017 22:57;917.95;917.95;917.95;917.95;0.04;36.72;917.95
28.01.2017 22:58;917.02;917.94;917.02;917.92;0.39;356.34;917.44
28.01.2017 22:59;0;0;0;0;0;0;0
28.01.2017 23:00;917.95;917.95;917.95;917.95;0.02;14.69;917.95
28.01.2017 23:01;917.93;917.93;917.01;917.01;0.83;761.57;917.06
28.01.2017 23:02;0;0;0;0;0;0;0
28.01.2017 23:03;917.68;917.68;917.04;917.04;0.14;131.37;917.23
28.01.2017 23:04;917.68;917.68;917.68;917.68;0.06;52.31;917.68
28.01.2017 23:05;917.68;917.68;917.68;917.68;0.01;11.93;917.68
28.01.2017 23:06;0;0;0;0;0;0;0
28.01.2017 23:07;0;0;0;0;0;0;0
28.01.2017 23:08;917.68;917.68;917.68;917.68;0.09;85.9;917.68
28.01.2017 23:09;0;0;0;0;0;0;0
28.01.2017 23:10;0;0;0;0;0;0;0
28.01.2017 23:11;917.93;917.93;917.93;917.93;0.02;17.13;917.93
28.01.2017 23:12;917.93;917.95;917.93;917.95;1.18;1081.28;917.94
28.01.2017 23:13;0;0;0;0;0;0;0
28.01.2017 23:14;0;0;0;0;0;0;0
28.01.2017 23:15;917.65;917.65;917.65;917.65;0.19;170.92;917.65
28.01.2017 23:16;0;0;0;0;0;0;0
28.01.2017 23:17;917.65;917.65;917.65;917.65;0.25;233.79;917.65
28.01.2017 23:18;917.65;917.75;917.65;917.75;0.1;89.01;917.66
28.01.2017 23:19;917.75;917.75;917.75;917.75;0.07;64.24;917.75
28.01.2017 23:20;917.75;917.75;917.75;917.75;0.05;48.64;917.75
28.01.2017 23:21;917.75;917.75;917.75;917.75;0.03;22.94;917.75
28.01.2017 23:22;0;0;0;0;0;0;0
28.01.2017 23:23;916.64;916.64;916.62;916.62;0.23;208.53;916.63
28.01.2017 23:24;917.74;917.74;917.74;917.74;0.21;190.77;917.74
28.01.2017 23:25;0;0;0;0;0;0;0
28.01.2017 23:26;917.74;917.75;917.74;917.75;0.06;50.83;917.75
28.01.2017 23:27;917.75;917.75;917.75;917.75;0.02;19.27;917.75
28.01.2017 23:28;0;0;0;0;0;0;0
28.01.2017 23:29;0;0;0;0;0;0;0
28.01.2017 23:30;917.75;917.75;917.75;917.75;0.11;101.5;917.75
28.01.2017 23:31;0;0;0;0;0;0;0
28.01.2017 23:32;917.75;917.75;917.75;917.75;0.1;87.19;917.75
28.01.2017 23:33;917.75;918.46;917.75;918.42;13.08;12009.11;918.16
28.01.2017 23:34;918.42;918.45;918.42;918.45;0.39;357.27;918.42
28.01.2017 23:35;0;0;0;0;0;0;0
28.01.2017 23:36;916.72;918.61;916.6;918.61;14.03;12880.18;918.06
28.01.2017 23:37;918.61;918.61;918.61;918.61;2.17;1996.01;918.61
28.01.2017 23:38;918.61;918.61;918.61;918.61;0.07;65.22;918.61
28.01.2017 23:39;0;0;0;0;0;0;0
28.01.2017 23:40;0;0;0;0;0;0;0
28.01.2017 23:41;0;0;0;0;0;0;0
28.01.2017 23:42;918.61;918.61;918.61;918.61;0.38;351.18;918.61
28.01.2017 23:43;918.61;918.61;918.61;918.61;0.01;9.37;918.61
28.01.2017 23:44;918.61;918.61;918.61;918.61;0.03;24.8;918.61
28.01.2017 23:45;918.62;918.62;918.62;918.62;0.04;39.5;918.62
28.01.2017 23:46;0;0;0;0;0;0;0
28.01.2017 23:47;918.62;918.62;918.62;918.62;0.09;78.78;918.62
28.01.2017 23:48;918.62;918.62;918.62;918.62;0.09;86.03;918.62
28.01.2017 23:49;917.04;918.45;917.04;918.45;0.11;103.62;918.21
28.01.2017 23:50;917.1;917.1;917.1;917.1;0.03;27.51;917.1
28.01.2017 23:51;0;0;0;0;0;0;0
28.01.2017 23:52;918.62;918.62;918.62;918.62;0.14;125.85;918.62
28.01.2017 23:53;918.62;918.62;918.62;918.62;0.11;105.18;918.62
28.01.2017 23:54;918.62;918.62;918.62;918.62;0.03;30.29;918.62
28.01.2017 23:55;0;0;0;0;0;0;0
28.01.2017 23:56;0;0;0;0;0;0;0
28.01.2017 23:57;0;0;0;0;0;0;0
28.01.2017 23:58;918.6;918.6;918.6;918.6;0.06;56.95;918.6
28.01.2017 23:59;918.6;918.6;918.6;918.6;0.04;33.49;918.6
29.01.2017 00:00;918.6;918.78;918.6;918.78;1.77;1626.1;918.72
29.01.2017 00:01;918.16;918.16;918.16;918.16;0.04;33.47;918.16
29.01.2017 00:02;918.16;918.16;918.16;918.16;0.2;185.32;918.16
29.01.2017 00:03;918.16;918.16;918.16;918.16;0.02;15.61;918.16
29.01.2017 00:04;918.16;918.16;918.16;918.16;0.02;19.28;918.16
29.01.2017 00:05;918.16;918.16;918.16;918.16;0.02;14.69;918.16
29.01.2017 00:06;0;0;0;0;0;0;0
29.01.2017 00:07;0;0;0;0;0;0;0
29.01.2017 00:08;918.16;918.16;918.16;918.16;0.23;208.42;918.16
29.01.2017 00:09;0;0;0;0;0;0;0
29.01.2017 00:10;0;0;0;0;0;0;0
29.01.2017 00:11;918.16;918.16;918.16;918.16;0.05;45.91;918.16
29.01.2017 00:12;918.16;918.16;918.16;918.16;0.19;177.71;918.16
29.01.2017 00:13;0;0;0;0;0;0;0
29.01.2017 00:14;0;0;0;0;0;0;0
29.01.2017 00:15;0;0;0;0;0;0;0
29.01.2017 00:16;918.16;918.31;918.16;918.31;0.12;106.51;918.18
29.01.2017 00:17;0;0;0;0;0;0;0
29.01.2017 00:18;918.31;918.31;918.31;918.31;0.03;22.96;918.31
29.01.2017 00:19;0;0;0;0;0;0;0
29.01.2017 00:20;918.31;918.97;918.31;918.97;0.28;256.37;918.88
29.01.2017 00:21;918.88;918.88;918.88;918.88;0.02;22.02;918.88
29.01.2017 00:22;0;0;0;0;0;0;0
29.01.2017 00:23;0;0;0;0;0;0;0
29.01.2017 00:24;0;0;0;0;0;0;0
29.01.2017 00:25;918.88;918.88;918.88;918.88;0.04;41.33;918.88
29.01.2017 00:26;0;0;0;0;0;0;0
29.01.2017 00:27;918.88;918.98;918.88;918.98;0.22;204.65;918.96
29.01.2017 00:28;0;0;0;0;0;0;0
29.01.2017 00:29;0;0;0;0;0;0;0
29.01.2017 00:30;0;0;0;0;0;0;0
29.01.2017 00:31;918.99;918.99;918.99;918.99;0.01;11.95;918.99
29.01.2017 00:32;0;0;0;0;0;0;0
29.01.2017 00:33;0;0;0;0;0;0;0
29.01.2017 00:34;918.99;918.99;918.99;918.99;0.14;124.82;918.99
29.01.2017 00:35;0;0;0;0;0;0;0
29.01.2017 00:36;0;0;0;0;0;0;0
29.01.2017 00:37;0;0;0;0;0;0;0
29.01.2017 00:38;918.99;919;918.99;919;15.03;13812.96;919
29.01.2017 00:39;0;0;0;0;0;0;0
29.01.2017 00:40;0;0;0;0;0;0;0
29.01.2017 00:41;0;0;0;0;0;0;0
29.01.2017 00:42;918.99;918.99;918.99;918.99;0.28;253.64;918.99
29.01.2017 00:43;918.99;919;918.99;918.99;50.24;46174.83;919
29.01.2017 00:44;918.99;918.99;918.99;918.99;0.02;21.35;918.99
29.01.2017 00:45;918.99;918.99;918.99;918.99;0.06;58.82;918.99
29.01.2017 00:46;918.99;918.99;918.99;918.99;0.11;104.46;918.99
29.01.2017 00:47;918.99;919;918.99;919;15.01;13790.46;919
29.01.2017 00:48;918.99;918.99;918.99;918.99;0.02;18.1;918.99
29.01.2017 00:49;0;0;0;0;0;0;0
29.01.2017 00:50;918.99;918.99;918.99;918.99;0.02;17.13;918.99
29.01.2017 00:51;0;0;0;0;0;0;0
29.01.2017 00:52;918.99;918.99;918.99;918.99;0.01;4.59;918.99
29.01.2017 00:53;918.99;918.99;918.99;918.99;0.01;7.35;918.99
29.01.2017 00:54;0;0;0;0;0;0;0
29.01.2017 00:55;918.99;918.99;918.99;918.99;0.08;74.49;918.99
29.01.2017 00:56;919;919;919;919;0.19;177.55;919
29.01.2017 00:57;0;0;0;0;0;0;0
29.01.2017 00:58;918.98;919;918.98;919;0.33;306.68;918.98
29.01.2017 00:59;918.99;918.99;918.99;918.99;0.15;135.92;918.99
29.01.2017 01:00;918.17;918.17;918.17;918.17;0.05;42.23;918.17
29.01.2017 01:01;918.17;918.17;916.9;916.9;8.77;8038.26;917.06
29.01.2017 01:02;916.61;916.61;916.61;916.61;0.06;55;916.61
29.01.2017 01:03;916.78;916.78;916.6;916.6;2.88;2636.89;916.78
29.01.2017 01:04;916.62;917.07;916.62;917.07;1.36;1242.76;916.62
29.01.2017 01:05;917.07;917.07;917.07;917.07;0.07;68.68;917.07
29.01.2017 01:06;917.07;917.07;917.07;917.07;0.06;55.02;917.07
29.01.2017 01:07;917.07;917.07;917.07;917.07;0.06;55.02;917.07
29.01.2017 01:08;917.07;917.14;917.07;917.14;0.29;263.34;917.11
29.01.2017 01:09;0;0;0;0;0;0;0
29.01.2017 01:10;917.14;917.14;917.14;917.14;0.06;51.39;917.14
29.01.2017 01:11;0;0;0;0;0;0;0
29.01.2017 01:12;917.15;917.15;917.15;917.15;0.01;8.25;917.15
29.01.2017 01:13;917.15;917.15;917.15;917.15;0.04;36.69;917.15
29.01.2017 01:14;917.15;917.15;917.15;917.15;0.06;55.03;917.15
29.01.2017 01:15;917.15;917.15;917.15;917.15;0.22;200.02;917.15
29.01.2017 01:16;917.15;917.15;917.15;917.15;0.06;55.03;917.15
29.01.2017 01:17;917.15;917.15;917.15;917.15;0.11;96.3;917.15
29.01.2017 01:18;917.15;917.15;917.15;917.15;0.44;403.33;917.15
29.01.2017 01:19;917.15;917.15;917.15;917.15;0.06;55.03;917.15
29.01.2017 01:20;917.15;917.15;917.15;917.15;0.07;63.28;917.15
29.01.2017 01:21;917.15;917.15;917.15;917.15;0.06;55.03;917.15
29.01.2017 01:22;917.15;917.15;917.15;917.15;0.11;98.88;917.15
29.01.2017 01:23;917.15;917.15;916.61;917.14;12.06;11054.63;916.64
29.01.2017 01:24;917.14;917.15;917.14;917.15;0.25;225.24;917.14
29.01.2017 01:25;917.15;917.15;917.15;917.15;0.06;55.03;917.15
29.01.2017 01:26;917.15;917.15;917.15;917.15;0.04;36.69;917.15
29.01.2017 01:27;917.15;917.15;917.15;917.15;0.06;55.03;917.15
29.01.2017 01:28;917.15;917.15;917.15;917.15;0.16;146.74;917.15
29.01.2017 01:29;917.15;917.15;917.15;917.15;0.11;104.56;917.15
29.01.2017 01:30;917.15;917.15;917.15;917.15;11.99;11000.05;917.15
29.01.2017 01:31;917.15;917.15;917.15;917.15;0.87;797.94;917.15
29.01.2017 01:32;0;0;0;0;0;0;0
29.01.2017 01:33;917.15;917.15;917.13;917.13;12.11;11105.23;917.15
29.01.2017 01:34;917.11;918.47;917.1;917.1;12.05;11063.91;917.81
29.01.2017 01:35;918.61;918.61;918.61;918.61;0.01;5.51;918.61
29.01.2017 01:36;918.57;918.57;916.84;916.84;0.05;49.59;918.01
29.01.2017 01:37;916.84;918.18;916.84;918.18;0.03;24.76;917.83
29.01.2017 01:38;918.18;918.18;918.18;918.18;0.11;103.04;918.18
29.01.2017 01:39;918.18;918.18;918.18;918.18;0.04;37.35;918.18
29.01.2017 01:40;918.18;918.18;918.18;918.18;0.01;11.94;918.18
29.01.2017 01:41;918.18;918.18;918.18;918.18;0.01;4.59;918.18
29.01.2017 01:42;0;0;0;0;0;0;0
29.01.2017 01:43;0;0;0;0;0;0;0
29.01.2017 01:44;0;0;0;0;0;0;0
29.01.2017 01:45;0;0;0;0;0;0;0
29.01.2017 01:46;0;0;0;0;0;0;0
29.01.2017 01:47;0;0;0;0;0;0;0
29.01.2017 01:48;918.18;918.18;918.18;918.18;0.02;15.61;918.18
29.01.2017 01:49;0;0;0;0;0;0;0
29.01.2017 01:50;0;0;0;0;0;0;0
29.01.2017 01:51;918.18;919;918.18;919;6.36;5843.69;918.95
29.01.2017 01:52;918.4;919;918.4;919;0.11;103.98;918.51
29.01.2017 01:53;917.31;917.31;917.31;917.31;1.07;985.1;917.31
29.01.2017 01:54;0;0;0;0;0;0;0
29.01.2017 01:55;0;0;0;0;0;0;0
29.01.2017 01:56;0;0;0;0;0;0;0
29.01.2017 01:57;919;919;919;919;0.05;49.63;919
29.01.2017 01:58;919;919;919;919;0.02;16.91;919
29.01.2017 01:59;919;919;919;919;0.08;75.36;919
29.01.2017 02:00;919;919;919;919;0.1;94.66;919
29.01.2017 02:01;919;919;919;919;0.15;140.61;919
29.01.2017 02:02;919;919;919;919;5.41;4975.47;919
29.01.2017 02:03;919;919;919;919;0.18;166.34;919
29.01.2017 02:04;919;919;919;919;0.31;281.21;919
29.01.2017 02:05;0;0;0;0;0;0;0
29.01.2017 02:06;0;0;0;0;0;0;0
29.01.2017 02:07;0;0;0;0;0;0;0
29.01.2017 02:08;919;919;919;919;0.08;70.83;919
29.01.2017 02:09;0;0;0;0;0;0;0
29.01.2017 02:10;0;0;0;0;0;0;0
29.01.2017 02:11;0;0;0;0;0;0;0
29.01.2017 02:12;919;919;919;919;0.3;273.06;919
29.01.2017 02:13;0;0;0;0;0;0;0
29.01.2017 02:14;0;0;0;0;0;0;0
29.01.2017 02:15;0;0;0;0;0;0;0
29.01.2017 02:16;0;0;0;0;0;0;0
29.01.2017 02:17;919;919;917.59;917.59;11.05;10139.46;917.61
29.01.2017 02:18;917.57;917.57;917.57;917.57;0.16;142.22;917.57
29.01.2017 02:19;0;0;0;0;0;0;0
29.01.2017 02:20;917.06;917.06;917.06;917.06;1.93;1772.31;917.06
29.01.2017 02:21;0;0;0;0;0;0;0
29.01.2017 02:22;0;0;0;0;0;0;0
29.01.2017 02:23;0;0;0;0;0;0;0
29.01.2017 02:24;917.07;917.38;917.07;917.38;0.54;492.92;917.38
29.01.2017 02:25;0;0;0;0;0;0;0
29.01.2017 02:26;917.38;917.4;917.38;917.4;0.51;470.63;917.4
29.01.2017 02:27;917.4;917.4;917.4;917.4;0.37;335.28;917.4
29.01.2017 02:28;917.4;917.4;917.4;917.4;0.04;33.43;917.4
29.01.2017 02:29;917.4;917.4;917.4;917.4;1.53;1403.62;917.4
29.01.2017 02:30;917.4;917.4;917.4;917.4;0.22;205.01;917.4
29.01.2017 02:31;0;0;0;0;0;0;0
29.01.2017 02:32;0;0;0;0;0;0;0
29.01.2017 02:33;917.4;917.4;917.4;917.4;0.2;181.09;917.4
29.01.2017 02:34;0;0;0;0;0;0;0
29.01.2017 02:35;917.4;917.4;917.4;917.4;0.03;29.36;917.4
29.01.2017 02:36;917.4;917.4;917.4;917.4;1.1;1007.57;917.4
29.01.2017 02:37;917.4;917.4;917.4;917.4;0.46;426.2;917.4
29.01.2017 02:38;0;0;0;0;0;0;0
29.01.2017 02:39;917.4;917.4;917.4;917.4;0.18;161.22;917.4
29.01.2017 02:40;917.13;917.13;917.12;917.12;0.49;452.86;917.12
29.01.2017 02:41;917.4;917.4;917.4;917.4;0.62;572.82;917.4
29.01.2017 02:42;917.4;917.4;917.4;917.4;2.5;2294.5;917.4
29.01.2017 02:43;0;0;0;0;0;0;0
29.01.2017 02:44;917.4;917.4;917.4;917.4;0.02;22.77;917.4
29.01.2017 02:45;917.4;919;917.4;919;9.23;8478.8;918.46
29.01.2017 02:46;918.68;918.68;918.68;918.68;0.28;256.41;918.68
29.01.2017 02:47;918.68;918.68;918.68;918.68;0.02;17.45;918.68
29.01.2017 02:48;0;0;0;0;0;0;0
29.01.2017 02:49;918.68;918.68;918.68;918.68;0.37;341.6;918.68
29.01.2017 02:50;918.68;918.68;917.69;917.69;0.23;207.52;918.59
29.01.2017 02:51;0;0;0;0;0;0;0
29.01.2017 02:52;917.69;917.69;917.69;917.69;0.38;347.8;917.69
29.01.2017 02:53;0;0;0;0;0;0;0
29.01.2017 02:54;918.68;918.68;918.68;918.68;0.1;93.84;918.68
29.01.2017 02:55;919;919;919;919;0.08;70.21;919
29.01.2017 02:56;919;919;919;919;0.31;288.94;919
29.01.2017 02:57;0;0;0;0;0;0;0
29.01.2017 02:58;919;919;919;919;0.08;70.76;919
29.01.2017 02:59;919;919;919;919;0.04;32.49;919
29.01.2017 03:00;0;0;0;0;0;0;0
29.01.2017 03:01;919;919;919;919;0.07;68.01;919
29.01.2017 03:02;0;0;0;0;0;0;0
29.01.2017 03:03;0;0;0;0;0;0;0
29.01.2017 03:04;0;0;0;0;0;0;0
29.01.2017 03:05;919;919;919;919;0.04;33.08;919
29.01.2017 03:06;919;919;919;919;0.16;146.06;919
29.01.2017 03:07;0;0;0;0;0;0;0
29.01.2017 03:08;919;919;919;919;0.17;160.6;919
29.01.2017 03:09;919;919;919;919;0.02;21.14;919
29.01.2017 03:10;0;0;0;0;0;0;0
29.01.2017 03:11;0;0;0;0;0;0;0
29.01.2017 03:12;0;0;0;0;0;0;0
29.01.2017 03:13;919;919;919;919;0.03;24.81;919
29.01.2017 03:14;0;0;0;0;0;0;0
29.01.2017 03:15;918.8;918.8;918.8;918.8;0.04;36.53;918.8
29.01.2017 03:16;918.8;918.8;918.8;918.8;0.03;25.73;918.8
29.01.2017 03:17;0;0;0;0;0;0;0
29.01.2017 03:18;918.8;918.8;916.8;916.8;4.03;3699.35;916.93
29.01.2017 03:19;918.04;918.04;918.04;918.04;0.02;16.52;918.04
29.01.2017 03:20;918.04;918.04;917.86;917.86;0.08;74.97;917.97
29.01.2017 03:21;917.85;917.85;917.85;917.85;0.04;35.8;917.85
29.01.2017 03:22;0;0;0;0;0;0;0
29.01.2017 03:23;917.85;917.85;917.85;917.85;0.04;33.43;917.85
29.01.2017 03:24;0;0;0;0;0;0;0
29.01.2017 03:25;917.85;917.85;917.85;917.85;0.05;49.73;917.85
29.01.2017 03:26;0;0;0;0;0;0;0
29.01.2017 03:27;917.85;917.86;917.85;917.86;0.16;149.6;917.86
29.01.2017 03:28;0;0;0;0;0;0;0
29.01.2017 03:29;0;0;0;0;0;0;0
29.01.2017 03:30;917.86;917.86;917.86;917.86;0.04;33.44;917.86
29.01.2017 03:31;917.05;917.05;917.05;917.05;0.42;384.41;917.05
29.01.2017 03:32;0;0;0;0;0;0;0
29.01.2017 03:33;0;0;0;0;0;0;0
29.01.2017 03:34;0;0;0;0;0;0;0
29.01.2017 03:35;917.5;917.86;917.5;917.86;0.05;45.21;917.77
29.01.2017 03:36;917.09;917.09;917.09;917.09;0.1;91.71;917.09
29.01.2017 03:37;0;0;0;0;0;0;0
29.01.2017 03:38;917.86;917.86;917.86;917.86;0.08;77.1;917.86
29.01.2017 03:39;917.86;917.86;917.86;917.86;0.21;196.59;917.86
29.01.2017 03:40;917.86;917.86;917.86;917.86;0.09;85.9;917.86
29.01.2017 03:41;917.86;917.86;917.86;917.86;0.06;52.32;917.86
29.01.2017 03:42;917.86;917.86;917.86;917.86;0.07;64.25;917.86
29.01.2017 03:43;917.11;917.11;917.11;917.11;0.07;60.73;917.11
29.01.2017 03:44;0;0;0;0;0;0;0
29.01.2017 03:45;917.86;918.05;917.19;917.19;0.09;79.83;917.53
29.01.2017 03:46;0;0;0;0;0;0;0
29.01.2017 03:47;0;0;0;0;0;0;0
29.01.2017 03:48;0;0;0;0;0;0;0
29.01.2017 03:49;0;0;0;0;0;0;0
29.01.2017 03:50;917.86;917.86;917.86;917.86;0.01;8.44;917.86
29.01.2017 03:51;918.05;918.05;918.05;918.05;0.04;35.8;918.05
29.01.2017 03:52;0;0;0;0;0;0;0
29.01.2017 03:53;917.86;917.86;917.28;917.28;0.4;366.92;917.31
29.01.2017 03:54;0;0;0;0;0;0;0
29.01.2017 03:55;0;0;0;0;0;0;0
29.01.2017 03:56;0;0;0;0;0;0;0
29.01.2017 03:57;918.04;918.04;918.04;918.04;0.02;18.09;918.04
29.01.2017 03:58;918.04;918.05;918.04;918.05;0.21;196.21;918.04
29.01.2017 03:59;0;0;0;0;0;0;0
29.01.2017 04:00;0;0;0;0;0;0;0
29.01.2017 04:01;0;0;0;0;0;0;0
29.01.2017 04:02;918.05;918.05;918.05;918.05;0.03;29.64;918.05
29.01.2017 04:03;0;0;0;0;0;0;0
29.01.2017 04:04;0;0;0;0;0;0;0
29.01.2017 04:05;0;0;0;0;0;0;0
29.01.2017 04:06;918.05;918.05;918.05;918.05;0.17;158.42;918.05
29.01.2017 04:07;918.05;918.05;918.05;918.05;0.04;33.97;918.05
29.01.2017 04:08;0;0;0;0;0;0;0
29.01.2017 04:09;918.05;918.05;918.05;918.05;0.05;45.59;918.05
29.01.2017 04:10;0;0;0;0;0;0;0
29.01.2017 04:11;0;0;0;0;0;0;0
29.01.2017 04:12;918.05;918.05;918.05;918.05;0.05;45.9;918.05
29.01.2017 04:13;0;0;0;0;0;0;0
29.01.2017 04:14;918.05;918.2;918.05;918.2;0.16;147.82;918.13
29.01.2017 04:15;0;0;0;0;0;0;0
29.01.2017 04:16;917.05;918.2;917.05;917.05;0.18;163.2;917.66
29.01.2017 04:17;918.2;918.2;918.2;918.2;0.08;72.54;918.2
29.01.2017 04:18;0;0;0;0;0;0;0
29.01.2017 04:19;918.2;918.75;918.2;918.75;0.83;762.59;918.26
29.01.2017 04:20;918.75;918.75;918.75;918.75;0.05;44.1;918.75
29.01.2017 04:21;918.75;918.75;918.75;918.75;0.1;95.75;918.75
29.01.2017 04:22;918.75;918.75;918.75;918.75;0.08;68.91;918.75
29.01.2017 04:23;0;0;0;0;0;0;0
29.01.2017 04:24;918.75;918.75;918.75;918.75;0.04;35.83;918.75
29.01.2017 04:25;0;0;0;0;0;0;0
29.01.2017 04:26;918.75;918.75;918.75;918.75;0.04;34.91;918.75
29.01.2017 04:27;918.75;918.75;918.75;918.75;0.21;192.94;918.75
29.01.2017 04:28;918.75;918.8;918.75;918.8;0.26;239.84;918.77
29.01.2017 04:29;918.8;918.8;918.8;918.8;0.05;45.94;918.8
29.01.2017 04:30;0;0;0;0;0;0;0
29.01.2017 04:31;918.8;918.8;918.8;918.8;0.04;32.16;918.8
29.01.2017 04:32;0;0;0;0;0;0;0
29.01.2017 04:33;918.8;918.8;918.8;918.8;0.16;144.91;918.8
29.01.2017 04:34;918.8;918.8;918.8;918.8;0.03;24.81;918.8
29.01.2017 04:35;918.8;918.8;918.8;918.8;0.05;45.94;918.8
29.01.2017 04:36;918.8;918.8;918.8;918.8;0.14;132.13;918.8
29.01.2017 04:37;918.8;918.8;918.8;918.8;0.14;124.96;918.8
29.01.2017 04:38;0;0;0;0;0;0;0
29.01.2017 04:39;0;0;0;0;0;0;0
29.01.2017 04:40;918.8;918.8;918.8;918.8;0.22;198;918.8
29.01.2017 04:41;918.8;918.8;918.8;918.8;1.28;1177.41;918.8
29.01.2017 04:42;0;0;0;0;0;0;0
29.01.2017 04:43;918.8;919;918.8;919;153;140595.48;918.92
29.01.2017 04:44;919;919;919;919;0.04;33.08;919
29.01.2017 04:45;919;919.05;917.69;917.69;2.43;2232.98;917.71
29.01.2017 04:46;0;0;0;0;0;0;0
29.01.2017 04:47;0;0;0;0;0;0;0
29.01.2017 04:48;919.05;919.05;919.05;919.05;0.12;110.29;919.05
29.01.2017 04:49;0;0;0;0;0;0;0
29.01.2017 04:50;0;0;0;0;0;0;0
29.01.2017 04:51;919.05;919.05;919.05;919.05;0.25;225.47;919.05
29.01.2017 04:52;0;0;0;0;0;0;0
29.01.2017 04:53;919.05;919.15;919.05;919.15;0.06;50.55;919.12
29.01.2017 04:54;0;0;0;0;0;0;0
29.01.2017 04:55;919.15;919.15;919.15;919.15;0.02;19.3;919.15
29.01.2017 04:56;0;0;0;0;0;0;0
29.01.2017 04:57;0;0;0;0;0;0;0
29.01.2017 04:58;0;0;0;0;0;0;0
29.01.2017 04:59;919.15;919.17;919.14;919.14;3.16;2907.87;919.14
29.01.2017 05:00;919.13;919.13;919.1;919.1;0.49;446.7;919.13
29.01.2017 05:01;918.86;918.86;918.86;918.86;0.03;29.4;918.86
29.01.2017 05:02;918.4;919.17;918.4;919.17;3.49;3206.01;918.52
29.01.2017 05:03;0;0;0;0;0;0;0
29.01.2017 05:04;0;0;0;0;0;0;0
29.01.2017 05:05;0;0;0;0;0;0;0
29.01.2017 05:06;0;0;0;0;0;0;0
29.01.2017 05:07;0;0;0;0;0;0;0
29.01.2017 05:08;919.17;919.17;919.17;919.17;0.02;19.3;919.17
29.01.2017 05:09;919.17;919.17;919.17;919.17;0.09;79.97;919.17
29.01.2017 05:10;0;0;0;0;0;0;0
29.01.2017 05:11;0;0;0;0;0;0;0
29.01.2017 05:12;919.17;919.17;919.17;919.17;0.27;247.07;919.17
29.01.2017 05:13;919.17;919.17;919.17;919.17;0.03;25.74;919.17
29.01.2017 05:14;918.38;918.38;918.38;918.38;0.11;104.87;918.38
29.01.2017 05:15;919.17;919.17;919.17;919.17;0.02;14.71;919.17
29.01.2017 05:16;0;0;0;0;0;0;0
29.01.2017 05:17;919.17;919.2;919.17;919.2;0.03;31.25;919.19
29.01.2017 05:18;0;0;0;0;0;0;0
29.01.2017 05:19;919.2;919.2;919.2;919.2;0.02;22.02;919.2
29.01.2017 05:20;0;0;0;0;0;0;0
29.01.2017 05:21;918.02;918.02;918.02;918.02;0.26;241.25;918.02
29.01.2017 05:22;0;0;0;0;0;0;0
29.01.2017 05:23;0;0;0;0;0;0;0
29.01.2017 05:24;918.52;918.52;918.52;918.52;0.21;191.51;918.52
29.01.2017 05:25;0;0;0;0;0;0;0
29.01.2017 05:26;0;0;0;0;0;0;0
29.01.2017 05:27;919.2;919.35;919.2;919.35;1.17;1076.6;919.26
29.01.2017 05:28;919.35;919.35;919.35;919.35;0.09;85.92;919.35
29.01.2017 05:29;0;0;0;0;0;0;0
29.01.2017 05:30;918.41;919.35;918.4;919.35;0.39;359.28;918.87
29.01.2017 05:31;0;0;0;0;0;0;0
29.01.2017 05:32;919.35;919.35;919.35;919.35;0.02;20.23;919.35
29.01.2017 05:33;0;0;0;0;0;0;0
29.01.2017 05:34;919.35;919.36;919.35;919.36;0.5;459.23;919.36
29.01.2017 05:35;0;0;0;0;0;0;0
29.01.2017 05:36;0;0;0;0;0;0;0
29.01.2017 05:37;0;0;0;0;0;0;0
29.01.2017 05:38;0;0;0;0;0;0;0
29.01.2017 05:39;0;0;0;0;0;0;0
29.01.2017 05:40;0;0;0;0;0;0;0
29.01.2017 05:41;0;0;0;0;0;0;0
29.01.2017 05:42;919.36;919.36;919.36;919.36;0.02;17.47;919.36
29.01.2017 05:43;918.29;918.29;918.29;918.29;0.06;51.19;918.29
29.01.2017 05:44;919.36;919.36;919.36;919.36;1.82;1675.44;919.36
29.01.2017 05:45;0;0;0;0;0;0;0
29.01.2017 05:46;0;0;0;0;0;0;0
29.01.2017 05:47;0;0;0;0;0;0;0
29.01.2017 05:48;919.37;919.5;919.37;919.5;0.44;401.73;919.42
29.01.2017 05:49;0;0;0;0;0;0;0
29.01.2017 05:50;0;0;0;0;0;0;0
29.01.2017 05:51;918.61;918.61;918.61;918.61;0.4;367.44;918.61
29.01.2017 05:52;919.5;919.5;919.5;919.5;0.04;33.44;919.5
29.01.2017 05:53;0;0;0;0;0;0;0
29.01.2017 05:54;919.5;919.5;919.5;919.5;0.06;58.51;919.5
29.01.2017 05:55;0;0;0;0;0;0;0
29.01.2017 05:56;919.5;919.5;919.5;919.5;0.02;17.13;919.5
29.01.2017 05:57;0;0;0;0;0;0;0
29.01.2017 05:58;919.5;919.5;919.5;919.5;0.11;103.96;919.5
29.01.2017 05:59;0;0;0;0;0;0;0
29.01.2017 06:00;0;0;0;0;0;0;0
29.01.2017 06:01;0;0;0;0;0;0;0
29.01.2017 06:02;0;0;0;0;0;0;0
29.01.2017 06:03;919.5;919.5;919.5;919.5;0.06;54.25;919.5
29.01.2017 06:04;919.5;919.5;919.5;919.5;0.06;54.25;919.5
29.01.2017 06:05;0;0;0;0;0;0;0
29.01.2017 06:06;0;0;0;0;0;0;0
29.01.2017 06:07;0;0;0;0;0;0;0
29.01.2017 06:08;0;0;0;0;0;0;0
29.01.2017 06:09;919.03;919.03;919.03;919.03;0.24;220.45;919.03
29.01.2017 06:10;919.03;919.03;919.03;919.03;0.01;12.87;919.03
29.01.2017 06:11;919.03;919.03;919.03;919.03;0.19;170.94;919.03
29.01.2017 06:12;919.03;919.03;919.03;919.03;0.02;14.7;919.03
29.01.2017 06:13;0;0;0;0;0;0;0
29.01.2017 06:14;919.03;919.5;919.03;919.5;0.17;151.83;919.37
29.01.2017 06:15;919.5;919.5;919.5;919.5;0.06;53.03;919.5
29.01.2017 06:16;919.5;919.5;919.5;919.5;0.01;11.95;919.5
29.01.2017 06:17;0;0;0;0;0;0;0
29.01.2017 06:18;919.5;919.5;919;919;1.12;1028.87;919.05
29.01.2017 06:19;919.5;919.5;919.5;919.5;0.06;52.41;919.5
29.01.2017 06:20;0;0;0;0;0;0;0
29.01.2017 06:21;0;0;0;0;0;0;0
29.01.2017 06:22;0;0;0;0;0;0;0
29.01.2017 06:23;0;0;0;0;0;0;0
29.01.2017 06:24;0;0;0;0;0;0;0
29.01.2017 06:25;0;0;0;0;0;0;0
29.01.2017 06:26;0;0;0;0;0;0;0
29.01.2017 06:27;919.5;919.5;919.5;919.5;0.1;91.95;919.5
29.01.2017 06:28;919.5;919.65;919.5;919.65;0.05;42.3;919.5
29.01.2017 06:29;0;0;0;0;0;0;0
29.01.2017 06:30;0;0;0;0;0;0;0
29.01.2017 06:31;919.65;919.65;919.65;919.65;0.05;47.82;919.65
29.01.2017 06:32;919.65;919.72;919.65;919.72;0.09;85.9;919.68
29.01.2017 06:33;0;0;0;0;0;0;0
29.01.2017 06:34;0;0;0;0;0;0;0
29.01.2017 06:35;0;0;0;0;0;0;0
29.01.2017 06:36;0;0;0;0;0;0;0
29.01.2017 06:37;0;0;0;0;0;0;0
29.01.2017 06:38;0;0;0;0;0;0;0
29.01.2017 06:39;0;0;0;0;0;0;0
29.01.2017 06:40;0;0;0;0;0;0;0
29.01.2017 06:41;0;0;0;0;0;0;0
29.01.2017 06:42;0;0;0;0;0;0;0
29.01.2017 06:43;0;0;0;0;0;0;0
29.01.2017 06:44;0;0;0;0;0;0;0
29.01.2017 06:45;0;0;0;0;0;0;0
29.01.2017 06:46;0;0;0;0;0;0;0
29.01.2017 06:47;0;0;0;0;0;0;0
29.01.2017 06:48;919.72;919.73;919.72;919.73;0.86;792.17;919.73
29.01.2017 06:49;0;0;0;0;0;0;0
29.01.2017 06:50;919.73;919.73;919.73;919.73;0.01;9.2;919.73
29.01.2017 06:51;0;0;0;0;0;0;0
29.01.2017 06:52;919.73;919.98;919.73;919.98;15.6;14351.66;919.75
29.01.2017 06:53;0;0;0;0;0;0;0
29.01.2017 06:54;0;0;0;0;0;0;0
29.01.2017 06:55;0;0;0;0;0;0;0
29.01.2017 06:56;0;0;0;0;0;0;0
29.01.2017 06:57;0;0;0;0;0;0;0
29.01.2017 06:58;0;0;0;0;0;0;0
29.01.2017 06:59;0;0;0;0;0;0;0
29.01.2017 07:00;0;0;0;0;0;0;0
29.01.2017 07:01;919.97;919.97;919.97;919.97;0.11;97.84;919.97
29.01.2017 07:02;919.97;919.98;919.97;919.98;0.3;274.53;919.97
29.01.2017 07:03;0;0;0;0;0;0;0
29.01.2017 07:04;919.97;919.98;919.97;919.98;0.36;326.59;919.98
29.01.2017 07:05;0;0;0;0;0;0;0
29.01.2017 07:06;0;0;0;0;0;0;0
29.01.2017 07:07;0;0;0;0;0;0;0
29.01.2017 07:08;0;0;0;0;0;0;0
29.01.2017 07:09;0;0;0;0;0;0;0
29.01.2017 07:10;0;0;0;0;0;0;0
29.01.2017 07:11;0;0;0;0;0;0;0
29.01.2017 07:12;0;0;0;0;0;0;0
29.01.2017 07:13;0;0;0;0;0;0;0
29.01.2017 07:14;0;0;0;0;0;0;0
29.01.2017 07:15;0;0;0;0;0;0;0
29.01.2017 07:16;919.96;919.99;919.96;919.99;0.35;325.04;919.98
29.01.2017 07:17;0;0;0;0;0;0;0
29.01.2017 07:18;919.96;919.96;919.96;919.96;0.1;87.51;919.96
29.01.2017 07:19;0;0;0;0;0;0;0
29.01.2017 07:20;0;0;0;0;0;0;0
29.01.2017 07:21;0;0;0;0;0;0;0
29.01.2017 07:22;0;0;0;0;0;0;0
29.01.2017 07:23;0;0;0;0;0;0;0
29.01.2017 07:24;0;0;0;0;0;0;0
29.01.2017 07:25;0;0;0;0;0;0;0
29.01.2017 07:26;0;0;0;0;0;0;0
29.01.2017 07:27;0;0;0;0;0;0;0
29.01.2017 07:28;0;0;0;0;0;0;0
29.01.2017 07:29;0;0;0;0;0;0;0
29.01.2017 07:30;919.98;919.98;919.98;919.98;0.14;132.26;919.98
29.01.2017 07:31;0;0;0;0;0;0;0
29.01.2017 07:32;0;0;0;0;0;0;0
29.01.2017 07:33;0;0;0;0;0;0;0
29.01.2017 07:34;0;0;0;0;0;0;0
29.01.2017 07:35;0;0;0;0;0;0;0
29.01.2017 07:36;0;0;0;0;0;0;0
29.01.2017 07:37;0;0;0;0;0;0;0
29.01.2017 07:38;0;0;0;0;0;0;0
29.01.2017 07:39;0;0;0;0;0;0;0
29.01.2017 07:40;919.96;919.96;919.96;919.96;0.52;478.02;919.96
29.01.2017 07:41;0;0;0;0;0;0;0
29.01.2017 07:42;0;0;0;0;0;0;0
29.01.2017 07:43;0;0;0;0;0;0;0
29.01.2017 07:44;919.96;919.96;919.72;919.72;0.14;125.41;919.78
29.01.2017 07:45;0;0;0;0;0;0;0
29.01.2017 07:46;919.72;919.96;919.72;919.96;0.16;145.63;919.93
29.01.2017 07:47;0;0;0;0;0;0;0
29.01.2017 07:48;0;0;0;0;0;0;0
29.01.2017 07:49;919.96;919.96;919.96;919.96;0.24;219.04;919.96
29.01.2017 07:50;919.96;919.96;919.96;919.96;0.53;486.75;919.96
29.01.2017 07:51;919.73;919.73;919;919;1.8;1654.51;919.17
29.01.2017 07:52;0;0;0;0;0;0;0
29.01.2017 07:53;0;0;0;0;0;0;0
29.01.2017 07:54;919.92;919.92;919.92;919.92;0.1;95.89;919.92
29.01.2017 07:55;0;0;0;0;0;0;0
29.01.2017 07:56;0;0;0;0;0;0;0
29.01.2017 07:57;919.9;919.9;919;919;1.05;966.25;919.07
29.01.2017 07:58;0;0;0;0;0;0;0
29.01.2017 07:59;919;919;919;919;0.03;24.95;919
29.01.2017 08:00;919.89;919.96;919.89;919.96;1.27;1164.11;919.93
29.01.2017 08:01;919.03;919.03;919.03;919.03;0.06;55.24;919.03
29.01.2017 08:02;0;0;0;0;0;0;0
29.01.2017 08:03;0;0;0;0;0;0;0
29.01.2017 08:04;919.96;919.96;919.96;919.96;0.12;114.03;919.96
29.01.2017 08:05;919.03;919.03;919.03;919.03;0.03;23.83;919.03
29.01.2017 08:06;919.96;919.96;919.96;919.96;0.53;489.11;919.96
29.01.2017 08:07;919.96;919.96;919.96;919.96;0.01;7.83;919.96
29.01.2017 08:08;0;0;0;0;0;0;0
29.01.2017 08:09;0;0;0;0;0;0;0
29.01.2017 08:10;919.96;919.96;919.96;919.96;0.01;7.83;919.96
29.01.2017 08:11;0;0;0;0;0;0;0
29.01.2017 08:12;0;0;0;0;0;0;0
29.01.2017 08:13;919.03;919.03;919.03;919.03;0.01;8.82;919.03
29.01.2017 08:14;0;0;0;0;0;0;0
29.01.2017 08:15;919.59;919.59;919.59;919.59;0.02;19.95;919.59
29.01.2017 08:16;919.95;919.95;919.53;919.53;0.28;257.98;919.87
29.01.2017 08:17;919.03;919.03;919;919;7.25;6666.76;919
29.01.2017 08:18;0;0;0;0;0;0;0
29.01.2017 08:19;0;0;0;0;0;0;0
29.01.2017 08:20;0;0;0;0;0;0;0
29.01.2017 08:21;0;0;0;0;0;0;0
29.01.2017 08:22;0;0;0;0;0;0;0
29.01.2017 08:23;0;0;0;0;0;0;0
29.01.2017 08:24;0;0;0;0;0;0;0
29.01.2017 08:25;0;0;0;0;0;0;0
29.01.2017 08:26;0;0;0;0;0;0;0
29.01.2017 08:27;0;0;0;0;0;0;0
29.01.2017 08:28;919.15;919.55;918.44;918.44;0.47;435.86;918.88
29.01.2017 08:29;919.55;919.56;919.55;919.56;0.12;114.16;919.56
29.01.2017 08:30;0;0;0;0;0;0;0
29.01.2017 08:31;0;0;0;0;0;0;0
29.01.2017 08:32;0;0;0;0;0;0;0
29.01.2017 08:33;0;0;0;0;0;0;0
29.01.2017 08:34;0;0;0;0;0;0;0
29.01.2017 08:35;0;0;0;0;0;0;0
29.01.2017 08:36;0;0;0;0;0;0;0
29.01.2017 08:37;0;0;0;0;0;0;0
29.01.2017 08:38;919.92;919.92;919.92;919.92;0.05;48.34;919.92
29.01.2017 08:39;0;0;0;0;0;0;0
29.01.2017 08:40;0;0;0;0;0;0;0
29.01.2017 08:41;919.93;919.93;919.93;919.93;0.04;36.8;919.93
29.01.2017 08:42;0;0;0;0;0;0;0
29.01.2017 08:43;0;0;0;0;0;0;0
29.01.2017 08:44;0;0;0;0;0;0;0
29.01.2017 08:45;0;0;0;0;0;0;0
29.01.2017 08:46;919.43;919.43;919.43;919.43;0.3;274.65;919.43
29.01.2017 08:47;919.43;919.43;919.43;919.43;0.15;138.88;919.43
29.01.2017 08:48;0;0;0;0;0;0;0
29.01.2017 08:49;0;0;0;0;0;0;0
29.01.2017 08:50;0;0;0;0;0;0;0
29.01.2017 08:51;0;0;0;0;0;0;0
29.01.2017 08:52;919.43;919.44;919.43;919.44;0.34;309.7;919.44
29.01.2017 08:53;0;0;0;0;0;0;0
29.01.2017 08:54;919.44;919.44;919.44;919.44;0.04;35.31;919.44
29.01.2017 08:55;0;0;0;0;0;0;0
29.01.2017 08:56;919.4;919.44;919.4;919.44;0.29;265.57;919.44
29.01.2017 08:57;0;0;0;0;0;0;0
29.01.2017 08:58;919.4;919.4;919.4;919.4;0.02;17.19;919.4
29.01.2017 08:59;919;919;919;919;0.1;89.66;919
29.01.2017 09:00;0;0;0;0;0;0;0
29.01.2017 09:01;919;919.03;919;919.03;0.4;371.04;919
29.01.2017 09:02;919.44;919.44;919.44;919.44;0.1;95.78;919.44
29.01.2017 09:03;0;0;0;0;0;0;0
29.01.2017 09:04;0;0;0;0;0;0;0
29.01.2017 09:05;919.44;919.44;919.44;919.44;0.05;44.28;919.44
29.01.2017 09:06;919.44;919.45;919.44;919.45;1.56;1432.5;919.45
29.01.2017 09:07;0;0;0;0;0;0;0
29.01.2017 09:08;919.45;919.45;919.45;919.45;0.24;221.59;919.45
29.01.2017 09:09;0;0;0;0;0;0;0
29.01.2017 09:10;919.45;919.45;919.45;919.45;0.03;26.66;919.45
29.01.2017 09:11;0;0;0;0;0;0;0
29.01.2017 09:12;0;0;0;0;0;0;0
29.01.2017 09:13;919.45;919.45;919.45;919.45;0.66;606.79;919.45
29.01.2017 09:14;919.45;919.45;919.45;919.45;0.02;18.39;919.45
29.01.2017 09:15;919.45;919.45;919.45;919.45;0.02;22.07;919.45
29.01.2017 09:16;0;0;0;0;0;0;0
29.01.2017 09:17;0;0;0;0;0;0;0
29.01.2017 09:18;0;0;0;0;0;0;0
29.01.2017 09:19;0;0;0;0;0;0;0
29.01.2017 09:20;919.45;919.45;919.45;919.45;0.02;22.07;919.45
29.01.2017 09:21;919.45;919.45;919.45;919.45;0.17;156.31;919.45
29.01.2017 09:22;919.45;919.45;919.45;919.45;0.01;4.97;919.45
29.01.2017 09:23;0;0;0;0;0;0;0
29.01.2017 09:24;0;0;0;0;0;0;0
29.01.2017 09:25;919.45;919.45;919.45;919.45;0.02;22.07;919.45
29.01.2017 09:26;919.45;919.45;919.45;919.45;0.1;96.32;919.45
29.01.2017 09:27;0;0;0;0;0;0;0
29.01.2017 09:28;918.45;918.45;918.45;918.45;0.06;55.11;918.45
29.01.2017 09:29;918.45;918.45;918.45;918.45;0.06;55.11;918.45
29.01.2017 09:30;918.45;919.45;918.45;919.45;0.06;53;919.1
29.01.2017 09:31;919.45;919.45;919.45;919.45;0.17;158.43;919.45
29.01.2017 09:32;919.45;919.45;919.45;919.45;1.49;1367.54;919.45
29.01.2017 09:33;918.45;918.45;918.29;918.29;1.6;1471.84;918.4
29.01.2017 09:34;0;0;0;0;0;0;0
29.01.2017 09:35;919.44;919.44;919.44;919.44;0.02;22.07;919.44
29.01.2017 09:36;917.79;917.79;917.71;917.72;4.87;4466.21;917.76
29.01.2017 09:37;917.72;917.72;917.72;917.72;1.64;1505.2;917.72
29.01.2017 09:38;0;0;0;0;0;0;0
29.01.2017 09:39;0;0;0;0;0;0;0
29.01.2017 09:40;918.72;918.72;918.72;918.72;0.41;378.51;918.72
29.01.2017 09:41;0;0;0;0;0;0;0
29.01.2017 09:42;918.72;918.73;918.72;918.73;0.17;153.14;918.72
29.01.2017 09:43;0;0;0;0;0;0;0
29.01.2017 09:44;0;0;0;0;0;0;0
29.01.2017 09:45;0;0;0;0;0;0;0
29.01.2017 09:46;0;0;0;0;0;0;0
29.01.2017 09:47;917.77;917.77;917.76;917.76;0.57;523.13;917.76
29.01.2017 09:48;0;0;0;0;0;0;0
29.01.2017 09:49;917.72;917.72;917.72;917.72;0.02;18.35;917.72
29.01.2017 09:50;917.72;917.72;917.72;917.72;0.02;18.35;917.72
29.01.2017 09:51;0;0;0;0;0;0;0
29.01.2017 09:52;0;0;0;0;0;0;0
29.01.2017 09:53;0;0;0;0;0;0;0
29.01.2017 09:54;0;0;0;0;0;0;0
29.01.2017 09:55;0;0;0;0;0;0;0
29.01.2017 09:56;0;0;0;0;0;0;0
29.01.2017 09:57;917.72;917.72;917.72;917.72;0.02;18.35;917.72
29.01.2017 09:58;0;0;0;0;0;0;0
29.01.2017 09:59;918.29;918.73;918.29;918.73;0.31;280.84;918.69
29.01.2017 10:00;918.73;919.44;918.73;919.44;1.23;1126.26;919.23
29.01.2017 10:01;917.78;917.78;917.78;917.78;0.1;91.78;917.78
29.01.2017 10:02;0;0;0;0;0;0;0
29.01.2017 10:03;919.44;919.44;919.44;919.44;0.13;121.2;919.44
29.01.2017 10:04;0;0;0;0;0;0;0
29.01.2017 10:05;0;0;0;0;0;0;0
29.01.2017 10:06;0;0;0;0;0;0;0
29.01.2017 10:07;0;0;0;0;0;0;0
29.01.2017 10:08;0;0;0;0;0;0;0
29.01.2017 10:09;0;0;0;0;0;0;0
29.01.2017 10:10;919.44;919.44;919.43;919.43;0.48;443.33;919.43
29.01.2017 10:11;0;0;0;0;0;0;0
29.01.2017 10:12;0;0;0;0;0;0;0
29.01.2017 10:13;0;0;0;0;0;0;0
29.01.2017 10:14;0;0;0;0;0;0;0
29.01.2017 10:15;0;0;0;0;0;0;0
29.01.2017 10:16;919.08;919.08;917.76;917.76;1.29;1184.47;918.72
29.01.2017 10:17;0;0;0;0;0;0;0
29.01.2017 10:18;0;0;0;0;0;0;0
29.01.2017 10:19;0;0;0;0;0;0;0
29.01.2017 10:20;917.76;917.76;917.76;917.76;0.51;464.34;917.76
29.01.2017 10:21;0;0;0;0;0;0;0
29.01.2017 10:22;0;0;0;0;0;0;0
29.01.2017 10:23;0;0;0;0;0;0;0
29.01.2017 10:24;917.72;917.72;917.72;917.72;0.44;403.8;917.72
29.01.2017 10:25;0;0;0;0;0;0;0
29.01.2017 10:26;0;0;0;0;0;0;0
29.01.2017 10:27;917.72;917.72;916.51;916.51;11.71;10731.11;916.69
29.01.2017 10:28;916.51;916.51;916.5;916.5;1.21;1110.4;916.5
29.01.2017 10:29;0;0;0;0;0;0;0
29.01.2017 10:30;0;0;0;0;0;0;0
29.01.2017 10:31;0;0;0;0;0;0;0
29.01.2017 10:32;0;0;0;0;0;0;0
29.01.2017 10:33;916.51;917.55;916.5;917.55;0.16;147.67;916.57
29.01.2017 10:34;917.55;917.56;917.55;917.56;0.52;477.13;917.56
29.01.2017 10:35;917.56;917.56;917.56;917.56;0.19;170.95;917.56
29.01.2017 10:36;0;0;0;0;0;0;0
29.01.2017 10:37;917.56;917.58;917.56;917.58;2;1835.16;917.58
29.01.2017 10:38;917.58;917.76;917.58;917.76;0.4;369.74;917.68
29.01.2017 10:39;0;0;0;0;0;0;0
29.01.2017 10:40;0;0;0;0;0;0;0
29.01.2017 10:41;0;0;0;0;0;0;0
29.01.2017 10:42;917.53;917.53;917.53;917.53;0.04;34.56;917.53
29.01.2017 10:43;0;0;0;0;0;0;0
29.01.2017 10:44;916.7;916.7;916.69;916.69;1;916.69;916.69
29.01.2017 10:45;0;0;0;0;0;0;0
29.01.2017 10:46;0;0;0;0;0;0;0
29.01.2017 10:47;0;0;0;0;0;0;0
29.01.2017 10:48;917.53;917.53;917.53;917.53;0.12;111.05;917.53
29.01.2017 10:49;0;0;0;0;0;0;0
29.01.2017 10:50;0;0;0;0;0;0;0
29.01.2017 10:51;0;0;0;0;0;0;0
29.01.2017 10:52;0;0;0;0;0;0;0
29.01.2017 10:53;0;0;0;0;0;0;0
29.01.2017 10:54;916.76;916.76;916.29;916.29;10.49;9615.93;916.5
29.01.2017 10:55;0;0;0;0;0;0;0
29.01.2017 10:56;0;0;0;0;0;0;0
29.01.2017 10:57;0;0;0;0;0;0;0
29.01.2017 10:58;0;0;0;0;0;0;0
29.01.2017 10:59;0;0;0;0;0;0;0
29.01.2017 11:00;0;0;0;0;0;0;0
29.01.2017 11:01;917.51;917.51;916.38;916.38;0.19;172.66;917.34
29.01.2017 11:02;917.51;917.56;917.51;917.56;0.82;753.66;917.52
29.01.2017 11:03;0;0;0;0;0;0;0
29.01.2017 11:04;917.56;917.56;916.53;916.53;0.17;157.98;917.02
29.01.2017 11:05;917.56;917.56;917.56;917.56;0.2;179.58;917.56
29.01.2017 11:06;0;0;0;0;0;0;0
29.01.2017 11:07;0;0;0;0;0;0;0
29.01.2017 11:08;0;0;0;0;0;0;0
29.01.2017 11:09;917.51;917.56;917.51;917.56;0.15;141.3;917.53
29.01.2017 11:10;917.56;917.62;916.55;917.62;0.5;455.1;917.53
29.01.2017 11:11;917.62;917.64;917.62;917.64;0.54;494.6;917.63
29.01.2017 11:12;917.64;917.64;917.64;917.64;0.46;423.95;917.64
29.01.2017 11:13;917.64;917.64;917.64;917.64;0.24;223.9;917.64
29.01.2017 11:14;917.64;917.64;917.64;917.64;0.02;20.65;917.64
29.01.2017 11:15;916.58;916.84;916.56;916.84;1.74;1595.11;916.73
29.01.2017 11:16;0;0;0;0;0;0;0
29.01.2017 11:17;917.61;917.61;917.61;917.61;0.05;49.43;917.61
29.01.2017 11:18;0;0;0;0;0;0;0
29.01.2017 11:19;0;0;0;0;0;0;0
29.01.2017 11:20;0;0;0;0;0;0;0
29.01.2017 11:21;0;0;0;0;0;0;0
29.01.2017 11:22;917.5;917.62;917.5;917.62;0.75;684.29;917.55
29.01.2017 11:23;917.62;917.62;917.62;917.62;0.09;81.8;917.62
29.01.2017 11:24;917.5;917.5;917.5;917.5;0.22;205.53;917.5
29.01.2017 11:25;0;0;0;0;0;0;0
29.01.2017 11:26;917.09;917.09;917.09;917.09;0.22;199.56;917.09
29.01.2017 11:27;917.09;917.09;917.08;917.08;1.36;1246.37;917.09
29.01.2017 11:28;0;0;0;0;0;0;0
29.01.2017 11:29;917.08;917.08;917.08;917.08;1.47;1345.17;917.08
29.01.2017 11:30;917.5;917.62;917.5;917.62;0.26;239.86;917.61
29.01.2017 11:31;0;0;0;0;0;0;0
29.01.2017 11:32;0;0;0;0;0;0;0
29.01.2017 11:33;0;0;0;0;0;0;0
29.01.2017 11:34;0;0;0;0;0;0;0
29.01.2017 11:35;916.8;916.8;916.8;916.8;0.05;50.18;916.8
29.01.2017 11:36;917;917;917;917;2;1834;917
29.01.2017 11:37;917.62;917.62;917.62;917.62;0.43;397.85;917.62
29.01.2017 11:38;917.64;917.9;917.64;917.9;2.53;2321.93;917.72
29.01.2017 11:39;0;0;0;0;0;0;0
29.01.2017 11:40;0;0;0;0;0;0;0
29.01.2017 11:41;0;0;0;0;0;0;0
29.01.2017 11:42;0;0;0;0;0;0;0
29.01.2017 11:43;0;0;0;0;0;0;0
29.01.2017 11:44;918.4;918.4;918.4;918.4;0.41;375.6;918.4
29.01.2017 11:45;0;0;0;0;0;0;0
29.01.2017 11:46;0;0;0;0;0;0;0
29.01.2017 11:47;918.22;918.22;918.22;918.22;0.76;700.7;918.22
29.01.2017 11:48;0;0;0;0;0;0;0
29.01.2017 11:49;0;0;0;0;0;0;0
29.01.2017 11:50;0;0;0;0;0;0;0
29.01.2017 11:51;0;0;0;0;0;0;0
29.01.2017 11:52;0;0;0;0;0;0;0
29.01.2017 11:53;0;0;0;0;0;0;0
29.01.2017 11:54;0;0;0;0;0;0;0
29.01.2017 11:55;918.4;918.4;918.4;918.4;0.16;146.08;918.4
29.01.2017 11:56;0;0;0;0;0;0;0
29.01.2017 11:57;918.4;918.4;918.4;918.4;1;918.4;918.4
29.01.2017 11:58;0;0;0;0;0;0;0
29.01.2017 11:59;0;0;0;0;0;0;0
29.01.2017 12:00;918.4;918.48;918.4;918.48;0.44;406.94;918.4
29.01.2017 12:01;0;0;0;0;0;0;0
29.01.2017 12:02;918.22;918.22;918.22;918.22;0.1;91.45;918.22
29.01.2017 12:03;918.22;918.22;917.54;918.22;0.2;183.49;918.14
29.01.2017 12:04;917.54;918.22;917.54;918.22;0.18;162.54;917.88
29.01.2017 12:05;917.54;918.48;916.67;918.48;0.17;155.52;917.69
29.01.2017 12:06;916.75;918.5;916.75;918.5;0.15;139.05;918.23
29.01.2017 12:07;0;0;0;0;0;0;0
29.01.2017 12:08;0;0;0;0;0;0;0
29.01.2017 12:09;0;0;0;0;0;0;0
29.01.2017 12:10;0;0;0;0;0;0;0
29.01.2017 12:11;917.06;917.06;917.06;917.06;0.01;5.03;917.06
29.01.2017 12:12;0;0;0;0;0;0;0
29.01.2017 12:13;0;0;0;0;0;0;0
29.01.2017 12:14;0;0;0;0;0;0;0
29.01.2017 12:15;917.77;918.49;916.4;918.49;3.01;2759.6;916.43
29.01.2017 12:16;0;0;0;0;0;0;0
29.01.2017 12:17;918.49;918.49;918.49;918.49;0.06;52.02;918.49
29.01.2017 12:18;918.49;918.49;918.49;918.49;0.01;4.97;918.49
29.01.2017 12:19;918.49;918.49;918.49;918.49;0.15;138.05;918.49
29.01.2017 12:20;0;0;0;0;0;0;0
29.01.2017 12:21;918.5;918.5;918.5;918.5;0.16;144.63;918.5
29.01.2017 12:22;0;0;0;0;0;0;0
29.01.2017 12:23;918.5;918.5;918.5;918.5;0.09;80.25;918.5
29.01.2017 12:24;918.49;918.49;918.49;918.49;0.1;96;918.49
29.01.2017 12:25;0;0;0;0;0;0;0
29.01.2017 12:26;0;0;0;0;0;0;0
29.01.2017 12:27;0;0;0;0;0;0;0
29.01.2017 12:28;918.49;918.49;918.49;918.49;0.58;529.26;918.49
29.01.2017 12:29;0;0;0;0;0;0;0
29.01.2017 12:30;0;0;0;0;0;0;0
29.01.2017 12:31;0;0;0;0;0;0;0
29.01.2017 12:32;0;0;0;0;0;0;0
29.01.2017 12:33;0;0;0;0;0;0;0
29.01.2017 12:34;918.5;918.5;918.5;918.5;0.05;45.93;918.5
29.01.2017 12:35;0;0;0;0;0;0;0
29.01.2017 12:36;918.5;918.5;918.5;918.5;0.12;111.8;918.5
29.01.2017 12:37;0;0;0;0;0;0;0
29.01.2017 12:38;0;0;0;0;0;0;0
29.01.2017 12:39;0;0;0;0;0;0;0
29.01.2017 12:40;0;0;0;0;0;0;0
29.01.2017 12:41;0;0;0;0;0;0;0
29.01.2017 12:42;0;0;0;0;0;0;0
29.01.2017 12:43;918.5;918.5;918.5;918.5;0.05;49.05;918.5
29.01.2017 12:44;0;0;0;0;0;0;0
29.01.2017 12:45;918.52;918.52;918.52;918.52;0.02;19.15;918.52
29.01.2017 12:46;0;0;0;0;0;0;0
29.01.2017 12:47;918.51;918.61;918.51;918.61;2.13;1954.33;918.57
29.01.2017 12:48;918.61;918.61;918.61;918.61;0.24;221.1;918.61
29.01.2017 12:49;918.51;918.51;918.49;918.49;0.2;182.91;918.5
29.01.2017 12:50;0;0;0;0;0;0;0
29.01.2017 12:51;918.61;918.61;918.61;918.61;0.04;32.93;918.61
29.01.2017 12:52;0;0;0;0;0;0;0
29.01.2017 12:53;0;0;0;0;0;0;0
29.01.2017 12:54;918.6;918.6;918.6;918.6;0.01;9.98;918.6
29.01.2017 12:55;0;0;0;0;0;0;0
29.01.2017 12:56;918.51;918.51;918.51;918.51;0.25;229.63;918.51
29.01.2017 12:57;0;0;0;0;0;0;0
29.01.2017 12:58;0;0;0;0;0;0;0
29.01.2017 12:59;0;0;0;0;0;0;0
29.01.2017 13:00;918.49;918.49;916.46;916.46;1.84;1687.58;917.17
29.01.2017 13:01;0;0;0;0;0;0;0
29.01.2017 13:02;916.76;916.76;916.76;916.76;0.2;187.92;916.76
29.01.2017 13:03;0;0;0;0;0;0;0
29.01.2017 13:04;0;0;0;0;0;0;0
29.01.2017 13:05;918.58;918.58;918.58;918.58;0.01;10.19;918.58
29.01.2017 13:06;0;0;0;0;0;0;0
29.01.2017 13:07;0;0;0;0;0;0;0
29.01.2017 13:08;0;0;0;0;0;0;0
29.01.2017 13:09;918.58;918.58;918.58;918.58;0.04;35.6;918.58
29.01.2017 13:10;0;0;0;0;0;0;0
29.01.2017 13:11;0;0;0;0;0;0;0
29.01.2017 13:12;918.58;918.58;918.58;918.58;0.16;147.23;918.58
29.01.2017 13:13;0;0;0;0;0;0;0
29.01.2017 13:14;0;0;0;0;0;0;0
29.01.2017 13:15;0;0;0;0;0;0;0
29.01.2017 13:16;0;0;0;0;0;0;0
29.01.2017 13:17;0;0;0;0;0;0;0
29.01.2017 13:18;0;0;0;0;0;0;0
29.01.2017 13:19;0;0;0;0;0;0;0
29.01.2017 13:20;916.98;918.2;916.98;918.2;0.17;153.91;917.15
29.01.2017 13:21;0;0;0;0;0;0;0
29.01.2017 13:22;0;0;0;0;0;0;0
29.01.2017 13:23;0;0;0;0;0;0;0
29.01.2017 13:24;0;0;0;0;0;0;0
29.01.2017 13:25;0;0;0;0;0;0;0
29.01.2017 13:26;0;0;0;0;0;0;0
29.01.2017 13:27;917.1;917.1;917.1;917.1;0.1;88.54;917.1
29.01.2017 13:28;0;0;0;0;0;0;0
29.01.2017 13:29;917.1;917.1;917.1;917.1;1.11;1015.68;917.1
29.01.2017 13:30;917.1;918.21;916.51;916.51;7.46;6842.09;916.87
29.01.2017 13:31;918.05;918.05;918.05;918.05;0.03;24.44;918.05
29.01.2017 13:32;0;0;0;0;0;0;0
29.01.2017 13:33;0;0;0;0;0;0;0
29.01.2017 13:34;917.26;917.26;917.26;917.26;0.43;398.09;917.26
29.01.2017 13:35;917.04;917.05;917.04;917.05;0.22;205.08;917.04
29.01.2017 13:36;0;0;0;0;0;0;0
29.01.2017 13:37;0;0;0;0;0;0;0
29.01.2017 13:38;917.05;917.05;917.05;917.05;0.3;273.78;917.05
29.01.2017 13:39;0;0;0;0;0;0;0
29.01.2017 13:40;0;0;0;0;0;0;0
29.01.2017 13:41;0;0;0;0;0;0;0
29.01.2017 13:42;917.05;917.07;917.05;917.07;5.06;4639.46;917.07
29.01.2017 13:43;917.07;917.07;917.07;917.07;0.02;15.75;917.07
29.01.2017 13:44;0;0;0;0;0;0;0
29.01.2017 13:45;0;0;0;0;0;0;0
29.01.2017 13:46;0;0;0;0;0;0;0
29.01.2017 13:47;0;0;0;0;0;0;0
29.01.2017 13:48;0;0;0;0;0;0;0
29.01.2017 13:49;917.07;917.07;917.07;917.07;1.19;1089.68;917.07
29.01.2017 13:50;0;0;0;0;0;0;0
29.01.2017 13:51;917.02;917.02;916;916;30;27490.91;916.36
29.01.2017 13:52;0;0;0;0;0;0;0
29.01.2017 13:53;0;0;0;0;0;0;0
29.01.2017 13:54;916.29;916.29;916;916;25.41;23283.84;916.18
29.01.2017 13:55;916;916;915.98;915.98;3.91;3585.14;916
29.01.2017 13:56;0;0;0;0;0;0;0
29.01.2017 13:57;0;0;0;0;0;0;0
29.01.2017 13:58;915.98;915.98;915;915;60.83;55665.08;915.15
29.01.2017 13:59;0;0;0;0;0;0;0
29.01.2017 14:00;0;0;0;0;0;0;0
29.01.2017 14:01;915.98;915.98;915.98;915.98;0.01;10.08;915.98
29.01.2017 14:02;0;0;0;0;0;0;0
29.01.2017 14:03;0;0;0;0;0;0;0
29.01.2017 14:04;916.4;916.4;916.4;916.4;0.21;192.01;916.4
29.01.2017 14:05;0;0;0;0;0;0;0
29.01.2017 14:06;0;0;0;0;0;0;0
29.01.2017 14:07;916.4;916.41;916.4;916.41;0.04;34.61;916.4
29.01.2017 14:08;916.41;916.41;916.41;916.41;0.02;13.75;916.41
29.01.2017 14:09;0;0;0;0;0;0;0
29.01.2017 14:10;0;0;0;0;0;0;0
29.01.2017 14:11;0;0;0;0;0;0;0
29.01.2017 14:12;916.39;916.39;916.39;916.39;1.38;1265.52;916.39
29.01.2017 14:13;0;0;0;0;0;0;0
29.01.2017 14:14;0;0;0;0;0;0;0
29.01.2017 14:15;916.2;916.2;916.2;916.2;0.07;61.02;916.2
29.01.2017 14:16;0;0;0;0;0;0;0
29.01.2017 14:17;0;0;0;0;0;0;0
29.01.2017 14:18;916.2;916.2;916.2;916.2;0.11;102.66;916.2
29.01.2017 14:19;916.2;916.2;916.2;916.2;1.5;1374.3;916.2
29.01.2017 14:20;916.2;916.2;916.2;916.2;0.6;548.17;916.2
29.01.2017 14:21;0;0;0;0;0;0;0
29.01.2017 14:22;0;0;0;0;0;0;0
29.01.2017 14:23;0;0;0;0;0;0;0
29.01.2017 14:24;916.2;916.2;915.98;915.98;0.2;178.82;916.04
29.01.2017 14:25;0;0;0;0;0;0;0
29.01.2017 14:26;0;0;0;0;0;0;0
29.01.2017 14:27;916.2;916.2;916.2;916.2;0.1;95.32;916.2
29.01.2017 14:28;0;0;0;0;0;0;0
29.01.2017 14:29;916.2;916.2;916.2;916.2;0.45;416.41;916.2
29.01.2017 14:30;0;0;0;0;0;0;0
29.01.2017 14:31;0;0;0;0;0;0;0
29.01.2017 14:32;0;0;0;0;0;0;0
29.01.2017 14:33;916.19;916.19;916.19;916.19;0.02;20.04;916.19
29.01.2017 14:34;916.2;916.2;916.2;916.2;0.08;68.84;916.2
29.01.2017 14:35;0;0;0;0;0;0;0
29.01.2017 14:36;0;0;0;0;0;0;0
29.01.2017 14:37;0;0;0;0;0;0;0
29.01.2017 14:38;0;0;0;0;0;0;0
29.01.2017 14:39;0;0;0;0;0;0;0
29.01.2017 14:40;0;0;0;0;0;0;0
29.01.2017 14:41;0;0;0;0;0;0;0
29.01.2017 14:42;0;0;0;0;0;0;0
29.01.2017 14:43;0;0;0;0;0;0;0
29.01.2017 14:44;0;0;0;0;0;0;0
29.01.2017 14:45;0;0;0;0;0;0;0
29.01.2017 14:46;916.2;916.2;916.2;916.2;1.8;1651.01;916.2
29.01.2017 14:47;0;0;0;0;0;0;0
29.01.2017 14:48;0;0;0;0;0;0;0
29.01.2017 14:49;916.41;916.43;916.41;916.43;1.09;996.99;916.42
29.01.2017 14:50;0;0;0;0;0;0;0
29.01.2017 14:51;0;0;0;0;0;0;0
29.01.2017 14:52;916.36;916.36;915.41;915.41;2.06;1891.09;916.14
29.01.2017 14:53;915.41;915.41;915;915;10;9150.21;915.02
29.01.2017 14:54;0;0;0;0;0;0;0
29.01.2017 14:55;0;0;0;0;0;0;0
29.01.2017 14:56;0;0;0;0;0;0;0
29.01.2017 14:57;915.03;915.03;915.03;915.03;0.46;422.95;915.03
29.01.2017 14:58;0;0;0;0;0;0;0
29.01.2017 14:59;916.41;916.41;916.41;916.41;0.05;49.88;916.41
29.01.2017 15:00;916.41;916.41;916.41;916.41;0.01;8.98;916.41
29.01.2017 15:01;0;0;0;0;0;0;0
29.01.2017 15:02;916.41;916.42;916.41;916.42;0.86;791.14;916.42
29.01.2017 15:03;916.43;916.47;916.43;916.47;3.05;2795.49;916.44
29.01.2017 15:04;916.65;916.65;916.65;916.65;0.34;314.41;916.65
29.01.2017 15:05;916.76;917.34;916.76;917.34;2.49;2285.99;917.12
29.01.2017 15:06;0;0;0;0;0;0;0
29.01.2017 15:07;0;0;0;0;0;0;0
29.01.2017 15:08;0;0;0;0;0;0;0
29.01.2017 15:09;0;0;0;0;0;0;0
29.01.2017 15:10;915.11;916.97;914.12;914.12;22.01;20142.45;915.3
29.01.2017 15:11;915.77;915.77;914.13;914.13;15;13714.62;914.31
29.01.2017 15:12;0;0;0;0;0;0;0
29.01.2017 15:13;0;0;0;0;0;0;0
29.01.2017 15:14;0;0;0;0;0;0;0
29.01.2017 15:15;0;0;0;0;0;0;0
29.01.2017 15:16;0;0;0;0;0;0;0
29.01.2017 15:17;915.29;915.29;915.29;915.29;0.11;100;915.29
29.01.2017 15:18;915.29;915.29;915.29;915.29;0.22;203.24;915.29
29.01.2017 15:19;0;0;0;0;0;0;0
29.01.2017 15:20;915.29;915.29;915.29;915.29;0.01;7.65;915.29
29.01.2017 15:21;915.29;915.29;915.29;915.29;0.03;30.41;915.29
29.01.2017 15:22;915.29;915.29;915.29;915.29;0.38;351.67;915.29
29.01.2017 15:23;915.3;915.32;915.3;915.32;2.99;2739.39;915.32
29.01.2017 15:24;0;0;0;0;0;0;0
29.01.2017 15:25;0;0;0;0;0;0;0
29.01.2017 15:26;915.45;915.77;915.45;915.77;1.56;1425.52;915.55
29.01.2017 15:27;0;0;0;0;0;0;0
29.01.2017 15:28;0;0;0;0;0;0;0
29.01.2017 15:29;0;0;0;0;0;0;0
29.01.2017 15:30;916.28;916.28;916.28;916.28;0.05;45.81;916.28
29.01.2017 15:31;0;0;0;0;0;0;0
29.01.2017 15:32;915.15;915.15;915.15;915.15;0.01;6.48;915.15
29.01.2017 15:33;916.28;916.28;916.28;916.28;0.24;221.5;916.28
29.01.2017 15:34;916.28;916.28;916.28;916.28;0.21;190.15;916.28
29.01.2017 15:35;0;0;0;0;0;0;0
29.01.2017 15:36;916;916;916;916;0.17;156.53;916
29.01.2017 15:37;0;0;0;0;0;0;0
29.01.2017 15:38;0;0;0;0;0;0;0
29.01.2017 15:39;916;916;916;916;0.06;52.02;916
29.01.2017 15:40;915.61;915.61;915;915;6;5490.41;915.07
29.01.2017 15:41;915;915.99;915;915.99;2.36;2156.52;915.02
29.01.2017 15:42;915.99;915.99;915.99;915.99;0.06;52.02;915.99
29.01.2017 15:43;915.99;916.29;915.99;916.29;2.14;1964.58;916.12
29.01.2017 15:44;0;0;0;0;0;0;0
29.01.2017 15:45;0;0;0;0;0;0;0
29.01.2017 15:46;916.29;916.29;916.29;916.29;0.03;25.38;916.29
29.01.2017 15:47;0;0;0;0;0;0;0
29.01.2017 15:48;0;0;0;0;0;0;0
29.01.2017 15:49;916.29;916.29;916.29;916.29;0.22;198.4;916.29
29.01.2017 15:50;0;0;0;0;0;0;0
29.01.2017 15:51;916.29;916.29;916.29;916.29;0.09;84.67;916.29
29.01.2017 15:52;0;0;0;0;0;0;0
29.01.2017 15:53;0;0;0;0;0;0;0
29.01.2017 15:54;0;0;0;0;0;0;0
29.01.2017 15:55;916.29;916.29;916.29;916.29;0.5;456.36;916.29
29.01.2017 15:56;0;0;0;0;0;0;0
29.01.2017 15:57;0;0;0;0;0;0;0
29.01.2017 15:58;916.03;916.03;916.03;916.03;0.01;5.01;916.03
29.01.2017 15:59;0;0;0;0;0;0;0
29.01.2017 16:00;916.29;916.29;916.29;916.29;1.37;1257.43;916.29
29.01.2017 16:01;916.03;916.03;916.03;916.03;0.05;42.19;916.03
29.01.2017 16:02;916.03;916.03;916.03;916.03;0.01;5.4;916.03
29.01.2017 16:03;0;0;0;0;0;0;0
29.01.2017 16:04;916.29;916.42;916.29;916.42;1.03;943.76;916.3
29.01.2017 16:05;0;0;0;0;0;0;0
29.01.2017 16:06;0;0;0;0;0;0;0
29.01.2017 16:07;916.42;916.42;916.42;916.42;0.01;10.19;916.42
29.01.2017 16:08;916.42;916.42;916.42;916.42;0.06;52.02;916.42
29.01.2017 16:09;0;0;0;0;0;0;0
29.01.2017 16:10;916.42;916.42;916.42;916.42;0.36;326.06;916.42
29.01.2017 16:11;916.42;916.42;916.42;916.42;0.04;40.82;916.42
29.01.2017 16:12;0;0;0;0;0;0;0
29.01.2017 16:13;916.42;916.42;916.42;916.42;0.02;19.91;916.42
29.01.2017 16:14;916.42;916.42;916.42;916.42;0.03;24.87;916.42
29.01.2017 16:15;0;0;0;0;0;0;0
29.01.2017 16:16;0;0;0;0;0;0;0
29.01.2017 16:17;0;0;0;0;0;0;0
29.01.2017 16:18;0;0;0;0;0;0;0
29.01.2017 16:19;0;0;0;0;0;0;0
29.01.2017 16:20;0;0;0;0;0;0;0
29.01.2017 16:21;0;0;0;0;0;0;0
29.01.2017 16:22;0;0;0;0;0;0;0
29.01.2017 16:23;0;0;0;0;0;0;0
29.01.2017 16:24;0;0;0;0;0;0;0
29.01.2017 16:25;0;0;0;0;0;0;0
29.01.2017 16:26;0;0;0;0;0;0;0
29.01.2017 16:27;0;0;0;0;0;0;0
29.01.2017 16:28;916.42;917.21;916.42;917.21;1.6;1470.01;917.05
29.01.2017 16:29;0;0;0;0;0;0;0
29.01.2017 16:30;916.21;916.21;916.2;916.2;0.91;836.23;916.21
29.01.2017 16:31;917.16;917.16;917.16;917.16;0.11;104.85;917.16
29.01.2017 16:32;0;0;0;0;0;0;0
29.01.2017 16:33;916.2;916.2;916.2;916.2;0.03;27.49;916.2
29.01.2017 16:34;0;0;0;0;0;0;0
29.01.2017 16:35;0;0;0;0;0;0;0
29.01.2017 16:36;0;0;0;0;0;0;0
29.01.2017 16:37;0;0;0;0;0;0;0
29.01.2017 16:38;0;0;0;0;0;0;0
29.01.2017 16:39;917.01;917.01;917.01;917.01;0.03;26.28;917.01
29.01.2017 16:40;916.2;916.2;916;916;0.93;851.79;916.02
29.01.2017 16:41;0;0;0;0;0;0;0
29.01.2017 16:42;916;916.95;916;916.95;0.1;91.77;916.28
29.01.2017 16:43;0;0;0;0;0;0;0
29.01.2017 16:44;915.99;915.99;915.04;915.04;7.12;6512.69;915.14
29.01.2017 16:45;0;0;0;0;0;0;0
29.01.2017 16:46;0;0;0;0;0;0;0
29.01.2017 16:47;916.04;916.04;916.04;916.04;0.43;392.91;916.04
29.01.2017 16:48;916.04;916.04;916.04;916.04;0.08;73.19;916.04
29.01.2017 16:49;0;0;0;0;0;0;0
29.01.2017 16:50;0;0;0;0;0;0;0
29.01.2017 16:51;0;0;0;0;0;0;0
29.01.2017 16:52;0;0;0;0;0;0;0
29.01.2017 16:53;0;0;0;0;0;0;0
29.01.2017 16:54;0;0;0;0;0;0;0
29.01.2017 16:55;0;0;0;0;0;0;0
29.01.2017 16:56;0;0;0;0;0;0;0
29.01.2017 16:57;916.04;916.04;916.04;916.04;0.11;102.91;916.04
29.01.2017 16:58;916.04;916.04;916.04;916.04;0.04;40.91;916.04
29.01.2017 16:59;915.01;915.01;915;915;6.56;5998.05;915
29.01.2017 17:00;0;0;0;0;0;0;0
29.01.2017 17:01;0;0;0;0;0;0;0
29.01.2017 17:02;0;0;0;0;0;0;0
29.01.2017 17:03;0;0;0;0;0;0;0
29.01.2017 17:04;0;0;0;0;0;0;0
29.01.2017 17:05;0;0;0;0;0;0;0
29.01.2017 17:06;916.04;916.04;916.04;916.04;0.08;73.78;916.04
29.01.2017 17:07;0;0;0;0;0;0;0
29.01.2017 17:08;0;0;0;0;0;0;0
29.01.2017 17:09;0;0;0;0;0;0;0
29.01.2017 17:10;0;0;0;0;0;0;0
29.01.2017 17:11;915.98;915.98;915.98;915.98;0.12;113.98;915.98
29.01.2017 17:12;915.93;915.95;915.93;915.95;0.01;11.33;915.93
29.01.2017 17:13;0;0;0;0;0;0;0
29.01.2017 17:14;915.93;915.98;915.93;915.98;0.04;39.9;915.95
29.01.2017 17:15;0;0;0;0;0;0;0
29.01.2017 17:16;915.98;915.98;915.98;915.98;0.02;22.66;915.98
29.01.2017 17:17;0;0;0;0;0;0;0
29.01.2017 17:18;0;0;0;0;0;0;0
29.01.2017 17:19;0;0;0;0;0;0;0
29.01.2017 17:20;915.93;915.93;915.93;915.93;0.3;273.56;915.93
29.01.2017 17:21;0;0;0;0;0;0;0
29.01.2017 17:22;915;915;914;914;27.13;24808.98;914.56
29.01.2017 17:23;914.01;914.01;914;914;11.74;10733.92;914.01
29.01.2017 17:24;914.4;914.4;914.4;914.4;0.13;116.04;914.4
29.01.2017 17:25;914.4;914.68;914.01;914.68;2.07;1893.35;914.38
29.01.2017 17:26;914.68;914.69;914.68;914.69;2.02;1849.32;914.69
29.01.2017 17:27;914.69;914.69;914.69;914.69;0.01;7.67;914.69
29.01.2017 17:28;914.69;914.69;914.69;914.69;0.02;21.62;914.69
29.01.2017 17:29;914.69;914.71;914.69;914.71;1;914.7;914.7
29.01.2017 17:30;914.04;914.04;914.04;914.04;0.05;42.06;914.04
29.01.2017 17:31;0;0;0;0;0;0;0
29.01.2017 17:32;0;0;0;0;0;0;0
29.01.2017 17:33;0;0;0;0;0;0;0
29.01.2017 17:34;0;0;0;0;0;0;0
29.01.2017 17:35;914.71;914.71;914.71;914.71;0.23;213.51;914.71
29.01.2017 17:36;0;0;0;0;0;0;0
29.01.2017 17:37;0;0;0;0;0;0;0
29.01.2017 17:38;0;0;0;0;0;0;0
29.01.2017 17:39;914.19;914.71;914.06;914.71;1.03;943.71;914.1
29.01.2017 17:40;914.7;914.7;914.7;914.7;0.08;72.06;914.7
29.01.2017 17:41;914.06;914.06;913.5;913.5;38.06;34779.08;913.75
29.01.2017 17:42;913.51;914.09;913.5;914.09;13.16;12021.13;913.51
29.01.2017 17:43;914.69;915;914.69;915;3.07;2805.34;914.8
29.01.2017 17:44;0;0;0;0;0;0;0
29.01.2017 17:45;0;0;0;0;0;0;0
29.01.2017 17:46;915.2;915.2;915.2;915.2;0.04;33.43;915.2
29.01.2017 17:47;915.2;915.2;915.2;915.2;0.46;418.15;915.2
29.01.2017 17:48;915.2;915.63;915.2;915.63;0.08;74.93;915.6
29.01.2017 17:49;915.21;915.21;915.2;915.2;0.65;591.89;915.21
29.01.2017 17:50;0;0;0;0;0;0;0
29.01.2017 17:51;915.21;915.21;915.2;915.2;0.35;324.81;915.21
29.01.2017 17:52;913.88;915.21;913.88;915.21;0.48;437.54;914.21
29.01.2017 17:53;913.96;913.96;913.4;913.4;5.57;5085.96;913.49
29.01.2017 17:54;915.65;915.65;915.65;915.65;0.01;9.12;915.65
29.01.2017 17:55;0;0;0;0;0;0;0
29.01.2017 17:56;915.58;915.58;915.58;915.58;0.32;289.75;915.58
29.01.2017 17:57;915.58;915.66;913.56;913.56;1.26;1156.16;914.83
29.01.2017 17:58;915.66;915.68;915.66;915.68;0.45;411.23;915.66
29.01.2017 17:59;915.68;915.68;915.68;915.68;0.1;91.57;915.68
29.01.2017 18:00;0;0;0;0;0;0;0
29.01.2017 18:01;0;0;0;0;0;0;0
29.01.2017 18:02;0;0;0;0;0;0;0
29.01.2017 18:03;0;0;0;0;0;0;0
29.01.2017 18:04;0;0;0;0;0;0;0
29.01.2017 18:05;915;915.64;915;915.64;0.29;263.79;915.29
29.01.2017 18:06;0;0;0;0;0;0;0
29.01.2017 18:07;914.81;914.81;913.21;913.21;0.18;167.59;913.78
29.01.2017 18:08;0;0;0;0;0;0;0
29.01.2017 18:09;914.67;915.13;914.67;915.13;1;914.67;914.89
29.01.2017 18:10;913.44;913.44;912.98;912.98;3.82;3491.31;913.19
29.01.2017 18:11;0;0;0;0;0;0;0
29.01.2017 18:12;0;0;0;0;0;0;0
29.01.2017 18:13;0;0;0;0;0;0;0
29.01.2017 18:14;913.19;913.58;913.19;913.58;2.04;1861.65;913.47
29.01.2017 18:15;913.58;913.58;913.58;913.58;0.27;249.76;913.58
29.01.2017 18:16;0;0;0;0;0;0;0
29.01.2017 18:17;913.58;913.58;913.58;913.58;0.8;730.74;913.58
29.01.2017 18:18;913.58;913.58;913.58;913.58;0.1;90.21;913.58
29.01.2017 18:19;914.19;914.5;914.19;914.5;2.19;2003.07;914.39
29.01.2017 18:20;914.5;914.5;914.5;914.5;1.52;1391.83;914.5
29.01.2017 18:21;914.53;914.53;914.53;914.53;0.02;16.76;914.53
29.01.2017 18:22;914.41;914.41;914.4;914.4;3.46;3164.77;914.41
29.01.2017 18:23;914.31;914.31;914.25;914.25;1.96;1791.95;914.26
29.01.2017 18:24;0;0;0;0;0;0;0
29.01.2017 18:25;914.53;914.53;914;914;4.18;3818.45;914.03
29.01.2017 18:26;0;0;0;0;0;0;0
29.01.2017 18:27;913.98;914.25;913.98;914.25;5.5;5028.35;914.08
29.01.2017 18:28;914.07;914.24;913.21;914.24;0.11;97.05;913.88
29.01.2017 18:29;913.93;913.93;913.93;913.93;0.01;9.06;913.93
29.01.2017 18:30;914.24;914.24;914.24;914.24;0.5;455.02;914.24
29.01.2017 18:31;914.25;914.25;913.21;913.21;1.23;1128.71;914.14
29.01.2017 18:32;914.25;914.25;914.25;914.25;0.11;101.72;914.25
29.01.2017 18:33;0;0;0;0;0;0;0
29.01.2017 18:34;914.25;914.25;914.25;914.25;1.1;1004.59;914.25
29.01.2017 18:35;0;0;0;0;0;0;0
29.01.2017 18:36;914.25;914.25;914.25;914.25;3.52;3220.77;914.25
29.01.2017 18:37;914.25;914.25;914.25;914.25;0.14;129.71;914.25
29.01.2017 18:38;914.25;914.25;914.25;914.25;0.49;451.38;914.25
29.01.2017 18:39;913.24;913.91;912.89;912.89;59.81;54604.57;913.01
29.01.2017 18:40;0;0;0;0;0;0;0
29.01.2017 18:41;913.53;913.54;913.53;913.54;0.39;359.1;913.53
29.01.2017 18:42;912.98;912.98;912.98;912.98;0.02;19.16;912.98
29.01.2017 18:43;912.98;913;912.98;913;0.58;532.91;912.98
29.01.2017 18:44;0;0;0;0;0;0;0
29.01.2017 18:45;913;913;913;913;3.41;3111.25;913
29.01.2017 18:46;913;913;912.68;912.68;0.36;325.8;912.73
29.01.2017 18:47;913;913;912.3;912.3;22.5;20525.9;912.38
29.01.2017 18:48;912.3;912.97;912.3;912.3;21.63;19731.58;912.3
29.01.2017 18:49;0;0;0;0;0;0;0
29.01.2017 18:50;0;0;0;0;0;0;0
29.01.2017 18:51;912.3;912.3;912.3;912.3;0.22;202.45;912.3
29.01.2017 18:52;912.3;912.3;912.3;912.3;19.99;18239.33;912.3
29.01.2017 18:53;912.97;912.97;912.97;912.97;0.11;100.6;912.97
29.01.2017 18:54;912.97;912.98;912.97;912.98;0.3;270.52;912.98
29.01.2017 18:55;912.98;913;912.98;913;2.79;2551.61;913
29.01.2017 18:56;913;913;913;913;5.1;4656.3;913
29.01.2017 18:57;912.98;912.98;912.32;912.32;1.4;1274.8;912.6
29.01.2017 18:58;912.97;913;912.97;913;10.15;9271.1;912.99
29.01.2017 18:59;913;913.56;912.54;912.54;14.07;12847.41;912.97
29.01.2017 19:00;0;0;0;0;0;0;0
29.01.2017 19:01;912.54;912.54;912.54;912.54;0.35;319.39;912.54
29.01.2017 19:02;913.51;913.51;913.51;913.51;0.11;96.29;913.51
29.01.2017 19:03;912.54;913.56;912.54;913.56;0.49;443.1;913.06
29.01.2017 19:04;912.55;914.24;912.55;914.24;1.14;1043.65;913.88
29.01.2017 19:05;914.24;914.24;914.24;914.24;0.1;90.73;914.24
29.01.2017 19:06;914.24;914.24;914.24;914.24;0.01;10.14;914.24
29.01.2017 19:07;914.24;914.24;914.24;914.24;0.04;35;914.24
29.01.2017 19:08;914.24;914.24;914.24;914.24;0.16;145.74;914.24
29.01.2017 19:09;914.32;914.34;914.32;914.34;0.92;836.61;914.32
29.01.2017 19:10;0;0;0;0;0;0;0
29.01.2017 19:11;0;0;0;0;0;0;0
29.01.2017 19:12;0;0;0;0;0;0;0
29.01.2017 19:13;0;0;0;0;0;0;0
29.01.2017 19:14;0;0;0;0;0;0;0
29.01.2017 19:15;0;0;0;0;0;0;0
29.01.2017 19:16;0;0;0;0;0;0;0
29.01.2017 19:17;914.34;914.34;914.34;914.34;0.01;9.12;914.34
29.01.2017 19:18;912.94;912.94;912.94;912.94;0.03;26.74;912.94
29.01.2017 19:19;0;0;0;0;0;0;0
29.01.2017 19:20;914.33;914.33;914.33;914.33;0.16;148.65;914.33
29.01.2017 19:21;914.33;914.33;914.33;914.33;0.02;20.09;914.33
29.01.2017 19:22;0;0;0;0;0;0;0
29.01.2017 19:23;914.13;914.13;914.13;914.13;0.05;45.58;914.13
29.01.2017 19:24;913.86;914.13;913.86;914.13;0.19;170.9;914
29.01.2017 19:25;914.13;914.49;914.13;914.49;2.25;2060.28;914.35
29.01.2017 19:26;0;0;0;0;0;0;0
29.01.2017 19:27;913.01;913.01;913.01;913.01;0.01;10.59;913.01
29.01.2017 19:28;914.49;914.49;914.49;914.49;0.21;191.49;914.49
29.01.2017 19:29;914.21;914.21;914.21;914.21;0.02;21.22;914.21
29.01.2017 19:30;914.21;914.5;914.21;914.5;0.59;538;914.5
29.01.2017 19:31;0;0;0;0;0;0;0
29.01.2017 19:32;0;0;0;0;0;0;0
29.01.2017 19:33;913.68;913.68;913.68;913.68;0.05;45.59;913.68
29.01.2017 19:34;0;0;0;0;0;0;0
29.01.2017 19:35;912.57;912.57;912.57;912.57;0.11;100.66;912.57
29.01.2017 19:36;0;0;0;0;0;0;0
29.01.2017 19:37;0;0;0;0;0;0;0
29.01.2017 19:38;0;0;0;0;0;0;0
29.01.2017 19:39;0;0;0;0;0;0;0
29.01.2017 19:40;913.57;913.57;913.57;913.57;0.02;22.8;913.57
29.01.2017 19:41;912.57;913.38;912.57;913.38;0.72;657.9;912.66
29.01.2017 19:42;912.32;912.32;912.3;912.3;6.22;5670.63;912.3
29.01.2017 19:43;913.36;913.36;913.36;913.36;0.5;453.66;913.36
29.01.2017 19:44;913.36;913.36;913.36;913.36;0.04;35.16;913.36
29.01.2017 19:45;912.31;912.31;912.31;912.31;0.22;199.9;912.31
29.01.2017 19:46;912.3;912.3;912.3;912.3;7.89;7193.86;912.3
29.01.2017 19:47;0;0;0;0;0;0;0
29.01.2017 19:48;0;0;0;0;0;0;0
29.01.2017 19:49;912.3;912.3;912.3;912.3;3.25;2968.43;912.3
29.01.2017 19:50;913.33;913.33;913.33;913.33;0.08;77.51;913.33
29.01.2017 19:51;913.33;913.33;913.33;913.33;0.48;438.24;913.33
29.01.2017 19:52;0;0;0;0;0;0;0
29.01.2017 19:53;0;0;0;0;0;0;0
29.01.2017 19:54;0;0;0;0;0;0;0
29.01.2017 19:55;0;0;0;0;0;0;0
29.01.2017 19:56;0;0;0;0;0;0;0
29.01.2017 19:57;0;0;0;0;0;0;0
29.01.2017 19:58;913.34;913.58;913.25;913.58;0.06;54.17;913.38
29.01.2017 19:59;0;0;0;0;0;0;0
29.01.2017 20:00;0;0;0;0;0;0;0
29.01.2017 20:01;913.37;913.37;912.31;912.31;0.2;183.87;912.39
29.01.2017 20:02;912.31;913.53;912.3;913.53;8.74;7978.3;912.91
29.01.2017 20:03;0;0;0;0;0;0;0
29.01.2017 20:04;0;0;0;0;0;0;0
29.01.2017 20:05;0;0;0;0;0;0;0
29.01.2017 20:06;0;0;0;0;0;0;0
29.01.2017 20:07;0;0;0;0;0;0;0
29.01.2017 20:08;913.58;913.58;913.58;913.58;0.93;851.7;913.58
29.01.2017 20:09;913.61;914;913.6;914;0.54;493.71;913.61
29.01.2017 20:10;914;914;913.6;913.6;0.44;399.25;913.82
29.01.2017 20:11;914;914;914;914;0.02;14.08;914
29.01.2017 20:12;913.6;913.6;913.6;913.6;0.03;25.25;913.6
29.01.2017 20:13;0;0;0;0;0;0;0
29.01.2017 20:14;914;914.53;912.3;912.3;2.77;2532.61;913.71
29.01.2017 20:15;914.45;914.45;914.45;914.45;0.45;414.25;914.45
29.01.2017 20:16;0;0;0;0;0;0;0
29.01.2017 20:17;914.44;914.45;914.44;914.45;0.27;246.9;914.44
29.01.2017 20:18;912.45;912.45;912.44;912.44;15;13686.61;912.44
29.01.2017 20:19;0;0;0;0;0;0;0
29.01.2017 20:20;912.52;912.52;912.52;912.52;0.01;6.58;912.52
29.01.2017 20:21;0;0;0;0;0;0;0
29.01.2017 20:22;0;0;0;0;0;0;0
29.01.2017 20:23;0;0;0;0;0;0;0
29.01.2017 20:24;914.07;914.07;914.07;914.07;0.11;100.3;914.07
29.01.2017 20:25;0;0;0;0;0;0;0
29.01.2017 20:26;0;0;0;0;0;0;0
29.01.2017 20:27;0;0;0;0;0;0;0
29.01.2017 20:28;0;0;0;0;0;0;0
29.01.2017 20:29;913.45;913.5;913.45;913.5;0.18;168.69;913.5
29.01.2017 20:30;913.63;913.92;913.63;913.92;1.33;1213.41;913.83
29.01.2017 20:31;913.93;913.93;913.93;913.93;0.01;8.14;913.93
29.01.2017 20:32;0;0;0;0;0;0;0
29.01.2017 20:33;914.46;914.54;914.46;914.54;1.37;1250.68;914.53
29.01.2017 20:34;914.59;914.59;914.57;914.57;0.44;397.84;914.58
29.01.2017 20:35;914.87;914.87;914.87;914.87;0.19;171.97;914.87
29.01.2017 20:36;914;914;914;914;0.27;245.5;914
29.01.2017 20:37;913.18;913.96;913.18;913.96;0.61;558.34;913.82
29.01.2017 20:38;914;914;914;914;0.73;668.5;914
29.01.2017 20:39;914.88;914.88;914.88;914.88;0.41;373.27;914.88
29.01.2017 20:40;914.88;914.88;912.46;912.46;13.76;12563.61;913.19
29.01.2017 20:41;0;0;0;0;0;0;0
29.01.2017 20:42;912.46;912.46;912.35;912.35;5.01;4572.64;912.43
29.01.2017 20:43;913.4;913.4;913.4;913.4;0.05;49.99;913.4
29.01.2017 20:44;912.39;912.39;912.39;912.39;0.1;91.24;912.39
29.01.2017 20:45;0;0;0;0;0;0;0
29.01.2017 20:46;0;0;0;0;0;0;0
29.01.2017 20:47;0;0;0;0;0;0;0
29.01.2017 20:48;0;0;0;0;0;0;0
29.01.2017 20:49;912.44;912.44;912.44;912.44;0.05;49.94;912.44
29.01.2017 20:50;913.38;913.91;913.38;913.91;1.01;918.5;913.5
29.01.2017 20:51;913.94;913.94;913.94;913.94;0.19;173.05;913.94
29.01.2017 20:52;912.8;914.36;912.8;914.36;1.37;1253.52;914.03
29.01.2017 20:53;914.56;914.57;910.45;912.25;148.97;135727.28;911.12
29.01.2017 20:54;0;0;0;0;0;0;0
29.01.2017 20:55;913.07;913.07;913.07;913.07;0.71;648.3;913.07
29.01.2017 20:56;913.09;913.09;913.09;913.09;0.56;513.88;913.09
29.01.2017 20:57;913.09;913.09;913.09;913.09;0.15;132.67;913.09
29.01.2017 20:58;913.07;913.07;912.12;912.12;0.71;649.2;912.17
29.01.2017 20:59;913.08;913.08;913.08;913.08;0.03;25.88;913.08
29.01.2017 21:00;0;0;0;0;0;0;0
29.01.2017 21:01;0;0;0;0;0;0;0
29.01.2017 21:02;913.08;913.09;912.44;913.09;0.8;725.9;912.69
29.01.2017 21:03;0;0;0;0;0;0;0
29.01.2017 21:04;0;0;0;0;0;0;0
29.01.2017 21:05;913.09;913.09;913.09;913.09;0.05;43.5;913.09
29.01.2017 21:06;0;0;0;0;0;0;0
29.01.2017 21:07;913.09;913.09;913.09;913.09;0.54;497.17;913.09
29.01.2017 21:08;913.19;913.19;913.19;913.19;0.32;290.11;913.19
29.01.2017 21:09;913.19;913.19;913.19;913.19;0.02;17.13;913.19
29.01.2017 21:10;913.19;913.2;913.09;913.09;0.95;865.26;913.16
29.01.2017 21:11;0;0;0;0;0;0;0
29.01.2017 21:12;0;0;0;0;0;0;0
29.01.2017 21:13;0;0;0;0;0;0;0
29.01.2017 21:14;0;0;0;0;0;0;0
29.01.2017 21:15;0;0;0;0;0;0;0
29.01.2017 21:16;0;0;0;0;0;0;0
29.01.2017 21:17;0;0;0;0;0;0;0
29.01.2017 21:18;0;0;0;0;0;0;0
29.01.2017 21:19;913.16;913.16;913.16;913.16;0.02;18.26;913.16
29.01.2017 21:20;913.16;913.16;913.16;913.16;0.19;175.12;913.16
29.01.2017 21:21;0;0;0;0;0;0;0
29.01.2017 21:22;913.2;913.54;913.2;913.54;0.19;176.3;913.45
29.01.2017 21:23;0;0;0;0;0;0;0
29.01.2017 21:24;913.54;913.54;913.54;913.54;0.04;33.45;913.54
29.01.2017 21:25;913.54;913.54;913.54;913.54;0.07;63.95;913.54
29.01.2017 21:26;913.54;913.54;913.54;913.54;0.02;19.18;913.54
29.01.2017 21:27;913.54;914.05;913.54;914.05;1.64;1496.08;914.03
29.01.2017 21:28;0;0;0;0;0;0;0
29.01.2017 21:29;0;0;0;0;0;0;0
29.01.2017 21:30;0;0;0;0;0;0;0
29.01.2017 21:31;0;0;0;0;0;0;0
29.01.2017 21:32;0;0;0;0;0;0;0
29.01.2017 21:33;0;0;0;0;0;0;0
29.01.2017 21:34;0;0;0;0;0;0;0
29.01.2017 21:35;0;0;0;0;0;0;0
29.01.2017 21:36;0;0;0;0;0;0;0
29.01.2017 21:37;914.05;914.05;914.05;914.05;0.05;50;914.05
29.01.2017 21:38;914.05;914.19;914.05;914.19;1.39;1273.24;914.1
29.01.2017 21:39;914.25;915;914.25;915;2.35;2150.22;914.87
29.01.2017 21:40;915;915;915;915;0.35;319.49;915
29.01.2017 21:41;913.54;915;913.54;915;0.11;99.97;914.27
29.01.2017 21:42;915;915;915;915;0.94;861.29;915
29.01.2017 21:43;914.99;914.99;914.99;914.99;0.05;44.71;914.99
29.01.2017 21:44;0;0;0;0;0;0;0
29.01.2017 21:45;0;0;0;0;0;0;0
29.01.2017 21:46;915;915;913.06;913.06;6.65;6071.69;913.13
29.01.2017 21:47;0;0;0;0;0;0;0
29.01.2017 21:48;0;0;0;0;0;0;0
29.01.2017 21:49;913.85;913.85;913.85;913.85;0.01;4.96;913.85
29.01.2017 21:50;913.85;913.85;913.85;913.85;1.93;1761.51;913.85
29.01.2017 21:51;0;0;0;0;0;0;0
29.01.2017 21:52;912.81;912.81;912.69;912.69;1.1;1003.97;912.7
29.01.2017 21:53;912.69;912.69;912.69;912.69;0.57;518.86;912.69
29.01.2017 21:54;0;0;0;0;0;0;0
29.01.2017 21:55;0;0;0;0;0;0;0
29.01.2017 21:56;0;0;0;0;0;0;0
29.01.2017 21:57;0;0;0;0;0;0;0
29.01.2017 21:58;913.86;913.86;913.86;913.86;0.21;188.78;913.86
29.01.2017 21:59;913.85;913.85;913.85;913.85;0.02;22.31;913.85
29.01.2017 22:00;0;0;0;0;0;0;0
29.01.2017 22:01;0;0;0;0;0;0;0
29.01.2017 22:02;0;0;0;0;0;0;0
29.01.2017 22:03;913.86;913.86;912.52;912.52;0.56;506.82;913.06
29.01.2017 22:04;912.52;912.52;912.52;912.52;0.05;50.13;912.52
29.01.2017 22:05;0;0;0;0;0;0;0
29.01.2017 22:06;0;0;0;0;0;0;0
29.01.2017 22:07;0;0;0;0;0;0;0
29.01.2017 22:08;913;913;913;913;0.42;382.46;913
29.01.2017 22:09;0;0;0;0;0;0;0
29.01.2017 22:10;0;0;0;0;0;0;0
29.01.2017 22:11;0;0;0;0;0;0;0
29.01.2017 22:12;0;0;0;0;0;0;0
29.01.2017 22:13;0;0;0;0;0;0;0
29.01.2017 22:14;0;0;0;0;0;0;0
29.01.2017 22:15;912.99;912.99;912.41;912.41;0.44;405.19;912.58
29.01.2017 22:16;912.99;913;912.99;913;0.05;44.14;913
29.01.2017 22:17;913;913;913;913;0.55;505.3;913
29.01.2017 22:18;0;0;0;0;0;0;0
29.01.2017 22:19;913.86;913.86;913.86;913.86;0.24;219.21;913.86
29.01.2017 22:20;913.86;913.86;913.86;913.86;0.2;185.73;913.86
29.01.2017 22:21;912.56;912.56;912.56;912.56;0.44;402.01;912.56
29.01.2017 22:22;0;0;0;0;0;0;0
29.01.2017 22:23;912.56;912.56;912.56;912.56;0.11;104.54;912.56
29.01.2017 22:24;912.56;912.56;912.56;912.56;0.08;73.33;912.56
29.01.2017 22:25;0;0;0;0;0;0;0
29.01.2017 22:26;912.56;913.85;912.56;913.85;1.79;1634.3;913.02
29.01.2017 22:27;912.46;912.46;912.43;912.43;10.98;10022.04;912.43
29.01.2017 22:28;0;0;0;0;0;0;0
29.01.2017 22:29;912.2;912.2;912.2;912.2;0.02;15.03;912.2
29.01.2017 22:30;0;0;0;0;0;0;0
29.01.2017 22:31;912.2;913.19;912.17;913.19;1.02;929.32;912.21
29.01.2017 22:32;913.19;913.19;913.19;913.19;0.05;41.59;913.19
29.01.2017 22:33;0;0;0;0;0;0;0
29.01.2017 22:34;912.17;913.43;912;913.43;4;3653.77;912.32
29.01.2017 22:35;0;0;0;0;0;0;0
29.01.2017 22:36;913.43;913.43;912.01;912.01;0.02;16.42;913
29.01.2017 22:37;913.43;913.43;913.43;913.43;0.12;109.61;913.43
29.01.2017 22:38;0;0;0;0;0;0;0
29.01.2017 22:39;913.43;913.43;913.43;913.43;0.18;164.69;913.43
29.01.2017 22:40;0;0;0;0;0;0;0
29.01.2017 22:41;0;0;0;0;0;0;0
29.01.2017 22:42;0;0;0;0;0;0;0
29.01.2017 22:43;0;0;0;0;0;0;0
29.01.2017 22:44;0;0;0;0;0;0;0
29.01.2017 22:45;912.77;912.77;912.01;912.01;0.05;45.6;912.09
29.01.2017 22:46;913.42;913.42;913.42;913.42;0.02;18.27;913.42
29.01.2017 22:47;0;0;0;0;0;0;0
29.01.2017 22:48;913.42;913.42;913.42;913.42;0.12;109.91;913.42
29.01.2017 22:49;913.43;913.43;913.43;913.43;0.05;47.29;913.43
29.01.2017 22:50;913.43;913.85;913.42;913.85;0.51;464.71;913.63
29.01.2017 22:51;913.85;913.87;913.42;913.87;1.15;1052.99;913.69
29.01.2017 22:52;914.02;914.02;913.42;913.42;0.05;45.77;913.76
29.01.2017 22:53;914.02;914.03;914.02;914.03;0.49;452.02;914.03
29.01.2017 22:54;913.94;913.94;913.94;913.94;0.01;10.19;913.94
29.01.2017 22:55;0;0;0;0;0;0;0
29.01.2017 22:56;0;0;0;0;0;0;0
29.01.2017 22:57;913.43;913.43;913.43;913.43;0.03;25.86;913.43
29.01.2017 22:58;913.43;913.94;913.43;913.94;0.35;318.55;913.86
29.01.2017 22:59;0;0;0;0;0;0;0
29.01.2017 23:00;913.76;913.76;913.76;913.76;1.39;1270;913.76
29.01.2017 23:01;0;0;0;0;0;0;0
29.01.2017 23:02;0;0;0;0;0;0;0
29.01.2017 23:03;0;0;0;0;0;0;0
29.01.2017 23:04;0;0;0;0;0;0;0
29.01.2017 23:05;913.59;913.59;913.59;913.59;0.74;679.73;913.59
29.01.2017 23:06;912.44;913.28;912.02;913.28;1.57;1436.24;912.63
29.01.2017 23:07;912.02;912.02;912;912;1.1;1003.21;912.01
29.01.2017 23:08;912;912;912;912;1;912;912
29.01.2017 23:09;913.11;913.11;912;912;1.2;1093.3;912.19
29.01.2017 23:10;912;912;912;912;0.32;291.84;912
29.01.2017 23:11;0;0;0;0;0;0;0
29.01.2017 23:12;0;0;0;0;0;0;0
29.01.2017 23:13;0;0;0;0;0;0;0
29.01.2017 23:14;913.26;913.27;912.35;913.27;0.51;463.04;913.19
29.01.2017 23:15;913.27;913.27;913.27;913.27;0.18;167.12;913.27
29.01.2017 23:16;0;0;0;0;0;0;0
29.01.2017 23:17;0;0;0;0;0;0;0
29.01.2017 23:18;912.36;912.36;912.36;912.36;0.12;107.75;912.36
29.01.2017 23:19;912.36;912.64;912.36;912.64;0.14;128.46;912.6
29.01.2017 23:20;912.64;913.1;912.64;913.1;0.29;267.05;912.89
29.01.2017 23:21;0;0;0;0;0;0;0
29.01.2017 23:22;0;0;0;0;0;0;0
29.01.2017 23:23;912.78;912.78;912.78;912.78;0.02;13.69;912.78
29.01.2017 23:24;0;0;0;0;0;0;0
29.01.2017 23:25;0;0;0;0;0;0;0
29.01.2017 23:26;912.85;912.85;912.85;912.85;0.08;73.94;912.85
29.01.2017 23:27;912.85;912.85;912.85;912.85;0.04;31.95;912.85
29.01.2017 23:28;912.85;912.85;912.79;912.85;0.21;192.92;912.84
29.01.2017 23:29;913.1;913.1;913.1;913.1;0.23;211.84;913.1
29.01.2017 23:30;912.79;913.27;912.78;912.78;0.57;522.52;912.84
29.01.2017 23:31;913.27;913.81;913.27;913.81;0.25;225.26;913.6
29.01.2017 23:32;913.49;913.78;913.44;913.78;2.23;2037.25;913.76
29.01.2017 23:33;913.44;913.44;913.44;913.44;0.01;10.96;913.44
29.01.2017 23:34;0;0;0;0;0;0;0
29.01.2017 23:35;0;0;0;0;0;0;0
29.01.2017 23:36;0;0;0;0;0;0;0
29.01.2017 23:37;0;0;0;0;0;0;0
29.01.2017 23:38;913.44;913.44;912.27;912.27;1.9;1734.41;912.85
29.01.2017 23:39;912.02;912.02;912.01;912.01;0.96;878.76;912.01
29.01.2017 23:40;913.15;913.15;913.12;913.12;0.16;143.36;913.15
29.01.2017 23:41;913.14;913.14;913.08;913.08;0.33;300;913.12
29.01.2017 23:42;0;0;0;0;0;0;0
29.01.2017 23:43;0;0;0;0;0;0;0
29.01.2017 23:44;913.16;913.16;913.16;913.16;0.05;42.92;913.16
29.01.2017 23:45;913.16;913.19;912.02;912.02;0.23;208.91;912.62
29.01.2017 23:46;912.02;913.19;912.02;913.19;4.01;3661.48;913.12
29.01.2017 23:47;913.32;913.51;913.32;913.51;0.24;216.73;913.42
29.01.2017 23:48;913.46;913.46;913.25;913.25;0.29;266.68;913.29
29.01.2017 23:49;0;0;0;0;0;0;0
29.01.2017 23:50;912.2;913.13;912.2;913.13;1.56;1425.13;913.06
29.01.2017 23:51;0;0;0;0;0;0;0
29.01.2017 23:52;0;0;0;0;0;0;0
29.01.2017 23:53;912.23;912.23;912.19;912.19;0.72;655.46;912.2
29.01.2017 23:54;913.21;913.21;912.19;912.19;0.35;321.23;912.58
29.01.2017 23:55;0;0;0;0;0;0;0
29.01.2017 23:56;913.3;913.46;913.3;913.46;0.16;146.11;913.44
29.01.2017 23:57;913.12;913.12;913.12;913.12;0.01;5.48;913.12
29.01.2017 23:58;0;0;0;0;0;0;0
29.01.2017 23:59;912.04;912.04;912.01;912.01;12.14;11069.09;912.01
30.01.2017 00:00;913.12;913.76;912.01;912.01;5.34;4875.5;913.07
30.01.2017 00:01;913.81;913.92;912.04;912.04;2.36;2155.15;913.8
30.01.2017 00:02;912.04;913.44;912.04;913.44;0.27;243.34;912.86
30.01.2017 00:03;913.44;913.44;912;912;13.83;12616.27;912.33
30.01.2017 00:04;912;912.66;912;912.66;5.28;4812.38;912
30.01.2017 00:05;912;912;912;912;0.05;45.09;912
30.01.2017 00:06;912;912.61;912;912.61;0.14;129.55;912.55
30.01.2017 00:07;912.61;912.76;912.61;912.76;8.21;7490.94;912.67
30.01.2017 00:08;912.76;913.08;912;913.08;43.98;40120.31;912.23
30.01.2017 00:09;0;0;0;0;0;0;0
30.01.2017 00:10;0;0;0;0;0;0;0
30.01.2017 00:11;912;912.9;910.3;910.3;257.14;234098.83;910.38
30.01.2017 00:12;0;0;0;0;0;0;0
30.01.2017 00:13;910.3;910.3;910.3;910.3;0.37;339.78;910.3
30.01.2017 00:14;910.33;911.33;910.33;910.34;0.72;658.41;910.54
30.01.2017 00:15;910.34;910.34;910.34;910.34;0.13;121.67;910.34
30.01.2017 00:16;910.35;911.29;910.33;910.33;1.82;1657.92;910.93
30.01.2017 00:17;0;0;0;0;0;0;0
30.01.2017 00:18;911.29;911.35;911.29;911.35;6.1;5555.59;911.34
30.01.2017 00:19;0;0;0;0;0;0;0
30.01.2017 00:20;911.35;911.35;911.35;911.35;0.59;536.28;911.35
30.01.2017 00:21;911.35;911.35;910.57;910.57;0.08;77.24;910.74
30.01.2017 00:22;910.6;911.34;910.35;911.34;0.86;783.05;910.52
30.01.2017 00:23;911.34;911.34;910.61;910.64;0.8;727.93;911.03
30.01.2017 00:24;910.64;910.64;910.64;910.64;0.47;425.86;910.64
30.01.2017 00:25;910.64;911.28;910.64;911.28;0.83;753.31;910.81
30.01.2017 00:26;911.28;911.29;911.28;911.29;0.37;337.97;911.29
30.01.2017 00:27;911.29;911.31;911.29;911.31;1.55;1408.94;911.31
30.01.2017 00:28;0;0;0;0;0;0;0
30.01.2017 00:29;911.31;911.31;910.61;910.61;0.3;268.83;911.27
30.01.2017 00:30;910.85;911.31;910.85;911.31;0.29;266.68;911.2
30.01.2017 00:31;911.39;911.39;911.3;911.38;0.13;114.83;911.34
30.01.2017 00:32;0;0;0;0;0;0;0
30.01.2017 00:33;0;0;0;0;0;0;0
30.01.2017 00:34;0;0;0;0;0;0;0
30.01.2017 00:35;911.39;911.42;911.39;911.42;2.52;2298.03;911.42
30.01.2017 00:36;910.41;910.41;910.41;910.41;0.09;85.29;910.41
30.01.2017 00:37;911.42;911.42;911.42;911.42;0.21;193.3;911.42
30.01.2017 00:38;0;0;0;0;0;0;0
30.01.2017 00:39;911.42;911.42;911.42;911.42;0.38;345.43;911.42
30.01.2017 00:40;910.43;911.43;910.43;910.44;0.26;240.31;910.49
30.01.2017 00:41;910.44;911.44;910.44;911.44;0.09;84.7;910.76
30.01.2017 00:42;910.4;911.43;910.33;911.43;1.33;1215.37;910.41
30.01.2017 00:43;910.33;910.33;910.33;910.33;4.47;4065.21;910.33
30.01.2017 00:44;910.3;911.43;910.3;910.31;10.69;9729.89;910.34
30.01.2017 00:45;911.01;911.43;911.01;911.43;0.02;20.05;911.18
30.01.2017 00:46;910.31;910.31;910.3;910.3;0.1;95.19;910.3
30.01.2017 00:47;910.3;911.43;910.3;910.3;0.65;593.65;910.68
30.01.2017 00:48;910.3;910.3;910.3;910.3;10.08;9172.56;910.3
30.01.2017 00:49;0;0;0;0;0;0;0
30.01.2017 00:50;911.42;911.43;911.42;911.42;0.49;445.48;911.43
30.01.2017 00:51;910.31;911.43;910.31;911.43;0.06;53.12;911.16
30.01.2017 00:52;910.31;910.31;910.31;910.31;0.24;217.51;910.31
30.01.2017 00:53;0;0;0;0;0;0;0
30.01.2017 00:54;0;0;0;0;0;0;0
30.01.2017 00:55;911.24;911.25;910.3;910.3;0.42;384.15;910.64
30.01.2017 00:56;911.23;911.25;911.23;911.25;0.03;28.25;911.24
30.01.2017 00:57;911.25;911.28;910.3;910.3;0.18;166.13;910.98
30.01.2017 00:58;911.28;911.28;911.25;911.25;0.02;20.5;911.26
30.01.2017 00:59;910.3;910.3;910.3;910.3;0.04;37.84;910.3
30.01.2017 01:00;910.3;910.3;910.3;910.3;0.04;36.64;910.3
30.01.2017 01:01;911.23;911.23;911.23;911.23;0.01;6.87;911.23
30.01.2017 01:02;910.3;911.28;910.3;911.28;0.14;123.45;910.57
30.01.2017 01:03;911.28;911.57;910.3;911.57;2.33;2124.61;911.45
30.01.2017 01:04;0;0;0;0;0;0;0
30.01.2017 01:05;911.7;911.7;911.7;911.7;0.08;75;911.7
30.01.2017 01:06;0;0;0;0;0;0;0
30.01.2017 01:07;910.33;910.33;910.33;910.33;2.6;2370.5;910.33
30.01.2017 01:08;910.3;910.3;910;910;2.22;2016.37;910.09
30.01.2017 01:09;910.33;910.33;910;910;10.3;9373.95;910
30.01.2017 01:10;910.33;910.33;910.33;910.33;0.33;299.5;910.33
30.01.2017 01:11;911.19;911.19;911.19;911.19;0.03;27.34;911.19
30.01.2017 01:12;911.19;911.2;911.19;911.2;0.82;751.51;911.2
30.01.2017 01:13;0;0;0;0;0;0;0
30.01.2017 01:14;911.2;911.2;911.2;911.2;0.48;434.17;911.2
30.01.2017 01:15;911.2;911.22;911.2;911.22;0.21;187.71;911.21
30.01.2017 01:16;0;0;0;0;0;0;0
30.01.2017 01:17;0;0;0;0;0;0;0
30.01.2017 01:18;911.22;911.22;910.33;910.33;0.05;49.62;910.53
30.01.2017 01:19;911.22;911.22;911.22;911.22;0.03;24.46;911.22
30.01.2017 01:20;911.22;911.22;911.22;911.22;0.07;63.88;911.22
30.01.2017 01:21;911.22;911.22;911.22;911.22;0.44;404.15;911.22
30.01.2017 01:22;911.22;911.22;911.22;911.22;0.03;29.35;911.22
30.01.2017 01:23;910.33;910.33;910.33;910.33;0.04;37.17;910.33
30.01.2017 01:24;911.22;911.22;911.22;911.22;0.52;473.68;911.22
30.01.2017 01:25;911.22;911.22;911.22;911.22;0.28;256.04;911.22
30.01.2017 01:26;911.22;911.22;911.22;911.22;0.08;68.87;911.22
30.01.2017 01:27;911.22;911.22;911.22;911.22;0.54;491.81;911.22
30.01.2017 01:28;911.8;911.97;911.69;911.69;6.92;6313.76;911.82
30.01.2017 01:29;911.25;911.25;911.25;911.25;0.01;11.92;911.25
30.01.2017 01:30;911.25;911.98;911.24;911.98;0.79;724.07;911.36
30.01.2017 01:31;911.24;911.24;911.22;911.22;1.96;1784.33;911.22
30.01.2017 01:32;911.22;911.73;911.22;911.73;0.14;128.09;911.31
30.01.2017 01:33;911.22;911.22;911.22;911.22;1;914.17;911.22
30.01.2017 01:34;0;0;0;0;0;0;0
30.01.2017 01:35;911.87;911.87;911.87;911.87;0.03;27.36;911.87
30.01.2017 01:36;911.23;911.69;911.23;911.69;0.04;35.17;911.53
30.01.2017 01:37;911.23;911.23;911.23;911.23;0.01;10.18;911.23
30.01.2017 01:38;911.6;911.95;911.6;911.6;0.72;653;911.62
30.01.2017 01:39;911.63;911.74;911.63;911.74;0.06;50.14;911.68
30.01.2017 01:40;911.23;911.23;911.23;911.23;0.03;28.51;911.23
30.01.2017 01:41;0;0;0;0;0;0;0
30.01.2017 01:42;911.7;911.94;911.7;911.94;4.63;4219.78;911.72
30.01.2017 01:43;911.97;911.97;911.97;911.97;0.09;77.52;911.97
30.01.2017 01:44;0;0;0;0;0;0;0
30.01.2017 01:45;912.16;912.16;912.16;912.16;0.06;51.99;912.16
30.01.2017 01:46;912.16;912.16;911.23;911.23;0.06;58.35;912
30.01.2017 01:47;912.16;912.2;912.16;912.2;2.8;2549.74;912.18
30.01.2017 01:48;911.25;912.2;911.25;911.26;0.35;316.5;911.6
30.01.2017 01:49;912.48;912.48;912.48;912.48;0.05;41.97;912.48
30.01.2017 01:50;912.25;912.25;912.25;912.25;0.17;152.35;912.25
30.01.2017 01:51;912.32;912.49;912.25;912.25;1.64;1496.73;912.42
30.01.2017 01:52;912.81;913.45;912.81;913.45;2.7;2461.81;913.07
30.01.2017 01:53;913.45;913.84;913.45;913.45;3.86;3524.69;913.71
30.01.2017 01:54;912.81;912.97;912.81;912.94;1.88;1711.86;912.94
30.01.2017 01:55;913.95;913.95;913.95;913.95;0.08;69.8;913.95
30.01.2017 01:56;0;0;0;0;0;0;0
30.01.2017 01:57;0;0;0;0;0;0;0
30.01.2017 01:58;0;0;0;0;0;0;0
30.01.2017 01:59;913.95;914.41;912.96;913.91;1.46;1338.68;914.24
30.01.2017 02:00;914.41;914.41;914.41;914.41;0.03;25.09;914.41
30.01.2017 02:01;914.41;914.41;914.41;914.41;0.26;236.56;914.41
30.01.2017 02:02;913.31;914.47;913.31;913.32;0.2;181.34;913.97
30.01.2017 02:03;0;0;0;0;0;0;0
30.01.2017 02:04;913.2;913.2;913.2;913.2;0.02;14.89;913.2
30.01.2017 02:05;914.47;914.81;914.47;914.81;0.1;93.28;914.52
30.01.2017 02:06;914.81;915.13;914.81;915.13;0.78;714.54;914.9
30.01.2017 02:07;0;0;0;0;0;0;0
30.01.2017 02:08;915.13;915.28;915.13;915.28;10.03;9177.06;915.21
30.01.2017 02:09;0;0;0;0;0;0;0
30.01.2017 02:10;915.37;915.37;915.37;915.37;0.05;50.27;915.37
30.01.2017 02:11;0;0;0;0;0;0;0
30.01.2017 02:12;915.37;915.37;915.37;915.37;0.04;32.43;915.37
30.01.2017 02:13;915.37;915.37;915.37;915.37;0.21;192.23;915.37
30.01.2017 02:14;914.31;914.31;914.31;914.31;0.06;53.77;914.31
30.01.2017 02:15;914.31;915.37;914.31;915.37;0.84;765.7;915.23
30.01.2017 02:16;915.87;915.98;915.87;915.87;1.13;1038.85;915.87
30.01.2017 02:17;915;915;914.99;914.99;1.09;1001.04;914.99
30.01.2017 02:18;915.83;915.83;914.94;914.94;0.24;218.82;915.26
30.01.2017 02:19;915.83;915.83;915.83;915.83;0.01;12.82;915.83
30.01.2017 02:20;0;0;0;0;0;0;0
30.01.2017 02:21;914.33;914.33;914.33;914.33;0.01;10.06;914.33
30.01.2017 02:22;915.83;915.83;915.83;915.83;0.02;18.13;915.83
30.01.2017 02:23;915.83;915.85;915.83;915.85;0.57;519.94;915.84
30.01.2017 02:24;0;0;0;0;0;0;0
30.01.2017 02:25;915.71;915.71;915.68;915.68;0.12;114.21;915.69
30.01.2017 02:26;915.81;915.83;915.78;915.78;0.13;122.72;915.8
30.01.2017 02:27;915.71;915.81;915.71;915.81;0.2;182.24;915.78
30.01.2017 02:28;915.69;915.69;915.69;915.69;0.06;53.11;915.69
30.01.2017 02:29;915.74;915.74;914.36;914.36;0.14;124.69;915.27
30.01.2017 02:30;0;0;0;0;0;0;0
30.01.2017 02:31;0;0;0;0;0;0;0
30.01.2017 02:32;915.69;915.69;915.69;915.69;0.02;15.57;915.69
30.01.2017 02:33;915.83;915.83;915.83;915.83;0.3;272;915.83
30.01.2017 02:34;0;0;0;0;0;0;0
30.01.2017 02:35;0;0;0;0;0;0;0
30.01.2017 02:36;0;0;0;0;0;0;0
30.01.2017 02:37;915.8;915.8;915.8;915.8;0.24;219.2;915.8
30.01.2017 02:38;915.73;915.73;914.49;914.49;0.28;257.55;915
30.01.2017 02:39;914.5;914.5;914.17;914.17;1.83;1675.29;914.49
30.01.2017 02:40;915.74;915.74;914.82;914.82;0.57;523.5;915.17
30.01.2017 02:41;914.34;914.34;914.34;914.34;0.2;184.74;914.34
30.01.2017 02:42;914.16;914.16;914.15;914.15;0.4;366.66;914.15
30.01.2017 02:43;914.15;914.15;914.15;914.15;0.06;51.1;914.15
30.01.2017 02:44;0;0;0;0;0;0;0
30.01.2017 02:45;915.42;915.42;915.42;915.42;0.04;33.59;915.42
30.01.2017 02:46;915.51;915.51;915.51;915.51;0.07;67.54;915.51
30.01.2017 02:47;0;0;0;0;0;0;0
30.01.2017 02:48;0;0;0;0;0;0;0
30.01.2017 02:49;0;0;0;0;0;0;0
30.01.2017 02:50;915.42;915.42;915.42;915.42;0.07;66.83;915.42
30.01.2017 02:51;915.42;915.42;915.42;915.42;0.15;133.1;915.42
30.01.2017 02:52;915.43;915.43;914.34;914.34;2.06;1883.85;914.55
30.01.2017 02:53;0;0;0;0;0;0;0
30.01.2017 02:54;0;0;0;0;0;0;0
30.01.2017 02:55;914.99;914.99;914.99;914.99;0.05;47.9;914.99
30.01.2017 02:56;914.28;914.28;914.28;914.28;0.01;11.02;914.28
30.01.2017 02:57;914.28;914.28;914.08;914.13;1.33;1215.51;914.11
30.01.2017 02:58;914.99;914.99;914.99;914.99;0.17;152;914.99
30.01.2017 02:59;915;915;915;915;0.05;45.12;915
30.01.2017 03:00;915;915;915;915;0.02;18.25;915
30.01.2017 03:01;915;915;914.99;914.99;0.12;107.42;914.99
30.01.2017 03:02;915;915;915;915;0.01;12.81;915
30.01.2017 03:03;914.99;914.99;914.99;914.99;0.13;119.9;914.99
30.01.2017 03:04;915;915;915;915;0.23;211.05;915
30.01.2017 03:05;915;915;915;915;0.02;22.81;915
30.01.2017 03:06;915;915;915;915;0.18;164.92;915
30.01.2017 03:07;0;0;0;0;0;0;0
30.01.2017 03:08;915;915.03;915;915.03;0.17;158.06;915.01
30.01.2017 03:09;915;915;915;915;0.03;27.85;915
30.01.2017 03:10;915;915;915;915;0.3;274.5;915
30.01.2017 03:11;915.03;915.03;915;915;0.19;178.11;915.02
30.01.2017 03:12;0;0;0;0;0;0;0
30.01.2017 03:13;915;915;915;915;0.08;71.8;915
30.01.2017 03:14;915;915.03;915;915;0.64;583.15;915.01
30.01.2017 03:15;0;0;0;0;0;0;0
30.01.2017 03:16;915.03;915.03;915.03;915.03;0.12;105.41;915.03
30.01.2017 03:17;915;915.03;915;915.03;0.16;147.64;915
30.01.2017 03:18;0;0;0;0;0;0;0
30.01.2017 03:19;915.03;915.03;915;915;1.01;924.15;915
30.01.2017 03:20;915;915.03;915;915.03;0.14;128.1;915.01
30.01.2017 03:21;915.03;915.03;915.03;915.03;0.01;9.98;915.03
30.01.2017 03:22;915.03;915.03;915.03;915.03;0.09;81.44;915.03
30.01.2017 03:23;915.03;916;915.03;915.99;10.01;9170.89;915.81
30.01.2017 03:24;915.99;916;915.03;915.99;10.27;9407.17;915.98
30.01.2017 03:25;915.99;915.99;915.99;915.99;0.15;136.36;915.99
30.01.2017 03:26;915.97;915.97;915.97;915.97;0.04;36.5;915.97
30.01.2017 03:27;915.93;915.99;914.99;915.73;0.27;249.41;915.24
30.01.2017 03:28;914.99;914.99;914.99;914.99;0.08;74.02;914.99
30.01.2017 03:29;915.82;915.82;915.69;915.69;0.18;166.66;915.71
30.01.2017 03:30;0;0;0;0;0;0;0
30.01.2017 03:31;0;0;0;0;0;0;0
30.01.2017 03:32;915.81;916;915.81;916;0.41;373.65;915.87
30.01.2017 03:33;915.81;915.81;915.81;915.81;0.08;70.2;915.81
30.01.2017 03:34;916;916;916;916;0.35;322.52;916
30.01.2017 03:35;915.81;916;915.81;916;0.18;161.35;915.98
30.01.2017 03:36;916;916;916;916;0.05;49.46;916
30.01.2017 03:37;0;0;0;0;0;0;0
30.01.2017 03:38;916;916;916;916;0.23;206.36;916
30.01.2017 03:39;0;0;0;0;0;0;0
30.01.2017 03:40;915.81;915.81;915.81;915.81;0.26;239.6;915.81
30.01.2017 03:41;915.81;916;915.79;916;0.69;628.85;915.82
30.01.2017 03:42;0;0;0;0;0;0;0
30.01.2017 03:43;0;0;0;0;0;0;0
30.01.2017 03:44;0;0;0;0;0;0;0
30.01.2017 03:45;0;0;0;0;0;0;0
30.01.2017 03:46;0;0;0;0;0;0;0
30.01.2017 03:47;915.79;915.79;915.79;915.79;0.05;50.1;915.79
30.01.2017 03:48;916;916.2;916;916.2;0.1;87.03;916.06
30.01.2017 03:49;915.79;915.79;915.79;915.79;0.04;39.08;915.79
30.01.2017 03:50;0;0;0;0;0;0;0
30.01.2017 03:51;916.2;916.2;916.2;916.2;0.19;170.41;916.2
30.01.2017 03:52;0;0;0;0;0;0;0
30.01.2017 03:53;916.2;916.2;916.2;916.2;0.03;24.74;916.2
30.01.2017 03:54;0;0;0;0;0;0;0
30.01.2017 03:55;0;0;0;0;0;0;0
30.01.2017 03:56;916.18;916.18;916.18;916.18;0.02;21.07;916.18
30.01.2017 03:57;916.18;916.18;916.18;916.18;10.97;10046;916.18
30.01.2017 03:58;916.2;916.2;916.2;916.2;0.09;81.54;916.2
30.01.2017 03:59;0;0;0;0;0;0;0
30.01.2017 04:00;915.8;915.8;915.79;915.79;0.68;620.76;915.79
30.01.2017 04:01;915.79;915.79;915.79;915.79;0.33;298.97;915.79
30.01.2017 04:02;0;0;0;0;0;0;0
30.01.2017 04:03;0;0;0;0;0;0;0
30.01.2017 04:04;0;0;0;0;0;0;0
30.01.2017 04:05;915.79;915.79;915.79;915.79;0.36;330.66;915.79
30.01.2017 04:06;915.8;915.8;915.8;915.8;0.02;20.31;915.8
30.01.2017 04:07;916.2;916.46;916.2;916.46;0.21;188.74;916.22
30.01.2017 04:08;915.8;915.8;915.79;915.79;0.39;356.66;915.8
30.01.2017 04:09;0;0;0;0;0;0;0
30.01.2017 04:10;915.79;915.79;915.79;915.79;0.1;89.98;915.79
30.01.2017 04:11;0;0;0;0;0;0;0
30.01.2017 04:12;915.79;915.79;915.79;915.79;0.09;82.62;915.79
30.01.2017 04:13;916.46;916.46;916.46;916.46;0.08;73.32;916.46
30.01.2017 04:14;916.46;916.46;916.46;916.46;0.13;121.3;916.46
30.01.2017 04:15;916.79;916.79;916.79;916.79;0.02;17.64;916.79
30.01.2017 04:16;0;0;0;0;0;0;0
30.01.2017 04:17;0;0;0;0;0;0;0
30.01.2017 04:18;0;0;0;0;0;0;0
30.01.2017 04:19;0;0;0;0;0;0;0
30.01.2017 04:20;916.45;916.46;916.45;916.46;0.3;272.15;916.45
30.01.2017 04:21;915.8;915.8;915.8;915.8;0.02;19.03;915.8
30.01.2017 04:22;915.8;915.8;915.8;915.8;0.03;28.4;915.8
30.01.2017 04:23;916.46;916.46;916.46;916.46;0.3;274.94;916.46
30.01.2017 04:24;0;0;0;0;0;0;0
30.01.2017 04:25;0;0;0;0;0;0;0
30.01.2017 04:26;0;0;0;0;0;0;0
30.01.2017 04:27;916.03;916.03;915.97;915.97;0.22;201.53;916.02
30.01.2017 04:28;916.46;916.46;916.46;916.46;0.01;7.3;916.46
30.01.2017 04:29;0;0;0;0;0;0;0
30.01.2017 04:30;0;0;0;0;0;0;0
30.01.2017 04:31;0;0;0;0;0;0;0
30.01.2017 04:32;0;0;0;0;0;0;0
30.01.2017 04:33;0;0;0;0;0;0;0
30.01.2017 04:34;0;0;0;0;0;0;0
30.01.2017 04:35;916.46;916.46;916.46;916.46;0.15;135.64;916.46
30.01.2017 04:36;916.46;916.46;916.46;916.46;0.05;43.99;916.46
30.01.2017 04:37;915.8;915.8;915.8;915.8;0.02;17.4;915.8
30.01.2017 04:38;0;0;0;0;0;0;0
30.01.2017 04:39;916.44;916.44;916.44;916.44;0.17;158.14;916.44
30.01.2017 04:40;916.46;916.46;916.46;916.46;0.09;79.73;916.46
30.01.2017 04:41;0;0;0;0;0;0;0
30.01.2017 04:42;0;0;0;0;0;0;0
30.01.2017 04:43;916.46;916.46;916.46;916.46;0.09;80.65;916.46
30.01.2017 04:44;915.8;915.8;915.8;915.8;0.03;27.29;915.8
30.01.2017 04:45;0;0;0;0;0;0;0
30.01.2017 04:46;0;0;0;0;0;0;0
30.01.2017 04:47;916.46;916.46;916.46;916.46;0.11;98.06;916.46
30.01.2017 04:48;0;0;0;0;0;0;0
30.01.2017 04:49;916.46;916.46;916.46;916.46;0.02;20.16;916.46
30.01.2017 04:50;916.46;917.5;916.46;917.5;3.98;3649.48;917.01
30.01.2017 04:51;0;0;0;0;0;0;0
30.01.2017 04:52;917.55;917.55;917.55;917.55;0.5;455.61;917.55
30.01.2017 04:53;917.55;917.69;917.55;917.69;0.37;340.05;917.57
30.01.2017 04:54;0;0;0;0;0;0;0
30.01.2017 04:55;916.49;916.49;916.48;916.48;0.24;218.21;916.48
30.01.2017 04:56;916.48;916.48;916.48;916.48;0.07;68;916.48
30.01.2017 04:57;0;0;0;0;0;0;0
30.01.2017 04:58;916.48;916.48;916.48;916.48;0.11;101.67;916.48
30.01.2017 04:59;0;0;0;0;0;0;0
30.01.2017 05:00;917.18;917.18;917.18;917.18;0.18;168.13;917.18
30.01.2017 05:01;917.18;917.2;917.18;917.2;0.71;653.27;917.19
30.01.2017 05:02;917.18;917.27;917.18;917.27;0.23;214.06;917.26
30.01.2017 05:03;917.36;917.36;917.36;917.36;1.76;1614.61;917.36
30.01.2017 05:04;917.36;917.36;916.48;917.36;2.25;2063.07;917.36
30.01.2017 05:05;917.36;917.36;917.36;917.36;0.28;253.38;917.36
30.01.2017 05:06;916.48;916.48;915.79;915.79;1.02;935.09;916.06
30.01.2017 05:07;915.79;917.1;915.79;917.1;1.49;1368.63;916.81
30.01.2017 05:08;917.31;917.31;915.8;915.8;0.42;384.97;917.21
30.01.2017 05:09;915.8;917.36;915.8;917.36;0.25;226.22;916.81
30.01.2017 05:10;917.28;917.28;915.8;915.8;0.16;149.7;917.15
30.01.2017 05:11;0;0;0;0;0;0;0
30.01.2017 05:12;916.87;917.28;916.87;917.23;1.69;1554.46;917.24
30.01.2017 05:13;917.19;917.19;917.19;917.19;0.03;31.1;917.19
30.01.2017 05:14;915.81;915.81;915.79;915.79;0.32;296.62;915.79
30.01.2017 05:15;915.8;917.27;915.8;916.05;1.73;1584.89;917.14
30.01.2017 05:16;915.56;915.56;915.55;915.55;0.31;288.16;915.55
30.01.2017 05:17;916.05;916.89;915.55;915.55;3.27;2998.79;916.38
30.01.2017 05:18;0;0;0;0;0;0;0
30.01.2017 05:19;917.04;917.04;917.04;917.04;0.72;660.35;917.04
30.01.2017 05:20;0;0;0;0;0;0;0
30.01.2017 05:21;0;0;0;0;0;0;0
30.01.2017 05:22;0;0;0;0;0;0;0
30.01.2017 05:23;0;0;0;0;0;0;0
30.01.2017 05:24;915.56;915.56;915.55;915.55;0.33;298.76;915.56
30.01.2017 05:25;915.55;915.55;915.55;915.55;0.12;105.9;915.55
30.01.2017 05:26;915.55;916.28;915.55;916.28;0.05;45.02;915.72
30.01.2017 05:27;915.55;915.55;915.55;915.55;0.08;74.62;915.55
30.01.2017 05:28;0;0;0;0;0;0;0
30.01.2017 05:29;0;0;0;0;0;0;0
30.01.2017 05:30;915.55;915.55;915.55;915.55;0.07;65.11;915.55
30.01.2017 05:31;915.55;915.89;915.48;915.48;1.05;960.59;915.58
30.01.2017 05:32;914.99;914.99;914.98;914.98;0.4;365.61;914.99
30.01.2017 05:33;914.48;914.98;914.48;914.98;0.07;63.33;914.62
30.01.2017 05:34;0;0;0;0;0;0;0
30.01.2017 05:35;914.98;914.99;914.98;914.99;0.4;364.75;914.99
30.01.2017 05:36;0;0;0;0;0;0;0
30.01.2017 05:37;914.99;914.99;914.49;914.99;4.05;3702.49;914.98
30.01.2017 05:38;915.19;916.16;915.19;916.16;2.85;2612.8;915.54
30.01.2017 05:39;0;0;0;0;0;0;0
30.01.2017 05:40;914.49;914.49;914.49;914.49;0.03;29.03;914.49
30.01.2017 05:41;0;0;0;0;0;0;0
30.01.2017 05:42;0;0;0;0;0;0;0
30.01.2017 05:43;0;0;0;0;0;0;0
30.01.2017 05:44;0;0;0;0;0;0;0
30.01.2017 05:45;914.51;914.51;914.48;914.48;5;4572.42;914.48
30.01.2017 05:46;0;0;0;0;0;0;0
30.01.2017 05:47;915.18;915.18;914.95;914.95;0.2;187.12;914.96
30.01.2017 05:48;914.95;915.19;914.6;915.19;6.24;5705.88;914.86
30.01.2017 05:49;915.3;915.3;913.81;913.81;1.22;1112.81;914.26
30.01.2017 05:50;915;915.27;915;915.27;0.24;222.9;915.25
30.01.2017 05:51;915.27;915.28;915.27;915.28;0.06;51.05;915.28
30.01.2017 05:52;914.97;914.97;914.97;914.97;0.11;103.02;914.97
30.01.2017 05:53;914.77;914.98;914.77;914.98;0.57;519.49;914.97
30.01.2017 05:54;914.28;914.33;914.28;914.33;0.09;85;914.3
30.01.2017 05:55;0;0;0;0;0;0;0
30.01.2017 05:56;0;0;0;0;0;0;0
30.01.2017 05:57;0;0;0;0;0;0;0
30.01.2017 05:58;914.77;914.99;914.77;914.99;0.27;247.23;914.98
30.01.2017 05:59;914.99;914.99;914.11;914.99;0.44;403.57;914.98
30.01.2017 06:00;914.99;914.99;914.99;914.99;0.08;70.64;914.99
30.01.2017 06:01;0;0;0;0;0;0;0
30.01.2017 06:02;914.99;914.99;914.99;914.99;0.35;322.23;914.99
30.01.2017 06:03;914.99;914.99;914.99;914.99;0.92;837.6;914.99
30.01.2017 06:04;0;0;0;0;0;0;0
30.01.2017 06:05;0;0;0;0;0;0;0
30.01.2017 06:06;0;0;0;0;0;0;0
30.01.2017 06:07;0;0;0;0;0;0;0
30.01.2017 06:08;914.36;914.36;914;914;2.95;2696.97;914.33
30.01.2017 06:09;915.02;915.1;915.02;915.02;2.43;2221.23;915.08
30.01.2017 06:10;915.1;915.1;914.1;914.16;0.25;228.88;914.68
30.01.2017 06:11;914.16;915.09;914.16;915.09;0.1;87.35;914.96
30.01.2017 06:12;0;0;0;0;0;0;0
30.01.2017 06:13;0;0;0;0;0;0;0
30.01.2017 06:14;0;0;0;0;0;0;0
30.01.2017 06:15;0;0;0;0;0;0;0
30.01.2017 06:16;915.08;915.1;915.08;915.1;0.43;391.57;915.09
30.01.2017 06:17;0;0;0;0;0;0;0
30.01.2017 06:18;0;0;0;0;0;0;0
30.01.2017 06:19;0;0;0;0;0;0;0
30.01.2017 06:20;0;0;0;0;0;0;0
30.01.2017 06:21;914.01;914.01;914.01;914.01;0.05;45.08;914.01
30.01.2017 06:22;0;0;0;0;0;0;0
30.01.2017 06:23;914.02;914.02;914.02;914.02;0.04;39.71;914.02
30.01.2017 06:24;914;914;913.51;913.51;5.31;4852.43;913.77
30.01.2017 06:25;0;0;0;0;0;0;0
30.01.2017 06:26;913.61;913.61;913.61;913.61;0.11;102.32;913.61
30.01.2017 06:27;0;0;0;0;0;0;0
30.01.2017 06:28;913.48;914.48;913.44;913.44;5.47;4996.42;913.57
30.01.2017 06:29;914.48;915.07;913.9;913.9;3.3;3012.55;914
30.01.2017 06:30;0;0;0;0;0;0;0
30.01.2017 06:31;914.62;914.62;914.62;914.62;0.39;358.53;914.62
30.01.2017 06:32;913.44;913.44;913.44;913.44;0.02;22.09;913.44
30.01.2017 06:33;913.44;913.44;913.44;913.44;0.02;20.04;913.44
30.01.2017 06:34;914.42;914.42;914.42;914.42;0.07;62.18;914.42
30.01.2017 06:35;0;0;0;0;0;0;0
30.01.2017 06:36;913.97;915.1;913.97;915.1;2.98;2722.1;914.25
30.01.2017 06:37;915.1;915.1;915.1;915.1;0.06;52.16;915.1
30.01.2017 06:38;0;0;0;0;0;0;0
30.01.2017 06:39;0;0;0;0;0;0;0
30.01.2017 06:40;914.08;914.99;914.08;914.99;0.22;205.42;914.55
30.01.2017 06:41;914.99;914.99;914.07;914.99;0.4;366.27;914.38
30.01.2017 06:42;0;0;0;0;0;0;0
30.01.2017 06:43;914.07;914.07;914.07;914.07;0.06;52.1;914.07
30.01.2017 06:44;0;0;0;0;0;0;0
30.01.2017 06:45;0;0;0;0;0;0;0
30.01.2017 06:46;914.98;914.99;914.98;914.99;4.2;3846.52;914.99
30.01.2017 06:47;0;0;0;0;0;0;0
30.01.2017 06:48;0;0;0;0;0;0;0
30.01.2017 06:49;914.07;914.07;913.59;913.59;1.16;1056.17;913.87
30.01.2017 06:50;913.59;914.07;913.59;914.07;2.39;2186.19;914.06
30.01.2017 06:51;913.59;914;913.59;913.99;3.92;3581.32;913.93
30.01.2017 06:52;0;0;0;0;0;0;0
30.01.2017 06:53;914;914;914;914;3;2742;914
30.01.2017 06:54;914.05;914.05;914.05;914.05;0.07;65.81;914.05
30.01.2017 06:55;914.03;914.03;914.03;914.03;1.15;1047.97;914.03
30.01.2017 06:56;0;0;0;0;0;0;0
30.01.2017 06:57;0;0;0;0;0;0;0
30.01.2017 06:58;914.03;914.05;914.03;914.05;5.9;5392.86;914.04
30.01.2017 06:59;0;0;0;0;0;0;0
30.01.2017 07:00;914.05;914.19;913.61;914.19;3.73;3407.04;914.05
30.01.2017 07:01;914.11;914.11;914.11;914.11;0.06;53.81;914.11
30.01.2017 07:02;914.11;914.11;914.11;914.11;0.18;165.45;914.11
30.01.2017 07:03;913.44;914.11;913.44;914.11;0.23;211.12;914.08
30.01.2017 07:04;0;0;0;0;0;0;0
30.01.2017 07:05;0;0;0;0;0;0;0
30.01.2017 07:06;914.09;914.11;914.09;914.11;6.15;5625.74;914.1
30.01.2017 07:07;913.68;913.68;913.62;913.62;1.5;1370.48;913.66
30.01.2017 07:08;0;0;0;0;0;0;0
30.01.2017 07:09;914.11;914.11;914.11;914.11;0.02;17.13;914.11
30.01.2017 07:10;913.62;913.62;913.62;913.62;0.2;182.72;913.62
30.01.2017 07:11;914.11;914.11;914.11;914.11;0.05;48.92;914.11
30.01.2017 07:12;914.11;914.11;914.11;914.11;0.1;94.61;914.11
30.01.2017 07:13;913.62;913.62;913.62;913.62;0.04;32.57;913.62
30.01.2017 07:14;0;0;0;0;0;0;0
30.01.2017 07:15;0;0;0;0;0;0;0
30.01.2017 07:16;0;0;0;0;0;0;0
30.01.2017 07:17;913.44;914.08;913.44;914.08;0.03;28.94;913.86
30.01.2017 07:18;0;0;0;0;0;0;0
30.01.2017 07:19;0;0;0;0;0;0;0
30.01.2017 07:20;0;0;0;0;0;0;0
30.01.2017 07:21;0;0;0;0;0;0;0
30.01.2017 07:22;913.97;913.97;913.44;913.44;1.81;1656.43;913.44
30.01.2017 07:23;0;0;0;0;0;0;0
30.01.2017 07:24;0;0;0;0;0;0;0
30.01.2017 07:25;0;0;0;0;0;0;0
30.01.2017 07:26;913.17;913.96;913.17;913.96;0.21;194.58;913.91
30.01.2017 07:27;0;0;0;0;0;0;0
30.01.2017 07:28;913.2;913.2;913.2;913.2;0.31;284.71;913.2
30.01.2017 07:29;913.81;913.81;913.81;913.81;0.71;649.8;913.81
30.01.2017 07:30;913.81;913.81;913.81;913.81;0.19;171.89;913.81
30.01.2017 07:31;0;0;0;0;0;0;0
30.01.2017 07:32;913.8;913.8;913.8;913.8;0.24;215.17;913.8
30.01.2017 07:33;913.8;913.8;913.8;913.8;1.6;1460.03;913.8
30.01.2017 07:34;0;0;0;0;0;0;0
30.01.2017 07:35;913.8;913.8;913.8;913.8;0.1;91.18;913.8
30.01.2017 07:36;0;0;0;0;0;0;0
30.01.2017 07:37;913.33;913.33;913.32;913.32;0.28;253.34;913.33
30.01.2017 07:38;913.35;914;913.3;914;3.63;3315.92;913.78
30.01.2017 07:39;913.41;913.41;913.31;913.31;4.01;3663.28;913.32
30.01.2017 07:40;0;0;0;0;0;0;0
30.01.2017 07:41;0;0;0;0;0;0;0
30.01.2017 07:42;913.97;913.97;913.97;913.97;0.05;44.78;913.97
30.01.2017 07:43;0;0;0;0;0;0;0
30.01.2017 07:44;0;0;0;0;0;0;0
30.01.2017 07:45;913.63;913.63;913.63;913.63;0.05;41.11;913.63
30.01.2017 07:46;0;0;0;0;0;0;0
30.01.2017 07:47;913.97;914;913.97;914;45.8;41861.18;914
30.01.2017 07:48;0;0;0;0;0;0;0
30.01.2017 07:49;914;914;914;914;0.21;195.96;914
30.01.2017 07:50;914;914;913.44;913.44;3.17;2897.61;914
30.01.2017 07:51;914;914;914;914;3.56;3252.8;914
30.01.2017 07:52;0;0;0;0;0;0;0
30.01.2017 07:53;0;0;0;0;0;0;0
30.01.2017 07:54;0;0;0;0;0;0;0
30.01.2017 07:55;0;0;0;0;0;0;0
30.01.2017 07:56;0;0;0;0;0;0;0
30.01.2017 07:57;0;0;0;0;0;0;0
30.01.2017 07:58;914.02;914.15;914.02;914.15;0.98;900.17;914.11
30.01.2017 07:59;0;0;0;0;0;0;0
30.01.2017 08:00;914.15;914.15;914.15;914.15;1.87;1709.62;914.15
30.01.2017 08:01;913.7;913.7;913.41;913.41;3.33;3042.97;913.67
30.01.2017 08:02;914.14;914.15;914.14;914.15;0.67;612.42;914.15
30.01.2017 08:03;914.15;914.15;914.15;914.15;0.17;159.6;914.15
30.01.2017 08:04;914.15;914.16;914.15;914.16;0.08;69.82;914.16
30.01.2017 08:05;913.42;913.87;913.41;913.87;0.55;500.41;913.44
30.01.2017 08:06;913.87;914.18;913.87;914.18;0.47;430.61;914.17
30.01.2017 08:07;913.99;913.99;913.44;913.44;12.2;11143.16;913.49
30.01.2017 08:08;913.43;913.43;913.41;913.41;7.8;7126.06;913.42
30.01.2017 08:09;913.41;914.18;913.41;914.18;0.21;196.22;913.98
30.01.2017 08:10;0;0;0;0;0;0;0
30.01.2017 08:11;0;0;0;0;0;0;0
30.01.2017 08:12;913.56;913.56;913.56;913.56;0.03;25.06;913.56
30.01.2017 08:13;914.18;914.19;914.18;914.19;0.04;33.01;914.18
30.01.2017 08:14;0;0;0;0;0;0;0
30.01.2017 08:15;914.19;914.19;914.18;914.18;0.15;137.69;914.19
30.01.2017 08:16;0;0;0;0;0;0;0
30.01.2017 08:17;0;0;0;0;0;0;0
30.01.2017 08:18;914.18;914.18;914.18;914.18;0.02;19.85;914.18
30.01.2017 08:19;0;0;0;0;0;0;0
30.01.2017 08:20;914.19;914.19;914.19;914.19;0.01;7.06;914.19
30.01.2017 08:21;0;0;0;0;0;0;0
30.01.2017 08:22;914.18;914.18;914.18;914.18;0.04;38.94;914.18
30.01.2017 08:23;0;0;0;0;0;0;0
30.01.2017 08:24;914.19;914.25;914.19;914.25;1.78;1623.86;914.21
30.01.2017 08:25;914.5;914.5;914.5;914.5;0.04;35.08;914.5
30.01.2017 08:26;0;0;0;0;0;0;0
30.01.2017 08:27;914.64;914.64;914.64;914.64;0.62;567.99;914.64
30.01.2017 08:28;0;0;0;0;0;0;0
30.01.2017 08:29;0;0;0;0;0;0;0
30.01.2017 08:30;914.83;916.01;914.65;914.98;20.47;18744.24;915.49
30.01.2017 08:31;0;0;0;0;0;0;0
30.01.2017 08:32;0;0;0;0;0;0;0
30.01.2017 08:33;915;915;915;915;50;45750;915
30.01.2017 08:34;914.99;914.99;914.67;914.67;1.79;1634.5;914.77
30.01.2017 08:35;914.67;915.79;914.67;915.79;5.06;4637.08;915.76
30.01.2017 08:36;0;0;0;0;0;0;0
30.01.2017 08:37;915.59;915.59;915.58;915.58;0.22;203.24;915.59
30.01.2017 08:38;915.58;915.58;915.58;915.58;0.33;300.25;915.58
30.01.2017 08:39;914.2;914.2;914.2;914.2;0.02;20.03;914.2
30.01.2017 08:40;914.5;914.5;914.5;914.5;3.13;2860.85;914.5
30.01.2017 08:41;914.5;915.62;914.5;915.62;10.89;9970.57;915.48
30.01.2017 08:42;0;0;0;0;0;0;0
30.01.2017 08:43;914.2;914.2;914.17;914.17;1.38;1259.08;914.18
30.01.2017 08:44;913.98;913.98;913.98;913.98;0.21;196.06;913.98
30.01.2017 08:45;913.98;914.16;913.98;914.16;0.09;85.19;914.06
30.01.2017 08:46;0;0;0;0;0;0;0
30.01.2017 08:47;913.98;913.98;913.98;913.98;0.23;213.22;913.98
30.01.2017 08:48;0;0;0;0;0;0;0
30.01.2017 08:49;0;0;0;0;0;0;0
30.01.2017 08:50;913.97;913.97;913.97;913.97;0.03;31.07;913.97
30.01.2017 08:51;913.44;913.97;913.41;913.97;5.48;5006.99;913.53
30.01.2017 08:52;913.41;913.41;912.9;912.9;1.63;1489.96;913.07
30.01.2017 08:53;913.76;913.76;913.76;913.76;0.02;19.23;913.76
30.01.2017 08:54;0;0;0;0;0;0;0
30.01.2017 08:55;913.76;914.17;913.76;914.17;0.03;25.59;913.97
30.01.2017 08:56;914.17;914.17;914.17;914.17;0.13;119.7;914.17
30.01.2017 08:57;913.98;913.98;913.01;913.01;0.15;139.65;913.07
30.01.2017 08:58;913;913;913;913;0.06;56.52;913
30.01.2017 08:59;0;0;0;0;0;0;0
30.01.2017 09:00;913.01;913.46;913.01;913.46;0.24;221.96;913.44
30.01.2017 09:01;913.06;913.06;912.93;912.93;9.59;8756.29;912.94
30.01.2017 09:02;912.91;912.91;912.91;912.91;0.7;639.04;912.91
30.01.2017 09:03;912.91;912.91;912.91;912.91;0.01;13.57;912.91
30.01.2017 09:04;912.91;913.46;912.91;913.46;0.29;268.74;913.06
30.01.2017 09:05;912.91;913.46;912.91;913.46;0.2;186.41;912.97
30.01.2017 09:06;0;0;0;0;0;0;0
30.01.2017 09:07;0;0;0;0;0;0;0
30.01.2017 09:08;913;913;913;913;3.38;3087.39;913
30.01.2017 09:09;913;913;913;913;0.12;105.91;913
30.01.2017 09:10;913;913.3;913;913.3;4.71;4303.69;913.01
30.01.2017 09:11;0;0;0;0;0;0;0
30.01.2017 09:12;0;0;0;0;0;0;0
30.01.2017 09:13;913.3;913.3;913.3;913.3;0.77;705.74;913.3
30.01.2017 09:14;0;0;0;0;0;0;0
30.01.2017 09:15;913.3;913.3;913.3;913.3;0.02;21.92;913.3
30.01.2017 09:16;913.3;913.3;913.3;913.3;2.99;2732.56;913.3
30.01.2017 09:17;0;0;0;0;0;0;0
30.01.2017 09:18;0;0;0;0;0;0;0
30.01.2017 09:19;913.46;913.98;913.46;913.98;0.55;499.79;913.94
30.01.2017 09:20;912.96;913.98;912.96;913.98;0.14;123.84;913.14
30.01.2017 09:21;913.98;913.98;912.98;912.98;0.26;236.95;913.77
30.01.2017 09:22;0;0;0;0;0;0;0
30.01.2017 09:23;913.98;913.98;913.98;913.98;0.16;146.02;913.98
30.01.2017 09:24;913.98;914;913.98;914;0.09;85.9;914
30.01.2017 09:25;913.01;914;913.01;914;0.38;343.97;913.65
30.01.2017 09:26;0;0;0;0;0;0;0
30.01.2017 09:27;0;0;0;0;0;0;0
30.01.2017 09:28;0;0;0;0;0;0;0
30.01.2017 09:29;0;0;0;0;0;0;0
30.01.2017 09:30;913.99;913.99;913.99;913.99;0.02;18.5;913.99
30.01.2017 09:31;913.22;913.22;913.15;913.15;7.59;6929.47;913.17
30.01.2017 09:32;913.04;913.15;913.04;913.15;0.06;58.06;913.06
30.01.2017 09:33;913.15;913.15;913.15;913.15;0.07;59.35;913.15
30.01.2017 09:34;913.15;913.15;913.04;913.04;0.41;373.95;913.12
30.01.2017 09:35;913.15;913.15;913.15;913.15;0.45;408.68;913.15
30.01.2017 09:36;913.15;913.15;913.15;913.15;0.07;60.27;913.15
30.01.2017 09:37;0;0;0;0;0;0;0
30.01.2017 09:38;0;0;0;0;0;0;0
30.01.2017 09:39;913.15;913.15;913.15;913.15;0.08;76.7;913.15
30.01.2017 09:40;0;0;0;0;0;0;0
30.01.2017 09:41;913.15;913.69;913.15;913.69;1.55;1413.83;913.16
30.01.2017 09:42;913.67;913.67;913.67;913.67;0.22;199.78;913.67
30.01.2017 09:43;0;0;0;0;0;0;0
30.01.2017 09:44;913.98;913.98;913.98;913.98;0.04;36.56;913.98
30.01.2017 09:45;912.91;913.98;912.91;912.91;0.74;673.55;913.12
30.01.2017 09:46;913.88;913.88;913.88;913.88;0.01;11.88;913.88
30.01.2017 09:47;0;0;0;0;0;0;0
30.01.2017 09:48;913.4;913.4;913.4;913.4;9.28;8479.03;913.4
30.01.2017 09:49;913.4;913.85;913.4;913.85;0.73;665.93;913.41
30.01.2017 09:50;913.85;913.85;913.85;913.85;0.01;12.79;913.85
30.01.2017 09:51;0;0;0;0;0;0;0
30.01.2017 09:52;913.41;913.86;913.41;913.86;0.9;822.78;913.58
30.01.2017 09:53;913.86;914.19;913.86;914.19;7.89;7207.36;913.98
30.01.2017 09:54;914.39;914.39;914.39;914.39;2.62;2397.36;914.39
30.01.2017 09:55;913.69;913.69;913.67;913.67;2.24;2046.23;913.68
30.01.2017 09:56;913.64;913.64;913.64;913.64;0.05;46.88;913.64
30.01.2017 09:57;913.64;913.64;913.64;913.64;0.01;12.79;913.64
30.01.2017 09:58;913.64;913.65;913.64;913.65;0.67;613.09;913.65
30.01.2017 09:59;0;0;0;0;0;0;0
30.01.2017 10:00;913.64;913.64;913.64;913.64;0.08;68.53;913.64
30.01.2017 10:01;913.64;913.64;913.64;913.64;0.07;66.7;913.64
30.01.2017 10:02;913.64;913.64;913.64;913.64;0.23;207.14;913.64
30.01.2017 10:03;913.64;913.64;913.64;913.64;0.01;10.7;913.64
30.01.2017 10:04;913.64;913.64;913.64;913.64;3.08;2814.21;913.64
30.01.2017 10:05;0;0;0;0;0;0;0
30.01.2017 10:06;913.64;914.42;913.64;914.16;0.39;355.04;914.23
30.01.2017 10:07;913.1;914.16;913.1;914.16;2.46;2247.1;914.15
30.01.2017 10:08;914.16;914.16;913.01;913.02;0.71;648.94;913.78
30.01.2017 10:09;913;913;913;913;0.3;270.99;913
30.01.2017 10:10;912.92;914.06;912.92;914.06;0.05;46;913.37
30.01.2017 10:11;913.88;913.89;913.88;913.89;1.62;1485.03;913.89
30.01.2017 10:12;913.87;913.95;913.87;913.95;1.86;1700.13;913.89
30.01.2017 10:13;913.93;913.93;913.05;913.05;0.68;618.19;913.13
30.01.2017 10:14;913.05;913.95;913.05;913.95;2.51;2290.16;913.93
30.01.2017 10:15;913.95;913.95;913.95;913.95;0.71;649.29;913.95
30.01.2017 10:16;913.95;914.42;913.95;914.42;0.41;371.03;914.42
30.01.2017 10:17;0;0;0;0;0;0;0
30.01.2017 10:18;0;0;0;0;0;0;0
30.01.2017 10:19;913.26;913.26;913.23;913.23;7;6392.66;913.24
30.01.2017 10:20;0;0;0;0;0;0;0
30.01.2017 10:21;914.35;914.83;914.35;914.83;5.46;4992.51;914.67
30.01.2017 10:22;914.82;914.83;914.82;914.83;1.19;1091.39;914.83
30.01.2017 10:23;914.4;914.4;914.4;914.4;3.12;2852.93;914.4
30.01.2017 10:24;0;0;0;0;0;0;0
30.01.2017 10:25;914.4;914.4;914.4;914.4;0.05;49.74;914.4
30.01.2017 10:26;0;0;0;0;0;0;0
30.01.2017 10:27;914;914.4;914;914.4;1.17;1073.23;914.16
30.01.2017 10:28;0;0;0;0;0;0;0
30.01.2017 10:29;0;0;0;0;0;0;0
30.01.2017 10:30;914.2;914.2;913.85;913.85;16.41;14996.85;913.86
30.01.2017 10:31;0;0;0;0;0;0;0
30.01.2017 10:32;0;0;0;0;0;0;0
30.01.2017 10:33;914.82;914.82;914.82;914.82;0.02;21.04;914.82
30.01.2017 10:34;914.77;914.78;914.77;914.78;0.56;514.74;914.78
30.01.2017 10:35;914.83;914.83;914.83;914.83;0.04;32.02;914.83
30.01.2017 10:36;914.83;914.83;914.83;914.83;0.16;143.62;914.83
30.01.2017 10:37;914.83;914.83;914.83;914.83;0.07;59.46;914.83
30.01.2017 10:38;0;0;0;0;0;0;0
30.01.2017 10:39;914.83;914.83;914.83;914.83;0.1;95.77;914.83
30.01.2017 10:40;0;0;0;0;0;0;0
30.01.2017 10:41;913.88;913.88;913.88;913.88;0.1;94.33;913.88
30.01.2017 10:42;914.85;914.85;914.85;914.85;0.19;170.72;914.85
30.01.2017 10:43;0;0;0;0;0;0;0
30.01.2017 10:44;913.88;914.84;913.87;914.84;0.72;654.93;914.16
30.01.2017 10:45;914.84;914.91;914.84;914.91;5.46;4992.5;914.87
30.01.2017 10:46;914.91;915.59;914.91;915.59;6.04;5529.13;915.45
30.01.2017 10:47;915.6;915.6;915.6;915.6;0.13;114.45;915.6
30.01.2017 10:48;915.6;915.6;915.6;915.6;0.8;727.9;915.6
30.01.2017 10:49;915.75;915.8;915.75;915.8;0.76;692.37;915.78
30.01.2017 10:50;0;0;0;0;0;0;0
30.01.2017 10:51;915.8;915.8;915.8;915.8;0.07;62.47;915.8
30.01.2017 10:52;0;0;0;0;0;0;0
30.01.2017 10:53;915.8;916.21;915.8;916.21;11.85;10853.4;915.87
30.01.2017 10:54;916.2;916.2;916.2;916.2;0.02;20.49;916.2
30.01.2017 10:55;915.12;915.12;915.1;915.1;2;1829.95;915.1
30.01.2017 10:56;916.07;916.07;916.07;916.07;0.09;80.02;916.07
30.01.2017 10:57;916.07;916.07;916.07;916.07;0.01;12.08;916.07
30.01.2017 10:58;915.3;915.3;915.3;915.3;0.33;297.8;915.3
30.01.2017 10:59;915.3;915.3;915.3;915.3;0.24;223.06;915.3
30.01.2017 11:00;916.07;916.07;916.07;916.07;0.02;21.99;916.07
30.01.2017 11:01;916.07;916.16;916.07;916.16;1.07;983.68;916.11
30.01.2017 11:02;916.16;916.16;916.16;916.16;0.12;108.65;916.16
30.01.2017 11:03;916.2;916.21;914.83;914.83;10.02;9183.01;916.2
30.01.2017 11:04;916.27;916.75;916.27;916.75;5.45;4992.51;916.61
30.01.2017 11:05;916.77;916.77;916.64;916.64;0.17;157.81;916.75
30.01.2017 11:06;915.13;916.77;915.12;916.77;1.02;935.28;916.04
30.01.2017 11:07;916.77;916.77;916.77;916.77;0.02;17.42;916.77
30.01.2017 11:08;916.77;916.77;916.77;916.77;0.31;282.37;916.77
30.01.2017 11:09;0;0;0;0;0;0;0
30.01.2017 11:10;915.33;916.77;915.33;916.77;0.21;196.06;915.66
30.01.2017 11:11;916.77;916.77;916.77;916.77;2.18;1997;916.77
30.01.2017 11:12;916.77;916.95;916.77;916.95;3.49;3199.8;916.87
30.01.2017 11:13;915.83;916.95;915.83;916.95;0.2;187.42;916.89
30.01.2017 11:14;916.98;916.98;916.98;916.98;0.05;41.26;916.98
30.01.2017 11:15;0;0;0;0;0;0;0
30.01.2017 11:16;0;0;0;0;0;0;0
30.01.2017 11:17;916.93;917.04;916.93;917.04;0.41;371.36;916.95
30.01.2017 11:18;916.22;917;916.22;917;3.26;2991.61;916.3
30.01.2017 11:19;0;0;0;0;0;0;0
30.01.2017 11:20;916.36;916.36;916.36;916.36;0.1;91.64;916.36
30.01.2017 11:21;916.41;916.41;916.41;916.41;0.36;329.91;916.41
30.01.2017 11:22;917;917;917;917;0.44;403.48;917
30.01.2017 11:23;917;917;917;917;0.08;76.11;917
30.01.2017 11:24;915.83;915.83;914.19;914.19;7;6401.33;914.48
30.01.2017 11:25;915.89;915.91;915.89;915.91;1.14;1043.92;915.9
30.01.2017 11:26;0;0;0;0;0;0;0
30.01.2017 11:27;915.83;915.84;915.83;915.84;0.28;254.6;915.83
30.01.2017 11:28;915.84;915.84;915.84;915.84;0.06;52.2;915.84
30.01.2017 11:29;915.84;915.84;915.84;915.84;0.03;31.14;915.84
30.01.2017 11:30;915.84;916.8;915.1;915.1;5.73;5252.3;916
30.01.2017 11:31;916.8;916.8;916.8;916.8;0.08;71.36;916.8
30.01.2017 11:32;0;0;0;0;0;0;0
30.01.2017 11:33;916.8;916.8;916.8;916.8;0.07;63.97;916.8
30.01.2017 11:34;0;0;0;0;0;0;0
30.01.2017 11:35;916.78;916.78;916.78;916.78;3.27;2995.51;916.78
30.01.2017 11:36;0;0;0;0;0;0;0
30.01.2017 11:37;916.8;916.8;916.8;916.8;0.09;84.9;916.8
30.01.2017 11:38;0;0;0;0;0;0;0
30.01.2017 11:39;916.79;916.8;916.79;916.8;0.7;645.65;916.79
30.01.2017 11:40;916.8;916.8;916.8;916.8;0.24;219.17;916.8
30.01.2017 11:41;916.8;916.8;916.8;916.8;0.02;14.01;916.8
30.01.2017 11:42;916.8;916.8;915.53;915.53;0.27;250.01;915.79
30.01.2017 11:43;916.8;916.8;916.8;916.8;4.36;3994.01;916.8
30.01.2017 11:44;916.8;916.81;916.8;916.81;0.17;153.74;916.8
30.01.2017 11:45;916.81;916.9;916.81;916.9;2.67;2445.53;916.84
30.01.2017 11:46;916.9;917;916.69;917;5.27;4833.94;916.89
30.01.2017 11:47;917.11;917.48;917.11;917.48;20;18346.16;917.31
30.01.2017 11:48;915.95;915.95;915.94;915.94;2.31;2113.23;915.94
30.01.2017 11:49;916.99;916.99;916.99;916.99;0.06;55.02;916.99
30.01.2017 11:50;916.99;916.99;915.9;916.99;0.64;584.03;916.43
30.01.2017 11:51;0;0;0;0;0;0;0
30.01.2017 11:52;916;916;916;916;0.61;556.01;916
30.01.2017 11:53;0;0;0;0;0;0;0
30.01.2017 11:54;916.41;916.41;916.41;916.41;0.28;255.17;916.41
30.01.2017 11:55;915.9;916.41;915.5;916.41;11.46;10491.15;915.6
30.01.2017 11:56;0;0;0;0;0;0;0
30.01.2017 11:57;0;0;0;0;0;0;0
30.01.2017 11:58;916;916;916;916;0.42;380.22;916
30.01.2017 11:59;916;916.21;916;916.21;0.5;458.02;916.04
30.01.2017 12:00;0;0;0;0;0;0;0
30.01.2017 12:01;0;0;0;0;0;0;0
30.01.2017 12:02;0;0;0;0;0;0;0
30.01.2017 12:03;916.21;916.21;916.21;916.21;0.02;21.99;916.21
30.01.2017 12:04;915.51;915.51;915.5;915.5;0.98;897.19;915.5
30.01.2017 12:05;0;0;0;0;0;0;0
30.01.2017 12:06;916.21;916.21;916.21;916.21;0.08;69.63;916.21
30.01.2017 12:07;0;0;0;0;0;0;0
30.01.2017 12:08;0;0;0;0;0;0;0
30.01.2017 12:09;916;916;916;916;0.77;707.1;916
30.01.2017 12:10;916;916;916;916;0.1;90.68;916
30.01.2017 12:11;915.5;915.5;915.5;915.5;0.55;500.99;915.5
30.01.2017 12:12;0;0;0;0;0;0;0
30.01.2017 12:13;916;916.3;916;916.3;3.88;3554.36;916.17
30.01.2017 12:14;916.27;916.27;916;916;0.64;588.32;916.01
30.01.2017 12:15;916;916;916;916;3.99;3651.37;916
30.01.2017 12:16;916;916;916;916;0.13;116.07;916
30.01.2017 12:17;916;916;916;916;0.88;807.5;916
30.01.2017 12:18;916;916;915.59;916;9.98;9142.62;916
30.01.2017 12:19;0;0;0;0;0;0;0
30.01.2017 12:20;915.64;916;915.64;916;1.5;1369.98;915.99
30.01.2017 12:21;916;916;916;916;0.01;9.94;916
30.01.2017 12:22;916.01;916.25;916;916.25;2.04;1866.83;916.01
30.01.2017 12:23;916.25;916.25;916.25;916.25;0.69;627.63;916.25
30.01.2017 12:24;916.27;917;916.27;917;6.44;5906.28;916.87
30.01.2017 12:25;916.62;916.62;916.59;916.59;1.5;1377.71;916.6
30.01.2017 12:26;916.97;917;916.97;917;1.1;1008.68;916.98
30.01.2017 12:27;916.62;916.62;916.61;916.61;0.28;255.6;916.62
30.01.2017 12:28;0;0;0;0;0;0;0
30.01.2017 12:29;916.99;916.99;916.99;916.99;0.12;113.28;916.99
30.01.2017 12:30;916.99;917;916.99;917;1.74;1591.52;917
30.01.2017 12:31;0;0;0;0;0;0;0
30.01.2017 12:32;917;917;917;917;1.73;1582.47;917
30.01.2017 12:33;916.8;916.8;916.8;916.8;0.17;155.31;916.8
30.01.2017 12:34;916.8;916.8;916.8;916.8;0.28;256.85;916.8
30.01.2017 12:35;916.3;916.8;916.3;916.8;0.08;74.25;916.61
30.01.2017 12:36;916.8;916.8;916.8;916.8;1.55;1423.02;916.8
30.01.2017 12:37;916.75;916.75;916.75;916.75;1.98;1811.12;916.75
30.01.2017 12:38;916.75;916.75;916.75;916.75;0.09;81.59;916.75
30.01.2017 12:39;916.75;916.75;916.3;916.75;0.2;187.69;916.7
30.01.2017 12:40;916.75;916.75;916.75;916.75;0.05;44.92;916.75
30.01.2017 12:41;916.75;916.75;916.75;916.75;0.19;174.18;916.75
30.01.2017 12:42;916.75;916.75;916.75;916.75;0.08;69.67;916.75
30.01.2017 12:43;916.75;916.75;916.75;916.75;0.02;16.5;916.75
30.01.2017 12:44;916.3;916.75;916;916;1.33;1221.33;916.05
30.01.2017 12:45;916;916;916;916;4;3664;916
30.01.2017 12:46;916.75;916.75;916.75;916.75;0.02;15.58;916.75
30.01.2017 12:47;916;916.8;916;916.8;1.47;1343.87;916.67
30.01.2017 12:48;916.8;916.8;916.8;916.8;0.12;110.35;916.8
30.01.2017 12:49;916.03;916.03;916;916;5;4580.02;916
30.01.2017 12:50;916;916.77;916;916;0.29;261.76;916.21
30.01.2017 12:51;916.77;916.77;916;916;0.39;355.67;916.23
30.01.2017 12:52;916.77;916.77;916.77;916.77;0.02;19.25;916.77
30.01.2017 12:53;916;916.78;916;916.78;0.16;147.41;916.53
30.01.2017 12:54;916.78;916.78;916.78;916.78;0.08;75.17;916.78
30.01.2017 12:55;916.01;916.01;916.01;916.01;0.02;20.04;916.01
30.01.2017 12:56;916.78;916.8;916.78;916.8;2.18;1997;916.79
30.01.2017 12:57;916.03;916.03;916.03;916.03;0.05;50.06;916.03
30.01.2017 12:58;916.8;916.8;916.8;916.8;0.06;58.68;916.8
30.01.2017 12:59;916.8;916.8;916.8;916.8;0.02;19.25;916.8
30.01.2017 13:00;916.8;916.8;916.8;916.8;0.08;71.51;916.8
30.01.2017 13:01;916.8;916.8;916.8;916.8;0.05;44.92;916.8
30.01.2017 13:02;916.8;916.8;916.03;916.03;0.23;206.81;916.69
30.01.2017 13:03;0;0;0;0;0;0;0
30.01.2017 13:04;916.8;916.8;916.8;916.8;0.11;105.23;916.8
30.01.2017 13:05;916.8;916.8;916.02;916.02;0.35;321.26;916.09
30.01.2017 13:06;916.79;916.79;916;916;1.11;1015.68;916.03
30.01.2017 13:07;0;0;0;0;0;0;0
30.01.2017 13:08;916;916;916;916;1;916;916
30.01.2017 13:09;916;916;916;916;0.06;59.43;916
30.01.2017 13:10;916.77;916.77;916.77;916.77;0.11;100.46;916.77
30.01.2017 13:11;0;0;0;0;0;0;0
30.01.2017 13:12;916;916.77;916;916.77;1.08;990.78;916.06
30.01.2017 13:13;916.77;916.78;916.77;916.78;0.33;301.84;916.77
30.01.2017 13:14;0;0;0;0;0;0;0
30.01.2017 13:15;916.3;916.3;916.3;916.3;0.02;20.13;916.3
30.01.2017 13:16;916.01;916.01;916.01;916.01;0.49;451.19;916.01
30.01.2017 13:17;916.01;916.01;916.01;916.01;0.2;178.62;916.01
30.01.2017 13:18;916.01;916.01;916.01;916.01;0.1;95;916.01
30.01.2017 13:19;916.01;916.01;914.93;914.93;21.07;19292.03;915.77
30.01.2017 13:20;916.01;916.01;916.01;916.01;0.07;65.95;916.01
30.01.2017 13:21;915.99;915.99;915.99;915.99;0.24;219.84;915.99
30.01.2017 13:22;0;0;0;0;0;0;0
30.01.2017 13:23;916;916;916;916;0.25;226.18;916
30.01.2017 13:24;0;0;0;0;0;0;0
30.01.2017 13:25;916.01;916.02;916.01;916.02;0.79;722.18;916.02
30.01.2017 13:26;0;0;0;0;0;0;0
30.01.2017 13:27;916.3;916.8;916.3;916.8;1.09;998.5;916.71
30.01.2017 13:28;916;916.79;916;916.79;1.16;1063.77;916.73
30.01.2017 13:29;916.79;916.8;916.79;916.8;0.83;756.65;916.8
30.01.2017 13:30;916.79;916.8;916.79;916.8;2.28;2088.37;916.79
30.01.2017 13:31;916.8;916.8;916;916;1.27;1159.43;916.06
30.01.2017 13:32;0;0;0;0;0;0;0
30.01.2017 13:33;916.77;916.98;916.77;916.98;0.94;865.1;916.92
30.01.2017 13:34;916.01;916.01;916.01;916.01;0.12;109.15;916.01
30.01.2017 13:35;916.01;916.01;916;916;0.5;458;916
30.01.2017 13:36;916;916;916;916;0.06;53.31;916
30.01.2017 13:37;916;916;916;916;2.07;1892.92;916
30.01.2017 13:38;0;0;0;0;0;0;0
30.01.2017 13:39;0;0;0;0;0;0;0
30.01.2017 13:40;916.78;916.79;916.78;916.79;0.5;454.54;916.79
30.01.2017 13:41;0;0;0;0;0;0;0
30.01.2017 13:42;916.01;916.01;916;916;0.6;549.6;916
30.01.2017 13:43;916;916;916;916;1.31;1200.88;916
30.01.2017 13:44;0;0;0;0;0;0;0
30.01.2017 13:45;916.78;916.78;916.78;916.78;0.19;176.37;916.78
30.01.2017 13:46;916.77;916.77;916.77;916.77;0.18;165.43;916.77
30.01.2017 13:47;916.78;916.93;916.78;916.93;0.94;860.22;916.86
30.01.2017 13:48;916.77;916.77;916.77;916.77;0.02;15.01;916.77
30.01.2017 13:49;916.93;916.98;916.77;916.77;0.86;785.34;916.82
30.01.2017 13:50;0;0;0;0;0;0;0
30.01.2017 13:51;916.98;916.98;916.77;916.77;0.15;132.96;916.96
30.01.2017 13:52;916.98;917;916.98;917;7.12;6525.32;917
30.01.2017 13:53;916.98;917;916.98;917;3.87;3547.39;917
30.01.2017 13:54;0;0;0;0;0;0;0
30.01.2017 13:55;917;917.18;917;917.18;1.09;997.51;917.06
30.01.2017 13:56;916.98;916.98;916.98;916.98;0.08;70.14;916.98
30.01.2017 13:57;917.18;917.9;917.18;917.9;5;4587.54;917.51
30.01.2017 13:58;917.9;917.9;917.9;917.9;0.04;38.29;917.9
30.01.2017 13:59;0;0;0;0;0;0;0
30.01.2017 14:00;917.9;917.96;917.03;917.03;1.17;1070.22;917.9
30.01.2017 14:01;917.03;917.03;917.03;917.03;0.2;179.66;917.03
30.01.2017 14:02;917.03;917.96;917.03;917.96;2.79;2561.43;917.52
30.01.2017 14:03;0;0;0;0;0;0;0
30.01.2017 14:04;917.03;917.03;917.03;917.03;0.09;79.66;917.03
30.01.2017 14:05;0;0;0;0;0;0;0
30.01.2017 14:06;917.03;917.03;917.03;917.03;0.06;54.11;917.03
30.01.2017 14:07;0;0;0;0;0;0;0
30.01.2017 14:08;917.03;917.96;917.03;917.03;0.6;553.77;917.87
30.01.2017 14:09;917.03;917.03;917.02;917.02;0.14;130.43;917.02
30.01.2017 14:10;917.96;917.96;917.96;917.96;0.08;68.86;917.96
30.01.2017 14:11;0;0;0;0;0;0;0
30.01.2017 14:12;917.96;918.35;917.51;918.35;5.29;4857.93;918.02
30.01.2017 14:13;0;0;0;0;0;0;0
30.01.2017 14:14;918.35;918.35;918.35;918.35;0.14;130.84;918.35
30.01.2017 14:15;918.4;918.4;918.4;918.4;0.01;7.66;918.4
30.01.2017 14:16;918.35;918.4;918.35;918.4;0.03;24.86;918.37
30.01.2017 14:17;0;0;0;0;0;0;0
30.01.2017 14:18;0;0;0;0;0;0;0
30.01.2017 14:19;918.4;918.4;918.4;918.4;0.13;121.97;918.4
30.01.2017 14:20;918.4;918.5;918.35;918.5;8.82;8098.31;918.49
30.01.2017 14:21;0;0;0;0;0;0;0
30.01.2017 14:22;918.35;918.35;917.15;918.35;0.79;729.61;918.07
30.01.2017 14:23;918.35;918.35;918.35;918.35;0.02;21.22;918.35
30.01.2017 14:24;918.35;918.35;918.35;918.35;0.46;417.89;918.35
30.01.2017 14:25;918.5;918.5;918.5;918.5;0.5;459.25;918.5
30.01.2017 14:26;918.5;918.5;917.03;917.03;5.77;5287.4;917.16
30.01.2017 14:27;918.47;918.47;918.47;918.47;0.03;28.02;918.47
30.01.2017 14:28;918.47;918.49;918.47;918.49;1.45;1336.26;918.48
30.01.2017 14:29;0;0;0;0;0;0;0
30.01.2017 14:30;918.01;918.49;918;918.49;1.08;992.7;918.01
30.01.2017 14:31;918.48;918.48;918.46;918.46;0.12;113.37;918.47
30.01.2017 14:32;918.27;918.27;918.27;918.27;0.06;52.62;918.27
30.01.2017 14:33;918.21;918.5;918.21;918.5;31.01;28476.87;918.31
30.01.2017 14:34;0;0;0;0;0;0;0
30.01.2017 14:35;918.02;918.5;918.02;918.5;0.07;64.07;918.33
30.01.2017 14:36;918.5;918.5;918.5;918.5;1.93;1772.56;918.5
30.01.2017 14:37;918.5;918.5;918.5;918.5;0.12;113.4;918.5
30.01.2017 14:38;0;0;0;0;0;0;0
30.01.2017 14:39;918.55;918.9;918.55;918.9;2;1837.63;918.82
30.01.2017 14:40;918.53;918.9;918.53;918.9;0.22;199.36;918.7
30.01.2017 14:41;918.9;918.9;918.68;918.89;0.35;318.38;918.76
30.01.2017 14:42;0;0;0;0;0;0;0
30.01.2017 14:43;918.75;918.77;918.75;918.77;5.03;4623.5;918.75
30.01.2017 14:44;0;0;0;0;0;0;0
30.01.2017 14:45;0;0;0;0;0;0;0
30.01.2017 14:46;918.89;918.89;918.89;918.89;0.21;189.69;918.89
30.01.2017 14:47;918.89;918.89;918.89;918.89;0.19;170.91;918.89
30.01.2017 14:48;918.89;918.89;918.89;918.89;1.07;980.13;918.89
30.01.2017 14:49;918.89;918.89;918.8;918.8;1.1;1009.39;918.89
30.01.2017 14:50;918.89;918.89;918.77;918.89;0.68;629.07;918.88
30.01.2017 14:51;918.89;918.89;918.89;918.89;0.61;559.73;918.89
30.01.2017 14:52;918.89;918.89;918.89;918.89;0.07;67.08;918.89
30.01.2017 14:53;918.89;918.89;918.89;918.89;0.51;472.07;918.89
30.01.2017 14:54;918.89;918.89;918.53;918.53;0.79;721.65;918.59
30.01.2017 14:55;918.53;918.89;918.3;918.89;1.03;944.93;918.49
30.01.2017 14:56;0;0;0;0;0;0;0
30.01.2017 14:57;918.13;918.89;918.04;918.89;2.44;2240.08;918.38
30.01.2017 14:58;918.89;919.16;918.89;919.16;9.27;8522.36;919
30.01.2017 14:59;919.16;919.16;919.01;919.01;0.41;380.71;919.13
30.01.2017 15:00;919.1;919.15;919.1;919.15;0.63;576.69;919.14
30.01.2017 15:01;919.15;919.29;919.15;919.29;0.58;535.92;919.21
30.01.2017 15:02;919.29;919.32;919.29;919.32;0.27;252.19;919.3
30.01.2017 15:03;919.32;919.32;919.01;919.01;0.59;546.51;919.31
30.01.2017 15:04;919.01;919.32;919.01;919.32;0.12;108.1;919.1
30.01.2017 15:05;919.32;919.32;919.32;919.32;0.21;197.29;919.32
30.01.2017 15:06;919.32;919.96;919.2;919.95;19.46;17901.61;919.7
30.01.2017 15:07;919.96;920.1;919.96;920.1;42.26;38877.79;920
30.01.2017 15:08;920.1;920.29;919.28;920.29;2.36;2167.51;920.22
30.01.2017 15:09;920.34;920.6;919.25;919.31;2.35;2162.25;920.11
30.01.2017 15:10;920.59;920.79;920.59;920.79;5;4603.49;920.7
30.01.2017 15:11;0;0;0;0;0;0;0
30.01.2017 15:12;919.5;919.5;919.5;919.5;0.09;80.12;919.5
30.01.2017 15:13;920.35;920.98;920.35;920.95;11.13;10250.66;920.79
30.01.2017 15:14;920.97;920.97;920.97;920.97;0.02;21.62;920.97
30.01.2017 15:15;920.97;920.97;919.5;920.93;2.26;2080.32;919.73
30.01.2017 15:16;0;0;0;0;0;0;0
30.01.2017 15:17;920.93;920.93;920.93;920.93;0.18;168.68;920.93
30.01.2017 15:18;920.94;920.94;919.75;920.94;1.37;1263.13;920.37
30.01.2017 15:19;920.94;920.98;920.94;920.98;0.18;166.58;920.96
30.01.2017 15:20;919.77;920.98;919.77;919.77;0.24;216.25;919.82
30.01.2017 15:21;920.98;920.99;920.98;920.99;1.02;941.42;920.99
30.01.2017 15:22;920.99;920.99;920.99;920.99;0.05;42.37;920.99
30.01.2017 15:23;920.99;920.99;920.99;920.99;0.25;234.33;920.99
30.01.2017 15:24;920.13;920.13;920.13;920.13;0.01;10.51;920.13
30.01.2017 15:25;0;0;0;0;0;0;0
30.01.2017 15:26;920.13;920.97;920.13;920.97;0.36;332.54;920.41
30.01.2017 15:27;920.12;920.12;920.12;920.12;0.06;54.96;920.12
30.01.2017 15:28;920.12;920.12;920.12;920.12;0.3;276.97;920.12
30.01.2017 15:29;0;0;0;0;0;0;0
30.01.2017 15:30;920.97;920.97;920.12;920.12;0.11;100.02;920.76
30.01.2017 15:31;920.12;920.98;920.12;920.12;0.22;204.31;920.62
30.01.2017 15:32;920.12;920.96;920.12;920.96;0.04;39.9;920.8
30.01.2017 15:33;920.11;920.96;920.11;920.96;0.25;233.2;920.73
30.01.2017 15:34;920.96;920.96;920.11;920.11;0.11;100.03;920.54
30.01.2017 15:35;920.96;921;920.96;921;14.66;13501.94;920.99
30.01.2017 15:36;921;921;921;921;0.28;253.54;921
30.01.2017 15:37;921;921;921;921;3.84;3540.26;921
30.01.2017 15:38;921;921;921;921;0.24;221.04;921
30.01.2017 15:39;921;921;921;921;29.41;27086.68;921
30.01.2017 15:40;921;921.23;920.21;920.21;1.55;1431.43;921.03
30.01.2017 15:41;920.17;921.22;920.15;921.22;3.41;3139.16;920.2
30.01.2017 15:42;921.22;921.22;920.15;920.15;0.97;892.04;920.56
30.01.2017 15:43;920.15;920.96;920.15;920.95;0.4;365.11;920.72
30.01.2017 15:44;920.16;920.27;920.16;920.27;1.69;1551.57;920.16
30.01.2017 15:45;920.03;920.15;919.53;919.57;0.77;710.44;919.99
30.01.2017 15:46;919.65;920.09;919.65;919.69;1.33;1226.64;919.7
30.01.2017 15:47;919.8;920.29;919.8;920.29;0.22;204.24;920.23
30.01.2017 15:48;920.32;920.32;919.99;920.32;0.27;249.42;920.27
30.01.2017 15:49;920.33;920.33;920.33;920.33;0.07;59.82;920.33
30.01.2017 15:50;920.33;920.33;919.73;919.73;0.23;208.74;920.07
30.01.2017 15:51;920.33;920.33;919.95;919.95;0.22;204.51;920.24
30.01.2017 15:52;920.31;920.33;920.07;920.07;0.57;520.18;920.21
30.01.2017 15:53;920.32;920.54;920.32;920.53;4.13;3804.65;920.33
30.01.2017 15:54;920.41;920.41;919.49;920.26;0.84;776.25;920.28
30.01.2017 15:55;919.56;920.5;919.56;920.5;2.04;1876.84;919.87
30.01.2017 15:56;920.52;921.3;920.34;921.3;17.63;16230.3;920.64
30.01.2017 15:57;921.29;921.29;920.49;920.49;0.29;270.77;921.21
30.01.2017 15:58;921.29;921.29;921.29;921.29;0.02;22.07;921.29
30.01.2017 15:59;921.3;921.38;920.4;920.46;0.3;278.7;920.68
30.01.2017 16:00;921.37;921.5;921.37;921.5;6.6;6084.65;921.49
30.01.2017 16:01;921.49;921.79;920.89;921.79;2.04;1880.94;921.59
30.01.2017 16:02;920.64;920.78;920.64;920.78;0.2;179.83;920.76
30.01.2017 16:03;921.78;921.96;921.78;921.96;5.06;4663.54;921.89
30.01.2017 16:04;0;0;0;0;0;0;0
30.01.2017 16:05;921.05;921.96;921.05;921.95;1.5;1382.02;921.92
30.01.2017 16:06;920.92;921.75;920.92;921.75;1.75;1614.94;921.63
30.01.2017 16:07;920.91;921.95;920.91;921.95;1.14;1047.64;921.67
30.01.2017 16:08;921.94;921.94;921.94;921.94;0.02;15.32;921.94
30.01.2017 16:09;921.79;921.94;920.91;920.91;1.38;1271.22;921.8
30.01.2017 16:10;921.77;921.77;921.77;921.77;0.04;36.06;921.77
30.01.2017 16:11;920.91;920.91;920.91;920.91;0.13;115.25;920.91
30.01.2017 16:12;920.91;920.91;920.91;920.91;6.5;5985.92;920.91
30.01.2017 16:13;920.93;920.93;920.44;920.44;1.15;1059.55;920.83
30.01.2017 16:14;920.92;920.92;920.34;920.34;0.33;304.95;920.69
30.01.2017 16:15;920.92;920.92;920.92;920.92;2.68;2466.46;920.92
30.01.2017 16:16;920.92;920.92;920.92;920.92;0.02;17.5;920.92
30.01.2017 16:17;920.64;920.91;920.64;920.66;0.19;173.18;920.79
30.01.2017 16:18;920.92;920.92;920.92;920.92;0.23;216.08;920.92
30.01.2017 16:19;920.67;920.89;920.64;920.64;0.79;722.91;920.81
30.01.2017 16:20;0;0;0;0;0;0;0
30.01.2017 16:21;920.64;920.91;920.64;920.91;0.04;41.38;920.79
30.01.2017 16:22;920.64;920.64;920.44;920.44;1.13;1041.4;920.53
30.01.2017 16:23;920.66;920.66;920.66;920.66;2.17;1997;920.66
30.01.2017 16:24;920.33;920.77;920.33;920.77;0.05;47.51;920.58
30.01.2017 16:25;920.33;920.33;919.92;919.92;1.23;1134.69;920.29
30.01.2017 16:26;0;0;0;0;0;0;0
30.01.2017 16:27;920.33;920.87;920.33;920.43;0.15;137.42;920.44
30.01.2017 16:28;0;0;0;0;0;0;0
30.01.2017 16:29;920.85;920.92;920.85;920.92;4.43;4080.73;920.9
30.01.2017 16:30;920.85;920.92;920.85;920.85;1.36;1248.11;920.89
30.01.2017 16:31;920.85;920.92;920.85;920.92;0.02;20.63;920.89
30.01.2017 16:32;920.92;920.92;920.85;920.85;0.37;340.37;920.89
30.01.2017 16:33;920.85;920.85;919.97;919.97;5.31;4889.91;920.13
30.01.2017 16:34;920;920;919.91;920;0.35;322.39;919.94
30.01.2017 16:35;920;920;920;920;0.63;583.86;920
30.01.2017 16:36;0;0;0;0;0;0;0
30.01.2017 16:37;920;920.49;920;920.49;1.36;1252.82;920.04
30.01.2017 16:38;920.49;920.49;920.49;920.49;0.01;10.2;920.49
30.01.2017 16:39;920.49;920.49;920.49;920.49;0.25;234.23;920.49
30.01.2017 16:40;920.49;920.5;919.91;919.93;0.37;338.44;920.05
30.01.2017 16:41;920.49;920.49;920.49;920.49;0.01;5.97;920.49
30.01.2017 16:42;920.49;920.49;920.49;920.49;0.27;245.03;920.49
30.01.2017 16:43;920.5;920.92;920.5;920.92;2.94;2705.12;920.84
30.01.2017 16:44;920.92;921.31;920.92;920.94;2.17;1997.51;921.16
30.01.2017 16:45;920.94;921.31;920.94;921.31;0.22;205.18;921.05
30.01.2017 16:46;921.31;921.31;921.31;921.31;0.03;30.4;921.31
30.01.2017 16:47;0;0;0;0;0;0;0
30.01.2017 16:48;921.31;921.89;921.31;921.89;0.22;206.66;921.87
30.01.2017 16:49;921.91;921.99;920.96;920.97;16;14749.96;921.96
30.01.2017 16:50;921.98;921.98;920.98;920.98;5.33;4913.88;921.94
30.01.2017 16:51;921.9;921.9;920.97;921.72;0.33;302.62;921.16
30.01.2017 16:52;921.72;921.73;920.94;920.94;0.64;589.21;921.18
30.01.2017 16:53;920.94;920.94;920.11;920.11;32.07;29529.51;920.76
30.01.2017 16:54;920.88;921.66;920.14;921.66;10.15;9351.62;920.94
30.01.2017 16:55;920.36;920.36;920.36;920.36;0.22;200.28;920.36
30.01.2017 16:56;920.32;920.43;920.32;920.42;0.83;764.36;920.4
30.01.2017 16:57;921.35;921.35;920.02;920.91;1.16;1064.94;920.79
30.01.2017 16:58;920.02;920.02;920;920;15.88;14605.92;920
30.01.2017 16:59;920;920;920;920;4.95;4554;920
30.01.2017 17:00;920;920.01;920;920.01;0.18;168.61;920.01
30.01.2017 17:01;920.01;920.56;920;920;0.72;666.35;920.26
30.01.2017 17:02;920.5;920.5;920.5;920.5;3.06;2817.11;920.5
30.01.2017 17:03;920.5;920.5;920.5;920.5;0.26;239.76;920.5
30.01.2017 17:04;920.5;920.5;920;920.5;15.25;14033.81;920.1
30.01.2017 17:05;920;920.39;920;920.39;0.05;47.85;920.23
30.01.2017 17:06;920.5;920.5;920.01;920.01;0.41;379.77;920.26
30.01.2017 17:07;920.28;920.29;920.28;920.29;0.17;157.92;920.29
30.01.2017 17:08;920.3;920.71;920.3;920.62;3.91;3601.68;920.66
30.01.2017 17:09;920.59;920.59;920.59;920.59;8.59;7907.15;920.59
30.01.2017 17:10;920.68;920.68;920.68;920.68;0.3;273.42;920.68
30.01.2017 17:11;920.68;920.68;920.17;920.17;1.41;1298.09;920.28
30.01.2017 17:12;920.16;920.17;920.16;920.17;2.9;2668.34;920.16
30.01.2017 17:13;920.17;920.17;920.16;920.16;5.1;4690.27;920.16
30.01.2017 17:14;920.17;920.67;919.99;920.16;15.82;14556.86;920.02
30.01.2017 17:15;920;920;920;920;0.31;289.56;920
30.01.2017 17:16;920;920;919.97;920;0.2;184.92;919.99
30.01.2017 17:17;920;920;919.97;920;0.51;470.77;920
30.01.2017 17:18;0;0;0;0;0;0;0
30.01.2017 17:19;919.99;919.99;919.97;919.97;0.42;389.19;919.99
30.01.2017 17:20;919.97;919.99;919.97;919.99;0.29;270.29;919.98
30.01.2017 17:21;919.99;919.99;919.99;919.99;0.32;290.86;919.99
30.01.2017 17:22;919.97;919.99;919.97;919.99;0.12;110.51;919.98
30.01.2017 17:23;919.99;920;919.99;920;10.02;9220.79;920
30.01.2017 17:24;919.97;919.97;919.93;919.93;0.4;366.14;919.94
30.01.2017 17:25;919.93;919.93;918.94;918.94;30.19;27746.61;918.95
30.01.2017 17:26;919.9;919.9;918.93;918.93;0.4;366.55;919.65
30.01.2017 17:27;919.9;919.9;918.92;918.93;0.09;80.19;919.44
30.01.2017 17:28;918.93;918.93;918.93;918.93;0.58;532.74;918.93
30.01.2017 17:29;918.94;918.94;918.94;918.94;0.6;555.63;918.94
30.01.2017 17:30;918.94;918.94;918.94;918.94;1.74;1594.78;918.94
30.01.2017 17:31;918.94;918.94;918.93;918.93;0.58;537.09;918.94
30.01.2017 17:32;918.94;919.9;918.94;919.9;2.3;2111.64;919.48
30.01.2017 17:33;918.92;919.9;918.92;919.9;0.11;105;919.64
30.01.2017 17:34;919.9;919.9;919.9;919.9;0.56;515.02;919.9
30.01.2017 17:35;918.92;919.9;918.92;919.9;6.99;6432.81;919.89
30.01.2017 17:36;919.9;920;919.9;919.99;60.09;55278.33;919.93
30.01.2017 17:37;919.99;919.99;919.91;919.91;0.24;219.53;919.92
30.01.2017 17:38;919.98;920;919.98;920;0.36;333.13;919.99
30.01.2017 17:39;919.98;919.98;919.98;919.98;0.03;24.97;919.98
30.01.2017 17:40;920;920;920;920;0.36;335.54;920
30.01.2017 17:41;920;921;920;921;6.21;5713.1;920.69
30.01.2017 17:42;921;921;920;920;3.73;3439.42;920.88
30.01.2017 17:43;920.99;921;920;921;8.3;7646.93;920.99
30.01.2017 17:44;920;920;920;920;0.01;8.04;920
30.01.2017 17:45;921;921;919.98;920.63;0.28;253.48;920.28
30.01.2017 17:46;919.98;919.98;919.98;919.98;0.15;137.98;919.98
30.01.2017 17:47;919.98;919.98;919.9;919.9;0.07;68.98;919.96
30.01.2017 17:48;919.9;919.9;919.9;919.9;0.09;79.74;919.9
30.01.2017 17:49;919.9;920.99;919.9;920.99;1.17;1077.12;920.96
30.01.2017 17:50;920.72;920.72;920;920;1.01;931.32;920.2
30.01.2017 17:51;919.99;920;919.99;920;0.34;312.64;920
30.01.2017 17:52;920;920;919.99;919.99;0.22;198.3;919.99
30.01.2017 17:53;919.99;920;919.99;920;0.27;251.54;919.99
30.01.2017 17:54;920;920;919.99;920;0.18;161.02;920
30.01.2017 17:55;919.99;920;918.93;918.93;0.46;425.99;919.87
30.01.2017 17:56;0;0;0;0;0;0;0
30.01.2017 17:57;0;0;0;0;0;0;0
30.01.2017 17:58;0;0;0;0;0;0;0
30.01.2017 17:59;919.49;919.89;918.92;918.92;0.14;130.91;919.65
30.01.2017 18:00;919.87;919.87;919.87;919.87;0.24;225.17;919.87
30.01.2017 18:01;0;0;0;0;0;0;0
30.01.2017 18:02;918.92;918.92;918.22;918.24;1.22;1120.58;918.77
30.01.2017 18:03;919.86;919.87;918.56;919.86;2.37;2179.65;919.81
30.01.2017 18:04;918.57;919.86;918.02;919.86;16.41;15067.38;918.08
30.01.2017 18:05;919.87;919.87;919.86;919.86;0.21;191.61;919.86
30.01.2017 18:06;919.86;919.86;918.04;918.04;1.01;931.19;918.39
30.01.2017 18:07;919.8;919.99;919.8;919.83;10.14;9325.99;919.95
30.01.2017 18:08;919.84;919.84;919.84;919.84;0.14;126.97;919.84
30.01.2017 18:09;918.54;918.54;918.54;918.54;0.04;34.07;918.54
30.01.2017 18:10;0;0;0;0;0;0;0
30.01.2017 18:11;919.35;919.36;919.35;919.35;2.86;2624.95;919.35
30.01.2017 18:12;919.52;919.52;919.52;919.52;0.01;11.48;919.52
30.01.2017 18:13;0;0;0;0;0;0;0
30.01.2017 18:14;918.43;918.43;918.43;918.43;0.5;457.76;918.43
30.01.2017 18:15;918.44;918.44;918.44;918.44;0.14;127.41;918.44
30.01.2017 18:16;918.44;918.57;918.44;918.57;0.03;27.9;918.51
30.01.2017 18:17;918.57;918.57;918.57;918.57;0.05;45.35;918.57
30.01.2017 18:18;918.44;919;918.44;919;0.46;423.61;918.6
30.01.2017 18:19;918.44;919.5;918.44;919.5;4.43;4076.56;919.49
30.01.2017 18:20;0;0;0;0;0;0;0
30.01.2017 18:21;0;0;0;0;0;0;0
30.01.2017 18:22;918.37;918.37;918.37;918.37;0.03;24.44;918.37
30.01.2017 18:23;918.5;918.5;918.43;918.44;4.43;4069.3;918.43
30.01.2017 18:24;918.37;919.49;918.37;919.49;0.68;627.52;918.5
30.01.2017 18:25;919.49;919.49;918.37;918.37;0.13;115.82;919.26
30.01.2017 18:26;918.43;918.43;918.43;918.43;0.24;223.38;918.43
30.01.2017 18:27;0;0;0;0;0;0;0
30.01.2017 18:28;919.49;919.49;919.49;919.49;0.03;30.92;919.49
30.01.2017 18:29;0;0;0;0;0;0;0
30.01.2017 18:30;0;0;0;0;0;0;0
30.01.2017 18:31;919.49;919.49;919.49;919.49;5;4597.45;919.49
30.01.2017 18:32;918.46;918.46;918.46;918.46;0.03;31.07;918.46
30.01.2017 18:33;919.49;919.5;918.46;918.46;0.24;217.43;919.01
30.01.2017 18:34;919.49;919.49;918.46;918.46;27;24798.55;918.46
30.01.2017 18:35;919.49;919.49;918.44;918.44;4.27;3924.37;918.47
30.01.2017 18:36;918.43;918.43;918.43;918.43;11.27;10353.11;918.43
30.01.2017 18:37;0;0;0;0;0;0;0
30.01.2017 18:38;918.43;918.43;918;918;31.7;29103.66;918.1
30.01.2017 18:39;919.35;919.35;918;918;1.73;1585;918.28
30.01.2017 18:40;0;0;0;0;0;0;0
30.01.2017 18:41;919.35;919.35;919.35;919.35;0.06;54.17;919.35
30.01.2017 18:42;919.35;919.35;919.35;919.35;0.58;533.52;919.35
30.01.2017 18:43;918.01;918.01;918.01;918.01;0.08;76.19;918.01
30.01.2017 18:44;919.35;919.35;919.35;919.35;0.03;29.93;919.35
30.01.2017 18:45;918.01;918.01;918.01;918.01;0.14;130.36;918.01
30.01.2017 18:46;919.35;919.35;918.01;918.01;0.04;34.89;918.58
30.01.2017 18:47;918.01;918.01;918.01;918.01;0.03;26.95;918.01
30.01.2017 18:48;918.01;918.01;918.01;918.01;0.02;15.08;918.01
30.01.2017 18:49;0;0;0;0;0;0;0
30.01.2017 18:50;919.3;919.35;919.3;919.35;25.1;23073.15;919.3
30.01.2017 18:51;919.35;919.35;919.35;919.35;0.39;362.59;919.35
30.01.2017 18:52;919.35;919.35;918.26;918.26;0.27;251.4;919.25
30.01.2017 18:53;919.35;919.35;919.35;919.35;0.53;483.05;919.35
30.01.2017 18:54;919.35;919.35;919.35;919.35;0.54;494.01;919.35
30.01.2017 18:55;919.35;919.35;919.35;919.35;0.37;336.22;919.35
30.01.2017 18:56;0;0;0;0;0;0;0
30.01.2017 18:57;919.35;919.35;919.35;919.35;0.58;534.01;919.35
30.01.2017 18:58;919.35;919.35;919.35;919.35;0.16;146.06;919.35
30.01.2017 18:59;0;0;0;0;0;0;0
30.01.2017 19:00;918.31;919.35;918.26;918.26;0.11;97.89;918.4
30.01.2017 19:01;919.35;919.35;918.41;919.35;0.18;167.92;919.13
30.01.2017 19:02;919.35;919.35;918.3;918.6;0.15;133.84;918.77
30.01.2017 19:03;919.36;919.44;919.36;919.36;2.64;2428.8;919.37
30.01.2017 19:04;919.38;919.44;919.38;919.44;0.29;262.14;919.41
30.01.2017 19:05;919.39;919.39;919.39;919.39;0.09;82.75;919.39
30.01.2017 19:06;919.36;919.36;919.36;919.36;0.03;24.82;919.36
30.01.2017 19:07;919.41;919.42;919.41;919.42;0.16;151.01;919.41
30.01.2017 19:08;919.35;919.42;919.35;919.42;0.08;76.17;919.38
30.01.2017 19:09;919.44;920;919.44;920;16;14716.73;919.8
30.01.2017 19:10;919.35;919.35;919.35;919.35;0.02;21.15;919.35
30.01.2017 19:11;0;0;0;0;0;0;0
30.01.2017 19:12;0;0;0;0;0;0;0
30.01.2017 19:13;919.42;919.42;919.42;919.42;0.12;114.46;919.42
30.01.2017 19:14;0;0;0;0;0;0;0
30.01.2017 19:15;0;0;0;0;0;0;0
30.01.2017 19:16;920;920;920;920;3.39;3122.07;920
30.01.2017 19:17;0;0;0;0;0;0;0
30.01.2017 19:18;920;920;920;920;0.2;179.57;920
30.01.2017 19:19;919.42;919.42;919.42;919.42;0.59;542.42;919.42
30.01.2017 19:20;919.42;919.42;919.42;919.42;0.28;260.52;919.42
30.01.2017 19:21;919.42;919.42;919.42;919.42;0.01;9.17;919.42
30.01.2017 19:22;919.42;919.42;919.35;919.42;0.4;365.15;919.41
30.01.2017 19:23;0;0;0;0;0;0;0
30.01.2017 19:24;919.35;919.35;918.99;918.99;0.4;367.69;919.22
30.01.2017 19:25;0;0;0;0;0;0;0
30.01.2017 19:26;919.99;919.99;919.99;919.99;0.13;115.42;919.99
30.01.2017 19:27;919.97;919.98;918.99;918.99;0.27;250.32;919.57
30.01.2017 19:28;919.03;919.98;919.03;919.98;8.17;7508.07;919.05
30.01.2017 19:29;919.98;919.98;919.98;919.98;0.11;102.12;919.98
30.01.2017 19:30;919.98;919.98;919.98;919.98;2.4;2208.06;919.98
30.01.2017 19:31;919.98;919.98;919.01;919.01;0.55;500.9;919.09
30.01.2017 19:32;919.98;919.98;919.51;919.98;24.16;22213.52;919.51
30.01.2017 19:33;919.03;920;919.03;920;105.19;96777.3;919.99
30.01.2017 19:34;920;920;920;920;0.02;15.64;920
30.01.2017 19:35;920;920;920;920;0.21;188.62;920
30.01.2017 19:36;920;920;920;920;0.05;41.4;920
30.01.2017 19:37;920;920;920;920;0.1;93.84;920
30.01.2017 19:38;920;920;920;920;0.02;19.95;920
30.01.2017 19:39;920;920;920;920;0.1;91.74;920
30.01.2017 19:40;920;920;920;920;0.16;143.88;920
30.01.2017 19:41;919.3;920;919.3;920;0.66;603.1;919.56
30.01.2017 19:42;920;920;920;920;0.08;69.92;920
30.01.2017 19:43;919.2;919.2;919.2;919.2;0.03;29.41;919.2
30.01.2017 19:44;919.15;919.15;919.15;919.15;0.01;12.87;919.15
30.01.2017 19:45;0;0;0;0;0;0;0
30.01.2017 19:46;919.35;919.35;919.35;919.35;0.03;30.66;919.35
30.01.2017 19:47;0;0;0;0;0;0;0
30.01.2017 19:48;920;921;920;921;49.6;45679.76;920.97
30.01.2017 19:49;921.03;921.03;921.03;921.03;0.01;9.21;921.03
30.01.2017 19:50;921.07;921.07;921.07;921.07;0.01;9.98;921.07
30.01.2017 19:51;921.07;921.07;921.07;921.07;0.15;136.92;921.07
30.01.2017 19:52;0;0;0;0;0;0;0
30.01.2017 19:53;921.07;921.07;921.07;921.07;0.08;69.72;921.07
30.01.2017 19:54;921.01;921.01;921;921;153.99;141823.85;921
30.01.2017 19:55;0;0;0;0;0;0;0
30.01.2017 19:56;920.99;920.99;919.98;919.98;1.26;1155.66;920
30.01.2017 19:57;921.05;921.05;921.05;921.05;0.03;30.39;921.05
30.01.2017 19:58;921.05;921.05;921.05;921.05;0.31;284.68;921.05
30.01.2017 19:59;0;0;0;0;0;0;0
30.01.2017 20:00;921.03;921.03;921.03;921.03;0.22;200.78;921.03
30.01.2017 20:01;921.03;921.03;921.03;921.03;0.01;9.18;921.03
30.01.2017 20:02;921.06;921.06;920;921.04;3.22;2961.75;920.39
30.01.2017 20:03;920.33;921.03;920.33;920.33;0.49;454.48;920.91
30.01.2017 20:04;921.07;921.09;921.07;921.09;1.01;928.28;921.08
30.01.2017 20:05;921.33;921.33;919.97;921.33;3.52;3239.28;920.21
30.01.2017 20:06;921.33;921.33;921.33;921.33;0.83;768.87;921.33
30.01.2017 20:07;921.33;921.33;921.33;921.33;0.62;573.74;921.33
30.01.2017 20:08;921.33;921.33;919.67;921.29;11.17;10285.37;920.55
30.01.2017 20:09;0;0;0;0;0;0;0
30.01.2017 20:10;0;0;0;0;0;0;0
30.01.2017 20:11;919.89;921.27;919.89;921.27;0.03;29.83;920.21
30.01.2017 20:12;921.27;921.27;919.93;919.96;1.43;1312.31;920.49
30.01.2017 20:13;919.88;921.27;919.67;919.75;0.25;225.79;920.94
30.01.2017 20:14;0;0;0;0;0;0;0
30.01.2017 20:15;921.27;921.27;921.27;921.27;1.34;1233.56;921.27
30.01.2017 20:16;921.27;921.27;919.86;919.86;0.49;446.9;921.12
30.01.2017 20:17;921.27;921.27;921.27;921.27;0.41;378.27;921.27
30.01.2017 20:18;921.27;921.27;921.27;921.27;0.02;22.68;921.27
30.01.2017 20:19;0;0;0;0;0;0;0
30.01.2017 20:20;920.27;920.27;919.91;919.91;0.31;281.26;919.93
30.01.2017 20:21;919.91;920.27;919.91;920.27;0.16;151.41;920.23
30.01.2017 20:22;921.17;921.17;921.17;921.17;0.05;42.02;921.17
30.01.2017 20:23;0;0;0;0;0;0;0
30.01.2017 20:24;0;0;0;0;0;0;0
30.01.2017 20:25;0;0;0;0;0;0;0
30.01.2017 20:26;921.17;921.17;921.17;921.17;1.84;1693.25;921.17
30.01.2017 20:27;921.17;921.17;921.17;921.17;0.08;75.07;921.17
30.01.2017 20:28;0;0;0;0;0;0;0
30.01.2017 20:29;920.95;920.95;920.95;920.95;0.02;21.86;920.95
30.01.2017 20:30;920.57;920.57;920.27;920.27;8.85;8144.5;920.46
30.01.2017 20:31;920.62;920.62;920.62;920.62;0.04;33.45;920.62
30.01.2017 20:32;0;0;0;0;0;0;0
30.01.2017 20:33;920;920;920;920;7.77;7148.64;920
30.01.2017 20:34;920;920;918.25;918.25;30;27568.78;918.96
30.01.2017 20:35;918.25;919.66;918.25;918.25;43.48;39929.04;918.36
30.01.2017 20:36;919.66;919.66;919.66;919.66;1.11;1018.77;919.66
30.01.2017 20:37;919.66;919.66;919.66;919.66;0.01;8.88;919.66
30.01.2017 20:38;0;0;0;0;0;0;0
30.01.2017 20:39;919.66;919.66;919.66;919.66;0.26;238.66;919.66
30.01.2017 20:40;919.66;919.66;919.66;919.66;0.33;300.25;919.66
30.01.2017 20:41;0;0;0;0;0;0;0
30.01.2017 20:42;919.66;919.66;919.66;919.66;4.16;3825.66;919.66
30.01.2017 20:43;0;0;0;0;0;0;0
30.01.2017 20:44;918.55;919.58;918.55;919.58;0.29;264.67;918.62
30.01.2017 20:45;919.67;919.67;919.66;919.66;0.07;68.76;919.67
30.01.2017 20:46;0;0;0;0;0;0;0
30.01.2017 20:47;918.51;919.66;918.51;919.66;0.64;584.31;919.45
30.01.2017 20:48;918.64;918.64;918.64;918.64;0.03;23.02;918.64
30.01.2017 20:49;0;0;0;0;0;0;0
30.01.2017 20:50;0;0;0;0;0;0;0
30.01.2017 20:51;918.91;918.91;918.91;918.91;8;7351.28;918.91
30.01.2017 20:52;0;0;0;0;0;0;0
30.01.2017 20:53;918.56;918.56;918.56;918.56;0.05;41.87;918.56
30.01.2017 20:54;0;0;0;0;0;0;0
30.01.2017 20:55;0;0;0;0;0;0;0
30.01.2017 20:56;919.67;919.67;919.67;919.67;1.28;1176.29;919.67
30.01.2017 20:57;0;0;0;0;0;0;0
30.01.2017 20:58;919.69;919.69;919.69;919.69;0.56;512.63;919.69
30.01.2017 20:59;919.69;920.6;919.69;920.6;30;27607.5;920.25
30.01.2017 21:00;920.6;920.6;920.6;920.6;0.07;64.44;920.6
30.01.2017 21:01;920.05;920.05;920.05;920.05;0.14;124.67;920.05
30.01.2017 21:02;0;0;0;0;0;0;0
30.01.2017 21:03;0;0;0;0;0;0;0
30.01.2017 21:04;920.6;920.6;920.6;920.6;0.05;46.63;920.6
30.01.2017 21:05;920.6;920.6;920.6;920.6;0.12;110.28;920.6
30.01.2017 21:06;920.6;920.6;920.6;920.6;0.07;67.48;920.6
30.01.2017 21:07;920.27;920.27;920.27;920.27;20.72;19067.8;920.27
30.01.2017 21:08;920.59;920.83;920.59;920.83;3.32;3061.14;920.68
30.01.2017 21:09;920.82;920.82;920.82;920.82;6.02;5547;920.82
30.01.2017 21:10;920.82;920.82;920.09;920.82;1.13;1042.71;920.8
30.01.2017 21:11;920.82;920.82;920.82;920.82;0.1;92.08;920.82
30.01.2017 21:12;920.82;920.82;920.82;920.82;0.65;595.08;920.82
30.01.2017 21:13;0;0;0;0;0;0;0
30.01.2017 21:14;920.81;920.81;920.08;920.08;1.12;1028.32;920.09
30.01.2017 21:15;920.74;920.74;920.74;920.74;0.01;8.38;920.74
30.01.2017 21:16;920.37;920.37;920.37;920.37;1.15;1055.16;920.37
30.01.2017 21:17;920.81;920.81;920.81;920.81;0.05;44.06;920.81
30.01.2017 21:18;920.81;920.81;920.81;920.81;0.04;35.91;920.81
30.01.2017 21:19;920.81;920.81;920.81;920.81;0.1;92.08;920.81
30.01.2017 21:20;920.81;920.81;920.4;920.4;0.35;325.83;920.42
30.01.2017 21:21;920.81;920.81;920.79;920.79;0.19;173.14;920.8
30.01.2017 21:22;920.72;920.72;920.4;920.4;0.52;475.13;920.44
30.01.2017 21:23;920.82;920.82;920.6;920.6;0.9;831.8;920.8
30.01.2017 21:24;920.59;920.59;920.59;920.59;0.01;11.58;920.59
30.01.2017 21:25;920.4;920.79;920.4;920.79;19.06;17544.1;920.4
30.01.2017 21:26;0;0;0;0;0;0;0
30.01.2017 21:27;920.81;920.83;920.81;920.83;0.62;568.97;920.83
30.01.2017 21:28;920.75;920.75;920.74;920.74;0.43;399.73;920.74
30.01.2017 21:29;0;0;0;0;0;0;0
30.01.2017 21:30;920.02;920.02;920.02;920.02;0.04;32.2;920.02
30.01.2017 21:31;920.83;921;920.83;921;0.9;825.06;920.96
30.01.2017 21:32;921.12;921.32;921.12;921.32;0.27;247.95;921.23
30.01.2017 21:33;921.26;921.29;921.26;921.29;0.04;34.08;921.28
30.01.2017 21:34;921.14;921.28;921.14;921.26;0.81;748.13;921.18
30.01.2017 21:35;920.37;921.26;920.37;921.26;0.05;48.36;920.58
30.01.2017 21:36;0;0;0;0;0;0;0
30.01.2017 21:37;921.28;921.28;921.22;921.22;0.05;46.25;921.26
30.01.2017 21:38;921.25;921.25;921.25;921.25;0.02;22.11;921.25
30.01.2017 21:39;921.19;921.28;920.37;921.28;0.08;71.89;920.87
30.01.2017 21:40;921.22;921.22;920.77;921.22;3.51;3234.2;921.22
30.01.2017 21:41;921.22;921.22;921.22;921.22;0.14;131.66;921.22
30.01.2017 21:42;0;0;0;0;0;0;0
30.01.2017 21:43;921.22;921.22;920.63;920.63;1.44;1324.87;920.8
30.01.2017 21:44;921.28;921.28;921.28;921.28;0.11;99.75;921.28
30.01.2017 21:45;920.79;921.28;920.79;921.28;0.34;315.41;921.11
30.01.2017 21:46;920.86;921.31;920.86;921.28;0.89;821.52;921.23
30.01.2017 21:47;921.24;921.24;921.23;921.23;3.33;3069.12;921.24
30.01.2017 21:48;0;0;0;0;0;0;0
30.01.2017 21:49;921.25;921.25;921.25;921.25;0.05;42.38;921.25
30.01.2017 21:50;920.52;920.52;920.52;920.52;0.03;26.23;920.52
30.01.2017 21:51;921.22;921.22;920.73;920.73;0.34;308.54;921.02
30.01.2017 21:52;921.25;921.25;921.25;921.25;0.18;161.62;921.25
30.01.2017 21:53;0;0;0;0;0;0;0
30.01.2017 21:54;921.28;921.28;921.28;921.28;0.23;209.05;921.28
30.01.2017 21:55;921.24;921.24;921.24;921.24;0.25;225.7;921.24
30.01.2017 21:56;921.23;921.23;920.7;920.7;3.8;3499.36;921.16
30.01.2017 21:57;0;0;0;0;0;0;0
30.01.2017 21:58;0;0;0;0;0;0;0
30.01.2017 21:59;0;0;0;0;0;0;0
30.01.2017 22:00;0;0;0;0;0;0;0
30.01.2017 22:01;0;0;0;0;0;0;0
30.01.2017 22:02;921.13;921.13;921.13;921.13;0.03;26.61;921.13
30.01.2017 22:03;920.71;920.71;920.7;920.7;2.71;2497.44;920.7
30.01.2017 22:04;0;0;0;0;0;0;0
30.01.2017 22:05;921.13;921.13;921.13;921.13;0.1;94.63;921.13
30.01.2017 22:06;921.16;921.16;921.16;921.16;0.04;36.91;921.16
30.01.2017 22:07;920.68;923;920.25;921.61;302.56;279168.85;922.69
30.01.2017 22:08;921.61;921.61;921.61;921.61;0.47;431.96;921.61
30.01.2017 22:09;922.21;922.21;922.21;922.21;0.08;77.45;922.21
30.01.2017 22:10;0;0;0;0;0;0;0
30.01.2017 22:11;0;0;0;0;0;0;0
30.01.2017 22:12;0;0;0;0;0;0;0
30.01.2017 22:13;922.21;922.21;922.21;922.21;0.03;23.06;922.21
30.01.2017 22:14;921.81;921.81;921.81;921.81;0.08;73.26;921.81
30.01.2017 22:15;921.63;921.63;921.63;921.63;4.34;4001.71;921.63
30.01.2017 22:16;921.63;921.66;921.63;921.65;24.74;22798.12;921.65
30.01.2017 22:17;921.65;921.75;921.62;921.63;4.85;4470.97;921.63
30.01.2017 22:18;921.79;921.79;921.79;921.79;0.01;9.84;921.79
30.01.2017 22:19;0;0;0;0;0;0;0
30.01.2017 22:20;0;0;0;0;0;0;0
30.01.2017 22:21;0;0;0;0;0;0;0
30.01.2017 22:22;921.65;921.65;921.65;921.65;0.23;213.32;921.65
30.01.2017 22:23;921.65;921.66;921.65;921.65;0.46;420.46;921.65
30.01.2017 22:24;921.65;921.65;921.65;921.65;2.52;2318.55;921.65
30.01.2017 22:25;921.65;921.65;921.65;921.65;0.23;209.91;921.65
30.01.2017 22:26;0;0;0;0;0;0;0
30.01.2017 22:27;921.65;921.65;921.65;921.65;3;2764.95;921.65
30.01.2017 22:28;921.69;921.79;921.69;921.79;0.3;275.69;921.78
30.01.2017 22:29;921.69;921.79;921.69;921.79;1.36;1257.79;921.69
30.01.2017 22:30;921.69;921.7;921.69;921.7;11.69;10772.35;921.69
30.01.2017 22:31;921.7;921.7;921.69;921.69;0.37;336.97;921.69
30.01.2017 22:32;921.7;921.7;921.65;921.65;4.11;3790.54;921.66
30.01.2017 22:33;921.79;921.79;921.65;921.79;0.49;448.72;921.67
30.01.2017 22:34;921.79;921.79;921.79;921.79;0.2;187.12;921.79
30.01.2017 22:35;921.65;921.65;921.65;921.65;3.1;2856.41;921.65
30.01.2017 22:36;921.65;921.79;921.65;921.65;0.64;588.99;921.7
30.01.2017 22:37;921.65;921.79;921.65;921.79;0.33;308.2;921.7
30.01.2017 22:38;921.79;921.79;921.79;921.79;0.44;405.59;921.79
30.01.2017 22:39;921.61;921.61;921.61;921.61;0.07;67.96;921.61
30.01.2017 22:40;921.79;921.79;921.66;921.66;0.24;225.77;921.77
30.01.2017 22:41;921.79;922.22;921.79;922.22;23.8;21936.59;921.84
30.01.2017 22:42;921.66;922.22;921.6;921.66;0.72;660.79;921.68
30.01.2017 22:43;922.22;922.22;921.66;921.66;0.17;153.39;921.7
30.01.2017 22:44;922.22;922.22;921.66;921.66;0.32;293.3;921.83
30.01.2017 22:45;922.22;922.22;921.66;922.22;0.68;623.06;922.21
30.01.2017 22:46;922.22;922.25;921.68;922.24;0.65;599.33;922.05
30.01.2017 22:47;921.7;922.2;921.66;922.2;30.44;28059.8;921.7
30.01.2017 22:48;0;0;0;0;0;0;0
30.01.2017 22:49;921.62;921.62;921.61;921.61;0.25;226.18;921.61
30.01.2017 22:50;921.61;921.61;921.6;921.6;0.62;572.06;921.61
30.01.2017 22:51;921.61;922.14;921.61;922.13;0.37;344.04;921.99
30.01.2017 22:52;0;0;0;0;0;0;0
30.01.2017 22:53;921.62;922.14;921.01;922.14;0.85;786.62;921.6
30.01.2017 22:54;922.1;922.1;922.1;922.1;0.05;42.42;922.1
30.01.2017 22:55;922.09;922.09;921.02;921.02;0.6;554.6;921.11
30.01.2017 22:56;921.02;922.02;921.01;921.01;2.6;2392.73;921.09
30.01.2017 22:57;921.01;922.01;921.01;922.01;1.69;1555.86;921.06
30.01.2017 22:58;922.01;922.02;921.35;922.02;0.34;309.39;921.86
30.01.2017 22:59;921.43;921.8;921.34;921.34;0.21;191.29;921.47
30.01.2017 23:00;921.61;922.01;921.61;922.01;0.07;65.45;921.84
30.01.2017 23:01;922.01;922.01;921.08;921.08;0.06;59.4;921.42
30.01.2017 23:02;922.01;922.01;921.11;921.11;0.19;176.06;921.64
30.01.2017 23:03;922;922;921.47;921.47;0.06;58.01;921.8
30.01.2017 23:04;921.06;921.06;921;921.04;1;917.54;921.02
30.01.2017 23:05;921.08;922.01;921.08;921.14;3.05;2812.89;921.25
30.01.2017 23:06;922.02;922.02;922.02;922.02;0.06;52.56;922.02
30.01.2017 23:07;921.05;922.01;921.02;921.02;0.21;193.26;921.48
30.01.2017 23:08;922.01;922.01;922.01;922.01;0.22;201;922.01
30.01.2017 23:09;922.01;922.01;921.05;921.06;5.34;4919.42;921.53
30.01.2017 23:10;921.06;922.01;921.06;921.07;1.23;1133.16;921.1
30.01.2017 23:11;921.07;922.01;921.06;921.06;1.75;1608.7;921.34
30.01.2017 23:12;0;0;0;0;0;0;0
30.01.2017 23:13;922.01;922.01;921.06;921.06;0.89;822.4;921.15
30.01.2017 23:14;921.06;922.01;921.03;922.01;1.22;1123.49;921.09
30.01.2017 23:15;921.04;921.04;921.03;921.03;0.84;775.25;921.03
30.01.2017 23:16;0;0;0;0;0;0;0
30.01.2017 23:17;922.01;922.01;921.04;922;0.47;434.79;921.62
30.01.2017 23:18;921.08;922.02;921.04;922.02;0.74;677.33;921.2
30.01.2017 23:19;921.07;922;921.06;921.06;0.96;887.26;921.27
30.01.2017 23:20;921.05;922;921.05;922;0.3;274.02;921.16
30.01.2017 23:21;921.14;921.14;921.14;921.14;0.5;460.57;921.14
30.01.2017 23:22;921.09;922;921.08;921.08;0.4;367.96;921.14
30.01.2017 23:23;921.08;921.99;921.08;921.44;0.8;736.54;921.58
30.01.2017 23:24;921.14;921.14;921.14;921.14;0.01;13.39;921.14
30.01.2017 23:25;921.09;921.09;921.09;921.09;0.35;321.3;921.09
30.01.2017 23:26;921.09;921.99;921.08;921.99;0.89;821.34;921.12
30.01.2017 23:27;921.1;921.99;921.09;921.1;0.4;369.14;921.49
30.01.2017 23:28;921.1;921.12;921.1;921.11;0.23;216.25;921.11
30.01.2017 23:29;921.08;921.08;921.08;921.08;0.11;101.32;921.08
30.01.2017 23:30;921.11;922;921.11;921.12;0.85;781.15;921.81
30.01.2017 23:31;921.12;921.12;921.07;921.07;0.99;916.33;921.1
30.01.2017 23:32;921.99;921.99;921.07;921.08;1.96;1804.75;921.3
30.01.2017 23:33;921.12;921.3;921.08;921.08;1.7;1565.66;921.09
30.01.2017 23:34;921.08;921.3;921.05;921.07;4.82;4441.72;921.08
30.01.2017 23:35;921.11;921.11;920.99;920.99;28.05;25833.04;921.01
30.01.2017 23:36;920.82;920.82;920.82;920.82;0.54;500.84;920.82
30.01.2017 23:37;920.81;920.87;920.81;920.81;1.94;1784.37;920.82
30.01.2017 23:38;920.99;920.99;920.81;920.81;1.9;1751.02;920.81
30.01.2017 23:39;920.81;920.81;920.81;920.81;1.5;1383.42;920.81
30.01.2017 23:40;920.81;920.99;920.81;920.81;1.59;1462.57;920.81
30.01.2017 23:41;920.81;920.99;920.6;920.61;2.92;2687.27;920.93
30.01.2017 23:42;920.61;920.61;920.61;920.61;0.21;195.63;920.61
30.01.2017 23:43;920.99;920.99;920.61;920.99;0.08;74.36;920.92
30.01.2017 23:44;920.61;920.99;920.61;920.61;0.41;373.09;920.62
30.01.2017 23:45;920.61;920.61;920.61;920.61;0.12;110.33;920.61
30.01.2017 23:46;920.99;920.99;920.61;920.99;0.33;299.74;920.84
30.01.2017 23:47;920.61;920.61;920.61;920.61;0.03;23.94;920.61
30.01.2017 23:48;920.99;920.99;920.99;920.99;0.23;212.75;920.99
30.01.2017 23:49;0;0;0;0;0;0;0
30.01.2017 23:50;920.95;920.95;920.61;920.61;1.15;1061.5;920.64
30.01.2017 23:51;920.6;920.6;920.04;920.6;1.39;1280.9;920.42
30.01.2017 23:52;920.04;920.6;920.04;920.6;0.12;114.73;920.28
30.01.2017 23:53;920.6;920.6;920.05;920.05;35.25;32437.09;920.17
30.01.2017 23:54;920.26;920.26;920;920;2.15;1980.78;920.03
30.01.2017 23:55;919.81;919.99;919.74;919.99;0.53;483.27;919.82
30.01.2017 23:56;919.82;919.99;919.82;919.98;1.86;1713.35;919.89
30.01.2017 23:57;919.99;919.99;919.99;919.99;0.92;849.07;919.99
30.01.2017 23:58;920;920;919.99;919.99;30.4;27966.58;919.99
30.01.2017 23:59;920;920;919.99;919.99;0.04;40.29;920
31.01.2017 00:00;919.99;919.99;919.74;919.75;2.08;1917.48;919.95
31.01.2017 00:01;919.99;919.99;919.99;919.99;0.12;110.4;919.99
31.01.2017 00:02;919.99;919.99;919.75;919.75;0.1;95.46;919.85
31.01.2017 00:03;919.99;920;919.99;920;0.94;867.85;919.99
31.01.2017 00:04;920;920;920;920;0.14;127.88;920
31.01.2017 00:05;919.99;919.99;919.75;919.75;1.1;1007.49;919.97
31.01.2017 00:06;919.75;920;919.75;920;4.4;4044.89;919.99
31.01.2017 00:07;0;0;0;0;0;0;0
31.01.2017 00:08;919.75;919.99;919.75;919.77;1.14;1046.79;919.98
31.01.2017 00:09;919.77;919.77;919.77;919.77;0.03;25.8;919.77
31.01.2017 00:10;920;920;920;920;1.51;1387.96;920
31.01.2017 00:11;919.89;919.9;919.89;919.89;0.22;199.41;919.89
31.01.2017 00:12;920;920;919.89;919.89;0.29;264.93;919.91
31.01.2017 00:13;919.99;920;919.99;919.99;0.79;724.09;919.99
31.01.2017 00:14;920;920;919.99;920;2.24;2064.82;920
31.01.2017 00:15;920;920;919.99;920;0.7;643.31;920
31.01.2017 00:16;919.99;920;919.99;920;0.34;315.31;919.99
31.01.2017 00:17;919.99;919.99;919.99;919.99;1.51;1389.47;919.99
31.01.2017 00:18;919.99;920;919.99;919.99;0.25;234.27;919.99
31.01.2017 00:19;920;920;919.99;919.99;1.43;1311.68;919.99
31.01.2017 00:20;919.99;920;919.99;920;2.04;1881.13;920
31.01.2017 00:21;919.99;920;919.99;920;19.6;18032.89;920
31.01.2017 00:22;920;920.59;920;920.59;1.1;1016.83;920.53
31.01.2017 00:23;920.59;920.59;920.59;920.59;0.05;46.95;920.59
31.01.2017 00:24;920;920.59;920;920;5.86;5389.97;920.05
31.01.2017 00:25;920;920;920;920;0.12;114.08;920
31.01.2017 00:26;920.59;920.59;920.01;920.01;10.06;9259.88;920.57
31.01.2017 00:27;920.01;920.59;920.01;920.59;0.29;264.39;920.44
31.01.2017 00:28;920.01;920.59;920.01;920.59;0.5;463.64;920.31
31.01.2017 00:29;920.02;920.03;920.02;920.03;0.08;74.15;920.03
31.01.2017 00:30;920.57;920.57;920.57;920.57;0.46;421.92;920.57
31.01.2017 00:31;920.57;920.57;920.03;920.03;0.1;90.8;920.19
31.01.2017 00:32;920.58;920.58;920.03;920.58;0.64;585.93;920.55
31.01.2017 00:33;920.58;921;920.03;921;5.64;5191.37;920.89
31.01.2017 00:34;920.99;920.99;920.36;920.36;1.2;1104.75;920.37
31.01.2017 00:35;0;0;0;0;0;0;0
31.01.2017 00:36;0;0;0;0;0;0;0
31.01.2017 00:37;920.36;920.36;920.36;920.36;0.02;22;920.36
31.01.2017 00:38;920.99;920.99;920.36;920.36;0.06;51.56;920.77
31.01.2017 00:39;920.99;920.99;920.38;920.38;0.1;91.79;920.87
31.01.2017 00:40;920.99;920.99;920.38;920.99;0.14;124.5;920.88
31.01.2017 00:41;920.99;920.99;920.38;920.38;0.15;137.5;920.44
31.01.2017 00:42;920.38;920.99;920.38;920.99;0.55;509.25;920.92
31.01.2017 00:43;920.99;920.99;920.37;920.37;0.1;95.19;920.47
31.01.2017 00:44;920.37;920.37;920.37;920.37;0.04;38.86;920.37
31.01.2017 00:45;920.37;920.38;920.37;920.38;0.61;564.48;920.38
31.01.2017 00:46;920.38;920.38;920.37;920.37;0.08;73.28;920.38
31.01.2017 00:47;920.38;920.38;920.04;920.04;1.67;1540.15;920.26
31.01.2017 00:48;920.04;920.04;920.04;920.04;0.02;15.03;920.04
31.01.2017 00:49;920.06;920.06;920.06;920.06;0.65;599.19;920.06
31.01.2017 00:50;920.06;920.38;920.06;920.06;0.15;137.29;920.27
31.01.2017 00:51;0;0;0;0;0;0;0
31.01.2017 00:52;920.06;920.38;920.06;920.06;0.24;217.81;920.13
31.01.2017 00:53;920.06;920.38;920.06;920.38;0.15;133.92;920.09
31.01.2017 00:54;920.38;920.38;920.06;920.06;3.05;2807.73;920.06
31.01.2017 00:55;920.38;920.38;920.38;920.38;0.12;110.63;920.38
31.01.2017 00:56;920.38;920.38;920.38;920.38;0.38;348.09;920.38
31.01.2017 00:57;920.06;920.38;920.06;920.38;0.23;207.77;920.3
31.01.2017 00:58;920.38;920.38;920.38;920.38;0.07;64.3;920.38
31.01.2017 00:59;920.38;920.38;920.08;920.08;0.09;86.28;920.27
31.01.2017 01:00;920.38;920.99;920.08;920.08;2.92;2686.97;920.7
31.01.2017 01:01;920.12;920.12;920.09;920.09;0.6;550.97;920.12
31.01.2017 01:02;921;921;920.18;921;0.44;406.05;920.98
31.01.2017 01:03;921;921;920.4;920.68;4.33;3983.44;920.96
31.01.2017 01:04;920.41;921;920.41;921;0.27;252.65;920.54
31.01.2017 01:05;921;921;920.99;921;4.49;4137.56;921
31.01.2017 01:06;920.82;920.82;920.82;920.82;0.13;119.9;920.82
31.01.2017 01:07;0;0;0;0;0;0;0
31.01.2017 01:08;0;0;0;0;0;0;0
31.01.2017 01:09;920.99;921;920.99;920.99;0.31;288.17;920.99
31.01.2017 01:10;921;921;921;921;0.3;275.81;921
31.01.2017 01:11;920.99;920.99;920.99;920.99;0.09;81.91;920.99
31.01.2017 01:12;921;921;921;921;0.05;49;921
31.01.2017 01:13;920.99;921;919.88;919.88;1.73;1597.45;920.99
31.01.2017 01:14;919.8;919.8;919.8;919.8;0.03;30.02;919.8
31.01.2017 01:15;0;0;0;0;0;0;0
31.01.2017 01:16;921;921;921;921;0.05;45.36;921
31.01.2017 01:17;921;921;921;921;0.17;155.46;921
31.01.2017 01:18;0;0;0;0;0;0;0
31.01.2017 01:19;0;0;0;0;0;0;0
31.01.2017 01:20;920.08;920.08;920.08;920.08;0.17;154.77;920.08
31.01.2017 01:21;920.08;920.99;919.78;919.78;0.27;246.08;920.03
31.01.2017 01:22;919.78;920.99;919.78;920.99;1.05;969.5;920.91
31.01.2017 01:23;921;921;921;921;0.03;25.79;921
31.01.2017 01:24;920.99;920.99;920.11;920.11;0.58;537.97;920.66
31.01.2017 01:25;919.8;919.8;919.8;919.8;0.47;433.12;919.8
31.01.2017 01:26;919.8;921;919.8;921;0.96;885.07;919.88
31.01.2017 01:27;921;921;920.05;920.05;1.01;927.39;920.99
31.01.2017 01:28;920.11;921;920.11;921;0.17;155.97;920.72
31.01.2017 01:29;921;921;920.71;920.71;0.29;264.74;920.98
31.01.2017 01:30;921;921.21;921;921.21;141.25;130088.1;921
31.01.2017 01:31;921.18;921.18;921.18;921.18;5.75;5298.68;921.18
31.01.2017 01:32;921.2;921.2;921.2;921.2;0.04;32.24;921.2
31.01.2017 01:33;921.21;921.21;921.21;921.21;0.15;137.08;921.21
31.01.2017 01:34;920.74;920.74;920.74;920.74;0.06;52.08;920.74
31.01.2017 01:35;920.74;921.21;920.74;921.21;0.12;115.14;921.16
31.01.2017 01:36;921.21;921.21;920.74;920.74;1.73;1595.1;920.75
31.01.2017 01:37;0;0;0;0;0;0;0
31.01.2017 01:38;920.88;921.21;920.88;921.21;0.06;52.34;921.01
31.01.2017 01:39;921.21;921.44;921.21;921.44;1.96;1809.43;921.3
31.01.2017 01:40;920.75;921.54;920.75;921.22;0.85;779.58;921.28
31.01.2017 01:41;0;0;0;0;0;0;0
31.01.2017 01:42;921.37;921.37;921.22;921.22;0.21;195.55;921.31
31.01.2017 01:43;921.37;921.37;921.37;921.37;0.05;42.38;921.37
31.01.2017 01:44;921.37;921.37;921.22;921.22;0.33;302.54;921.35
31.01.2017 01:45;921.22;921.37;921.22;921.37;1.12;1029.94;921.23
31.01.2017 01:46;0;0;0;0;0;0;0
31.01.2017 01:47;921.22;921.37;921.22;921.37;0.12;111.02;921.26
31.01.2017 01:48;921.37;921.37;921.37;921.37;0.09;78.32;921.37
31.01.2017 01:49;921.37;921.37;921.37;921.37;0.02;20.27;921.37
31.01.2017 01:50;921.37;921.37;921.22;921.22;0.26;237.28;921.31
31.01.2017 01:51;921.37;921.37;921.37;921.37;0.04;38.7;921.37
31.01.2017 01:52;921.24;921.24;921.24;921.24;0.04;40.26;921.24
31.01.2017 01:53;0;0;0;0;0;0;0
31.01.2017 01:54;921.37;921.37;921.24;921.24;0.26;238.49;921.25
31.01.2017 01:55;921.37;921.37;921.37;921.37;0.01;9.9;921.37
31.01.2017 01:56;0;0;0;0;0;0;0
31.01.2017 01:57;0;0;0;0;0;0;0
31.01.2017 01:58;0;0;0;0;0;0;0
31.01.2017 01:59;921.24;921.24;921.24;921.24;0.03;27.18;921.24
31.01.2017 02:00;921.37;921.37;921.37;921.37;0.13;119.54;921.37
31.01.2017 02:01;921.37;921.37;921.26;921.26;0.41;381.26;921.28
31.01.2017 02:02;921.26;921.37;921.25;921.37;0.77;713.45;921.27
31.01.2017 02:03;921.25;921.25;921.25;921.25;0.13;116.62;921.25
31.01.2017 02:04;921.25;921.25;920.62;920.62;1.42;1307.21;920.9
31.01.2017 02:05;920.62;920.75;920.55;920.75;2.05;1883.61;920.7
31.01.2017 02:06;921.37;921.53;921.37;921.37;0.41;380.33;921.38
31.01.2017 02:07;921.53;921.53;921.37;921.37;0.07;67.8;921.46
31.01.2017 02:08;921.53;921.53;921.53;921.53;0.09;80.17;921.53
31.01.2017 02:09;921.53;921.53;921.53;921.53;0.24;224.85;921.53
31.01.2017 02:10;921.38;921.53;921.38;921.53;0.27;251.81;921.44
31.01.2017 02:11;921.4;921.4;921.39;921.39;0.5;461.96;921.4
31.01.2017 02:12;921.38;921.53;921.38;921.53;0.24;217.21;921.42
31.01.2017 02:13;921.5;921.5;921.5;921.5;0.3;278.03;921.5
31.01.2017 02:14;921.5;921.5;921.5;921.5;0.04;40.09;921.5
31.01.2017 02:15;921.53;921.53;921.38;921.38;4.13;3810.11;921.53
31.01.2017 02:16;921.39;921.39;921.39;921.39;0.15;142.01;921.39
31.01.2017 02:17;0;0;0;0;0;0;0
31.01.2017 02:18;921.38;921.38;921;921;5;4605.25;921.05
31.01.2017 02:19;920.72;920.72;920.72;920.72;0.06;53.07;920.72
31.01.2017 02:20;920.63;921.02;920.63;921.02;0.07;60.11;920.77
31.01.2017 02:21;920.75;920.75;920.75;920.75;0.03;26.7;920.75
31.01.2017 02:22;0;0;0;0;0;0;0
31.01.2017 02:23;921.53;921.53;921.53;921.53;0.99;914.16;921.53
31.01.2017 02:24;920.77;921.05;920.77;921.05;0.7;641.26;921
31.01.2017 02:25;921.52;921.52;920.74;920.74;0.29;270.5;921.01
31.01.2017 02:26;0;0;0;0;0;0;0
31.01.2017 02:27;920.74;920.74;920.74;920.74;0.08;74.72;920.74
31.01.2017 02:28;0;0;0;0;0;0;0
31.01.2017 02:29;921.52;921.52;920.6;920.6;0.03;28.47;920.93
31.01.2017 02:30;920.74;920.75;920.74;920.75;0.65;597.41;920.75
31.01.2017 02:31;920.08;920.08;920.08;920.08;0.27;249;920.08
31.01.2017 02:32;920.08;920.08;919.76;919.82;4.79;4406.08;920.04
31.01.2017 02:33;920.3;920.3;920.06;920.06;0.6;556.42;920.07
31.01.2017 02:34;919.93;919.93;919.93;919.93;0.05;50.1;919.93
31.01.2017 02:35;921.53;921.53;920.07;920.07;0.29;271.03;920.34
31.01.2017 02:36;920.07;920.07;919.72;919.72;0.22;204.06;919.93
31.01.2017 02:37;921.53;921.53;920.08;920.08;0.22;199.34;920.81
31.01.2017 02:38;0;0;0;0;0;0;0
31.01.2017 02:39;920.07;920.07;920.07;920.07;0.08;72.65;920.07
31.01.2017 02:40;920.07;920.08;919.71;920.08;0.19;173.75;919.99
31.01.2017 02:41;919.72;920.08;919.72;920.02;4.14;3810.58;920.07
31.01.2017 02:42;0;0;0;0;0;0;0
31.01.2017 02:43;919.72;919.72;919.72;919.72;0.02;20.23;919.72
31.01.2017 02:44;920.01;920.01;919.72;919.72;0.07;60.4;919.96
31.01.2017 02:45;0;0;0;0;0;0;0
31.01.2017 02:46;0;0;0;0;0;0;0
31.01.2017 02:47;0;0;0;0;0;0;0
31.01.2017 02:48;0;0;0;0;0;0;0
31.01.2017 02:49;0;0;0;0;0;0;0
31.01.2017 02:50;919.72;919.72;919.72;919.72;0.18;167.78;919.72
31.01.2017 02:51;0;0;0;0;0;0;0
31.01.2017 02:52;919.72;919.73;919.72;919.73;0.07;65.17;919.73
31.01.2017 02:53;919.72;921.33;919.72;919.75;0.63;580.13;920.3
31.01.2017 02:54;919.77;919.77;919.77;919.77;0.02;18.21;919.77
31.01.2017 02:55;919.74;919.75;919.74;919.75;0.19;179.03;919.74
31.01.2017 02:56;919.99;919.99;919.99;919.99;0.12;108.28;919.99
31.01.2017 02:57;919.75;919.75;919.75;919.75;0.12;109.58;919.75
31.01.2017 02:58;0;0;0;0;0;0;0
31.01.2017 02:59;0;0;0;0;0;0;0
31.01.2017 03:00;919.71;919.71;919.71;919.71;0.07;62.12;919.71
31.01.2017 03:01;921.32;921.32;919.77;919.77;0.13;118.94;921.2
31.01.2017 03:02;919.78;921.32;919.78;921.32;0.13;124.02;921.07
31.01.2017 03:03;921.32;921.32;919.72;921.32;0.71;654.54;920.01
31.01.2017 03:04;0;0;0;0;0;0;0
31.01.2017 03:05;921.32;921.32;919.93;919.93;0.11;103.16;921.17
31.01.2017 03:06;921.32;921.32;919.74;919.74;0.06;55.86;920.05
31.01.2017 03:07;919.74;919.74;919.74;919.74;0.05;49.79;919.74
31.01.2017 03:08;919.74;919.74;919.74;919.74;0.08;76.91;919.74
31.01.2017 03:09;919.99;919.99;919.99;919.99;0.2;184;919.99
31.01.2017 03:10;920.15;921.32;920.14;921.32;0.2;182.3;920.44
31.01.2017 03:11;920.15;921.32;919.98;919.98;0.18;165.81;920.45
31.01.2017 03:12;921.32;921.32;921.32;921.32;0.01;12.9;921.32
31.01.2017 03:13;919.92;921.32;919.53;919.53;2.18;2002.99;919.71
31.01.2017 03:14;0;0;0;0;0;0;0
31.01.2017 03:15;920.7;920.7;919.61;919.61;5.02;4613.26;919.76
31.01.2017 03:16;920.7;920.7;920.7;920.7;0.01;5.04;920.7
31.01.2017 03:17;0;0;0;0;0;0;0
31.01.2017 03:18;919.88;919.88;919.74;919.74;0.06;55.02;919.75
31.01.2017 03:19;919.74;919.74;919.59;919.74;0.73;674.16;919.73
31.01.2017 03:20;919.86;919.86;919.77;919.77;0.7;644.01;919.83
31.01.2017 03:21;0;0;0;0;0;0;0
31.01.2017 03:22;920.32;920.32;920.32;920.32;2.44;2244.66;920.32
31.01.2017 03:23;0;0;0;0;0;0;0
31.01.2017 03:24;0;0;0;0;0;0;0
31.01.2017 03:25;919.91;919.91;919.91;919.91;0.05;49.39;919.91
31.01.2017 03:26;920.33;920.54;920.33;920.54;1;920.54;920.54
31.01.2017 03:27;920.33;920.33;920.33;920.33;0.11;104.57;920.33
31.01.2017 03:28;0;0;0;0;0;0;0
31.01.2017 03:29;0;0;0;0;0;0;0
31.01.2017 03:30;919.78;919.78;919.78;919.78;1.5;1379.67;919.78
31.01.2017 03:31;919.78;920.53;919.78;920.53;2.04;1881.32;920.51
31.01.2017 03:32;919.77;919.77;919.77;919.77;0.02;14.93;919.77
31.01.2017 03:33;0;0;0;0;0;0;0
31.01.2017 03:34;0;0;0;0;0;0;0
31.01.2017 03:35;919.78;919.78;919.78;919.78;0.38;353.71;919.78
31.01.2017 03:36;919.78;920.53;919.78;920.53;0.54;500.54;920.12
31.01.2017 03:37;919.91;920.53;919.78;919.78;0.6;552.55;919.81
31.01.2017 03:38;919.78;919.78;919.78;919.78;1.03;949.97;919.78
31.01.2017 03:39;0;0;0;0;0;0;0
31.01.2017 03:40;919.77;920.53;919.77;920.53;0.2;185.64;920.37
31.01.2017 03:41;919.8;919.8;919.8;919.8;0.6;551.11;919.8
31.01.2017 03:42;919.8;919.8;919.8;919.8;0.05;50.1;919.8
31.01.2017 03:43;919.8;919.8;919.8;919.8;0.02;21.05;919.8
31.01.2017 03:44;919.8;919.8;919.8;919.8;0.08;75.65;919.8
31.01.2017 03:45;920.53;920.53;919.8;919.8;0.07;64.87;919.97
31.01.2017 03:46;919.8;919.8;919.8;919.8;0.07;62.12;919.8
31.01.2017 03:47;919.79;919.79;919.79;919.79;0.03;30.06;919.79
31.01.2017 03:48;919.79;919.79;919.79;919.79;0.08;75.15;919.79
31.01.2017 03:49;0;0;0;0;0;0;0
31.01.2017 03:50;0;0;0;0;0;0;0
31.01.2017 03:51;919.18;919.18;918.92;918.92;1.33;1218.97;919.13
31.01.2017 03:52;918.94;918.94;918.94;918.94;1.11;1021.1;918.94
31.01.2017 03:53;919.18;920.45;919.18;919.2;0.41;374.21;919.37
31.01.2017 03:54;919.19;920.45;919.18;920.45;10.43;9603.85;920.4
31.01.2017 03:55;919.34;919.34;919.34;919.34;0.03;30.07;919.34
31.01.2017 03:56;919.26;920.45;919.22;919.22;0.69;634.09;919.33
31.01.2017 03:57;919.22;919.68;919.22;919.68;0.29;266.14;919.42
31.01.2017 03:58;919.32;919.32;919.32;919.32;0.05;50.08;919.32
31.01.2017 03:59;0;0;0;0;0;0;0
31.01.2017 04:00;0;0;0;0;0;0;0
31.01.2017 04:01;0;0;0;0;0;0;0
31.01.2017 04:02;919.32;919.32;919.21;919.21;0.05;43;919.26
31.01.2017 04:03;919.34;919.34;919.34;919.34;0.55;505.64;919.34
31.01.2017 04:04;919.96;919.97;919.91;919.91;0.31;281.17;919.92
31.01.2017 04:05;919.53;919.53;919.53;919.53;0.03;31.9;919.53
31.01.2017 04:06;920.45;920.45;920.45;920.45;0.01;13.74;920.45
31.01.2017 04:07;0;0;0;0;0;0;0
31.01.2017 04:08;0;0;0;0;0;0;0
31.01.2017 04:09;0;0;0;0;0;0;0
31.01.2017 04:10;919.28;919.28;919.28;919.28;0.07;66.32;919.28
31.01.2017 04:11;919.28;919.28;919.02;919.02;10.12;9301.79;919.25
31.01.2017 04:12;920.34;920.34;919.28;919.28;11.79;10850.32;920.18
31.01.2017 04:13;919.56;919.56;919.3;919.3;0.08;72.57;919.51
31.01.2017 04:14;919.66;919.66;919.66;919.66;0.09;84.1;919.66
31.01.2017 04:15;919.37;919.37;919.37;919.37;1.87;1716.74;919.37
31.01.2017 04:16;919.32;919.32;919.32;919.32;0.03;29.06;919.32
31.01.2017 04:17;0;0;0;0;0;0;0
31.01.2017 04:18;919.38;919.38;919.29;919.3;9.05;8321.73;919.34
31.01.2017 04:19;0;0;0;0;0;0;0
31.01.2017 04:20;919.38;919.38;919.3;919.3;2.32;2134.21;919.33
31.01.2017 04:21;919.3;919.3;919.16;919.16;4.02;3693.79;919.29
31.01.2017 04:22;919.16;919.16;919.16;919.16;0.37;340.09;919.16
31.01.2017 04:23;919.16;919.16;919.16;919.16;0.1;95.19;919.16
31.01.2017 04:24;0;0;0;0;0;0;0
31.01.2017 04:25;919.16;919.25;919.16;919.25;3.01;2765.21;919.25
31.01.2017 04:26;919.16;919.25;919.16;919.25;5.32;4885.79;919.25
31.01.2017 04:27;920.34;920.34;919.16;920.34;0.05;42.17;919.5
31.01.2017 04:28;0;0;0;0;0;0;0
31.01.2017 04:29;0;0;0;0;0;0;0
31.01.2017 04:30;0;0;0;0;0;0;0
31.01.2017 04:31;919.18;920.27;919.16;919.16;0.8;733.21;919.37
31.01.2017 04:32;918.94;918.94;918.91;918.93;2.37;2178.33;918.92
31.01.2017 04:33;918.93;918.93;917.87;917.87;5.75;5280.59;918.36
31.01.2017 04:34;917.74;917.74;917.52;917.52;3.66;3357.79;917.71
31.01.2017 04:35;917.74;917.74;917.5;917.5;3.58;3287.76;917.7
31.01.2017 04:36;918.7;918.7;918.08;918.1;2.17;1992.3;918.67
31.01.2017 04:37;918.7;918.7;918.7;918.7;0.05;44.7;918.7
31.01.2017 04:38;918.71;918.71;918.71;918.71;0.25;231.23;918.71
31.01.2017 04:39;918.71;918.71;918.71;918.71;0.02;13.78;918.71
31.01.2017 04:40;918.7;918.71;918.7;918.71;0.61;561.48;918.7
31.01.2017 04:41;918.5;918.5;918.5;918.5;0.31;288.66;918.5
31.01.2017 04:42;0;0;0;0;0;0;0
31.01.2017 04:43;918.5;918.5;918.5;918.5;0.03;24.95;918.5
31.01.2017 04:44;918.5;918.52;918.5;918.52;0.45;412;918.52
31.01.2017 04:45;918.52;918.52;918.52;918.52;0.07;68.52;918.52
31.01.2017 04:46;918.88;918.88;918.88;918.88;0.01;12.53;918.88
31.01.2017 04:47;918.54;918.54;918.54;918.54;0.1;93.87;918.54
31.01.2017 04:48;918.89;918.89;918.52;918.52;5.17;4748.13;918.89
31.01.2017 04:49;918.52;918.52;918.52;918.52;0.06;57.11;918.52
31.01.2017 04:50;918.52;918.52;918.52;918.52;0.02;16.01;918.52
31.01.2017 04:51;918.89;918.89;918.89;918.89;3.23;2966.13;918.89
31.01.2017 04:52;0;0;0;0;0;0;0
31.01.2017 04:53;918.52;918.52;918.52;918.52;0.01;10.48;918.52
31.01.2017 04:54;918.89;918.89;918.21;918.21;0.6;549.38;918.26
31.01.2017 04:55;918.89;918.89;918.22;918.22;0.13;116.47;918.34
31.01.2017 04:56;918.89;918.89;918.89;918.89;0.28;257.55;918.89
31.01.2017 04:57;918.21;918.21;918.21;918.21;0.6;550.77;918.21
31.01.2017 04:58;0;0;0;0;0;0;0
31.01.2017 04:59;918.21;918.21;918.21;918.21;0.02;19.85;918.21
31.01.2017 05:00;918.2;918.21;918.2;918.21;8.4;7714.64;918.21
31.01.2017 05:01;0;0;0;0;0;0;0
31.01.2017 05:02;918.21;918.21;918.21;918.21;0.02;20.11;918.21
31.01.2017 05:03;918.21;918.89;918.21;918.89;0.37;341.45;918.48
31.01.2017 05:04;918.21;918.21;918.21;918.21;0.55;501;918.21
31.01.2017 05:05;918.89;918.93;918.89;918.93;39.75;36526.25;918.9
31.01.2017 05:06;919.03;919.03;919.03;919.03;0.02;14.94;919.03
31.01.2017 05:07;919.7;919.7;919.7;919.7;0.02;14.95;919.7
31.01.2017 05:08;919.71;919.71;919.06;919.06;2.09;1922.07;919.21
31.01.2017 05:09;0;0;0;0;0;0;0
31.01.2017 05:10;919.07;919.08;919.07;919.08;0.19;172.67;919.08
31.01.2017 05:11;0;0;0;0;0;0;0
31.01.2017 05:12;919.08;919.08;919.08;919.08;0.1;88.18;919.08
31.01.2017 05:13;0;0;0;0;0;0;0
31.01.2017 05:14;919.1;919.13;919.1;919.13;3.08;2826.26;919.1
31.01.2017 05:15;919.13;919.7;919.13;919.7;19.74;18140.89;919.13
31.01.2017 05:16;919.11;919.11;919.11;919.11;0.2;180.36;919.11
31.01.2017 05:17;0;0;0;0;0;0;0
31.01.2017 05:18;0;0;0;0;0;0;0
31.01.2017 05:19;919.1;919.1;919.1;919.1;0.21;193.01;919.1
31.01.2017 05:20;0;0;0;0;0;0;0
31.01.2017 05:21;919.11;919.11;919.11;919.11;0.06;52.66;919.11
31.01.2017 05:22;919.7;919.7;919.7;919.7;0.38;352.98;919.7
31.01.2017 05:23;919.1;919.1;919.1;919.1;0.02;22.16;919.1
31.01.2017 05:24;0;0;0;0;0;0;0
31.01.2017 05:25;0;0;0;0;0;0;0
31.01.2017 05:26;919.06;919.06;919.06;919.06;0.11;98.86;919.06
31.01.2017 05:27;919.1;919.12;919.1;919.12;0.66;602.92;919.1
31.01.2017 05:28;919.12;919.12;919.12;919.12;0.54;492.99;919.12
31.01.2017 05:29;0;0;0;0;0;0;0
31.01.2017 05:30;0;0;0;0;0;0;0
31.01.2017 05:31;919.7;919.7;919.7;919.7;0.3;279.59;919.7
31.01.2017 05:32;0;0;0;0;0;0;0
31.01.2017 05:33;0;0;0;0;0;0;0
31.01.2017 05:34;0;0;0;0;0;0;0
31.01.2017 05:35;919.11;919.7;919.11;919.7;0.2;186.44;919.39
31.01.2017 05:36;919.12;919.12;919.12;919.12;0.05;42.57;919.12
31.01.2017 05:37;919.7;919.7;919.7;919.7;0.04;37.91;919.7
31.01.2017 05:38;919.12;919.12;919.12;919.12;0.05;49.43;919.12
31.01.2017 05:39;0;0;0;0;0;0;0
31.01.2017 05:40;919.12;919.13;919.12;919.13;0.54;500.17;919.12
31.01.2017 05:41;919.13;919.7;919.13;919.7;0.25;225.75;919.32
31.01.2017 05:42;919.7;919.7;919.7;919.7;0.01;13.75;919.7
31.01.2017 05:43;919.12;919.12;919.12;919.12;0.03;25.83;919.12
31.01.2017 05:44;919.7;919.7;919.7;919.7;3.59;3303.8;919.7
31.01.2017 05:45;0;0;0;0;0;0;0
31.01.2017 05:46;0;0;0;0;0;0;0
31.01.2017 05:47;0;0;0;0;0;0;0
31.01.2017 05:48;919.14;919.14;919.14;919.14;2.89;2652.85;919.14
31.01.2017 05:49;919.13;919.13;919.07;919.07;1.79;1645.72;919.11
31.01.2017 05:50;919.07;919.07;919.07;919.07;0.23;210.09;919.07
31.01.2017 05:51;0;0;0;0;0;0;0
31.01.2017 05:52;919.06;919.06;919.06;919.06;0.38;353.12;919.06
31.01.2017 05:53;0;0;0;0;0;0;0
31.01.2017 05:54;919.06;919.12;919.06;919.12;23.03;21165.81;919.12
31.01.2017 05:55;919.09;919.09;919.09;919.09;0.05;45.48;919.09
31.01.2017 05:56;919.12;919.13;919.12;919.13;0.37;336.66;919.13
31.01.2017 05:57;919.15;919.17;919.15;919.17;1.03;947.57;919.17
31.01.2017 05:58;0;0;0;0;0;0;0
31.01.2017 05:59;919.12;919.14;919.08;919.14;1.43;1318.25;919.12
31.01.2017 06:00;919.7;919.7;919.7;919.7;0.21;196.64;919.7
31.01.2017 06:01;919.23;919.23;919.23;919.23;0.08;75.16;919.23
31.01.2017 06:02;919.28;919.7;919.26;919.26;0.13;117.21;919.55
31.01.2017 06:03;0;0;0;0;0;0;0
31.01.2017 06:04;919.12;919.7;919.12;919.22;0.75;686.64;919.15
31.01.2017 06:05;919.15;919.24;919.15;919.24;0.66;610.05;919.15
31.01.2017 06:06;919.24;919.24;919.24;919.24;0.01;9.65;919.24
31.01.2017 06:07;919.29;919.29;919.29;919.29;0.18;165.35;919.29
31.01.2017 06:08;0;0;0;0;0;0;0
31.01.2017 06:09;0;0;0;0;0;0;0
31.01.2017 06:10;919.24;919.24;919.21;919.21;0.05;44.09;919.22
31.01.2017 06:11;0;0;0;0;0;0;0
31.01.2017 06:12;919.3;919.35;919.3;919.35;5.48;5034.98;919.3
31.01.2017 06:13;0;0;0;0;0;0;0
31.01.2017 06:14;0;0;0;0;0;0;0
31.01.2017 06:15;0;0;0;0;0;0;0
31.01.2017 06:16;0;0;0;0;0;0;0
31.01.2017 06:17;919.38;919.38;919.38;919.38;0.11;100.22;919.38
31.01.2017 06:18;0;0;0;0;0;0;0
31.01.2017 06:19;0;0;0;0;0;0;0
31.01.2017 06:20;919.7;919.7;919.7;919.7;0.06;51.62;919.7
31.01.2017 06:21;0;0;0;0;0;0;0
31.01.2017 06:22;919.7;919.9;919.41;919.41;1.45;1334.85;919.69
31.01.2017 06:23;0;0;0;0;0;0;0
31.01.2017 06:24;919.41;919.44;919.41;919.44;0.22;198.88;919.44
31.01.2017 06:25;919.42;919.46;919.42;919.46;0.33;305.12;919.44
31.01.2017 06:26;919.48;919.48;919.48;919.48;0.02;22.81;919.48
31.01.2017 06:27;919.55;919.55;919.55;919.55;0.03;24.85;919.55
31.01.2017 06:28;0;0;0;0;0;0;0
31.01.2017 06:29;919.43;919.43;919.43;919.43;0.47;435.4;919.43
31.01.2017 06:30;0;0;0;0;0;0;0
31.01.2017 06:31;0;0;0;0;0;0;0
31.01.2017 06:32;919.89;920;919.89;920;4.2;3867.52;919.98
31.01.2017 06:33;919.69;919.69;919.69;919.69;0.11;98.55;919.69
31.01.2017 06:34;920.1;920.1;919.95;919.95;0.95;871.29;920.08
31.01.2017 06:35;0;0;0;0;0;0;0
31.01.2017 06:36;920;920;920;920;0.14;131.15;920
31.01.2017 06:37;0;0;0;0;0;0;0
31.01.2017 06:38;919.75;919.75;919.75;919.75;0.03;27.96;919.75
31.01.2017 06:39;0;0;0;0;0;0;0
31.01.2017 06:40;0;0;0;0;0;0;0
31.01.2017 06:41;0;0;0;0;0;0;0
31.01.2017 06:42;920.34;920.34;920.34;920.34;0.03;24.5;920.34
31.01.2017 06:43;920.34;920.34;920.34;920.34;0.07;61.26;920.34
31.01.2017 06:44;919.75;919.75;919.52;919.52;0.24;216.79;919.56
31.01.2017 06:45;919.53;919.53;919.53;919.53;0.01;10.02;919.53
31.01.2017 06:46;0;0;0;0;0;0;0
31.01.2017 06:47;919.54;919.54;919.54;919.54;0.12;110.79;919.54
31.01.2017 06:48;0;0;0;0;0;0;0
31.01.2017 06:49;920.34;920.34;920.34;920.34;0.04;41;920.34
31.01.2017 06:50;919.62;920.46;919.62;920.46;18.7;17209.08;920.23
31.01.2017 06:51;0;0;0;0;0;0;0
31.01.2017 06:52;920.46;920.54;920.46;920.54;1.17;1075.26;920.48
31.01.2017 06:53;0;0;0;0;0;0;0
31.01.2017 06:54;920.14;920.14;920.14;920.14;0.13;116.88;920.14
31.01.2017 06:55;0;0;0;0;0;0;0
31.01.2017 06:56;919.74;920.53;919.74;920.53;0.15;136.33;920.41
31.01.2017 06:57;0;0;0;0;0;0;0
31.01.2017 06:58;0;0;0;0;0;0;0
31.01.2017 06:59;0;0;0;0;0;0;0
31.01.2017 07:00;920.53;920.54;920.53;920.54;0.8;739.92;920.54
31.01.2017 07:01;920.19;920.19;920.19;920.19;3.5;3220.67;920.19
31.01.2017 07:02;0;0;0;0;0;0;0
31.01.2017 07:03;920.53;920.53;920.53;920.53;0.05;46.03;920.53
31.01.2017 07:04;0;0;0;0;0;0;0
31.01.2017 07:05;920.36;920.36;920.36;920.36;0.04;34.28;920.36
31.01.2017 07:06;920.54;921.68;920.54;921.45;14.31;13181.18;921.12
31.01.2017 07:07;921.81;923.92;921.81;923.92;24.52;22622.9;922.75
31.01.2017 07:08;924;925;924;925;54.59;50482.48;924.78
31.01.2017 07:09;924.9;925;924.83;924.83;8.2;7583.65;924.97
31.01.2017 07:10;924.83;924.83;924.81;924.83;1.86;1720.59;924.82
31.01.2017 07:11;924.85;924.85;924.85;924.85;1.12;1034.07;924.85
31.01.2017 07:12;924.99;924.99;924.99;924.99;0.1;92.77;924.99
31.01.2017 07:13;924.85;924.85;924.85;924.85;0.13;123.2;924.85
31.01.2017 07:14;0;0;0;0;0;0;0
31.01.2017 07:15;924.85;924.85;923.99;924.84;1.24;1148.9;924.69
31.01.2017 07:16;924;924;924;924;0.8;739.2;924
31.01.2017 07:17;0;0;0;0;0;0;0
31.01.2017 07:18;923.91;923.91;923.91;923.91;0.21;197.77;923.91
31.01.2017 07:19;0;0;0;0;0;0;0
31.01.2017 07:20;0;0;0;0;0;0;0
31.01.2017 07:21;0;0;0;0;0;0;0
31.01.2017 07:22;0;0;0;0;0;0;0
31.01.2017 07:23;0;0;0;0;0;0;0
31.01.2017 07:24;0;0;0;0;0;0;0
31.01.2017 07:25;923.91;924.9;923.91;924.9;8.08;7472.85;924.89
31.01.2017 07:26;924.93;924.99;924.93;924.95;7.32;6772.56;924.98
31.01.2017 07:27;924.99;924.99;924.95;924.95;1.91;1764.32;924.96
31.01.2017 07:28;924.99;924.99;924.95;924.95;1.56;1441.8;924.96
31.01.2017 07:29;924.99;925;924.99;925;16.08;14875.04;925
31.01.2017 07:30;925;925;925;925;1.3;1203.45;925
31.01.2017 07:31;925;926.98;924.95;926.98;191.7;177376.39;925.28
31.01.2017 07:32;0;0;0;0;0;0;0
31.01.2017 07:33;926.53;926.68;926.53;926.68;3.73;3452.45;926.58
31.01.2017 07:34;926.68;928.83;926.68;928.83;48.2;44722.11;927.86
31.01.2017 07:35;928.9;932.72;928.83;930.91;142.22;132312.25;930.32
31.01.2017 07:36;931.11;935;931.11;934.01;75.04;70112.44;934.36
31.01.2017 07:37;934.04;935.7;934.04;935.21;116.89;109288.78;935.01
31.01.2017 07:38;935.7;935.79;935.18;935.18;6.37;5955.91;935.28
31.01.2017 07:39;935.18;935.31;935.18;935.31;4.38;4096.88;935.19
31.01.2017 07:40;935.31;935.35;935.31;935.35;2.5;2335.22;935.34
31.01.2017 07:41;935.36;935.47;934.05;934.05;3.94;3679.3;935.02
31.01.2017 07:42;934.05;935.01;934.05;935.01;1.71;1597.74;934.35
31.01.2017 07:43;935.03;935.07;934.05;935.07;2.87;2677.35;934.28
31.01.2017 07:44;935.07;935.07;934.04;934.04;1.58;1477.11;934.18
31.01.2017 07:45;933.98;934.05;933.98;933.98;1.38;1284.77;934.04
31.01.2017 07:46;933.98;933.98;932.65;932.65;3.8;3543.03;933.05
31.01.2017 07:47;932.65;933.02;932.53;933.02;1.35;1259;932.59
31.01.2017 07:48;933.02;936;932.59;932.59;21.32;19918.66;934.2
31.01.2017 07:49;932.26;932.69;932.26;932.69;0.3;279.73;932.43
31.01.2017 07:50;933.37;933.37;932.24;933.37;0.57;530.58;933.17
31.01.2017 07:51;933.37;933.37;933.37;933.37;0.3;280.01;933.37
31.01.2017 07:52;933.37;933.37;933.37;933.37;0.3;280.01;933.37
31.01.2017 07:53;933.37;934.68;932.04;934.68;7.14;6671.41;934.39
31.01.2017 07:54;934.69;934.79;934.69;934.79;20.21;18895.58;934.76
31.01.2017 07:55;0;0;0;0;0;0;0
31.01.2017 07:56;933.91;933.91;933.91;933.91;0.06;52.74;933.91
31.01.2017 07:57;934.15;934.15;934.15;934.15;0.32;295.72;934.15
31.01.2017 07:58;934.15;934.16;934.15;934.16;1.55;1448.27;934.16
31.01.2017 07:59;934.15;934.15;934.15;934.15;0.4;370.86;934.15
31.01.2017 08:00;934.35;934.55;934.35;934.55;3.36;3142.15;934.35
31.01.2017 08:01;934.55;934.55;934.36;934.55;15.82;14785.72;934.55
31.01.2017 08:02;934.56;934.56;934.35;934.35;0.39;366.81;934.55
31.01.2017 08:03;934.16;934.48;933.71;933.71;25.45;23780.44;934.35
31.01.2017 08:04;932.2;933;932.2;933;0.66;614.93;932.21
31.01.2017 08:05;933;933;933;933;1.99;1856.67;933
31.01.2017 08:06;932.74;934.02;932.74;934.02;4.7;4386.73;933.91
31.01.2017 08:07;934.1;935;933.25;933.26;1.61;1504.81;933.97
31.01.2017 08:08;933.49;935.04;933.49;935.04;0.63;585.7;934.27
31.01.2017 08:09;933.17;933.17;933.17;933.17;0.06;53.89;933.17
31.01.2017 08:10;0;0;0;0;0;0;0
31.01.2017 08:11;934;934;933.78;933.87;1.5;1399.81;933.87
31.01.2017 08:12;0;0;0;0;0;0;0
31.01.2017 08:13;933.88;933.88;933.11;933.11;1.39;1300.77;933.66
31.01.2017 08:14;0;0;0;0;0;0;0
31.01.2017 08:15;933.1;933.1;933.1;933.1;0.11;103.91;933.1
31.01.2017 08:16;933.1;933.1;933.1;933.1;0.1;91.58;933.1
31.01.2017 08:17;933.1;933.1;933.1;933.1;0.1;95.22;933.1
31.01.2017 08:18;0;0;0;0;0;0;0
31.01.2017 08:19;933.1;933.11;933.1;933.11;0.12;107.53;933.1
31.01.2017 08:20;933.1;933.1;933.1;933.1;0.03;29.95;933.1
31.01.2017 08:21;0;0;0;0;0;0;0
31.01.2017 08:22;933.11;933.11;933.11;933.11;0.05;45.72;933.11
31.01.2017 08:23;933.7;935.1;933.15;935.1;21.54;20125.49;934.5
31.01.2017 08:24;935.12;935.12;935.12;935.12;0.27;254.3;935.12
31.01.2017 08:25;0;0;0;0;0;0;0
31.01.2017 08:26;934.19;935.11;934.19;935.11;1.25;1170.52;934.19
31.01.2017 08:27;935.11;935.11;935.11;935.11;0.02;19.95;935.11
31.01.2017 08:28;934.18;934.18;934.18;934.18;0.5;467.09;934.18
31.01.2017 08:29;934.83;934.83;934.83;934.83;0.43;399;934.83
31.01.2017 08:30;934.85;934.85;934.85;934.85;0.06;52.32;934.85
31.01.2017 08:31;0;0;0;0;0;0;0
31.01.2017 08:32;934.11;934.11;934.11;934.11;0.16;149.46;934.11
31.01.2017 08:33;934.11;934.11;934.1;934.11;14.59;13630.74;934.11
31.01.2017 08:34;934.87;934.87;933.92;933.92;0.15;143.34;934.6
31.01.2017 08:35;934.44;934.44;933.2;933.2;1.62;1510.79;933.51
31.01.2017 08:36;933.18;933.21;933.15;933.21;1;935.35;933.17
31.01.2017 08:37;933.82;933.82;933.24;933.24;1.35;1262.39;933.39
31.01.2017 08:38;933.23;933.24;933.23;933.24;1.89;1763.81;933.23
31.01.2017 08:39;933.24;933.35;933.23;933.35;4.61;4299.45;933.26
31.01.2017 08:40;933.35;933.35;933.35;933.35;0.17;154.51;933.35
31.01.2017 08:41;933.78;933.78;933.78;933.78;5;4668.9;933.78
31.01.2017 08:42;933.35;933.77;933.34;933.77;20.11;18774.61;933.64
31.01.2017 08:43;933.34;933.34;933.34;933.34;0.03;28.09;933.34
31.01.2017 08:44;933.5;933.5;933.5;933.5;4.31;4022.85;933.5
31.01.2017 08:45;933.4;933.4;933.3;933.3;12.96;12097.1;933.35
31.01.2017 08:46;0;0;0;0;0;0;0
31.01.2017 08:47;0;0;0;0;0;0;0
31.01.2017 08:48;0;0;0;0;0;0;0
31.01.2017 08:49;933.39;933.39;933.39;933.39;0.05;50.1;933.39
31.01.2017 08:50;933.45;933.45;933.45;933.45;0.01;9.13;933.45
31.01.2017 08:51;933.82;934.18;933.36;933.36;1.29;1206.1;933.78
31.01.2017 08:52;933.45;933.45;933.45;933.45;8.54;7973.53;933.45
31.01.2017 08:53;0;0;0;0;0;0;0
31.01.2017 08:54;0;0;0;0;0;0;0
31.01.2017 08:55;0;0;0;0;0;0;0
31.01.2017 08:56;934.31;934.45;934.31;934.31;8.9;8317.71;934.34
31.01.2017 08:57;933.45;933.45;933.45;933.45;0.11;103.61;933.45
31.01.2017 08:58;934.16;934.16;934.09;934.09;0.62;578.22;934.13
31.01.2017 08:59;933.36;934.14;933.36;934.14;0.36;337.76;933.81
31.01.2017 09:00;934.12;934.12;934.12;934.12;0.17;154.13;934.12
31.01.2017 09:01;934.47;934.47;933.31;934.11;2.45;2284.96;934.4
31.01.2017 09:02;933.43;934.1;933.43;934.1;0.59;552.47;933.84
31.01.2017 09:03;934.53;934.53;933.31;934.13;0.25;231.12;934.23
31.01.2017 09:04;934.1;934.11;933.31;933.88;0.31;285.05;934.02
31.01.2017 09:05;934.11;934.33;933.31;933.31;0.89;833.25;933.82
31.01.2017 09:06;934.05;934.05;933.42;933.42;0.11;99.94;934.01
31.01.2017 09:07;934.07;934.08;934.07;934.08;0.07;61.09;934.08
31.01.2017 09:08;934.06;934.33;934.06;934.07;0.14;127.38;934.08
31.01.2017 09:09;934;934.09;933.3;934.09;0.48;445.97;933.55
31.01.2017 09:10;934.02;934.02;933.37;933.37;0.29;274.03;933.59
31.01.2017 09:11;934.02;934.9;934.02;934.9;10.15;9489.97;934.63
31.01.2017 09:12;0;0;0;0;0;0;0
31.01.2017 09:13;934.18;934.29;933.8;933.83;2.81;2623.89;933.96
31.01.2017 09:14;934.29;935;934.08;934.08;12;11218.04;934.84
31.01.2017 09:15;934.13;934.13;933.77;933.77;1.02;955.02;934.12
31.01.2017 09:16;933.71;934.18;933.7;934.18;4.04;3770.89;934.08
31.01.2017 09:17;934;934.17;934;934.17;4.24;3960.84;934.16
31.01.2017 09:18;934.24;934.24;934.24;934.24;0.1;93.42;934.24
31.01.2017 09:19;934.15;934.16;934.15;934.16;3.02;2817.14;934.15
31.01.2017 09:20;934.25;934.25;933.45;933.45;1.03;962.99;933.5
31.01.2017 09:21;934.25;934.89;933.43;933.47;1.09;1014.29;934.4
31.01.2017 09:22;934.13;934.13;934.13;934.13;0.02;16.81;934.13
31.01.2017 09:23;934.12;934.12;933.52;933.52;0.09;81.65;933.69
31.01.2017 09:24;933.53;933.55;933.53;933.55;6.67;6224.45;933.53
31.01.2017 09:25;0;0;0;0;0;0;0
31.01.2017 09:26;933.47;933.47;933.47;933.47;0.04;41.87;933.47
31.01.2017 09:27;933.47;934.34;933.31;933.31;1.77;1655.41;933.45
31.01.2017 09:28;933.31;933.31;933.31;933.31;15;13999.65;933.31
31.01.2017 09:29;933.31;933.83;933.31;933.83;0.57;530.8;933.82
31.01.2017 09:30;933.31;933.31;933.31;933.31;0.18;164.26;933.31
31.01.2017 09:31;933.7;933.7;933.31;933.31;10;9333.12;933.34
31.01.2017 09:32;0;0;0;0;0;0;0
31.01.2017 09:33;0;0;0;0;0;0;0
31.01.2017 09:34;933.83;933.83;933.83;933.83;0.11;104.7;933.83
31.01.2017 09:35;0;0;0;0;0;0;0
31.01.2017 09:36;933.3;933.3;933.3;933.3;0.19;179.06;933.3
31.01.2017 09:37;933.83;933.83;933.83;933.83;0.01;10.11;933.83
31.01.2017 09:38;933.3;933.3;933.21;933.21;0.72;670.74;933.29
31.01.2017 09:39;933.21;933.21;933.1;933.1;16.99;15856.64;933.17
31.01.2017 09:40;933.1;933.83;933.1;933.13;23.63;22062.3;933.78
31.01.2017 09:41;933.71;933.71;933.71;933.71;0.11;102.66;933.71
31.01.2017 09:42;933.59;933.59;933.1;933.1;0.19;180.97;933.31
31.01.2017 09:43;0;0;0;0;0;0;0
31.01.2017 09:44;933.11;933.59;933.11;933.59;6.46;6029.44;933.51
31.01.2017 09:45;933.11;934.76;933.11;934.76;21.71;20284.39;934.32
31.01.2017 09:46;934.75;935;934.55;935;8.22;7684.62;934.96
31.01.2017 09:47;933.98;933.98;933.33;933.33;3.55;3318.28;933.42
31.01.2017 09:48;0;0;0;0;0;0;0
31.01.2017 09:49;0;0;0;0;0;0;0
31.01.2017 09:50;0;0;0;0;0;0;0
31.01.2017 09:51;0;0;0;0;0;0;0
31.01.2017 09:52;933.33;933.33;933.33;933.33;0.47;441.6;933.33
31.01.2017 09:53;0;0;0;0;0;0;0
31.01.2017 09:54;0;0;0;0;0;0;0
31.01.2017 09:55;0;0;0;0;0;0;0
31.01.2017 09:56;933.11;933.11;933.11;933.11;0.04;33.08;933.11
31.01.2017 09:57;0;0;0;0;0;0;0
31.01.2017 09:58;933.33;933.7;933.33;933.7;5.59;5219.35;933.69
31.01.2017 09:59;0;0;0;0;0;0;0
31.01.2017 10:00;0;0;0;0;0;0;0
31.01.2017 10:01;933.7;933.7;933.28;933.28;0.67;628.16;933.3
31.01.2017 10:02;933.7;935;933.7;935;27.83;25999.84;934.37
31.01.2017 10:03;934.25;934.25;934.25;934.25;0.03;25.99;934.25
31.01.2017 10:04;934.7;934.7;934.3;934.3;0.27;247.8;934.67
31.01.2017 10:05;934.6;934.73;934.6;934.73;4.77;4462.14;934.7
31.01.2017 10:06;934.73;934.73;934.73;934.73;1.16;1088.55;934.73
31.01.2017 10:07;934.01;934.01;934.01;934.01;5.08;4740.92;934.01
31.01.2017 10:08;934.79;934.79;934.01;934.01;6.06;5666.68;934.58
31.01.2017 10:09;0;0;0;0;0;0;0
31.01.2017 10:10;934;934;933.61;933.61;8.3;7754.61;933.82
31.01.2017 10:11;934;934;934;934;0.07;66.83;934
31.01.2017 10:12;934;934.5;934;934.5;4.1;3834.04;934.45
31.01.2017 10:13;0;0;0;0;0;0;0
31.01.2017 10:14;934.02;934.02;934.02;934.02;0.39;359.6;934.02
31.01.2017 10:15;933.95;934.04;933.95;934.04;1.58;1477.82;934.04
31.01.2017 10:16;933.89;933.89;933.89;933.89;1;933.89;933.89
31.01.2017 10:17;934.03;934.03;934.03;934.03;1;934.03;934.03
31.01.2017 10:18;933.84;934.01;933.84;934.01;1.02;956.7;934.01
31.01.2017 10:19;934.5;934.5;933.97;933.97;0.16;153.7;934.05
31.01.2017 10:20;934.02;934.02;934.02;934.02;0.15;135.53;934.02
31.01.2017 10:21;934.01;934.01;934.01;934.01;0.05;50.11;934.01
31.01.2017 10:22;934.11;934.11;934.11;934.11;0.43;402.63;934.11
31.01.2017 10:23;934.21;934.21;934.21;934.21;1.37;1279.87;934.21
31.01.2017 10:24;934.21;934.23;934.21;934.21;3.28;3060.17;934.21
31.01.2017 10:25;934.41;934.44;934.21;934.21;2.02;1890.51;934.21
31.01.2017 10:26;0;0;0;0;0;0;0
31.01.2017 10:27;934.2;934.39;934.2;934.39;0.56;523.92;934.22
31.01.2017 10:28;934.21;934.39;934.2;934.2;0.58;540.62;934.37
31.01.2017 10:29;0;0;0;0;0;0;0
31.01.2017 10:30;934.3;934.3;934.3;934.3;0.11;100.71;934.3
31.01.2017 10:31;0;0;0;0;0;0;0
31.01.2017 10:32;934.23;934.23;934.23;934.23;0.01;9.34;934.23
31.01.2017 10:33;934.21;934.21;934.21;934.21;0.14;130.79;934.21
31.01.2017 10:34;0;0;0;0;0;0;0
31.01.2017 10:35;934.21;934.21;934.21;934.21;0.56;521.76;934.21
31.01.2017 10:36;934.21;934.3;934.21;934.21;1.63;1520.41;934.21
31.01.2017 10:37;934.21;934.21;934.21;934.21;0.01;9.89;934.21
31.01.2017 10:38;934.2;934.2;934.2;934.2;0.03;27.94;934.2
31.01.2017 10:39;934.2;934.2;934.01;934.01;0.86;799.18;934.02
31.01.2017 10:40;934.23;934.23;934.01;934.23;0.69;641.42;934.17
31.01.2017 10:41;934.23;934.23;934.23;934.23;1.04;967.58;934.23
31.01.2017 10:42;934.23;934.23;934.23;934.23;0.03;28.03;934.23
31.01.2017 10:43;0;0;0;0;0;0;0
31.01.2017 10:44;934.11;934.23;934.11;934.23;0.32;299.73;934.19
31.01.2017 10:45;934.11;934.11;934.11;934.11;0.09;83.14;934.11
31.01.2017 10:46;934.11;934.11;934.11;934.11;0.4;373.64;934.11
31.01.2017 10:47;934.01;934.3;934.01;934.3;6.37;5947.48;934.28
31.01.2017 10:48;934.38;934.38;934.38;934.38;0.4;373.75;934.38
31.01.2017 10:49;934.29;934.29;934.29;934.29;0.03;26.87;934.29
31.01.2017 10:50;934.04;934.04;934;934.01;39.41;36811.36;934.01
31.01.2017 10:51;0;0;0;0;0;0;0
31.01.2017 10:52;933.62;933.62;933.62;933.62;0.13;125.85;933.62
31.01.2017 10:53;933.57;933.57;933.57;933.57;0.02;22.97;933.57
31.01.2017 10:54;933.87;934.29;933.87;934.29;0.19;177.91;933.91
31.01.2017 10:55;934.3;934.3;934.3;934.3;0.02;14.11;934.3
31.01.2017 10:56;0;0;0;0;0;0;0
31.01.2017 10:57;0;0;0;0;0;0;0
31.01.2017 10:58;933.36;933.36;933.36;933.36;0.05;50.93;933.36
31.01.2017 10:59;933.23;934.38;933.23;934.37;0.58;540.21;934.31
31.01.2017 11:00;0;0;0;0;0;0;0
31.01.2017 11:01;933.28;933.28;933.28;933.28;0.01;8.4;933.28
31.01.2017 11:02;933.28;933.48;933.28;933.48;0.19;175.91;933.44
31.01.2017 11:03;933.22;933.22;933.22;933.22;0.01;5.03;933.22
31.01.2017 11:04;0;0;0;0;0;0;0
31.01.2017 11:05;934.37;934.37;934.37;934.37;0.01;5.09;934.37
31.01.2017 11:06;933.91;934.46;933.91;934.46;0.72;675.41;934.29
31.01.2017 11:07;934.08;934.08;934.08;934.08;0.02;19.76;934.08
31.01.2017 11:08;934.08;934.56;934.08;934.56;6.08;5682.46;934.54
31.01.2017 11:09;0;0;0;0;0;0;0
31.01.2017 11:10;934.08;934.08;934.08;934.08;0.06;56.26;934.08
31.01.2017 11:11;934.59;934.91;934.59;934.91;0.49;461.68;934.77
31.01.2017 11:12;934.91;934.91;934.25;934.25;0.2;184.79;934.33
31.01.2017 11:13;0;0;0;0;0;0;0
31.01.2017 11:14;934.18;934.18;934.18;934.18;0.04;38.3;934.18
31.01.2017 11:15;934.91;934.91;934.91;934.91;0.05;50.13;934.91
31.01.2017 11:16;934.64;934.64;934.64;934.64;0.09;88.38;934.64
31.01.2017 11:17;0;0;0;0;0;0;0
31.01.2017 11:18;934.6;934.99;934.6;934.63;7.7;7196.15;934.91
31.01.2017 11:19;934.72;934.99;934.72;934.99;2.06;1921.61;934.75
31.01.2017 11:20;934.62;934.99;934.62;934.99;6.41;5990.7;934.97
31.01.2017 11:21;0;0;0;0;0;0;0
31.01.2017 11:22;0;0;0;0;0;0;0
31.01.2017 11:23;934.99;934.99;934.99;934.99;0.03;24.64;934.99
31.01.2017 11:24;934.99;934.99;934.99;934.99;0.5;467.5;934.99
31.01.2017 11:25;934.45;934.99;934.45;934.99;0.5;467.39;934.77
31.01.2017 11:26;0;0;0;0;0;0;0
31.01.2017 11:27;934.99;934.99;934.99;934.99;0.02;19.95;934.99
31.01.2017 11:28;935;935;935;935;0.04;34.92;935
31.01.2017 11:29;935;935;934.63;934.63;0.73;678.43;934.64
31.01.2017 11:30;934.65;935;934.65;935;0.11;103.78;934.75
31.01.2017 11:31;935;935;935;935;3;2805;935
31.01.2017 11:32;935;935;935;935;2.14;2004.25;935
31.01.2017 11:33;935;935.09;935;935.09;20.39;19062.93;935.03
31.01.2017 11:34;935.1;935.18;935.1;935.18;0.08;76.11;935.17
31.01.2017 11:35;0;0;0;0;0;0;0
31.01.2017 11:36;935.17;935.2;935.17;935.2;7.42;6934.65;935.18
31.01.2017 11:37;935.2;935.2;934.55;934.55;3.33;3116;934.75
31.01.2017 11:38;934.55;935.21;934.55;935.21;0.06;54.17;934.67
31.01.2017 11:39;935.23;936;935.23;936;7.49;7009.16;935.74
31.01.2017 11:40;936;936;935.03;935.06;0.88;825.82;935.38
31.01.2017 11:41;935.05;935.05;935.05;935.05;7.51;7017.89;935.05
31.01.2017 11:42;935.05;935.05;935.05;935.05;0.26;240.96;935.05
31.01.2017 11:43;935.06;935.06;935.06;935.06;0.05;49.88;935.06
31.01.2017 11:44;935.24;935.34;935.08;935.34;2.37;2218.46;935.29
31.01.2017 11:45;935.36;936;935.36;936;5.03;4705.22;935.99
31.01.2017 11:46;936.24;936.24;935.3;935.3;0.1;95.82;935.76
31.01.2017 11:47;936.2;936.2;936.2;936.2;0.89;837.37;936.2
31.01.2017 11:48;936.01;937.27;936.01;937.27;14.69;13757.14;936.23
31.01.2017 11:49;937.37;937.6;937.22;937.22;13.88;13010.3;937.28
31.01.2017 11:50;937.23;938.19;937.23;937.99;20.37;19104;937.99
31.01.2017 11:51;937.99;938.19;937.99;938.04;6.86;6433.18;938.15
31.01.2017 11:52;0;0;0;0;0;0;0
31.01.2017 11:53;937.99;938.28;937.99;938.28;0.76;709.7;938.27
31.01.2017 11:54;938.33;938.73;938.33;938.73;1.14;1065.3;938.57
31.01.2017 11:55;938.88;939;938.88;939;5.23;4913.83;938.96
31.01.2017 11:56;939;939.8;939;939.8;50.23;47184.08;939.39
31.01.2017 11:57;939.8;940.45;939.8;940.45;34.73;32652.67;940.09
31.01.2017 11:58;940.45;940.45;940.45;940.45;22.04;20723.48;940.45
31.01.2017 11:59;940.45;940.5;940.2;940.2;113.75;106981.77;940.49
31.01.2017 12:00;940.42;940.5;940.11;940.5;2.11;1986.65;940.22
31.01.2017 12:01;940.5;940.5;940.17;940.17;2.02;1902.04;940.5
31.01.2017 12:02;940.25;940.25;940.24;940.24;16.84;15830;940.25
31.01.2017 12:03;0;0;0;0;0;0;0
31.01.2017 12:04;940.5;940.97;940.5;940.97;105.13;98875.49;940.5
31.01.2017 12:05;940.98;941.36;940.98;941.36;1.43;1346.34;941.21
31.01.2017 12:06;941.6;942.98;941.6;942.98;5.75;5419.85;942.09
31.01.2017 12:07;942.98;943;942.71;943;2.08;1962.29;942.97
31.01.2017 12:08;943;944;943;944;4.8;4529.97;943.5
31.01.2017 12:09;944;944.9;943.14;944.9;13.24;12502.19;944.03
31.01.2017 12:10;944.9;945.9;944.37;945.64;19.41;18340.2;945.04
31.01.2017 12:11;945.64;946.12;945.3;946.12;72.41;68492.25;945.91
31.01.2017 12:12;946.12;947.64;946.01;947.01;49.5;46876.81;947.04
31.01.2017 12:13;947.64;948;947.01;947.01;41.87;39671.55;947.39
31.01.2017 12:14;947.77;948;947.68;948;13.09;12402.27;947.8
31.01.2017 12:15;947.04;948;947.04;947.04;11.29;10694.49;947.06
31.01.2017 12:16;947.04;947.05;947.04;947.05;5.2;4925.29;947.04
31.01.2017 12:17;947.05;947.05;947.04;947.04;3.45;3268.03;947.04
31.01.2017 12:18;947.01;947.01;947;947;54.92;52009.44;947
31.01.2017 12:19;947;947;946.96;946.96;1.08;1024.25;946.99
31.01.2017 12:20;946.15;946.74;946.15;946.15;2.76;2609.68;946.2
31.01.2017 12:21;946.15;946.74;946.15;946.15;0.26;242.66;946.18
31.01.2017 12:22;946.74;946.74;946.15;946.15;0.33;309.04;946.28
31.01.2017 12:23;946.74;948;946.22;946.22;5.06;4796.47;947.43
31.01.2017 12:24;948;948;948;948;5.11;4841.85;948
31.01.2017 12:25;948;948.04;948;948.04;11.53;10927.11;948
31.01.2017 12:26;948.04;949;947.92;949;8.98;8511.73;948.34
31.01.2017 12:27;948.56;949;948.56;948.61;19.94;18919.46;948.88
31.01.2017 12:28;948.61;948.61;947.65;947.65;4.84;4588.2;948.03
31.01.2017 12:29;949;949;947.54;947.54;20.37;19300.09;947.56
31.01.2017 12:30;948.55;949;948.55;949;41.61;39485.84;948.97
31.01.2017 12:31;949.17;949.59;949.17;949.41;12.34;11719.8;949.46
31.01.2017 12:32;949.5;949.94;949;949.94;69.9;66392.46;949.85
31.01.2017 12:33;949.97;949.99;949.97;949.99;104.88;99634.69;949.99
31.01.2017 12:34;949.94;950;949.94;950;46.8;44459.59;950
31.01.2017 12:35;949.5;949.99;949.5;949.99;0.76;723.6;949.88
31.01.2017 12:36;949.98;950;949.98;950;1.5;1424.98;949.99
31.01.2017 12:37;950;950.14;950;950.14;488.32;463906.28;950
31.01.2017 12:38;950.14;955.97;950.14;955.97;30.74;29283.66;952.59
31.01.2017 12:39;956;956.37;955.15;956;15.02;14357.48;956.13
31.01.2017 12:40;956.37;956.37;956;956;10.07;9630.47;956.37
31.01.2017 12:41;956;956;952.73;955.14;26.19;24973.71;953.42
31.01.2017 12:42;955.14;956;954.25;956;16.73;15989.22;955.46
31.01.2017 12:43;954.37;956.37;952.69;955.35;63.62;60690.17;953.93
31.01.2017 12:44;955.35;959.65;955.06;959.65;57.67;55251;957.97
31.01.2017 12:45;959.95;959.97;956.37;958.33;81.08;77646.98;957.65
31.01.2017 12:46;958;958;956.16;956.58;21.45;20523.82;956.73
31.01.2017 12:47;956.52;957.27;956.21;956.51;31.57;30200.36;956.52
31.01.2017 12:48;956.51;958.33;956.16;958.33;92.72;88683.03;956.42
31.01.2017 12:49;956.55;956.55;955.75;956.25;31.92;30523.09;956.24
31.01.2017 12:50;956.52;956.66;956;956.66;36.41;34812.73;956.25
31.01.2017 12:51;956;956.23;955;955;51.66;49383.95;955.99
31.01.2017 12:52;955.35;955.35;955;955;51.64;49317.6;955
31.01.2017 12:53;954.35;954.35;952.01;952.01;2.79;2663.2;953.19
31.01.2017 12:54;951.01;951.01;949.99;949.99;27.74;26353.56;950.05
31.01.2017 12:55;949.6;949.6;946.35;948;17.01;16103.86;946.94
31.01.2017 12:56;947.99;947.99;946.02;947.37;11.88;11237.63;946.15
31.01.2017 12:57;947.05;948;946.7;948;25.38;24043.67;947.39
31.01.2017 12:58;947.38;950.77;947.38;949.77;44.69;42423.63;949.18
31.01.2017 12:59;950.94;951.5;950.8;950.8;14.76;14046.01;951.42
31.01.2017 13:00;950.8;951;950;950.67;71.72;68176.97;950.61
31.01.2017 13:01;950.03;951;948.12;950.04;90.01;85524.38;950.11
31.01.2017 13:02;950.04;950.62;950.04;950.04;1.29;1224.7;950.45
31.01.2017 13:03;950.04;951.92;950.04;951.92;1.89;1797.32;950.7
31.01.2017 13:04;951.25;952.55;951.25;951.3;23.08;21984.65;952.42
31.01.2017 13:05;952.55;952.56;952.55;952.56;12;11433.77;952.55
31.01.2017 13:06;952.56;953.6;952.56;953.6;12.09;11528.75;953.38
31.01.2017 13:07;953.6;953.6;952.1;952.11;7.55;7197.36;953.23
31.01.2017 13:08;952.8;955;952.8;955;50.73;48431.76;954.71
31.01.2017 13:09;955;955;953.04;955;33.09;31543.71;953.27
31.01.2017 13:10;954.38;954.38;954.01;954.01;4.26;4065.79;954.37
31.01.2017 13:11;954;954.38;954;954.38;19.51;18614.26;954.03
31.01.2017 13:12;953.21;953.74;953.21;953.74;6.3;6010.46;953.49
31.01.2017 13:13;953.61;954;953;953;22.73;21676.25;953.75
31.01.2017 13:14;0;0;0;0;0;0;0
31.01.2017 13:15;953.01;953.01;953.01;953.01;22.12;21080.31;953.01
31.01.2017 13:16;953;953.01;952.49;953.01;1.6;1524.12;952.56
31.01.2017 13:17;952.5;953.01;952.49;952.49;6.34;6038.01;952.76
31.01.2017 13:18;953;954;953;954;53.22;50770.29;953.97
31.01.2017 13:19;954;954;954;954;0.53;501.94;954
31.01.2017 13:20;954;954;954;954;7.56;7209;954
31.01.2017 13:21;954;954;954;954;0.03;24.91;954
31.01.2017 13:22;954;954;954;954;7.07;6744.96;954
31.01.2017 13:23;954;954.2;954;954.2;0.5;473.8;954.01
31.01.2017 13:24;952.81;952.81;952.81;952.81;0.01;5.63;952.81
31.01.2017 13:25;0;0;0;0;0;0;0
31.01.2017 13:26;952.8;952.8;952.5;952.5;2.15;2050;952.62
31.01.2017 13:27;0;0;0;0;0;0;0
31.01.2017 13:28;952.5;953.03;952.5;953.03;0.21;202.23;952.77
31.01.2017 13:29;952.97;952.97;952.49;952.49;8.05;7671.81;952.5
31.01.2017 13:30;952.49;952.49;952.49;952.49;1.8;1714.48;952.49
31.01.2017 13:31;952.49;952.75;952.49;952.75;0.73;695.09;952.71
31.01.2017 13:32;952.49;952.75;952.49;952.49;11.15;10622.18;952.5
31.01.2017 13:33;952.49;952.49;952.49;952.49;0.12;111.44;952.49
31.01.2017 13:34;952.49;952.49;952.49;952.49;5.04;4800.41;952.49
31.01.2017 13:35;952.49;952.5;952.49;952.5;0.52;496.05;952.5
31.01.2017 13:36;952.5;952.73;952.49;952.49;5.1;4856.35;952.5
31.01.2017 13:37;0;0;0;0;0;0;0
31.01.2017 13:38;952.21;952.48;952.21;952.48;1.47;1395.53;952.46
31.01.2017 13:39;952.21;952.21;952.21;952.21;0.5;476.11;952.21
31.01.2017 13:40;952.48;952.48;952.48;952.48;3.05;2902.9;952.48
31.01.2017 13:41;952.39;952.39;952.39;952.39;0.33;318.57;952.39
31.01.2017 13:42;951.24;951.24;951.24;951.24;0.25;233.79;951.24
31.01.2017 13:43;952.19;952.19;952.19;952.19;6.19;5894.8;952.19
31.01.2017 13:44;951.95;951.95;951.95;951.95;6.57;6258.23;951.95
31.01.2017 13:45;0;0;0;0;0;0;0
31.01.2017 13:46;951.41;951.41;951.41;951.41;0.03;25.64;951.41
31.01.2017 13:47;951.88;951.88;951.22;951.74;0.71;676.27;951.34
31.01.2017 13:48;951.23;951.23;951.23;951.23;0.12;110.15;951.23
31.01.2017 13:49;951.74;951.89;951.25;951.27;0.26;252.03;951.49
31.01.2017 13:50;951.27;951.99;951.27;951.99;0.88;836.42;951.59
31.01.2017 13:51;951.27;951.27;951.21;951.21;0.46;435.19;951.27
31.01.2017 13:52;951.25;951.26;951.25;951.26;2.02;1917.78;951.26
31.01.2017 13:53;951.3;951.31;951.3;951.3;0.81;768.42;951.31
31.01.2017 13:54;951.3;951.31;951.3;951.3;11.16;10615.6;951.31
31.01.2017 13:55;951.3;951.31;951.3;951.31;7.01;6663.97;951.31
31.01.2017 13:56;951.99;951.99;951.99;951.99;0.02;19.95;951.99
31.01.2017 13:57;0;0;0;0;0;0;0
31.01.2017 13:58;951.22;953.3;951.22;953.3;3.64;3471.12;952.65
31.01.2017 13:59;953.14;953.14;953.14;953.14;0.05;47.88;953.14
31.01.2017 14:00;951.63;952.53;951.63;952.53;0.44;415.77;951.85
31.01.2017 14:01;952.27;952.54;951.66;952.54;1.98;1888.04;952.23
31.01.2017 14:02;0;0;0;0;0;0;0
31.01.2017 14:03;952.53;952.53;951.85;951.85;3.43;3261.94;952.13
31.01.2017 14:04;952.53;952.53;952.53;952.53;19.59;18655.8;952.53
31.01.2017 14:05;952.53;952.54;952.53;952.54;0.42;403.77;952.53
31.01.2017 14:06;952.54;952.54;952.54;952.54;0.03;29.57;952.54
31.01.2017 14:07;953.19;953.2;953.19;953.2;0.57;540.13;953.19
31.01.2017 14:08;952.54;952.54;952.54;952.54;1.12;1065.73;952.54
31.01.2017 14:09;953.19;953.33;952.54;952.54;3.01;2864.18;952.83
31.01.2017 14:10;953.19;953.31;951.37;953.2;21.9;20838.73;951.66
31.01.2017 14:11;952.56;952.56;951.49;951.49;0.19;177.86;952.06
31.01.2017 14:12;952.55;952.55;951.51;951.51;2.69;2560.49;951.94
31.01.2017 14:13;951.3;951.3;951.3;951.3;3.11;2959.32;951.3
31.01.2017 14:14;951.8;951.8;951.8;951.8;0.01;5.33;951.8
31.01.2017 14:15;0;0;0;0;0;0;0
31.01.2017 14:16;951.78;951.78;951.78;951.78;2;1903.56;951.78
31.01.2017 14:17;0;0;0;0;0;0;0
31.01.2017 14:18;0;0;0;0;0;0;0
31.01.2017 14:19;951.78;952;951.78;952;20.58;19588.9;951.78
31.01.2017 14:20;951.22;951.41;951.22;951.24;13.68;13008.92;951.22
31.01.2017 14:21;951.41;952.26;951.22;952.26;11.17;10632.05;951.84
31.01.2017 14:22;0;0;0;0;0;0;0
31.01.2017 14:23;951.41;951.41;951.41;951.41;2.15;2045.53;951.41
31.01.2017 14:24;951.42;951.42;951.41;951.42;5.24;4990.09;951.42
31.01.2017 14:25;951.22;951.42;951.22;951.42;22.1;21018.47;951.22
31.01.2017 14:26;951.22;951.22;951.05;951.2;1.63;1548.77;951.2
31.01.2017 14:27;951.2;951.2;951.2;951.2;0.64;611.32;951.2
31.01.2017 14:28;951.2;951.2;950.52;950.52;0.64;609.91;950.65
31.01.2017 14:29;950.52;950.76;950.1;950.76;1.64;1553.76;950.31
31.01.2017 14:30;950.52;951;950.52;951;31.57;30027.41;950.99
31.01.2017 14:31;950.52;950.52;950.01;950.01;1;950.14;950.14
31.01.2017 14:32;951;951;950.2;950.2;6.28;5967.48;950.24
31.01.2017 14:33;951;951.2;951;951.2;14.62;13910.18;951.15
31.01.2017 14:34;951.2;951.2;951.2;951.2;0.21;202.58;951.2
31.01.2017 14:35;950.21;951.2;950.01;951.2;1.11;1055.68;950.2
31.01.2017 14:36;950.21;951.19;950.21;951.18;1.98;1879.74;950.26
31.01.2017 14:37;0;0;0;0;0;0;0
31.01.2017 14:38;951.17;951.17;951.17;951.17;0.21;197.57;951.17
31.01.2017 14:39;951.16;951.17;951.16;951.17;0.58;554.49;951.17
31.01.2017 14:40;951.17;951.17;951.17;951.17;4.12;3917.89;951.17
31.01.2017 14:41;951.17;951.17;951.17;951.17;0.02;15.26;951.17
31.01.2017 14:42;951.17;951.18;951.17;951.18;1.32;1254.93;951.17
31.01.2017 14:43;951.2;952;951.18;952;47.67;45359.83;951.47
31.01.2017 14:44;952.04;952.04;952.04;952.04;0.5;476.02;952.04
31.01.2017 14:45;952.2;952.2;952.2;952.2;1.52;1443.36;952.2
31.01.2017 14:46;952.04;952.04;952.04;952.04;0.03;29.4;952.04
31.01.2017 14:47;952.2;952.2;952.2;952.2;0.52;498.8;952.2
31.01.2017 14:48;952.2;952.2;951.11;951.11;2.42;2300.8;951.38
31.01.2017 14:49;952.2;953.04;952.2;953.04;4.81;4585.07;952.61
31.01.2017 14:50;951.91;951.91;951.91;951.91;0.08;74.25;951.91
31.01.2017 14:51;0;0;0;0;0;0;0
31.01.2017 14:52;951.89;951.89;951.89;951.89;1.15;1092.42;951.89
31.01.2017 14:53;951.74;951.74;951.21;951.21;0.08;75.16;951.34
31.01.2017 14:54;951.22;951.75;951.22;951.75;0.14;128.43;951.36
31.01.2017 14:55;951.74;951.74;951.74;951.74;0.25;234.58;951.74
31.01.2017 14:56;951.75;951.9;951.32;951.32;0.23;219.58;951.48
31.01.2017 14:57;951.9;951.9;951.9;951.9;1.64;1561.34;951.9
31.01.2017 14:58;951.9;953.01;951.9;952.69;4.11;3914.1;952.72
31.01.2017 14:59;952.62;953.04;952.19;953.03;3.49;3320.7;952.75
31.01.2017 15:00;953.03;953.33;951.54;953.33;5.03;4793.25;953.07
31.01.2017 15:01;953.23;953.33;953.23;953.33;1.29;1233.56;953.29
31.01.2017 15:02;952.88;953.33;952.11;953.33;1.55;1475.26;952.59
31.01.2017 15:03;953.32;953.32;952.81;953.1;0.77;730.82;952.83
31.01.2017 15:04;953.1;953.1;953.1;953.1;0.02;14.3;953.1
31.01.2017 15:05;953.1;953.1;953.1;953.1;0.03;26.69;953.1
31.01.2017 15:06;953.15;953.15;953.15;953.15;0.02;21.21;953.15
31.01.2017 15:07;953.15;953.33;953.15;953.33;1;953.19;953.19
31.01.2017 15:08;953.33;954.8;953.33;954.8;23.11;22038.43;953.68
31.01.2017 15:09;954.8;954.8;954.8;954.8;0.03;26.66;954.8
31.01.2017 15:10;954.66;954.66;954.24;954.24;0.13;125.4;954.29
31.01.2017 15:11;954.63;954.99;954.63;954.99;10.22;9760.71;954.96
31.01.2017 15:12;954.78;954.99;954.78;954.99;1.04;994.81;954.91
31.01.2017 15:13;0;0;0;0;0;0;0
31.01.2017 15:14;954.62;954.99;954.26;954.26;20.3;19384.81;954.97
31.01.2017 15:15;954.99;955.01;954.98;954.98;57.51;54925.83;955.01
31.01.2017 15:16;954.81;954.98;954.81;954.98;2.66;2537.01;954.95
31.01.2017 15:17;954.73;954.98;954.73;954.98;11.79;11255.16;954.97
31.01.2017 15:18;0;0;0;0;0;0;0
31.01.2017 15:19;954.98;954.98;954.98;954.98;0.53;508.29;954.98
31.01.2017 15:20;954.98;955;954.98;954.99;9.31;8892.68;954.99
31.01.2017 15:21;955;955;955;955;9;8595;955
31.01.2017 15:22;954.99;954.99;954.98;954.98;21.18;20228.48;954.99
31.01.2017 15:23;954.41;954.42;953.38;953.38;28.28;26976.34;953.9
31.01.2017 15:24;954.93;954.93;953.09;953.09;5.66;5402.64;954.72
31.01.2017 15:25;953.04;953.38;953.04;953.38;6.01;5726;953.38
31.01.2017 15:26;953.38;953.38;951.38;953.1;30.37;28901.08;951.76
31.01.2017 15:27;953.1;953.11;953.1;953.11;0.38;361.23;953.1
31.01.2017 15:28;952.75;953.37;952.75;953.37;1.25;1196.07;953.04
31.01.2017 15:29;0;0;0;0;0;0;0
31.01.2017 15:30;953.37;953.37;953.07;953.07;1.05;1002.55;953.37
31.01.2017 15:31;953.06;953.37;953.06;953.37;0.91;868.09;953.2
31.01.2017 15:32;953.37;953.37;953.37;953.37;3.01;2866.96;953.37
31.01.2017 15:33;953.37;953.39;953.37;953.38;1.81;1724.63;953.38
31.01.2017 15:34;953.39;953.52;953.39;953.52;6.17;5886.23;953.39
31.01.2017 15:35;954.11;954.11;953.64;953.64;0.2;189.92;953.76
31.01.2017 15:36;953.64;954.11;953.64;954.11;0.09;86.13;953.94
31.01.2017 15:37;954.11;954.39;953.52;953.52;1.03;979.91;954.26
31.01.2017 15:38;954.01;954.01;954.01;954.01;0.23;215.99;954.01
31.01.2017 15:39;953.55;953.57;953.55;953.57;0.26;243.42;953.55
31.01.2017 15:40;953.7;954.01;953.56;953.56;1.86;1777.81;953.98
31.01.2017 15:41;953.56;953.56;953.56;953.56;7.02;6690.02;953.56
31.01.2017 15:42;953.67;953.81;953.67;953.81;0.83;788.11;953.81
31.01.2017 15:43;953.93;954.82;953.93;954.82;2.98;2842.1;954.29
31.01.2017 15:44;954.01;954.82;954.01;954.82;0.39;376.33;954.78
31.01.2017 15:45;954.05;954.05;954.05;954.05;0.34;324.69;954.05
31.01.2017 15:46;954.04;954.04;954.04;954.04;1.15;1098.42;954.04
31.01.2017 15:47;954;954;953.68;953.68;4.51;4302.49;953.7
31.01.2017 15:48;953.93;953.93;953.83;953.83;0.32;303.28;953.86
31.01.2017 15:49;0;0;0;0;0;0;0
31.01.2017 15:50;954.04;954.04;953.83;953.83;13.45;12825.76;953.83
31.01.2017 15:51;954.04;954.05;954.04;954.05;0.24;230.57;954.05
31.01.2017 15:52;954.08;954.22;954.08;954.22;3.9;3721.32;954.18
31.01.2017 15:53;954.23;954.99;954.23;954.99;2.05;1955.34;954.25
31.01.2017 15:54;954.16;954.16;954.16;954.16;0.02;20.83;954.16
31.01.2017 15:55;954.99;954.99;954.99;954.99;0.1;99.75;954.99
31.01.2017 15:56;0;0;0;0;0;0;0
31.01.2017 15:57;954.99;956.86;954.99;956.86;25.57;24434.04;955.62
31.01.2017 15:58;957;957;956.44;956.44;0.12;112.78;956.92
31.01.2017 15:59;957.03;957.03;957.03;957.03;0.63;599.81;957.03
31.01.2017 16:00;957.79;957.79;957.02;957.02;5.44;5211.22;957.75
31.01.2017 16:01;957.6;957.65;957.6;957.61;2.21;2117.68;957.64
31.01.2017 16:02;957.6;957.74;956.62;956.62;0.44;423.93;957.59
31.01.2017 16:03;956.62;956.62;956.62;956.62;2;1913.24;956.62
31.01.2017 16:04;956.62;956.62;956.62;956.62;1;956.62;956.62
31.01.2017 16:05;956.8;959.99;956.8;959.99;47.05;45119.33;959.03
31.01.2017 16:06;960;960;959.79;960;265.26;254651.71;960
31.01.2017 16:07;960;960;959.03;959.99;43.33;41576.62;959.64
31.01.2017 16:08;959.97;959.97;959.02;959.95;13.35;12818.56;959.97
31.01.2017 16:09;959.59;960.78;959.59;960.3;9.19;8824.89;960.31
31.01.2017 16:10;960.9;961.7;960.9;961.05;8.14;7822.35;961.01
31.01.2017 16:11;961.04;961.04;961.04;961.04;0.2;190.57;961.04
31.01.2017 16:12;961;961;961;961;0.12;114.73;961
31.01.2017 16:13;960.29;960.32;960.29;960.32;5;4801.56;960.31
31.01.2017 16:14;959.41;960.68;957.1;958.32;2.21;2114.37;958.66
31.01.2017 16:15;959.29;960.31;959.29;960.31;1.53;1466.54;959.63
31.01.2017 16:16;960.29;961.29;960.29;961.21;2.61;2509.75;961.06
31.01.2017 16:17;961.29;961.63;961.21;961.63;0.82;787.47;961.4
31.01.2017 16:18;961.63;961.63;961.2;961.2;0.76;727.61;961.42
31.01.2017 16:19;961.54;961.55;961.54;961.55;5.22;5019.24;961.54
31.01.2017 16:20;960.75;960.77;960.21;960.77;1.13;1089.16;960.4
31.01.2017 16:21;959.33;959.33;959.33;959.33;0.06;56.74;959.33
31.01.2017 16:22;961.2;961.2;961.2;961.2;0.01;9.06;961.2
31.01.2017 16:23;0;0;0;0;0;0;0
31.01.2017 16:24;959.59;959.59;959.59;959.59;0.18;173.44;959.59
31.01.2017 16:25;961.21;961.61;961.21;961.61;4.96;4767.54;961.54
31.01.2017 16:26;961.21;961.21;960.39;960.39;2.29;2199.99;960.46
31.01.2017 16:27;0;0;0;0;0;0;0
31.01.2017 16:28;959.93;959.93;959.93;959.93;0.45;429.4;959.93
31.01.2017 16:29;0;0;0;0;0;0;0
31.01.2017 16:30;0;0;0;0;0;0;0
31.01.2017 16:31;959.67;959.67;959.67;959.67;0.01;9.6;959.67
31.01.2017 16:32;959.68;960.23;959.68;959.69;9.88;9477.9;959.72
31.01.2017 16:33;959.69;959.69;959.69;959.69;0.98;940.5;959.69
31.01.2017 16:34;960.27;960.27;960.27;960.27;0.5;480.14;960.27
31.01.2017 16:35;960.27;960.27;960.27;960.27;0.01;5.01;960.27
31.01.2017 16:36;960.27;961.14;960.27;961.14;2.33;2242.72;960.62
31.01.2017 16:37;960.38;961.2;960.38;961.2;10.63;10209.66;960.46
31.01.2017 16:38;961.2;961.2;960.75;960.75;17.37;16695.6;960.97
31.01.2017 16:39;961.2;961.2;960.74;960.74;11.16;10720.78;960.91
31.01.2017 16:40;0;0;0;0;0;0;0
31.01.2017 16:41;960.79;960.94;960.79;960.94;1.17;1126.89;960.93
31.01.2017 16:42;961.21;961.72;961.21;961.72;1;958.94;961.21
31.01.2017 16:43;961.72;961.8;961.21;961.21;0.01;13.48;961.55
31.01.2017 16:44;961.14;961.14;961.02;961.02;2.14;2052.93;961.08
31.01.2017 16:45;961.88;962;961.05;961.89;35.86;34490.41;961.73
31.01.2017 16:46;961.93;961.93;961.03;961.03;8.23;7906.01;961.11
31.01.2017 16:47;961.23;961.23;961.06;961.06;5;4804.18;961.09
31.01.2017 16:48;961.1;961.1;961.1;961.1;9.96;9573.47;961.1
31.01.2017 16:49;961.88;961.88;961;961.1;3.1;2982.62;961.06
31.01.2017 16:50;961.05;961.8;961.05;961.8;10.12;9734.6;961.79
31.01.2017 16:51;0;0;0;0;0;0;0
31.01.2017 16:52;961.05;961.05;961.04;961.04;17.86;17167.11;961.05
31.01.2017 16:53;0;0;0;0;0;0;0
31.01.2017 16:54;961;961.93;960;960;173.58;166781.48;960.82
31.01.2017 16:55;959.83;959.83;959.5;959.5;159.96;153483.26;959.5
31.01.2017 16:56;959.5;959.51;959.5;959.51;16.53;15858.2;959.51
31.01.2017 16:57;959.5;960;959.5;960;232.12;222832.06;959.99
31.01.2017 16:58;960;962.97;960;961.77;159.42;153067.66;960.13
31.01.2017 16:59;961.79;961.79;947.98;950.01;486.68;463540.18;952.45
31.01.2017 17:00;950;957.51;948.49;957.05;73.63;70257.32;954.26
31.01.2017 17:01;957.51;958.51;954.28;957.49;15.09;14453.62;957.6
31.01.2017 17:02;958;958.3;954.58;958.3;11.17;10704.54;958.02
31.01.2017 17:03;954.93;956.8;954.93;956.8;2.73;2612.24;955.46
31.01.2017 17:04;955.1;957.9;954.88;956.22;20.79;19874.3;955.81
31.01.2017 17:05;955.1;956;955.09;956;5.73;5470.2;955.18
31.01.2017 17:06;955.82;957.12;955.01;955.01;1.3;1239.63;956.31
31.01.2017 17:07;955.01;956.43;955.01;955.83;10.66;10192.01;956.1
31.01.2017 17:08;955;955;954;954;57.02;54452.11;954.99
31.01.2017 17:09;953.83;955.43;951;951;35.41;33707.37;951.85
31.01.2017 17:10;951.8;953.74;951;953.74;29.12;27727.96;952.11
31.01.2017 17:11;953.83;954.83;953.83;954.83;0.93;885.27;953.95
31.01.2017 17:12;954.83;954.83;954.42;954.42;0.98;939.99;954.82
31.01.2017 17:13;955.01;955.31;952.68;955.26;4.01;3826.94;954.97
31.01.2017 17:14;954.39;954.39;954.39;954.39;0.15;140.61;954.39
31.01.2017 17:15;954.22;954.39;951.9;953.12;17.8;16951.16;952.18
31.01.2017 17:16;952.76;953.21;951.91;953.17;31.16;29688.62;952.66
31.01.2017 17:17;952.87;953;951.95;953;9.57;9121.18;952.76
31.01.2017 17:18;952.11;953.22;952.11;953.22;0.12;118.76;952.23
31.01.2017 17:19;953.22;953.8;953.22;953.8;0.27;261.75;953.35
31.01.2017 17:20;953.8;953.89;953.8;953.89;0.28;268.98;953.84
31.01.2017 17:21;953.89;953.89;953.89;953.89;0.37;348.17;953.89
31.01.2017 17:22;954.08;954.22;954.08;954.22;0.05;42.97;954.14
31.01.2017 17:23;954.22;955.32;954.22;955.32;20.55;19633.17;955.2
31.01.2017 17:24;955.33;955.83;954.31;954.31;20.23;19328.57;955.6
31.01.2017 17:25;956.42;956.42;956.42;956.42;0.18;174.36;956.42
31.01.2017 17:26;955.78;955.78;954.45;954.45;0.15;144.83;955.09
31.01.2017 17:27;954.45;955.49;954.08;954.08;2.41;2300.4;954.27
31.01.2017 17:28;954.09;954.09;954.09;954.09;0.15;138.46;954.09
31.01.2017 17:29;954.09;955.04;954.09;955.04;5;4773.52;954.7
31.01.2017 17:30;954.46;955.84;954.46;955.84;10.32;9863.85;955.8
31.01.2017 17:31;0;0;0;0;0;0;0
31.01.2017 17:32;0;0;0;0;0;0;0
31.01.2017 17:33;955.45;955.45;955.11;955.45;4.26;4070.26;955.45
31.01.2017 17:34;954.05;955.41;952.16;954;57.07;54428.09;953.71
31.01.2017 17:35;953.74;953.92;953.68;953.88;15.03;14334.69;953.8
31.01.2017 17:36;952.29;953.63;952.29;953.63;3.36;3205.8;953.01
31.01.2017 17:37;953.7;953.7;952.33;952.35;5.04;4805.64;953.69
31.01.2017 17:38;953.23;954;952.72;953.98;1.33;1269.29;953.74
31.01.2017 17:39;953.7;953.7;951.45;952.4;3.95;3767.67;952.66
31.01.2017 17:40;952.76;952.76;952.49;952.71;3.11;2959.29;952.74
31.01.2017 17:41;951.45;951.8;948.06;948.59;68.61;65172.27;949.83
31.01.2017 17:42;949.75;950.54;948.6;949.6;8.45;8025.88;949.4
31.01.2017 17:43;948.59;950.94;948.38;950.94;13.12;12468.64;950.08
31.01.2017 17:44;950.49;951;950.49;951;30.36;28860.55;950.74
31.01.2017 17:45;951.35;951.35;951.35;951.35;0.13;120.14;951.35
31.01.2017 17:46;951.45;951.85;951.45;951.85;7.81;7435.54;951.81
31.01.2017 17:47;952.44;952.63;952.44;952.63;2.19;2082.07;952.55
31.01.2017 17:48;952.63;952.63;951.51;951.51;2.28;2167.01;952.53
31.01.2017 17:49;951.69;952.63;951.69;952.63;0.21;196.37;952.6
31.01.2017 17:50;952.64;952.64;952.64;952.64;0.07;66.68;952.64
31.01.2017 17:51;952.64;952.64;952.64;952.64;0;0.95;952.64
31.01.2017 17:52;952.99;953.45;952.99;953.45;0.35;333.58;953.36
31.01.2017 17:53;952.99;952.99;952.64;952.64;0.13;128.08;952.69
31.01.2017 17:54;0;0;0;0;0;0;0
31.01.2017 17:55;953.45;953.99;952.72;952.72;15.59;14854.66;952.74
31.01.2017 17:56;952.65;952.72;952.65;952.72;15.48;14752.26;952.7
31.01.2017 17:57;952.72;953.98;952.72;953.98;5.26;5016.07;952.92
31.01.2017 17:58;952.65;952.65;952.65;952.65;2.45;2334.36;952.65
31.01.2017 17:59;0;0;0;0;0;0;0
31.01.2017 18:00;953.22;953.22;953.22;953.22;0.02;22.88;953.22
31.01.2017 18:01;953.2;953.2;953.2;953.2;2;1906.4;953.2
31.01.2017 18:02;953.02;953.02;953.02;953.02;0.32;305.04;953.02
31.01.2017 18:03;953.23;953.23;953.23;953.23;15.23;14521.63;953.23
31.01.2017 18:04;953.32;954.45;953.32;954.45;13.78;13142.13;953.99
31.01.2017 18:05;954.01;954.45;954.01;954.45;0.32;304.49;954.04
31.01.2017 18:06;954.45;954.95;953.39;953.39;6.18;5896.81;954.4
31.01.2017 18:07;953.58;953.58;953.58;953.58;0.04;36.46;953.58
31.01.2017 18:08;954.61;954.72;954.55;954.72;10.01;9556.17;954.72
31.01.2017 18:09;954.62;954.63;954.61;954.61;1.36;1301.24;954.61
31.01.2017 18:10;953.83;954.6;953.83;954.59;0.32;301.01;954.55
31.01.2017 18:11;954.36;954.6;954.01;954.34;16.1;15365.05;954.35
31.01.2017 18:12;954.7;954.81;954.7;954.79;27.03;25805.87;954.81
31.01.2017 18:13;954.78;954.81;954.78;954.81;11.28;10772.2;954.8
31.01.2017 18:14;954.81;954.81;954.81;954.81;1.12;1070.29;954.81
31.01.2017 18:15;954.79;954.81;954.6;954.81;2.63;2514.17;954.72
31.01.2017 18:16;954.81;954.81;954.81;954.81;0.32;302.87;954.81
31.01.2017 18:17;954.81;954.81;954.81;954.81;7.6;7252.59;954.81
31.01.2017 18:18;954.81;954.81;954.81;954.81;0.56;535.59;954.81
31.01.2017 18:19;954.81;954.81;954.81;954.81;0.3;282.92;954.81
31.01.2017 18:20;954.6;954.6;954.6;954.6;0.01;8.31;954.6
31.01.2017 18:21;954.81;954.95;954.81;954.95;1.73;1648.67;954.81
31.01.2017 18:22;954.95;954.99;954.2;954.2;1.17;1120.92;954.64
31.01.2017 18:23;954.99;955;954.99;955;7.07;6749.97;955
31.01.2017 18:24;955;955;955;955;2.12;2023.78;955
31.01.2017 18:25;954.99;956.09;954.99;956.09;44.33;42366.1;955.64
31.01.2017 18:26;956.09;956.35;956.09;956.09;0.59;566.74;956.14
31.01.2017 18:27;956.35;956.39;956.35;956.39;0.34;322.98;956.39
31.01.2017 18:28;956.39;956.39;956.3;956.3;1.08;1030.91;956.31
31.01.2017 18:29;956.3;956.3;956.3;956.3;0.05;46.05;956.3
31.01.2017 18:30;956.3;956.3;956.3;956.3;0.02;20.08;956.3
31.01.2017 18:31;956.3;956.39;956.3;956.39;0.29;275.44;956.38
31.01.2017 18:32;956.39;956.39;956.39;956.39;0.63;603.48;956.39
31.01.2017 18:33;956.39;956.39;955.8;956.39;0.37;353.13;956.23
31.01.2017 18:34;956.39;956.39;956.39;956.39;0.09;81.29;956.39
31.01.2017 18:35;955.67;956.39;955.67;956.39;0.17;159.15;955.84
31.01.2017 18:36;956.38;956.78;956.03;956.03;33.9;32407.69;956.11
31.01.2017 18:37;956.76;956.77;955.39;956.77;1.13;1081.8;956.72
31.01.2017 18:38;956.69;956.69;956.69;956.69;10.48;10030.2;956.69
31.01.2017 18:39;956.76;956.76;956.76;956.76;2.66;2544.38;956.76
31.01.2017 18:40;956.76;956.76;956.76;956.76;0.26;250.67;956.76
31.01.2017 18:41;956.78;956.78;955.71;956.78;1.35;1292.5;955.99
31.01.2017 18:42;956.78;956.78;956.78;956.78;1.16;1112.7;956.78
31.01.2017 18:43;955.64;955.64;955.63;955.63;15;14334.6;955.64
31.01.2017 18:44;956.76;956.78;955.38;956.78;0.44;424.22;956.01
31.01.2017 18:45;0;0;0;0;0;0;0
31.01.2017 18:46;955.52;955.52;955.52;955.52;0.06;56.38;955.52
31.01.2017 18:47;955.52;955.52;955.52;955.52;0.08;79.23;955.52
31.01.2017 18:48;955.52;955.52;955.52;955.52;0.02;19.04;955.52
31.01.2017 18:49;955.52;955.84;955.52;955.84;0.08;73.59;955.65
31.01.2017 18:50;0;0;0;0;0;0;0
31.01.2017 18:51;955.84;956.77;955.84;956.77;3.03;2894.36;956.77
31.01.2017 18:52;956.77;956.77;956.77;956.77;0.37;350.18;956.77
31.01.2017 18:53;955.4;956.77;955.4;956.77;0.11;105.71;956.42
31.01.2017 18:54;956.77;956.77;956.77;956.77;0.2;190.4;956.77
31.01.2017 18:55;956.77;956.77;956.5;956.5;0.46;444.39;956.52
31.01.2017 18:56;956.49;956.49;955.49;955.49;0.2;192.13;955.87
31.01.2017 18:57;956.49;956.76;956.49;956.76;20.28;19396.3;956.49
31.01.2017 18:58;956.76;956.76;956.76;956.76;0.02;19.14;956.76
31.01.2017 18:59;955.79;955.79;955.79;955.79;1.1;1050.15;955.79
31.01.2017 19:00;956.67;956.67;956.67;956.67;0.03;28.7;956.67
31.01.2017 19:01;956.67;956.67;956.67;956.67;0.08;80.36;956.67
31.01.2017 19:02;956.67;956.67;955.89;956.59;0.13;121.47;956.47
31.01.2017 19:03;956.42;956.42;956.37;956.37;0.25;239.09;956.37
31.01.2017 19:04;956.32;956.32;956.29;956.29;0.32;306.52;956.29
31.01.2017 19:05;956.53;956.53;956.37;956.37;0.49;467.35;956.45
31.01.2017 19:06;956.34;956.34;956.34;956.34;0.95;908.62;956.34
31.01.2017 19:07;956.57;956.57;956.33;956.33;3.05;2917.43;956.53
31.01.2017 19:08;956.26;956.26;956.26;956.26;0.35;334.69;956.26
31.01.2017 19:09;956.67;956.67;956.67;956.67;1.12;1071.47;956.67
31.01.2017 19:10;956.48;956.67;955.46;955.46;0.6;577.1;956.07
31.01.2017 19:11;956.65;956.65;956.65;956.65;0.07;65.05;956.65
31.01.2017 19:12;956.67;956.67;956.62;956.62;1.91;1823.64;956.67
31.01.2017 19:13;956.62;956.62;956.62;956.62;0.24;228.34;956.62
31.01.2017 19:14;955.46;955.46;955.46;955.46;0.82;780.71;955.46
31.01.2017 19:15;956.55;956.55;956.55;956.55;1.27;1215.64;956.55
31.01.2017 19:16;955.46;956.14;954.06;954.06;1.66;1587.32;954.79
31.01.2017 19:17;954.73;954.73;954.7;954.7;33.66;32140.1;954.73
31.01.2017 19:18;954.7;954.7;954.7;954.7;0.22;214.8;954.7
31.01.2017 19:19;954.1;954.7;954;954.7;15.16;14461.25;954.1
31.01.2017 19:20;0;0;0;0;0;0;0
31.01.2017 19:21;954.01;954.53;954.01;954.45;11.66;11131.56;954.44
31.01.2017 19:22;954.45;954.65;954.02;954.61;5.22;4984.48;954.44
31.01.2017 19:23;954.59;954.59;954.01;954.01;0.04;33.9;954.42
31.01.2017 19:24;0;0;0;0;0;0;0
31.01.2017 19:25;954.59;954.59;954.59;954.59;0.01;10.28;954.59
31.01.2017 19:26;954.59;954.59;954.59;954.59;0.01;10.5;954.59
31.01.2017 19:27;954.07;954.67;954.07;954.67;0.6;575.31;954.08
31.01.2017 19:28;954.64;954.64;954.64;954.64;0.19;181.76;954.64
31.01.2017 19:29;954.02;954.69;954.02;954.69;2.06;1962.06;954.03
31.01.2017 19:30;954.7;954.7;954.7;954.7;0.13;123.28;954.7
31.01.2017 19:31;954.46;954.74;954.45;954.74;12.08;11526.01;954.46
31.01.2017 19:32;954.71;954.77;954.71;954.71;1.66;1588.65;954.72
31.01.2017 19:33;954.71;954.71;954.71;954.71;0.2;193.25;954.71
31.01.2017 19:34;954.77;954.77;954.77;954.77;0.11;101.21;954.77
31.01.2017 19:35;954.71;954.71;954.71;954.71;0.87;826.52;954.71
31.01.2017 19:36;954.71;954.71;954.71;954.71;0.48;455.87;954.71
31.01.2017 19:37;954.71;954.71;954.7;954.71;0.71;677.35;954.71
31.01.2017 19:38;954.77;955.72;954.71;955.69;8.43;8050.1;954.89
31.01.2017 19:39;955.67;955.67;955.67;955.67;0.79;753.5;955.67
31.01.2017 19:40;955.67;955.67;955.61;955.61;0.12;110.47;955.67
31.01.2017 19:41;0;0;0;0;0;0;0
31.01.2017 19:42;954.71;955.63;954.71;955.63;1.02;971.04;954.81
31.01.2017 19:43;955.5;955.62;955.5;955.5;4.44;4238.35;955.5
31.01.2017 19:44;0;0;0;0;0;0;0
31.01.2017 19:45;955.58;955.71;955.58;955.71;0.17;161.5;955.61
31.01.2017 19:46;955.65;955.71;955.65;955.71;0.03;29.63;955.69
31.01.2017 19:47;0;0;0;0;0;0;0
31.01.2017 19:48;955.65;955.66;953.84;955.66;3.32;3164.47;954.44
31.01.2017 19:49;955.65;955.65;955.65;955.65;0.8;763.56;955.65
31.01.2017 19:50;954;954;954;954;1.25;1190.82;954
31.01.2017 19:51;954;954;953.92;953.92;8.76;8353.06;953.92
31.01.2017 19:52;953.93;954.34;953.93;953.93;1.2;1141.17;954.03
31.01.2017 19:53;953.93;954.34;953.93;954.34;0.24;232.42;954.33
31.01.2017 19:54;954.34;955.27;954.34;955.27;0.48;460.59;954.64
31.01.2017 19:55;955;955;955;955;1.81;1728.27;955
31.01.2017 19:56;954.96;954.96;954.34;954.34;2.67;2546.17;954.38
31.01.2017 19:57;954.24;954.24;954.04;954.05;7.65;7296.65;954.08
31.01.2017 19:58;953.81;954.32;953.73;954.32;4.28;4086.84;953.82
31.01.2017 19:59;954.3;954.3;954.26;954.26;3.13;2986.19;954.27
31.01.2017 20:00;954.22;954.22;954.22;954.22;0.02;15.27;954.22
31.01.2017 20:01;954.22;954.22;953.72;953.72;0.19;176.83;954.12
31.01.2017 20:02;954.22;954.22;954.22;954.22;0.11;107.99;954.22
31.01.2017 20:03;954.22;954.22;954.22;954.22;0.2;191.97;954.22
31.01.2017 20:04;0;0;0;0;0;0;0
31.01.2017 20:05;954.22;954.32;953.92;954.32;0.5;475.24;954.25
31.01.2017 20:06;954.26;954.26;954.23;954.23;0.2;195.43;954.24
31.01.2017 20:07;954.26;954.26;953.96;954.26;11.98;11436.03;954.25
31.01.2017 20:08;954.26;954.26;954.26;954.26;0.03;27.41;954.26
31.01.2017 20:09;953.73;953.73;953.73;953.73;0.05;43.45;953.73
31.01.2017 20:10;953.73;954.32;953.73;954.32;10.43;9951.52;953.75
31.01.2017 20:11;0;0;0;0;0;0;0
31.01.2017 20:12;953.93;953.93;953.93;953.93;0.73;700.47;953.93
31.01.2017 20:13;954.29;954.29;954.29;954.29;0.22;213.79;954.29
31.01.2017 20:14;953.72;953.72;953.69;953.69;0.55;520.03;953.72
31.01.2017 20:15;953.74;953.74;953.74;953.74;0.08;71.97;953.74
31.01.2017 20:16;953.25;953.66;952.76;953.66;1.53;1459.61;952.85
31.01.2017 20:17;0;0;0;0;0;0;0
31.01.2017 20:18;952.81;953.58;952.81;953.02;0.99;946.71;953.16
31.01.2017 20:19;953.44;953.44;953.11;953.11;1.84;1754.36;953.15
31.01.2017 20:20;953.1;953.37;953;953.37;3.07;2923.07;953.04
31.01.2017 20:21;952.81;952.81;952.75;952.75;20;19055.77;952.79
31.01.2017 20:22;953;953;953;953;2;1906;953
31.01.2017 20:23;0;0;0;0;0;0;0
31.01.2017 20:24;953.3;953.3;952.64;952.64;9.98;9505.84;952.77
31.01.2017 20:25;952.91;952.91;951.45;951.45;0.89;844.49;952.14
31.01.2017 20:26;0;0;0;0;0;0;0
31.01.2017 20:27;951.45;951.45;950.72;950.72;5.14;4889.5;950.93
31.01.2017 20:28;951.99;951.99;951.99;951.99;0.15;142.8;951.99
31.01.2017 20:29;951.72;951.72;951.55;951.55;1.19;1132.85;951.71
31.01.2017 20:30;951.64;951.65;951.64;951.65;0.12;110.39;951.64
31.01.2017 20:31;951.64;951.64;950.37;951.63;5.04;4795.07;951.19
31.01.2017 20:32;950.26;951.42;950.25;951.42;20.1;19097.18;950.26
31.01.2017 20:33;951.01;951.01;951.01;951.01;0.05;45.19;951.01
31.01.2017 20:34;950.87;950.95;950;950;1.95;1855.29;950.03
31.01.2017 20:35;950.8;950.89;950.8;950.89;1.98;1880.52;950.81
31.01.2017 20:36;950.86;950.86;950.8;950.8;0.17;165.44;950.82
31.01.2017 20:37;950.81;950.81;950.81;950.81;0.57;538.04;950.81
31.01.2017 20:38;950.81;950.81;950.81;950.81;2.12;2011.15;950.81
31.01.2017 20:39;950.8;950.81;950.01;950.01;4.36;4139.27;950.17
31.01.2017 20:40;950.76;950.81;950.01;950.81;11.34;10777.46;950.03
31.01.2017 20:41;950.81;950.81;950.02;950.02;0.07;66.53;950.47
31.01.2017 20:42;950.81;950.89;950.81;950.89;0.19;181.23;950.85
31.01.2017 20:43;950.18;950.89;950.18;950.89;0.19;182.26;950.51
31.01.2017 20:44;950.9;950.9;950.9;950.9;0.04;38.99;950.9
31.01.2017 20:45;951.07;951.18;950.1;950.1;0.53;507.66;950.16
31.01.2017 20:46;0;0;0;0;0;0;0
31.01.2017 20:47;0;0;0;0;0;0;0
31.01.2017 20:48;0;0;0;0;0;0;0
31.01.2017 20:49;950.11;950.11;950.11;950.11;1.47;1394.15;950.11
31.01.2017 20:50;950.1;950.1;950;950.1;4.4;4180.01;950.06
31.01.2017 20:51;950.11;951.18;950.11;951.16;2;1904;950.44
31.01.2017 20:52;951.16;951.16;951.16;951.16;1.04;988.74;951.16
31.01.2017 20:53;951.16;951.16;951.16;951.16;0.06;59.42;951.16
31.01.2017 20:54;951.15;951.15;951.15;951.15;25;23778.75;951.15
31.01.2017 20:55;0;0;0;0;0;0;0
31.01.2017 20:56;0;0;0;0;0;0;0
31.01.2017 20:57;951.13;951.13;951.13;951.13;0.04;33.29;951.13
31.01.2017 20:58;951.13;951.13;951.13;951.13;0.1;97.97;951.13
31.01.2017 20:59;0;0;0;0;0;0;0
31.01.2017 21:00;951.12;951.12;951.1;951.1;0.13;125.87;951.11
31.01.2017 21:01;951.1;953.15;951.1;953.15;26.18;24940.14;952.63
31.01.2017 21:02;951.16;951.16;951.16;951.16;0.12;114.08;951.16
31.01.2017 21:03;951.2;951.2;951.11;951.11;1.1;1046.26;951.15
31.01.2017 21:04;0;0;0;0;0;0;0
31.01.2017 21:05;952.12;952.98;952.12;952.98;1.09;1039.73;952.13
31.01.2017 21:06;953.1;953.19;953.01;953.01;4.41;4198.28;953.03
31.01.2017 21:07;953.01;953.18;953.01;953.18;1.08;1027.95;953.06
31.01.2017 21:08;953.13;953.13;953.13;953.13;0.4;381.25;953.13
31.01.2017 21:09;951.68;951.68;951.68;951.68;0.34;326.62;951.68
31.01.2017 21:10;952.59;952.71;952.59;952.71;0.14;130.03;952.67
31.01.2017 21:11;952.71;952.71;952.69;952.69;4.58;4360.39;952.69
31.01.2017 21:12;952.71;953.01;952.71;952.72;3.7;3522.38;952.77
31.01.2017 21:13;952.81;953.1;952.81;953.1;1.02;973.61;952.93
31.01.2017 21:14;952.8;952.8;952.8;952.8;0.18;170.55;952.8
31.01.2017 21:15;952.68;952.68;952.68;952.68;0.2;189.58;952.68
31.01.2017 21:16;951.7;952.68;951;952.68;115.06;109445.92;951.19
31.01.2017 21:17;952.68;952.68;952.03;952.03;0.83;792.31;952.04
31.01.2017 21:18;952.67;952.68;952.67;952.68;1.07;1018.1;952.67
31.01.2017 21:19;952.56;952.8;952.56;952.8;2.05;1957;952.58
31.01.2017 21:20;0;0;0;0;0;0;0
31.01.2017 21:21;951.17;952.65;951.17;952.14;5.25;5002.24;952.11
31.01.2017 21:22;952.09;952.09;951.99;951.99;0.56;531.43;952.06
31.01.2017 21:23;952.14;952.14;952.14;952.14;0.01;10.84;952.14
31.01.2017 21:24;0;0;0;0;0;0;0
31.01.2017 21:25;952;952;952;952;0.03;27.61;952
31.01.2017 21:26;0;0;0;0;0;0;0
31.01.2017 21:27;952;952;952;952;0.15;141.73;952
31.01.2017 21:28;951.99;952;951.99;952;1.34;1275.73;951.99
31.01.2017 21:29;951.99;951.99;951.99;951.99;0.1;90.44;951.99
31.01.2017 21:30;952;952;952;952;0.02;22.85;952
31.01.2017 21:31;952;952;952;952;0.32;309.16;952
31.01.2017 21:32;952;952;952;952;0.03;32.98;952
31.01.2017 21:33;0;0;0;0;0;0;0
31.01.2017 21:34;952;952;952;952;0.61;584.84;952
31.01.2017 21:35;952.79;952.79;952.79;952.79;0.02;19.06;952.79
31.01.2017 21:36;0;0;0;0;0;0;0
31.01.2017 21:37;952.79;952.79;952.79;952.79;0.01;5.05;952.79
31.01.2017 21:38;0;0;0;0;0;0;0
31.01.2017 21:39;0;0;0;0;0;0;0
31.01.2017 21:40;952.79;954.37;952.79;953.89;10.68;10183.73;953.68
31.01.2017 21:41;953.89;953.89;953.89;953.89;0.38;358.69;953.89
31.01.2017 21:42;0;0;0;0;0;0;0
31.01.2017 21:43;0;0;0;0;0;0;0
31.01.2017 21:44;954.33;954.33;954.33;954.33;2.66;2534.28;954.33
31.01.2017 21:45;954.38;954.72;954.38;954.72;0.49;468.34;954.64
31.01.2017 21:46;954.72;954.72;954.72;954.72;0.16;156;954.72
31.01.2017 21:47;954.9;958.3;954.9;957.53;6.06;5801.43;957.02
31.01.2017 21:48;958.38;958.38;958.38;958.38;0.33;315.31;958.38
31.01.2017 21:49;957.26;957.26;957;957;2.06;1968.58;957.13
31.01.2017 21:50;957.57;957.57;957.57;957.57;0.01;11.49;957.57
31.01.2017 21:51;957;957;956.22;956.22;0.54;516.39;956.28
31.01.2017 21:52;956.22;956.22;956.22;956.22;0.27;256.43;956.22
31.01.2017 21:53;956.56;956.56;956.45;956.45;6.05;5791.02;956.45
31.01.2017 21:54;956.5;956.56;956.49;956.56;1.4;1339.09;956.49
31.01.2017 21:55;956.53;956.56;956.53;956.56;0.06;57.39;956.54
31.01.2017 21:56;956.56;957.22;956.56;957.22;1.16;1112.6;956.75
31.01.2017 21:57;0;0;0;0;0;0;0
31.01.2017 21:58;956.61;957.83;956.59;957.83;9.5;9093.74;957.66
31.01.2017 21:59;957.83;957.86;957.83;957.86;1.1;1055.68;957.84
31.01.2017 22:00;957.26;957.85;957.26;957.85;0.53;505.31;957.27
31.01.2017 22:01;957.44;957.44;957.44;957.44;0.02;14.36;957.44
31.01.2017 22:02;957.5;958.22;957.5;958.22;4.24;4061.81;957.67
31.01.2017 22:03;958.5;958.5;958.5;958.5;1.04;997.51;958.5
31.01.2017 22:04;958.5;958.51;958.5;958.51;0.51;488.3;958.51
31.01.2017 22:05;958.63;959.92;958.63;959.29;10.52;10092.63;959.62
31.01.2017 22:06;0;0;0;0;0;0;0
31.01.2017 22:07;0;0;0;0;0;0;0
31.01.2017 22:08;0;0;0;0;0;0;0
31.01.2017 22:09;0;0;0;0;0;0;0
31.01.2017 22:10;959.29;959.86;959.29;959.29;0.54;519.21;959.42
31.01.2017 22:11;959.29;959.29;958.42;958.42;2.53;2431.24;959.12
31.01.2017 22:12;957.72;959.06;957.72;959.06;1.17;1122.51;957.93
31.01.2017 22:13;0;0;0;0;0;0;0
31.01.2017 22:14;0;0;0;0;0;0;0
31.01.2017 22:15;958.59;958.73;958.59;958.73;0.38;365.4;958.61
31.01.2017 22:16;957.67;957.67;957.67;957.67;15;14365.05;957.67
31.01.2017 22:17;957.47;957.47;957.47;957.47;0.02;14.36;957.47
31.01.2017 22:18;958.59;958.72;958.53;958.72;2.16;2072.15;958.57
31.01.2017 22:19;958.72;958.72;958.72;958.72;0.05;52.48;958.72
31.01.2017 22:20;958.71;958.71;958.71;958.71;0.26;249.4;958.71
31.01.2017 22:21;958.73;959.42;958.73;959.18;1.09;1043.35;959.1
31.01.2017 22:22;959.89;960.27;959.69;960.27;24.51;23535.15;960.16
31.01.2017 22:23;960.25;960.27;960.25;960.27;23.99;23036.6;960.26
31.01.2017 22:24;960.27;960.27;960.27;960.27;8.94;8589.59;960.27
31.01.2017 22:25;960.27;961.81;960.26;961.69;95.46;91687.66;960.47
31.01.2017 22:26;961.13;963.37;961.13;963.37;12.98;12492.84;962.44
31.01.2017 22:27;962.39;964.99;962.39;964.99;12.33;11893.56;964.34
31.01.2017 22:28;964.99;965.09;964.23;965.09;25.01;24137.53;965
31.01.2017 22:29;965.09;965.94;965.09;965.24;3.84;3710.34;965.86
31.01.2017 22:30;965.27;965.35;965.27;965.35;0.1;94.7;965.34
31.01.2017 22:31;965.23;965.9;965.01;965.9;1.26;1214.8;965.36
31.01.2017 22:32;965.08;966.53;965.08;966.53;13.32;12866.15;966.03
31.01.2017 22:33;966.54;968;966.54;968;47.86;46313.18;967.68
31.01.2017 22:34;968.03;970;968.03;970;20.05;19437.77;969.54
31.01.2017 22:35;969.4;970;969.4;969.55;48.36;46909.69;969.92
31.01.2017 22:36;969.44;969.44;968.44;968.44;6.2;6013.72;969.39
31.01.2017 22:37;968.46;969.94;968.46;968.46;6.38;6182.72;969.29
31.01.2017 22:38;968.49;969.9;968.49;969.9;12.16;11789.8;969.9
31.01.2017 22:39;969.4;969.9;968.45;969.9;13.82;13380.85;968.54
31.01.2017 22:40;969.35;969.35;969.35;969.35;0.01;13.57;969.35
31.01.2017 22:41;969.16;969.51;968.4;968.4;10.78;10441.62;968.47
31.01.2017 22:42;968.36;968.36;965.19;965.19;14.95;14451.11;966.42
31.01.2017 22:43;965.98;966.01;965.94;965.94;1.42;1368.16;965.94
31.01.2017 22:44;965.19;965.98;965.19;965.27;0.2;195.4;965.76
31.01.2017 22:45;965.29;967;965.22;967;2.47;2388.01;965.78
31.01.2017 22:46;966.56;967.3;966.56;967.3;1.54;1489.05;966.85
31.01.2017 22:47;967.3;968.2;967.3;968.2;0.03;28.22;967.92
31.01.2017 22:48;968.28;968.28;968.28;968.28;0.01;10.2;968.28
31.01.2017 22:49;967.31;967.86;967.31;967.85;2;1931.55;967.82
31.01.2017 22:50;967.85;967.85;967.65;967.65;0.59;572.57;967.78
31.01.2017 22:51;967.3;967.65;966.54;966.55;1.14;1097.17;966.67
31.01.2017 22:52;966.13;966.13;963.55;966;100.03;96489.86;964.61
31.01.2017 22:53;966;966.63;965.49;966.63;2.34;2262.54;966.32
31.01.2017 22:54;964.69;965.68;962.99;965.68;103.98;100168.88;963.33
31.01.2017 22:55;962.7;962.7;962.43;962.43;2.27;2185.89;962.58
31.01.2017 22:56;964.01;964.01;963.51;963.51;4.89;4710.81;963.64
31.01.2017 22:57;963.6;963.6;963.6;963.6;0.26;247.65;963.6
31.01.2017 22:58;963.99;964.42;963.59;963.6;4.29;4129.88;963.63
31.01.2017 22:59;963.6;963.6;963.6;963.6;0.18;173.54;963.6
31.01.2017 23:00;963.6;964.52;963.6;964.52;0.22;215.05;964.35
31.01.2017 23:01;964.52;964.52;964.03;964.03;0.4;387.67;964.26
31.01.2017 23:02;963.64;964.52;963.64;964.51;1.04;1001.02;963.67
31.01.2017 23:03;964.3;964.3;964.3;964.3;1.49;1436.81;964.3
31.01.2017 23:04;0;0;0;0;0;0;0
31.01.2017 23:05;963.03;964.45;962.54;964.45;1.07;1030.61;962.99
31.01.2017 23:06;964.48;964.48;962.1;962.1;0.6;580.18;962.55
31.01.2017 23:07;963.52;964.13;963.52;964.13;0.98;944.04;963.81
31.01.2017 23:08;0;0;0;0;0;0;0
31.01.2017 23:09;0;0;0;0;0;0;0
31.01.2017 23:10;0;0;0;0;0;0;0
31.01.2017 23:11;962.03;962.03;962.03;962.03;0.18;176.09;962.03
31.01.2017 23:12;963.04;963.04;963.04;963.04;0.01;11.56;963.04
31.01.2017 23:13;963.04;963.04;962.01;962.99;0.91;875.43;962.11
31.01.2017 23:14;962.45;962.45;962.01;962.45;0.56;535.25;962.05
31.01.2017 23:15;962.45;965.19;962.01;965.19;10.64;10250.85;963.33
31.01.2017 23:16;965.03;965.03;963.79;963.79;0.07;65.56;964.12
31.01.2017 23:17;964.16;964.16;963.65;963.65;0.28;272.52;963.93
31.01.2017 23:18;963.79;965.01;963.79;965.01;0.46;439.98;964.73
31.01.2017 23:19;965.94;965.94;964.78;964.78;20.5;19801.19;965.91
31.01.2017 23:20;965.13;965.63;965.13;965.63;0.44;428.31;965.15
31.01.2017 23:21;964.65;964.65;963.85;963.86;0.23;220.31;964.02
31.01.2017 23:22;965.73;965.73;965.73;965.73;0.01;8.69;965.73
31.01.2017 23:23;963.84;965.23;963.79;963.79;0.2;190.98;963.84
31.01.2017 23:24;965.09;965.09;965.09;965.09;0.26;249.38;965.09
31.01.2017 23:25;963.85;963.87;963.85;963.87;0.17;159.19;963.86
31.01.2017 23:26;0;0;0;0;0;0;0
31.01.2017 23:27;965;965;965;965;0.1;96.21;965
31.01.2017 23:28;965;965.01;965;965.01;3.5;3374.8;965.01
31.01.2017 23:29;965.05;965.5;965.01;965.01;2.01;1941.46;965.45
31.01.2017 23:30;965.06;966.36;965.06;966.36;21.35;20624.27;966.01
31.01.2017 23:31;966.61;967.86;966.61;967.77;45.05;43600.54;967.81
31.01.2017 23:32;967.76;967.86;967.75;967.86;26.52;25667.82;967.8
31.01.2017 23:33;967.85;967.86;967.21;967.83;5.01;4853.76;967.85
31.01.2017 23:34;965.7;967.41;965.7;967.41;5.42;5243.71;967.3
31.01.2017 23:35;967.44;967.44;966.08;967.07;4.26;4116.43;967.21
31.01.2017 23:36;0;0;0;0;0;0;0
31.01.2017 23:37;0;0;0;0;0;0;0
31.01.2017 23:38;966.65;966.8;966.65;966.8;0.21;203.03;966.79
31.01.2017 23:39;967.51;967.75;966.88;967.46;14.64;14161.46;967.18
31.01.2017 23:40;0;0;0;0;0;0;0
31.01.2017 23:41;967.2;967.55;966.2;966.24;2.18;2105.4;966.58
31.01.2017 23:42;966.24;966.24;964.43;964.43;36.77;35526.47;966.09
31.01.2017 23:43;963.43;963.43;963;963.01;5.06;4872.91;963.04
31.01.2017 23:44;963.01;963.2;963.01;963.2;1.04;997.56;963.02
31.01.2017 23:45;964;964;963.02;963.02;1.08;1037.99;963.56
31.01.2017 23:46;963.02;963.02;963.01;963.02;1.06;1016.94;963.01
31.01.2017 23:47;963.02;964.09;963;963;0.89;860.91;963.32
31.01.2017 23:48;964.1;964.1;964.1;964.1;0.11;109.95;964.1
31.01.2017 23:49;964.06;964.06;963.99;963.99;2.41;2321.58;964.04
31.01.2017 23:50;964.1;964.1;963.09;964.1;2.13;2056.58;964.03
31.01.2017 23:51;0;0;0;0;0;0;0
31.01.2017 23:52;0;0;0;0;0;0;0
31.01.2017 23:53;963.02;964.08;963.02;964.08;0.73;705.32;963.09
31.01.2017 23:54;964.08;964.08;964.08;964.08;11.74;11315.86;964.08
31.01.2017 23:55;964.08;964.08;964.08;964.08;0.74;716.27;964.08
31.01.2017 23:56;964.09;964.09;964.09;964.09;0.01;6.75;964.09
31.01.2017 23:57;0;0;0;0;0;0;0
31.01.2017 23:58;964.08;964.08;964.08;964.08;0.14;136.78;964.08
31.01.2017 23:59;964.08;964.08;963.99;963.99;2.65;2557.39;963.99